case_id,status,skip_reason,stage,pattern,pass_order,cache_state,B,H,Q,topk,warmup,repeat,seed,timestamp,setup_alloc_ms,setup_quant_ms,latency_ms_median,latency_ms_p5,latency_ms_p95,latency_ms_mean,latency_ms_std,tflops,pairs,flops,achieved_adjacent_overlap,unique_kv,reuse_factor,selected_kv_working_set_bytes,selected_kv_working_set_vs_l2,c4_consecutive_fraction,trace_rows,hidden_layer_ids,setup_indices_ms,peak_mem_alloc_bytes,temp_c_before,power_w_before,sm_clock_mhz_before,mem_clock_mhz_before,temp_c_after,power_w_after,sm_clock_mhz_after,mem_clock_mhz_after
b128_h16384_q1024_csa_trace_replay_ascending_steady,ok,,full,csa_trace_replay,ascending,steady,128,16384,1024,2048,10,30,20260803,2026-08-11T10:38:23.624659+00:00,1.6096308827400208,55.473554879426956,77.43545532226562,73.22006225585938,78.64044952392578,76.68106536865234,1.9465247343245462,482.7684577924197,268435456,37383395344384,0.6848376321652767,1788928,150.05380652547223,1030422528,19.65375,0.5317408940563464,"[8,0,5,19,3,8,0,5,19,3,8,0,5,19,3,8,0,5,19,3,8,0,5,19,3,8,0,5,19,3,8,0,5,19,3,8,0,5,19,3,8,0,5,19,3,8,0,5,19,3,8,0,5,19,3,8,0,5,19,3,8,0,5,19,3,8,0,5,19,3,8,0,5,19,3,8,0,5,19,3,8,0,5,19,3,8,0,5,19,3,8,0,5,19,3,8,0,5,19,3,8,0,5,19,3,8,0,5,19,3,8,0,5,19,3,8,0,5,19,3,8,0,5,19,3,8,0,5]","[2,10,16,22,30,36,2,8,14,22,28,36,42,6,14,20,28,34,40,6,12,20,26,32,40,4,12,18,24,32,38,4,10,16,24,30,38,2,8,16,22,30,36,42,8,14,22,28,34,42,6,14,20,26,34,40,6,12,18,26,32,40,4,10,18,24,32,38,2,10,16,24,30,36,2,8,16,22,28,36,42,8,14,20,28,34,42,6,12,20,26,34,40,4,12,18,26,32,38,4,10,18,24,30,38,2,10,16,22,30,36,2,8,14,22,28,36,42,6,14,20,28,34,40,6,12,20,26]",5408.561453223228,19404999680,53.0,112.17,1695.0,1593.0,54.0,330.77,1695.0,1593.0
b128_h16384_q1024_csa_trace_replay_descending_steady,ok,,full,csa_trace_replay,descending,steady,128,16384,1024,2048,10,30,20260803,2026-08-11T10:38:32.298100+00:00,1.6096308827400208,55.473554879426956,77.52880096435547,73.6013412475586,79.25167846679688,76.81200815836588,1.71336466911467,482.18719855568696,268435456,37383395344384,0.6848376321652767,1788928,150.05380652547223,1030422528,19.65375,0.5317408940563464,"[8,0,5,19,3,8,0,5,19,3,8,0,5,19,3,8,0,5,19,3,8,0,5,19,3,8,0,5,19,3,8,0,5,19,3,8,0,5,19,3,8,0,5,19,3,8,0,5,19,3,8,0,5,19,3,8,0,5,19,3,8,0,5,19,3,8,0,5,19,3,8,0,5,19,3,8,0,5,19,3,8,0,5,19,3,8,0,5,19,3,8,0,5,19,3,8,0,5,19,3,8,0,5,19,3,8,0,5,19,3,8,0,5,19,3,8,0,5,19,3,8,0,5,19,3,8,0,5]","[2,10,16,22,30,36,2,8,14,22,28,36,42,6,14,20,28,34,40,6,12,20,26,32,40,4,12,18,24,32,38,4,10,16,24,30,38,2,8,16,22,30,36,42,8,14,22,28,34,42,6,14,20,26,34,40,6,12,18,26,32,40,4,10,18,24,32,38,2,10,16,24,30,36,2,8,16,22,28,36,42,8,14,20,28,34,42,6,12,20,26,34,40,4,12,18,26,32,38,4,10,18,24,30,38,2,10,16,22,30,36,2,8,14,22,28,36,42,6,14,20,28,34,40,6,12,20,26]",5223.68111088872,19404999680,52.0,111.79,1740.0,1593.0,50.0,330.15,1710.0,1593.0
b128_h16384_q1024_original_strided_ascending_steady,ok,,full,original_strided,ascending,steady,128,16384,1024,2048,10,30,20260803,2026-08-11T10:38:20.241136+00:00,1.6096308827400208,55.473554879426956,78.26428985595703,73.0228500366211,81.61561584472656,77.5959686279297,2.6355849416823176,477.6558429545194,268435456,37383395344384,0.1211201993134947,2227338,120.51850953918984,1282946688,24.47026611328125,,,,73.50495085120201,19404999680,54.0,302.64,1695.0,1593.0,51.0,330.41,1695.0,1593.0
b128_h16384_q1024_original_strided_descending_steady,ok,,full,original_strided,descending,steady,128,16384,1024,2048,10,30,20260803,2026-08-11T10:38:40.840176+00:00,1.6096308827400208,55.473554879426956,77.22099304199219,75.37648010253906,79.80390167236328,77.44078318277995,1.7237447178411427,484.109228225739,268435456,37383395344384,0.1211201993134947,2227338,120.51850953918984,1282946688,24.47026611328125,,,,71.33183628320694,20479265792,53.0,299.27,1740.0,1593.0,51.0,334.56,1665.0,1593.0
b128_h16384_q2048_csa_trace_replay_ascending_steady,ok,,full,csa_trace_replay,ascending,steady,128,16384,2048,2048,10,30,20260803,2026-08-11T10:40:27.130209+00:00,2.4117790162563324,100.36948695778847,153.68418884277344,149.0788116455078,155.2010498046875,153.33673502604168,1.7047311708220327,486.49630942359425,536870912,74766790688768,0.6760175636936294,1946700,275.7851297066831,1121299200,21.3870849609375,0.5297196793229613,"[8,0,5,19,3,8,0,5,19,3,8,0,5,19,3,8,0,5,19,3,8,0,5,19,3,8,0,5,19,3,8,0,5,19,3,8,0,5,19,3,8,0,5,19,3,8,0,5,19,3,8,0,5,19,3,8,0,5,19,3,8,0,5,19,3,8,0,5,19,3,8,0,5,19,3,8,0,5,19,3,8,0,5,19,3,8,0,5,19,3,8,0,5,19,3,8,0,5,19,3,8,0,5,19,3,8,0,5,19,3,8,0,5,19,3,8,0,5,19,3,8,0,5,19,3,8,0,5]","[2,10,16,22,30,36,2,8,14,22,28,36,42,6,14,20,28,34,40,6,12,20,26,32,40,4,12,18,24,32,38,4,10,16,24,30,38,2,8,16,22,30,36,42,8,14,22,28,34,42,6,14,20,26,34,40,6,12,18,26,32,40,4,10,18,24,32,38,2,10,16,24,30,36,2,8,16,22,28,36,42,8,14,20,28,34,42,6,12,20,26,34,40,4,12,18,26,32,38,4,10,18,24,30,38,2,10,16,22,30,36,2,8,14,22,28,36,42,6,14,20,28,34,40,6,12,20,26]",10599.90967437625,37534911488,52.0,132.49,1740.0,1593.0,56.0,339.1,1575.0,1593.0
b128_h16384_q2048_csa_trace_replay_descending_steady,ok,,full,csa_trace_replay,descending,steady,128,16384,2048,2048,10,30,20260803,2026-08-11T10:40:44.150129+00:00,2.4117790162563324,100.36948695778847,152.32211303710938,145.96791076660156,158.77442932128906,152.72256317138672,3.697021721831794,490.8465960589254,536870912,74766790688768,0.6760175636936294,1946700,275.7851297066831,1121299200,21.3870849609375,0.5297196793229613,"[8,0,5,19,3,8,0,5,19,3,8,0,5,19,3,8,0,5,19,3,8,0,5,19,3,8,0,5,19,3,8,0,5,19,3,8,0,5,19,3,8,0,5,19,3,8,0,5,19,3,8,0,5,19,3,8,0,5,19,3,8,0,5,19,3,8,0,5,19,3,8,0,5,19,3,8,0,5,19,3,8,0,5,19,3,8,0,5,19,3,8,0,5,19,3,8,0,5,19,3,8,0,5,19,3,8,0,5,19,3,8,0,5,19,3,8,0,5,19,3,8,0,5,19,3,8,0,5]","[2,10,16,22,30,36,2,8,14,22,28,36,42,6,14,20,28,34,40,6,12,20,26,32,40,4,12,18,24,32,38,4,10,16,24,30,38,2,8,16,22,30,36,42,8,14,22,28,34,42,6,14,20,26,34,40,6,12,18,26,32,40,4,10,18,24,32,38,2,10,16,24,30,36,2,8,16,22,28,36,42,8,14,20,28,34,42,6,12,20,26,34,40,4,12,18,26,32,38,4,10,18,24,30,38,2,10,16,22,30,36,2,8,14,22,28,36,42,6,14,20,28,34,40,6,12,20,26]",10710.56355908513,37534911488,52.0,129.9,1635.0,1593.0,51.0,335.6,1650.0,1593.0
b128_h16384_q2048_original_strided_ascending_steady,ok,,full,original_strided,ascending,steady,128,16384,2048,2048,10,30,20260803,2026-08-11T10:40:20.574104+00:00,2.4117790162563324,100.36948695778847,155.1036834716797,148.5262451171875,158.0419158935547,154.0503723144531,3.3708548941770777,482.043939997206,536870912,74766790688768,0.11766083367463724,2358297,227.65195053888462,1358379072,25.909024658203126,,,,140.91649651527405,37534911488,54.0,304.97,1635.0,1593.0,55.0,341.07,1560.0,1593.0
b128_h16384_q2048_original_strided_descending_steady,ok,,full,original_strided,descending,steady,128,16384,2048,2048,10,30,20260803,2026-08-11T10:41:01.228355+00:00,2.4117790162563324,100.36948695778847,155.83123779296875,149.3278350830078,158.15750122070312,154.769509379069,2.8945369201220537,479.793344054035,536870912,74766790688768,0.11766083367463724,2358297,227.65195053888462,1358379072,25.909024658203126,,,,134.11448895931244,39683443712,54.0,299.34,1725.0,1593.0,53.0,332.18,1725.0,1593.0
b128_h16384_q256_csa_trace_replay_ascending_steady,ok,,full,csa_trace_replay,ascending,steady,128,16384,256,2048,10,30,20260803,2026-08-11T10:37:38.074255+00:00,1.0104216635227203,21.263744682073593,18.262239456176758,18.248767852783203,18.31804847717285,18.280201594034832,0.0272941665433181,511.75809289561107,67108864,9345848836096,0.6793155445772059,1415080,47.42407779065495,815086080,15.546533203125,0.5348452215325343,"[8,0,5,19,3,8,0,5,19,3,8,0,5,19,3,8,0,5,19,3,8,0,5,19,3,8,0,5,19,3,8,0,5,19,3,8,0,5,19,3,8,0,5,19,3,8,0,5,19,3,8,0,5,19,3,8,0,5,19,3,8,0,5,19,3,8,0,5,19,3,8,0,5,19,3,8,0,5,19,3,8,0,5,19,3,8,0,5,19,3,8,0,5,19,3,8,0,5,19,3,8,0,5,19,3,8,0,5,19,3,8,0,5,19,3,8,0,5,19,3,8,0,5,19,3,8,0,5]","[2,10,16,22,30,36,2,8,14,22,28,36,42,6,14,20,28,34,40,6,12,20,26,32,40,4,12,18,24,32,38,4,10,16,24,30,38,2,8,16,22,30,36,42,8,14,22,28,34,42,6,14,20,26,34,40,6,12,18,26,32,40,4,10,18,24,32,38,2,10,16,24,30,36,2,8,16,22,28,36,42,8,14,20,28,34,42,6,12,20,26,34,40,4,12,18,26,32,38,4,10,18,24,30,38,2,10,16,22,30,36,2,8,14,22,28,36,42,6,14,20,28,34,40,6,12,20,26]",1252.3732148110867,5807565824,48.0,93.48,1755.0,1593.0,53.0,313.17,1680.0,1593.0
b128_h16384_q256_csa_trace_replay_descending_steady,ok,,full,csa_trace_replay,descending,steady,128,16384,256,2048,10,30,20260803,2026-08-11T10:37:40.246884+00:00,1.0104216635227203,21.263744682073593,18.257375717163086,18.08684730529785,18.31260871887207,18.254566383361816,0.06367571657440006,511.8944245262101,67108864,9345848836096,0.6793155445772059,1415080,47.42407779065495,815086080,15.546533203125,0.5348452215325343,"[8,0,5,19,3,8,0,5,19,3,8,0,5,19,3,8,0,5,19,3,8,0,5,19,3,8,0,5,19,3,8,0,5,19,3,8,0,5,19,3,8,0,5,19,3,8,0,5,19,3,8,0,5,19,3,8,0,5,19,3,8,0,5,19,3,8,0,5,19,3,8,0,5,19,3,8,0,5,19,3,8,0,5,19,3,8,0,5,19,3,8,0,5,19,3,8,0,5,19,3,8,0,5,19,3,8,0,5,19,3,8,0,5,19,3,8,0,5,19,3,8,0,5,19,3,8,0,5]","[2,10,16,22,30,36,2,8,14,22,28,36,42,6,14,20,28,34,40,6,12,20,26,32,40,4,12,18,24,32,38,4,10,16,24,30,38,2,8,16,22,30,36,42,8,14,22,28,34,42,6,14,20,26,34,40,6,12,18,26,32,40,4,10,18,24,32,38,2,10,16,24,30,36,2,8,16,22,28,36,42,8,14,20,28,34,42,6,12,20,26,34,40,4,12,18,26,32,38,4,10,18,24,30,38,2,10,16,22,30,36,2,8,14,22,28,36,42,6,14,20,28,34,40,6,12,20,26]",1239.315439015627,5807565824,50.0,94.21,1755.0,1593.0,50.0,315.05,1725.0,1593.0
b128_h16384_q256_original_strided_ascending_steady,ok,,full,original_strided,ascending,steady,128,16384,256,2048,10,30,20260803,2026-08-11T10:37:37.109212+00:00,1.0104216635227203,21.263744682073593,19.491615295410156,19.48406410217285,19.687040328979492,19.54706427256266,0.08729153049185304,479.4804686247189,67108864,9345848836096,0.12372173234528186,2129026,31.520922713015246,1226318976,23.39017822265625,,,,25.24905651807785,5807565824,50.0,309.09,1740.0,1593.0,55.0,308.94,1695.0,1593.0
b128_h16384_q256_original_strided_descending_steady,ok,,full,original_strided,descending,steady,128,16384,256,2048,10,30,20260803,2026-08-11T10:37:42.449319+00:00,1.0104216635227203,21.263744682073593,19.49616050720215,19.48089599609375,19.683135986328125,19.555045382181802,0.08713357797412799,479.36868557496314,67108864,9345848836096,0.12372173234528186,2129026,31.520922713015246,1226318976,23.39017822265625,,,,24.404853582382202,6076132352,52.0,314.25,1740.0,1593.0,55.0,310.66,1695.0,1593.0
b128_h16384_q64_csa_trace_replay_ascending_steady,ok,,full,csa_trace_replay,ascending,steady,128,16384,64,2048,10,30,20260803,2026-08-11T10:37:25.052321+00:00,0.891510397195816,12.705013155937195,4.712063789367676,4.663360118865967,4.829184055328369,4.721878385543823,0.048182785368785265,495.8468971273277,16777216,2336462209024,0.6705867222377232,1051576,15.954354226418252,605707776,11.552958984375,0.5416694536601027,"[8,0,5,19,3,8,0,5,19,3,8,0,5,19,3,8,0,5,19,3,8,0,5,19,3,8,0,5,19,3,8,0,5,19,3,8,0,5,19,3,8,0,5,19,3,8,0,5,19,3,8,0,5,19,3,8,0,5,19,3,8,0,5,19,3,8,0,5,19,3,8,0,5,19,3,8,0,5,19,3,8,0,5,19,3,8,0,5,19,3,8,0,5,19,3,8,0,5,19,3,8,0,5,19,3,8,0,5,19,3,8,0,5,19,3,8,0,5,19,3,8,0,5,19,3,8,0,5]","[2,10,16,22,30,36,2,8,14,22,28,36,42,6,14,20,28,34,40,6,12,20,26,32,40,4,12,18,24,32,38,4,10,16,24,30,38,2,8,16,22,30,36,42,8,14,22,28,34,42,6,14,20,26,34,40,6,12,18,26,32,40,4,10,18,24,32,38,2,10,16,24,30,36,2,8,16,22,28,36,42,8,14,20,28,34,42,6,12,20,26,34,40,4,12,18,26,32,38,4,10,18,24,30,38,2,10,16,22,30,36,2,8,14,22,28,36,42,6,14,20,28,34,40,6,12,20,26]",319.58526745438576,2684386304,49.0,198.06,1755.0,1593.0,54.0,209.21,1620.0,1593.0
b128_h16384_q64_csa_trace_replay_descending_steady,ok,,full,csa_trace_replay,descending,steady,128,16384,64,2048,10,30,20260803,2026-08-11T10:37:25.685335+00:00,0.891510397195816,12.705013155937195,4.792960166931152,4.622528076171875,4.823904037475586,4.765531714757284,0.0666874072574042,487.47791086275504,16777216,2336462209024,0.6705867222377232,1051576,15.954354226418252,605707776,11.552958984375,0.5416694536601027,"[8,0,5,19,3,8,0,5,19,3,8,0,5,19,3,8,0,5,19,3,8,0,5,19,3,8,0,5,19,3,8,0,5,19,3,8,0,5,19,3,8,0,5,19,3,8,0,5,19,3,8,0,5,19,3,8,0,5,19,3,8,0,5,19,3,8,0,5,19,3,8,0,5,19,3,8,0,5,19,3,8,0,5,19,3,8,0,5,19,3,8,0,5,19,3,8,0,5,19,3,8,0,5,19,3,8,0,5,19,3,8,0,5,19,3,8,0,5,19,3,8,0,5,19,3,8,0,5]","[2,10,16,22,30,36,2,8,14,22,28,36,42,6,14,20,28,34,40,6,12,20,26,32,40,4,12,18,24,32,38,4,10,16,24,30,38,2,8,16,22,30,36,42,8,14,22,28,34,42,6,14,20,26,34,40,6,12,18,26,32,40,4,10,18,24,32,38,2,10,16,24,30,36,2,8,16,22,28,36,42,8,14,20,28,34,42,6,12,20,26,34,40,4,12,18,26,32,38,4,10,18,24,30,38,2,10,16,22,30,36,2,8,14,22,28,36,42,6,14,20,28,34,40,6,12,20,26]",321.3087245821953,2684386304,48.0,148.15,1740.0,1593.0,54.0,206.27,1485.0,1593.0
b128_h16384_q64_original_strided_ascending_steady,ok,,full,original_strided,ascending,steady,128,16384,64,2048,10,30,20260803,2026-08-11T10:37:24.660291+00:00,0.891510397195816,12.705013155937195,4.936416149139404,4.738624095916748,4.990816116333008,4.885276810328166,0.10054585236501261,473.31143453765134,16777216,2336462209024,0.12490009126209077,2104260,7.972976723408705,1212053760,23.1180908203125,,,,13.034496456384659,2684386304,50.0,211.5,1740.0,1593.0,51.0,272.36,1605.0,1593.0
b128_h16384_q64_original_strided_descending_steady,ok,,full,original_strided,descending,steady,128,16384,64,2048,10,30,20260803,2026-08-11T10:37:26.280307+00:00,0.891510397195816,12.705013155937195,4.869344234466553,4.723680019378662,5.048160076141357,4.863139231999715,0.09804140118409795,479.83097857117605,16777216,2336462209024,0.12490009126209077,2104260,7.972976723408705,1212053760,23.1180908203125,,,,14.01839405298233,2751495168,50.0,208.32,1710.0,1593.0,54.0,232.01,1680.0,1593.0
b128_h32768_q1024_csa_trace_replay_ascending_steady,ok,,full,csa_trace_replay,ascending,steady,128,32768,1024,2048,10,30,20260803,2026-08-11T10:38:47.735246+00:00,1.5423521399497986,65.15364348888397,77.51884460449219,73.71497344970703,79.49823760986328,77.24488423665365,1.8239325304982419,482.2491296808834,268435456,37383395344384,0.5879244389538658,3244396,82.7381910223043,1868772096,35.6439990234375,0.4361644528383378,"[0,19,5,0,19,5,0,19,5,0,19,5,0,19,5,0,19,5,0,19,5,0,19,5,0,19,5,0,19,5,0,19,5,0,19,5,0,19,5,0,19,5,0,19,5,0,19,5,0,19,5,0,19,5,0,19,5,0,19,5,0,19,5,0,19,5,0,19,5,0,19,5,0,19,5,0,19,5,0,19,5,0,19,5,0,19,5,0,19,5,0,19,5,0,19,5,0,19,5,0,19,5,0,19,5,0,19,5,0,19,5,0,19,5,0,19,5,0,19,5,0,19,5,0,19,5,0,19]","[4,14,26,38,6,18,30,40,10,22,32,2,14,24,36,6,16,28,40,8,20,32,42,12,24,34,4,16,26,38,8,18,30,42,10,22,34,2,14,26,36,6,18,28,40,10,20,32,2,12,24,36,4,16,28,38,8,20,30,42,12,22,34,4,14,26,38,6,18,30,40,10,22,32,2,14,24,36,6,16,28,40,8,20,32,42,12,24,34,4,16,26,38,8,18,30,42,10,22,34,2,14,26,36,6,18,28,40,10,20,32,2,12,24,36,4,16,28,38,8,20,30,42,12,22,34,4,14]",5673.367146402597,20612959232,51.0,111.56,1740.0,1593.0,51.0,328.26,1725.0,1593.0
b128_h32768_q1024_csa_trace_replay_descending_steady,ok,,full,csa_trace_replay,descending,steady,128,32768,1024,2048,10,30,20260803,2026-08-11T10:38:56.728096+00:00,1.5423521399497986,65.15364348888397,77.31414031982422,73.81804656982422,78.98131561279297,77.09657567342123,1.7861734840342902,483.52597842698225,268435456,37383395344384,0.5879244389538658,3244396,82.7381910223043,1868772096,35.6439990234375,0.4361644528383378,"[0,19,5,0,19,5,0,19,5,0,19,5,0,19,5,0,19,5,0,19,5,0,19,5,0,19,5,0,19,5,0,19,5,0,19,5,0,19,5,0,19,5,0,19,5,0,19,5,0,19,5,0,19,5,0,19,5,0,19,5,0,19,5,0,19,5,0,19,5,0,19,5,0,19,5,0,19,5,0,19,5,0,19,5,0,19,5,0,19,5,0,19,5,0,19,5,0,19,5,0,19,5,0,19,5,0,19,5,0,19,5,0,19,5,0,19,5,0,19,5,0,19,5,0,19,5,0,19]","[4,14,26,38,6,18,30,40,10,22,32,2,14,24,36,6,16,28,40,8,20,32,42,12,24,34,4,16,26,38,8,18,30,42,10,22,34,2,14,26,36,6,18,28,40,10,20,32,2,12,24,36,4,16,28,38,8,20,30,42,12,22,34,4,14,26,38,6,18,30,40,10,22,32,2,14,24,36,6,16,28,40,8,20,32,42,12,24,34,4,16,26,38,8,18,30,42,10,22,34,2,14,26,36,6,18,28,40,10,20,32,2,12,24,36,4,16,28,38,8,20,30,42,12,22,34,4,14]",5482.194654643536,20612959232,51.0,112.13,1725.0,1593.0,54.0,335.33,1575.0,1593.0
b128_h32768_q1024_original_strided_ascending_steady,ok,,full,original_strided,ascending,steady,128,32768,1024,2048,10,30,20260803,2026-08-11T10:38:44.310951+00:00,1.5423521399497986,65.15364348888397,79.16697692871094,78.06924438476562,85.06822204589844,80.03213094075521,2.004962607340831,472.2094589774139,268435456,37383395344384,0.06135720917672822,4323406,62.088884550745405,2490281856,47.49835693359375,,,,74.19639453291893,20612959232,52.0,312.12,1695.0,1593.0,53.0,337.59,1620.0,1593.0
b128_h32768_q1024_original_strided_descending_steady,ok,,full,original_strided,descending,steady,128,32768,1024,2048,10,30,20260803,2026-08-11T10:39:05.494968+00:00,1.5423521399497986,65.15364348888397,78.81954956054688,77.92304229736328,85.05193328857422,79.78655268351237,2.3343540306489157,474.29090311747046,268435456,37383395344384,0.06135720917672822,4323406,62.088884550745405,2490281856,47.49835693359375,,,,71.70533388853073,21687225344,50.0,314.0,1695.0,1593.0,51.0,323.16,1710.0,1593.0
b128_h32768_q2048_csa_trace_replay_ascending_steady,ok,,full,csa_trace_replay,ascending,steady,128,32768,2048,2048,10,30,20260803,2026-08-11T10:41:14.627908+00:00,2.0744726061820984,111.16990074515343,153.4698486328125,148.7942657470703,158.66720581054688,153.85283559163412,3.6751277623543275,487.17576354462204,536870912,74766790688768,0.5557068199079445,3571820,150.30738167096885,2057368320,39.2411865234375,0.4310215541294643,"[0,19,5,0,19,5,0,19,5,0,19,5,0,19,5,0,19,5,0,19,5,0,19,5,0,19,5,0,19,5,0,19,5,0,19,5,0,19,5,0,19,5,0,19,5,0,19,5,0,19,5,0,19,5,0,19,5,0,19,5,0,19,5,0,19,5,0,19,5,0,19,5,0,19,5,0,19,5,0,19,5,0,19,5,0,19,5,0,19,5,0,19,5,0,19,5,0,19,5,0,19,5,0,19,5,0,19,5,0,19,5,0,19,5,0,19,5,0,19,5,0,19,5,0,19,5,0,19]","[4,14,26,38,6,18,30,40,10,22,32,2,14,24,36,6,16,28,40,8,20,32,42,12,24,34,4,16,26,38,8,18,30,42,10,22,34,2,14,26,36,6,18,28,40,10,20,32,2,12,24,36,4,16,28,38,8,20,30,42,12,22,34,4,14,26,38,6,18,30,40,10,22,32,2,14,24,36,6,16,28,40,8,20,32,42,12,24,34,4,16,26,38,8,18,30,42,10,22,34,2,14,26,36,6,18,28,40,10,20,32,2,12,24,36,4,16,28,38,8,20,30,42,12,22,34,4,14]",11571.550983935595,38742871040,50.0,131.65,1725.0,1593.0,54.0,336.21,1680.0,1593.0
b128_h32768_q2048_csa_trace_replay_descending_steady,ok,,full,csa_trace_replay,descending,steady,128,32768,2048,2048,10,30,20260803,2026-08-11T10:41:32.639080+00:00,2.0744726061820984,111.16990074515343,153.9246063232422,149.26063537597656,157.73362731933594,153.74374694824218,3.3248240002895306,485.7364425006714,536870912,74766790688768,0.5557068199079445,3571820,150.30738167096885,2057368320,39.2411865234375,0.4310215541294643,"[0,19,5,0,19,5,0,19,5,0,19,5,0,19,5,0,19,5,0,19,5,0,19,5,0,19,5,0,19,5,0,19,5,0,19,5,0,19,5,0,19,5,0,19,5,0,19,5,0,19,5,0,19,5,0,19,5,0,19,5,0,19,5,0,19,5,0,19,5,0,19,5,0,19,5,0,19,5,0,19,5,0,19,5,0,19,5,0,19,5,0,19,5,0,19,5,0,19,5,0,19,5,0,19,5,0,19,5,0,19,5,0,19,5,0,19,5,0,19,5,0,19,5,0,19,5,0,19]","[4,14,26,38,6,18,30,40,10,22,32,2,14,24,36,6,16,28,40,8,20,32,42,12,24,34,4,16,26,38,8,18,30,42,10,22,34,2,14,26,36,6,18,28,40,10,20,32,2,12,24,36,4,16,28,38,8,20,30,42,12,22,34,4,14,26,38,6,18,30,40,10,22,32,2,14,24,36,6,16,28,40,8,20,32,42,12,24,34,4,16,26,38,8,18,30,42,10,22,34,2,14,26,36,6,18,28,40,10,20,32,2,12,24,36,4,16,28,38,8,20,30,42,12,22,34,4,14]",11550.980489701033,38742871040,48.0,133.6,1725.0,1593.0,51.0,330.44,1710.0,1593.0
b128_h32768_q2048_original_strided_ascending_steady,ok,,full,original_strided,ascending,steady,128,32768,2048,2048,10,30,20260803,2026-08-11T10:41:07.965900+00:00,2.0744726061820984,111.16990074515343,155.74342346191406,150.99562072753906,163.84323120117188,156.17805074055988,3.7081327587089645,480.0638706073627,536870912,74766790688768,0.060421780137591787,4454413,120.52562526195932,2565741888,48.93764282226562,,,,142.61369034647942,38742871040,53.0,293.62,1635.0,1593.0,54.0,334.39,1680.0,1593.0
b128_h32768_q2048_original_strided_descending_steady,ok,,full,original_strided,descending,steady,128,32768,2048,2048,10,30,20260803,2026-08-11T10:41:50.638076+00:00,2.0744726061820984,111.16990074515343,157.58181762695312,152.48220825195312,159.5186309814453,157.5621785481771,2.046487609680623,474.46330937599066,536870912,74766790688768,0.060421780137591787,4454413,120.52562526195932,2565741888,48.93764282226562,,,,135.13078168034554,40891403264,50.0,301.82,1725.0,1593.0,54.0,328.22,1710.0,1593.0
b128_h32768_q256_csa_trace_replay_ascending_steady,ok,,full,csa_trace_replay,ascending,steady,128,32768,256,2048,10,30,20260803,2026-08-11T10:37:44.405356+00:00,1.086857169866562,31.055886298418045,18.37104034423828,18.36511993408203,18.385215759277344,18.374657249450685,0.016192563339888614,508.7272501160852,67108864,9345848836096,0.5912311628753064,2333472,28.75923259417726,1344079872,25.6362890625,0.45234091921095276,"[0,19,5,0,19,5,0,19,5,0,19,5,0,19,5,0,19,5,0,19,5,0,19,5,0,19,5,0,19,5,0,19,5,0,19,5,0,19,5,0,19,5,0,19,5,0,19,5,0,19,5,0,19,5,0,19,5,0,19,5,0,19,5,0,19,5,0,19,5,0,19,5,0,19,5,0,19,5,0,19,5,0,19,5,0,19,5,0,19,5,0,19,5,0,19,5,0,19,5,0,19,5,0,19,5,0,19,5,0,19,5,0,19,5,0,19,5,0,19,5,0,19,5,0,19,5,0,19]","[4,14,26,38,6,18,30,40,10,22,32,2,14,24,36,6,16,28,40,8,20,32,42,12,24,34,4,16,26,38,8,18,30,42,10,22,34,2,14,26,36,6,18,28,40,10,20,32,2,12,24,36,4,16,28,38,8,20,30,42,12,22,34,4,14,26,38,6,18,30,40,10,22,32,2,14,24,36,6,16,28,40,8,20,32,42,12,24,34,4,16,26,38,8,18,30,42,10,22,34,2,14,26,36,6,18,28,40,10,20,32,2,12,24,36,4,16,28,38,8,20,30,42,12,22,34,4,14]",1288.3884087204933,7015525376,48.0,94.2,1755.0,1593.0,56.0,319.4,1710.0,1593.0
b128_h32768_q256_csa_trace_replay_descending_steady,ok,,full,csa_trace_replay,descending,steady,128,32768,256,2048,10,30,20260803,2026-08-11T10:37:46.590689+00:00,1.086857169866562,31.055886298418045,18.38243293762207,18.375904083251953,18.53606414794922,18.4286558787028,0.11869285487465381,508.4119641730605,67108864,9345848836096,0.5912311628753064,2333472,28.75923259417726,1344079872,25.6362890625,0.45234091921095276,"[0,19,5,0,19,5,0,19,5,0,19,5,0,19,5,0,19,5,0,19,5,0,19,5,0,19,5,0,19,5,0,19,5,0,19,5,0,19,5,0,19,5,0,19,5,0,19,5,0,19,5,0,19,5,0,19,5,0,19,5,0,19,5,0,19,5,0,19,5,0,19,5,0,19,5,0,19,5,0,19,5,0,19,5,0,19,5,0,19,5,0,19,5,0,19,5,0,19,5,0,19,5,0,19,5,0,19,5,0,19,5,0,19,5,0,19,5,0,19,5,0,19,5,0,19,5,0,19]","[4,14,26,38,6,18,30,40,10,22,32,2,14,24,36,6,16,28,40,8,20,32,42,12,24,34,4,16,26,38,8,18,30,42,10,22,34,2,14,26,36,6,18,28,40,10,20,32,2,12,24,36,4,16,28,38,8,20,30,42,12,22,34,4,14,26,38,6,18,30,40,10,22,32,2,14,24,36,6,16,28,40,8,20,32,42,12,24,34,4,16,26,38,8,18,30,42,10,22,34,2,14,26,36,6,18,28,40,10,20,32,2,12,24,36,4,16,28,38,8,20,30,42,12,22,34,4,14]",1273.9805914461613,7015525376,50.0,95.04,1755.0,1593.0,52.0,315.08,1650.0,1593.0
b128_h32768_q256_original_strided_ascending_steady,ok,,full,original_strided,ascending,steady,128,32768,256,2048,10,30,20260803,2026-08-11T10:37:43.421215+00:00,1.086857169866562,31.055886298418045,19.979808807373047,19.974079132080078,20.0600643157959,20.002519607543945,0.10352947769203463,467.7646781408213,67108864,9345848836096,0.06248821183746936,4225171,15.88311194978854,2433698496,46.41911499023438,,,,25.257471948862076,7015525376,51.0,313.9,1740.0,1593.0,55.0,324.15,1710.0,1593.0
b128_h32768_q256_original_strided_descending_steady,ok,,full,original_strided,descending,steady,128,32768,256,2048,10,30,20260803,2026-08-11T10:37:48.761929+00:00,1.086857169866562,31.055886298418045,19.977920532226562,19.9715518951416,19.99500846862793,19.985572242736815,0.035091588324130625,467.80889037075343,67108864,9345848836096,0.06248821183746936,4225171,15.88311194978854,2433698496,46.41911499023438,,,,24.80396255850792,7284091904,52.0,329.43,1740.0,1593.0,51.0,318.57,1680.0,1593.0
b128_h32768_q64_csa_trace_replay_ascending_steady,ok,,full,csa_trace_replay,ascending,steady,128,32768,64,2048,10,30,20260803,2026-08-11T10:37:27.009538+00:00,0.9500272572040558,22.15021103620529,4.777503967285156,4.638912200927734,4.925375938415527,4.793097559611002,0.10176713585692036,489.05500131938305,16777216,2336462209024,0.6078718881758431,1537640,10.911016883015531,885680640,16.893017578125,0.4624878646342955,"[0,19,5,0,19,5,0,19,5,0,19,5,0,19,5,0,19,5,0,19,5,0,19,5,0,19,5,0,19,5,0,19,5,0,19,5,0,19,5,0,19,5,0,19,5,0,19,5,0,19,5,0,19,5,0,19,5,0,19,5,0,19,5,0,19,5,0,19,5,0,19,5,0,19,5,0,19,5,0,19,5,0,19,5,0,19,5,0,19,5,0,19,5,0,19,5,0,19,5,0,19,5,0,19,5,0,19,5,0,19,5,0,19,5,0,19,5,0,19,5,0,19,5,0,19,5,0,19]","[4,14,26,38,6,18,30,40,10,22,32,2,14,24,36,6,16,28,40,8,20,32,42,12,24,34,4,16,26,38,8,18,30,42,10,22,34,2,14,26,36,6,18,28,40,10,20,32,2,12,24,36,4,16,28,38,8,20,30,42,12,22,34,4,14,26,38,6,18,30,40,10,22,32,2,14,24,36,6,16,28,40,8,20,32,42,12,24,34,4,16,26,38,8,18,30,42,10,22,34,2,14,26,36,6,18,28,40,10,20,32,2,12,24,36,4,16,28,38,8,20,30,42,12,22,34,4,14]",333.3808518946171,3892345856,48.0,202.71,1755.0,1593.0,54.0,216.11,1605.0,1593.0
b128_h32768_q64_csa_trace_replay_descending_steady,ok,,full,csa_trace_replay,descending,steady,128,32768,64,2048,10,30,20260803,2026-08-11T10:37:27.663238+00:00,0.9500272572040558,22.15021103620529,4.839615821838379,4.673664093017578,4.8746562004089355,4.79510825475057,0.07291745013009664,482.7784466859748,16777216,2336462209024,0.6078718881758431,1537640,10.911016883015531,885680640,16.893017578125,0.4624878646342955,"[0,19,5,0,19,5,0,19,5,0,19,5,0,19,5,0,19,5,0,19,5,0,19,5,0,19,5,0,19,5,0,19,5,0,19,5,0,19,5,0,19,5,0,19,5,0,19,5,0,19,5,0,19,5,0,19,5,0,19,5,0,19,5,0,19,5,0,19,5,0,19,5,0,19,5,0,19,5,0,19,5,0,19,5,0,19,5,0,19,5,0,19,5,0,19,5,0,19,5,0,19,5,0,19,5,0,19,5,0,19,5,0,19,5,0,19,5,0,19,5,0,19,5,0,19,5,0,19]","[4,14,26,38,6,18,30,40,10,22,32,2,14,24,36,6,16,28,40,8,20,32,42,12,24,34,4,16,26,38,8,18,30,42,10,22,34,2,14,26,36,6,18,28,40,10,20,32,2,12,24,36,4,16,28,38,8,20,30,42,12,22,34,4,14,26,38,6,18,30,40,10,22,32,2,14,24,36,6,16,28,40,8,20,32,42,12,24,34,4,16,26,38,8,18,30,42,10,22,34,2,14,26,36,6,18,28,40,10,20,32,2,12,24,36,4,16,28,38,8,20,30,42,12,22,34,4,14]",331.54959604144096,3892345856,48.0,151.15,1755.0,1593.0,50.0,209.55,1680.0,1593.0
b128_h32768_q64_original_strided_ascending_steady,ok,,full,original_strided,ascending,steady,128,32768,64,2048,10,30,20260803,2026-08-11T10:37:26.614925+00:00,0.9500272572040558,22.15021103620529,5.149407863616943,5.096447944641113,5.3368000984191895,5.193422921498617,0.08001809293698833,453.7341517521336,16777216,2336462209024,0.06239918300083706,4143129,4.049407102699433,2386442304,45.51777465820312,,,,13.99914175271988,3892345856,49.0,217.0,1740.0,1593.0,54.0,281.19,1710.0,1593.0
b128_h32768_q64_original_strided_descending_steady,ok,,full,original_strided,descending,steady,128,32768,64,2048,10,30,20260803,2026-08-11T10:37:28.362531+00:00,0.9500272572040558,22.15021103620529,5.147488117218018,5.126143932342529,5.337920188903809,5.179325850804647,0.07819017740150645,453.9033710847595,16777216,2336462209024,0.06239918300083706,4143129,4.049407102699433,2386442304,45.51777465820312,,,,14.724880456924438,3959454720,49.0,207.07,1740.0,1593.0,50.0,215.49,1710.0,1593.0
b128_h65536_q1024_csa_trace_replay_ascending_steady,ok,,full,csa_trace_replay,ascending,steady,128,65536,1024,2048,10,30,20260803,2026-08-11T10:39:12.919566+00:00,1.8340647220611572,85.06102859973907,77.86825561523438,73.97885131835938,83.57068634033203,78.04866358439128,2.847279388824641,480.0851778304149,268435456,37383395344384,0.41883797892610586,5304788,50.60248515115024,3055557888,58.2801416015625,0.3746767883897994,"[19,19,19,19,19,19,19,19,19,19,19,19,19,19,19,19,19,19,19,19,19,19,19,19,19,19,19,19,19,19,19,19,19,19,19,19,19,19,19,19,19,19,19,19,19,19,19,19,19,19,19,19,19,19,19,19,19,19,19,19,19,19,19,19,19,19,19,19,19,19,19,19,19,19,19,19,19,19,19,19,19,19,19,19,19,19,19,19,19,19,19,19,19,19,19,19,19,19,19,19,19,19,19,19,19,19,19,19,19,19,19,19,19,19,19,19,19,19,19,19,19,19,19,19,19,19,19,19]","[8,42,34,26,18,10,2,36,28,20,12,4,38,30,22,14,6,40,32,24,16,8,42,34,26,18,10,2,36,28,20,12,4,38,30,22,14,6,40,32,24,16,8,42,34,26,18,10,2,36,28,20,12,4,38,30,22,14,6,40,32,24,16,8,42,34,26,18,10,2,36,28,20,12,4,38,30,22,14,6,40,32,24,16,8,42,34,26,18,10,2,36,28,20,12,4,38,30,22,14,6,40,32,24,16,8,42,34,26,18,10,2,36,28,20,12,4,38,30,22,14,6,40,32,24,16,8,42]",5723.618160933256,23028878336,53.0,111.37,1695.0,1593.0,51.0,329.46,1725.0,1593.0
b128_h65536_q1024_csa_trace_replay_descending_steady,ok,,full,csa_trace_replay,descending,steady,128,65536,1024,2048,10,30,20260803,2026-08-11T10:39:21.964322+00:00,1.8340647220611572,85.06102859973907,78.26207733154297,73.50332641601562,84.34806060791016,78.05051803588867,3.0848695510552187,477.66934662385825,268435456,37383395344384,0.41883797892610586,5304788,50.60248515115024,3055557888,58.2801416015625,0.3746767883897994,"[19,19,19,19,19,19,19,19,19,19,19,19,19,19,19,19,19,19,19,19,19,19,19,19,19,19,19,19,19,19,19,19,19,19,19,19,19,19,19,19,19,19,19,19,19,19,19,19,19,19,19,19,19,19,19,19,19,19,19,19,19,19,19,19,19,19,19,19,19,19,19,19,19,19,19,19,19,19,19,19,19,19,19,19,19,19,19,19,19,19,19,19,19,19,19,19,19,19,19,19,19,19,19,19,19,19,19,19,19,19,19,19,19,19,19,19,19,19,19,19,19,19,19,19,19,19,19,19]","[8,42,34,26,18,10,2,36,28,20,12,4,38,30,22,14,6,40,32,24,16,8,42,34,26,18,10,2,36,28,20,12,4,38,30,22,14,6,40,32,24,16,8,42,34,26,18,10,2,36,28,20,12,4,38,30,22,14,6,40,32,24,16,8,42,34,26,18,10,2,36,28,20,12,4,38,30,22,14,6,40,32,24,16,8,42,34,26,18,10,2,36,28,20,12,4,38,30,22,14,6,40,32,24,16,8,42,34,26,18,10,2,36,28,20,12,4,38,30,22,14,6,40,32,24,16,8,42]",5717.936418950558,23028878336,49.0,110.9,1695.0,1593.0,54.0,335.96,1725.0,1593.0
b128_h65536_q1024_original_strided_ascending_steady,ok,,full,original_strided,ascending,steady,128,65536,1024,2048,10,30,20260803,2026-08-11T10:39:09.218607+00:00,1.8340647220611572,85.06102859973907,86.00621032714844,80.98563385009766,91.474365234375,86.15571492513021,3.680788717836147,434.6592554442976,268435456,37383395344384,0.031045460631071296,8515530,31.52304742041893,4904945280,93.55440673828124,,,,77.02504843473434,23028878336,53.0,296.44,1680.0,1593.0,53.0,339.25,1665.0,1593.0
b128_h65536_q1024_original_strided_descending_steady,ok,,full,original_strided,descending,steady,128,65536,1024,2048,10,30,20260803,2026-08-11T10:39:30.997989+00:00,1.8340647220611572,85.06102859973907,85.72828674316406,80.9420166015625,91.96063995361328,86.3414316813151,3.6438606949999457,436.068382614271,268435456,37383395344384,0.031045460631071296,8515530,31.52304742041893,4904945280,93.55440673828124,,,,73.17843660712242,24103144448,50.0,306.53,1710.0,1593.0,51.0,327.45,1725.0,1593.0
b128_h65536_q2048_csa_trace_replay_ascending_steady,ok,,full,csa_trace_replay,ascending,steady,128,65536,2048,2048,10,30,20260803,2026-08-11T10:42:04.843787+00:00,2.251189202070236,130.64785301685333,154.5926971435547,149.82713317871094,158.9865264892578,154.64149271647136,3.258767907893838,483.6372744007409,536870912,74766790688768,0.47192740615076945,5816904,92.29495828021228,3350536704,63.906416015625,0.3896063713178243,"[19,19,19,19,19,19,19,19,19,19,19,19,19,19,19,19,19,19,19,19,19,19,19,19,19,19,19,19,19,19,19,19,19,19,19,19,19,19,19,19,19,19,19,19,19,19,19,19,19,19,19,19,19,19,19,19,19,19,19,19,19,19,19,19,19,19,19,19,19,19,19,19,19,19,19,19,19,19,19,19,19,19,19,19,19,19,19,19,19,19,19,19,19,19,19,19,19,19,19,19,19,19,19,19,19,19,19,19,19,19,19,19,19,19,19,19,19,19,19,19,19,19,19,19,19,19,19,19]","[8,42,34,26,18,10,2,36,28,20,12,4,38,30,22,14,6,40,32,24,16,8,42,34,26,18,10,2,36,28,20,12,4,38,30,22,14,6,40,32,24,16,8,42,34,26,18,10,2,36,28,20,12,4,38,30,22,14,6,40,32,24,16,8,42,34,26,18,10,2,36,28,20,12,4,38,30,22,14,6,40,32,24,16,8,42,34,26,18,10,2,36,28,20,12,4,38,30,22,14,6,40,32,24,16,8,42,34,26,18,10,2,36,28,20,12,4,38,30,22,14,6,40,32,24,16,8,42]",11880.159683525562,41158790144,52.0,134.66,1725.0,1593.0,52.0,330.05,1725.0,1593.0
b128_h65536_q2048_csa_trace_replay_descending_steady,ok,,full,csa_trace_replay,descending,steady,128,65536,2048,2048,10,30,20260803,2026-08-11T10:42:23.254172+00:00,2.251189202070236,130.64785301685333,154.8832244873047,149.83961486816406,158.3855743408203,154.5990763346354,3.1967616147394233,482.7300757474636,536870912,74766790688768,0.47192740615076945,5816904,92.29495828021228,3350536704,63.906416015625,0.3896063713178243,"[19,19,19,19,19,19,19,19,19,19,19,19,19,19,19,19,19,19,19,19,19,19,19,19,19,19,19,19,19,19,19,19,19,19,19,19,19,19,19,19,19,19,19,19,19,19,19,19,19,19,19,19,19,19,19,19,19,19,19,19,19,19,19,19,19,19,19,19,19,19,19,19,19,19,19,19,19,19,19,19,19,19,19,19,19,19,19,19,19,19,19,19,19,19,19,19,19,19,19,19,19,19,19,19,19,19,19,19,19,19,19,19,19,19,19,19,19,19,19,19,19,19,19,19,19,19,19,19]","[8,42,34,26,18,10,2,36,28,20,12,4,38,30,22,14,6,40,32,24,16,8,42,34,26,18,10,2,36,28,20,12,4,38,30,22,14,6,40,32,24,16,8,42,34,26,18,10,2,36,28,20,12,4,38,30,22,14,6,40,32,24,16,8,42,34,26,18,10,2,36,28,20,12,4,38,30,22,14,6,40,32,24,16,8,42,34,26,18,10,2,36,28,20,12,4,38,30,22,14,6,40,32,24,16,8,42,34,26,18,10,2,36,28,20,12,4,38,30,22,14,6,40,32,24,16,8,42]",13175.657790154219,41158790144,51.0,133.9,1725.0,1593.0,51.0,337.39,1650.0,1593.0
b128_h65536_q2048_original_strided_ascending_steady,ok,,full,original_strided,ascending,steady,128,65536,2048,2048,10,30,20260803,2026-08-11T10:41:57.504728+00:00,2.251189202070236,130.64785301685333,169.7013702392578,166.52630615234375,178.71087646484375,171.57586364746095,3.9213984783849534,440.5785915774052,536870912,74766790688768,0.030610511753695384,8646622,62.09024888563418,4980454272,94.99462646484375,,,,146.30920439958572,41158790144,52.0,279.67,1725.0,1593.0,54.0,331.55,1695.0,1593.0
b128_h65536_q2048_original_strided_descending_steady,ok,,full,original_strided,descending,steady,128,65536,2048,2048,10,30,20260803,2026-08-11T10:42:42.922566+00:00,2.251189202070236,130.64785301685333,170.38905334472656,166.2999725341797,176.5699462890625,170.9077946980794,3.100804340499324,438.8004347761815,536870912,74766790688768,0.030610511753695384,8646622,62.09024888563418,4980454272,94.99462646484375,,,,138.55354115366936,43307322368,50.0,301.15,1725.0,1593.0,53.0,334.3,1695.0,1593.0
b128_h65536_q256_csa_trace_replay_ascending_steady,ok,,full,csa_trace_replay,ascending,steady,128,65536,256,2048,10,30,20260803,2026-08-11T10:37:50.889296+00:00,1.2266971170902252,50.87503790855408,18.750240325927734,18.738143920898438,18.76665687561035,18.752180290222167,0.010328974765587045,498.4388825764868,67108864,9345848836096,0.3866701612285539,3941496,17.02624181275333,2270301696,43.302568359375,0.3682512555803572,"[19,19,19,19,19,19,19,19,19,19,19,19,19,19,19,19,19,19,19,19,19,19,19,19,19,19,19,19,19,19,19,19,19,19,19,19,19,19,19,19,19,19,19,19,19,19,19,19,19,19,19,19,19,19,19,19,19,19,19,19,19,19,19,19,19,19,19,19,19,19,19,19,19,19,19,19,19,19,19,19,19,19,19,19,19,19,19,19,19,19,19,19,19,19,19,19,19,19,19,19,19,19,19,19,19,19,19,19,19,19,19,19,19,19,19,19,19,19,19,19,19,19,19,19,19,19,19,19]","[8,42,34,26,18,10,2,36,28,20,12,4,38,30,22,14,6,40,32,24,16,8,42,34,26,18,10,2,36,28,20,12,4,38,30,22,14,6,40,32,24,16,8,42,34,26,18,10,2,36,28,20,12,4,38,30,22,14,6,40,32,24,16,8,42,34,26,18,10,2,36,28,20,12,4,38,30,22,14,6,40,32,24,16,8,42,34,26,18,10,2,36,28,20,12,4,38,30,22,14,6,40,32,24,16,8,42,34,26,18,10,2,36,28,20,12,4,38,30,22,14,6,40,32,24,16,8,42]",1427.773755043745,9431444480,49.0,94.4,1755.0,1593.0,54.0,322.02,1575.0,1593.0
b128_h65536_q256_csa_trace_replay_descending_steady,ok,,full,csa_trace_replay,descending,steady,128,65536,256,2048,10,30,20260803,2026-08-11T10:37:53.232135+00:00,1.2266971170902252,50.87503790855408,18.58448028564453,18.5784969329834,18.717632293701172,18.605010096232096,0.07296619023459756,502.88459469674507,67108864,9345848836096,0.3866701612285539,3941496,17.02624181275333,2270301696,43.302568359375,0.3682512555803572,"[19,19,19,19,19,19,19,19,19,19,19,19,19,19,19,19,19,19,19,19,19,19,19,19,19,19,19,19,19,19,19,19,19,19,19,19,19,19,19,19,19,19,19,19,19,19,19,19,19,19,19,19,19,19,19,19,19,19,19,19,19,19,19,19,19,19,19,19,19,19,19,19,19,19,19,19,19,19,19,19,19,19,19,19,19,19,19,19,19,19,19,19,19,19,19,19,19,19,19,19,19,19,19,19,19,19,19,19,19,19,19,19,19,19,19,19,19,19,19,19,19,19,19,19,19,19,19,19]","[8,42,34,26,18,10,2,36,28,20,12,4,38,30,22,14,6,40,32,24,16,8,42,34,26,18,10,2,36,28,20,12,4,38,30,22,14,6,40,32,24,16,8,42,34,26,18,10,2,36,28,20,12,4,38,30,22,14,6,40,32,24,16,8,42,34,26,18,10,2,36,28,20,12,4,38,30,22,14,6,40,32,24,16,8,42,34,26,18,10,2,36,28,20,12,4,38,30,22,14,6,40,32,24,16,8,42,34,26,18,10,2,36,28,20,12,4,38,30,22,14,6,40,32,24,16,8,42]",1427.7872070670128,9431444480,49.0,94.29,1755.0,1593.0,55.0,319.65,1695.0,1593.0
b128_h65536_q256_original_strided_ascending_steady,ok,,full,original_strided,ascending,steady,128,65536,256,2048,10,30,20260803,2026-08-11T10:37:49.778629+00:00,1.2266971170902252,50.87503790855408,21.90355110168457,21.897216796875,23.119199752807617,22.007032457987467,0.3456620565260487,426.6819016107952,67108864,9345848836096,0.032053479961320464,8415315,7.9746110513985515,4847221440,92.45341186523437,,,,26.518628001213074,9431444480,50.0,312.92,1740.0,1593.0,54.0,324.59,1695.0,1593.0
b128_h65536_q256_original_strided_descending_steady,ok,,full,original_strided,descending,steady,128,65536,256,2048,10,30,20260803,2026-08-11T10:37:55.595432+00:00,1.2266971170902252,50.87503790855408,21.904991149902344,21.893184661865234,23.278911590576172,22.05739294687907,0.40324414455846536,426.65385126794104,67108864,9345848836096,0.032053479961320464,8415315,7.9746110513985515,4847221440,92.45341186523437,,,,25.729134678840637,9700011008,50.0,331.09,1740.0,1593.0,51.0,332.73,1650.0,1593.0
b128_h65536_q64_csa_trace_replay_ascending_steady,ok,,full,csa_trace_replay,ascending,steady,128,65536,64,2048,10,30,20260803,2026-08-11T10:37:29.146747+00:00,1.0243989527225494,42.13017597794533,5.010879993438721,4.960447788238525,5.156288146972656,5.052841583887736,0.08286839301061055,466.27782187627304,16777216,2336462209024,0.35459851461743547,2732032,6.140929535232384,1573650432,30.015,0.35796724980124756,"[19,19,19,19,19,19,19,19,19,19,19,19,19,19,19,19,19,19,19,19,19,19,19,19,19,19,19,19,19,19,19,19,19,19,19,19,19,19,19,19,19,19,19,19,19,19,19,19,19,19,19,19,19,19,19,19,19,19,19,19,19,19,19,19,19,19,19,19,19,19,19,19,19,19,19,19,19,19,19,19,19,19,19,19,19,19,19,19,19,19,19,19,19,19,19,19,19,19,19,19,19,19,19,19,19,19,19,19,19,19,19,19,19,19,19,19,19,19,19,19,19,19,19,19,19,19,19,19]","[8,42,34,26,18,10,2,36,28,20,12,4,38,30,22,14,6,40,32,24,16,8,42,34,26,18,10,2,36,28,20,12,4,38,30,22,14,6,40,32,24,16,8,42,34,26,18,10,2,36,28,20,12,4,38,30,22,14,6,40,32,24,16,8,42,34,26,18,10,2,36,28,20,12,4,38,30,22,14,6,40,32,24,16,8,42,34,26,18,10,2,36,28,20,12,4,38,30,22,14,6,40,32,24,16,8,42,34,26,18,10,2,36,28,20,12,4,38,30,22,14,6,40,32,24,16,8,42]",385.5563886463642,6308264960,48.0,199.25,1755.0,1593.0,52.0,219.06,1695.0,1593.0
b128_h65536_q64_csa_trace_replay_descending_steady,ok,,full,csa_trace_replay,descending,steady,128,65536,64,2048,10,30,20260803,2026-08-11T10:37:29.857962+00:00,1.0243989527225494,42.13017597794533,5.137983798980713,4.933375835418701,5.144927978515625,5.083358939488729,0.07471547105570454,454.74300823749456,16777216,2336462209024,0.35459851461743547,2732032,6.140929535232384,1573650432,30.015,0.35796724980124756,"[19,19,19,19,19,19,19,19,19,19,19,19,19,19,19,19,19,19,19,19,19,19,19,19,19,19,19,19,19,19,19,19,19,19,19,19,19,19,19,19,19,19,19,19,19,19,19,19,19,19,19,19,19,19,19,19,19,19,19,19,19,19,19,19,19,19,19,19,19,19,19,19,19,19,19,19,19,19,19,19,19,19,19,19,19,19,19,19,19,19,19,19,19,19,19,19,19,19,19,19,19,19,19,19,19,19,19,19,19,19,19,19,19,19,19,19,19,19,19,19,19,19,19,19,19,19,19,19]","[8,42,34,26,18,10,2,36,28,20,12,4,38,30,22,14,6,40,32,24,16,8,42,34,26,18,10,2,36,28,20,12,4,38,30,22,14,6,40,32,24,16,8,42,34,26,18,10,2,36,28,20,12,4,38,30,22,14,6,40,32,24,16,8,42,34,26,18,10,2,36,28,20,12,4,38,30,22,14,6,40,32,24,16,8,42,34,26,18,10,2,36,28,20,12,4,38,30,22,14,6,40,32,24,16,8,42,34,26,18,10,2,36,28,20,12,4,38,30,22,14,6,40,32,24,16,8,42]",386.0330320894718,6308264960,48.0,148.04,1755.0,1593.0,53.0,205.51,1725.0,1593.0
b128_h65536_q64_original_strided_ascending_steady,ok,,full,original_strided,ascending,steady,128,65536,64,2048,10,30,20260803,2026-08-11T10:37:28.769255+00:00,1.0243989527225494,42.13017597794533,5.941472053527832,5.778624057769775,5.952383995056152,5.880211242039999,0.07626608363274721,393.2463517415171,16777216,2336462209024,0.032335311647445436,7373676,2.2752852173054525,4247237376,81.0096240234375,,,,14.138244092464447,6308264960,51.0,226.41,1740.0,1593.0,51.0,281.43,1665.0,1593.0
b128_h65536_q64_original_strided_descending_steady,ok,,full,original_strided,descending,steady,128,65536,64,2048,10,30,20260803,2026-08-11T10:37:30.591747+00:00,1.0243989527225494,42.13017597794533,5.9113922119140625,5.749824047088623,6.043456077575684,5.9102357228597,0.10678485854531189,395.2473673316749,16777216,2336462209024,0.032335311647445436,7373676,2.2752852173054525,4247237376,81.0096240234375,,,,14.856841415166855,6375373824,49.0,195.71,1740.0,1593.0,53.0,220.72,1665.0,1593.0
b128_h8192_q1024_csa_trace_replay_ascending_steady,ok,,full,csa_trace_replay,ascending,steady,128,8192,1024,2048,10,30,20260803,2026-08-11T10:38:00.144206+00:00,1.5083886682987213,47.24827781319618,76.797119140625,72.41404724121094,82.1233901977539,76.75943196614584,2.7960599017849437,486.7812199560558,268435456,37383395344384,0.7399554061516755,1010664,265.60306491573857,582142464,11.103486328125,0.6190233771814992,"[8,19,5,18,3,12,0,8,19,5,18,3,12,0,8,19,5,18,3,12,0,8,19,5,18,3,12,0,8,19,5,18,3,12,0,8,19,5,18,3,12,0,8,19,5,18,3,12,0,8,19,5,18,3,12,0,8,19,5,18,3,12,0,8,19,5,18,3,12,0,8,19,5,18,3,12,0,8,19,5,18,3,12,0,8,19,5,18,3,12,0,8,19,5,18,3,12,0,8,19,5,18,3,12,0,8,19,5,18,3,12,0,8,19,5,18,3,12,0,8,19,5,18,3,12,0,8,19]","[26,30,36,40,4,8,14,18,22,28,32,38,42,6,10,14,20,24,30,34,40,2,6,12,16,22,26,32,36,40,4,8,14,18,24,28,32,38,42,6,10,16,20,24,30,34,40,2,8,12,16,22,26,32,36,42,4,8,14,18,24,28,34,38,42,6,10,16,20,26,30,34,40,2,8,12,18,22,26,32,36,42,4,10,14,18,24,28,34,38,2,6,10,16,20,26,30,36,40,2,8,12,18,22,28,32,36,42,4,10,14,20,24,28,34,38,2,6,12,16,20,26,30,36,40,4,8,12]",4866.423457860947,18801019904,51.0,110.51,1695.0,1593.0,51.0,331.77,1710.0,1593.0
b128_h8192_q1024_csa_trace_replay_descending_steady,ok,,full,csa_trace_replay,descending,steady,128,8192,1024,2048,10,30,20260803,2026-08-11T10:38:08.257342+00:00,1.5083886682987213,47.24827781319618,76.02425384521484,74.4373779296875,82.28627014160156,76.68181660970052,2.0240028500885847,491.729855323493,268435456,37383395344384,0.7399554061516755,1010664,265.60306491573857,582142464,11.103486328125,0.6190233771814992,"[8,19,5,18,3,12,0,8,19,5,18,3,12,0,8,19,5,18,3,12,0,8,19,5,18,3,12,0,8,19,5,18,3,12,0,8,19,5,18,3,12,0,8,19,5,18,3,12,0,8,19,5,18,3,12,0,8,19,5,18,3,12,0,8,19,5,18,3,12,0,8,19,5,18,3,12,0,8,19,5,18,3,12,0,8,19,5,18,3,12,0,8,19,5,18,3,12,0,8,19,5,18,3,12,0,8,19,5,18,3,12,0,8,19,5,18,3,12,0,8,19,5,18,3,12,0,8,19]","[26,30,36,40,4,8,14,18,22,28,32,38,42,6,10,14,20,24,30,34,40,2,6,12,16,22,26,32,36,40,4,8,14,18,24,28,32,38,42,6,10,16,20,24,30,34,40,2,8,12,16,22,26,32,36,42,4,8,14,18,24,28,34,38,42,6,10,16,20,26,30,34,40,2,8,12,18,22,26,32,36,42,4,10,14,18,24,28,34,38,2,6,10,16,20,26,30,36,40,2,8,12,18,22,28,32,36,42,4,10,14,20,24,28,34,38,2,6,12,16,20,26,30,36,40,4,8,12]",5283.445872366428,18801019904,52.0,112.89,1725.0,1593.0,50.0,330.57,1725.0,1593.0
b128_h8192_q1024_original_strided_ascending_steady,ok,,full,original_strided,ascending,steady,128,8192,1024,2048,10,30,20260803,2026-08-11T10:37:56.713186+00:00,1.5083886682987213,47.24827781319618,77.49922943115234,72.45247650146484,80.28598022460938,76.89500249226889,2.5352551496123072,482.3711876721836,268435456,37383395344384,0.23590087144838634,1179156,227.65050256285005,679193856,12.9545947265625,,,,71.21999189257622,18801019904,51.0,298.73,1725.0,1593.0,55.0,326.95,1740.0,1593.0
b128_h8192_q1024_original_strided_descending_steady,ok,,full,original_strided,descending,steady,128,8192,1024,2048,10,30,20260803,2026-08-11T10:38:16.835228+00:00,1.5083886682987213,47.24827781319618,77.23951721191406,72.74444580078125,79.02416229248047,76.83989893595377,2.4100744135141063,483.99312545958895,268435456,37383395344384,0.23590087144838634,1179156,227.65050256285005,679193856,12.9545947265625,,,,70.5907829105854,19875286016,52.0,310.6,1695.0,1593.0,52.0,328.76,1710.0,1593.0
b128_h8192_q2048_csa_trace_replay_ascending_steady,ok,,full,csa_trace_replay,ascending,steady,128,8192,2048,2048,10,30,20260803,2026-08-11T10:39:41.410117+00:00,1.961633563041687,90.6510092318058,152.83468627929688,149.07752990722656,155.5800018310547,152.3106903076172,2.003376924669375,489.2004067200809,536870912,74766790688768,0.7496216088664434,1032044,520.2015728011596,594457344,11.3383740234375,0.6308553363479046,"[8,19,5,18,3,12,0,8,19,5,18,3,12,0,8,19,5,18,3,12,0,8,19,5,18,3,12,0,8,19,5,18,3,12,0,8,19,5,18,3,12,0,8,19,5,18,3,12,0,8,19,5,18,3,12,0,8,19,5,18,3,12,0,8,19,5,18,3,12,0,8,19,5,18,3,12,0,8,19,5,18,3,12,0,8,19,5,18,3,12,0,8,19,5,18,3,12,0,8,19,5,18,3,12,0,8,19,5,18,3,12,0,8,19,5,18,3,12,0,8,19,5,18,3,12,0,8,19]","[26,30,36,40,4,8,14,18,22,28,32,38,42,6,10,14,20,24,30,34,40,2,6,12,16,22,26,32,36,40,4,8,14,18,24,28,32,38,42,6,10,16,20,24,30,34,40,2,8,12,16,22,26,32,36,42,4,8,14,18,24,28,34,38,42,6,10,16,20,26,30,34,40,2,8,12,18,22,26,32,36,42,4,10,14,18,24,28,34,38,2,6,10,16,20,26,30,36,40,2,8,12,18,22,28,32,36,42,4,10,14,20,24,28,34,38,2,6,12,16,20,26,30,36,40,4,8,12]",10134.794022887945,36930931712,53.0,132.63,1725.0,1593.0,52.0,330.66,1710.0,1593.0
b128_h8192_q2048_csa_trace_replay_descending_steady,ok,,full,csa_trace_replay,descending,steady,128,8192,2048,2048,10,30,20260803,2026-08-11T10:39:57.967973+00:00,1.961633563041687,90.6510092318058,153.8050537109375,144.91949462890625,161.3275909423828,153.00997823079427,5.073177663438874,486.11400526074607,536870912,74766790688768,0.7496216088664434,1032044,520.2015728011596,594457344,11.3383740234375,0.6308553363479046,"[8,19,5,18,3,12,0,8,19,5,18,3,12,0,8,19,5,18,3,12,0,8,19,5,18,3,12,0,8,19,5,18,3,12,0,8,19,5,18,3,12,0,8,19,5,18,3,12,0,8,19,5,18,3,12,0,8,19,5,18,3,12,0,8,19,5,18,3,12,0,8,19,5,18,3,12,0,8,19,5,18,3,12,0,8,19,5,18,3,12,0,8,19,5,18,3,12,0,8,19,5,18,3,12,0,8,19,5,18,3,12,0,8,19,5,18,3,12,0,8,19,5,18,3,12,0,8,19]","[26,30,36,40,4,8,14,18,22,28,32,38,42,6,10,14,20,24,30,34,40,2,6,12,16,22,26,32,36,40,4,8,14,18,24,28,32,38,42,6,10,16,20,24,30,34,40,2,8,12,16,22,26,32,36,42,4,8,14,18,24,28,34,38,42,6,10,16,20,26,30,34,40,2,8,12,18,22,26,32,36,42,4,10,14,18,24,28,34,38,2,6,10,16,20,26,30,36,40,2,8,12,18,22,28,32,36,42,4,10,14,20,24,28,34,38,2,6,12,16,20,26,30,36,40,4,8,12]",9595.498833805323,36930931712,52.0,131.56,1635.0,1593.0,51.0,335.73,1650.0,1593.0
b128_h8192_q2048_original_strided_ascending_steady,ok,,full,original_strided,ascending,steady,128,8192,2048,2048,10,30,20260803,2026-08-11T10:39:34.860041+00:00,1.961633563041687,90.6510092318058,154.102783203125,148.04742431640625,159.876953125,153.61062774658203,4.006245463539119,485.1748238071525,536870912,74766790688768,0.22328003965824128,1310247,409.7478658604065,754702272,14.394803466796875,,,,137.53655180335045,36930931712,52.0,293.17,1500.0,1593.0,57.0,332.94,1710.0,1593.0
b128_h8192_q2048_original_strided_descending_steady,ok,,full,original_strided,descending,steady,128,8192,2048,2048,10,30,20260803,2026-08-11T10:40:13.936930+00:00,1.961633563041687,90.6510092318058,153.2340850830078,148.0240936279297,157.4094696044922,153.1923044840495,2.8537343288164814,487.92532450117994,536870912,74766790688768,0.22328003965824128,1310247,409.7478658604065,754702272,14.394803466796875,,,,134.67374444007874,39079463936,55.0,308.04,1680.0,1593.0,56.0,341.2,1650.0,1593.0
b128_h8192_q256_csa_trace_replay_ascending_steady,ok,,full,csa_trace_replay,ascending,steady,128,8192,256,2048,20,100,20260803,2026-08-11T10:48:51.495324+00:00,0.9249933063983917,16.427308320999146,19.315519332885742,18.15430450439453,19.78950309753418,19.067888984680177,0.6937527769116625,483.85180201622507,67108864,9345848836096,0.7283991196576287,914348,73.39531994382882,526664448,10.0453271484375,0.6069890151051859,"[8,19,5,18,3,12,0,8,19,5,18,3,12,0,8,19,5,18,3,12,0,8,19,5,18,3,12,0,8,19,5,18,3,12,0,8,19,5,18,3,12,0,8,19,5,18,3,12,0,8,19,5,18,3,12,0,8,19,5,18,3,12,0,8,19,5,18,3,12,0,8,19,5,18,3,12,0,8,19,5,18,3,12,0,8,19,5,18,3,12,0,8,19,5,18,3,12,0,8,19,5,18,3,12,0,8,19,5,18,3,12,0,8,19,5,18,3,12,0,8,19,5,18,3,12,0,8,19]","[26,30,36,40,4,8,14,18,22,28,32,38,42,6,10,14,20,24,30,34,40,2,6,12,16,22,26,32,36,40,4,8,14,18,24,28,32,38,42,6,10,16,20,24,30,34,40,2,8,12,16,22,26,32,36,42,4,8,14,18,24,28,34,38,42,6,10,16,20,26,30,34,40,2,8,12,18,22,26,32,36,42,4,10,14,18,24,28,34,38,2,6,10,16,20,26,30,36,40,2,8,12,18,22,28,32,36,42,4,10,14,20,24,28,34,38,2,6,12,16,20,26,30,36,40,4,8,12]",1097.7924652397633,5203586048,47.0,94.3,1755.0,1593.0,51.0,343.26,1545.0,1593.0
b128_h8192_q256_csa_trace_replay_descending_steady,ok,,full,csa_trace_replay,descending,steady,128,8192,256,2048,20,100,20260803,2026-08-11T10:48:55.006653+00:00,0.9249933063983917,16.427308320999146,19.39276885986328,18.15235137939453,19.67990493774414,19.062530555725097,0.6101196836475691,481.9244174790772,67108864,9345848836096,0.7283991196576287,914348,73.39531994382882,526664448,10.0453271484375,0.6069890151051859,"[8,19,5,18,3,12,0,8,19,5,18,3,12,0,8,19,5,18,3,12,0,8,19,5,18,3,12,0,8,19,5,18,3,12,0,8,19,5,18,3,12,0,8,19,5,18,3,12,0,8,19,5,18,3,12,0,8,19,5,18,3,12,0,8,19,5,18,3,12,0,8,19,5,18,3,12,0,8,19,5,18,3,12,0,8,19,5,18,3,12,0,8,19,5,18,3,12,0,8,19,5,18,3,12,0,8,19,5,18,3,12,0,8,19,5,18,3,12,0,8,19,5,18,3,12,0,8,19]","[26,30,36,40,4,8,14,18,22,28,32,38,42,6,10,14,20,24,30,34,40,2,6,12,16,22,26,32,36,40,4,8,14,18,24,28,32,38,42,6,10,16,20,24,30,34,40,2,8,12,16,22,26,32,36,42,4,8,14,18,24,28,34,38,42,6,10,16,20,26,30,34,40,2,8,12,18,22,26,32,36,42,4,10,14,18,24,28,34,38,2,6,10,16,20,26,30,36,40,2,8,12,18,22,28,32,36,42,4,10,14,20,24,28,34,38,2,6,12,16,20,26,30,36,40,4,8,12]",1124.9102465808392,5203586048,49.0,93.96,1755.0,1593.0,54.0,336.42,1665.0,1593.0
b128_h8192_q256_original_strided_ascending_steady,ok,,full,original_strided,ascending,steady,128,8192,256,2048,20,100,20260803,2026-08-11T10:48:48.916251+00:00,0.9249933063983917,16.427308320999146,19.57539176940918,19.375167846679688,20.16815948486328,19.626462707519533,0.3110190593171815,477.42844415001326,67108864,9345848836096,0.24697506474513634,1080934,62.084145748029016,622617984,11.87549560546875,,,,24.99311789870262,5203586048,50.0,291.64,1740.0,1593.0,49.0,332.4,1710.0,1593.0
b128_h8192_q256_original_strided_descending_steady,ok,,full,original_strided,descending,steady,128,8192,256,2048,20,100,20260803,2026-08-11T10:48:58.591812+00:00,0.9249933063983917,16.427308320999146,19.571327209472656,18.298784255981445,19.801376342773438,19.302722873687745,0.544963839797353,477.5275961648909,67108864,9345848836096,0.24697506474513634,1080934,62.084145748029016,622617984,11.87549560546875,,,,25.20296722650528,5472152576,50.0,307.69,1740.0,1593.0,54.0,338.0,1680.0,1593.0
b128_h8192_q64_csa_trace_replay_ascending_steady,ok,,full,csa_trace_replay,ascending,steady,128,8192,64,2048,10,30,20260803,2026-08-11T10:37:23.074506+00:00,0.9062439203262329,8.547883480787277,4.640672206878662,4.526144027709961,4.797311782836914,4.65592851638794,0.08005656640753367,503.47495036619176,16777216,2336462209024,0.7294224330357142,789420,21.252585442476754,454705920,8.6728271484375,0.5995482204011742,"[8,19,5,18,3,12,0,8,19,5,18,3,12,0,8,19,5,18,3,12,0,8,19,5,18,3,12,0,8,19,5,18,3,12,0,8,19,5,18,3,12,0,8,19,5,18,3,12,0,8,19,5,18,3,12,0,8,19,5,18,3,12,0,8,19,5,18,3,12,0,8,19,5,18,3,12,0,8,19,5,18,3,12,0,8,19,5,18,3,12,0,8,19,5,18,3,12,0,8,19,5,18,3,12,0,8,19,5,18,3,12,0,8,19,5,18,3,12,0,8,19,5,18,3,12,0,8,19]","[26,30,36,40,4,8,14,18,22,28,32,38,42,6,10,14,20,24,30,34,40,2,6,12,16,22,26,32,36,40,4,8,14,18,24,28,32,38,42,6,10,16,20,24,30,34,40,2,8,12,16,22,26,32,36,42,4,8,14,18,24,28,34,38,42,6,10,16,20,26,30,34,40,2,8,12,18,22,26,32,36,42,4,10,14,18,24,28,34,38,2,6,10,16,20,26,30,36,40,2,8,12,18,22,28,32,36,42,4,10,14,20,24,28,34,38,2,6,12,16,20,26,30,36,40,4,8,12]",296.49150744080544,2080406528,49.0,213.27,1755.0,1593.0,55.0,205.24,1680.0,1593.0
b128_h8192_q64_csa_trace_replay_descending_steady,ok,,full,csa_trace_replay,descending,steady,128,8192,64,2048,10,30,20260803,2026-08-11T10:37:23.687537+00:00,0.9062439203262329,8.547883480787277,4.681727886199951,4.596896171569824,4.841119766235352,4.700004243850708,0.0686558009219866,499.0598056565931,16777216,2336462209024,0.7294224330357142,789420,21.252585442476754,454705920,8.6728271484375,0.5995482204011742,"[8,19,5,18,3,12,0,8,19,5,18,3,12,0,8,19,5,18,3,12,0,8,19,5,18,3,12,0,8,19,5,18,3,12,0,8,19,5,18,3,12,0,8,19,5,18,3,12,0,8,19,5,18,3,12,0,8,19,5,18,3,12,0,8,19,5,18,3,12,0,8,19,5,18,3,12,0,8,19,5,18,3,12,0,8,19,5,18,3,12,0,8,19,5,18,3,12,0,8,19,5,18,3,12,0,8,19,5,18,3,12,0,8,19,5,18,3,12,0,8,19,5,18,3,12,0,8,19]","[26,30,36,40,4,8,14,18,22,28,32,38,42,6,10,14,20,24,30,34,40,2,6,12,16,22,26,32,36,40,4,8,14,18,24,28,32,38,42,6,10,16,20,24,30,34,40,2,8,12,16,22,26,32,36,42,4,8,14,18,24,28,34,38,42,6,10,16,20,26,30,34,40,2,8,12,18,22,26,32,36,42,4,10,14,18,24,28,34,38,2,6,10,16,20,26,30,36,40,2,8,12,18,22,28,32,36,42,4,10,14,20,24,28,34,38,2,6,12,16,20,26,30,36,40,4,8,12]",296.9467602670193,2080406528,49.0,149.85,1755.0,1593.0,54.0,208.75,1665.0,1593.0
b128_h8192_q64_original_strided_ascending_steady,ok,,full,original_strided,ascending,steady,128,8192,64,2048,10,30,20260803,2026-08-11T10:37:22.700317+00:00,0.9062439203262329,8.547883480787277,4.771488189697266,4.561823844909668,4.776447772979736,4.720846970876058,0.0821571646468909,489.67159010661624,16777216,2336462209024,0.2510587298680866,1056332,15.882521782924307,608447232,11.6052099609375,,,,13.831887394189835,2080406528,50.0,318.73,1740.0,1593.0,51.0,304.69,1725.0,1593.0
b128_h8192_q64_original_strided_descending_steady,ok,,full,original_strided,descending,steady,128,8192,64,2048,10,30,20260803,2026-08-11T10:37:24.292985+00:00,0.9062439203262329,8.547883480787277,4.778048038482666,4.562848091125488,4.827648162841797,4.730851252873738,0.09771520849535131,488.9993131517312,16777216,2336462209024,0.2510587298680866,1056332,15.882521782924307,608447232,11.6052099609375,,,,13.621613383293152,2147515392,50.0,209.64,1740.0,1593.0,52.0,215.49,1680.0,1593.0
b1_h16384_q1024_csa_trace_replay_ascending_steady,ok,,full,csa_trace_replay,ascending,steady,1,16384,1024,2048,10,30,20260803,2026-08-11T10:35:22.484846+00:00,0.6386786699295044,0.6332620978355408,0.5603520274162292,0.5587520003318787,0.563040018081665,0.560616538921992,0.001593907274284224,521.2041035608846,2097152,292057776128,0.7388291941593352,14824,141.47004856988667,8538624,0.162861328125,0.5522527825342466,[8],[2],44.28114742040634,304153600,36.0,123.82,1755.0,1593.0,36.0,128.66,1755.0,1593.0
b1_h16384_q1024_csa_trace_replay_descending_steady,ok,,full,csa_trace_replay,descending,steady,1,16384,1024,2048,10,30,20260803,2026-08-11T10:35:22.718774+00:00,0.6386786699295044,0.6332620978355408,0.5603839755058289,0.5586879849433899,0.5678399801254272,0.5610410670439402,0.002560034738944303,521.1743891576751,2097152,292057776128,0.7388291941593352,14824,141.47004856988667,8538624,0.162861328125,0.5522527825342466,[8],[2],43.82455348968506,304153600,36.0,127.53,1755.0,1593.0,38.0,127.88,1755.0,1593.0
b1_h16384_q1024_original_strided_ascending_steady,ok,,full,original_strided,ascending,steady,1,16384,1024,2048,10,30,20260803,2026-08-11T10:35:22.330170+00:00,0.6386786699295044,0.6332620978355408,0.5606719851493835,0.559391975402832,0.5684800148010254,0.5615808029969533,0.002399102186599056,520.9066688969401,2097152,292057776128,0.11923942677785923,17402,120.5121250430985,10023552,0.19118408203125,,,,6.453793495893478,304153600,37.0,122.7,1755.0,1593.0,38.0,125.26,1755.0,1593.0
b1_h16384_q1024_original_strided_descending_steady,ok,,full,original_strided,descending,steady,1,16384,1024,2048,10,30,20260803,2026-08-11T10:35:22.936617+00:00,0.6386786699295044,0.6332620978355408,0.5609599947929382,0.5596479773521423,0.5677440166473389,0.5615082661310832,0.00207812859591936,520.6392235435693,2097152,292057776128,0.11923942677785923,17402,120.5121250430985,10023552,0.19118408203125,,,,7.143717259168625,304153600,36.0,122.04,1755.0,1593.0,36.0,128.83,1755.0,1593.0
b1_h16384_q2048_csa_trace_replay_ascending_steady,ok,,full,csa_trace_replay,ascending,steady,1,16384,2048,2048,10,30,20260803,2026-08-11T10:35:25.517720+00:00,0.6696544587612152,0.8560977876186371,1.1039680242538452,1.100767970085144,1.1070400476455688,1.104311470190684,0.002206664995763748,529.1054989122485,4194304,584115552256,0.7345906356863703,16024,261.75137294058914,9229824,0.176044921875,0.5452649140777887,[8],[2],90.30323475599289,598868992,37.0,140.18,1740.0,1593.0,41.0,139.27,1725.0,1593.0
b1_h16384_q2048_csa_trace_replay_descending_steady,ok,,full,csa_trace_replay,descending,steady,1,16384,2048,2048,10,30,20260803,2026-08-11T10:35:25.794275+00:00,0.6696544587612152,0.8560977876186371,1.1031999588012695,1.101151943206787,1.106719970703125,1.103557332356771,0.0015509914008653028,529.4738706215113,4194304,584115552256,0.7345906356863703,16024,261.75137294058914,9229824,0.176044921875,0.5452649140777887,[8],[2],89.7117368876934,598868992,37.0,138.61,1740.0,1593.0,41.0,140.85,1680.0,1593.0
b1_h16384_q2048_original_strided_ascending_steady,ok,,full,original_strided,ascending,steady,1,16384,2048,2048,10,30,20260803,2026-08-11T10:35:25.337265+00:00,0.6696544587612152,0.8560977876186371,1.1059199571609497,1.1036800146102905,1.1813759803771973,1.1122090697288514,0.01932317465696389,528.1716352741348,4194304,584115552256,0.11496125236626771,18423,227.66672094664278,10611648,0.202401123046875,,,,11.593054980039597,598868992,38.0,140.23,1740.0,1593.0,37.0,146.58,1710.0,1593.0
b1_h16384_q2048_original_strided_descending_steady,ok,,full,original_strided,descending,steady,1,16384,2048,2048,10,30,20260803,2026-08-11T10:35:26.067761+00:00,0.6696544587612152,0.8560977876186371,1.1071679592132568,1.1045440435409546,1.1367360353469849,1.1175306598345438,0.013897038191433704,527.5762790959621,4194304,584115552256,0.11496125236626771,18423,227.66672094664278,10611648,0.202401123046875,,,,12.612104415893555,598868992,37.0,139.46,1740.0,1593.0,39.0,155.79,1725.0,1593.0
b1_h16384_q256_csa_trace_replay_ascending_steady,ok,,full,csa_trace_replay,ascending,steady,1,16384,256,2048,10,30,20260803,2026-08-11T10:35:20.396907+00:00,0.5567446351051331,0.7011890411376953,0.19708800315856934,0.19545599818229675,0.19910399615764618,0.1974592000246048,0.0014237326338336664,370.4662022135128,524288,73014444032,0.7431142769607844,12176,43.059132720105126,7013376,0.13376953125,0.5567285347358122,[8],[2],10.964486747980118,83854336,36.0,91.33,1755.0,1593.0,36.0,92.04,1755.0,1593.0
b1_h16384_q256_csa_trace_replay_descending_steady,ok,,full,csa_trace_replay,descending,steady,1,16384,256,2048,10,30,20260803,2026-08-11T10:35:20.495526+00:00,0.5567446351051331,0.7011890411376953,0.19750399887561798,0.19551999866962433,0.1990399956703186,0.1974794661005338,0.001119775721103256,369.6859022990328,524288,73014444032,0.7431142769607844,12176,43.059132720105126,7013376,0.13376953125,0.5567285347358122,[8],[2],21.01777493953705,83854336,36.0,92.17,1755.0,1593.0,36.0,94.4,1755.0,1593.0
b1_h16384_q256_original_strided_ascending_steady,ok,,full,original_strided,ascending,steady,1,16384,256,2048,10,30,20260803,2026-08-11T10:35:20.284927+00:00,0.5567446351051331,0.7011890411376953,0.20080000162124634,0.19676800072193146,0.20502400398254395,0.20071466664473217,0.0020872459739909774,363.61774622752023,524288,73014444032,0.12882008272058823,16633,31.520952323693862,9580608,0.182735595703125,,,,2.650320529937744,83854336,35.0,90.51,1755.0,1593.0,35.0,91.57,1755.0,1593.0
b1_h16384_q256_original_strided_descending_steady,ok,,full,original_strided,descending,steady,1,16384,256,2048,10,30,20260803,2026-08-11T10:35:20.649040+00:00,0.5567446351051331,0.7011890411376953,0.20000000298023224,0.19734400510787964,0.21545599400997162,0.20254506717125575,0.00578215382186046,365.07221472000015,524288,73014444032,0.12882008272058823,16633,31.520952323693862,9580608,0.182735595703125,,,,3.007415682077408,83854336,36.0,94.22,1755.0,1593.0,36.0,95.1,1755.0,1593.0
b1_h16384_q64_csa_trace_replay_ascending_steady,ok,,full,csa_trace_replay,ascending,steady,1,16384,64,2048,10,30,20260803,2026-08-11T10:35:18.372334+00:00,0.4457347095012665,0.5886517465114594,0.07046400010585785,0.06960000097751617,0.0772479996085167,0.07095466653505961,0.0019049781454069925,259.04874802136777,131072,18253611008,0.7241443452380952,8596,15.24802233597022,4951296,0.0944384765625,0.526174168297456,[8],[2],2.4558715522289276,63431680,35.0,84.12,1755.0,1593.0,35.0,84.39,1755.0,1593.0
b1_h16384_q64_csa_trace_replay_descending_steady,ok,,full,csa_trace_replay,descending,steady,1,16384,64,2048,10,30,20260803,2026-08-11T10:35:18.472106+00:00,0.4457347095012665,0.5886517465114594,0.07004799693822861,0.06963200122117996,0.07215999811887741,0.07042666648825009,0.0013600831630232782,260.58719457883757,131072,18253611008,0.7241443452380952,8596,15.24802233597022,4951296,0.0944384765625,0.526174168297456,[8],[2],2.428777515888214,63431680,35.0,84.47,1755.0,1593.0,35.0,84.72,1755.0,1593.0
b1_h16384_q64_original_strided_ascending_steady,ok,,full,original_strided,ascending,steady,1,16384,64,2048,10,30,20260803,2026-08-11T10:35:18.196115+00:00,0.4457347095012665,0.5886517465114594,0.07001599669456482,0.06950400024652481,0.08070400357246399,0.07420266668001811,0.01909549795004227,260.706293843518,131072,18253611008,0.10764663938492064,16439,7.973234381653385,9468864,0.180604248046875,,,,1.6379617154598236,63431680,35.0,83.51,1755.0,1593.0,35.0,84.11,1755.0,1593.0
b1_h16384_q64_original_strided_descending_steady,ok,,full,original_strided,descending,steady,1,16384,64,2048,10,30,20260803,2026-08-11T10:35:18.550207+00:00,0.4457347095012665,0.5886517465114594,0.07020799815654755,0.06966400146484375,0.0727040022611618,0.07070613304773966,0.001633498131819556,259.9933267901854,131072,18253611008,0.10764663938492064,16439,7.973234381653385,9468864,0.180604248046875,,,,1.9207075238227844,63431680,35.0,84.75,1755.0,1593.0,35.0,85.0,1755.0,1593.0
b1_h32768_q1024_csa_trace_replay_ascending_steady,ok,,full,csa_trace_replay,ascending,steady,1,32768,1024,2048,10,30,20260803,2026-08-11T10:35:23.243418+00:00,0.6348565220832825,0.7058233022689819,0.5654079914093018,0.5631359815597534,0.5690240263938904,0.5658218642075856,0.002114665613041958,516.5434174356724,2097152,292057776128,0.7304095643939394,21896,95.77785896967482,12612096,0.240556640625,0.4931124633072407,[0],[4],46.742893755435944,313590784,36.0,123.22,1755.0,1593.0,38.0,126.2,1755.0,1593.0
b1_h32768_q1024_csa_trace_replay_descending_steady,ok,,full,csa_trace_replay,descending,steady,1,32768,1024,2048,10,30,20260803,2026-08-11T10:35:23.434257+00:00,0.6348565220832825,0.7058233022689819,0.5648319721221924,0.5637120008468628,0.5700799822807312,0.5661706626415253,0.005474132103779901,517.0701917433561,2097152,292057776128,0.7304095643939394,21896,95.77785896967482,12612096,0.240556640625,0.4931124633072407,[0],[4],43.22819411754608,313590784,36.0,122.69,1755.0,1593.0,36.0,129.88,1755.0,1593.0
b1_h32768_q1024_original_strided_ascending_steady,ok,,full,original_strided,ascending,steady,1,32768,1024,2048,10,30,20260803,2026-08-11T10:35:23.134501+00:00,0.6348565220832825,0.7058233022689819,0.565343976020813,0.563647985458374,0.5693439841270447,0.5659434656302135,0.0019272124887907492,516.6019070082883,2097152,292057776128,0.05516909900415445,33772,62.09735875873505,19452672,0.3710302734375,,,,6.481528282165527,313590784,36.0,129.15,1755.0,1593.0,39.0,130.73,1755.0,1593.0
b1_h32768_q1024_original_strided_descending_steady,ok,,full,original_strided,descending,steady,1,32768,1024,2048,10,30,20260803,2026-08-11T10:35:23.603234+00:00,0.6348565220832825,0.7058233022689819,0.5659840106964111,0.5639680027961731,0.5711680054664612,0.5665674646695454,0.002566544799156782,516.017715356728,2097152,292057776128,0.05516909900415445,33772,62.09735875873505,19452672,0.3710302734375,,,,7.188580930233002,313590784,37.0,122.84,1755.0,1593.0,36.0,131.89,1755.0,1593.0
b1_h32768_q2048_csa_trace_replay_ascending_steady,ok,,full,csa_trace_replay,ascending,steady,1,32768,2048,2048,10,30,20260803,2026-08-11T10:35:26.474691+00:00,0.6642788648605347,0.9386688470840454,1.1120959520339966,1.1111040115356445,1.1164799928665161,1.1125098665555317,0.001513075889188239,525.2384483440181,4194304,584115552256,0.7205075262579385,25628,163.66099578585923,14761728,0.2815576171875,0.4906280577299413,[0],[4],92.1010971069336,609223680,37.0,141.39,1740.0,1593.0,40.0,142.44,1725.0,1593.0
b1_h32768_q2048_csa_trace_replay_descending_steady,ok,,full,csa_trace_replay,descending,steady,1,32768,2048,2048,10,30,20260803,2026-08-11T10:35:26.760325+00:00,0.6642788648605347,0.9386688470840454,1.1127680540084839,1.1109119653701782,1.1688319444656372,1.12357439994812,0.022009728360168207,524.9212090083479,4194304,584115552256,0.7205075262579385,25628,163.66099578585923,14761728,0.2815576171875,0.4906280577299413,[0],[4],92.22563356161118,609223680,37.0,142.24,1740.0,1593.0,37.0,156.51,1725.0,1593.0
b1_h32768_q2048_original_strided_ascending_steady,ok,,full,original_strided,ascending,steady,1,32768,2048,2048,10,30,20260803,2026-08-11T10:35:26.249573+00:00,0.6642788648605347,0.9386688470840454,1.1225279569625854,1.1182080507278442,1.136672019958496,1.1271285216013591,0.007528674298307685,520.3572424481441,4194304,584115552256,0.057523681759892524,34801,120.5225137208701,20045376,0.382335205078125,,,,11.787600815296173,609223680,39.0,142.91,1740.0,1593.0,38.0,145.98,1740.0,1593.0
b1_h32768_q2048_original_strided_descending_steady,ok,,full,original_strided,descending,steady,1,32768,2048,2048,10,30,20260803,2026-08-11T10:35:27.016674+00:00,0.6642788648605347,0.9386688470840454,1.114240050315857,1.1107200384140015,1.123263955116272,1.1169023990631104,0.01336360119372739,524.2277479528931,4194304,584115552256,0.057523681759892524,34801,120.5225137208701,20045376,0.382335205078125,,,,12.460995465517044,609223680,38.0,143.25,1740.0,1593.0,40.0,154.35,1710.0,1593.0
b1_h32768_q256_csa_trace_replay_ascending_steady,ok,,full,csa_trace_replay,ascending,steady,1,32768,256,2048,10,30,20260803,2026-08-11T10:35:20.864500+00:00,0.6377175450325012,0.7855184376239777,0.19871999323368073,0.19654400646686554,0.2030400037765503,0.19919466674327851,0.002054972396550269,367.42374455568824,524288,73014444032,0.7310202205882353,15744,33.300813008130085,9068544,0.17296875,0.5082864481409002,[0],[4],10.21367684006691,140477440,36.0,96.17,1755.0,1593.0,36.0,96.2,1755.0,1593.0
b1_h32768_q256_csa_trace_replay_descending_steady,ok,,full,csa_trace_replay,descending,steady,1,32768,256,2048,10,30,20260803,2026-08-11T10:35:20.977584+00:00,0.6377175450325012,0.7855184376239777,0.19897599518299103,0.19625599682331085,0.20316800475120544,0.19883946627378463,0.0018889392067787034,366.95101821127344,524288,73014444032,0.7310202205882353,15744,33.300813008130085,9068544,0.17296875,0.5082864481409002,[0],[4],10.111723095178604,140477440,36.0,96.14,1755.0,1593.0,36.0,97.41,1755.0,1593.0
b1_h32768_q256_original_strided_ascending_steady,ok,,full,original_strided,ascending,steady,1,32768,256,2048,10,30,20260803,2026-08-11T10:35:20.758745+00:00,0.6377175450325012,0.7855184376239777,0.20454399287700653,0.20121599733829498,0.20793600380420685,0.20474346776803334,0.001721939526358028,356.9620549839564,524288,73014444032,0.07243412990196078,33013,15.881258898009875,19015488,0.362691650390625,,,,2.6606395840644836,140477440,36.0,95.15,1755.0,1593.0,36.0,96.44,1755.0,1593.0
b1_h32768_q256_original_strided_descending_steady,ok,,full,original_strided,descending,steady,1,32768,256,2048,10,30,20260803,2026-08-11T10:35:21.121044+00:00,0.6377175450325012,0.7855184376239777,0.20496000349521637,0.2014400064945221,0.20934399962425232,0.20481386681397756,0.0018419264795589041,356.237523355156,524288,73014444032,0.07243412990196078,33013,15.881258898009875,19015488,0.362691650390625,,,,4.313625395298004,140477440,36.0,95.92,1755.0,1593.0,36.0,95.5,1755.0,1593.0
b1_h32768_q64_csa_trace_replay_ascending_steady,ok,,full,csa_trace_replay,ascending,steady,1,32768,64,2048,10,30,20260803,2026-08-11T10:35:18.780266+00:00,0.5385316908359528,0.6057918071746826,0.07030399888753891,0.06985600292682648,0.0719359964132309,0.07068053260445595,0.0013187385504811317,259.63830360772516,131072,18253611008,0.7473338293650794,9948,13.175713711298753,5730048,0.1092919921875,0.5219239236790607,[0],[4],2.5747083127498627,120054784,35.0,85.56,1755.0,1593.0,35.0,86.01,1755.0,1593.0
b1_h32768_q64_csa_trace_replay_descending_steady,ok,,full,csa_trace_replay,descending,steady,1,32768,64,2048,10,30,20260803,2026-08-11T10:35:18.858699+00:00,0.5385316908359528,0.6057918071746826,0.07004799693822861,0.06960000097751617,0.07158400118350983,0.07048320000370344,0.001834571847572389,260.58719457883757,131072,18253611008,0.7473338293650794,9948,13.175713711298753,5730048,0.1092919921875,0.5219239236790607,[0],[4],2.4471767246723175,120054784,35.0,85.76,1755.0,1593.0,35.0,86.38,1755.0,1593.0
b1_h32768_q64_original_strided_ascending_steady,ok,,full,original_strided,ascending,steady,1,32768,64,2048,10,30,20260803,2026-08-11T10:35:18.656649+00:00,0.5385316908359528,0.6057918071746826,0.07030399888753891,0.0697920024394989,0.0724480003118515,0.07073173299431801,0.0015587317360422153,259.63830360772516,131072,18253611008,0.09202938988095238,31118,4.212095893052252,17923968,0.34187255859375,,,,1.6675516963005066,120054784,35.0,85.05,1755.0,1593.0,35.0,85.59,1755.0,1593.0
b1_h32768_q64_original_strided_descending_steady,ok,,full,original_strided,descending,steady,1,32768,64,2048,10,30,20260803,2026-08-11T10:35:19.012218+00:00,0.5385316908359528,0.6057918071746826,0.07043199986219406,0.06982400268316269,0.07311999797821045,0.0708746669193109,0.0015853643273350667,259.1664448505605,131072,18253611008,0.09202938988095238,31118,4.212095893052252,17923968,0.34187255859375,,,,1.95205956697464,120054784,35.0,86.32,1755.0,1593.0,35.0,86.06,1755.0,1593.0
b1_h65536_q1024_csa_trace_replay_ascending_steady,ok,,full,csa_trace_replay,ascending,steady,1,65536,1024,2048,10,30,20260803,2026-08-11T10:35:23.915869+00:00,0.6380155682563782,0.9741559624671936,0.5639680027961731,0.5621119737625122,0.5664640069007874,0.564166400829951,0.0015617709089468797,517.8623160887981,2097152,292057776128,0.5850096224340176,27284,76.8638029614426,15715584,0.2997509765625,0.45881428877201563,[19],[8],46.444106847047806,337249280,37.0,131.64,1755.0,1593.0,36.0,131.75,1755.0,1593.0
b1_h65536_q1024_csa_trace_replay_descending_steady,ok,,full,csa_trace_replay,descending,steady,1,65536,1024,2048,10,30,20260803,2026-08-11T10:35:24.108346+00:00,0.6380155682563782,0.9741559624671936,0.5646079778671265,0.5629760026931763,0.5676479935646057,0.5646826724211375,0.0015243614600845715,517.2753265571678,2097152,292057776128,0.5850096224340176,27284,76.8638029614426,15715584,0.2997509765625,0.45881428877201563,[19],[8],46.72408476471901,337249280,37.0,125.11,1755.0,1593.0,36.0,130.34,1755.0,1593.0
b1_h65536_q1024_original_strided_ascending_steady,ok,,full,original_strided,ascending,steady,1,65536,1024,2048,10,30,20260803,2026-08-11T10:35:23.806987+00:00,0.6380155682563782,0.9741559624671936,0.604640007019043,0.6031039953231812,0.6124160289764404,0.607289606332779,0.012712748350363748,483.0275415745054,2097152,292057776128,0.03247141907991202,66531,31.52142610211781,38321856,0.730931396484375,,,,6.586983799934387,337249280,37.0,125.3,1755.0,1593.0,37.0,131.91,1755.0,1593.0
b1_h65536_q1024_original_strided_descending_steady,ok,,full,original_strided,descending,steady,1,65536,1024,2048,10,30,20260803,2026-08-11T10:35:24.282172+00:00,0.6380155682563782,0.9741559624671936,0.6039999723434448,0.6024640202522278,0.6071360111236572,0.604555735985438,0.0015978500959944893,483.53938659111543,2097152,292057776128,0.03247141907991202,66531,31.52142610211781,38321856,0.730931396484375,,,,7.121957838535309,337249280,37.0,131.46,1755.0,1593.0,37.0,138.0,1710.0,1593.0
b1_h65536_q2048_csa_trace_replay_ascending_steady,ok,,full,csa_trace_replay,ascending,steady,1,65536,2048,2048,10,30,20260803,2026-08-11T10:35:27.382559+00:00,0.6734281778335571,1.1563003063201904,1.1133760213851929,1.1108479499816895,1.1248639822006226,1.1145546714464822,0.005304598103995071,524.6345718217283,4194304,584115552256,0.5799703071568149,39212,106.96480669182903,22586112,0.4307958984375,0.43524301308708413,[19],[8],101.16986185312271,628098048,37.0,145.04,1740.0,1593.0,40.0,153.82,1710.0,1593.0
b1_h65536_q2048_csa_trace_replay_descending_steady,ok,,full,csa_trace_replay,descending,steady,1,65536,2048,2048,10,30,20260803,2026-08-11T10:35:27.710819+00:00,0.6734281778335571,1.1563003063201904,1.1143039464950562,1.1115200519561768,1.1299200057983398,1.1170965353647868,0.01046089274381077,524.197687797197,4194304,584115552256,0.5799703071568149,39212,106.96480669182903,22586112,0.4307958984375,0.43524301308708413,[19],[8],97.14225307106972,628098048,37.0,144.35,1740.0,1593.0,41.0,147.21,1725.0,1593.0
b1_h65536_q2048_original_strided_ascending_steady,ok,,full,original_strided,ascending,steady,1,65536,2048,2048,10,30,20260803,2026-08-11T10:35:27.198340+00:00,0.6734281778335571,1.1563003063201904,1.1928960084915161,1.1901439428329468,1.282688021659851,1.2111818631490072,0.0355812498687819,489.6617543340152,4194304,584115552256,0.031713950674767954,67555,62.08724742802161,38911680,0.742181396484375,,,,11.653110384941101,628098048,38.0,141.93,1740.0,1593.0,41.0,151.63,1710.0,1593.0
b1_h65536_q2048_original_strided_descending_steady,ok,,full,original_strided,descending,steady,1,65536,2048,2048,10,30,20260803,2026-08-11T10:35:27.980782+00:00,0.6734281778335571,1.1563003063201904,1.2302080392837524,1.1957440376281738,1.2401599884033203,1.2183701356252035,0.019003088156086007,474.81038458835127,4194304,584115552256,0.031713950674767954,67555,62.08724742802161,38911680,0.742181396484375,,,,14.764454215765,628098048,38.0,142.77,1740.0,1593.0,38.0,143.48,1740.0,1593.0
b1_h65536_q256_csa_trace_replay_ascending_steady,ok,,full,csa_trace_replay,ascending,steady,1,65536,256,2048,10,30,20260803,2026-08-11T10:35:21.369404+00:00,0.6586089730262756,0.8368566632270813,0.2003519982099533,0.19785599410533905,0.20262399315834045,0.20049813240766526,0.0015666866332312145,364.43082516944276,524288,73014444032,0.5276654411764706,16744,31.311992355470615,9644544,0.183955078125,0.42799045988258316,[19],[8],10.5624720454216,253723648,36.0,96.54,1755.0,1593.0,36.0,101.36,1755.0,1593.0
b1_h65536_q256_csa_trace_replay_descending_steady,ok,,full,csa_trace_replay,descending,steady,1,65536,256,2048,10,30,20260803,2026-08-11T10:35:21.535356+00:00,0.6586089730262756,0.8368566632270813,0.19926400482654572,0.19686399400234222,0.2040960043668747,0.19954346666733425,0.0020130340622140372,366.420639269783,524288,73014444032,0.5276654411764706,16744,31.311992355470615,9644544,0.183955078125,0.42799045988258316,[19],[8],10.533396154642105,253723648,36.0,101.02,1755.0,1593.0,36.0,100.38,1755.0,1593.0
b1_h65536_q256_original_strided_ascending_steady,ok,,full,original_strided,ascending,steady,1,65536,256,2048,10,30,20260803,2026-08-11T10:35:21.281299+00:00,0.6586089730262756,0.8368566632270813,0.21436800062656403,0.2128639966249466,0.21798400580883026,0.21506453355153402,0.002368874265427586,340.6032794940954,524288,73014444032,0.03348843443627451,65763,7.972385688000852,37879488,0.722493896484375,,,,2.6473216712474823,253723648,36.0,95.51,1755.0,1593.0,36.0,97.66,1755.0,1593.0
b1_h65536_q256_original_strided_descending_steady,ok,,full,original_strided,descending,steady,1,65536,256,2048,10,30,20260803,2026-08-11T10:35:21.634898+00:00,0.6586089730262756,0.8368566632270813,0.21539199352264404,0.21244800090789795,0.2178560048341751,0.2152725338935852,0.001858442854935634,338.9840208908417,524288,73014444032,0.03348843443627451,65763,7.972385688000852,37879488,0.722493896484375,,,,3.1252168118953705,253723648,36.0,100.36,1755.0,1593.0,36.0,102.44,1755.0,1593.0
b1_h65536_q64_csa_trace_replay_ascending_steady,ok,,full,csa_trace_replay,ascending,steady,1,65536,64,2048,10,30,20260803,2026-08-11T10:35:19.354604+00:00,0.5493015050888062,0.6612837314605713,0.0703359991312027,0.06976000219583511,0.07558400183916092,0.07084906672437986,0.00161487488257838,259.52017790989584,131072,18253611008,0.5724826388888888,11768,11.138001359619306,6778368,0.129287109375,0.4511986301369863,[19],[8],2.487003803253174,233300992,35.0,85.73,1755.0,1593.0,36.0,86.0,1755.0,1593.0
b1_h65536_q64_csa_trace_replay_descending_steady,ok,,full,csa_trace_replay,descending,steady,1,65536,64,2048,10,30,20260803,2026-08-11T10:35:19.461750+00:00,0.5493015050888062,0.6612837314605713,0.07023999840021133,0.06969600170850754,0.07184000313282013,0.07059520011146864,0.0017228637876242861,259.874877900696,131072,18253611008,0.5724826388888888,11768,11.138001359619306,6778368,0.129287109375,0.4511986301369863,[19],[8],3.292422741651535,233300992,35.0,85.86,1755.0,1593.0,35.0,85.93,1755.0,1593.0
b1_h65536_q64_original_strided_ascending_steady,ok,,full,original_strided,ascending,steady,1,65536,64,2048,10,30,20260803,2026-08-11T10:35:19.186693+00:00,0.5493015050888062,0.6612837314605713,0.07708799839019775,0.07651200145483017,0.07974400371313095,0.0774368000527223,0.0015606544463283864,236.78927186052178,131072,18253611008,0.031374007936507936,55194,2.3747508787187015,31791744,0.60637939453125,,,,1.6222894191741943,233300992,35.0,85.99,1755.0,1593.0,35.0,85.68,1755.0,1593.0
b1_h65536_q64_original_strided_descending_steady,ok,,full,original_strided,descending,steady,1,65536,64,2048,10,30,20260803,2026-08-11T10:35:19.612945+00:00,0.5493015050888062,0.6612837314605713,0.07705599814653397,0.07651200145483017,0.07913599908351898,0.07746133382121721,0.0017074396352965585,236.88760702687827,131072,18253611008,0.031374007936507936,55194,2.3747508787187015,31791744,0.60637939453125,,,,1.981731504201889,233300992,35.0,85.66,1755.0,1593.0,35.0,85.68,1755.0,1593.0
b1_h8192_q1024_csa_trace_replay_ascending_steady,ok,,full,csa_trace_replay,ascending,steady,1,8192,1024,2048,10,30,20260803,2026-08-11T10:35:21.839087+00:00,0.633828341960907,0.5974248051643372,0.5600640177726746,0.557856023311615,0.5650560259819031,0.5604309380054474,0.002013743534182017,521.4721297209703,2097152,292057776128,0.7891904172776149,8080,259.54851485148515,4654080,0.08876953125,0.6677814640410958,[8],[26],45.92427611351013,299435008,36.0,107.12,1755.0,1593.0,37.0,112.53,1755.0,1593.0
b1_h8192_q1024_csa_trace_replay_descending_steady,ok,,full,csa_trace_replay,descending,steady,1,8192,1024,2048,10,30,20260803,2026-08-11T10:35:22.056737+00:00,0.633828341960907,0.5974248051643372,0.5610880255699158,0.5586240291595459,0.604095995426178,0.5731520056724548,0.017791043288125117,520.5204224976058,2097152,292057776128,0.7891904172776149,8080,259.54851485148515,4654080,0.08876953125,0.6677814640410958,[8],[26],39.75958377122879,299435008,36.0,111.05,1755.0,1593.0,36.0,118.4,1755.0,1593.0
b1_h8192_q1024_original_strided_ascending_steady,ok,,full,original_strided,ascending,steady,1,8192,1024,2048,10,30,20260803,2026-08-11T10:35:21.731071+00:00,0.633828341960907,0.5974248051643372,0.5576320290565491,0.5548800230026245,0.5647680163383484,0.5595306694507599,0.0074191728061254415,523.7464150366847,2097152,292057776128,0.23165962167033236,9214,227.60494899066637,5307264,0.10122802734375,,,,6.42438605427742,299435008,36.0,101.91,1755.0,1593.0,38.0,108.94,1755.0,1593.0
b1_h8192_q1024_original_strided_descending_steady,ok,,full,original_strided,descending,steady,1,8192,1024,2048,10,30,20260803,2026-08-11T10:35:22.222191+00:00,0.633828341960907,0.5974248051643372,0.5614719986915588,0.5592960119247437,0.5648000240325928,0.5617130637168884,0.0018224217855431176,520.1644548768319,2097152,292057776128,0.23165962167033236,9214,227.60494899066637,5307264,0.10122802734375,,,,7.123980671167374,299435008,37.0,117.79,1755.0,1593.0,37.0,124.18,1755.0,1593.0
b1_h8192_q2048_csa_trace_replay_ascending_steady,ok,,full,csa_trace_replay,ascending,steady,1,8192,2048,2048,10,30,20260803,2026-08-11T10:35:24.564107+00:00,0.6296001374721527,0.8217692375183105,1.1070400476455688,1.1051839590072632,1.1550400257110596,1.1151039958000184,0.01735332872702215,527.6372372420362,4194304,584115552256,0.7906864466292135,8176,513.0019569471624,4709376,0.08982421875,0.667993594055773,[8],[26],89.98709172010422,594150400,37.0,139.69,1740.0,1593.0,37.0,145.42,1740.0,1593.0
b1_h8192_q2048_csa_trace_replay_descending_steady,ok,,full,csa_trace_replay,descending,steady,1,8192,2048,2048,10,30,20260803,2026-08-11T10:35:24.847976+00:00,0.6296001374721527,0.8217692375183105,1.1009279489517212,1.0992640256881714,1.1055680513381958,1.1014090696970622,0.0020253847723441694,530.5665577953413,4194304,584115552256,0.7906864466292135,8176,513.0019569471624,4709376,0.08982421875,0.667993594055773,[8],[26],75.37063583731651,594150400,36.0,135.52,1740.0,1593.0,37.0,142.18,1740.0,1593.0
b1_h8192_q2048_original_strided_ascending_steady,ok,,full,original_strided,ascending,steady,1,8192,2048,2048,10,30,20260803,2026-08-11T10:35:24.391516+00:00,0.6296001374721527,0.8217692375183105,1.1028800010681152,1.0976639986038208,1.1308159828186035,1.1130527933438619,0.014238748040492844,529.6274768699195,4194304,584115552256,0.22087105367611137,10238,409.68001562805233,5897088,0.11247802734375,,,,11.54838502407074,594150400,37.0,132.74,1740.0,1593.0,38.0,145.34,1725.0,1593.0
b1_h8192_q2048_original_strided_descending_steady,ok,,full,original_strided,descending,steady,1,8192,2048,2048,10,30,20260803,2026-08-11T10:35:25.143093+00:00,0.6296001374721527,0.8217692375183105,1.110368013381958,1.1035200357437134,1.118016004562378,1.1102709372838337,0.005392916578580395,526.0558168250014,4194304,584115552256,0.22087105367611137,10238,409.68001562805233,5897088,0.11247802734375,,,,12.435831129550934,594150400,37.0,141.34,1740.0,1593.0,38.0,148.48,1710.0,1593.0
b1_h8192_q256_csa_trace_replay_ascending_steady,ok,,full,csa_trace_replay,ascending,steady,1,8192,256,2048,10,30,20260803,2026-08-11T10:35:19.850649+00:00,0.536840409040451,0.5626268684864044,0.19494399428367615,0.19302399456501007,0.19657599925994873,0.1951392004887263,0.0014977086842904025,374.5406176799259,524288,73014444032,0.8064338235294117,7236,72.4555002763958,4167936,0.0794970703125,0.684029476516634,[8],[26],10.36784052848816,78398464,36.0,86.45,1755.0,1593.0,35.0,87.59,1755.0,1593.0
b1_h8192_q256_csa_trace_replay_descending_steady,ok,,full,csa_trace_replay,descending,steady,1,8192,256,2048,10,30,20260803,2026-08-11T10:35:19.993387+00:00,0.536840409040451,0.5626268684864044,0.19519999623298645,0.192671999335289,0.19884799420833588,0.1951786662141482,0.001566352465895288,374.04941312012915,524288,73014444032,0.8064338235294117,7236,72.4555002763958,4167936,0.0794970703125,0.684029476516634,[8],[26],9.554661810398102,78398464,35.0,87.41,1755.0,1593.0,36.0,88.91,1755.0,1593.0
b1_h8192_q256_original_strided_ascending_steady,ok,,full,original_strided,ascending,steady,1,8192,256,2048,10,30,20260803,2026-08-11T10:35:19.742772+00:00,0.536840409040451,0.5626268684864044,0.19686399400234222,0.19404800236225128,0.20121599733829498,0.19679253300031027,0.001968085086230105,370.88775122144125,524288,73014444032,0.2553098192401961,8445,62.08265245707519,4864320,0.092779541015625,,,,2.69211083650589,78398464,35.0,85.6,1755.0,1593.0,36.0,86.64,1755.0,1593.0
b1_h8192_q256_original_strided_descending_steady,ok,,full,original_strided,descending,steady,1,8192,256,2048,10,30,20260803,2026-08-11T10:35:20.172982+00:00,0.536840409040451,0.5626268684864044,0.1971839964389801,0.1945600062608719,0.19961600005626678,0.19753066599369049,0.0025290670463965995,370.2858515426976,524288,73014444032,0.2553098192401961,8445,62.08265245707519,4864320,0.092779541015625,,,,3.062937408685684,78398464,36.0,88.85,1755.0,1593.0,35.0,90.6,1755.0,1593.0
b1_h8192_q64_csa_trace_replay_ascending_steady,ok,,full,csa_trace_replay,ascending,steady,1,8192,64,2048,10,30,20260803,2026-08-11T10:35:17.895684+00:00,243.52137371897697,20.781613886356354,0.07043199986219406,0.0697920024394989,0.07481600344181061,0.07099093397458395,0.001603723241685901,259.1664448505605,131072,18253611008,0.8130270337301587,6416,20.428927680798004,3695616,0.07048828125,0.65404843444227,[8],[26],12.014485895633698,35271680,35.0,82.42,1755.0,1593.0,35.0,82.64,1755.0,1593.0
b1_h8192_q64_csa_trace_replay_descending_steady,ok,,full,csa_trace_replay,descending,steady,1,8192,64,2048,10,30,20260803,2026-08-11T10:35:18.007582+00:00,243.52137371897697,20.781613886356354,0.07023999840021133,0.06960000097751617,0.07209599763154984,0.0706634670495987,0.0018986127229901318,259.874877900696,131072,18253611008,0.8130270337301587,6416,20.428927680798004,3695616,0.07048828125,0.65404843444227,[8],[26],2.262834459543228,35271680,35.0,82.7,1755.0,1593.0,35.0,83.13,1755.0,1593.0
b1_h8192_q64_original_strided_ascending_steady,ok,,full,original_strided,ascending,steady,1,8192,64,2048,10,30,20260803,2026-08-11T10:35:17.587647+00:00,243.52137371897697,20.781613886356354,0.07043199986219406,0.0697920024394989,0.0854720026254654,0.07248853296041488,0.005405663641904366,259.1664448505605,131072,18253611008,0.2423580109126984,8253,15.881739973343027,4753728,0.090670166015625,,,,193.05626302957535,35271680,35.0,82.0,1755.0,1593.0,35.0,82.33,1755.0,1593.0
b1_h8192_q64_original_strided_descending_steady,ok,,full,original_strided,descending,steady,1,8192,64,2048,10,30,20260803,2026-08-11T10:35:18.085745+00:00,243.52137371897697,20.781613886356354,0.07030399888753891,0.06937599927186966,0.07292799651622772,0.07048853312929472,0.001387847281765024,259.63830360772516,131072,18253611008,0.2423580109126984,8253,15.881739973343027,4753728,0.090670166015625,,,,1.9583925604820251,35271680,35.0,83.23,1755.0,1593.0,35.0,83.38,1755.0,1593.0
b32_h16384_q1024_csa_trace_replay_ascending_steady,ok,,full,csa_trace_replay,ascending,steady,32,16384,1024,2048,10,30,20260803,2026-08-11T10:36:14.462137+00:00,0.9018443524837494,13.584580272436142,18.116735458374023,17.964927673339844,18.317663192749023,18.11756680806478,0.1075239654587144,515.8682621143042,67108864,9345848836096,0.688334206798326,444012,151.1420051710314,255750912,4.8780615234375,0.5344674246651786,"[8,0,5,19,3,8,0,5,19,3,8,0,5,19,3,8,0,5,19,3,8,0,5,19,3,8,0,5,19,3,8,0]","[2,10,16,22,30,36,2,8,14,22,28,36,42,6,14,20,28,34,40,6,12,20,26,32,40,4,12,18,24,32,38,4]",1326.6755491495132,4851288064,47.0,93.14,1755.0,1593.0,52.0,313.85,1710.0,1593.0
b32_h16384_q1024_csa_trace_replay_descending_steady,ok,,full,csa_trace_replay,descending,steady,32,16384,1024,2048,10,30,20260803,2026-08-11T10:36:16.719599+00:00,0.9018443524837494,13.584580272436142,17.985023498535156,17.95724868774414,18.20137596130371,18.048916180928547,0.09692088751337176,519.6461843298231,67108864,9345848836096,0.688334206798326,444012,151.1420051710314,255750912,4.8780615234375,0.5344674246651786,"[8,0,5,19,3,8,0,5,19,3,8,0,5,19,3,8,0,5,19,3,8,0,5,19,3,8,0,5,19,3,8,0]","[2,10,16,22,30,36,2,8,14,22,28,36,42,6,14,20,28,34,40,6,12,20,26,32,40,4,12,18,24,32,38,4]",1293.12327131629,4851288064,44.0,92.1,1755.0,1593.0,52.0,313.48,1725.0,1593.0
b32_h16384_q1024_original_strided_ascending_steady,ok,,full,original_strided,ascending,steady,32,16384,1024,2048,10,30,20260803,2026-08-11T10:36:13.528180+00:00,0.9018443524837494,13.584580272436142,18.149951934814453,17.997440338134766,18.215200424194336,18.145362281799315,0.10711039504579734,514.9241645190915,67108864,9345848836096,0.12131984259492608,556840,120.51731915810646,320739840,6.117626953125,,,,20.34139633178711,4851288064,46.0,321.21,1740.0,1593.0,48.0,318.18,1680.0,1593.0
b32_h16384_q1024_original_strided_descending_steady,ok,,full,original_strided,descending,steady,32,16384,1024,2048,10,30,20260803,2026-08-11T10:36:18.920541+00:00,0.9018443524837494,13.584580272436142,18.124767303466797,18.107135772705078,18.138559341430664,18.14136422475179,0.08825418411845683,515.639659236253,67108864,9345848836096,0.12131984259492608,556840,120.51731915810646,320739840,6.117626953125,,,,20.328886806964874,5119854592,47.0,323.12,1740.0,1593.0,52.0,335.17,1560.0,1593.0
b32_h16384_q2048_csa_trace_replay_ascending_steady,ok,,full,csa_trace_replay,ascending,steady,32,16384,2048,2048,10,30,20260803,2026-08-11T10:36:46.479710+00:00,1.2404918670654297,25.10274574160576,38.00950241088867,36.18620681762695,39.274654388427734,37.87171516418457,1.32363522652877,491.7638086953053,134217728,18691697672192,0.6823732555931699,488028,275.0205480013442,281104128,5.3616357421875,0.5296158165381146,"[8,0,5,19,3,8,0,5,19,3,8,0,5,19,3,8,0,5,19,3,8,0,5,19,3,8,0,5,19,3,8,0]","[2,10,16,22,30,36,2,8,14,22,28,36,42,6,14,20,28,34,40,6,12,20,26,32,40,4,12,18,24,32,38,4]",2716.453082859516,9383790592,47.0,99.31,1725.0,1593.0,51.0,339.0,1605.0,1593.0
b32_h16384_q2048_csa_trace_replay_descending_steady,ok,,full,csa_trace_replay,descending,steady,32,16384,2048,2048,10,30,20260803,2026-08-11T10:36:50.842090+00:00,1.2404918670654297,25.10274574160576,38.402015686035156,36.14591979980469,39.629310607910156,37.8962646484375,1.3173965236290608,486.7374104789299,134217728,18691697672192,0.6823732555931699,488028,275.0205480013442,281104128,5.3616357421875,0.5296158165381146,"[8,0,5,19,3,8,0,5,19,3,8,0,5,19,3,8,0,5,19,3,8,0,5,19,3,8,0,5,19,3,8,0]","[2,10,16,22,30,36,2,8,14,22,28,36,42,6,14,20,28,34,40,6,12,20,26,32,40,4,12,18,24,32,38,4]",2698.9729665219784,9383790592,48.0,101.74,1740.0,1593.0,51.0,339.89,1635.0,1593.0
b32_h16384_q2048_original_strided_ascending_steady,ok,,full,original_strided,ascending,steady,32,16384,2048,2048,10,30,20260803,2026-08-11T10:36:44.757190+00:00,1.2404918670654297,25.10274574160576,38.42486572265625,36.25680160522461,39.29417419433594,37.9530278523763,1.3116108384123344,486.44796333461,134217728,18691697672192,0.11781533916344804,589571,227.65320546634757,339592896,6.477220458984375,,,,37.72403299808502,9383790592,51.0,303.28,1725.0,1593.0,54.0,336.13,1680.0,1593.0
b32_h16384_q2048_original_strided_descending_steady,ok,,full,original_strided,descending,steady,32,16384,2048,2048,10,30,20260803,2026-08-11T10:36:55.241140+00:00,1.2404918670654297,25.10274574160576,38.685184478759766,36.219520568847656,39.24806213378906,37.96181131998698,1.312071783780221,483.1745776591744,134217728,18691697672192,0.11781533916344804,589571,227.65320546634757,339592896,6.477220458984375,,,,37.45615854859352,9920923648,52.0,309.78,1740.0,1593.0,54.0,327.14,1710.0,1593.0
b32_h16384_q256_csa_trace_replay_ascending_steady,ok,,full,csa_trace_replay,ascending,steady,32,16384,256,2048,20,100,20260803,2026-08-11T10:48:26.319317+00:00,0.8335486054420471,5.192868411540985,4.559711933135986,4.553088188171387,4.920703887939453,4.6018784236907955,0.125773841696161,512.4144339129502,16777216,2336462209024,0.683718931908701,349212,48.04306839398417,201146112,3.8365576171875,0.5396850347052349,"[8,0,5,19,3,8,0,5,19,3,8,0,5,19,3,8,0,5,19,3,8,0,5,19,3,8,0,5,19,3,8,0]","[2,10,16,22,30,36,2,8,14,22,28,36,42,6,14,20,28,34,40,6,12,20,26,32,40,4,12,18,24,32,38,4]",315.52068516612053,1527251968,39.0,242.56,1755.0,1593.0,43.0,250.95,1725.0,1593.0
b32_h16384_q256_csa_trace_replay_descending_steady,ok,,full,csa_trace_replay,descending,steady,32,16384,256,2048,20,100,20260803,2026-08-11T10:48:27.365643+00:00,0.8335486054420471,5.192868411540985,4.563712120056152,4.528192043304443,4.597695827484131,4.566371812820434,0.017889604925774853,511.96529219184225,16777216,2336462209024,0.683718931908701,349212,48.04306839398417,201146112,3.8365576171875,0.5396850347052349,"[8,0,5,19,3,8,0,5,19,3,8,0,5,19,3,8,0,5,19,3,8,0,5,19,3,8,0,5,19,3,8,0]","[2,10,16,22,30,36,2,8,14,22,28,36,42,6,14,20,28,34,40,6,12,20,26,32,40,4,12,18,24,32,38,4]",295.99565267562866,1527251968,39.0,250.51,1755.0,1593.0,44.0,252.07,1680.0,1593.0
b32_h16384_q256_original_strided_ascending_steady,ok,,full,original_strided,ascending,steady,32,16384,256,2048,20,100,20260803,2026-08-11T10:48:25.603885+00:00,0.8335486054420471,5.192868411540985,4.877535820007324,4.8079681396484375,4.9962239265441895,4.879473299980163,0.04892789524419227,479.02512564643587,16777216,2336462209024,0.12422712737438725,532253,31.521129988933833,306577728,5.847506103515625,,,,7.007203996181488,1527251968,42.0,318.1,1740.0,1593.0,42.0,323.06,1695.0,1593.0
b32_h16384_q256_original_strided_descending_steady,ok,,full,original_strided,descending,steady,32,16384,256,2048,20,100,20260803,2026-08-11T10:48:28.314342+00:00,0.8335486054420471,5.192868411540985,4.879968166351318,4.862559795379639,5.027040004730225,4.90118818283081,0.04743098388619839,478.7863628157515,16777216,2336462209024,0.12422712737438725,532253,31.521129988933833,306577728,5.847506103515625,,,,7.831871509552002,1527251968,44.0,250.95,1725.0,1593.0,43.0,327.73,1650.0,1593.0
b32_h16384_q64_csa_trace_replay_ascending_steady,ok,,full,csa_trace_replay,ascending,steady,32,16384,64,2048,10,30,20260803,2026-08-11T10:35:57.267900+00:00,0.7306486368179321,3.2205507159233093,1.1424319744110107,1.1397119760513306,1.1974079608917236,1.1569589376449585,0.02422050189199018,511.2913200430556,4194304,584115552256,0.6697658962673612,258888,16.201229875467384,149119488,2.844228515625,0.5461468780577299,"[8,0,5,19,3,8,0,5,19,3,8,0,5,19,3,8,0,5,19,3,8,0,5,19,3,8,0,5,19,3,8,0]","[2,10,16,22,30,36,2,8,14,22,28,36,42,6,14,20,28,34,40,6,12,20,26,32,40,4,12,18,24,32,38,4]",84.18403938412666,892339200,43.0,147.82,1740.0,1593.0,44.0,158.8,1740.0,1593.0
b32_h16384_q64_csa_trace_replay_descending_steady,ok,,full,csa_trace_replay,descending,steady,32,16384,64,2048,10,30,20260803,2026-08-11T10:35:57.560590+00:00,0.7306486368179321,3.2205507159233093,1.144703984260559,1.141152024269104,1.1798080205917358,1.1579488118489583,0.017281682133327952,510.2765084139367,4194304,584115552256,0.6697658962673612,258888,16.201229875467384,149119488,2.844228515625,0.5461468780577299,"[8,0,5,19,3,8,0,5,19,3,8,0,5,19,3,8,0,5,19,3,8,0,5,19,3,8,0,5,19,3,8,0]","[2,10,16,22,30,36,2,8,14,22,28,36,42,6,14,20,28,34,40,6,12,20,26,32,40,4,12,18,24,32,38,4]",78.18593084812164,892339200,43.0,149.75,1740.0,1593.0,45.0,160.58,1695.0,1593.0
b32_h16384_q64_original_strided_ascending_steady,ok,,full,original_strided,ascending,steady,32,16384,64,2048,10,30,20260803,2026-08-11T10:35:57.067622+00:00,0.7306486368179321,3.2205507159233093,1.1731840372085571,1.1697920560836792,1.2431999444961548,1.1951626737912495,0.032443974830950476,497.88910667914394,4194304,584115552256,0.12411450582837301,526077,7.972794857026633,303020352,5.779654541015625,,,,5.575660616159439,892339200,43.0,148.46,1740.0,1593.0,45.0,154.55,1725.0,1593.0
b32_h16384_q64_original_strided_descending_steady,ok,,full,original_strided,descending,steady,32,16384,64,2048,10,30,20260803,2026-08-11T10:35:57.803871+00:00,0.7306486368179321,3.2205507159233093,1.1656639575958252,1.1636799573898315,1.1708799600601196,1.1660565296808878,0.0021273468311190816,501.10115222292256,4194304,584115552256,0.12411450582837301,526077,7.972794857026633,303020352,5.779654541015625,,,,5.376134067773819,892339200,43.0,151.45,1740.0,1593.0,46.0,167.98,1710.0,1593.0
b32_h32768_q1024_csa_trace_replay_ascending_steady,ok,,full,csa_trace_replay,ascending,steady,32,32768,1024,2048,20,100,20260803,2026-08-11T10:48:38.775829+00:00,0.9621791541576385,15.37792757153511,19.16022491455078,18.229055404663086,19.605375289916992,19.05107545852661,0.6513644260972656,487.7734409578102,67108864,9345848836096,0.5902415822794477,813988,82.44453726590564,468857088,8.9427392578125,0.44229072227403377,"[0,19,5,0,19,5,0,19,5,0,19,5,0,19,5,0,19,5,0,19,5,0,19,5,0,19,5,0,19,5,0,19]","[4,14,26,38,6,18,30,40,10,22,32,2,14,24,36,6,16,28,40,8,20,32,42,12,24,34,4,16,26,38,8,18]",1392.1098038554192,5153277952,43.0,91.26,1755.0,1593.0,50.0,336.76,1665.0,1593.0
b32_h32768_q1024_csa_trace_replay_descending_steady,ok,,full,csa_trace_replay,descending,steady,32,32768,1024,2048,20,100,20260803,2026-08-11T10:48:42.554452+00:00,0.9621791541576385,15.37792757153511,19.236608505249023,18.075328826904297,19.748159408569336,19.060703659057616,0.6369901133226578,485.8366189417346,67108864,9345848836096,0.5902415822794477,813988,82.44453726590564,468857088,8.9427392578125,0.44229072227403377,"[0,19,5,0,19,5,0,19,5,0,19,5,0,19,5,0,19,5,0,19,5,0,19,5,0,19,5,0,19,5,0,19]","[4,14,26,38,6,18,30,40,10,22,32,2,14,24,36,6,16,28,40,8,20,32,42,12,24,34,4,16,26,38,8,18]",1336.2643420696259,5153277952,44.0,92.34,1755.0,1593.0,48.0,336.77,1665.0,1593.0
b32_h32768_q1024_original_strided_ascending_steady,ok,,full,original_strided,ascending,steady,32,32768,1024,2048,20,100,20260803,2026-08-11T10:48:36.277992+00:00,0.9621791541576385,15.37792757153511,19.5567684173584,18.33171272277832,21.1560001373291,19.62425672531128,0.8196245914108211,477.88308562271027,67108864,9345848836096,0.06103087543625519,1080831,62.09006218363463,622558656,11.874364013671874,,,,20.168617367744446,5153277952,44.0,296.55,1740.0,1593.0,49.0,337.55,1680.0,1593.0
b32_h32768_q1024_original_strided_descending_steady,ok,,full,original_strided,descending,steady,32,32768,1024,2048,20,100,20260803,2026-08-11T10:48:46.321374+00:00,0.9621791541576385,15.37792757153511,19.738304138183594,19.550336837768555,20.308992385864258,19.810390014648437,0.28305794129958395,473.4879334449269,67108864,9345848836096,0.06103087543625519,1080831,62.09006218363463,622558656,11.874364013671874,,,,20.488563925027847,5421844480,50.0,321.32,1740.0,1593.0,48.0,326.07,1740.0,1593.0
b32_h32768_q2048_csa_trace_replay_ascending_steady,ok,,full,csa_trace_replay,ascending,steady,32,32768,2048,2048,10,30,20260803,2026-08-11T10:36:58.763193+00:00,1.2536495923995972,27.546096593141556,38.682559967041016,36.37180709838867,39.41215896606445,38.16205889383952,1.3424126105046794,483.20735980550467,134217728,18691697672192,0.5590345627747924,911676,147.2208635524024,525125376,10.0159716796875,0.4331985145165729,"[0,19,5,0,19,5,0,19,5,0,19,5,0,19,5,0,19,5,0,19,5,0,19,5,0,19,5,0,19,5,0,19]","[4,14,26,38,6,18,30,40,10,22,32,2,14,24,36,6,16,28,40,8,20,32,42,12,24,34,4,16,26,38,8,18]",2958.1497609615326,9685780480,48.0,101.05,1710.0,1593.0,50.0,324.05,1725.0,1593.0
b32_h32768_q2048_csa_trace_replay_descending_steady,ok,,full,csa_trace_replay,descending,steady,32,32768,2048,2048,10,30,20260803,2026-08-11T10:37:03.458007+00:00,1.2536495923995972,27.546096593141556,38.40028762817383,36.41532897949219,39.410400390625,38.10661849975586,1.261460471250758,486.759314231754,134217728,18691697672192,0.5590345627747924,911676,147.2208635524024,525125376,10.0159716796875,0.4331985145165729,"[0,19,5,0,19,5,0,19,5,0,19,5,0,19,5,0,19,5,0,19,5,0,19,5,0,19,5,0,19,5,0,19]","[4,14,26,38,6,18,30,40,10,22,32,2,14,24,36,6,16,28,40,8,20,32,42,12,24,34,4,16,26,38,8,18]",2969.6501195430756,9685780480,48.0,99.79,1680.0,1593.0,49.0,323.37,1680.0,1593.0
b32_h32768_q2048_original_strided_ascending_steady,ok,,full,original_strided,ascending,steady,32,32768,2048,2048,10,30,20260803,2026-08-11T10:36:57.040630+00:00,1.2536495923995972,27.546096593141556,37.95487976074219,36.905696868896484,42.52492904663086,38.50231348673503,1.6270814726178755,492.4715290897945,134217728,18691697672192,0.06058518969261419,1113578,120.52835813925921,641420928,12.23413330078125,,,,38.3266806602478,9685780480,53.0,300.28,1710.0,1593.0,54.0,338.84,1635.0,1593.0
b32_h32768_q2048_original_strided_descending_steady,ok,,full,original_strided,descending,steady,32,32768,2048,2048,10,30,20260803,2026-08-11T10:37:08.138888+00:00,1.2536495923995972,27.546096593141556,38.0819206237793,36.90550231933594,42.5307502746582,38.49504534403483,1.5961915915297795,490.82864955399435,134217728,18691697672192,0.06058518969261419,1113578,120.52835813925921,641420928,12.23413330078125,,,,38.81454840302467,10222913536,52.0,301.51,1695.0,1593.0,54.0,338.57,1605.0,1593.0
b32_h32768_q256_csa_trace_replay_ascending_steady,ok,,full,csa_trace_replay,ascending,steady,32,32768,256,2048,20,100,20260803,2026-08-11T10:48:29.746661+00:00,0.8550733327865601,7.698755711317062,4.599455833435059,4.595104217529297,4.757535934448242,4.6209286069869995,0.05640911649526114,507.9866605174108,16777216,2336462209024,0.5796393899356618,602316,27.854508264764675,346934016,6.6172412109375,0.452125026755137,"[0,19,5,0,19,5,0,19,5,0,19,5,0,19,5,0,19,5,0,19,5,0,19,5,0,19,5,0,19,5,0,19]","[4,14,26,38,6,18,30,40,10,22,32,2,14,24,36,6,16,28,40,8,20,32,42,12,24,34,4,16,26,38,8,18]",329.8644572496414,1829241856,40.0,241.23,1755.0,1593.0,47.0,251.88,1620.0,1593.0
b32_h32768_q256_csa_trace_replay_descending_steady,ok,,full,csa_trace_replay,descending,steady,32,32768,256,2048,20,100,20260803,2026-08-11T10:48:30.749734+00:00,0.8550733327865601,7.698755711317062,4.599679946899414,4.558591842651367,4.761568069458008,4.616197118759155,0.05903458452955866,507.9619095235049,16777216,2336462209024,0.5796393899356618,602316,27.854508264764675,346934016,6.6172412109375,0.452125026755137,"[0,19,5,0,19,5,0,19,5,0,19,5,0,19,5,0,19,5,0,19,5,0,19,5,0,19,5,0,19,5,0,19]","[4,14,26,38,6,18,30,40,10,22,32,2,14,24,36,6,16,28,40,8,20,32,42,12,24,34,4,16,26,38,8,18]",318.2777464389801,1829241856,40.0,251.68,1755.0,1593.0,48.0,254.69,1680.0,1593.0
b32_h32768_q256_original_strided_ascending_steady,ok,,full,original_strided,ascending,steady,32,32768,256,2048,20,100,20260803,2026-08-11T10:48:29.015294+00:00,0.8550733327865601,7.698755711317062,5.000160217285156,4.98745584487915,5.004159927368164,4.998569602966309,0.0054354370203717715,467.27746861931263,16777216,2336462209024,0.060973403033088236,1056286,15.88321344787302,608420736,11.60470458984375,,,,7.355757057666779,1829241856,41.0,307.72,1740.0,1593.0,46.0,316.35,1665.0,1593.0
b32_h32768_q256_original_strided_descending_steady,ok,,full,original_strided,descending,steady,32,32768,256,2048,20,100,20260803,2026-08-11T10:48:31.751107+00:00,0.8550733327865601,7.698755711317062,5.000927925109863,4.989535808563232,5.006400108337402,5.0002207899093625,0.004953435275609652,467.20573541812666,16777216,2336462209024,0.060973403033088236,1056286,15.88321344787302,608420736,11.60470458984375,,,,8.316494524478912,1829241856,44.0,256.67,1740.0,1593.0,47.0,324.66,1695.0,1593.0
b32_h32768_q64_csa_trace_replay_ascending_steady,ok,,full,csa_trace_replay,ascending,steady,32,32768,64,2048,10,30,20260803,2026-08-11T10:35:58.143652+00:00,0.7043592631816864,5.720101296901703,1.151487946510315,1.1495360136032104,1.1841599941253662,1.1558581272761026,0.016395992160066174,507.2702272101183,4194304,584115552256,0.6096113901289684,390068,10.752750802424194,224679168,4.2854150390625,0.46526609894814086,"[0,19,5,0,19,5,0,19,5,0,19,5,0,19,5,0,19,5,0,19,5,0,19,5,0,19,5,0,19,5,0,19]","[4,14,26,38,6,18,30,40,10,22,32,2,14,24,36,6,16,28,40,8,20,32,42,12,24,34,4,16,26,38,8,18]",82.0711962878704,1194329088,43.0,152.44,1740.0,1593.0,47.0,168.23,1680.0,1593.0
b32_h32768_q64_csa_trace_replay_descending_steady,ok,,full,csa_trace_replay,descending,steady,32,32768,64,2048,10,30,20260803,2026-08-11T10:35:58.350600+00:00,0.7043592631816864,5.720101296901703,1.1528639793395996,1.1498559713363647,1.1973439455032349,1.1688629309336345,0.02177201059075651,506.66476073838436,4194304,584115552256,0.6096113901289684,390068,10.752750802424194,224679168,4.2854150390625,0.46526609894814086,"[0,19,5,0,19,5,0,19,5,0,19,5,0,19,5,0,19,5,0,19,5,0,19,5,0,19,5,0,19,5,0,19]","[4,14,26,38,6,18,30,40,10,22,32,2,14,24,36,6,16,28,40,8,20,32,42,12,24,34,4,16,26,38,8,18]",83.19239318370819,1194329088,43.0,151.9,1740.0,1593.0,44.0,169.39,1710.0,1593.0
b32_h32768_q64_original_strided_ascending_steady,ok,,full,original_strided,ascending,steady,32,32768,64,2048,10,30,20260803,2026-08-11T10:35:57.964909+00:00,0.7043592631816864,5.720101296901703,1.2328319549560547,1.2277120351791382,1.3246079683303833,1.2543370683987936,0.038385988419964816,473.7998150581855,4194304,584115552256,0.06067136734250992,1035516,4.050448278925676,596457216,11.3765185546875,,,,4.406176507472992,1194329088,46.0,166.39,1740.0,1593.0,44.0,170.35,1725.0,1593.0
b32_h32768_q64_original_strided_descending_steady,ok,,full,original_strided,descending,steady,32,32768,64,2048,10,30,20260803,2026-08-11T10:35:58.646108+00:00,0.7043592631816864,5.720101296901703,1.2080960273742676,1.2039999961853027,1.2861759662628174,1.2274911999702454,0.03399160737781133,483.5009295788713,4194304,584115552256,0.06067136734250992,1035516,4.050448278925676,596457216,11.3765185546875,,,,5.611240863800049,1194329088,44.0,169.8,1740.0,1593.0,43.0,173.11,1635.0,1593.0
b32_h65536_q1024_csa_trace_replay_ascending_steady,ok,,full,csa_trace_replay,ascending,steady,32,65536,1024,2048,10,30,20260803,2026-08-11T10:36:27.282065+00:00,0.9932816028594971,20.992707461118698,18.39014434814453,18.385087966918945,18.4136962890625,18.39196383158366,0.007060607803059344,508.19877534234513,67108864,9345848836096,0.4222351253207478,1328528,50.51369937253863,765232128,14.59564453125,0.3752120702933892,"[19,19,19,19,19,19,19,19,19,19,19,19,19,19,19,19,19,19,19,19,19,19,19,19,19,19,19,19,19,19,19,19]","[8,42,34,26,18,10,2,36,28,20,12,4,38,30,22,14,6,40,32,24,16,8,42,34,26,18,10,2,36,28,20,12]",1416.893821209669,5757257728,46.0,92.64,1755.0,1593.0,53.0,315.13,1710.0,1593.0
b32_h65536_q1024_csa_trace_replay_descending_steady,ok,,full,csa_trace_replay,descending,steady,32,65536,1024,2048,10,30,20260803,2026-08-11T10:36:29.592967+00:00,0.9932816028594971,20.992707461118698,18.409151077270508,18.245088577270508,18.483840942382812,18.386436208089194,0.07946737723765301,507.67407996532626,67108864,9345848836096,0.4222351253207478,1328528,50.51369937253863,765232128,14.59564453125,0.3752120702933892,"[19,19,19,19,19,19,19,19,19,19,19,19,19,19,19,19,19,19,19,19,19,19,19,19,19,19,19,19,19,19,19,19]","[8,42,34,26,18,10,2,36,28,20,12,4,38,30,22,14,6,40,32,24,16,8,42,34,26,18,10,2,36,28,20,12]",1421.0270419716835,5757257728,45.0,92.98,1755.0,1593.0,53.0,316.51,1680.0,1593.0
b32_h65536_q1024_original_strided_ascending_steady,ok,,full,original_strided,ascending,steady,32,65536,1024,2048,10,30,20260803,2026-08-11T10:36:26.304059+00:00,0.9932816028594971,20.992707461118698,20.073152542114258,20.05504035949707,22.053312301635742,20.377797253926595,0.6846901169112204,465.58948906944465,67108864,9345848836096,0.03212480740812867,2128873,31.52318809060005,1226230848,23.388497314453126,,,,21.0874080657959,5757257728,48.0,326.33,1695.0,1593.0,52.0,345.25,1545.0,1593.0
b32_h65536_q1024_original_strided_descending_steady,ok,,full,original_strided,descending,steady,32,65536,1024,2048,10,30,20260803,2026-08-11T10:36:31.909334+00:00,0.9932816028594971,20.992707461118698,20.08995246887207,20.053312301635742,21.341407775878906,20.432580312093098,0.48593759459080454,465.20014671894904,67108864,9345848836096,0.03212480740812867,2128873,31.52318809060005,1226230848,23.388497314453126,,,,20.837776362895966,6025824256,48.0,326.83,1740.0,1593.0,52.0,334.14,1635.0,1593.0
b32_h65536_q2048_csa_trace_replay_ascending_steady,ok,,full,csa_trace_replay,ascending,steady,32,65536,2048,2048,10,30,20260803,2026-08-11T10:37:11.853946+00:00,1.232057809829712,32.174549996852875,38.51238250732422,36.65187072753906,40.04604721069336,38.46256294250488,1.4952832261865991,485.34254323624987,134217728,18691697672192,0.44829275693087445,1573636,85.2914702002242,906414336,17.2884814453125,0.3769899133133562,"[19,19,19,19,19,19,19,19,19,19,19,19,19,19,19,19,19,19,19,19,19,19,19,19,19,19,19,19,19,19,19,19]","[8,42,34,26,18,10,2,36,28,20,12,4,38,30,22,14,6,40,32,24,16,8,42,34,26,18,10,2,36,28,20,12]",2815.977454185486,10289760256,51.0,99.82,1725.0,1593.0,52.0,335.47,1680.0,1593.0
b32_h65536_q2048_csa_trace_replay_descending_steady,ok,,full,csa_trace_replay,descending,steady,32,65536,2048,2048,10,30,20260803,2026-08-11T10:37:16.350885+00:00,1.232057809829712,32.174549996852875,38.74505615234375,36.684383392333984,39.6629753112793,38.43819961547852,1.309561419182929,482.4279412242202,134217728,18691697672192,0.44829275693087445,1573636,85.2914702002242,906414336,17.2884814453125,0.3769899133133562,"[19,19,19,19,19,19,19,19,19,19,19,19,19,19,19,19,19,19,19,19,19,19,19,19,19,19,19,19,19,19,19,19]","[8,42,34,26,18,10,2,36,28,20,12,4,38,30,22,14,6,40,32,24,16,8,42,34,26,18,10,2,36,28,20,12]",2782.589364796877,10289760256,48.0,99.24,1725.0,1593.0,54.0,335.99,1680.0,1593.0
b32_h65536_q2048_original_strided_ascending_steady,ok,,full,original_strided,ascending,steady,32,65536,2048,2048,10,30,20260803,2026-08-11T10:37:09.899689+00:00,1.232057809829712,32.174549996852875,42.09814453125,40.07292938232422,44.36524963378906,42.2869150797526,1.5999523846962207,444.00288612047757,134217728,18691697672192,0.03143628842084071,2161653,62.09032069439452,1245112128,23.748629150390624,,,,38.75156119465828,10289760256,51.0,303.72,1725.0,1593.0,51.0,329.5,1695.0,1593.0
b32_h65536_q2048_original_strided_descending_steady,ok,,full,original_strided,descending,steady,32,65536,2048,2048,10,30,20260803,2026-08-11T10:37:20.812971+00:00,1.232057809829712,32.174549996852875,41.89932632446289,40.26211166381836,45.94566345214844,42.40157203674316,1.88000770140975,446.1097423726087,134217728,18691697672192,0.03143628842084071,2161653,62.09032069439452,1245112128,23.748629150390624,,,,38.31595182418823,10826893312,52.0,313.59,1695.0,1593.0,54.0,340.16,1635.0,1593.0
b32_h65536_q256_csa_trace_replay_ascending_steady,ok,,full,csa_trace_replay,ascending,steady,32,65536,256,2048,20,100,20260803,2026-08-11T10:48:33.330562+00:00,0.8885525166988373,12.631304562091827,4.955008029937744,4.93836784362793,4.963744163513184,4.949933118820191,0.022286486962540993,471.53550406120246,16777216,2336462209024,0.3691281786151961,993588,16.885485734529805,572306688,10.9158837890625,0.3615560214346869,"[19,19,19,19,19,19,19,19,19,19,19,19,19,19,19,19,19,19,19,19,19,19,19,19,19,19,19,19,19,19,19,19]","[8,42,34,26,18,10,2,36,28,20,12,4,38,30,22,14,6,40,32,24,16,8,42,34,26,18,10,2,36,28,20,12]",345.6040062010288,2433221632,41.0,228.1,1755.0,1593.0,48.0,247.69,1650.0,1593.0
b32_h65536_q256_csa_trace_replay_descending_steady,ok,,full,csa_trace_replay,descending,steady,32,65536,256,2048,20,100,20260803,2026-08-11T10:48:34.426929+00:00,0.8885525166988373,12.631304562091827,4.654816150665283,4.650112152099609,4.8089919090271,4.674560613632202,0.05425653242536469,501.94511091271875,16777216,2336462209024,0.3691281786151961,993588,16.885485734529805,572306688,10.9158837890625,0.3615560214346869,"[19,19,19,19,19,19,19,19,19,19,19,19,19,19,19,19,19,19,19,19,19,19,19,19,19,19,19,19,19,19,19,19]","[8,42,34,26,18,10,2,36,28,20,12,4,38,30,22,14,6,40,32,24,16,8,42,34,26,18,10,2,36,28,20,12]",342.87556260824203,2433221632,42.0,238.03,1755.0,1593.0,49.0,255.85,1710.0,1593.0
b32_h65536_q256_original_strided_ascending_steady,ok,,full,original_strided,ascending,steady,32,65536,256,2048,20,100,20260803,2026-08-11T10:48:32.498862+00:00,0.8885525166988373,12.631304562091827,5.416639804840088,5.401504039764404,5.429408073425293,5.415467505455017,0.010423167242231687,431.349008463925,16777216,2336462209024,0.036185290766697305,2103941,7.974185587903843,1211870016,23.114586181640625,,,,7.5515881180763245,2433221632,42.0,288.15,1740.0,1593.0,46.0,309.9,1620.0,1593.0
b32_h65536_q256_original_strided_descending_steady,ok,,full,original_strided,descending,steady,32,65536,256,2048,20,100,20260803,2026-08-11T10:48:35.479620+00:00,0.8885525166988373,12.631304562091827,5.419871807098389,5.40064001083374,5.429152011871338,5.4158489751815795,0.01051147947250112,431.0917844890617,16777216,2336462209024,0.036185290766697305,2103941,7.974185587903843,1211870016,23.114586181640625,,,,8.115310221910477,2433221632,44.0,258.34,1740.0,1593.0,48.0,322.18,1680.0,1593.0
b32_h65536_q64_csa_trace_replay_ascending_steady,ok,,full,csa_trace_replay,ascending,steady,32,65536,64,2048,10,30,20260803,2026-08-11T10:35:58.999309+00:00,0.6895288825035095,10.486975312232971,1.1830079555511475,1.1783679723739624,1.2266240119934082,1.1986698627471923,0.021190264497906414,493.75454282880827,4194304,584115552256,0.39025103856646826,653388,6.41931593478913,376351488,7.1783349609375,0.3576034277152642,"[19,19,19,19,19,19,19,19,19,19,19,19,19,19,19,19,19,19,19,19,19,19,19,19,19,19,19,19,19,19,19,19]","[8,42,34,26,18,10,2,36,28,20,12,4,38,30,22,14,6,40,32,24,16,8,42,34,26,18,10,2,36,28,20,12]",94.53830868005753,1798308864,43.0,159.43,1740.0,1593.0,45.0,175.65,1665.0,1593.0
b32_h65536_q64_csa_trace_replay_descending_steady,ok,,full,csa_trace_replay,descending,steady,32,65536,64,2048,10,30,20260803,2026-08-11T10:35:59.246114+00:00,0.6895288825035095,10.486975312232971,1.189568042755127,1.1652799844741821,1.2373440265655518,1.1857205351193747,0.0199495083972433,491.0316444809206,4194304,584115552256,0.39025103856646826,653388,6.41931593478913,376351488,7.1783349609375,0.3576034277152642,"[19,19,19,19,19,19,19,19,19,19,19,19,19,19,19,19,19,19,19,19,19,19,19,19,19,19,19,19,19,19,19,19]","[8,42,34,26,18,10,2,36,28,20,12,4,38,30,22,14,6,40,32,24,16,8,42,34,26,18,10,2,36,28,20,12]",91.80950745940208,1798308864,43.0,161.24,1740.0,1593.0,43.0,176.89,1590.0,1593.0
b32_h65536_q64_original_strided_ascending_steady,ok,,full,original_strided,ascending,steady,32,65536,64,2048,10,30,20260803,2026-08-11T10:35:58.812901+00:00,0.6895288825035095,10.486975312232971,1.397536039352417,1.363711953163147,1.4484800100326538,1.3987082640329997,0.02846163329953593,417.9609940697232,4194304,584115552256,0.038091265966021824,1819690,2.304955239628728,1048141440,19.99171142578125,,,,4.527006298303604,1798308864,44.0,169.6,1740.0,1593.0,44.0,177.7,1605.0,1593.0
b32_h65536_q64_original_strided_descending_steady,ok,,full,original_strided,descending,steady,32,65536,64,2048,10,30,20260803,2026-08-11T10:35:59.509414+00:00,0.6895288825035095,10.486975312232971,1.3823679685592651,1.3801599740982056,1.4522559642791748,1.394382933775584,0.025733837957764433,422.5470826445569,4194304,584115552256,0.038091265966021824,1819690,2.304955239628728,1048141440,19.99171142578125,,,,5.665767937898636,1798308864,44.0,176.76,1725.0,1593.0,47.0,183.07,1635.0,1593.0
b32_h8192_q1024_csa_trace_replay_ascending_steady,ok,,full,csa_trace_replay,ascending,steady,32,8192,1024,2048,10,30,20260803,2026-08-11T10:36:08.346562+00:00,0.9312406182289124,11.808618903160095,17.92403221130371,17.88969612121582,17.941919326782227,17.920922597249348,0.01604057215333036,521.4144186932493,67108864,9345848836096,0.7389809766006843,252892,265.3657055185613,145665792,2.7783544921875,0.6159856090806934,"[8,19,5,18,3,12,0,8,19,5,18,3,12,0,8,19,5,18,3,12,0,8,19,5,18,3,12,0,8,19,5,18]","[26,30,36,40,4,8,14,18,22,28,32,38,42,6,10,14,20,24,30,34,40,2,6,12,16,22,26,32,36,40,4,8]",1235.2861650288105,4700293120,46.0,92.75,1755.0,1593.0,48.0,309.39,1665.0,1593.0
b32_h8192_q1024_csa_trace_replay_descending_steady,ok,,full,csa_trace_replay,descending,steady,32,8192,1024,2048,10,30,20260803,2026-08-11T10:36:10.441684+00:00,0.9312406182289124,11.808618903160095,18.06153678894043,17.93212890625,18.14441680908203,18.045497703552247,0.07216227510517509,517.4448301552455,67108864,9345848836096,0.7389809766006843,252892,265.3657055185613,145665792,2.7783544921875,0.6159856090806934,"[8,19,5,18,3,12,0,8,19,5,18,3,12,0,8,19,5,18,3,12,0,8,19,5,18,3,12,0,8,19,5,18]","[26,30,36,40,4,8,14,18,22,28,32,38,42,6,10,14,20,24,30,34,40,2,6,12,16,22,26,32,36,40,4,8]",1234.8190769553185,4700293120,45.0,91.4,1755.0,1593.0,51.0,310.95,1695.0,1593.0
b32_h8192_q1024_original_strided_ascending_steady,ok,,full,original_strided,ascending,steady,32,8192,1024,2048,10,30,20260803,2026-08-11T10:36:07.479550+00:00,0.9312406182289124,11.808618903160095,18.06483268737793,18.03340721130371,18.756479263305664,18.274104499816893,0.2849572023893135,517.3504232134978,67108864,9345848836096,0.2357016346205248,294796,227.64509694839822,169802496,3.2387255859375,,,,20.01146972179413,4700293120,46.0,222.5,1740.0,1593.0,48.0,340.18,1620.0,1593.0
b32_h8192_q1024_original_strided_descending_steady,ok,,full,original_strided,descending,steady,32,8192,1024,2048,10,30,20260803,2026-08-11T10:36:12.603528+00:00,0.9312406182289124,11.808618903160095,18.052064895629883,17.915903091430664,18.08131217956543,18.04752318064372,0.053439668135195344,517.716332737009,67108864,9345848836096,0.2357016346205248,294796,227.64509694839822,169802496,3.2387255859375,,,,20.0234092772007,4968859648,46.0,319.97,1740.0,1593.0,52.0,329.33,1695.0,1593.0
b32_h8192_q2048_csa_trace_replay_ascending_steady,ok,,full,csa_trace_replay,ascending,steady,32,8192,2048,2048,10,30,20260803,2026-08-11T10:36:34.647630+00:00,1.2375079095363617,22.517316043376923,37.47068786621094,36.03919982910156,41.56537628173828,37.846905899047854,1.7081496686207251,498.8351892265947,134217728,18691697672192,0.7503041918241634,257832,520.5627230134351,148511232,2.832626953125,0.6291332804760121,"[8,19,5,18,3,12,0,8,19,5,18,3,12,0,8,19,5,18,3,12,0,8,19,5,18,3,12,0,8,19,5,18]","[26,30,36,40,4,8,14,18,22,28,32,38,42,6,10,14,20,24,30,34,40,2,6,12,16,22,26,32,36,40,4,8]",2490.968845784664,9232795648,48.0,99.34,1740.0,1593.0,50.0,337.24,1665.0,1593.0
b32_h8192_q2048_csa_trace_replay_descending_steady,ok,,full,csa_trace_replay,descending,steady,32,8192,2048,2048,10,30,20260803,2026-08-11T10:36:38.839123+00:00,1.2375079095363617,22.517316043376923,37.9857292175293,36.117919921875,38.712127685546875,37.692339197794595,1.1009678818116764,492.07157680591087,134217728,18691697672192,0.7503041918241634,257832,520.5627230134351,148511232,2.832626953125,0.6291332804760121,"[8,19,5,18,3,12,0,8,19,5,18,3,12,0,8,19,5,18,3,12,0,8,19,5,18,3,12,0,8,19,5,18]","[26,30,36,40,4,8,14,18,22,28,32,38,42,6,10,14,20,24,30,34,40,2,6,12,16,22,26,32,36,40,4,8]",2473.7725481390953,9232795648,47.0,98.93,1740.0,1593.0,53.0,336.54,1680.0,1593.0
b32_h8192_q2048_original_strided_ascending_steady,ok,,full,original_strided,ascending,steady,32,8192,2048,2048,10,30,20260803,2026-08-11T10:36:32.923799+00:00,1.2375079095363617,22.517316043376923,38.16361618041992,36.07660675048828,39.484161376953125,37.86296920776367,1.3178051853677286,489.77794933861355,134217728,18691697672192,0.22321918526683485,327561,409.74880403955297,188675136,3.598692626953125,,,,37.53798454999924,9232795648,51.0,339.75,1710.0,1593.0,49.0,332.27,1695.0,1593.0
b32_h8192_q2048_original_strided_descending_steady,ok,,full,original_strided,descending,steady,32,8192,2048,2048,10,30,20260803,2026-08-11T10:36:43.013729+00:00,1.2375079095363617,22.517316043376923,38.30006408691406,36.04140853881836,39.068641662597656,37.86199811299642,1.3225348257625071,488.03306516080664,134217728,18691697672192,0.22321918526683485,327561,409.74880403955297,188675136,3.598692626953125,,,,37.499215453863144,9769928704,50.0,312.41,1725.0,1593.0,50.0,339.96,1605.0,1593.0
b32_h8192_q256_csa_trace_replay_ascending_steady,ok,,full,csa_trace_replay,ascending,steady,32,8192,256,2048,10,30,20260803,2026-08-11T10:35:59.980252+00:00,0.7822252810001373,4.120025783777237,4.5366082191467285,4.455935955047607,4.78220796585083,4.593607473373413,0.1016087670774457,515.0240215064141,16777216,2336462209024,0.7264827952665441,230224,72.87344499270276,132609024,2.52931640625,0.6037048220401174,"[8,19,5,18,3,12,0,8,19,5,18,3,12,0,8,19,5,18,3,12,0,8,19,5,18,3,12,0,8,19,5,18]","[26,30,36,40,4,8,14,18,22,28,32,38,42,6,10,14,20,24,30,34,40,2,6,12,16,22,26,32,36,40,4,8]",300.2537116408348,1376257024,43.0,178.74,1755.0,1593.0,49.0,214.38,1710.0,1593.0
b32_h8192_q256_csa_trace_replay_descending_steady,ok,,full,csa_trace_replay,descending,steady,32,8192,256,2048,10,30,20260803,2026-08-11T10:36:00.591332+00:00,0.7822252810001373,4.120025783777237,4.575551986694336,4.408576011657715,4.739200115203857,4.581628783543905,0.09086315005331382,510.6405119684818,16777216,2336462209024,0.7264827952665441,230224,72.87344499270276,132609024,2.52931640625,0.6037048220401174,"[8,19,5,18,3,12,0,8,19,5,18,3,12,0,8,19,5,18,3,12,0,8,19,5,18,3,12,0,8,19,5,18]","[26,30,36,40,4,8,14,18,22,28,32,38,42,6,10,14,20,24,30,34,40,2,6,12,16,22,26,32,36,40,4,8]",289.0223488211632,1376257024,43.0,144.11,1755.0,1593.0,49.0,197.88,1710.0,1593.0
b32_h8192_q256_original_strided_ascending_steady,ok,,full,original_strided,ascending,steady,32,8192,256,2048,10,30,20260803,2026-08-11T10:35:59.675445+00:00,0.7822252810001373,4.120025783777237,4.852223873138428,4.758975982666016,4.876319885253906,4.831624507904053,0.045794439277208845,481.5239919078119,16777216,2336462209024,0.24627637676164216,270239,62.08288218946932,155657664,2.968934326171875,,,,7.192723453044891,1376257024,44.0,184.81,1740.0,1593.0,49.0,196.82,1695.0,1593.0
b32_h8192_q256_original_strided_descending_steady,ok,,full,original_strided,descending,steady,32,8192,256,2048,10,30,20260803,2026-08-11T10:36:01.211502+00:00,0.7822252810001373,4.120025783777237,4.782623767852783,4.735583782196045,4.791584014892578,4.777980772654216,0.016788502953131695,488.53146775394026,16777216,2336462209024,0.24627637676164216,270239,62.08288218946932,155657664,2.968934326171875,,,,7.7057816088199615,1376257024,44.0,202.2,1740.0,1593.0,45.0,204.63,1695.0,1593.0
b32_h8192_q64_csa_trace_replay_ascending_steady,ok,,full,csa_trace_replay,ascending,steady,32,8192,64,2048,10,30,20260803,2026-08-11T10:35:56.364044+00:00,0.680338591337204,2.304665744304657,1.1312960386276245,1.1291520595550537,1.153439998626709,1.1350335955619812,0.013701462670151307,516.3242266494548,4194304,584115552256,0.7256547231522817,199580,21.01565287102916,114958080,2.1926513671875,0.5979553342098827,"[8,19,5,18,3,12,0,8,19,5,18,3,12,0,8,19,5,18,3,12,0,8,19,5,18,3,12,0,8,19,5,18]","[26,30,36,40,4,8,14,18,22,28,32,38,42,6,10,14,20,24,30,34,40,2,6,12,16,22,26,32,36,40,4,8]",78.07448878884315,741344256,43.0,234.52,1740.0,1593.0,44.0,241.97,1725.0,1593.0
b32_h8192_q64_csa_trace_replay_descending_steady,ok,,full,csa_trace_replay,descending,steady,32,8192,64,2048,10,30,20260803,2026-08-11T10:35:56.635226+00:00,0.680338591337204,2.304665744304657,1.1316800117492676,1.1294399499893188,1.136191964149475,1.1321226676305136,0.002220666360241389,516.1490405340969,4194304,584115552256,0.7256547231522817,199580,21.01565287102916,114958080,2.1926513671875,0.5979553342098827,"[8,19,5,18,3,12,0,8,19,5,18,3,12,0,8,19,5,18,3,12,0,8,19,5,18,3,12,0,8,19,5,18]","[26,30,36,40,4,8,14,18,22,28,32,38,42,6,10,14,20,24,30,34,40,2,6,12,16,22,26,32,36,40,4,8]",72.42836803197861,741344256,43.0,221.64,1740.0,1593.0,46.0,200.56,1710.0,1593.0
b32_h8192_q64_original_strided_ascending_steady,ok,,full,original_strided,ascending,steady,32,8192,64,2048,10,30,20260803,2026-08-11T10:35:56.125036+00:00,0.680338591337204,2.304665744304657,1.1087039709091187,1.1066880226135254,1.2181119918823242,1.1318592071533202,0.0379328344149415,526.8453686307582,4194304,584115552256,0.2503696017795139,264075,15.883002934772318,152107200,2.901214599609375,,,,4.314303398132324,741344256,45.0,301.79,1740.0,1593.0,44.0,273.35,1740.0,1593.0
b32_h8192_q64_original_strided_descending_steady,ok,,full,original_strided,descending,steady,32,8192,64,2048,10,30,20260803,2026-08-11T10:35:56.860430+00:00,0.680338591337204,2.304665744304657,1.1314239501953125,1.127392053604126,1.1870399713516235,1.1482250650723775,0.025487064876874462,516.2658543291105,4194304,584115552256,0.2503696017795139,264075,15.883002934772318,152107200,2.901214599609375,,,,5.4139643907547,741344256,43.0,160.81,1740.0,1593.0,47.0,152.19,1680.0,1593.0
b8_h16384_q1024_csa_trace_replay_ascending_steady,ok,,full,csa_trace_replay,ascending,steady,8,16384,1024,2048,10,30,20260803,2026-08-11T10:35:36.253088+00:00,0.8541308343410492,3.3138543367385864,4.726975917816162,4.362368106842041,4.777696132659912,4.667569096883138,0.139980059479629,494.28265547488405,16777216,2336462209024,0.7115813821175465,109820,152.77013294481878,63256320,1.2065185546875,0.5501142826565557,"[8,0,5,19,3,8,0,5]","[2,10,16,22,30,36,2,8]",341.33583307266235,1300759552,39.0,196.76,1755.0,1593.0,41.0,194.67,1725.0,1593.0
b8_h16384_q1024_csa_trace_replay_descending_steady,ok,,full,csa_trace_replay,descending,steady,8,16384,1024,2048,10,30,20260803,2026-08-11T10:35:36.956559+00:00,0.8541308343410492,3.3138543367385864,4.569056034088135,4.48748779296875,4.68614387512207,4.576924784978231,0.0582791790920552,511.3665036262348,16777216,2336462209024,0.7115813821175465,109820,152.77013294481878,63256320,1.2065185546875,0.5501142826565557,"[8,0,5,19,3,8,0,5]","[2,10,16,22,30,36,2,8]",337.6198634505272,1300759552,39.0,142.9,1755.0,1593.0,45.0,199.68,1680.0,1593.0
b8_h16384_q1024_original_strided_ascending_steady,ok,,full,original_strided,ascending,steady,8,16384,1024,2048,10,30,20260803,2026-08-11T10:35:35.888265+00:00,0.8541308343410492,3.3138543367385864,4.6877760887146,4.445504188537598,4.695712089538574,4.616333882013957,0.09437804373965032,498.4159150964619,16777216,2336462209024,0.11872387957829302,139221,120.507796955919,80191296,1.529527587890625,,,,8.486244827508926,1300759552,41.0,204.11,1740.0,1593.0,41.0,259.42,1680.0,1593.0
b8_h16384_q1024_original_strided_descending_steady,ok,,full,original_strided,descending,steady,8,16384,1024,2048,10,30,20260803,2026-08-11T10:35:37.599816+00:00,0.8541308343410492,3.3138543367385864,4.738944053649902,4.400928020477295,4.790207862854004,4.686922645568847,0.13157979928261343,493.03435165571807,16777216,2336462209024,0.11872387957829302,139221,120.507796955919,80191296,1.529527587890625,,,,10.69982722401619,1300759552,40.0,197.53,1740.0,1593.0,45.0,200.93,1575.0,1593.0
b8_h16384_q2048_csa_trace_replay_ascending_steady,ok,,full,csa_trace_replay,ascending,steady,8,16384,2048,2048,10,30,20260803,2026-08-11T10:35:46.092153+00:00,0.8942447602748871,6.175022572278976,8.978464126586914,8.950240135192871,9.085023880004883,9.003205362955729,0.055492452782257326,520.4592179870268,33554432,4672924418048,0.7089899805737054,120864,277.6213926396611,69617664,1.3278515625,0.5453393268025318,"[8,0,5,19,3,8,0,5]","[2,10,16,22,30,36,2,8]",681.771781295538,2347059200,41.0,156.92,1755.0,1593.0,47.0,198.6,1680.0,1593.0
b8_h16384_q2048_csa_trace_replay_descending_steady,ok,,full,csa_trace_replay,descending,steady,8,16384,2048,2048,10,30,20260803,2026-08-11T10:35:47.261835+00:00,0.8942447602748871,6.175022572278976,8.981856346130371,8.81817626953125,9.335519790649414,9.00803737640381,0.13862180418567502,520.2626537287276,33554432,4672924418048,0.7089899805737054,120864,277.6213926396611,69617664,1.3278515625,0.5453393268025318,"[8,0,5,19,3,8,0,5]","[2,10,16,22,30,36,2,8]",674.7312694787979,2347059200,41.0,159.23,1755.0,1593.0,44.0,199.25,1680.0,1593.0
b8_h16384_q2048_original_strided_ascending_steady,ok,,full,original_strided,ascending,steady,8,16384,2048,2048,10,30,20260803,2026-08-11T10:35:45.565359+00:00,0.8942447602748871,6.175022572278976,8.989472389221191,8.896575927734375,9.322751998901367,9.095293935139974,0.17074133579950154,519.8218778280092,33554432,4672924418048,0.11565610497068882,147390,227.6574530158084,84896640,1.61927490234375,,,,16.073018312454224,2347059200,43.0,285.69,1740.0,1593.0,48.0,307.08,1680.0,1593.0
b8_h16384_q2048_original_strided_descending_steady,ok,,full,original_strided,descending,steady,8,16384,2048,2048,10,30,20260803,2026-08-11T10:35:48.448222+00:00,0.8942447602748871,6.175022572278976,9.067296028137207,8.759231567382812,9.076671600341797,9.06176954905192,0.11701556879040276,515.3603018526362,33554432,4672924418048,0.11565610497068882,147390,227.6574530158084,84896640,1.61927490234375,,,,16.37919619679451,2481342464,43.0,203.3,1740.0,1593.0,46.0,312.03,1680.0,1593.0
b8_h16384_q256_csa_trace_replay_ascending_steady,ok,,full,csa_trace_replay,ascending,steady,8,16384,256,2048,10,30,20260803,2026-08-11T10:35:31.593240+00:00,0.6481930613517761,1.4356449246406555,1.1298240423202515,1.1272319555282593,1.1380800008773804,1.1310944000879923,0.005496104853334249,516.9969219777242,4194304,584115552256,0.7057081035539216,87336,48.02491526976276,50305536,0.959501953125,0.5520320526541096,"[8,0,5,19,3,8,0,5]","[2,10,16,22,30,36,2,8]",79.99954000115395,665846784,37.0,143.65,1740.0,1593.0,41.0,159.57,1740.0,1593.0
b8_h16384_q256_csa_trace_replay_descending_steady,ok,,full,csa_trace_replay,descending,steady,8,16384,256,2048,10,30,20260803,2026-08-11T10:35:31.866763+00:00,0.6481930613517761,1.4356449246406555,1.127776026725769,1.1229759454727173,1.1647679805755615,1.1307082692782084,0.012374045742388966,517.935776620329,4194304,584115552256,0.7057081035539216,87336,48.02491526976276,50305536,0.959501953125,0.5520320526541096,"[8,0,5,19,3,8,0,5]","[2,10,16,22,30,36,2,8]",80.0383985042572,665846784,38.0,143.74,1740.0,1593.0,37.0,157.34,1725.0,1593.0
b8_h16384_q256_original_strided_ascending_steady,ok,,full,original_strided,ascending,steady,8,16384,256,2048,10,30,20260803,2026-08-11T10:35:31.426299+00:00,0.6481930613517761,1.4356449246406555,1.1233279705047607,1.121440052986145,1.140064001083374,1.1266698638598125,0.012501744696824111,519.9866535803708,4194304,584115552256,0.1247891295189951,133069,31.519767939940934,76647744,1.461939697265625,,,,3.225088119506836,665846784,39.0,151.36,1740.0,1593.0,41.0,161.75,1710.0,1593.0
b8_h16384_q256_original_strided_descending_steady,ok,,full,original_strided,descending,steady,8,16384,256,2048,10,30,20260803,2026-08-11T10:35:32.116320+00:00,0.6481930613517761,1.4356449246406555,1.1301759481430054,1.125440001487732,1.1585919857025146,1.1412405331929525,0.014071556244991231,516.8359433022457,4194304,584115552256,0.1247891295189951,133069,31.519767939940934,76647744,1.461939697265625,,,,4.202190786600113,665846784,38.0,157.89,1740.0,1593.0,41.0,158.54,1680.0,1593.0
b8_h16384_q64_csa_trace_replay_ascending_steady,ok,,full,csa_trace_replay,ascending,steady,8,16384,64,2048,10,30,20260803,2026-08-11T10:35:28.961661+00:00,0.626828521490097,1.2294985353946686,0.32969599962234497,0.32819199562072754,0.3317759931087494,0.3301482657591502,0.0019564131275419,442.919805612658,1048576,146028888064,0.6936887710813492,64348,16.295393796232982,37064448,0.7069482421875,0.5605315863502935,"[8,0,5,19,3,8,0,5]","[2,10,16,22,30,36,2,8]",17.174821346998215,505971712,37.0,115.97,1755.0,1593.0,37.0,105.93,1755.0,1593.0
b8_h16384_q64_csa_trace_replay_descending_steady,ok,,full,csa_trace_replay,descending,steady,8,16384,64,2048,10,30,20260803,2026-08-11T10:35:29.185223+00:00,0.626828521490097,1.2294985353946686,0.32927998900413513,0.3284800052642822,0.33478400111198425,0.32998933295408883,0.0016753885450209156,443.4793881816066,1048576,146028888064,0.6936887710813492,64348,16.295393796232982,37064448,0.7069482421875,0.5605315863502935,"[8,0,5,19,3,8,0,5]","[2,10,16,22,30,36,2,8]",16.097664833068848,505971712,37.0,104.98,1755.0,1593.0,38.0,105.62,1755.0,1593.0
b8_h16384_q64_original_strided_ascending_steady,ok,,full,original_strided,ascending,steady,8,16384,64,2048,10,30,20260803,2026-08-11T10:35:28.846377+00:00,0.626828521490097,1.2294985353946686,0.33641600608825684,0.3352000117301941,0.34272000193595886,0.33710719843705494,0.002066772334462245,434.0723551235851,1048576,146028888064,0.12697637648809523,131511,7.973295009542928,75750336,1.444822998046875,,,,2.1892115473747253,505971712,37.0,126.63,1755.0,1593.0,37.0,117.03,1755.0,1593.0
b8_h16384_q64_original_strided_descending_steady,ok,,full,original_strided,descending,steady,8,16384,64,2048,10,30,20260803,2026-08-11T10:35:29.339445+00:00,0.626828521490097,1.2294985353946686,0.3368000090122223,0.3354560136795044,0.3393920063972473,0.3370581328868866,0.001284549157581854,433.5774470204978,1048576,146028888064,0.12697637648809523,131511,7.973295009542928,75750336,1.444822998046875,,,,2.776309847831726,505971712,38.0,105.59,1755.0,1593.0,39.0,108.83,1755.0,1593.0
b8_h32768_q1024_csa_trace_replay_ascending_steady,ok,,full,csa_trace_replay,ascending,steady,8,32768,1024,2048,10,30,20260803,2026-08-11T10:35:38.235842+00:00,0.8602067828178406,3.9424151182174683,4.641727924346924,4.503871917724609,4.675072193145752,4.630414930979411,0.04344524946840136,503.3604397122722,16777216,2336462209024,0.5805644970369013,206752,81.14657173812104,119089152,2.2714453125,0.4499542773819716,"[0,19,5,0,19,5,0,19]","[4,14,26,38,6,18,30,40]",371.9269596040249,1376257024,39.0,197.46,1755.0,1593.0,41.0,197.25,1725.0,1593.0
b8_h32768_q1024_csa_trace_replay_descending_steady,ok,,full,csa_trace_replay,descending,steady,8,32768,1024,2048,10,30,20260803,2026-08-11T10:35:38.947735+00:00,0.8602067828178406,3.9424151182174683,4.627488136291504,4.4651198387146,4.75651216506958,4.630423482259115,0.11710152088505413,504.90938932940287,16777216,2336462209024,0.5805644970369013,206752,81.14657173812104,119089152,2.2714453125,0.4499542773819716,"[0,19,5,0,19,5,0,19]","[4,14,26,38,6,18,30,40]",366.77222326397896,1376257024,39.0,141.97,1755.0,1593.0,43.0,196.42,1710.0,1593.0
b8_h32768_q1024_original_strided_ascending_steady,ok,,full,original_strided,ascending,steady,8,32768,1024,2048,10,30,20260803,2026-08-11T10:35:37.909942+00:00,0.8602067828178406,3.9424151182174683,4.876287937164307,4.692895889282227,4.893919944763184,4.850932248433431,0.06794557693993807,479.1477121801623,16777216,2336462209024,0.05906395338847141,270217,62.08793673232994,155644992,2.968692626953125,,,,8.549440652132034,1376257024,41.0,202.61,1740.0,1593.0,41.0,259.81,1695.0,1593.0
b8_h32768_q1024_original_strided_descending_steady,ok,,full,original_strided,descending,steady,8,32768,1024,2048,10,30,20260803,2026-08-11T10:35:39.673516+00:00,0.8602067828178406,3.9424151182174683,4.875904083251953,4.745696067810059,4.879360198974609,4.839582951863607,0.08974438859586595,479.1854329229773,16777216,2336462209024,0.05906395338847141,270217,62.08793673232994,155644992,2.968692626953125,,,,9.417526423931122,1376257024,40.0,187.74,1740.0,1593.0,45.0,197.57,1725.0,1593.0
b8_h32768_q2048_csa_trace_replay_ascending_steady,ok,,full,csa_trace_replay,ascending,steady,8,32768,2048,2048,10,30,20260803,2026-08-11T10:35:49.461232+00:00,0.8845850825309753,6.7655108869075775,9.056960105895996,9.052063941955566,9.379424095153809,9.131531715393066,0.13828705478120903,515.9484378214241,33554432,4672924418048,0.553346098139045,232100,144.56885825075398,133689600,2.5499267578125,0.4432453073400807,"[0,19,5,0,19,5,0,19]","[4,14,26,38,6,18,30,40]",743.3840855956078,2422556672,41.0,140.92,1755.0,1593.0,49.0,199.39,1620.0,1593.0
b8_h32768_q2048_csa_trace_replay_descending_steady,ok,,full,csa_trace_replay,descending,steady,8,32768,2048,2048,10,30,20260803,2026-08-11T10:35:50.677665+00:00,0.8845850825309753,6.7655108869075775,9.134559631347656,8.879103660583496,9.143903732299805,9.10886074701945,0.10920582245207798,511.5653744283002,33554432,4672924418048,0.553346098139045,232100,144.56885825075398,133689600,2.5499267578125,0.4432453073400807,"[0,19,5,0,19,5,0,19]","[4,14,26,38,6,18,30,40]",741.7227737605572,2422556672,42.0,128.13,1755.0,1593.0,47.0,199.16,1725.0,1593.0
b8_h32768_q2048_original_strided_ascending_steady,ok,,full,original_strided,ascending,steady,8,32768,2048,2048,10,30,20260803,2026-08-11T10:35:48.965820+00:00,0.8845850825309753,6.7655108869075775,9.175775527954102,9.124863624572754,9.258624076843262,9.190210151672364,0.0426548428425242,509.26751682317035,33554432,4672924418048,0.05920917043234001,278393,120.52900755406925,160354368,3.058516845703125,,,,18.105585128068924,2422556672,44.0,306.15,1740.0,1593.0,49.0,318.46,1620.0,1593.0
b8_h32768_q2048_original_strided_descending_steady,ok,,full,original_strided,descending,steady,8,32768,2048,2048,10,30,20260803,2026-08-11T10:35:52.004294+00:00,0.8845850825309753,6.7655108869075775,9.113696098327637,9.025376319885254,9.441887855529785,9.171765359242757,0.13251085464906415,512.7364756989737,33554432,4672924418048,0.05920917043234001,278393,120.52900755406925,160354368,3.058516845703125,,,,16.370385885238647,2556839936,43.0,202.97,1740.0,1593.0,49.0,314.26,1680.0,1593.0
b8_h32768_q256_csa_trace_replay_ascending_steady,ok,,full,csa_trace_replay,ascending,steady,8,32768,256,2048,10,30,20260803,2026-08-11T10:35:32.520867+00:00,0.6650537252426147,2.0629726350307465,1.1353600025177002,1.133504033088684,1.1414719820022583,1.1361215988794962,0.002102198608537931,514.4760701105407,4194304,584115552256,0.5723249846813726,153376,27.34654704777801,88344576,1.6850390625,0.4553246544765166,"[0,19,5,0,19,5,0,19]","[4,14,26,38,6,18,30,40]",84.32774245738983,741344256,38.0,143.94,1740.0,1593.0,42.0,158.76,1620.0,1593.0
b8_h32768_q256_csa_trace_replay_descending_steady,ok,,full,csa_trace_replay,descending,steady,8,32768,256,2048,10,30,20260803,2026-08-11T10:35:32.751582+00:00,0.6650537252426147,2.0629726350307465,1.1360960006713867,1.1332800388336182,1.1839359998703003,1.1453429261843364,0.018687460125650826,514.1427765882561,4194304,584115552256,0.5723249846813726,153376,27.34654704777801,88344576,1.6850390625,0.4553246544765166,"[0,19,5,0,19,5,0,19]","[4,14,26,38,6,18,30,40]",80.86606860160828,741344256,38.0,142.51,1740.0,1593.0,40.0,158.47,1725.0,1593.0
b8_h32768_q256_original_strided_ascending_steady,ok,,full,original_strided,ascending,steady,8,32768,256,2048,10,30,20260803,2026-08-11T10:35:32.295400+00:00,0.6650537252426147,2.0629726350307465,1.1473280191421509,1.1444799900054932,1.22051203250885,1.158353062470754,0.025400026212612156,509.1094634756145,4194304,584115552256,0.06530905330882353,264085,15.8824014995172,152112960,2.901324462890625,,,,3.2526589930057526,741344256,38.0,146.07,1740.0,1593.0,38.0,154.75,1710.0,1593.0
b8_h32768_q256_original_strided_descending_steady,ok,,full,original_strided,descending,steady,8,32768,256,2048,10,30,20260803,2026-08-11T10:35:32.997098+00:00,0.6650537252426147,2.0629726350307465,1.1487679481506348,1.1446399688720703,1.1934399604797363,1.1661429286003113,0.02166818548789012,508.471317637604,4194304,584115552256,0.06530905330882353,264085,15.8824014995172,152112960,2.901324462890625,,,,4.198998212814331,741344256,39.0,154.58,1740.0,1593.0,39.0,161.66,1650.0,1593.0
b8_h32768_q64_csa_trace_replay_ascending_steady,ok,,full,csa_trace_replay,ascending,steady,8,32768,64,2048,10,30,20260803,2026-08-11T10:35:29.619865+00:00,0.6160549819469452,1.8739216029644012,0.33164799213409424,0.3304319977760315,0.34009599685668945,0.33240853349367777,0.0023925732998885717,440.31289658752576,1048576,146028888064,0.6102663070436507,98868,10.605817858154307,56947968,1.0861962890625,0.4761879280821918,"[0,19,5,0,19,5,0,19]","[4,14,26,38,6,18,30,40]",18.24432611465454,581469184,37.0,107.25,1755.0,1593.0,38.0,111.15,1755.0,1593.0
b8_h32768_q64_csa_trace_replay_descending_steady,ok,,full,csa_trace_replay,descending,steady,8,32768,64,2048,10,30,20260803,2026-08-11T10:35:29.754612+00:00,0.6160549819469452,1.8739216029644012,0.33209601044654846,0.33087998628616333,0.3383359909057617,0.3325834621985753,0.0023948406472929793,439.71888691961163,1048576,146028888064,0.6102663070436507,98868,10.605817858154307,56947968,1.0861962890625,0.4761879280821918,"[0,19,5,0,19,5,0,19]","[4,14,26,38,6,18,30,40]",16.628041863441467,581469184,38.0,108.35,1755.0,1593.0,37.0,112.53,1755.0,1593.0
b8_h32768_q64_original_strided_ascending_steady,ok,,full,original_strided,ascending,steady,8,32768,64,2048,10,30,20260803,2026-08-11T10:35:29.457089+00:00,0.6160549819469452,1.8739216029644012,0.3531840145587921,0.35094401240348816,0.35519999265670776,0.3532800018787384,0.0017566586261137044,413.46403586930063,1048576,146028888064,0.07359967912946429,257009,4.079919380255166,148037184,2.823585205078125,,,,2.232268452644348,581469184,39.0,107.35,1755.0,1593.0,37.0,110.63,1755.0,1593.0
b8_h32768_q64_original_strided_descending_steady,ok,,full,original_strided,descending,steady,8,32768,64,2048,10,30,20260803,2026-08-11T10:35:29.887676+00:00,0.6160549819469452,1.8739216029644012,0.3527680039405823,0.35152000188827515,0.3572160005569458,0.3532245337963104,0.0018063424684271138,413.95162382299293,1048576,146028888064,0.07359967912946429,257009,4.079919380255166,148037184,2.823585205078125,,,,2.827126532793045,581469184,37.0,108.14,1755.0,1593.0,38.0,109.54,1755.0,1593.0
b8_h65536_q1024_csa_trace_replay_ascending_steady,ok,,full,csa_trace_replay,ascending,steady,8,65536,1024,2048,10,30,20260803,2026-08-11T10:35:40.373014+00:00,3.138430416584015,5.7944804430007935,4.588287830352783,4.423679828643799,4.783552169799805,4.62606078783671,0.10357093334232259,509.22311228333615,16777216,2336462209024,0.47358221835288367,310568,54.02107106978182,178887168,3.412001953125,0.37160114206213307,"[19,19,19,19,19,19,19,19]","[8,42,34,26,18,10,2,36]",376.13995373249054,1527251968,40.0,188.41,1755.0,1593.0,46.0,208.76,1650.0,1593.0
b8_h65536_q1024_csa_trace_replay_descending_steady,ok,,full,csa_trace_replay,descending,steady,8,65536,1024,2048,10,30,20260803,2026-08-11T10:35:41.081718+00:00,3.138430416584015,5.7944804430007935,4.59987211227417,4.50486421585083,4.828991889953613,4.647903966903686,0.10938321184482358,507.94068878337936,16777216,2336462209024,0.47358221835288367,310568,54.02107106978182,178887168,3.412001953125,0.37160114206213307,"[19,19,19,19,19,19,19,19]","[8,42,34,26,18,10,2,36]",377.2178553044796,1527251968,40.0,143.94,1755.0,1593.0,46.0,199.63,1680.0,1593.0
b8_h65536_q1024_original_strided_ascending_steady,ok,,full,original_strided,ascending,steady,8,65536,1024,2048,10,30,20260803,2026-08-11T10:35:40.077146+00:00,3.138430416584015,5.7944804430007935,4.959712028503418,4.908127784729004,5.242879867553711,5.030839411417643,0.11401253775943296,471.0882800445618,16777216,2336462209024,0.032800996991080154,532242,31.52178144528241,306571392,5.84738525390625,,,,8.862465620040894,1527251968,41.0,202.3,1740.0,1593.0,46.0,264.54,1425.0,1593.0
b8_h65536_q1024_original_strided_descending_steady,ok,,full,original_strided,descending,steady,8,65536,1024,2048,10,30,20260803,2026-08-11T10:35:41.797327+00:00,3.138430416584015,5.7944804430007935,5.119775772094727,4.909408092498779,5.299712181091309,5.149165868759155,0.13847883300977354,456.36026127528044,16777216,2336462209024,0.032800996991080154,532242,31.52178144528241,306571392,5.84738525390625,,,,9.611658751964569,1527251968,41.0,189.23,1740.0,1593.0,44.0,204.35,1665.0,1593.0
b8_h65536_q2048_csa_trace_replay_ascending_steady,ok,,full,csa_trace_replay,ascending,steady,8,65536,2048,2048,10,30,20260803,2026-08-11T10:35:53.057559+00:00,0.9131468832492828,7.9169683158397675,9.13212776184082,9.110624313354492,9.269951820373535,9.178610229492188,0.06593562465359916,511.70160338471317,33554432,4672924418048,0.5106991319232413,381572,87.93735389389158,219785472,4.1920751953125,0.3771431581381482,"[19,19,19,19,19,19,19,19]","[8,42,34,26,18,10,2,36]",713.2229842245579,2573551616,43.0,135.55,1755.0,1593.0,49.0,198.43,1620.0,1593.0
b8_h65536_q2048_csa_trace_replay_descending_steady,ok,,full,csa_trace_replay,descending,steady,8,65536,2048,2048,10,30,20260803,2026-08-11T10:35:54.289371+00:00,0.9131468832492828,7.9169683158397675,9.1146240234375,9.105792045593262,9.511872291564941,9.189238421122234,0.16208868800641235,512.6842759538915,33554432,4672924418048,0.5106991319232413,381572,87.93735389389158,219785472,4.1920751953125,0.3771431581381482,"[19,19,19,19,19,19,19,19]","[8,42,34,26,18,10,2,36]",703.8353681564331,2573551616,44.0,150.34,1755.0,1593.0,45.0,200.07,1725.0,1593.0
b8_h65536_q2048_original_strided_ascending_steady,ok,,full,original_strided,ascending,steady,8,65536,2048,2048,10,30,20260803,2026-08-11T10:35:52.525437+00:00,0.9131468832492828,7.9169683158397675,10.035072326660156,9.998496055603027,10.532320022583008,10.104194037119548,0.17761681815645683,465.6592664143986,33554432,4672924418048,0.031198416795157547,540404,62.09138348346792,311272704,5.9370556640625,,,,16.618993133306503,2573551616,44.0,309.55,1740.0,1593.0,46.0,326.67,1650.0,1593.0
b8_h65536_q2048_original_strided_descending_steady,ok,,full,original_strided,descending,steady,8,65536,2048,2048,10,30,20260803,2026-08-11T10:35:55.566130+00:00,0.9131468832492828,7.9169683158397675,10.08579158782959,10.011103630065918,10.098176002502441,10.063289546966553,0.03685611782370926,463.317566832014,33554432,4672924418048,0.031198416795157547,540404,62.09138348346792,311272704,5.9370556640625,,,,16.79117977619171,2707834880,45.0,208.78,1740.0,1593.0,49.0,325.8,1665.0,1593.0
b8_h65536_q256_csa_trace_replay_ascending_steady,ok,,full,csa_trace_replay,ascending,steady,8,65536,256,2048,10,30,20260803,2026-08-11T10:35:33.291280+00:00,0.7424354553222656,3.199707716703415,1.1435840129852295,1.1413120031356812,1.1578559875488281,1.1467466592788695,0.006459241553583626,510.77624872633163,4194304,584115552256,0.4404909620098039,219016,19.15067392336633,126153216,2.406181640625,0.3646792059075342,"[19,19,19,19,19,19,19,19]","[8,42,34,26,18,10,2,36]",86.7801159620285,892339200,38.0,154.58,1740.0,1593.0,42.0,162.45,1620.0,1593.0
b8_h65536_q256_csa_trace_replay_descending_steady,ok,,full,csa_trace_replay,descending,steady,8,65536,256,2048,10,30,20260803,2026-08-11T10:35:33.550313+00:00,0.7424354553222656,3.199707716703415,1.1447999477386475,1.1403520107269287,1.175104022026062,1.15649493932724,0.01572084737109864,510.23373420816307,4194304,584115552256,0.4404909620098039,219016,19.15067392336633,126153216,2.406181640625,0.3646792059075342,"[19,19,19,19,19,19,19,19]","[8,42,34,26,18,10,2,36]",88.69582414627075,892339200,38.0,163.29,1740.0,1593.0,39.0,163.71,1740.0,1593.0
b8_h65536_q256_original_strided_ascending_steady,ok,,full,original_strided,ascending,steady,8,65536,256,2048,10,30,20260803,2026-08-11T10:35:33.134235+00:00,0.7424354553222656,3.199707716703415,1.2463359832763672,1.2402559518814087,1.317088007926941,1.2730805317560832,0.034218389470317176,468.66620244765573,4194304,584115552256,0.03703254250919118,526028,7.97353753032158,302992128,5.7791162109375,,,,3.2755285501480103,892339200,40.0,160.97,1740.0,1593.0,40.0,165.99,1530.0,1593.0
b8_h65536_q256_original_strided_descending_steady,ok,,full,original_strided,descending,steady,8,65536,256,2048,10,30,20260803,2026-08-11T10:35:33.812447+00:00,0.7424354553222656,3.199707716703415,1.2448320388793945,1.2421120405197144,1.3265600204467773,1.2508554736773172,0.020514995510001705,469.23242173444095,4194304,584115552256,0.03703254250919118,526028,7.97353753032158,302992128,5.7791162109375,,,,4.247020930051804,892339200,39.0,165.98,1740.0,1593.0,42.0,172.97,1695.0,1593.0
b8_h65536_q64_csa_trace_replay_ascending_steady,ok,,full,csa_trace_replay,ascending,steady,8,65536,64,2048,10,30,20260803,2026-08-11T10:35:30.256997+00:00,0.6663128733634949,3.1036920845508575,0.3357760012149811,0.3347199857234955,0.33935999870300293,0.3361642668644587,0.0014681414670145272,434.89971747714276,1048576,146028888064,0.46844385540674605,139724,7.504623400417967,80481024,1.5350537109375,0.3585799902152642,"[19,19,19,19,19,19,19,19]","[8,42,34,26,18,10,2,36]",18.983948975801468,732464128,38.0,114.04,1755.0,1593.0,37.0,115.48,1755.0,1593.0
b8_h65536_q64_csa_trace_replay_descending_steady,ok,,full,csa_trace_replay,descending,steady,8,65536,64,2048,10,30,20260803,2026-08-11T10:35:30.388484+00:00,0.6663128733634949,3.1036920845508575,0.33561599254608154,0.33420801162719727,0.339136004447937,0.33606293201446535,0.0018902292093325608,435.10706076960736,1048576,146028888064,0.46844385540674605,139724,7.504623400417967,80481024,1.5350537109375,0.3585799902152642,"[19,19,19,19,19,19,19,19]","[8,42,34,26,18,10,2,36]",18.55156570672989,732464128,37.0,111.83,1755.0,1593.0,37.0,114.49,1755.0,1593.0
b8_h65536_q64_original_strided_ascending_steady,ok,,full,original_strided,ascending,steady,8,65536,64,2048,10,30,20260803,2026-08-11T10:35:30.119950+00:00,0.6663128733634949,3.1036920845508575,0.3898560106754303,0.38707199692726135,0.39215999841690063,0.3899968018134435,0.0016722784427154775,374.5713393285976,1048576,146028888064,0.0325927734375,447368,2.3438779707086783,257683968,4.914931640625,,,,5.447570234537125,732464128,37.0,109.65,1755.0,1593.0,38.0,114.3,1755.0,1593.0
b8_h65536_q64_original_strided_descending_steady,ok,,full,original_strided,descending,steady,8,65536,64,2048,10,30,20260803,2026-08-11T10:35:30.521631+00:00,0.6663128733634949,3.1036920845508575,0.38995200395584106,0.3880000114440918,0.39369601011276245,0.3902239998181661,0.0018475352165397622,374.47913225889357,1048576,146028888064,0.0325927734375,447368,2.3438779707086783,257683968,4.914931640625,,,,2.870660275220871,732464128,37.0,110.9,1755.0,1593.0,37.0,115.01,1755.0,1593.0
b8_h8192_q1024_csa_trace_replay_ascending_steady,ok,,full,csa_trace_replay,ascending,steady,8,8192,1024,2048,20,100,20260803,2026-08-11T10:48:22.930213+00:00,213.97901698946953,21.793749183416367,4.510848045349121,4.487167835235596,4.546720027923584,4.513724179267883,0.017785447169758703,517.9651776195373,16777216,2336462209024,0.7576101234115347,62060,270.3386400257815,35746560,0.6818115234375,0.6336242317453522,"[8,19,5,18,3,12,0,8]","[26,30,36,40,4,8,14,18]",316.49572402238846,1263010816,37.0,248.37,1755.0,1593.0,41.0,249.74,1710.0,1593.0
b8_h8192_q1024_csa_trace_replay_descending_steady,ok,,full,csa_trace_replay,descending,steady,8,8192,1024,2048,20,100,20260803,2026-08-11T10:48:23.932340+00:00,213.97901698946953,21.793749183416367,4.509920120239258,4.498976230621338,4.550144195556641,4.513840312957764,0.018004298298671687,518.0717499936668,16777216,2336462209024,0.7576101234115347,62060,270.3386400257815,35746560,0.6818115234375,0.6336242317453522,"[8,19,5,18,3,12,0,8]","[26,30,36,40,4,8,14,18]",281.42306208610535,1263010816,37.0,251.02,1755.0,1593.0,43.0,248.68,1710.0,1593.0
b8_h8192_q1024_original_strided_ascending_steady,ok,,full,original_strided,ascending,steady,8,8192,1024,2048,20,100,20260803,2026-08-11T10:48:22.031377+00:00,213.97901698946953,21.793749183416367,4.48799991607666,4.479680061340332,4.55299186706543,4.502008957862854,0.0329374320569092,520.6021062198457,16777216,2336462209024,0.2350506227853128,73702,227.63583077799788,42452352,0.80971435546875,,,,192.63433292508125,1263010816,35.0,68.93,1755.0,1593.0,40.0,250.08,1695.0,1593.0
b8_h8192_q1024_original_strided_descending_steady,ok,,full,original_strided,descending,steady,8,8192,1024,2048,20,100,20260803,2026-08-11T10:48:24.941204+00:00,213.97901698946953,21.793749183416367,4.5149760246276855,4.496863842010498,4.521759986877441,4.513367042541504,0.010274045822205265,517.491609319602,16777216,2336462209024,0.2350506227853128,73702,227.63583077799788,42452352,0.80971435546875,,,,9.332042187452316,1263010816,39.0,251.07,1740.0,1593.0,42.0,343.83,1620.0,1593.0
b8_h8192_q2048_csa_trace_replay_ascending_steady,ok,,full,csa_trace_replay,ascending,steady,8,8192,2048,2048,10,30,20260803,2026-08-11T10:35:42.650956+00:00,1.0406039655208588,5.576685070991516,8.956480026245117,8.880448341369629,9.374655723571777,8.97711140314738,0.14074612829784636,521.7367095505108,33554432,4672924418048,0.7704616559675745,64116,523.339447251856,36930816,0.7043994140625,0.644818031624572,"[8,19,5,18,3,12,0,8]","[26,30,36,40,4,8,14,18]",651.5424065291882,2309310464,40.0,154.34,1755.0,1593.0,43.0,195.21,1680.0,1593.0
b8_h8192_q2048_csa_trace_replay_descending_steady,ok,,full,csa_trace_replay,descending,steady,8,8192,2048,2048,10,30,20260803,2026-08-11T10:35:43.840902+00:00,1.0406039655208588,5.576685070991516,8.956864356994629,8.756352424621582,9.118080139160156,8.984912077585856,0.09935338392633007,521.7143223117811,33554432,4672924418048,0.7704616559675745,64116,523.339447251856,36930816,0.7043994140625,0.644818031624572,"[8,19,5,18,3,12,0,8]","[26,30,36,40,4,8,14,18]",627.4298876523972,2309310464,41.0,168.47,1755.0,1593.0,45.0,196.33,1680.0,1593.0
b8_h8192_q2048_original_strided_ascending_steady,ok,,full,original_strided,ascending,steady,8,8192,2048,2048,10,30,20260803,2026-08-11T10:35:42.169679+00:00,1.0406039655208588,5.576685070991516,9.042943954467773,8.962400436401367,9.052607536315918,9.03251838684082,0.03171465724089643,516.7481344102864,33554432,4672924418048,0.22297889847375732,81893,409.73504450929875,47170368,0.899703369140625,,,,15.949215739965439,2309310464,42.0,208.61,1740.0,1593.0,47.0,291.75,1485.0,1593.0
b8_h8192_q2048_original_strided_descending_steady,ok,,full,original_strided,descending,steady,8,8192,2048,2048,10,30,20260803,2026-08-11T10:35:44.958665+00:00,1.0406039655208588,5.576685070991516,8.963168144226074,8.818655967712402,9.33142375946045,9.02556053797404,0.15419957405823279,521.3474011483564,33554432,4672924418048,0.22297889847375732,81893,409.73504450929875,47170368,0.899703369140625,,,,16.280949115753174,2443593728,42.0,203.93,1740.0,1593.0,43.0,312.2,1725.0,1593.0
b8_h8192_q256_csa_trace_replay_ascending_steady,ok,,full,csa_trace_replay,ascending,steady,8,8192,256,2048,10,30,20260803,2026-08-11T10:35:30.792948+00:00,0.6327182054519653,1.1839903891086578,1.11900794506073,1.1130239963531494,1.1461119651794434,1.127955190340678,0.014226783299726755,521.9941063280827,4194304,584115552256,0.742416321997549,55536,75.52405646787669,31988736,0.61013671875,0.6207994434931506,"[8,19,5,18,3,12,0,8]","[26,30,36,40,4,8,14,18]",69.38804313540459,628098048,38.0,120.96,1740.0,1593.0,39.0,133.55,1680.0,1593.0
b8_h8192_q256_csa_trace_replay_descending_steady,ok,,full,csa_trace_replay,descending,steady,8,8192,256,2048,10,30,20260803,2026-08-11T10:35:31.009235+00:00,0.6327182054519653,1.1839903891086578,1.114016056060791,1.1106560230255127,1.1199359893798828,1.1146538694699606,0.0025841930651084983,524.3331539775628,4194304,584115552256,0.742416321997549,55536,75.52405646787669,31988736,0.61013671875,0.6207994434931506,"[8,19,5,18,3,12,0,8]","[26,30,36,40,4,8,14,18]",72.0251016318798,628098048,37.0,131.14,1740.0,1593.0,42.0,140.64,1725.0,1593.0
b8_h8192_q256_original_strided_ascending_steady,ok,,full,original_strided,ascending,steady,8,8192,256,2048,10,30,20260803,2026-08-11T10:35:30.622016+00:00,0.6327182054519653,1.1839903891086578,1.1055359840393066,1.1022080183029175,1.1298880577087402,1.1106592098871866,0.009809337425838177,528.3550790647373,4194304,584115552256,0.24569283279718138,67561,62.08173354450052,38915136,0.742247314453125,,,,3.1718239188194275,628098048,38.0,115.64,1755.0,1593.0,42.0,126.14,1710.0,1593.0
b8_h8192_q256_original_strided_descending_steady,ok,,full,original_strided,descending,steady,8,8192,256,2048,10,30,20260803,2026-08-11T10:35:31.295601+00:00,0.6327182054519653,1.1839903891086578,1.1162240505218506,1.1131839752197266,1.1627839803695679,1.1297119975090026,0.021238396652756206,523.2959744801392,4194304,584115552256,0.24569283279718138,67561,62.08173354450052,38915136,0.742247314453125,,,,4.097122699022293,628098048,38.0,137.82,1740.0,1593.0,38.0,152.04,1710.0,1593.0
b8_h8192_q64_csa_trace_replay_ascending_steady,ok,,full,csa_trace_replay,ascending,steady,8,8192,64,2048,10,30,20260803,2026-08-11T10:35:28.400064+00:00,0.6582699716091156,0.9310469031333923,0.3306879997253418,0.3288959860801697,0.33430400490760803,0.3307562639315923,0.001662847738324544,441.59113177764726,1048576,146028888064,0.7371690538194444,48740,21.513664341403366,28074240,0.5354736328125,0.6102540973581213,"[8,19,5,18,3,12,0,8]","[26,30,36,40,4,8,14,18]",19.165974110364914,280953856,37.0,130.96,1740.0,1593.0,38.0,133.19,1755.0,1593.0
b8_h8192_q64_csa_trace_replay_descending_steady,ok,,full,csa_trace_replay,descending,steady,8,8192,64,2048,10,30,20260803,2026-08-11T10:35:28.555232+00:00,0.6582699716091156,0.9310469031333923,0.328000009059906,0.32716798782348633,0.3309440016746521,0.3286271999279658,0.001812765268071288,445.21001228792426,1048576,146028888064,0.7371690538194444,48740,21.513664341403366,28074240,0.5354736328125,0.6102540973581213,"[8,19,5,18,3,12,0,8]","[26,30,36,40,4,8,14,18]",15.716467052698135,280953856,37.0,129.33,1755.0,1593.0,37.0,123.89,1755.0,1593.0
b8_h8192_q64_original_strided_ascending_steady,ok,,full,original_strided,ascending,steady,8,8192,64,2048,10,30,20260803,2026-08-11T10:35:28.242835+00:00,0.6582699716091156,0.9310469031333923,0.33212798833847046,0.3309760093688965,0.33561599254608154,0.33266239762306216,0.0019237652071894516,439.6765499786259,1048576,146028888064,0.24883645678323413,66016,15.883664566165779,38025216,0.7252734375,,,,2.308458089828491,280953856,38.0,143.13,1740.0,1593.0,39.0,130.82,1740.0,1593.0
b8_h8192_q64_original_strided_descending_steady,ok,,full,original_strided,descending,steady,8,8192,64,2048,10,30,20260803,2026-08-11T10:35:28.683663+00:00,0.6582699716091156,0.9310469031333923,0.3288959860801697,0.32758399844169617,0.33427199721336365,0.32970346411069235,0.0023501395615627843,443.99717310142205,1048576,146028888064,0.24883645678323413,66016,15.883664566165779,38025216,0.7252734375,,,,2.758525311946869,280953856,37.0,123.64,1755.0,1593.0,37.0,127.34,1755.0,1593.0
