B,H,Q,random_tflops,random_latency_ms,outer_latency_ms,outer_tflops,outer_pass_spread,outer_pass_count,inner_latency_ms,inner_tflops,inner_pass_spread,inner_pass_count,inner_vs_outer_tflops,inner_vs_outer_latency
1,2048,2,8.08792733669407,0.07052800059318542,0.06822400167584419,8.361155592894534,0.0065881755347927395,2,0.06857600063085556,8.318735199030517,0.016941085413670454,2,0.9949264915127203,1.0051594592279098
1,2048,8,31.57801998891257,0.07225599884986877,0.07091199979186058,32.1766837554233,0.004522769330339793,2,0.070847999304533,32.206381589680014,0.009986352509820273,2,1.0009229613120623,0.9990974660492522
1,2048,32,130.11527439652835,0.07014399766921997,0.06935999915003777,131.58803313945816,0.00787407603759549,2,0.06931199878454208,131.67940968417346,0.008344987459311337,2,1.0006944137892726,0.9993079531994825
1,2048,128,266.42939878794846,0.13702400028705597,0.1364319995045662,267.586307652304,0.0035245177899907443,2,0.13609600067138672,268.25537355522107,0.011825902155401469,2,1.0025003742111738,0.9975372432098071
1,2048,512,453.61855329494233,0.3219200074672699,0.31963199377059937,456.871130035607,0.006931869364838805,2,0.31835199892520905,458.7026889437857,0.000905005006420545,2,1.0040089180247305,0.9959954107525638
1,2048,1024,520.2830382264947,0.5613440275192261,0.557744026184082,523.6692672692466,0.014738170906672732,2,0.5552639961242676,525.9808805043984,0.0025389153644361784,2,1.0044142617862724,0.99555346190477
1,2048,4096,491.2034383402955,2.3783040046691895,2.306015968322754,506.60154685043574,0.0007219214446041455,2,2.253008008003235,518.6056425606927,0.025940627109394487,2,1.0236953396310906,0.9770131859242616
1,4096,2,8.110005559684245,0.0703359991312027,0.069023996591568,8.264159888847749,0.0,2,0.06827200204133987,8.355473817794586,0.011786872479726318,2,1.0110493904008395,0.9891053171742886
1,4096,8,31.80337449283202,0.07174400240182877,0.07078400254249573,32.23480949618871,0.003623215914142941,2,0.070847999304533,32.206381589680014,0.009986352509820273,2,0.9991180991309393,1.0009041133552579
1,4096,32,129.642124338843,0.07039999961853027,0.06939199939370155,131.52785270211422,0.008800437924371352,2,0.06940799951553345,131.49973263808633,0.01205946166658145,2,0.9997862044924312,1.0002305758873025
1,4096,128,262.0235792400149,0.1393280029296875,0.13619199395179749,268.05703446063814,0.0,2,0.13571200519800186,269.00523819362513,0.0014157728856363239,2,1.0035373208350786,0.9964756463293613
1,4096,512,453.5284089099583,0.3219839930534363,0.3197600096464157,456.68280210204375,0.0005005276096119449,2,0.31936000287532806,457.2568052313741,0.004217276178426044,2,1.0012568967490965,0.9987490406585553
1,4096,1024,518.9222832397209,0.5628160238265991,0.5569440126419067,524.395727441133,0.004203177607418951,2,0.5506080090999603,530.5079207090066,0.024889740063727794,2,1.0116556885344947,0.9886236257179764
1,4096,4096,520.7283599220106,2.2434558868408203,2.261952042579651,516.4975281503492,0.014620966206686958,2,2.291264057159424,509.86316456124547,0.000363219574142315,2,0.9871550913072858,1.0129587250427927
1,8192,2,7.832069950802604,0.07283200323581696,0.06806400045752525,8.381083302252277,0.013251292028244599,2,0.06841599941253662,8.337783975468081,0.009398568222773518,2,0.9948336837586903,1.0051715878091978
1,8192,8,31.57801998891257,0.07225599884986877,0.07118399813771248,32.05358610336031,0.0013495379835504195,2,0.07099200040102005,32.141633399673864,0.013157889176840243,2,1.002746878181731,0.9973027963908266
1,8192,32,128.938816345129,0.07078400254249573,0.06950400024652481,131.31382979932278,0.0036900650368592025,2,0.06960000097751617,131.13403526877158,0.007383535789626805,2,0.9986308027812001,1.00138122598197
1,8192,128,261.18375371908553,0.13977600634098053,0.13603200018405914,268.37232405539976,0.00047048222565493347,2,0.13571199774742126,269.0069280280208,0.005200875046896369,2,1.0023646401500403,0.997647594417454
1,8192,512,450.30615777334515,0.324288010597229,0.32020799815654755,456.04456094037926,0.0025014500079023616,2,0.31937600672245026,457.23228199905213,0.001905517135737167,2,1.002604396939246,0.9974017156383129
1,8192,1024,519.48349679628,0.5622079968452454,0.5569759905338287,524.3637296812549,0.001782633913102627,2,0.557776004076004,523.6193105874485,0.007890762011952823,2,0.9985803383192446,1.0014363519357603
1,8192,4096,511.9509566206209,2.2819199562072754,2.287519931793213,510.8676665369859,0.03716107399792823,2,2.2573599815368652,517.6517978063456,0.03231006847416307,2,1.0132796254563285,0.9868154371740469
1,16384,2,8.169473563244347,0.06982400268316269,0.06791999936103821,8.398735207774001,0.01089528290191466,2,0.06825600191950798,8.357367833751587,0.01036754652580374,2,0.9950745709920555,1.0049470341818425
1,16384,8,31.634059494449016,0.07212799787521362,0.07102400064468384,32.12585927221865,0.0031587635936944913,2,0.07097600027918816,32.14815921050689,0.009057934336698326,2,1.000694142936358,0.9993241669708833
1,16384,32,129.642124338843,0.07039999961853027,0.07051200047135353,129.47172666598274,0.03368716715263487,2,0.06945599988102913,131.40614913888595,0.007863149854093088,2,1.0149408872710388,0.9850238174599313
1,16384,128,263.41506550110677,0.13859200477600098,0.13628800213336945,267.8691466243482,0.003763848932073488,2,0.13569600135087967,269.03701306521066,0.0016521799147324323,2,1.0043598393304334,0.9956562516639546
1,16384,512,450.7064433153482,0.3240000009536743,0.3205439895391464,455.56866582311136,0.005003994844544168,2,0.3202719986438751,455.9544481513999,0.0039043011738171263,2,1.0008468148870413,0.9991514709239678
1,16384,1024,518.8928284376653,0.5628479719161987,0.5558080077171326,525.4660613380634,0.0025364271832151175,2,0.559552013874054,521.9540846923124,0.006080388098602896,2,0.9933164538984537,1.0067361500822902
1,16384,4096,494.47010464266907,2.3625919818878174,2.2996959686279297,508.03873588870454,0.019005683619984337,2,2.2604799270629883,517.0637123876859,0.045609227522606544,2,1.0177643472070965,0.9829472929900647
1,32768,2,8.245047439546516,0.06918399780988693,0.06801600009202957,8.386690817017778,0.005188608739210121,2,0.06851200014352798,8.326007715435082,0.006560499963995214,2,0.9927643568951462,1.007292402535099
1,32768,8,31.564041121787508,0.07228799909353256,0.07123199850320816,32.0319783865384,0.0008988832709555528,2,0.07115200161933899,32.06997233584346,0.01586583551264642,2,1.0011861255913257,0.9988769529768905
1,32768,32,129.58322242528024,0.07043199986219406,0.06945599988102913,131.40419659424967,0.001383136405910701,2,0.06932799890637398,131.64793162726397,0.006018564579623797,2,1.0018548496876922,0.9981570926215964
1,32768,128,253.07247595559213,0.14425599575042725,0.14156800508499146,257.87810703415846,0.0027161817714795866,2,0.14070399850606918,259.46308783846723,0.005473139468154198,2,1.006146240262648,0.993896879606352
1,32768,512,448.80042251883543,0.3253760039806366,0.3288640081882477,444.0467410412688,0.0076186879086077575,2,0.32760000228881836,445.7542880272603,0.0024450291966215953,2,1.003845421727423,0.9961564480516039
1,32768,1024,509.4220668748575,0.573311984539032,0.5710240006446838,511.46585816303525,0.0045494823951581775,2,0.5702239871025085,512.1809424610782,0.0010667591470152615,2,1.0013981075894514,0.9985989843837175
1,32768,4096,484.65630057305157,2.4104321002960205,2.3317919969558716,501.0884839161447,0.026714769200673727,2,2.312991976737976,505.2479904473605,0.037864070226066415,2,1.0083009421783318,0.9919375226253291
1,65536,2,8.271828807934007,0.06896000355482101,0.06878399848937988,8.293095793934976,0.00700274570589432,2,0.06779200211167336,8.414368704585987,0.003309717811466939,2,1.0146233582324833,0.9855780937501083
1,65536,8,31.59201124325415,0.07222399860620499,0.07115199789404869,32.06802799698774,0.002251255409040809,2,0.0711200013756752,32.08359844437482,0.012222712570735927,2,1.0004855442744576,0.9995503075202311
1,65536,32,125.53374257465747,0.0727040022611618,0.06956800073385239,131.19535594670432,0.009242214778957702,2,0.06950400024652481,131.3147483770008,0.006466562077490412,2,1.0009100354919953,0.9990800298031789
1,65536,128,237.92506740576357,0.15343999862670898,0.14819200336933136,246.35086911006783,0.0008641240829871943,2,0.14691199362277985,248.50581516446357,0.011831715065071746,2,1.008747466823155,0.9913624911098515
1,65536,512,425.3731232329655,0.34329599142074585,0.33934400975704193,430.32769262384454,0.0025493316918747677,2,0.3388320058584213,430.9779563777637,0.002553188866049938,2,1.0015110897231696,0.9984911951179359
1,65536,1024,477.6931428786143,0.6113920211791992,0.5952480137348175,490.6532560439157,0.005985151064477723,2,0.5921120047569275,493.2477075173151,0.0012437779624665524,2,1.005287749426791,0.994731592705008
1,65536,4096,448.3649858102963,2.6055359840393066,2.454751968383789,476.13596648171057,0.04494500076218877,2,2.438655972480774,479.06159532894515,0.011057067444523172,2,1.0061445239452351,0.993442923720879
1,131072,2,8.214650719730855,0.06943999975919724,0.06857600063085556,8.319280505267011,0.023607135786321676,2,0.06803200021386147,8.384669669732551,0.0018831437967024023,2,1.007859954286208,0.9920671895125169
1,131072,8,31.522178679423465,0.07238399982452393,0.07110400125384331,32.09004996204105,0.007226688490069133,2,0.07119999825954437,32.04678272007153,0.007217015184507458,2,0.9986516929072813,1.001350092878154
1,131072,32,121.83369691563284,0.07491199672222137,0.06948800012469292,131.343682975844,0.0013824990110062885,2,0.06961599737405777,131.10579302310407,0.010628439403079781,2,0.9981887979128492,1.001842005081959
1,131072,128,224.97547700569518,0.16227200627326965,0.14980800449848175,243.69542683841692,0.005784055670263966,2,0.15004800260066986,243.30379578809791,0.0017075903584160557,2,0.9983929487089691,1.0016020379083985
1,131072,512,387.5830505441521,0.37676799297332764,0.34483200311660767,423.4783510352407,0.0,2,0.34435199201107025,424.06875225276906,0.000929677439074128,2,1.0013941709560479,0.9986079856243067
1,131072,1024,428.40806569575795,0.6817280054092407,0.6054080128669739,482.4154975910377,0.0024343714800014737,2,0.6031360030174255,484.23326508476157,0.0031884113343607634,2,1.0037680536856735,0.9962471427512348
1,131072,4096,404.516628606707,2.887968063354492,2.4916319847106934,468.90821339242746,0.02009373027754724,2,2.482208013534546,470.6982910439885,0.022132458738233662,2,1.0038175438186725,0.9962177515644464
1,262144,2,8.252681801158356,0.06911999732255936,0.06825600191950798,8.357676456300538,0.016068064890206957,2,0.06862399727106094,8.312612903027548,0.011726059232030073,2,0.9946081242186614,1.005391399162039
1,262144,8,31.57801998891257,0.07225599884986877,0.07110400125384331,32.08995246808112,0.006320484481128874,2,0.07123200222849846,32.0327524627672,0.00993224996486508,2,0.9982175104381716,1.0018001936937162
1,262144,32,116.84255494147757,0.07811199873685837,0.0697919987142086,130.77616264621497,0.011992603975583327,2,0.06982400268316269,130.71168682939583,0.0018348762991122758,2,0.9995069757705495,1.0004585621495832
1,262144,128,214.36502921272532,0.17030400037765503,0.1510399952530861,241.7056726831538,0.00042382184680733737,2,0.15004800260066986,243.30947272105055,0.009858526197039419,2,1.0066353429776518,0.9934322518300267
1,262144,512,347.87336728912925,0.41977599263191223,0.34756799042224884,420.1469499100266,0.004521516585396901,2,0.3465760052204132,421.3474420494574,0.0008313598144029655,2,1.0028573148982467,0.9971459247422915
1,262144,1024,380.6324677250475,0.7672960162162781,0.6068159937858582,481.2958357234344,0.001794612348395841,2,0.6083519756793976,480.08371743638224,0.005379763499069545,2,0.9974815525149304,1.0025312152436139
1,262144,4096,371.2120587021356,3.1470720767974854,2.5245440006256104,462.79252851328556,0.019505969190089623,2,2.5692800283432007,454.8342800211142,0.03600868412560576,2,0.9828038526945603,1.017720438901641
1,524288,2,8.18447730166378,0.06969600170850754,0.0676959976553917,8.42673108592854,0.014761906820951243,2,0.06879999861121178,8.291369348048114,0.012166572513889973,2,0.9839366254244828,1.0163082160549584
1,524288,8,31.452654157474413,0.07254400104284286,0.07100799679756165,32.133046029792574,0.00180425379612692,2,0.07110400125384331,32.08995246808112,0.006320484481128874,2,0.998658902063891,1.0013520231609316
1,524288,32,114.08507135000006,0.07999999821186066,0.06971200183033943,130.92274669547606,0.005985312588537628,2,0.0698079988360405,130.74517668410274,0.010599051789153213,2,0.998643703895196,1.0013770513423885
1,524288,128,207.12612228677477,0.176256000995636,0.15158399939537048,240.83822937525005,0.0,2,0.1507040038704872,242.24476064773927,0.0019128236580865376,2,1.0058401495316498,0.9941946674557121
1,524288,512,322.00132591756665,0.4535039961338043,0.3486559987068176,418.83520024187203,0.0037701651682435777,2,0.34806399047374725,419.54644976968973,0.0018404484197940274,2,1.0016981608217432,0.9983020276855521
1,524288,1024,350.0347322230828,0.8343679904937744,0.6138240098953247,475.80580538534446,0.006695312053958347,2,0.6125440001487732,476.7993002985478,0.006183438964235455,2,1.0020880260433114,0.9979146958640966
1,524288,4096,348.0292291709369,3.356703996658325,2.520576000213623,463.54203603218593,0.023817814584381924,2,2.538864016532898,460.2061848258508,0.024405848909754946,2,0.9928035626824931,1.0072554909345026
2,2048,2,15.747166009955038,0.0724480003118515,0.07030400261282921,16.228482456422547,0.016521358551274234,2,0.07057599723339081,16.1652934590862,0.010483109802467583,2,0.9961062904368276,1.0038688354923333
2,2048,8,63.8345277964651,0.07148800045251846,0.071407999843359,63.90658584072729,0.005842741261211648,2,0.07068799808621407,64.55956002234566,0.012756255586742204,2,1.010217635209707,0.9899170714944499
2,2048,32,257.64467913536225,0.0708480030298233,0.07012799754738808,260.2910194568315,0.004115257881509349,2,0.06974399834871292,261.7280088051125,0.00875571977447831,2,1.0055207027552455,0.9945243096608359
2,2048,128,372.7661243369005,0.1958719938993454,0.19547200202941895,373.5401456088975,0.011028852373718978,2,0.1958559975028038,372.80160789026945,0.0073794868485810294,2,0.9980228692221979,1.0019644525527858
2,2048,512,518.8338189890381,0.5629119873046875,0.5596639811992645,521.8515318177082,0.0071727927034157535,2,0.5560159981250763,525.2686913602415,0.0005180149871568673,2,1.0065481450837765,0.9934818333915804
2,2048,1024,519.0108326377692,1.125440001487732,1.0916000008583069,535.1106368936636,0.008803786122719925,2,1.0880640149116516,536.8393277132326,0.00011756577273591695,2,1.0032305297267199,0.9967607310884252
2,2048,4096,496.13327324744006,4.709343910217285,4.51035213470459,518.0336763236221,0.009487974219461126,2,4.587984085083008,509.2633067972363,0.00716066776992319,2,0.9830698853622272,1.017211948881127
2,4096,2,15.657260561057084,0.07286400347948074,0.07092799991369247,16.08467084794804,0.003163045727705205,2,0.07048000022768974,16.187392631153365,0.011415612496648464,2,1.006386315528392,0.9936837400385198
2,4096,8,63.3243078015418,0.07206399738788605,0.07116799801588058,64.12160760079624,0.0018001937880320895,2,0.07099200040102005,64.28224800139112,0.010421360159248882,2,1.0025052459943766,0.9975270118625332
2,4096,32,256.83267257610817,0.07107199728488922,0.07011199742555618,260.34953914193056,0.001827332404208848,2,0.06969600170850754,261.90526129249616,0.005524903927880853,2,1.0059755133644293,0.9940666971085749
2,4096,128,371.00836604666574,0.19679999351501465,0.19624000042676926,372.06888362085283,0.004412557498022052,2,0.1948160007596016,374.7879133029243,0.0036202349409490964,2,1.0073078663703634,0.9927435810024926
2,4096,512,528.5386503264644,0.5525760054588318,0.5615360140800476,520.1062115449744,0.002853440982593991,2,0.5626559853553772,519.103264054359,0.016167914446040932,2,0.9980716486972225,1.0019944780873304
2,4096,1024,528.5233716029362,1.1051839590072632,1.0790239572525024,541.3390687023177,0.003952108879924365,2,1.0749920010566711,543.3673505670384,0.00014894064166459664,2,1.003746786407977,0.9962633302358755
2,4096,4096,513.4594042196499,4.550432205200195,4.60531210899353,507.3663733836691,0.014332507414498652,2,4.512079954147339,517.8380426562412,0.01055889396836629,2,1.02063926547346,0.9797555187054267
2,8192,2,15.782020560893754,0.07228799909353256,0.07097600027918816,16.073765935385364,0.0018049627386933498,2,0.07073600217700005,16.12835587153687,0.004079813414633371,2,1.0033962132067213,0.9966186020451411
2,8192,8,63.29620092534812,0.07209599763154984,0.07121599838137627,64.07834034577209,0.0004494416354778874,2,0.07097600027918816,64.29757316162853,0.012704165217637398,2,1.0034213248138677,0.9966299973651584
2,8192,32,256.71708543067433,0.07110399752855301,0.06998400017619133,260.8255426610623,0.0009148134921197482,2,0.06964800134301186,262.0861110347779,0.005990829047693769,2,1.004832994348846,0.9951989192910727
2,8192,128,365.364522169922,0.1998399943113327,0.19894400238990784,367.01245961794905,0.0051604973241559104,2,0.19889599829912186,367.10385526255027,0.007590384124680494,2,1.0002490259995434,0.9997587055140678
2,8192,512,524.8005022082804,0.5565119981765747,0.5589120090007782,522.5469962049414,0.00045814115227571506,2,0.5570719838142395,524.2732271565084,0.0014371363660601322,2,1.0033034941624466,0.9967078446036107
2,8192,1024,524.0622355463682,1.1145919561386108,1.0944960117340088,533.6861381743022,0.003514601767207859,2,1.0939040184020996,533.9828537646467,0.008490028446377806,2,1.0005559739500816,0.9994591178720046
2,8192,4096,500.074950734541,4.672224044799805,4.563071966171265,512.0551823336878,0.011950763480994775,2,4.629759788513184,504.8316526809904,0.03738777832988638,2,0.985893064064353,1.014614676874771
2,16384,2,15.754124598510858,0.07241600006818771,0.070847999304533,16.102822856601172,0.00271361947597204,2,0.07054400071501732,16.172625930701642,0.010487996268764066,2,1.004334834626331,0.9957091436243812
2,16384,8,63.3243078015418,0.07206399738788605,0.07121599838137627,64.07834034577209,0.0004494416354778874,2,0.07068799808621407,64.55994372102492,0.013673653779338046,2,1.0075158528241221,0.9925859314316616
2,16384,32,254.54052959978165,0.07171200215816498,0.07019199803471565,260.0527133468763,0.001368623605459085,2,0.07038400322198868,259.3577725577987,0.015116819544206628,2,0.9973276926045733,1.0027354284341368
2,16384,128,352.6041298836667,0.20707200467586517,0.20663999766111374,353.34190556066517,0.002636051585075183,2,0.20761599391698837,351.6804559173794,0.0015425075577484293,2,0.995297898106228,1.0047231720234302
2,16384,512,507.6934899092746,0.5752639770507812,0.5672959983348846,514.8247385113309,0.0018065932503514848,2,0.5683999955654144,513.8244730387942,0.0008448257647835078,2,0.99805707574304,1.0019460691310536
2,16384,1024,524.6044088270266,1.1134400367736816,1.1011520028114319,530.4608604006609,0.004135028640473104,2,1.1171839833259583,522.8463633971907,0.0004584036814885284,2,0.9856455064418533,1.0145592801662204
2,16384,4096,514.6755293112295,4.539680004119873,4.6082398891448975,507.03083687979415,0.009972619207319289,2,4.787440061569214,488.1423584693222,0.029388055987721762,2,0.962746884338023,1.0388869018833933
2,32768,2,15.726327078737206,0.07254400104284286,0.0708480030298233,16.10279573109065,0.0009037574108896607,2,0.07076800242066383,16.121003473849377,0.0013574763603156903,2,1.0011307193522656,0.9988708134917255
2,32768,8,63.01649839404343,0.07241600006818771,0.07124799862504005,64.04971531692048,0.0031489219616176456,2,0.07063999772071838,64.60229537296173,0.009558455806104371,2,1.0086273616253727,0.9914664142705057
2,32768,32,234.54990515305838,0.07782399654388428,0.0721759982407093,252.90627152022344,0.005780391103736404,2,0.0713919997215271,255.68151538805628,0.0008968678222514015,2,1.0109734086511608,0.9891376837412412
2,32768,128,341.9816187033287,0.21350400149822235,0.21315199881792068,342.5504569240114,0.006929851120266894,2,0.21086400002241135,346.26336441467095,0.0013667176289389182,2,1.010839009014906,0.9892658815859203
2,32768,512,501.2524768513667,0.5826560258865356,0.5789279937744141,504.4804531682038,0.0010507123211471736,2,0.5893119871616364,495.5917447326518,0.0022832719370902144,2,0.9823804700861457,1.017936588831233
2,32768,1024,517.333927388421,1.129088044166565,1.1192960143089294,521.8613497179222,0.003493986585455744,2,1.164031982421875,501.80427385647135,0.0021465759304843957,2,0.9615662745051111,1.0399679508736268
2,32768,4096,505.01065637860984,4.626560211181641,4.7239038944244385,494.80735668472573,0.04137449637876944,2,4.8414881229400635,482.59284730897207,0.0030251522933217867,2,0.9753146164648956,1.0248913252986387
2,65536,2,15.726327078737206,0.07254400104284286,0.07099200040102005,16.070150582923034,0.002256229690360545,2,0.0705760009586811,16.165153031388897,0.008652160765957762,2,1.0059117335569225,0.9941401926979231
2,65536,8,63.07224096688537,0.07235199958086014,0.07105599716305733,64.22265560481469,0.0013519706979632229,2,0.07068799808621407,64.5578135938917,0.007269372572719313,2,1.0052186877967075,0.9948209990495414
2,65536,32,214.60697804213865,0.08505599945783615,0.07529599964618683,242.42751408602837,0.006823079881862926,2,0.07515199854969978,242.88976877314917,0.0029850974483149884,2,1.0019067748512933,0.9980875332399636
2,65536,128,323.4162149650338,0.22575999796390533,0.22014400362968445,331.670610260785,0.006855327406883438,2,0.22124800086021423,330.01187891752363,0.0011577512185365624,2,0.9949988594347954,1.0050148866756639
2,65536,512,469.5583387872442,0.6219840049743652,0.6015839874744415,485.4824951204,0.003143275717031546,2,0.6150079965591431,474.88627822506874,0.003857739823570183,2,0.9781738435436207,1.0223144388218475
2,65536,1024,468.7263678557564,1.24617600440979,1.1761599779129028,496.6304509483457,0.002997285410331507,2,1.2344319820404053,473.1858607015893,0.001193159681638578,2,0.9527926847780125,1.0495442841295333
2,65536,4096,460.6124421232095,5.072512149810791,5.0267839431762695,464.96512833501254,0.03810579409175463,2,5.066959857940674,461.1174633747811,0.0015863981895245516,2,0.9917248311201111,1.0079923695186745
2,131072,2,15.747166009955038,0.0724480003118515,0.07100799679756165,16.06651322596473,0.0009017201650556306,2,0.07044799998402596,16.194665855027385,0.010502363496916578,2,1.007976380889884,0.9921136091878187
2,131072,8,61.68094358875696,0.07398399710655212,0.07087999954819679,64.38214589750096,0.0018074096113707139,2,0.07063999772071838,64.60290521944984,0.011389502551749642,2,1.0034288903992161,0.9966139696810351
2,131072,32,205.55868677217768,0.08879999816417694,0.07585600018501282,240.6351280234729,0.0012662684139153058,2,0.07579199969768524,240.84210399259615,0.008054222791780585,2,1.0008601236686567,0.9991562897177352
2,131072,128,304.5110599731777,0.23977600038051605,0.2224320024251938,328.2600745191734,0.007798952154514094,2,0.22270400077104568,327.8542243140072,0.0004311951306203987,2,0.9987636321421036,1.0012228381837427
2,131072,512,422.06831254115554,0.6919680237770081,0.6095359921455383,479.1488227691443,0.0030495317287235757,2,0.6221760213375092,469.4135736371807,0.0011321377590516324,2,0.9796822017098974,1.0207371334176323
2,131072,1024,432.95015364948307,1.3491519689559937,1.2010879516601562,486.3220647279948,0.00037305517196117854,2,1.2185280323028564,479.3682703461425,0.007486127744550153,2,0.9857012566646721,1.0145202361064354
2,131072,4096,414.024411682743,5.643295764923096,5.002928018569946,467.12168285968585,0.030105814367585193,2,5.171551942825317,451.7932593980905,0.004166781391671925,2,0.9671853736958734,1.0337050470503413
2,262144,2,15.733267258195912,0.07251200079917908,0.0711199976503849,16.041215486066314,0.0013507532454244409,2,0.07062399759888649,16.154613569491595,0.0136861298362283,2,1.007069170258562,0.9930258708115167
2,262144,8,61.86825617656617,0.0737600028514862,0.07131199911236763,63.99215492425976,0.002246198642197772,2,0.07078399881720543,64.47100589107873,0.009995426956499465,2,1.0074829636130513,0.9925959123046008
2,262144,32,195.75337349058987,0.09324800223112106,0.0761599987745285,239.67659150081457,0.0058997501657434,2,0.07619199901819229,239.57592683732125,0.0058972649950197464,2,0.9995799979344542,1.0004201712733547
2,262144,128,283.2300659613096,0.25779199600219727,0.2226879969239235,327.8816706911347,0.006921398724309746,2,0.2245120033621788,325.22455952261464,0.011467910423750505,2,0.9918961277618259,1.0081908610407881
2,262144,512,375.63506557811644,0.777504026889801,0.6151520013809204,474.7746242080921,0.0032825334224539926,2,0.6262239813804626,466.38208280565357,0.00507170038894178,2,0.9823231045331519,1.0179987709943028
2,262144,1024,386.9832102162704,1.5094079971313477,1.2029600143432617,485.5724013059559,0.007717383291961699,2,1.2292959690093994,475.1653636353731,0.0047751061480318935,2,0.978567485214166,1.0218926268139639
2,262144,4096,368.5662389203788,6.339327812194824,5.037087917327881,463.89635775413774,0.01979906290541389,2,5.170511960983276,451.93258900257206,0.021348370949743956,2,0.9742102550460067,1.0264883293373557
2,524288,2,15.719393019412701,0.07257600128650665,0.07099200040102005,16.070150582923034,0.002256229690360545,2,0.07067199796438217,16.14359153338296,0.013217861782642393,2,1.004570022544653,0.9954924155562563
2,524288,8,60.99500831462165,0.07481600344181061,0.07126399874687195,64.03529290441357,0.0026978623445312877,2,0.07068799808621407,64.55856772059981,0.01000906959051684,2,1.0081716627261679,0.9919173682253809
2,524288,32,190.77771021800658,0.09567999839782715,0.07623999938368797,239.4231163578383,0.0012599844108098779,2,0.07585600018501282,240.6453203961758,0.01316348329670003,2,1.0051047871104928,0.9949632843418239
2,524288,128,274.80446457076823,0.2656959891319275,0.22750400006771088,320.94687543995434,0.011174026980297125,2,0.22355200350284576,326.61055543199615,0.0,2,1.0176467833945353,0.982628891959311
2,524288,512,343.12589767146585,0.8511679768562317,0.6170240044593811,473.3330511926488,0.0010378312593459782,2,0.6294400095939636,464.006136644221,0.009295625433576982,2,0.9802952392085722,1.0201224021186357
2,524288,1024,350.68703586523907,1.6656320095062256,1.2021600008010864,485.90420154577964,0.011484939966310614,2,1.2342560291290283,473.25439144127415,0.0032460368003484064,2,0.9739664525141718,1.026698632716572
2,524288,4096,345.82696150958583,6.756159782409668,5.064624071121216,461.3783871210469,0.02072831583087864,2,5.186752080917358,450.50014604619287,0.017224396169735368,2,0.9764223002669606,1.0241139338440781
4,2048,2,31.355833468266614,0.07276800274848938,0.07171199843287468,31.81962070327309,0.016194351065469847,2,0.07083199918270111,32.21345481576748,0.008620649584813567,2,1.0123770838177804,0.9877287027358848
4,2048,8,129.937438950348,0.07023999840021133,0.06971200183033943,130.92158803582407,0.0004591403076121825,2,0.0695360004901886,131.2576522789185,0.012037129159247373,2,1.0025669123643877,0.9974753079020858
4,2048,32,265.93255697317454,0.13728000223636627,0.13684800267219543,266.7747070588963,0.006333561375915009,2,0.13598400354385376,268.4683750773005,0.0044811111205074194,2,1.0063486828908046,0.9936864323083232
4,2048,128,451.3751419395552,0.3235200047492981,0.3198560029268265,456.5459096709675,0.0013014648028777387,2,0.31910400092601776,457.6216880112469,0.0008024808608455558,2,1.0023563420840955,0.997648935790082
4,2048,512,529.1054989122485,1.1039680242538452,1.093616008758545,534.1166134142752,0.004486866656156829,2,1.083616018295288,539.0551140326438,0.009554304875573738,2,1.009246109359527,0.9908560313828904
4,2048,1024,488.82905731090744,2.3898561000823975,2.331679940223694,501.0255363020714,0.0005491408997972957,2,2.241952061653137,521.1219515341836,0.01861265826915126,2,1.0401105607918475,0.9615179266147701
4,2048,4096,516.1399064885054,9.053600311279297,9.553423881530762,489.1362722986297,0.0012166129395876357,2,9.07803201675415,514.7593740322687,0.008186640768481634,2,1.0523843828085508,0.9502385876862779
4,4096,2,31.191237853537068,0.07315199822187424,0.07175999879837036,31.797121248373408,0.0103092525290982,2,0.07067200168967247,32.285804477348734,0.0013593216072635972,2,1.0153687884245284,0.9848383900931365
4,4096,8,129.1724029307952,0.07065600156784058,0.07015999779105186,130.0856081245201,0.0004562078684864357,2,0.0692639984190464,131.7704213501287,0.007885032628149435,2,1.012951572813465,0.9872291989707027
4,4096,32,264.3305700380124,0.13811199367046356,0.1363680064678192,267.7145903556958,0.007300989579540618,2,0.1363839954137802,267.6811372843413,0.004703704920546281,2,0.999875042031478,1.000117248512867
4,4096,128,449.8622612628932,0.3246079981327057,0.32099200785160065,454.9301438629454,0.0011970165720605053,2,0.31939199566841125,457.2090197477729,0.0006012808158750715,2,1.0050092875039602,0.9950154142656128
4,4096,512,542.5678774602939,1.0765759944915771,1.093616008758545,534.1149259962617,0.002724900927081997,2,1.0832959413528442,539.2184754537368,0.011049397305601616,2,1.0095551522885373,0.9905633537520945
4,4096,1024,494.6443133335567,2.361759901046753,2.2920479774475098,509.68876690148727,9.778347742184224e-05,2,2.282032012939453,511.9350292055912,0.008519835671946252,2,1.0044071253870464,0.9956301244098692
4,4096,4096,515.9174727045098,9.057503700256348,9.739151954650879,479.81381648252386,0.0069007694313698575,2,9.046416282653809,516.5594957785414,0.008707709502459249,2,1.0765832038047531,0.928871047990348
4,8192,2,31.466534516391825,0.07251200079917908,0.07152000069618225,31.902989521437924,0.0008952619589643884,2,0.0706080012023449,32.31505572047176,0.00045331260162595477,2,1.0129162252571013,0.9872483293489951
4,8192,8,112.3326786422475,0.08124800026416779,0.06963200122117996,131.07268975698756,0.004606207344321378,2,0.0692480020225048,131.8011076814692,0.008352623342162246,2,1.0055573584843047,0.9944853057223587
4,8192,32,243.87572292115044,0.1496960073709488,0.14159999787807465,257.82096156490155,0.004984073730194716,2,0.14132799953222275,258.3235143054436,0.011156680606818625,2,1.0019492315034888,0.9980791076982494
4,8192,128,448.8445759898222,0.3253439962863922,0.3259039968252182,448.07350929005645,0.0012772973234129736,2,0.3261120021343231,447.78763818473607,0.0009817928535940101,2,0.9993619995393762,1.0006382410499142
4,8192,512,524.8759444799355,1.1128640174865723,1.098304033279419,531.8348727768321,0.0023920273290101157,2,1.1136640310287476,524.50272018646,0.005416632946428912,2,0.986213479097207,1.0139851965247413
4,8192,1024,503.4992660169805,2.3202240467071533,2.273584008216858,513.9988817123294,0.037144917398357125,2,2.3165760040283203,504.38270898835594,0.027162077116214434,2,0.9812914520515331,1.0189093500200948
4,8192,4096,516.4958839929502,9.04736042022705,9.032079696655273,517.3697072745329,9.566681087092022e-05,2,9.29745626449585,502.6025150420229,0.000643857059833719,2,0.9714571765125127,1.0293815573769627
4,16384,2,31.34205057994209,0.07280000299215317,0.0713919997215271,31.960189423507035,0.0008968678222514015,2,0.07067200168967247,32.28579123840257,0.00045290198926783987,2,1.0101877310732097,0.9899148639250467
4,16384,8,126.76119301234593,0.07199999690055847,0.06977600231766701,130.80155812846863,0.001376788783611138,2,0.06931199878454208,131.67994298278572,0.00927650897429344,2,1.0067154005417456,0.9933500986340194
4,16384,32,230.89468857661078,0.15811200439929962,0.1464639976620674,249.25732153601393,0.0004370662727812835,2,0.14742399752140045,247.63647553215662,0.006096280062680259,2,0.9934972983185847,1.0065545108330856
4,16384,128,443.0488023489492,0.3296000063419342,0.3320320099592209,439.805445987863,0.004055997352903518,2,0.33641600608825684,434.0723551235851,0.0,2,0.9869644841450279,1.013203534591663
4,16384,512,531.2614068192901,1.0994880199432373,1.1033759713172913,529.39120343269,0.003690004148832804,2,1.1658079624176025,501.039256752495,0.00013723516144814596,2,0.9464442429410337,1.0565826995722731
4,16384,1024,491.8586364702237,2.375135898590088,2.3258079290390015,502.3434393315905,0.0207548416605281,2,2.440384030342102,478.9436554362268,0.04538020041931867,2,0.9534187528625853,1.0492629248841034
4,16384,4096,505.8048177986771,9.238592147827148,9.048719882965088,516.4183134927466,0.000456351636804353,2,9.664368152618408,483.520944594224,3.2564264094148143e-06,2,0.936297052139719,1.0680370569114783
4,32768,2,31.300774520723945,0.07289600372314453,0.07148800045251846,31.917494133345805,0.0053860374972294345,2,0.07083199918270111,32.2129419865199,0.003167339487507137,2,1.0092566118110577,0.9908236170313217
4,32768,8,117.71055112393633,0.07753600180149078,0.07044799998402596,129.5549209405716,0.005922596484967846,2,0.06969600170850754,130.95340362749846,0.007373328058699835,2,1.0107945161540282,0.9893254843900617
4,32768,32,228.44427792702487,0.1598079949617386,0.1515040025115013,240.96546354652116,0.0010565944750648981,2,0.15095999836921692,241.83377120301049,0.0006360877816937727,2,1.0036034527260032,0.9964093084455435
4,32768,128,431.8950215033711,0.3381119966506958,0.34304000437259674,425.70258544592434,0.010691212893284563,2,0.3481759876012802,419.4117861956179,0.0024845839412455106,2,0.9852225486398754,1.0149719658442662
4,32768,512,522.7414989131165,1.117408037185669,1.1338239908218384,515.1789491845087,0.006796502539879512,2,1.1997119784355164,486.88994919250365,0.00916399472909335,2,0.9450889830867808,1.0581113013545602
4,32768,1024,484.59197644200964,2.410752058029175,2.3398079872131348,499.3606867364356,0.02492419842217175,2,2.4797760248184204,471.1049267985484,0.003516143855329945,2,0.9434161304876595,1.0598203093459804
4,32768,4096,498.83818549086055,9.367615699768066,9.240367889404297,505.71640086566083,0.008370535540782376,2,10.064352035522461,464.3051390947374,0.002260057226197265,2,0.9181136666716017,1.0891722230088918
4,65536,2,31.508249197021716,0.07241600006818771,0.07147200033068657,31.924449073470548,0.0022411645414477377,2,0.07128000259399414,32.012156231706065,0.014925380992953707,2,1.0027473350607765,0.9973136649904285
4,65536,8,117.6134695206718,0.07760000228881836,0.07099199667572975,128.56105469595298,0.0004508600825279263,2,0.07071999832987785,129.05765106460092,0.008178057367312697,2,1.0038627278674899,0.9961686054965561
4,65536,32,216.85054850313034,0.16835199296474457,0.15697599947452545,232.56632703842723,0.0034715872907651324,2,0.15590399503707886,234.16480225233713,0.000821361519069308,2,1.0068732014400597,0.9931709022969428
4,65536,128,399.03838208667406,0.3659519851207733,0.3509120047092438,416.1412137635458,0.0012774560201007645,2,0.36422398686408997,400.93380739231463,0.004755609629588653,2,0.9634561397231082,1.037935385441932
4,65536,512,479.99187277403394,1.2169280052185059,1.1775200366973877,496.0557552993651,0.0005164450273635879,2,1.307200014591217,446.8451093469349,0.0016169970420005786,2,0.9007961394929649,1.1101297420445984
4,65536,1024,445.12859708235027,2.6244800090789795,2.465119957923889,474.03873836152115,0.03424967207331697,2,2.6947039365768433,433.5314474257448,0.005179090436933986,2,0.9145485639511515,1.093132984427382
4,65536,4096,458.6161493836655,10.189184188842773,10.528575897216797,443.9377724679383,0.031276285013143834,2,10.75809621810913,434.41303058013864,0.021584396318429677,2,0.9785448716498041,1.0217997498553444
4,131072,2,31.383435643664367,0.0727040022611618,0.07142399996519089,31.945921528186283,0.0026918105658944036,2,0.07163200154900551,31.85356023305967,0.007623376489137357,2,0.9971088235772094,1.0029122085561715
4,131072,8,115.75190066869595,0.07884799689054489,0.0708639994263649,128.7935817216583,0.0031659069395639783,2,0.07046400010585785,129.52533568764224,0.005464522589025966,2,1.0056816027336313,0.9943553945057435
4,131072,32,210.37261122457065,0.1735360026359558,0.1570879966020584,232.4004364622145,0.0032646648393030997,2,0.15654399991035461,233.20839244970287,0.004096712948235881,2,1.003476568287856,0.996536993892144
4,131072,128,362.7794648644388,0.40252798795700073,0.35551999509334564,410.7476608583404,0.0018018155588599427,2,0.36876800656318665,395.99123394653196,0.0005207516543281887,2,0.9640742277607329,1.0372637591490814
4,131072,512,413.6701922306769,1.4120320081710815,1.1954399943351746,488.62182030600013,0.004157675706691011,2,1.269424021244049,460.1470961457411,0.006550349172945946,2,0.9417244114427255,1.061888532472949
4,131072,1024,406.4758510301227,2.8740479946136475,2.5084800720214844,465.8128066291071,0.029751004908599388,2,2.671679973602295,437.3057718188707,0.019593548669646133,2,0.9388015219750399,1.0650592776881398
4,131072,4096,413.4464875163272,11.3023681640625,10.995104312896729,425.0102991248025,0.009668253682300731,2,10.688799858093262,437.1849783973129,0.007090346221602317,2,1.028645609994819,0.97214174180738
4,262144,2,31.438786038825402,0.07257600128650665,0.07135999947786331,31.974675779226864,0.004494416354778208,2,0.0705760009586811,32.32972115800279,0.0013611718776080917,2,1.011103955556184,0.989013473585781
4,262144,8,113.8573549011757,0.0801599994301796,0.07177599892020226,127.16042796360765,0.010757485437387748,2,0.07039999961853027,129.6427939915792,0.004555843449975283,2,1.0195215293603919,0.9808292559856706
4,262144,32,201.42138486138313,0.1812479943037033,0.15652800351381302,233.23232529883427,0.004302381980005876,2,0.15609600394964218,233.87720551232854,0.0028741749951459727,2,1.0027649692754552,0.9972401132418921
4,262144,128,332.1979243634182,0.43958398699760437,0.3561760038137436,409.9908300058901,0.00044934138303576177,2,0.3689440041780472,395.80231385169395,0.00026021772653894715,2,0.9653930890259368,1.0358474468453536
4,262144,512,373.3990258523111,1.5643199682235718,1.2011839747428894,486.28318347556564,0.0003197133081831449,2,1.2850559949874878,454.58660765859725,0.019359933416275732,2,0.9348186881758352,1.0698244582080367
4,262144,1024,367.96814171934767,3.1748158931732178,2.5309441089630127,461.7101313883418,0.034259255089529095,2,2.6648319959640503,438.3943510234097,0.007472941512861375,2,0.9495012589504532,1.0529003728398785
4,262144,4096,372.4742032187869,12.545632362365723,10.011151790618896,466.77469494349805,0.004899348259196357,2,10.890672206878662,429.09605571734505,0.01381963016510146,2,0.9192787448970131,1.087854068608163
4,524288,2,31.34205057994209,0.07280000299215317,0.07155200093984604,31.888715144643296,0.0,2,0.0692480020225048,32.96396141272534,0.04247285693628733,2,1.0337187078000747,0.9677996577722794
4,524288,8,113.22455813660576,0.08060800284147263,0.07091199979186058,128.70631567181945,0.0027111670222603745,2,0.070592001080513,129.28993897627828,0.003633088512229099,2,1.0045345350879826,0.9954873827802511
4,524288,32,199.24043349355114,0.18323199450969696,0.15742400288581848,231.90553071348376,0.00550345947603148,2,0.157151997089386,232.3053280371054,0.0016303364813314847,2,1.0017239663167654,0.9982721453434913
4,524288,128,320.5086935593594,0.4556159973144531,0.36030399799346924,405.3076926766822,0.01188245482423933,2,0.36879999935626984,395.9571536359683,0.0017368781986157877,2,0.9769297765385052,1.0235800918394322
4,524288,512,347.8203250627418,1.679360032081604,1.2073920369148254,483.7833337195685,0.0020162800705030293,2,1.2993279695510864,449.65756776234565,0.031114029740828553,2,0.9294606416164715,1.0761442264197627
4,524288,1024,347.7275647548326,3.3596160411834717,2.567487955093384,455.13145110684326,0.03329952627637223,2,2.6746240854263306,436.84055820748085,0.02316492541754811,2,0.9598118458856657,1.041727997251325
4,524288,4096,349.0190932072175,13.3887357711792,10.256880283355713,455.8140082325971,0.04541970342216528,2,10.975856304168701,425.87291755839965,0.03516493446290192,2,0.9343129212059696,1.070096949652391
8,2048,2,63.35243965071756,0.07203199714422226,0.07147200033068657,63.84897494326295,0.0031390373778801273,2,0.07091199979186058,64.35728613696953,0.0163785449207432,2,1.0079611488541245,0.9921647563208672
8,2048,8,258.69629806562085,0.07056000083684921,0.07011199742555618,260.3493222024005,0.0,2,0.06961600109934807,262.20924515444403,0.008771996772188873,2,1.0071439515813203,0.992925656885831
8,2048,32,366.30298846881686,0.1993280053138733,0.2014240026473999,362.5021673721583,0.011022336268735167,2,0.19889599829912186,367.09929413293696,0.0027388265860710526,2,1.0126816531721838,0.9874493391301363
8,2048,128,516.2220157674908,0.5657600164413452,0.5675680041313171,514.5848245059707,0.0075268995159336605,2,0.5563200116157532,524.9816130944857,0.00011507598229254512,2,1.020204226967821,0.9801821236685472
8,2048,512,514.4325889764768,2.270911931991577,2.245151996612549,520.3694392685582,0.016410334155156248,2,2.2362239360809326,522.5178997375755,0.028828941854019963,2,1.00412872145612,0.9960234048540648
8,2048,1024,506.6752914522626,4.6113600730896,4.644303798675537,503.34030369557144,0.04642491139953275,2,4.5293920040130615,515.8582586976781,0.010361097107388195,2,1.0248697648692122,0.975257476762126
8,2048,4096,504.23730126965,18.534624099731445,17.997679710388184,519.2808692635883,0.0009089577987211328,2,18.43932819366455,506.8544335424558,0.009443378494018884,2,0.9760699142667149,1.024539190072454
8,4096,2,63.77743028928659,0.07155200093984604,0.07147200033068657,63.850229309337735,0.009446765884852937,2,0.07083199918270111,64.42888216046595,0.01410373230280526,2,1.0090626589346263,0.9910454283492235
8,4096,8,254.65416462701307,0.07168000191450119,0.07022399827837944,259.9342102970011,0.0013679995133171197,2,0.06964800134301186,262.0861110347779,0.005990829047693769,2,1.008278636103028,0.9917977194479266
8,4096,32,354.2464532152535,0.20611199736595154,0.20668800175189972,353.2629627132725,0.006523742360131646,2,0.2046240046620369,356.8248519949419,0.005174038529564662,2,1.0100828268389983,0.9900139482100158
8,4096,128,507.6934899092746,0.5752639770507812,0.5683519840240479,513.8867878781415,0.012235868513055692,2,0.5658719837665558,516.120219531982,0.0016412656499513734,2,1.0043461550413904,0.9956365063777324
8,4096,512,506.130888153918,2.3081600666046143,2.3230239152908325,502.91699280824446,0.014080209786661024,2,2.3118079900741577,505.3680317934055,0.016974730990831688,2,1.0048736451943583,0.9951718425527829
8,4096,1024,499.56856874824126,4.676959991455078,4.568527936935425,511.5144561370162,0.02670976511830392,2,4.809312105178833,485.98554632392154,0.037553963563716986,2,0.9500915184178951,1.052704978839404
8,4096,4096,508.86730898369666,18.365983963012695,17.98487949371338,519.6504042182542,0.0006746178712522255,2,19.04304027557373,490.9893193224894,0.04267306827308337,2,0.9448454486648931,1.058836134110892
8,8192,2,63.60674898566404,0.07174400240182877,0.07127999886870384,64.02088345597197,0.002247208177389215,2,0.0708639994263649,64.39868185193762,0.011353295864728885,2,1.0059011743601676,0.994163868561429
8,8192,8,234.54990515305838,0.07782399654388428,0.07344000041484833,248.5536591148961,0.006118927818937525,2,0.07268800213932991,251.12373584273934,0.003970034583617776,2,1.0103401283127165,0.9897603721232227
8,8192,32,346.71043273590334,0.21059200167655945,0.21316800266504288,342.52065755801095,0.00015009379289110392,2,0.2133920043706894,342.1625073919083,0.004057095740238381,2,0.9989543691505907,1.001050822369427
8,8192,128,509.0810591995633,0.5736960172653198,0.5750560164451599,507.87907182683693,0.003958756976480959,2,0.5980480015277863,488.3651584212156,0.010542766046616636,2,0.9615776382841885,1.0399821659544692
8,8192,512,475.8873381194592,2.454848051071167,2.352512001991272,496.6578732047134,0.023868132039434053,2,2.4756319522857666,471.8934615051169,0.00343129390593222,2,0.9501378855834848,1.0523355248305983
8,8192,1024,503.24592944937586,4.642784118652344,4.5676000118255615,511.54272828616035,0.010217450429494956,2,4.928560018539429,474.0659187224643,0.00046111905126178243,2,0.9267376750926439,1.0790261856947496
8,8192,4096,508.4934270477561,18.379487991333008,18.005871772766113,519.044574156359,0.000720048448292987,2,19.56321620941162,477.72832282068254,0.004802589162494986,2,0.9203994157865328,1.0864909212005494
8,16384,2,62.849860288521946,0.07260800153017044,0.07135999947786331,63.949145801838085,0.0026942280163748666,2,0.07070400193333626,64.5429130152285,0.005901088935069909,2,1.009284990533421,0.9908072092302838
8,16384,8,214.0432781304451,0.08528000116348267,0.07582399994134903,240.73745589116766,0.003805427227972613,2,0.07539200037717819,242.11710965183013,0.004253541580919062,2,1.0057309476647713,0.9943026012277776
8,16384,32,331.11324161874563,0.2205120027065277,0.21819200366735458,334.63470681268325,0.00308459556517815,2,0.21979200094938278,332.1981261241164,0.001602843770397655,2,0.992718685064754,1.007332978547039
8,16384,128,501.6933354922658,0.582144021987915,0.5879679918289185,496.73156524042236,0.007868052825359628,2,0.6139839887619019,475.6792687825399,0.004806424447215463,2,0.9576183638587715,1.0442473013744484
8,16384,512,487.8166600972006,2.3948159217834473,2.310223937034607,505.85758345798797,0.03832741472305101,2,2.5734399557113647,454.0977912580963,0.03584632474381433,2,0.8976791217676974,1.1139352832672234
8,16384,1024,483.4273248420768,4.833119869232178,4.8943681716918945,477.4745191479584,0.028891475460095073,2,5.055263996124268,462.19247791959845,0.00859506430809831,2,0.9679940172396416,1.0328736659744897
8,16384,4096,506.90220102543924,18.437183380126953,18.041088104248047,518.0314116400461,0.000802120882070767,2,20.19707202911377,462.7329945009251,0.0010921921067552631,2,0.8932527721358621,1.119504096006164
8,32768,2,62.79450992558621,0.07267200201749802,0.07124799862504005,64.04958611212513,0.0013483249064334402,2,0.070592001080513,64.64540786601907,0.006366578775480303,2,1.0093025074799218,0.99079275829235
8,32768,8,201.35028605292214,0.09065599739551544,0.07755200192332268,235.3737436849758,0.004549248832308006,2,0.07731200009584427,236.10385220129052,0.003316774878538542,2,1.0031019114744246,0.9969052787610087
8,32768,32,310.9008648761876,0.2348479926586151,0.22222400456666946,328.56285512423716,0.0024509654180038254,2,0.22569599747657776,323.50795193338763,0.0005672997463266327,2,0.9846151105883891,1.0156238427827748
8,32768,128,484.72068973360876,0.6025279760360718,0.5977279841899872,488.6133283925845,0.0010712529369161228,2,0.6356000006198883,459.4996124883549,0.0015619490699303462,2,0.9404156329504837,1.0633599520712143
8,32768,512,472.5486860828758,2.4721920490264893,2.3394399881362915,499.4490647502719,0.02651389005490845,2,2.6323840618133545,443.8103974713573,0.012944554876755943,2,0.8885999169770509,1.125219742828469
8,32768,1024,474.603613943385,4.922976016998291,4.872639894485474,479.5065657844839,0.0010250227347672336,2,5.348304033279419,436.8682669488277,0.008526320190914038,2,0.911078800837901,1.0976193909449927
8,32768,4096,500.08949658184014,18.688352584838867,18.49555206298828,505.30250756413,7.012505566228455e-06,2,21.08513641357422,443.24347742812427,0.0003870601748285907,2,0.8771844010132296,1.140011195219633
8,65536,2,61.494755619927155,0.07420799881219864,0.07119999825954437,64.09274979421369,0.0008992874481770219,2,0.07070399820804596,64.54513760983875,0.0132118399317398,2,1.0070583305768213,0.993033706971588
8,65536,8,195.82057392309235,0.09321600198745728,0.07984000071883202,228.62797793689424,0.0032114924677280055,2,0.07976000010967255,228.85826378272526,0.005229230003983121,2,1.0010072513780206,0.9989979883712526
8,65536,32,287.802904191075,0.2536959946155548,0.2279520034790039,320.3081507310799,0.004925419817629395,2,0.2311839982867241,315.828618183505,0.0020784740917265676,2,0.9860149280080739,1.014178400533417
8,65536,128,440.0581133218461,0.6636800169944763,0.6181600093841553,472.4635519894747,0.002020938107925918,2,0.6686719954013824,436.77695166010494,0.006144350526350095,2,0.924466977020558,1.0817134483797326
8,65536,512,439.09483934492204,2.660543918609619,2.454767942428589,475.9432383094453,0.018590917280661978,2,2.769551992416382,421.8123071824725,0.00019646666497918908,2,0.8862659939885976,1.1282337301815852
8,65536,1024,453.061257199784,5.157055854797363,4.884448051452637,478.35381025493797,0.007443868695204525,2,5.503664016723633,424.53305348528386,0.00657429231957285,2,0.8874875549941362,1.1267729656960608
8,65536,4096,458.94768380878935,20.3636474609375,20.589455604553223,453.91494059448735,0.002332448853344715,2,22.117695808410645,422.55075084769635,0.00024019698740374018,2,0.930902935898709,1.0742244104559744
8,131072,2,61.70763394612368,0.07395199686288834,0.07153600081801414,63.792617373845715,0.0076336460463954925,2,0.07064000144600868,64.60178821576837,0.007730845655940177,2,1.012684396333523,0.9874748467658283
8,131072,8,193.69281150146588,0.09424000233411789,0.08004799857735634,228.03537155119665,0.006014480684951584,2,0.07996800169348717,228.2643979859983,0.007228876908241144,2,1.0010043460943963,0.9990006385507332
8,131072,32,278.35809519936004,0.26230400800704956,0.23017600178718567,317.215198252264,0.00697543448347826,2,0.23332800716161728,312.92742634629184,0.003985156942950763,2,0.9864830817388444,1.0136938922822452
8,131072,128,397.18026338519104,0.7353280186653137,0.6259999871253967,466.54613907839735,0.0011764074851450257,2,0.6711200177669525,435.17965474267373,0.00014308909005644743,2,0.9327687409487856,1.0720767277468293
8,131072,512,395.54502106305904,2.9534718990325928,2.509935975074768,465.52498708940243,0.02696667051107604,2,2.773584008216858,421.22646301418047,0.016248793383909277,2,0.9048417908731619,1.105041736426857
8,131072,1024,394.6065540096012,5.920991897583008,5.154016017913818,453.4482777113286,0.03304616618502432,2,5.60318398475647,417.04993443364583,0.02461111139348615,2,0.9197298896769557,1.0871491212447688
8,131072,4096,408.83492278929793,22.859712600708008,19.9094877243042,469.42625702044444,0.008997593815594174,2,23.59046459197998,396.1714359261012,0.0028853363216354566,2,0.8439481814261769,1.1848855640410219
8,262144,2,61.36245092146308,0.07436800003051758,0.07126399874687195,64.03580938009539,0.006306354588289764,2,0.07078399881720543,64.47100589107873,0.009995426956499465,2,1.0067961428956127,0.9932644822335683
8,262144,8,191.48215006466344,0.09532800316810608,0.08089600130915642,225.65437330968342,0.01434264581691469,2,0.07974399998784065,228.904432157168,0.005633751878807436,2,1.0144028179016247,0.9857594775678317
8,262144,32,263.78049957967204,0.2768000066280365,0.23081599920988083,316.33531747126494,0.006676853479602007,2,0.23428799957036972,311.64474625379887,0.0031464307316073636,2,0.9851721544879599,1.0150422863769153
8,262144,128,357.5914153957188,0.8167359828948975,0.6283039748668671,464.8423981131832,0.007925552098064115,2,0.6743039786815643,433.12494079560645,0.0011396098580807035,2,0.9317672883404797,1.0732129759714544
8,262144,512,368.6332302029744,3.1690878868103027,2.495168089866638,468.2157715200235,0.012621803310640445,2,2.7978559732437134,417.55559757455876,0.010069567587117412,2,0.891801649950832,1.121309616216378
8,262144,1024,362.2790398095341,6.449344158172607,5.2060160636901855,448.86839552451073,0.024918173257086895,2,5.607151985168457,416.73619924703826,0.020519552597462187,2,0.9284151065259887,1.077052378742361
8,262144,4096,371.49963805303116,25.157087326049805,20.076128005981445,465.5239711422793,0.0054884948051643345,2,22.072640419006348,423.4132790378337,0.0003074159584230962,2,0.9095413024572795,1.09944708523626
8,524288,2,61.12573156996685,0.07465600222349167,0.07161600142717361,63.72044755612308,0.0008940613303174416,2,0.07108799740672112,64.19387584580623,0.00315602057769504,2,1.0074297703145632,0.9926272898524022
8,524288,8,190.14177968055557,0.09600000083446503,0.08019199967384338,227.62442124921475,0.0031974664452139034,2,0.07984000071883202,228.63183437069813,0.008856656280208153,2,1.0044257690627159,0.9956105477299105
8,524288,32,259.54970613064216,0.2813119888305664,0.23308799415826797,313.26759539192756,0.015774171732432674,2,0.23475199937820435,311.0386829394637,0.011792155564202433,2,0.9928849568699396,1.0071389572249119
8,524288,128,342.21243517698656,0.85343998670578,0.6331200003623962,461.30697388083104,0.008221767463527874,2,0.6772960126399994,431.21368538489287,0.004593501532093258,2,0.9347651559594411,1.0697751014852113
8,524288,512,341.86952338033933,3.4171841144561768,2.5942879915237427,450.35921754309146,0.021355111215346056,2,2.7711520195007324,421.5862896245138,0.012982403241816654,2,0.9361111601633321,1.068174400280483
8,524288,1024,343.30497594575826,6.805791854858398,5.3089439868927,440.1723742408179,0.026116568017724884,2,5.5135838985443115,423.80278894003544,0.019142683342412203,2,0.9628109662061012,1.038546255556067
8,524288,4096,347.4491616177495,26.89846420288086,20.240479469299316,461.7549418461085,0.011253199015282211,2,22.087568283081055,423.1283181657536,0.0033915068564958073,2,0.9163482181134335,1.0912571669353681
16,2048,2,129.2309318769172,0.07062400132417679,0.07051200047135353,129.43700796568663,0.005004587759463774,2,0.06990399956703186,130.56282064287424,0.005048118687848158,2,1.0086977649969016,0.991377341441778
16,2048,8,256.659317420137,0.1422400027513504,0.14472000300884247,252.26787601847423,0.010446793670028764,2,0.14182399958372116,257.4203504698331,0.011345673481291119,2,1.0204246158198182,0.9799889209168662
16,2048,32,450.3950670584527,0.32422399520874023,0.33560000360012054,435.14227155406246,0.011604509719892242,2,0.32784000039100647,445.4275136015696,0.0013674194842177023,2,1.023636504012296,0.9768772254890664
16,2048,128,527.1800822564618,1.1080000400543213,1.1110399961471558,525.7441373576474,0.007052403650995576,2,1.1326559782028198,515.7124202781202,0.007970462267791412,2,0.980919012944308,1.0194556290778223
16,2048,512,485.6104618709106,4.811391830444336,4.586575984954834,509.4137923408597,0.002214171153327671,2,4.65559983253479,501.86691872041456,0.007111693750561532,2,0.9851851800365167,1.0150491015097913
16,2048,1024,506.7438827812212,9.221471786499023,9.041200160980225,516.8478011900979,6.719361793550149e-05,2,9.327503681182861,500.9839052865217,0.0020296435836970605,2,0.9693064459845859,1.0316665392984283
16,2048,4096,483.944797606299,38.62361526489258,38.7076473236084,482.90674574855177,0.010253862719187934,2,40.59739303588867,460.41647647561956,0.0015342942890417266,2,0.9534273035716863,1.048820991275481
16,4096,2,125.0932827482978,0.07295999675989151,0.07200000062584877,126.76541821624569,0.011622693212482105,2,0.07094400003552437,128.64896744718345,0.005427344257523448,2,1.0148585415284528,0.9853333252618711
16,4096,8,245.0280654223646,0.14899200201034546,0.14926400035619736,244.59653687943364,0.015773622601436887,2,0.1491359993815422,244.79155047421762,0.0010733802400264558,2,1.000797286818824,0.999142452471127
16,4096,32,448.3594881970644,0.3256959915161133,0.32977598905563354,442.82664187013165,0.011417995257861913,2,0.3368320018053055,433.54644277120826,0.00973741060859501,2,0.9790432683550124,1.0213963811309548
16,4096,128,532.5945137241187,1.096735954284668,1.113327980041504,524.6908309059351,0.016138786787821546,2,1.1735840439796448,497.75260067571145,0.016467370042419605,2,0.9486588508060797,1.0541224733576664
16,4096,512,480.61748380674965,4.86137580871582,4.653088092803955,502.1434943625932,0.009813413938149607,2,5.0228800773620605,465.1643776938548,0.0021428430912935337,2,0.9263574713525292,1.0794723798868093
16,4096,1024,514.9550105114726,9.074432373046875,9.077055931091309,514.8166552090518,0.009065931485410239,2,10.065248012542725,464.43772300991753,0.03953420017554299,2,0.9021419923202041,1.108867025713326
16,4096,4096,479.8298038715189,38.95484924316406,38.60662269592285,484.15786372544426,0.0007014962815854453,2,41.12948799133301,454.4629909573391,0.00533825121148257,2,0.9386669617640571,1.065347992630202
16,8192,2,120.80163743198504,0.07555200159549713,0.07227199897170067,126.28486496516827,0.004882416387392174,2,0.07177600264549255,127.15700923354711,0.0026785917529932313,2,1.0069061662188845,0.9931370885921901
16,8192,8,229.1785145208628,0.15929600596427917,0.15529599785804749,235.09520353455815,0.015365469184215774,2,0.15484800189733505,235.7621536265935,0.002897373051645502,2,1.0028369361943927,0.9971152124530477
16,8192,32,434.85826481129,0.33580800890922546,0.34038399159908295,429.036476958203,0.015155848550729045,2,0.35283200442790985,413.8802441774212,0.006003823903872441,2,0.9646737897713571,1.0365705001881775
16,8192,128,530.8597153892356,1.1003199815750122,1.1161280274391174,523.341945135013,0.0026986750150586047,2,1.2487519979476929,467.8939016221848,0.034487242371394666,2,0.8940500679751102,1.1188250516500984
16,8192,512,492.6351690384874,4.742784023284912,4.779888153076172,488.8766786903815,0.02344201969717452,2,5.281440019607544,442.43968407147133,0.021173726050417452,2,0.9050128659372604,1.1049296239721824
16,8192,1024,511.40770656335144,9.137375831604004,9.128335952758789,511.91418891718854,0.00048738575851281496,2,10.515791893005371,444.59598556640157,0.045912111889980345,2,0.868497094223585,1.1519943993546011
16,8192,4096,483.2601159981257,38.67833709716797,38.64976119995117,483.6208307078027,0.0053279186579480164,2,43.56940841674805,429.0129608544413,0.005551789041498667,2,0.8870853644301464,1.1272879071967743
16,16384,2,115.98725525867017,0.07868800312280655,0.07334400340914726,124.44439716391729,0.014059758089381091,2,0.07254400104284286,125.81149793522434,0.005307426556142358,2,1.0109856353718063,0.9890924638809037
16,16384,8,218.67945323219547,0.1669439971446991,0.15809600055217743,230.92285116156145,0.009149988282720178,2,0.15753600001335144,231.73892645842275,0.00040624735392857936,2,1.0035339737611777,0.9964578450000626
16,16384,32,411.89661744550637,0.35452800989151,0.3479840010404587,419.66440279121,0.014542382551866906,2,0.3680799901485443,396.73904249836363,0.008819426615283898,2,0.9453721589432684,1.0577497501264408
16,16384,128,511.8073777539336,1.1412800550460815,1.136672019958496,513.8823097006441,0.0007885566538508026,2,1.2591999769210815,463.881546263553,0.00529984856219512,2,0.9026999713879654,1.10779534888794
16,16384,512,472.36223075414966,4.946335792541504,4.722031831741333,495.02183386013587,0.043235663172937144,2,5.2853920459747314,442.09765887760284,0.01854552629640449,2,0.893087190579383,1.1193046201947456
16,16384,1024,513.8008631770149,9.094816207885742,9.159567832946777,510.21350054780555,0.018927611235950437,2,10.711920261383057,436.3640249370013,0.03486499904753804,2,0.8552576999010931,1.1694787851073605
16,16384,4096,481.51921260822576,38.81817626953125,38.68574333190918,483.17016833305286,0.0046238111597687315,2,44.6431999206543,418.7084834226837,0.013077580900394903,2,0.866585958456907,1.1539961772902325
16,32768,2,113.54007482879949,0.08038400113582611,0.07382399961352348,123.63317306256684,0.01133389933982265,2,0.07316800206899643,124.73981520670796,0.008344273578140493,2,1.0089510130390416,0.9911140340815823
16,32768,8,206.9382771384585,0.17641599476337433,0.1592160016298294,229.30119774428627,0.011522080740600016,2,0.15931200236082077,229.15556066143733,0.00100478397705972,2,0.999364865581682,1.0006029590619576
16,32768,32,379.6192427302914,0.38467198610305786,0.35520000755786896,411.1278205046908,0.010141245808352739,2,0.3744799941778183,389.9589548245331,0.009012884388411191,2,0.9485102573351244,1.0542792404552759
16,32768,128,501.47280927907343,1.1648000478744507,1.1726080179214478,498.1396677012248,0.006955602360142699,2,1.326192021369934,440.5548904749305,0.0319923256702368,2,0.8844003379774352,1.130976422727117
16,32768,512,466.61155425905054,5.007296085357666,4.9086081981658936,476.04964072430556,0.022093628884118033,2,5.40996789932251,431.88656970797047,0.007224612724861412,2,0.9072301137563272,1.102138871328934
16,32768,1024,476.5318079301984,9.806112289428711,9.960272312164307,469.19522890962855,0.018387066757149295,2,10.95147180557251,426.78397823008095,0.029511595801057,2,0.9096085210028502,1.0995153006206133
16,32768,4096,480.6673183494446,38.8869743347168,39.38641548156738,474.5732100452754,0.0029283739953871457,2,45.39044761657715,411.79804800371176,0.00010783150919069229,2,0.8677229124762968,1.1524391611066922
16,65536,2,114.77370816893318,0.07952000200748444,0.07363200187683105,123.95182510020274,0.002610985897940621,2,0.07327999919652939,124.54704345649263,0.0008737506586187216,2,1.004802013651745,0.995219433516279
16,65536,8,201.5281189817268,0.18115200102329254,0.1621600016951561,225.1419175064165,0.014109666191566284,2,0.1621919944882393,225.08782986636695,0.004944612001259507,2,0.9997597620174484,1.0001972915191708
16,65536,32,341.87913616825506,0.42713600397109985,0.3685600012540817,396.2193540836445,0.006882682974899579,2,0.3884640038013458,375.9137072501676,0.001236389809310623,2,0.9487515018532128,1.0540047820695075
16,65536,128,426.855263940795,1.3684159517288208,1.2108479738235474,482.40426665134106,0.004290427805555552,2,1.383247971534729,422.444893324887,0.04052589832141229,2,0.8757072076856446,1.142379556672822
16,65536,512,442.4903451545984,5.2802557945251465,5.167375802993774,452.1716733083556,0.011679103251592826,2,5.689840078353882,410.6664068751577,0.016895582768173822,2,0.908209052262118,1.1011082404839634
16,65536,1024,456.94573514349406,10.226431846618652,10.5282564163208,443.91359105062986,0.024988613691488082,2,11.18401575088501,417.8243771208335,0.005080111455550984,2,0.9412290714775147,1.0622856538284589
16,65536,4096,441.2442141611822,42.36134338378906,41.60100746154785,449.3090957024143,0.001692970716204556,2,46.98687934875488,397.80678355260886,0.0005981169184172686,2,0.8853744278884655,1.129464938852388
16,131072,2,114.72753979449043,0.07955200225114822,0.07374399900436401,123.76700693802394,0.010907485881086698,2,0.07356799766421318,124.0617996302374,0.008737404868998322,2,1.002381835834174,0.9976133469498932
16,131072,8,199.86872050016248,0.18265600502490997,0.1632000058889389,223.70674125780968,0.013820348524249182,2,0.161871999502182,225.53443717768658,0.0073411868707913275,2,1.0081700529434228,0.991862706257127
16,131072,32,333.4601906444242,0.4379200041294098,0.37033601105213165,394.3186089084186,0.006414710116975586,2,0.3898719996213913,374.5574924840779,0.00402990986185503,2,0.9498854074398243,1.0527520629542817
16,131072,128,393.73620851750326,1.4835200309753418,1.2258880138397217,476.4861290803468,0.004604735809569549,2,1.3610399961471558,429.16877852266884,0.0014823677388675627,2,0.9006952192942029,1.1102482288607354
16,131072,512,406.2790920136771,5.750879764556885,5.286112070083618,442.0688077811957,0.02524342543294633,2,5.739952087402344,407.0530973376115,0.0022939577724474525,2,0.9207912663656754,1.0858551637388094
16,131072,1024,404.20982597885205,11.560640335083008,10.530704021453857,443.77761514311675,0.017864800009283144,2,11.377568244934082,410.92967376689876,0.04691420723165263,2,0.9259810764325627,1.0804185761706848
16,131072,4096,387.35738736574376,48.254398345947266,41.463727951049805,450.802016571061,0.007109152201354441,2,46.95151901245117,398.13805966827846,0.018010675336791238,2,0.883177193164838,1.1323516078409546
16,262144,2,114.17641317810063,0.07993599772453308,0.07392000034451485,123.4732238839427,0.012195113294518167,2,0.07353599742054939,124.11682311927606,0.010498666010748225,2,1.0052124599576207,0.9948051552735964
16,262144,8,198.7544775109568,0.18367999792099,0.16278399527072906,224.28245244930346,0.0162505276295144,2,0.16116800159215927,226.51656665707503,0.00019852556624622153,2,1.0099611636281558,0.9900727729659037
16,262144,32,304.06468786135673,0.48025599122047424,0.37217599153518677,392.38081876293563,0.012719560288733334,2,0.3903999924659729,374.0508606919191,0.003942211493451087,2,0.9532852851247785,1.0489660841786543
16,262144,128,354.68699312945813,1.6468479633331299,1.2328320145606995,473.80502219960886,0.006666967421901759,2,1.355791985988617,430.8297720994168,2.3652358513759353e-05,2,0.9092976053721797,1.0997378150272423
16,262144,512,362.6857496841693,6.442111968994141,5.214399814605713,448.10964032352916,0.016720387100641165,2,5.746783971786499,406.56977835672444,0.0033354072794011813,2,0.9072997806143749,1.1020988370875513
16,262144,1024,370.0006225615202,12.629504203796387,11.147168159484863,419.2838696000888,0.02819744912199207,2,11.334527969360352,412.34385849519447,0.02648938081155472,2,0.9834479415783066,1.0168078391924202
16,262144,4096,353.5990462317786,52.86127853393555,42.248497009277344,442.4531719060028,0.016713212640960373,2,47.102752685546875,396.8361483503323,0.009025864306151155,2,0.8968997705245028,1.114897712815762
16,524288,2,113.08987286863727,0.08070400357246399,0.07366399839520454,123.90376075972695,0.013998255297890339,2,0.07348800078034401,124.19549484015997,0.00567689918382186,2,1.002354521595182,0.9976108055672418
16,524288,8,198.40881491871454,0.18400000035762787,0.16318399459123611,223.73297124279216,0.016409635377443443,2,0.1616159975528717,225.88916366254705,0.0029743964778536913,2,1.0096373476281912,0.9903912326555547
16,524288,32,297.98895345704705,0.49004799127578735,0.37438400089740753,390.06446281630315,0.011778896603334976,2,0.390175998210907,374.267784509645,0.006252541886146101,2,0.9595023904700147,1.0421812825218109
16,524288,128,343.1581463302496,1.7021759748458862,1.231664001941681,474.2494041735026,0.0015861470613562911,2,1.3863999843597412,421.3626575374369,0.020755636239291553,2,0.8884832618224708,1.125631651305976
16,524288,512,340.00690812697684,6.871808052062988,5.247231960296631,445.2877539233314,0.010680269703669643,2,5.697456121444702,410.10948800014734,0.014351398227677503,2,0.9209988022054588,1.0858022219247612
16,524288,1024,348.8148347201047,13.396575927734375,11.188752174377441,417.7200918716958,0.027212292530416793,2,11.407264232635498,409.8152092943867,0.041654754124271554,2,0.9810761255416531,1.0195296182141254
16,524288,4096,335.2987463293809,55.74639892578125,42.464494705200195,440.26429941553977,0.02932239780183421,2,46.82364845275879,399.2073779341282,0.011847729116276406,2,0.9067448313753455,1.102654082612333
32,2048,2,213.8827645167808,0.08534400165081024,0.08091199770569801,225.59903775262921,0.0035657959224564273,2,0.08073600009083748,226.0909962692055,0.003971343523387683,2,1.0021806764846033,0.9978248267271722
32,2048,8,345.71233157024795,0.21119999885559082,0.21185600012540817,344.6448408731282,0.005908134716561042,2,0.21751999855041504,335.66787660748776,0.0013249376741859553,2,0.9739529997231409,1.0267351334003005
32,2048,32,510.07688598984345,0.5725759863853455,0.5873439908027649,497.26968594941087,0.012113523340697485,2,0.5985440015792847,487.9473370188123,0.001551706044488066,2,0.9812529313690218,1.0190689118334417
32,2048,128,507.7781956508055,2.3006720542907715,2.2937439680099487,509.3433805856241,0.015847308148284167,2,2.530079960823059,461.7636903779181,0.015370538252287957,2,0.9065862205708836,1.1030350362155525
32,2048,512,507.10816269498633,9.214847564697266,9.976303577423096,468.49984629569667,0.029268086868764254,2,10.450943946838379,447.1349459916805,0.007061136596839379,2,0.9543972095766035,1.047576776882514
32,2048,1024,508.88591181179663,18.365312576293945,18.0458402633667,517.8949824053797,0.0007432037144747827,2,20.47043228149414,456.5537153009748,0.0011480252408928582,2,0.8815565526055043,1.134357391107434
32,2048,4096,481.6897645351236,77.6088638305664,78.01099395751953,479.20720030609607,0.0019277134853112887,2,89.84160232543945,416.1074387862093,0.006257693912141926,2,0.8683246798470861,1.1516530910292235
32,4096,2,206.75075495183256,0.08828800171613693,0.0820159986615181,222.56172479912544,0.0015619018145607289,2,0.08179200068116188,223.17164952859068,0.0031347287418195258,2,1.0027404744909114,0.9972688501754315
32,4096,8,333.4358197281213,0.2189760059118271,0.21940799802541733,332.78679545749526,0.00952524383756237,2,0.22287999838590622,327.5959936592666,0.0028755839429277508,2,0.9844020199446535,1.015824401989606
32,4096,32,505.58415824879785,0.5776640176773071,0.5695520043373108,512.785236642023,0.001068018428972195,2,0.635232001543045,459.7715756307264,0.00728041006632596,2,0.8966162494098759,1.115318700848318
32,4096,128,496.3457585902304,2.353663921356201,2.278159976005554,512.8898455014245,0.027438747198301083,2,2.6846559047698975,435.1621864732504,0.010123035936090208,2,0.8484515540521494,1.1784316874344702
32,4096,512,501.94511091271875,9.309632301330566,10.182447910308838,458.93723934181526,0.012494175736684543,2,11.411280155181885,409.5007757540112,0.0017710569495228423,2,0.8922805574489807,1.1206814172482986
32,4096,1024,508.3411802056762,18.384992599487305,18.077391624450684,516.9965628268867,0.006579983655633503,2,21.204367637634277,440.7591817849094,0.008588974346720901,2,0.8525379344397983,1.1729771682853949
32,4096,4096,480.0076718857551,77.88082885742188,78.06092834472656,478.930849942911,0.01612469877399203,2,90.48587417602539,413.15059832042675,0.009848885523747297,2,0.8626518804743414,1.1591698445658851
32,8192,2,205.11519108099975,0.08899199962615967,0.083856001496315,217.6798345069111,0.0057404825020606065,2,0.08355199918150902,218.47086991722261,0.0038372383391473974,2,1.0036339397818055,0.9963747101056405
32,8192,8,316.6391063968265,0.23059199750423431,0.22644799947738647,322.4371574073237,0.006663848798530436,2,0.23244799673557281,314.11109096712767,0.0016533606528137401,2,0.9741777079690663,1.026496137179545
32,8192,32,499.9619812810122,0.5841599702835083,0.5970720052719116,489.1927955311885,0.018881199638596025,2,0.6650240123271942,439.16893977199936,0.0012518977115536511,2,0.8977420431859163,1.1138087306979612
32,8192,128,489.4123220922494,2.38700795173645,2.3515199422836304,497.05778181040773,0.046764881602732844,2,2.7364320755004883,426.99777134642784,0.027779740838318023,2,0.8590505711251437,1.1636865272947923
32,8192,512,504.29215466298086,9.266304016113281,9.101119995117188,513.4562810685377,0.009425112760455434,2,10.874560356140137,429.7121726511662,0.002368711583507155,2,0.8369011900232397,1.1948595735441805
32,8192,1024,507.5875685932498,18.412288665771484,18.18220806121826,514.0156575568644,0.006253287777197913,2,22.167999267578125,421.6829558747301,0.029828433067659255,2,0.8203698655387366,1.2192138156674908
32,8192,4096,479.0343514139723,78.03907012939453,78.02264022827148,479.14749797678655,0.010173243223374318,2,92.64810943603516,403.50580964519907,0.008407193076176211,2,0.8421327698652574,1.1874516059053348
32,16384,2,193.29900578625197,0.09443199634552002,0.08505599945783615,214.6070084188369,0.0007527343799291764,2,0.08404799923300743,217.184955304832,0.00879547843761097,2,1.0120124077260508,0.9881489814798026
32,16384,8,292.7510026940183,0.24940800666809082,0.23054400086402893,316.72121086698644,0.014399499093513235,2,0.2359680011868477,309.4266485770303,0.004348977624146544,2,0.9769685071928458,1.0235269636272937
32,16384,32,465.62957419530943,0.627232015132904,0.6117279827594757,477.44883134773045,0.012369105520484869,2,0.684688001871109,426.55619706123656,0.00135625862525246,2,0.893407144504186,1.1192687291866463
32,16384,128,479.27978420882124,2.437472105026245,2.5577759742736816,456.7375927600265,0.0021417212563594745,2,2.8215519189834595,414.0408304115123,0.004763293040816796,2,0.9065179590528091,1.1031270710816183
32,16384,512,474.8628877446748,9.840576171875,10.00699234008789,467.01266386196266,0.020210592545309325,2,11.020751953125,424.01619372333005,0.006750411969968839,2,0.9079329674208978,1.1013051253148263
32,16384,1024,508.6953500900198,18.3721923828125,18.195151329040527,513.6555240845635,0.009086115865273303,2,22.245776176452637,420.11806478598425,0.0012421977643357618,2,0.817898465191664,1.2226211134032765
32,16384,4096,477.38397638010895,78.3088607788086,78.12203216552734,478.526763308774,0.0030706439823340315,2,94.2765121459961,396.5323457517976,0.005597229463928821,2,0.8286523892832538,1.2067851991643042
32,32768,2,194.02222354921562,0.09408000111579895,0.08548799902200699,213.52376094057303,0.004877998491711777,2,0.0849120020866394,214.97648206289864,0.010227262103974066,2,1.0068035572056542,0.9932622480119191
32,32768,8,269.00511835324227,0.27142399549484253,0.23360000550746918,312.580219595578,0.015461059943796762,2,0.23945599794387817,304.91844127652257,0.0024083049449625804,2,0.9754886015213362,1.0250684601812723
32,32768,32,420.91986773777137,0.6938560009002686,0.6238559782505035,468.15118441653505,0.003957438982980621,2,0.6986560225486755,418.0305519711479,0.0049589001918493025,2,0.892939216830449,1.1198995391659718
32,32768,128,447.0363216438426,2.6132800579071045,2.459839940071106,474.9229729453134,0.0034141658415645093,2,2.8333760499954224,412.3295779946242,0.013645178425739424,2,0.8682030591981981,1.1518538274947754
32,32768,512,470.03895582221287,9.941568374633789,9.920080184936523,471.10078574118904,0.019441816806067713,2,11.17409610748291,418.1926105983774,6.008601346962905e-05,2,0.8876924498022849,1.1264118736107183
32,32768,1024,473.36132021170425,19.74358367919922,20.49289608001709,456.18000014297377,0.03392291629081812,2,22.289984703063965,419.284675320717,0.0002641887411607424,2,0.9191211258479257,1.0876932482373363
32,32768,4096,472.0158140113349,79.19945526123047,79.67156982421875,469.2206796364842,0.004051585169263738,2,94.66121673583984,394.9201634902098,0.0049497430839173795,2,0.8416512328402987,1.1881429843128872
32,65536,2,191.61079205506704,0.0952640026807785,0.08607999980449677,212.05450059682636,0.002978429272100014,2,0.08521600067615509,214.20451614352172,0.003008672788270772,2,1.0101389762567838,0.9899628353821565
32,65536,8,267.8053357887548,0.2726399898529053,0.23899199813604355,305.51651391548944,0.009281718384156479,2,0.243648000061512,299.67433999783805,0.005795557031976095,2,0.9808777147828172,1.019481831867936
32,65536,32,373.988088854606,0.7809280157089233,0.6493920087814331,449.74850081433465,0.008561327683300757,2,0.7151840031147003,408.3679860840498,0.0025535953781767873,2,0.9079918784490455,1.1013132182773917
32,65536,128,416.11733100329974,2.8074560165405273,2.5495840311050415,458.36868331258336,0.0385713170514852,2,2.903983950614929,402.29080521199114,0.007177193552283523,2,0.8776577018845984,1.1390030354701757
32,65536,512,451.5747319700735,10.348064422607422,10.345823764801025,451.6739067460221,0.00349500408977077,2,11.391664028167725,410.2121075650738,0.007995570820062303,2,0.9082041300998545,1.1010881576124367
32,65536,1024,457.8059578369495,20.414432525634766,21.61712074279785,432.3365327219466,0.0030867437742860826,2,22.798303604125977,409.9389695229129,0.005257711316921654,2,0.9481941462174827,1.054641081732481
32,65536,4096,428.1715839149007,87.30937957763672,84.55249786376953,442.163926058755,0.017042768448856105,2,96.36227035522461,387.94867802485976,0.004864143357742323,2,0.8773865418711451,1.139673845123806
32,131072,2,189.3213954205966,0.09641599655151367,0.08647999912500381,211.07928635531667,0.010788686093704536,2,0.08540800213813782,213.722521467531,0.00074963087878821,2,1.012522475122286,0.9876041050218275
32,131072,8,259.4316610177953,0.28143998980522156,0.2393919974565506,305.0100699111697,0.011832693041240905,2,0.2441280037164688,299.0863705376547,0.007103386543393597,2,0.9805786760573506,1.0197834777696686
32,131072,32,359.5353780468281,0.8123199939727783,0.6584480106830597,443.5624591839917,0.00834513375211876,2,0.7199200093746185,405.68089478928295,0.0004890147251817023,2,0.9145970006920823,1.0933589253733018
32,131072,128,373.76602812958487,3.12556791305542,2.5976799726486206,449.7424674291804,0.013930283058486648,2,2.8903839588165283,404.1992251727224,0.014418292148875134,2,0.8987348414820764,1.1126790017437997
32,131072,512,405.11813442884926,11.534720420837402,11.200175762176514,417.26763135676714,0.021861716142952625,2,11.625152111053467,402.0428915143002,0.027910720629694463,2,0.9635132497745802,1.0379437214112404
32,131072,1024,408.1584430288222,22.897600173950195,20.141647338867188,464.0238531414025,0.012419611784938667,2,22.807231903076172,409.7780638177678,0.00484110401449156,2,0.8830969809926897,1.1323419340713619
32,131072,4096,389.18322189629026,96.0560302734375,86.55894470214844,431.8936207930484,0.009642710629406581,2,96.50928115844727,387.36267885644975,0.008681625204684629,2,0.8968937261568476,1.1149544566484515
32,262144,2,189.69914497571304,0.09622400254011154,0.08569599688053131,213.00436255550153,0.0014947797557749443,2,0.08521600067615509,214.20768782529495,0.00829568930558433,2,1.0056492987061703,0.9943988491662524
32,262144,8,257.7028916114226,0.28332799673080444,0.23864000290632248,305.9700984840573,0.011192008107127727,2,0.2441600039601326,299.04868590670026,0.00842327200778148,2,0.977378794164366,1.0231310802320808
32,262144,32,328.4677752249355,0.8891519904136658,0.6587200164794922,443.38548121551116,0.011235926428886378,2,0.7186720073223114,406.3855206424576,0.0012920834844112328,2,0.9165512581250503,1.0910128572731563
32,262144,128,353.75900951700885,3.3023359775543213,2.5565919876098633,456.95105354363585,0.004654416100910996,2,2.915776014328003,400.7863543263066,0.03633843911619716,2,0.8770881502914275,1.1404932928128035
32,262144,512,369.3390026515299,12.652128219604492,11.120736122131348,420.2009289603834,0.004065554488200451,2,11.374735832214355,410.82397015728975,0.008801842254670289,2,0.9776845833580303,1.0228401885714673
32,262144,1024,369.53855269785845,25.290592193603516,20.128976821899414,464.3032914624655,0.006608086777865507,2,22.803951263427734,409.83825477466826,0.005968996319040576,2,0.8826951312013255,1.1328917244625205
32,262144,4096,355.3328793150095,105.2066879272461,87.16860580444336,428.87332281397096,0.009829910471742753,2,96.35707473754883,387.9701475082393,0.005420872012591671,2,0.9046264406530272,1.1054103005125395
32,524288,2,189.00773928842463,0.09657599776983261,0.0854399986565113,213.6439227359789,0.00525718124715735,2,0.08577600121498108,212.8094890585151,0.008617437889439472,2,0.9960942784293707,1.0039326142761376
32,524288,8,254.05872976655235,0.2873919904232025,0.24030400067567825,303.8562737244388,0.013810684647594273,2,0.2446879968047142,298.4106491636544,0.013031467290343546,2,0.9820782882181893,1.0182435419997553
32,524288,32,319.6219730274307,0.9137600064277649,0.6620799899101257,441.1256774136871,0.006108522674117989,2,0.7209599912166595,405.0959361114892,0.0015991179243355358,2,0.918323182832068,1.0889318544644833
32,524288,128,339.5989056813163,3.4400320053100586,2.61516797542572,446.87979157483477,0.03932731334922712,2,2.9114080667495728,401.31706172446934,0.02417263499084954,2,0.8980425369207248,1.1132776533314759
32,524288,512,344.7451842553103,13.554719924926758,11.325439929962158,412.6141114065483,0.009835694075922108,2,11.389776229858398,410.27860080163873,0.007011826670333399,2,0.9943397219330475,1.0056806888115697
32,524288,1024,346.5610930142771,26.967391967773438,20.446784019470215,457.08511543485866,0.005558782263270556,2,22.80408000946045,409.8346539393209,0.00479227280280603,2,0.896626558380522,1.1152893280305365
32,524288,4096,336.8631970113468,110.97500610351562,87.73822402954102,426.0789755938481,0.001360313005124958,2,96.13422393798828,388.87375562861934,0.008574996267946222,2,0.9126799910430362,1.09569375265244
64,2048,2,203.36019841732846,0.17951999604701996,0.15745600312948227,231.8567137091385,0.001016633803050171,2,0.15937600284814835,229.08095626181523,0.017622029994547317,2,0.9880281342605183,1.0121938807063913
64,2048,8,428.971852013313,0.3404160141944885,0.34062400460243225,428.72819182361775,0.01314419779441689,2,0.36956800520420074,395.13571689751916,0.004164809745552889,2,0.921646218824073,1.084973461091068
64,2048,32,520.416543684733,1.1224000453948975,1.142527997493744,511.2716429769407,0.013591536638322577,2,1.306111991405487,447.32328347423936,0.031303579956869054,2,0.8749229291686229,1.1431772300290075
64,2048,128,501.6657526890101,4.657408237457275,4.773776054382324,489.7013290583085,0.047579530246399715,2,5.565120220184326,419.9257776787997,0.02893309411043865,2,0.8575140657394446,1.1657690173956838
64,2048,512,508.4429845219117,18.381311416625977,18.074480056762695,517.0754537058895,0.0030124769855277567,2,22.83888053894043,409.2117363017857,0.006195268662415376,2,0.7913965618923845,1.2635982040542904
64,2048,1024,489.8531089986852,38.15776062011719,38.580305099487305,484.4903218599791,0.004318255820613182,2,48.02788734436035,389.1853804055754,0.0034030995392095864,2,0.8032882450808844,1.2448809624628552
64,2048,4096,484.2969849309015,154.38211059570312,157.64334106445312,474.27814394692643,0.00016630438833531436,2,198.97870635986328,375.75382098769103,0.0034250334633458834,2,0.7922646779813226,1.262208127639911
64,4096,2,210.76125747039248,0.17321600019931793,0.16579199582338333,220.21482444869514,0.017130661553608206,2,0.16566400229930878,220.37173348116534,0.006978149753205765,2,1.000712527110121,0.9992279873136282
64,4096,8,420.43510752932326,0.3473280072212219,0.34641599655151367,421.55695353975625,0.011987673066231386,2,0.3938880115747452,370.73912976316035,0.004723124936009571,2,0.8794520565966578,1.1370375949604052
64,4096,32,530.3506905910609,1.1013760566711426,1.128991961479187,517.4039344513865,0.014273102043672381,2,1.3963040113449097,418.3304584638432,0.0025470696261433723,2,0.8085181240598937,1.2367705519492758
64,4096,128,474.89068552697483,4.920000076293945,4.728607892990112,494.19506302526617,0.026259141716632017,2,5.992000102996826,389.95705752689594,0.016715318638720555,2,0.7890751784118066,1.2671805822342808
64,4096,512,507.2860874809182,18.42323112487793,18.04543972015381,517.9522096764576,0.018986158613526705,2,23.656736373901367,395.061871263673,0.0033223031383158297,2,0.7627380748321377,1.3109537224233254
64,4096,1024,488.5780366245441,38.25734329223633,38.776559829711914,482.05112102462596,0.011265712020205543,2,49.85441589355469,374.9265865442405,0.0032202569783155166,2,0.777773497854986,1.2856843441628503
64,4096,4096,483.95483523862686,154.4912567138672,157.95419311523438,473.3517907042379,0.007734044750630664,2,201.44074249267578,371.1620669125411,0.0044690376776461704,2,0.7841146356715749,1.2753111425520443
64,8192,2,212.17233513837766,0.17206400632858276,0.16815999895334244,217.11701143622707,0.018824397574196405,2,0.16758399456739426,217.84452261390803,0.001911329614332491,2,1.0033507792543221,0.9965746646673803
64,8192,8,387.64888400541327,0.37670400738716125,0.3606399893760681,404.92081053731374,0.006945074438639898,2,0.40480001270771027,360.746375438845,0.005866970250399062,2,0.8909059896431328,1.1224490478941118
64,8192,32,476.5831628056385,1.2256319522857666,1.1692320108413696,499.5979639612091,0.014527964889536227,2,1.4530400037765503,402.0936760896134,0.0317463942243581,2,0.80483449712544,1.2427302625173209
64,8192,128,499.81138373297324,4.67468786239624,4.9476478099823,472.504351622011,0.048735909839559,2,6.0852320194244385,383.9771472728426,0.014902739880453986,2,0.8126425628774158,1.2299242494882046
64,8192,512,506.5838826842435,18.448768615722656,18.178128242492676,514.142193348771,0.011278413266631038,2,23.92406463623047,390.6516561089538,0.007389175372605639,2,0.7598124821550158,1.316090651198414
64,8192,1024,485.21993806498506,38.52211380004883,38.690176010131836,483.19236206721166,0.026089727166806798,2,50.12966346740723,372.86843902063003,0.003924606803546338,2,0.771677013737159,1.2956690466923624
64,8192,4096,482.9549377198382,154.8111114501953,157.34374237060547,475.2016108939135,0.013189121880992527,2,202.2405242919922,369.6977384659952,0.007608108782565459,2,0.7779808190686637,1.2853420240611628
64,16384,2,200.92474504179387,0.18169599771499634,0.16785600036382675,217.50559198078537,0.016336809071794578,2,0.16806399822235107,217.22416002640642,0.006111582266593141,2,0.9987060932465415,1.0012391446124862
64,16384,8,350.4917515064857,0.4166400134563446,0.37014399468898773,394.52112686787933,0.004505709868598107,2,0.4089920073747635,357.0529250571719,0.008959478318826708,2,0.9050286556054192,1.1049537835090846
64,16384,32,477.28097879911905,1.2238399982452393,1.212015986442566,481.9395104060188,0.004418853446125137,2,1.4719200134277344,396.85013365196073,0.010555965939598844,2,0.8234438660520426,1.2144394380044627
64,16384,128,482.14720092824757,4.845952033996582,4.897791862487793,477.14876818433925,0.030081989593852665,2,6.110383987426758,382.42650938727877,0.023327373332078682,2,0.8014827552473824,1.2475793498344045
64,16384,512,480.2302394948186,19.461183547973633,19.342384338378906,483.1915036795622,0.00990406410300504,2,23.989808082580566,389.5798813392689,0.006489088364165507,2,0.8062639313244763,1.2402715023597324
64,16384,1024,476.4750894163644,39.22911834716797,38.57916831970215,484.51655918342976,0.01089016205949811,2,50.41223907470703,370.77698978097294,0.00035238188508879276,2,0.7652514300148059,1.3067217690372501
64,16384,4096,482.7188048564211,154.8868408203125,157.45575714111328,474.85285271353655,0.009072739522649975,2,202.71265411376953,368.8345635326168,0.005880630338345183,2,0.7767344376787872,1.2874261176242454
64,32768,2,199.62391819627098,0.1828799992799759,0.16836799681186676,216.83629832585345,0.010892362923573318,2,0.1688000038266182,216.2781160646253,0.0076117673444644485,2,0.9974257895678087,1.0025658499413885
64,32768,8,320.4411801264679,0.4557119905948639,0.3808799982070923,383.48883637620935,0.03114336376236526,2,0.4110879898071289,355.2273839515632,0.00475965722154692,2,0.9263043673143039,1.0793110474223746
64,32768,32,405.20359715948257,1.4415359497070312,1.2224000096321106,477.86656195124124,0.014077498374181374,2,1.4883840084075928,392.4602071065676,0.010503822792474304,2,0.8212757249723868,1.2175916203203663
64,32768,128,451.72980846966357,5.172255992889404,5.021519899368286,465.2945203823742,0.006360845397153536,2,6.20086407661438,376.79631162957037,0.0009292885929998995,2,0.8098017387351201,1.234858011295436
64,32768,512,471.5880570095302,19.81782341003418,19.792399406433105,472.2415477220727,0.020308870048054928,2,23.974592208862305,389.823078723544,0.00046726833831267633,2,0.8254739139406804,1.211302971233991
64,32768,1024,473.99474346135827,39.43439865112305,39.574575424194336,472.3193984348998,0.005527446572930028,2,50.52107238769531,369.98088728897403,0.005359619635989299,2,0.7833277407511959,1.2766042805555589
64,32768,4096,479.1077018834534,156.0542449951172,159.83147430419922,467.8121819190201,0.01531866564772466,2,203.02340698242188,368.27206935919946,0.007557304631257589,2,0.7872220596062816,1.2702342130437814
64,65536,2,200.53625104829453,0.1820479929447174,0.16967999935150146,215.17445368852728,0.02000001951342556,2,0.17019199579954147,214.50665227433808,0.0032014871695844604,2,0.9968964651577279,1.0030174236798493
64,65536,8,311.17645470356314,0.4692800045013428,0.3895680010318756,374.8525134717904,0.006758363518991395,2,0.41625599563121796,350.81517303200656,0.0009229419737033506,2,0.9358752053783607,1.0685066394792488
64,65536,32,371.287583247817,1.5732159614562988,1.2844319939613342,454.76713495592026,0.0036190154749335957,2,1.4991520047187805,389.7404834748942,0.03414962658942722,2,0.8570111019844717,1.1671711789856818
64,65536,128,429.1206217852931,5.444767951965332,5.233520030975342,446.45951126176476,0.012669444118947437,2,6.187632083892822,377.61007420406827,0.00929502207120625,2,0.8457879486918821,1.1823079012348154
64,65536,512,453.1476957073419,20.62428855895996,20.678160667419434,451.97586495047335,0.00883344347536541,2,24.12484836578369,387.39523885852253,0.001047086044258183,2,0.8571148791340276,1.1666825088459085
64,65536,1024,444.6545301658418,42.03644943237305,41.28073692321777,452.79899567609846,0.006200470668847435,2,50.610206604003906,369.32685921074443,0.0015338317620245956,2,0.8156529999791248,1.2260005604584763
64,65536,4096,431.27979574408477,173.36029052734375,169.1472930908203,442.0287062952333,0.007937750732129878,2,203.54375457763672,367.32668045431393,0.003743807512399888,2,0.8310018675777462,1.2033521249929073
64,131072,2,197.58410974779287,0.18476800620555878,0.16951999813318253,215.3661038048786,0.013492938399702226,2,0.16964799910783768,215.20359352151948,0.013482689223089261,2,0.9992454231167855,1.000755078905526
64,131072,8,299.78995956799037,0.48710399866104126,0.3914719969034195,373.0257971440469,0.0027011174955999806,2,0.41577599942684174,351.22015192991483,0.0007699114834840426,2,0.9415438680619945,1.0620836297759972
64,131072,32,356.81549946896206,1.6370240449905396,1.2965760231018066,450.5214959686841,0.011717435407385235,2,1.4748640060424805,396.04905637027844,0.004501358646232134,2,0.8790902541036753,1.1375067714997185
64,131072,128,385.5425978790625,6.060192108154297,5.362287998199463,435.7556096523968,0.0179491161774874,2,6.16374397277832,379.09171038339036,0.0167947286242367,2,0.8699640394435603,1.149461568428993
64,131072,512,403.4894689575515,23.162559509277344,22.226351737976074,420.4873569045046,0.0046857103339030814,2,24.498703956604004,381.541697161093,0.02503175843800909,2,0.9073797128405541,1.102236851347285
64,131072,1024,383.68021967704686,48.71686553955078,42.796369552612305,436.8203916268205,0.02400330730475586,2,50.675472259521484,368.8516118873456,0.0026183957641354727,2,0.8444010832774006,1.184106801330961
64,131072,4096,391.18924554346813,191.1269073486328,173.6662826538086,430.5321694235041,0.01073393756322516,2,204.10681915283203,366.31539014566556,0.006042642905111695,2,0.8508432497301496,1.1752817877705397
64,262144,2,197.72108417320226,0.18464000523090363,0.1693599969148636,215.56752464673218,0.011974957140306719,2,0.17000000178813934,214.74851663541068,0.0016956106861021336,2,0.9962006892612248,1.0037789612950778
64,262144,8,297.309454885894,0.49116799235343933,0.39075200259685516,373.7129408130533,0.002295663955418581,2,0.4166239947080612,350.5057904813293,0.002537841470319435,2,0.9379011326682071,1.0662107729180306
64,262144,32,329.20233749600663,1.7743359804153442,1.3120479583740234,445.31605729271655,0.033703706646449616,2,1.5042400360107422,388.31910562544283,0.008138076600598954,2,0.872007867819129,1.1464825095836404
64,262144,128,349.373142200083,6.687583923339844,5.317519903182983,439.4422626350593,0.022165920222924074,2,6.200128078460693,376.85534197035923,0.012432633802605508,2,0.8575764645635001,1.1659811700468474
64,262144,512,369.5937427601082,25.286815643310547,22.673824310302734,412.1916853546783,0.006979240309717527,2,24.456512451171875,382.17793254838455,0.01971442608381846,2,0.9271849630337209,1.0786231787135754
64,262144,1024,350.0219299323503,53.40150451660156,42.81073570251465,436.8160688052742,0.044140097810221546,2,50.56816101074219,369.64013677503124,0.008365170746355233,2,0.8462146042063554,1.181202803010271
64,262144,4096,357.1157842024076,209.36288452148438,174.86651611328125,427.56799033202725,0.005360202005001202,2,203.83372497558594,366.8050397076092,0.004901623828924784,2,0.8578870448715473,1.165653262306314
64,524288,2,197.00408740517307,0.18531200289726257,0.17000000178813934,214.75544106384706,0.011548611131314557,2,0.1703519970178604,214.30505726672249,0.0028216481343810162,2,0.9979028061180034,1.0020705601530506
64,524288,8,294.1284473990377,0.49647998809814453,0.3925759941339493,371.9776467827046,0.004083959457534148,2,0.4177760034799576,349.542248492921,0.006377777758694192,2,0.9396861653278603,1.0641914170060278
64,524288,32,322.6901114853495,1.8101439476013184,1.303600013256073,448.15858763215226,0.027043805108580177,2,1.5148000121116638,385.66056486759294,0.024137806347034996,2,0.860544850663762,1.1620128848634061
64,524288,128,337.95004382590946,6.913631916046143,5.369375944137573,435.2251878263187,0.027354729452670368,2,6.1470561027526855,380.19119375348504,0.0324125002571789,2,0.8735505305938416,1.1448362280283622
64,524288,512,330.2173577995166,28.302112579345703,22.70140838623047,411.69028583069746,0.006579082684624593,2,24.087200164794922,388.0022183271708,0.004054882466013376,2,0.9424614368645363,1.061044308572723
64,524288,1024,333.2742993301208,56.085025787353516,43.036672592163086,434.36683277788353,0.020932199260686568,2,50.86350440979004,367.4876492862463,0.0016036322476822296,2,0.846030639439185,1.1818642414992884
64,524288,4096,335.6880811624803,222.7269744873047,175.40650939941406,426.2491313127978,0.002091186312387139,2,204.02947235107422,366.4554525913428,0.007047788247687148,2,0.8597212889624024,1.163180733997069
128,2048,2,295.4423676515657,0.24713599681854248,0.22619199752807617,322.80209677503285,0.006671416037335343,2,0.2592480033636093,281.6395501135405,0.0016059705888444853,2,0.8724836453271884,1.146141358654521
128,2048,8,489.5304528183098,0.5966079831123352,0.5954239964485168,490.51775838524264,0.010698031994864854,2,0.7851839959621429,371.96113878366066,0.0014682222970754388,2,0.7583031040672945,1.3186972655544185
128,2048,32,488.2929658881781,2.39247989654541,2.542304039001465,459.5167008202336,0.00045325013741948084,2,3.210271954536438,363.95538984002826,0.024029081391413465,2,0.7920395258548184,1.2627411612803516
128,2048,128,501.64680090067606,9.315168380737305,9.101999759674072,513.3954587602213,0.0008898421722505212,2,13.121504306793213,356.12720904028083,0.0004976201470949793,2,0.6936703528704335,1.4416067516203794
128,2048,512,487.499105282511,38.34201431274414,38.745296478271484,482.42567011251305,0.0024484377039297733,2,53.792015075683594,347.480920414917,0.0005146965879219145,2,0.7202786707719684,1.388349553754231
128,2048,1024,477.2024236238221,78.33865356445312,78.3328971862793,477.253646328426,0.011704221027764472,2,108.26254272460938,345.30393970483306,0.003058894374132759,2,0.7235228947150031,1.3820827087137602
128,2048,4096,486.01067739827295,307.6755065917969,320.54229736328125,466.50387072890317,0.004149676076071751,2,441.6840057373047,338.5546937220713,0.004053981826419362,2,0.7257275125993836,1.3779273729879384
128,4096,2,277.10728954920654,0.2634879946708679,0.24478399753570557,298.28111755323425,0.00013076748214513323,2,0.2595200091600418,281.34460722870676,0.0024691545396398062,2,0.9432196363502465,1.0602000611669347
128,4096,8,470.8422044957453,0.6202880144119263,0.6064159870147705,481.6405407021923,0.015260280574364682,2,0.793615996837616,368.0089330483646,4.0257168198110094e-05,2,0.76407383089438,1.3086990017271525
128,4096,32,479.60094118681525,2.435839891433716,2.4079519510269165,485.16369586411406,0.008260074276143614,2,3.2381598949432373,360.7785603712051,0.009761569723389485,2,0.7436223349907305,1.3447776204846043
128,4096,128,504.66513141952464,9.259455680847168,9.695088386535645,482.0327164317963,0.019264780543304605,2,13.016592025756836,359.0023140148136,0.007325792917958873,2,0.7447675267195468,1.3425965299949232
128,4096,512,488.3880660817371,38.27222442626953,38.88166427612305,480.77880801465426,0.019722653101179155,2,54.81654357910156,340.9918586205751,0.008009636884769744,2,0.709248937216429,1.409830175730518
128,4096,1024,481.5599106700067,77.62979125976562,78.35432052612305,477.2054612690616,0.029145939824206213,2,109.9737777709961,339.93222673310856,0.005035790094503723,2,0.7123393471422269,1.4035445273797154
128,4096,4096,486.2587767067651,307.5185241699219,320.50550842285156,466.5590153805738,0.005569187755253724,2,445.8557434082031,335.38600795920786,0.0022954759566402583,2,0.7188501280714346,1.3911016556382352
128,8192,2,279.41480614549135,0.26131200790405273,0.24910400062799454,293.1089151543466,0.0029590130592442865,2,0.2608159929513931,279.94620145189424,0.0003681175672194392,2,0.9550927555529278,1.047016476226285
128,8192,8,436.18837094653685,0.6695680022239685,0.6337760090827942,460.82252416595395,0.00257832267209146,2,0.798224002122879,365.88450052497944,0.0004410328938091457,2,0.7939813731700647,1.2594733639067142
128,8192,32,465.5167694427204,2.509536027908325,2.495840072631836,468.2461089923813,0.039404849734747005,2,3.2406880855560303,360.49409612575886,0.00784129339167583,2,0.7698816694953557,1.298435793659952
128,8192,128,498.67806276541444,9.370623588562012,9.7533597946167,479.14870470444475,0.01832631967726961,2,13.22051191329956,353.5084088560541,0.02363858461176438,2,0.7377843358130544,1.35548284813573
128,8192,512,492.2590337934661,37.97126388549805,38.91974449157715,480.2971266737898,0.017102188062285917,2,55.18686485290527,338.6987623461519,0.002322679030297703,2,0.7051859016766318,1.417965754242004
128,8192,1024,478.3897316850833,78.14422607421875,78.58628845214844,475.8200423543384,0.03245668003029212,2,110.47983932495117,338.37314485747646,0.001281618956932018,2,0.7111368053838585,1.4058411651826879
128,8192,4096,485.653298542034,307.90191650390625,320.6588439941406,466.3470486706198,0.011304815304244542,2,446.345458984375,335.01768029635355,0.001020632370682728,2,0.7183870494117268,1.3919636627659364
128,16384,2,261.63301054276747,0.27907198667526245,0.25145599246025085,290.3667316027555,0.0007637912215465725,2,0.26207999885082245,278.5961673531235,0.0014662868393899853,2,0.9594631100310242,1.04224996305169
128,16384,8,382.0825487507909,0.7643839716911316,0.656031996011734,445.19106590161334,0.004987790338108811,2,0.8025760054588318,363.9016559005918,0.003634966779293425,2,0.8174055675704274,1.2233793631072785
128,16384,32,426.7604250274611,2.7374401092529297,2.5364480018615723,460.7501582696343,0.03946996111473644,2,3.2480159997940063,359.68717950543794,0.011564026179691878,2,0.7806555745010648,1.2805371911469086
128,16384,128,470.9287724012481,9.922783851623535,9.86033582687378,473.94645793154336,0.017379201132929456,2,13.089887619018555,356.9876741537813,0.0018792582756459453,2,0.7532236356650743,1.3275295942094403
128,16384,512,476.660169507052,39.21388626098633,39.00382423400879,479.24459006930056,0.012082885558491352,2,55.10523223876953,339.201305402437,0.0038510879371973505,2,0.7077832748271342,1.4128161358783216
128,16384,1024,477.40016243370474,78.30620574951172,78.4737434387207,476.4023869883924,0.013511126058329381,2,110.62230682373047,337.93876682971074,0.004281711899606577,2,0.7093557380474348,1.409672866060152
128,16384,4096,484.4175915571395,308.6873474121094,322.60301208496094,463.52202071358806,0.0007069909873080871,2,446.33494567871094,335.0258369131339,0.002053659898452409,2,0.7227830004653599,1.383542400283491
128,32768,2,258.3740672051432,0.2825919985771179,0.2510720044374466,290.8112467779827,0.002552342027856147,2,0.26260800659656525,278.0362366814845,0.002317910365346121,2,0.9560711277915219,1.0459469871400688
128,32768,8,344.7199605253101,0.8472319841384888,0.6821599900722504,428.19732358097787,0.024069453389171436,2,0.8027519881725311,363.8221277141067,0.003994241542730981,2,0.8496599760864761,1.1767796409277953
128,32768,32,398.1939883529603,2.933824062347412,2.786687970161438,419.22564775653484,0.008302220517739878,2,3.2684319019317627,357.4390411646765,0.010857677456527437,2,0.8526173030621903,1.1728732950831293
128,32768,128,454.22669270503195,10.28764820098877,10.162415981292725,459.8328264617339,0.008719193961136629,2,13.370527744293213,349.4980100065361,0.006458801375381684,2,0.7600545021890046,1.3156839642173745
128,32768,512,472.44434771717255,39.56380844116211,39.75815963745117,470.15860995065754,0.014309954242818668,2,55.27961540222168,338.1318231369771,0.0046242887312453185,2,0.7191867084439091,1.3903967363255338
128,32768,1024,469.74263172901976,79.58271789550781,80.14619445800781,466.5212982490418,0.026745913245370012,2,110.62531280517578,337.92804786344686,0.00026500280039387647,2,0.7243571711125858,1.380294018365867
128,32768,4096,477.8414688608903,312.935546875,329.27134704589844,454.13481293347286,7.628032305051491e-05,2,446.38856506347656,334.9870412959058,0.004646291826733817,2,0.737637881430109,1.3556860293745896
128,65536,2,260.1711889038121,0.28064000606536865,0.2537120133638382,287.7937990999559,0.011288682694848617,2,0.26311999559402466,277.49549255819494,0.0030451186670630292,2,0.9642163709782219,1.0370813431553785
128,65536,8,331.0051605651759,0.8823360204696655,0.7041279971599579,414.78322853847186,0.006108426718196114,2,0.8047199845314026,362.9309979319992,0.0008354004690809269,2,0.8749895679505197,1.142860371661366
128,65536,32,363.78441994468744,3.2113280296325684,2.7660319805145264,422.57998918860227,0.04786895281293013,2,3.2975199222564697,354.2775912043094,0.004659149412812313,2,0.8383681202807529,1.1921481550054522
128,65536,128,428.6079891074943,10.902560234069824,10.58899211883545,441.32889685688497,0.016256455514153112,2,13.248448371887207,352.7773753787287,0.026986398899894848,2,0.7993525415878854,1.2511529164632373
128,65536,512,437.51843475904866,42.72208023071289,41.5035343170166,450.37430858447465,0.009615115544207464,2,55.09195137023926,339.28183422236145,0.00037003043003380753,2,0.7533330115759121,1.3274038531135735
128,65536,1024,426.2015059938523,87.71295928955078,84.29753494262695,443.55090708045554,0.027447493982502902,2,110.75495910644531,337.5326125807552,0.0012827786653988316,2,0.7609782940192032,1.3138576256331258
128,65536,4096,434.15239155854243,344.4264831542969,345.39845275878906,432.9310099537669,0.0017903422158007665,2,445.8755645751953,335.37190021819504,0.003856928478297217,2,0.7746543733469444,1.2909020321714497
128,131072,2,254.25689842279678,0.2871679961681366,0.2537440061569214,287.75097561731184,0.005944867730639292,2,0.26414400339126587,276.4195334027239,0.0025472416856531233,2,0.9606206644815761,1.0409861789125883
128,131072,8,319.9693395301634,0.9127680063247681,0.7051839828491211,414.16023177759763,0.0043658526957572885,2,0.8036639988422394,363.4078372434625,0.0005177393802779928,2,0.8774571032175079,1.1396515212884362
128,131072,32,349.54541161594176,3.342144012451172,2.777151942253113,420.75678988977427,0.03112711655307754,2,3.2980639934539795,354.21836887052916,0.003586678176635605,2,0.8418601372144792,1.1875705982360651
128,131072,128,385.5629543045101,12.119744300842285,10.732911586761475,435.38847350006904,0.007286358016880046,2,13.35972785949707,349.779955220704,0.0059121951177603105,2,0.8033744035730622,1.2447440521149589
128,131072,512,380.2672093699361,49.15411376953125,42.27935981750488,442.2069718808849,0.03162391987359259,2,55.25889587402344,338.25904871679563,0.005162059774249217,2,0.7649337758697997,1.3069946213127062
128,131072,1024,387.2981732713935,96.52355194091797,87.34886169433594,427.97906341946026,0.003085023064190784,2,110.67020797729492,337.7909715107805,0.00042978355195666396,2,0.7892698507536878,1.266990843733814
128,131072,4096,389.504595324776,383.9071044921875,353.76702880859375,422.68976946084445,0.0018116437874182711,2,443.5119323730469,337.16200139051733,0.0069424775418660545,2,0.7976582963448092,1.2536836286487563
128,262144,2,256.31333503753746,0.28486400842666626,0.25248000025749207,289.19052582305164,0.004573087050262936,2,0.2627839893102646,277.85047497779425,0.003415493377759926,2,0.9607869213108451,1.04081110995827
128,262144,8,319.02983550079387,0.9154559969902039,0.701632022857666,416.2568249529774,0.004296368552925145,2,0.8050719797611237,362.7735464286442,0.0037832222478955124,2,0.8715137498817588,1.1474276451667054
128,262144,32,327.48071169717565,3.5673279762268066,2.7838720083236694,419.8060612092045,0.04026776623425188,2,3.30075204372406,353.930474669673,0.004401418073040286,2,0.8430809065743734,1.1856694682280433
128,262144,128,355.0612595889262,13.160896301269531,10.362864017486572,450.9300098655519,0.0012946600865753055,2,13.397456169128418,348.7962725718353,0.007092705724219606,2,0.7735042355593753,1.2928333467004096
128,262144,512,349.68687821697614,53.45267105102539,42.79270362854004,436.8738523579842,0.02699427508330432,2,55.29217720031738,338.0537327654516,0.0025038702676476454,2,0.7738017071537686,1.2920935699758167
128,262144,1024,354.12133766913644,105.5666275024414,88.03470611572266,424.6568912822918,0.011150940046834368,2,110.73212814331055,337.6035747799501,0.004235594473572801,2,0.7950031701134629,1.257823567875059
128,524288,2,256.08319786365996,0.28512001037597656,0.2531359940767288,288.44117429072367,0.004688357405088661,2,0.2627519965171814,277.88549334421486,0.005372988484308561,2,0.9634043892226372,1.0379874955180726
128,524288,8,315.76271139492354,0.9249280095100403,0.7025759816169739,415.69594054666607,0.0016866291590365012,2,0.8008480072021484,364.68646892322596,0.0030013714357781662,2,0.8772913886136114,1.1398738757892095
128,524288,32,324.6298407742368,3.598655939102173,2.912287950515747,401.1387441862121,0.0012094066674153137,2,3.306671977043152,353.29950150832303,0.007060360558331258,2,0.8807414058820465,1.1354206840905146
128,524288,128,341.751923805255,13.673439979553223,10.607120037078857,440.7171264029505,0.040201093054146986,2,13.344848155975342,350.1783718028436,0.011501481663617641,2,0.7945649279866499,1.2581028695184295
128,524288,512,331.5165282468471,56.38240051269531,43.30160140991211,431.67488300093714,0.010564124945136255,2,55.206960678100586,338.575394408661,0.0021126933004040893,2,0.784329614118239,1.2749403920535658
128,524288,1024,338.9827310657515,110.28112030029297,88.5144157409668,422.3736198358643,0.017329445695085655,2,111.14993667602539,336.3341635334831,0.003673169537180554,2,0.7962953833721519,1.255726942843981
