case_id,status,skip_reason,stage,pattern,pass_order,cache_state,row_layout,B,H,Q,topk,warmup,repeat,seed,timestamp,latency_ms_median,latency_ms_p5,latency_ms_p95,latency_ms_mean,latency_ms_std,tflops,pairs,flops,target_adjacent_overlap,achieved_adjacent_overlap,target_c4_consecutive_fraction,achieved_c4_consecutive_fraction,unique_kv,reuse_factor,selected_kv_working_set_bytes,selected_kv_working_set_vs_l2,profile_bins,extrapolated_64k_plus,setup_alloc_ms,setup_quant_ms,setup_indices_ms,peak_mem_alloc_bytes,temp_c_before,power_w_before,sm_clock_mhz_before,mem_clock_mhz_before,temp_c_after,power_w_after,sm_clock_mhz_after,mem_clock_mhz_after
b128_h131072_q1024_csa_profile_sim_batch_inner_ascending_steady,ok,,full,csa_profile_sim,ascending,steady,batch-inner,128,131072,1024,2048,10,30,20260803,2026-08-13T08:12:15.503221+00:00,110.64643096923828,107.07708740234375,112.50006103515625,110.45586293538412,1.7036001163624512,337.8635444172371,268435456,37383395344384,0.50390625,0.50390625,0.3817648634796384,0.40797920003095955,16586016,16.184444534480132,9553545216,182.2194140625,"[""64K+""]",True,3.024999052286148,124.07105416059494,8709.528043866158,29133636608,60.0,134.3,1605.0,1593.0,73.0,342.4,1515.0,1593.0
b128_h131072_q1024_csa_profile_sim_batch_inner_descending_steady,ok,,full,csa_profile_sim,descending,steady,batch-inner,128,131072,1024,2048,10,30,20260803,2026-08-13T08:24:49.538652+00:00,110.69398498535156,107.7547836303711,112.0107192993164,110.34434916178385,1.3975487016168195,337.71839860432385,268435456,37383395344384,0.50390625,0.50390625,0.3817648634796384,0.40797920003095955,16586016,16.184444534480132,9553545216,182.2194140625,"[""64K+""]",True,2.603501081466675,128.0691809952259,8651.222985237837,29133636608,58.0,132.33,1605.0,1593.0,75.0,337.15,1635.0,1593.0
b128_h131072_q128_csa_profile_sim_batch_inner_ascending_steady,ok,,full,csa_profile_sim,ascending,steady,batch-inner,128,131072,128,2048,10,30,20260803,2026-08-13T08:09:16.281421+00:00,13.399104118347168,13.05123233795166,13.474207878112793,13.314518451690674,0.1571317582073052,348.74901909669046,33554432,4672924418048,0.50390625,0.50390625,0.3817648634796384,0.4083217314778009,8462616,3.96501885468985,4874466816,92.973076171875,"[""64K+""]",True,1.2505687773227692,85.09944379329681,1112.5207170844078,12098470912,62.0,109.71,1755.0,1593.0,70.0,258.7,1440.0,1593.0
b128_h131072_q128_csa_profile_sim_batch_inner_descending_steady,ok,,full,csa_profile_sim,descending,steady,batch-inner,128,131072,128,2048,10,30,20260803,2026-08-13T08:28:00.372504+00:00,13.320351600646973,12.962656021118164,13.47532844543457,13.273178672790527,0.15337221604605747,350.81089134471756,33554432,4672924418048,0.50390625,0.50390625,0.3817648634796384,0.4083217314778009,8462616,3.96501885468985,4874466816,92.973076171875,"[""64K+""]",True,1.3283677399158478,89.47563543915749,1107.6866760849953,12098470912,55.0,101.93,1755.0,1593.0,63.0,249.03,1680.0,1593.0
b128_h131072_q2_csa_profile_sim_batch_inner_ascending_steady,ok,,full,csa_profile_sim,ascending,steady,batch-inner,128,131072,2,2048,10,30,20260803,2026-08-13T08:08:55.889281+00:00,0.26447999477386475,0.2600319981575012,0.28166401386260986,0.26738560100396475,0.006069758759163353,276.0679275361779,524288,73014444032,0.50390625,0.50390625,0.3817648634796384,0.40384203767123283,392192,1.3368146214099217,225902592,4.30875,"[""64K+""]",True,0.9352937340736389,78.7668414413929,34.4892293214798,10067657728,70.0,166.96,1755.0,1593.0,70.0,168.3,1755.0,1593.0
b128_h131072_q2_csa_profile_sim_batch_inner_descending_steady,ok,,full,csa_profile_sim,descending,steady,batch-inner,128,131072,2,2048,10,30,20260803,2026-08-13T08:28:23.157467+00:00,0.263808012008667,0.2614080011844635,0.2673279941082001,0.2643328001101812,0.0021747680839694582,276.7711392692699,524288,73014444032,0.50390625,0.50390625,0.3817648634796384,0.40384203767123283,392192,1.3368146214099217,225902592,4.30875,"[""64K+""]",True,0.9442083537578583,84.4632126390934,34.11240503191948,10067657728,60.0,232.05,1755.0,1593.0,60.0,221.16,1755.0,1593.0
b128_h131072_q32_csa_profile_sim_batch_inner_ascending_steady,ok,,full,csa_profile_sim,ascending,steady,batch-inner,128,131072,32,2048,10,30,20260803,2026-08-13T08:09:02.406067+00:00,3.3039679527282715,3.143199920654297,3.3283519744873047,3.279077331225077,0.05684642557012079,353.5842723738667,8388608,1168231104512,0.50390625,0.50390625,0.3817648634796384,0.40862834056996084,3387432,2.4763915556090867,1951160832,37.215439453125,"[""64K+""]",True,1.1539310216903687,80.61490580439568,275.09288117289543,10465051648,66.0,187.38,1755.0,1593.0,70.0,203.93,1440.0,1593.0
b128_h131072_q32_csa_profile_sim_batch_inner_descending_steady,ok,,full,csa_profile_sim,descending,steady,batch-inner,128,131072,32,2048,10,30,20260803,2026-08-13T08:28:15.648932+00:00,3.2921600341796875,3.12556791305542,3.311039924621582,3.263665048281352,0.054747416939748446,354.8524653671916,8388608,1168231104512,0.50390625,0.50390625,0.3817648634796384,0.40862834056996084,3387432,2.4763915556090867,1951160832,37.215439453125,"[""64K+""]",True,1.1010803282260895,85.5945348739624,281.10576793551445,10465051648,58.0,169.31,1755.0,1593.0,61.0,197.09,1455.0,1593.0
b128_h131072_q4096_csa_profile_sim_batch_inner_ascending_steady,ok,,full,csa_profile_sim,ascending,steady,batch-inner,128,131072,4096,2048,10,30,20260803,2026-08-13T08:49:24.117143+00:00,441.97772216796875,437.16119384765625,445.4891052246094,441.69737955729164,2.7243234294633654,338.3283226223502,1073741824,149533581377536,0.50390625,0.50390625,0.3817648634796384,0.40795611028801904,17300764,62.06326055889786,9965240064,190.0718701171875,"[""64K+""]",True,167.32171550393105,253.83644923567772,39334.58026498556,68216161280,49.0,213.19,1470.0,1593.0,77.0,342.36,1485.0,1593.0
b128_h131072_q4096_csa_profile_sim_batch_inner_descending_steady,ok,,full,csa_profile_sim,descending,steady,batch-inner,128,131072,4096,2048,10,30,20260803,2026-08-13T08:50:22.140335+00:00,445.046142578125,437.22564697265625,447.3465576171875,444.3367451985677,2.936388575041451,335.9956801586845,1073741824,149533581377536,0.50390625,0.50390625,0.3817648634796384,0.40795611028801904,17300764,62.06326055889786,9965240064,190.0718701171875,"[""64K+""]",True,184.08185616135597,233.94152149558067,37103.76891493797,68216161280,52.0,213.65,1605.0,1593.0,78.0,333.43,1680.0,1593.0
b128_h131072_q512_csa_profile_sim_batch_inner_ascending_steady,ok,,full,csa_profile_sim,ascending,steady,batch-inner,128,131072,512,2048,10,30,20260803,2026-08-13T08:10:19.402505+00:00,55.401153564453125,52.10646438598633,55.894142150878906,54.77037111918131,1.2305840167633988,337.38823958685754,134217728,18691697672192,0.50390625,0.50390625,0.3817648634796384,0.4083251953125,14839776,9.044457813918486,8547710976,163.0346484375,"[""64K+""]",True,1.5043579041957855,101.51359438896179,4272.671107202768,19398657024,60.0,116.86,1695.0,1593.0,69.0,335.1,1665.0,1593.0
b128_h131072_q512_csa_profile_sim_batch_inner_descending_steady,ok,,full,csa_profile_sim,descending,steady,batch-inner,128,131072,512,2048,10,30,20260803,2026-08-13T08:26:52.202674+00:00,55.11663818359375,52.285728454589844,55.513248443603516,54.52755966186523,1.131174387211609,339.12985784673367,134217728,18691697672192,0.50390625,0.50390625,0.3817648634796384,0.4083251953125,14839776,9.044457813918486,8547710976,163.0346484375,"[""64K+""]",True,1.634690910577774,106.01015016436577,4289.46752473712,19398657024,57.0,114.15,1695.0,1593.0,69.0,340.83,1545.0,1593.0
b128_h131072_q8_csa_profile_sim_batch_inner_ascending_steady,ok,,full,csa_profile_sim,ascending,steady,batch-inner,128,131072,8,2048,10,30,20260803,2026-08-13T08:08:58.166230+00:00,0.8038719892501831,0.7955520153045654,0.8149120211601257,0.8039210637410482,0.005136578863059747,363.31378631617554,2097152,292057776128,0.50390625,0.50390625,0.3817648634796384,0.4072494954745597,1111764,1.886328393436017,640376064,12.2142041015625,"[""64K+""]",True,0.9570904076099396,79.79027554392815,91.00757911801338,10147136512,69.0,190.49,1740.0,1593.0,69.0,201.54,1650.0,1593.0
b128_h131072_q8_csa_profile_sim_batch_inner_descending_steady,ok,,full,csa_profile_sim,descending,steady,batch-inner,128,131072,8,2048,10,30,20260803,2026-08-13T08:28:20.673104+00:00,0.8034560084342957,0.7998719811439514,0.8218880295753479,0.8058410664399465,0.006371144474138508,363.5018881707494,2097152,292057776128,0.50390625,0.50390625,0.3817648634796384,0.4072494954745597,1111764,1.886328393436017,640376064,12.2142041015625,"[""64K+""]",True,1.007620245218277,84.79062095284462,82.43898674845695,10147136512,60.0,210.45,1740.0,1593.0,60.0,199.35,1695.0,1593.0
b128_h16384_q1024_csa_profile_sim_batch_inner_ascending_steady,ok,,full,csa_profile_sim,ascending,steady,batch-inner,128,16384,1024,2048,10,30,20260803,2026-08-13T08:11:35.248695+00:00,110.85862731933594,107.40969848632812,112.08057403564453,110.52292404174804,1.5148526790222245,337.2168341639171,268435456,37383395344384,0.6015625,0.6015625,0.4795130637871586,0.5724247673019738,2227760,120.49567996552591,1283189760,24.47490234375,"[""16K-32K""]",False,1.4861449599266052,55.03951385617256,9136.747378855944,20677919744,61.0,134.3,1680.0,1593.0,74.0,340.91,1545.0,1593.0
b128_h16384_q1024_csa_profile_sim_batch_inner_descending_steady,ok,,full,csa_profile_sim,descending,steady,batch-inner,128,16384,1024,2048,10,30,20260803,2026-08-13T08:25:28.686852+00:00,110.385986328125,106.05795288085938,111.75667572021484,109.94231465657552,1.6168092997141517,338.6606994955044,268435456,37383395344384,0.6015625,0.6015625,0.4795130637871586,0.5724247673019738,2227760,120.49567996552591,1283189760,24.47490234375,"[""16K-32K""]",False,1.8628500401973724,55.614642798900604,8920.309819281101,20677919744,58.0,129.7,1620.0,1593.0,71.0,337.1,1635.0,1593.0
b128_h16384_q128_csa_profile_sim_batch_inner_ascending_steady,ok,,full,csa_profile_sim,ascending,steady,batch-inner,128,16384,128,2048,10,30,20260803,2026-08-13T08:09:10.870183+00:00,13.10217571258545,13.036928176879883,13.451231956481934,13.240329583485922,0.1814139583092888,356.65255302288205,33554432,4672924418048,0.6015625,0.6015625,0.4795130637871586,0.5750006211013944,2094068,16.02356370471255,1206183168,23.0061181640625,"[""16K-32K""]",False,0.9621046483516693,15.630275011062622,1138.4242959320545,3642754048,62.0,108.56,1755.0,1593.0,67.0,255.25,1710.0,1593.0
b128_h16384_q128_csa_profile_sim_batch_inner_descending_steady,ok,,full,csa_profile_sim,descending,steady,batch-inner,128,16384,128,2048,10,30,20260803,2026-08-13T08:28:05.800699+00:00,13.07759952545166,12.940320014953613,13.457568168640137,13.175565814971923,0.18196684793568926,357.32279528468064,33554432,4672924418048,0.6015625,0.6015625,0.4795130637871586,0.5750006211013944,2094068,16.02356370471255,1206183168,23.0061181640625,"[""16K-32K""]",False,0.9278245270252228,16.316376626491547,1196.1672641336918,3642754048,56.0,103.34,1755.0,1593.0,62.0,255.14,1680.0,1593.0
b128_h16384_q2_csa_profile_sim_batch_inner_ascending_steady,ok,,full,csa_profile_sim,ascending,steady,batch-inner,128,16384,2,2048,10,30,20260803,2026-08-13T08:08:55.416808+00:00,0.2618879973888397,0.25993600487709045,0.2642880082130432,0.2619968016942342,0.0014206606211850244,278.8002686644374,524288,73014444032,0.6015625,0.6015625,0.4795130637871586,0.5674535225048924,366592,1.4301675977653632,211156992,4.0275,"[""16K-32K""]",False,0.6669610738754272,10.17984002828598,33.24006125330925,1611940864,71.0,187.95,1755.0,1593.0,71.0,181.08,1755.0,1593.0
b128_h16384_q2_csa_profile_sim_batch_inner_descending_steady,ok,,full,csa_profile_sim,descending,steady,batch-inner,128,16384,2,2048,10,30,20260803,2026-08-13T08:28:23.735842+00:00,0.2622720003128052,0.2605440020561218,0.26579201221466064,0.2628064026435216,0.0015982318010899909,278.3920660418097,524288,73014444032,0.6015625,0.6015625,0.4795130637871586,0.5674535225048924,366592,1.4301675977653632,211156992,4.0275,"[""16K-32K""]",False,0.6127543747425079,10.791022330522537,32.83253684639931,1611940864,60.0,186.24,1755.0,1593.0,60.0,185.62,1755.0,1593.0
b128_h16384_q32_csa_profile_sim_batch_inner_ascending_steady,ok,,full,csa_profile_sim,ascending,steady,batch-inner,128,16384,32,2048,10,30,20260803,2026-08-13T08:09:00.755279+00:00,3.229343891143799,3.164031982421875,3.327712059020996,3.234779715538025,0.053388293852485245,361.7549396692543,8388608,1168231104512,0.6015625,0.6015625,0.4795130637871586,0.5746592542196673,1639060,5.11793833050651,944098560,18.0072509765625,"[""16K-32K""]",False,0.7883608341217041,11.52036339044571,315.3691701591015,2009334784,66.0,191.69,1755.0,1593.0,68.0,191.8,1665.0,1593.0
b128_h16384_q32_csa_profile_sim_batch_inner_descending_steady,ok,,full,csa_profile_sim,descending,steady,batch-inner,128,16384,32,2048,10,30,20260803,2026-08-13T08:28:17.511478+00:00,3.266688108444214,3.1267199516296387,3.2892799377441406,3.2464554786682127,0.04924006133196149,357.6194193416216,8388608,1168231104512,0.6015625,0.6015625,0.4795130637871586,0.5746592542196673,1639060,5.11793833050651,944098560,18.0072509765625,"[""16K-32K""]",False,0.8533857762813568,11.922575533390045,311.613954603672,2009334784,57.0,146.77,1755.0,1593.0,60.0,177.92,1710.0,1593.0
b128_h16384_q4096_csa_profile_sim_batch_inner_ascending_steady,ok,,full,csa_profile_sim,ascending,steady,batch-inner,128,16384,4096,2048,10,30,20260803,2026-08-13T08:15:25.353794+00:00,446.79278564453125,442.0345458984375,899.6763916015625,525.4435923258463,163.34796962717792,334.6821752321334,1073741824,149533581377536,0.6015625,0.6015625,0.4795130637871586,0.5661830267560926,2620976,409.6725128349134,1509682176,28.79490234375,"[""16K-32K""]",False,174.25885051488876,166.77002981305122,35093.595918267965,79087797248,58.0,230.51,1710.0,1593.0,84.0,339.17,1740.0,1593.0
b128_h16384_q4096_csa_profile_sim_batch_inner_descending_steady,ok,,full,csa_profile_sim,descending,steady,batch-inner,128,16384,4096,2048,10,30,20260803,2026-08-13T08:20:58.577228+00:00,445.8771057128906,441.689697265625,479.5216369628906,448.79653015136716,10.028909874123176,335.3694985941344,1073741824,149533581377536,0.6015625,0.6015625,0.4795130637871586,0.5661830267560926,2620976,409.6725128349134,1509682176,28.79490234375,"[""16K-32K""]",False,169.87178474664688,166.91407561302185,34904.81000766158,79087797248,58.0,230.62,1710.0,1593.0,82.0,341.65,1500.0,1593.0
b128_h16384_q512_csa_profile_sim_batch_inner_ascending_steady,ok,,full,csa_profile_sim,ascending,steady,batch-inner,128,16384,512,2048,10,30,20260803,2026-08-13T08:09:59.303275+00:00,55.21113586425781,52.60620880126953,55.852447509765625,54.768040593465166,1.0475388237811456,338.54941362096656,134217728,18691697672192,0.6015625,0.6015625,0.4795130637871586,0.5732717793981623,2162232,62.0736942196767,1245445632,23.754990234375,"[""16K-32K""]",False,1.1441558599472046,32.49126300215721,4591.237910091877,10942940160,57.0,114.01,1635.0,1593.0,69.0,340.28,1545.0,1593.0
b128_h16384_q512_csa_profile_sim_batch_inner_descending_steady,ok,,full,csa_profile_sim,descending,steady,batch-inner,128,16384,512,2048,10,30,20260803,2026-08-13T08:27:12.010949+00:00,54.99932861328125,52.6011848449707,55.52803039550781,54.62859280904134,0.9846721631346799,339.8531971839075,134217728,18691697672192,0.6015625,0.6015625,0.4795130637871586,0.5732717793981623,2162232,62.0736942196767,1245445632,23.754990234375,"[""16K-32K""]",False,1.2970417737960815,33.10355171561241,4586.744878441095,10942940160,56.0,114.32,1695.0,1593.0,69.0,345.22,1575.0,1593.0
b128_h16384_q8_csa_profile_sim_batch_inner_ascending_steady,ok,,full,csa_profile_sim,ascending,steady,batch-inner,128,16384,8,2048,10,30,20260803,2026-08-13T08:08:57.496664+00:00,0.804032027721405,0.7964800000190735,0.8239679932594299,0.806685862938563,0.007975761255586656,363.24147056141555,2097152,292057776128,0.6015625,0.6015625,0.4795130637871586,0.5714113716976517,827496,2.534334909171766,476637696,9.091142578125,"[""16K-32K""]",False,0.6726235151290894,10.400723665952682,92.67738834023476,1691419648,69.0,182.18,1755.0,1593.0,69.0,180.35,1605.0,1593.0
b128_h16384_q8_csa_profile_sim_batch_inner_descending_steady,ok,,full,csa_profile_sim,descending,steady,batch-inner,128,16384,8,2048,10,30,20260803,2026-08-13T08:28:21.495705+00:00,0.8011199831962585,0.7971519827842712,0.8050559759140015,0.8012405335903168,0.0028316285023499807,364.561841239768,2097152,292057776128,0.6015625,0.6015625,0.4795130637871586,0.5714113716976517,827496,2.534334909171766,476637696,9.091142578125,"[""16K-32K""]",False,0.6359852850437164,10.971665382385254,88.1430134177208,1691419648,59.0,169.33,1755.0,1593.0,61.0,178.33,1710.0,1593.0
b128_h2048_q1024_csa_profile_sim_batch_inner_ascending_steady,ok,,full,csa_profile_sim,ascending,steady,batch-inner,128,2048,1024,2048,10,30,20260803,2026-08-13T08:10:40.226706+00:00,108.42787170410156,105.32918548583984,109.31609344482422,107.88592427571615,1.3333916262617642,344.77662207004175,268435456,37383395344384,0.8476906158357771,0.8476906158357771,0.722527752539372,0.9692006120476471,392988,683.0627296507781,226361088,4.3174951171875,"[""2K-8K""]",False,1.3865642249584198,47.3051555454731,29614.78266492486,19620955136,52.0,127.29,1680.0,1593.0,68.0,331.27,1695.0,1593.0
b128_h2048_q1024_csa_profile_sim_batch_inner_descending_steady,ok,,full,csa_profile_sim,descending,steady,batch-inner,128,2048,1024,2048,10,30,20260803,2026-08-13T08:26:03.328106+00:00,108.09721374511719,105.63011169433594,109.22882843017578,107.7288942972819,1.2132591671063344,345.83125733962436,268435456,37383395344384,0.8476906158357771,0.8476906158357771,0.722527752539372,0.9692006120476471,392988,683.0627296507781,226361088,4.3174951171875,"[""2K-8K""]",False,1.402921974658966,46.57864570617676,30445.883844047785,19620955136,50.0,125.57,1605.0,1593.0,69.0,341.11,1500.0,1593.0
b128_h2048_q128_csa_profile_sim_batch_inner_ascending_steady,ok,,full,csa_profile_sim,ascending,steady,batch-inner,128,2048,128,2048,10,30,20260803,2026-08-13T08:09:04.494237+00:00,13.124768257141113,13.061344146728516,13.17795181274414,13.126890563964844,0.03342566521306645,356.0386230442955,33554432,4672924418048,0.968996062992126,0.968996062992126,0.722527752539372,0.9973115865031801,278528,120.47058823529412,160432128,3.06,"[""2K-8K""]",False,0.7751099765300751,7.341116666793823,2819.393578916788,2585789440,60.0,106.56,1755.0,1593.0,68.0,251.88,1725.0,1593.0
b128_h2048_q128_csa_profile_sim_batch_inner_descending_steady,ok,,full,csa_profile_sim,descending,steady,batch-inner,128,2048,128,2048,10,30,20260803,2026-08-13T08:28:10.549739+00:00,13.118240356445312,13.072480201721191,13.166239738464355,13.117832565307618,0.032995540894415656,356.21579503626623,33554432,4672924418048,0.968996062992126,0.968996062992126,0.722527752539372,0.9973115865031801,278528,120.47058823529412,160432128,3.06,"[""2K-8K""]",False,0.8866786956787109,7.016446441411972,2826.653439551592,2585789440,53.0,100.03,1755.0,1593.0,62.0,244.37,1665.0,1593.0
b128_h2048_q2_csa_profile_sim_batch_inner_ascending_steady,ok,,full,csa_profile_sim,ascending,steady,batch-inner,128,2048,2,2048,10,30,20260803,2026-08-13T08:08:54.806971+00:00,0.25945600867271423,0.2560960054397583,0.2622080147266388,0.2596096018950144,0.0018053680283427371,281.4135791478341,524288,73014444032,1.0,1.0,0.722527752539372,1.0,262144,2.0,150994944,2.88,"[""2K-8K""]",False,0.7119663059711456,2.001974731683731,137.74919137358665,554976256,74.0,290.04,1740.0,1593.0,74.0,269.5,1740.0,1593.0
b128_h2048_q2_csa_profile_sim_batch_inner_descending_steady,ok,,full,csa_profile_sim,descending,steady,batch-inner,128,2048,2,2048,10,30,20260803,2026-08-13T08:28:24.075386+00:00,0.2590399980545044,0.25673601031303406,0.26307201385498047,0.25952319900194804,0.001891528971737859,281.86552107924695,524288,73014444032,1.0,1.0,0.722527752539372,1.0,262144,2.0,150994944,2.88,"[""2K-8K""]",False,0.5507953464984894,1.6859173774719238,146.87536284327507,554976256,58.0,146.26,1755.0,1593.0,58.0,140.81,1755.0,1593.0
b128_h2048_q32_csa_profile_sim_batch_inner_ascending_steady,ok,,full,csa_profile_sim,ascending,steady,batch-inner,128,2048,32,2048,10,30,20260803,2026-08-13T08:08:59.368644+00:00,3.2483839988708496,3.067744016647339,3.2852799892425537,3.2170709133148194,0.06579277399449732,359.6345459521047,8388608,1168231104512,0.9924395161290321,0.9924395161290321,0.722527752539372,0.9981739619006849,266240,31.50769230769231,153354240,2.925,"[""2K-8K""]",False,0.702347606420517,3.038540482521057,334.1733105480671,952370176,68.0,210.4,1755.0,1593.0,71.0,226.49,1575.0,1593.0
b128_h2048_q32_csa_profile_sim_batch_inner_descending_steady,ok,,full,csa_profile_sim,descending,steady,batch-inner,128,2048,32,2048,10,30,20260803,2026-08-13T08:28:19.097901+00:00,3.1721599102020264,3.130336046218872,3.2352640628814697,3.1807637373606363,0.03399121000957282,368.27623372795176,8388608,1168231104512,0.9924395161290321,0.9924395161290321,0.722527752539372,0.9981739619006849,266240,31.50769230769231,153354240,2.925,"[""2K-8K""]",False,0.8075647056102753,2.809617668390274,331.03932067751884,952370176,57.0,177.74,1755.0,1593.0,59.0,180.09,1665.0,1593.0
b128_h2048_q4096_csa_profile_sim_batch_inner_ascending_steady,ok,,full,csa_profile_sim,ascending,steady,batch-inner,128,2048,4096,2048,10,30,20260803,2026-08-13T08:12:56.376049+00:00,442.5774841308594,439.6253662109375,445.68145751953125,442.6928314208984,2.1709638207089528,337.8698346374136,1073741824,149533581377536,0.8212912087912088,0.8212912087912088,0.722527752539372,0.8931780365348562,785772,1366.480129095972,452604672,8.6327490234375,"[""2K-8K""]",False,140.21650329232216,158.48016366362572,44782.37768635154,78030832640,63.0,234.15,1590.0,1593.0,84.0,342.45,1470.0,1593.0
b128_h2048_q4096_csa_profile_sim_batch_inner_descending_steady,ok,,full,csa_profile_sim,descending,steady,batch-inner,128,2048,4096,2048,10,30,20260803,2026-08-13T08:23:19.029979+00:00,440.79052734375,436.3014221191406,444.12384033203125,440.5355692545573,2.239941335669054,339.239552806729,1073741824,149533581377536,0.8212912087912088,0.8212912087912088,0.722527752539372,0.8931780365348562,785772,1366.480129095972,452604672,8.6327490234375,"[""2K-8K""]",False,173.65305498242378,157.85060450434685,44804.656747728586,78030832640,56.0,230.09,1605.0,1593.0,82.0,341.89,1485.0,1593.0
b128_h2048_q512_csa_profile_sim_batch_inner_ascending_steady,ok,,full,csa_profile_sim,ascending,steady,batch-inner,128,2048,512,2048,10,30,20260803,2026-08-13T08:09:22.146340+00:00,53.80585479736328,51.58448028564453,55.27065658569336,53.548296483357746,1.0553739627005632,347.39151979996,134217728,18691697672192,0.882950097847358,0.882950097847358,0.722527752539372,0.9927017600102435,327568,409.7400478679236,188679168,3.59876953125,"[""2K-8K""]",False,1.1186860501766205,24.316012859344482,24043.357860296965,9885975552,49.0,110.39,1695.0,1593.0,63.0,333.39,1680.0,1593.0
b128_h2048_q512_csa_profile_sim_batch_inner_descending_steady,ok,,full,csa_profile_sim,descending,steady,batch-inner,128,2048,512,2048,10,30,20260803,2026-08-13T08:27:29.629985+00:00,53.778175354003906,51.133888244628906,54.3590087890625,53.34377593994141,1.0409539001427703,347.57032102987404,134217728,18691697672192,0.882950097847358,0.882950097847358,0.722527752539372,0.9927017600102435,327568,409.7400478679236,188679168,3.59876953125,"[""2K-8K""]",False,1.2224987149238586,23.934677243232727,24184.461068361998,9885975552,48.0,109.15,1725.0,1593.0,63.0,343.19,1500.0,1593.0
b128_h2048_q8_csa_profile_sim_batch_inner_ascending_steady,ok,,full,csa_profile_sim,ascending,steady,batch-inner,128,2048,8,2048,10,30,20260803,2026-08-13T08:08:56.856713+00:00,0.784608006477356,0.7769920229911804,0.7910400032997131,0.7846890648206075,0.004426228548235129,372.233999292523,2097152,292057776128,0.9983258928571427,0.9983258928571427,0.722527752539372,0.9993139218444227,263168,7.968871595330739,151584768,2.89125,"[""2K-8K""]",False,0.5751289427280426,2.0307153463363647,128.8961097598076,634455040,70.0,237.54,1755.0,1593.0,70.0,248.24,1755.0,1593.0
b128_h2048_q8_csa_profile_sim_batch_inner_descending_steady,ok,,full,csa_profile_sim,descending,steady,batch-inner,128,2048,8,2048,10,30,20260803,2026-08-13T08:28:22.117815+00:00,0.7857599854469299,0.7798399925231934,0.7944319844245911,0.7862975974877675,0.004163755213240069,371.6882782747984,2097152,292057776128,0.9983258928571427,0.9983258928571427,0.722527752539372,0.9993139218444227,263168,7.968871595330739,151584768,2.89125,"[""2K-8K""]",False,0.5977191030979156,1.819860190153122,120.8101324737072,634455040,58.0,155.57,1755.0,1593.0,58.0,162.23,1650.0,1593.0
b128_h262144_q1024_csa_profile_sim_batch_inner_ascending_steady,ok,,full,csa_profile_sim,ascending,steady,batch-inner,128,262144,1024,2048,10,30,20260803,2026-08-13T08:12:28.947173+00:00,110.96614074707031,107.50342559814453,112.07209777832031,110.51914596557617,1.453659184557196,336.8901098362383,268435456,37383395344384,0.50390625,0.50390625,0.3817648634796384,0.4072497492900333,27583684,9.73167529036368,15888201984,303.0434033203125,"[""64K+""]",True,2.1894164383411407,202.66596227884293,8739.430483430624,38797313024,58.0,131.6,1710.0,1593.0,75.0,341.32,1515.0,1593.0
b128_h262144_q1024_csa_profile_sim_batch_inner_descending_steady,ok,,full,csa_profile_sim,descending,steady,batch-inner,128,262144,1024,2048,10,30,20260803,2026-08-13T08:24:36.023305+00:00,110.49811553955078,108.90678405761719,111.88451385498047,110.43181915283203,0.8729415743013691,338.317039723662,268435456,37383395344384,0.50390625,0.50390625,0.3817648634796384,0.4072497492900333,27583684,9.73167529036368,15888201984,303.0434033203125,"[""64K+""]",True,136.87556609511375,193.40883195400238,8537.01088950038,38797313024,58.0,134.12,1680.0,1593.0,75.0,343.07,1515.0,1593.0
b128_h262144_q128_csa_profile_sim_batch_inner_ascending_steady,ok,,full,csa_profile_sim,ascending,steady,batch-inner,128,262144,128,2048,10,30,20260803,2026-08-13T08:09:18.127012+00:00,13.44480037689209,13.377120018005371,13.485952377319336,13.440500291188558,0.03869565416635528,347.56368908827164,33554432,4672924418048,0.50390625,0.50390625,0.3817648634796384,0.4072282346960616,9073208,3.6981883364737147,5226167808,99.681240234375,"[""64K+""]",True,1.6591474413871765,163.22657838463783,1076.4347240328789,21762147328,63.0,108.79,1755.0,1593.0,70.0,253.03,1590.0,1593.0
b128_h262144_q128_csa_profile_sim_batch_inner_descending_steady,ok,,full,csa_profile_sim,descending,steady,batch-inner,128,262144,128,2048,10,30,20260803,2026-08-13T08:27:58.384883+00:00,13.350111961364746,13.014143943786621,13.47817611694336,13.288092708587646,0.14934324053645914,350.02885605539893,33554432,4672924418048,0.50390625,0.50390625,0.3817648634796384,0.4072282346960616,9073208,3.6981883364737147,5226167808,99.681240234375,"[""64K+""]",True,1.6321055591106415,173.55895414948463,1136.9744539260864,21762147328,55.0,102.99,1755.0,1593.0,63.0,253.49,1710.0,1593.0
b128_h262144_q2_csa_profile_sim_batch_inner_ascending_steady,ok,,full,csa_profile_sim,ascending,steady,batch-inner,128,262144,2,2048,10,30,20260803,2026-08-13T08:08:56.111667+00:00,0.2632319927215576,0.260672003030777,0.2666560113430023,0.26332266529401144,0.0016715974145030314,277.3767856904592,524288,73014444032,0.50390625,0.50390625,0.3817648634796384,0.40342159980430525,392192,1.3368146214099217,225902592,4.30875,"[""64K+""]",True,1.2563839554786682,157.35691413283348,34.25310552120209,19731334144,71.0,201.73,1755.0,1593.0,71.0,202.24,1755.0,1593.0
b128_h262144_q2_csa_profile_sim_batch_inner_descending_steady,ok,,full,csa_profile_sim,descending,steady,batch-inner,128,262144,2,2048,10,30,20260803,2026-08-13T08:28:22.806600+00:00,0.26233598589897156,0.25913599133491516,0.2674559950828552,0.2628629316886266,0.002067141609593432,278.3241642651293,524288,73014444032,0.50390625,0.50390625,0.3817648634796384,0.40342159980430525,392192,1.3368146214099217,225902592,4.30875,"[""64K+""]",True,1.2789927423000336,168.68232935667038,35.10677069425583,19731334144,63.0,232.06,1755.0,1593.0,61.0,227.26,1755.0,1593.0
b128_h262144_q32_csa_profile_sim_batch_inner_ascending_steady,ok,,full,csa_profile_sim,ascending,steady,batch-inner,128,262144,32,2048,10,30,20260803,2026-08-13T08:09:02.956105+00:00,3.293503999710083,3.202080011367798,3.316159963607788,3.275347185134888,0.04657882392694852,354.7076622997378,8388608,1168231104512,0.50390625,0.50390625,0.3817648634796384,0.4068515128118884,3431892,2.4443100190798543,1976769792,37.7038916015625,"[""64K+""]",True,1.3696961104869843,159.881841391325,273.0977013707161,20128728064,67.0,191.01,1755.0,1593.0,70.0,223.58,1440.0,1593.0
b128_h262144_q32_csa_profile_sim_batch_inner_descending_steady,ok,,full,csa_profile_sim,descending,steady,batch-inner,128,262144,32,2048,10,30,20260803,2026-08-13T08:28:14.942853+00:00,3.308000087738037,3.1558079719543457,3.346911907196045,3.280968523025513,0.05794864838732823,353.1532870396082,8388608,1168231104512,0.50390625,0.50390625,0.3817648634796384,0.4068515128118884,3431892,2.4443100190798543,1976769792,37.7038916015625,"[""64K+""]",True,1.5791058540344238,170.14658823609352,284.8771698772907,20128728064,58.0,180.67,1755.0,1593.0,62.0,218.88,1605.0,1593.0
b128_h262144_q512_csa_profile_sim_batch_inner_ascending_steady,ok,,full,csa_profile_sim,ascending,steady,batch-inner,128,262144,512,2048,10,30,20260803,2026-08-13T08:10:26.167526+00:00,55.36131286621094,52.49580764770508,55.94432067871094,54.88076032002767,1.106114692519571,337.63104060345063,134217728,18691697672192,0.50390625,0.50390625,0.3817648634796384,0.40725009268743884,20248964,6.628375061558705,11663403264,222.4617626953125,"[""64K+""]",True,2.2724494338035583,180.28736114501953,4330.939061939716,29062333440,60.0,116.75,1710.0,1593.0,70.0,331.87,1680.0,1593.0
b128_h262144_q512_csa_profile_sim_batch_inner_descending_steady,ok,,full,csa_profile_sim,descending,steady,batch-inner,128,262144,512,2048,10,30,20260803,2026-08-13T08:26:45.377668+00:00,55.22304153442383,52.28281784057617,55.727840423583984,54.60899620056152,1.2360498363435177,338.47642492745257,134217728,18691697672192,0.50390625,0.50390625,0.3817648634796384,0.40725009268743884,20248964,6.628375061558705,11663403264,222.4617626953125,"[""64K+""]",True,1.8455684185028076,188.8931579887867,4304.985877126455,29062333440,56.0,115.81,1650.0,1593.0,67.0,343.54,1500.0,1593.0
b128_h262144_q8_csa_profile_sim_batch_inner_ascending_steady,ok,,full,csa_profile_sim,ascending,steady,batch-inner,128,262144,8,2048,10,30,20260803,2026-08-13T08:08:58.447935+00:00,0.8065919876098633,0.7989439964294434,0.8120319843292236,0.8061738650004069,0.0041125825418823645,362.0886155755666,2097152,292057776128,0.50390625,0.50390625,0.3817648634796384,0.4070469208659491,1114628,1.8814815346465368,642025728,12.2456689453125,"[""64K+""]",True,1.2741386890411377,158.63024070858955,89.80220183730125,19810812928,69.0,212.18,1740.0,1593.0,69.0,220.44,1665.0,1593.0
b128_h262144_q8_csa_profile_sim_batch_inner_descending_steady,ok,,full,csa_profile_sim,descending,steady,batch-inner,128,262144,8,2048,10,30,20260803,2026-08-13T08:28:20.230719+00:00,0.803551971912384,0.7968000173568726,0.8135359883308411,0.8039487977822621,0.004517812324010517,363.4584772817218,2097152,292057776128,0.50390625,0.50390625,0.3817648634796384,0.4070469208659491,1114628,1.8814815346465368,642025728,12.2456689453125,"[""64K+""]",True,1.304537057876587,169.58297789096832,77.3477852344513,19810812928,61.0,250.95,1755.0,1593.0,62.0,227.95,1740.0,1593.0
b128_h32768_q1024_csa_profile_sim_batch_inner_ascending_steady,ok,,full,csa_profile_sim,ascending,steady,batch-inner,128,32768,1024,2048,10,30,20260803,2026-08-13T08:11:49.057230+00:00,110.63996887207031,107.38819122314453,112.07807922363281,110.43551788330078,1.3738716222527767,337.8832778560278,268435456,37383395344384,0.5703125,0.5703125,0.4323844906113132,0.5017310513908849,4324708,62.07019202221283,2491031808,47.5126611328125,"[""32K-64K""]",False,1.6107633709907532,64.88952413201332,8177.854958921671,21885879296,59.0,132.96,1605.0,1593.0,73.0,332.83,1680.0,1593.0
b128_h32768_q1024_csa_profile_sim_batch_inner_descending_steady,ok,,full,csa_profile_sim,descending,steady,batch-inner,128,32768,1024,2048,10,30,20260803,2026-08-13T08:25:16.136836+00:00,110.61065673828125,107.36316680908203,112.36418914794922,110.23859481811523,1.4615433845415513,337.9728178708659,268435456,37383395344384,0.5703125,0.5703125,0.4323844906113132,0.5017310513908849,4324708,62.07019202221283,2491031808,47.5126611328125,"[""32K-64K""]",False,1.5805885195732117,66.07423350214958,7876.422330737114,21885879296,57.0,133.28,1665.0,1593.0,73.0,342.02,1515.0,1593.0
b128_h32768_q128_csa_profile_sim_batch_inner_ascending_steady,ok,,full,csa_profile_sim,ascending,steady,batch-inner,128,32768,128,2048,10,30,20260803,2026-08-13T08:09:12.751580+00:00,13.413567543029785,13.034687995910645,13.511039733886719,13.338636875152588,0.1644687118772009,348.3729740844548,33554432,4672924418048,0.5703125,0.5703125,0.4323844906113132,0.4973271140380382,3978076,8.434839354502026,2291371776,43.7044482421875,"[""32K-64K""]",False,1.02987140417099,25.460470467805862,1035.2510586380959,4850713600,62.0,109.35,1755.0,1593.0,70.0,257.77,1620.0,1593.0
b128_h32768_q128_csa_profile_sim_batch_inner_descending_steady,ok,,full,csa_profile_sim,descending,steady,batch-inner,128,32768,128,2048,10,30,20260803,2026-08-13T08:28:04.090796+00:00,13.32748794555664,12.958368301391602,13.478752136230469,13.282495975494385,0.15773472003159064,350.62304592861733,33554432,4672924418048,0.5703125,0.5703125,0.4323844906113132,0.4973271140380382,3978076,8.434839354502026,2291371776,43.7044482421875,"[""32K-64K""]",False,1.132287085056305,26.597313582897186,1082.108534872532,4850713600,56.0,108.01,1755.0,1593.0,64.0,253.12,1575.0,1593.0
b128_h32768_q2_csa_profile_sim_batch_inner_ascending_steady,ok,,full,csa_profile_sim,ascending,steady,batch-inner,128,32768,2,2048,10,30,20260803,2026-08-13T08:08:55.525611+00:00,0.26230400800704956,0.2600319981575012,0.26553601026535034,0.26223893562952677,0.0018249268193522232,278.35809519936004,524288,73014444032,0.5703125,0.5703125,0.432384490611313,0.4885258683953033,374784,1.3989071038251366,215875584,4.1175,"[""32K-64K""]",False,0.7110908627510071,19.968848675489426,32.277777791023254,2819900416,71.0,168.23,1755.0,1593.0,71.0,158.67,1755.0,1593.0
b128_h32768_q2_csa_profile_sim_batch_inner_descending_steady,ok,,full,csa_profile_sim,descending,steady,batch-inner,128,32768,2,2048,10,30,20260803,2026-08-13T08:28:23.601914+00:00,0.26291200518608093,0.2597759962081909,0.26655998826026917,0.2634016007184982,0.002001132718141474,277.71437816360896,524288,73014444032,0.5703125,0.5703125,0.432384490611313,0.4885258683953033,374784,1.3989071038251366,215875584,4.1175,"[""32K-64K""]",False,0.6750226020812988,21.30391076207161,32.99091011285782,2819900416,60.0,183.07,1755.0,1593.0,60.0,183.72,1755.0,1593.0
b128_h32768_q32_csa_profile_sim_batch_inner_ascending_steady,ok,,full,csa_profile_sim,ascending,steady,batch-inner,128,32768,32,2048,10,30,20260803,2026-08-13T08:09:01.354692+00:00,3.250783920288086,3.1387839317321777,3.2795519828796387,3.243941315015157,0.03669385550909958,359.3690424088448,8388608,1168231104512,0.5703125,0.5703125,0.432384490611313,0.4916504861790607,2361668,3.551984444892339,1360320768,25.9460595703125,"[""32K-64K""]",False,1.327313482761383,21.194089204072952,270.56410163640976,3217294336,66.0,179.06,1755.0,1593.0,69.0,192.31,1515.0,1593.0
b128_h32768_q32_csa_profile_sim_batch_inner_descending_steady,ok,,full,csa_profile_sim,descending,steady,batch-inner,128,32768,32,2048,10,30,20260803,2026-08-13T08:28:16.929089+00:00,3.2860798835754395,3.174783945083618,3.3099520206451416,3.2675850709279377,0.042619031093794904,355.50903992050826,8388608,1168231104512,0.5703125,0.5703125,0.432384490611313,0.4916504861790607,2361668,3.551984444892339,1360320768,25.9460595703125,"[""32K-64K""]",False,0.9042210876941681,22.048987448215485,306.38259276747704,3217294336,57.0,154.49,1755.0,1593.0,62.0,183.46,1605.0,1593.0
b128_h32768_q4096_csa_profile_sim_batch_inner_ascending_steady,ok,,full,csa_profile_sim,ascending,steady,batch-inner,128,32768,4096,2048,10,30,20260803,2026-08-13T08:16:21.536230+00:00,447.4231872558594,444.0839538574219,450.6304626464844,447.4773844401042,2.2906202631515495,334.2106212569289,1073741824,149533581377536,0.5703125,0.5703125,0.4323844906113132,0.49043055196564256,4717936,227.58719575678856,2717531136,51.83279296875,"[""32K-64K""]",False,176.63966491818428,397.2516842186451,31179.537069052458,80295756800,60.0,232.31,1665.0,1593.0,82.0,343.71,1395.0,1593.0
b128_h32768_q4096_csa_profile_sim_batch_inner_descending_steady,ok,,full,csa_profile_sim,descending,steady,batch-inner,128,32768,4096,2048,10,30,20260803,2026-08-13T08:20:08.301894+00:00,445.35394287109375,441.23333740234375,448.9790344238281,445.64568786621095,2.3456310080791685,335.7634613348826,1073741824,149533581377536,0.5703125,0.5703125,0.4323844906113132,0.49043055196564256,4717936,227.58719575678856,2717531136,51.83279296875,"[""32K-64K""]",False,173.4602451324463,176.44556984305382,31620.47702074051,80295756800,55.0,229.13,1680.0,1593.0,80.0,341.14,1485.0,1593.0
b128_h32768_q512_csa_profile_sim_batch_inner_ascending_steady,ok,,full,csa_profile_sim,ascending,steady,batch-inner,128,32768,512,2048,10,30,20260803,2026-08-13T08:10:06.268548+00:00,55.407135009765625,52.31135940551758,55.91846466064453,54.831251271565755,1.0754160853036931,337.3518170339894,134217728,18691697672192,0.5703125,0.5703125,0.4323844906113132,0.5033878990815344,4259108,31.51310743939811,2453246208,46.7919580078125,"[""32K-64K""]",False,1.4298856258392334,42.37208515405655,4024.756535887718,12150899712,58.0,115.9,1665.0,1593.0,70.0,340.15,1545.0,1593.0
b128_h32768_q512_csa_profile_sim_batch_inner_descending_steady,ok,,full,csa_profile_sim,descending,steady,batch-inner,128,32768,512,2048,10,30,20260803,2026-08-13T08:27:05.629122+00:00,55.152095794677734,52.351646423339844,55.68342590332031,54.68448181152344,1.0016745411356693,338.9118292399648,134217728,18691697672192,0.5703125,0.5703125,0.4323844906113132,0.5033878990815344,4259108,31.51310743939811,2453246208,46.7919580078125,"[""32K-64K""]",False,1.3430975377559662,43.41307282447815,4015.770949423313,12150899712,57.0,114.28,1695.0,1593.0,69.0,342.98,1485.0,1593.0
b128_h32768_q8_csa_profile_sim_batch_inner_ascending_steady,ok,,full,csa_profile_sim,ascending,steady,batch-inner,128,32768,8,2048,10,30,20260803,2026-08-13T08:08:57.709487+00:00,0.8011519908905029,0.7954239845275879,0.807744026184082,0.8016511996587118,0.0033469192991291466,364.547276233277,2097152,292057776128,0.5703125,0.5703125,0.432384490611313,0.48922150195694714,941744,2.2268811906420427,542444544,10.34630859375,"[""32K-64K""]",False,0.7283501327037811,20.401835441589355,84.47126671671867,2899379200,68.0,169.39,1740.0,1593.0,68.0,178.84,1560.0,1593.0
b128_h32768_q8_csa_profile_sim_batch_inner_descending_steady,ok,,full,csa_profile_sim,descending,steady,batch-inner,128,32768,8,2048,10,30,20260803,2026-08-13T08:28:21.281107+00:00,0.8043519854545593,0.8011199831962585,0.8103359937667847,0.8052223940690358,0.002869035808663428,363.0969791949365,2097152,292057776128,0.5703125,0.5703125,0.432384490611313,0.48922150195694714,941744,2.2268811906420427,542444544,10.34630859375,"[""32K-64K""]",False,0.7449835538864136,21.49427682161331,83.09011161327362,2899379200,59.0,166.21,1755.0,1593.0,61.0,174.51,1755.0,1593.0
b128_h4096_q1024_csa_profile_sim_batch_inner_ascending_steady,ok,,full,csa_profile_sim,ascending,steady,batch-inner,128,4096,1024,2048,10,30,20260803,2026-08-13T08:11:14.461515+00:00,109.69757080078125,107.39830780029297,111.23046112060547,109.5810546875,1.1409419089386612,340.7859907150994,268435456,37383395344384,0.8125,0.8125,0.722527752539372,0.8635896805914415,654808,409.9452908333435,377169408,7.193935546875,"[""2K-8K""]",False,1.4639683067798615,47.681793570518494,4474.157977849245,19771950080,58.0,132.32,1695.0,1593.0,74.0,330.97,1695.0,1593.0
b128_h4096_q1024_csa_profile_sim_batch_inner_descending_steady,ok,,full,csa_profile_sim,descending,steady,batch-inner,128,4096,1024,2048,10,30,20260803,2026-08-13T08:25:54.112087+00:00,110.24998474121094,107.29481506347656,111.52393341064453,109.87169850667318,1.2935314605897528,339.0784627511178,268435456,37383395344384,0.8125,0.8125,0.722527752539372,0.8635896805914415,654808,409.9452908333435,377169408,7.193935546875,"[""2K-8K""]",False,1.4805905520915985,47.94357717037201,4571.026597172022,19771950080,61.0,133.43,1710.0,1593.0,75.0,342.95,1500.0,1593.0
b128_h4096_q128_csa_profile_sim_batch_inner_ascending_steady,ok,,full,csa_profile_sim,ascending,steady,batch-inner,128,4096,128,2048,10,30,20260803,2026-08-13T08:09:08.005367+00:00,13.064096450805664,12.977343559265137,13.343744277954102,13.151231956481933,0.15809504455034862,357.692124797488,33554432,4672924418048,0.8125,0.8125,0.722527752539372,0.8765270733320083,540264,62.10747338338294,311192064,5.935517578125,"[""2K-8K""]",False,0.8417144417762756,8.163981139659882,648.6553736031055,2736784384,62.0,163.34,1755.0,1593.0,70.0,257.43,1575.0,1593.0
b128_h4096_q128_csa_profile_sim_batch_inner_descending_steady,ok,,full,csa_profile_sim,descending,steady,batch-inner,128,4096,128,2048,10,30,20260803,2026-08-13T08:28:09.280787+00:00,12.969087600708008,12.917311668395996,13.280415534973145,13.035056018829346,0.12171754109550231,360.31250323213914,33554432,4672924418048,0.8125,0.8125,0.722527752539372,0.8765270733320083,540264,62.10747338338294,311192064,5.935517578125,"[""2K-8K""]",False,0.9539797902107239,8.327890187501907,621.3683262467384,2736784384,58.0,189.58,1755.0,1593.0,66.0,255.93,1590.0,1593.0
b128_h4096_q2_csa_profile_sim_batch_inner_ascending_steady,ok,,full,csa_profile_sim,ascending,steady,batch-inner,128,4096,2,2048,10,30,20260803,2026-08-13T08:08:55.106172+00:00,0.2598400115966797,0.25603199005126953,0.2667520046234131,0.26049706935882566,0.0028575807050887285,280.99769386299164,524288,73014444032,0.8125,0.8125,0.722527752539372,0.8567912181996087,311296,1.6842105263157894,179306496,3.42,"[""2K-8K""]",False,0.6526149809360504,2.9777809977531433,31.261559575796127,705971200,72.0,246.84,1755.0,1593.0,72.0,238.93,1755.0,1593.0
b128_h4096_q2_csa_profile_sim_batch_inner_descending_steady,ok,,full,csa_profile_sim,descending,steady,batch-inner,128,4096,2,2048,10,30,20260803,2026-08-13T08:28:23.981411+00:00,0.25920000672340393,0.25462400913238525,0.2622399926185608,0.2591135998566945,0.0019494629340030916,281.69152059442183,524288,73014444032,0.8125,0.8125,0.722527752539372,0.8567912181996087,311296,1.6842105263157894,179306496,3.42,"[""2K-8K""]",False,0.5649179220199585,3.0002817511558533,30.581656843423843,705971200,59.0,156.64,1755.0,1593.0,59.0,157.78,1755.0,1593.0
b128_h4096_q32_csa_profile_sim_batch_inner_ascending_steady,ok,,full,csa_profile_sim,ascending,steady,batch-inner,128,4096,32,2048,10,30,20260803,2026-08-13T08:08:59.922198+00:00,3.253887891769409,3.1207680702209473,3.3190720081329346,3.2500469366709392,0.057291913367633895,359.02623058003877,8388608,1168231104512,0.8125,0.8125,0.722527752539372,0.8766024415973581,522988,16.03977146703175,301241088,5.7457177734375,"[""2K-8K""]",False,0.7721558213233948,3.8845501840114594,177.37314105033875,1103365120,68.0,177.43,1740.0,1593.0,71.0,201.21,1410.0,1593.0
b128_h4096_q32_csa_profile_sim_batch_inner_descending_steady,ok,,full,csa_profile_sim,descending,steady,batch-inner,128,4096,32,2048,10,30,20260803,2026-08-13T08:28:18.668435+00:00,3.2224318981170654,3.1129279136657715,3.291071891784668,3.2185749292373655,0.06423803696698835,362.53089016237146,8388608,1168231104512,0.8125,0.8125,0.722527752539372,0.8766024415973581,522988,16.03977146703175,301241088,5.7457177734375,"[""2K-8K""]",False,0.7763244211673737,4.073482006788254,169.5954091846943,1103365120,58.0,181.06,1740.0,1593.0,60.0,181.38,1665.0,1593.0
b128_h4096_q4096_csa_profile_sim_batch_inner_ascending_steady,ok,,full,csa_profile_sim,ascending,steady,batch-inner,128,4096,4096,2048,10,30,20260803,2026-08-13T08:13:59.654942+00:00,446.36688232421875,442.5138244628906,449.50341796875,445.9094940185547,2.358807176840514,335.00151399879667,1073741824,149533581377536,0.8124670902014656,0.8124670902014656,0.722487686550595,0.8333098118552489,1047836,1024.7231666024072,603553536,11.5118701171875,"[""2K-8K"", ""8K-16K""]",False,169.02336478233337,159.52618792653084,20451.835732907057,78181827584,62.0,232.58,1665.0,1593.0,85.0,341.54,1470.0,1593.0
b128_h4096_q4096_csa_profile_sim_batch_inner_descending_steady,ok,,full,csa_profile_sim,descending,steady,batch-inner,128,4096,4096,2048,10,30,20260803,2026-08-13T08:22:40.630757+00:00,445.3446044921875,441.90606689453125,448.2539978027344,445.4043690999349,2.0794360821419646,335.770501919619,1073741824,149533581377536,0.8124670902014656,0.8124670902014656,0.722487686550595,0.8333098118552489,1047836,1024.7231666024072,603553536,11.5118701171875,"[""2K-8K"", ""8K-16K""]",False,184.91555750370026,167.61325299739838,19737.21679672599,78181827584,61.0,232.33,1635.0,1593.0,84.0,344.96,1320.0,1593.0
b128_h4096_q512_csa_profile_sim_batch_inner_ascending_steady,ok,,full,csa_profile_sim,ascending,steady,batch-inner,128,4096,512,2048,10,30,20260803,2026-08-13T08:09:48.538596+00:00,54.5978889465332,53.3138542175293,55.294368743896484,54.49627176920573,0.6716780038925203,342.352021897705,134217728,18691697672192,0.8125,0.8125,0.722527752539372,0.870645929922563,589280,227.76562584849307,339425280,6.4740234375,"[""2K-8K""]",False,1.1050328612327576,25.259193032979965,2333.2613930106163,10036970496,57.0,116.26,1665.0,1593.0,69.0,342.51,1485.0,1593.0
b128_h4096_q512_csa_profile_sim_batch_inner_descending_steady,ok,,full,csa_profile_sim,descending,steady,batch-inner,128,4096,512,2048,10,30,20260803,2026-08-13T08:27:24.905237+00:00,55.03519821166992,52.299007415771484,55.3158073425293,54.536715825398765,0.981259002912888,339.6316953434452,134217728,18691697672192,0.8125,0.8125,0.722527752539372,0.870645929922563,589280,227.76562584849307,339425280,6.4740234375,"[""2K-8K""]",False,1.1667311191558838,25.26044100522995,2370.4203963279724,10036970496,61.0,116.99,1695.0,1593.0,71.0,342.8,1485.0,1593.0
b128_h4096_q8_csa_profile_sim_batch_inner_ascending_steady,ok,,full,csa_profile_sim,ascending,steady,batch-inner,128,4096,8,2048,10,30,20260803,2026-08-13T08:08:57.124667+00:00,0.7936319708824158,0.7850559949874878,0.8166080117225647,0.7951498707135518,0.008662231159431922,368.001525698706,2097152,292057776128,0.8125,0.8125,0.722527752539372,0.8709026418786693,440644,4.759288677481141,253810944,4.8410595703125,"[""2K-8K""]",False,0.6630197167396545,3.047127276659012,55.71914091706276,785449984,70.0,231.85,1755.0,1593.0,70.0,224.26,1575.0,1593.0
b128_h4096_q8_csa_profile_sim_batch_inner_descending_steady,ok,,full,csa_profile_sim,descending,steady,batch-inner,128,4096,8,2048,10,30,20260803,2026-08-13T08:28:21.907415+00:00,0.7936000227928162,0.7879999876022339,0.8003519773483276,0.793831463654836,0.003727833902712304,368.0163403980232,2097152,292057776128,0.8125,0.8125,0.722527752539372,0.8709026418786693,440644,4.759288677481141,253810944,4.8410595703125,"[""2K-8K""]",False,0.6051287055015564,3.1459927558898926,55.98679929971695,785449984,59.0,164.52,1740.0,1593.0,60.0,166.43,1740.0,1593.0
b128_h524288_q1024_csa_profile_sim_batch_inner_ascending_steady,ok,,full,csa_profile_sim,ascending,steady,batch-inner,128,524288,1024,2048,10,30,20260803,2026-08-13T08:12:42.545138+00:00,110.94617462158203,106.99215698242188,111.8057632446289,110.39179890950521,1.4357247159451503,336.95073734531377,268435456,37383395344384,0.50390625,0.50390625,0.3817648634796384,0.4067556601447835,37017852,7.251513567021663,21322282752,406.6902685546875,"[""64K+""]",True,91.29868447780609,348.08842465281487,8752.201102674007,58124665856,59.0,131.25,1680.0,1593.0,74.0,342.07,1500.0,1593.0
b128_h524288_q1024_csa_profile_sim_batch_inner_descending_steady,ok,,full,csa_profile_sim,descending,steady,batch-inner,128,524288,1024,2048,10,30,20260803,2026-08-13T08:24:22.261222+00:00,111.35369873046875,107.12083435058594,112.08509063720703,110.65811030069987,1.4777684075586859,335.7175897216524,268435456,37383395344384,0.50390625,0.50390625,0.3817648634796384,0.4067556601447835,37017852,7.251513567021663,21322282752,406.6902685546875,"[""64K+""]",True,179.8025257885456,348.27936440706253,8592.83384680748,58124665856,61.0,133.34,1605.0,1593.0,75.0,339.75,1605.0,1593.0
b128_h524288_q128_csa_profile_sim_batch_inner_ascending_steady,ok,,full,csa_profile_sim,ascending,steady,batch-inner,128,524288,128,2048,10,30,20260803,2026-08-13T08:09:20.023778+00:00,13.421152114868164,13.135104179382324,13.50211238861084,13.360763772328694,0.13175519182304987,348.1761012805496,33554432,4672924418048,0.50390625,0.50390625,0.3817648634796384,0.4065760782320206,9351252,3.588228827540954,5386321152,102.7359228515625,"[""64K+""]",True,2.1537691354751587,322.1532590687275,1086.2137079238892,41089500160,63.0,111.22,1755.0,1593.0,71.0,258.87,1680.0,1593.0
b128_h524288_q128_csa_profile_sim_batch_inner_descending_steady,ok,,full,csa_profile_sim,descending,steady,batch-inner,128,524288,128,2048,10,30,20260803,2026-08-13T08:27:56.156792+00:00,13.26854419708252,13.031071662902832,13.38156795501709,13.21560427347819,0.1446248813794855,352.1806423251377,33554432,4672924418048,0.50390625,0.50390625,0.3817648634796384,0.4065760782320206,9351252,3.588228827540954,5386321152,102.7359228515625,"[""64K+""]",True,2.182997763156891,316.71709567308426,1156.7635610699654,41089500160,56.0,102.99,1755.0,1593.0,64.0,254.92,1725.0,1593.0
b128_h524288_q2_csa_profile_sim_batch_inner_ascending_steady,ok,,full,csa_profile_sim,ascending,steady,batch-inner,128,524288,2,2048,10,30,20260803,2026-08-13T08:08:56.402108+00:00,0.26204800605773926,0.25974398851394653,0.2662400007247925,0.2621631999810537,0.0017165144898975745,278.6300309261354,524288,73014444032,0.50390625,0.50390625,0.3817648634796384,0.4057225415851272,392192,1.3368146214099217,225902592,4.30875,"[""64K+""]",True,1.8406808376312256,314.54531103372574,33.42040628194809,39058686976,74.0,255.96,1755.0,1593.0,73.0,255.95,1755.0,1593.0
b128_h524288_q2_csa_profile_sim_batch_inner_descending_steady,ok,,full,csa_profile_sim,descending,steady,batch-inner,128,524288,2,2048,10,30,20260803,2026-08-13T08:28:22.345694+00:00,0.26345598697662354,0.2606079876422882,0.26812800765037537,0.2638026644786199,0.0020155764616406444,277.14095576229425,524288,73014444032,0.50390625,0.50390625,0.3817648634796384,0.4057225415851272,392192,1.3368146214099217,225902592,4.30875,"[""64K+""]",True,1.838870346546173,309.47746336460114,33.579129725694656,39058686976,63.0,204.6,1755.0,1593.0,61.0,205.78,1755.0,1593.0
b128_h524288_q32_csa_profile_sim_batch_inner_ascending_steady,ok,,full,csa_profile_sim,ascending,steady,batch-inner,128,524288,32,2048,10,30,20260803,2026-08-13T08:09:03.653144+00:00,3.3183040618896484,3.1552000045776367,3.355520009994507,3.2957717339197794,0.057711457362109045,352.0566779666167,8388608,1168231104512,0.50390625,0.50390625,0.3817648634796384,0.4060197147137965,3451760,2.43024080469094,1988213760,37.92216796875,"[""64K+""]",True,1.9979961216449738,317.80217587947845,287.36529126763344,39456080896,67.0,225.61,1755.0,1593.0,70.0,261.58,1425.0,1593.0
b128_h524288_q32_csa_profile_sim_batch_inner_descending_steady,ok,,full,csa_profile_sim,descending,steady,batch-inner,128,524288,32,2048,10,30,20260803,2026-08-13T08:28:14.021910+00:00,3.2950398921966553,3.1410560607910156,3.31878399848938,3.2760021448135377,0.051457280953196544,354.5423250500293,8388608,1168231104512,0.50390625,0.50390625,0.3817648634796384,0.4060197147137965,3451760,2.43024080469094,1988213760,37.92216796875,"[""64K+""]",True,2.1137408912181854,312.1924512088299,286.4510491490364,39456080896,58.0,245.12,1755.0,1593.0,62.0,228.77,1695.0,1593.0
b128_h524288_q512_csa_profile_sim_batch_inner_ascending_steady,ok,,full,csa_profile_sim,ascending,steady,batch-inner,128,524288,512,2048,10,30,20260803,2026-08-13T08:10:33.106673+00:00,55.26521682739258,52.57072067260742,55.9543342590332,54.801289621988936,1.134717047362615,338.2181188317954,134217728,18691697672192,0.50390625,0.50390625,0.3817648634796384,0.40663693422440683,23575412,5.693123326964551,13579437312,259.0072119140625,"[""64K+""]",True,76.00314170122147,328.4618742763996,4330.208294093609,48389686272,59.0,118.59,1710.0,1593.0,72.0,342.28,1485.0,1593.0
b128_h524288_q512_csa_profile_sim_batch_inner_descending_steady,ok,,full,csa_profile_sim,descending,steady,batch-inner,128,524288,512,2048,10,30,20260803,2026-08-13T08:26:38.327385+00:00,55.148704528808594,52.53721618652344,55.53299331665039,54.55836079915365,1.06898058795875,338.9326699855266,134217728,18691697672192,0.50390625,0.50390625,0.3817648634796384,0.40663693422440683,23575412,5.693123326964551,13579437312,259.0072119140625,"[""64K+""]",True,2.544619143009186,335.3673852980137,4383.995000272989,48389686272,53.0,113.54,1650.0,1593.0,68.0,340.76,1515.0,1593.0
b128_h524288_q8_csa_profile_sim_batch_inner_ascending_steady,ok,,full,csa_profile_sim,ascending,steady,batch-inner,128,524288,8,2048,10,30,20260803,2026-08-13T08:08:58.830965+00:00,0.8020480275154114,0.7977280020713806,0.813215970993042,0.8026538670063019,0.004369495950800434,364.14000921208935,2097152,292057776128,0.50390625,0.50390625,0.3817648634796384,0.4060627140410959,1114820,1.881157496277426,642136320,12.2477783203125,"[""64K+""]",True,1.8652789294719696,316.7179524898529,88.56252953410149,39138165760,70.0,245.93,1755.0,1593.0,72.0,255.54,1605.0,1593.0
b128_h524288_q8_csa_profile_sim_batch_inner_descending_steady,ok,,full,csa_profile_sim,descending,steady,batch-inner,128,524288,8,2048,10,30,20260803,2026-08-13T08:28:19.685273+00:00,0.7996479868888855,0.7954879999160767,0.8064960241317749,0.8004309336344401,0.0035065257545678773,365.23292863436257,2097152,292057776128,0.50390625,0.50390625,0.3817648634796384,0.4060627140410959,1114820,1.881157496277426,642136320,12.2477783203125,"[""64K+""]",True,2.0804032683372498,310.52301079034805,78.41094583272934,39138165760,61.0,212.76,1755.0,1593.0,62.0,222.03,1725.0,1593.0
b128_h65536_q1024_csa_profile_sim_batch_inner_ascending_steady,ok,,full,csa_profile_sim,ascending,steady,batch-inner,128,65536,1024,2048,10,30,20260803,2026-08-13T08:12:01.948226+00:00,110.8259506225586,107.86185455322266,112.1394271850586,110.3964614868164,1.3547754711109445,337.3162615288645,268435456,37383395344384,0.50390625,0.50390625,0.3817648634796384,0.41129997238487653,8518872,31.510680756795033,4906870272,93.591123046875,"[""64K+""]",False,1.6930066049098969,84.4654031097889,8868.34692582488,24301798400,59.0,133.28,1710.0,1593.0,75.0,346.6,1245.0,1593.0
b128_h65536_q1024_csa_profile_sim_batch_inner_descending_steady,ok,,full,csa_profile_sim,descending,steady,batch-inner,128,65536,1024,2048,10,30,20260803,2026-08-13T08:25:02.947273+00:00,110.68396759033203,107.39421081542969,112.03052520751953,110.2642723083496,1.6180340669692206,337.7489636326458,268435456,37383395344384,0.50390625,0.50390625,0.3817648634796384,0.41129997238487653,8518872,31.510680756795033,4906870272,93.591123046875,"[""64K+""]",False,1.5669837594032288,86.9065448641777,8513.313349336386,24301798400,59.0,132.21,1680.0,1593.0,74.0,341.33,1560.0,1593.0
b128_h65536_q128_csa_profile_sim_batch_inner_ascending_steady,ok,,full,csa_profile_sim,ascending,steady,batch-inner,128,65536,128,2048,10,30,20260803,2026-08-13T08:09:14.486810+00:00,13.424832344055176,13.370719909667969,13.505023956298828,13.434808508555095,0.04242091114049153,348.08065369377056,33554432,4672924418048,0.50390625,0.50390625,0.3817648634796384,0.4117606026785714,6965952,4.816919783541431,4012388352,76.530234375,"[""64K+""]",False,1.1057183146476746,45.42146623134613,1123.853411525488,7266632704,62.0,109.79,1755.0,1593.0,69.0,255.34,1515.0,1593.0
b128_h65536_q128_csa_profile_sim_batch_inner_descending_steady,ok,,full,csa_profile_sim,descending,steady,batch-inner,128,65536,128,2048,10,30,20260803,2026-08-13T08:28:02.259426+00:00,13.072064399719238,12.997599601745605,13.336576461791992,13.09699732462565,0.09686342312648906,357.4740970636868,33554432,4672924418048,0.50390625,0.50390625,0.3817648634796384,0.4117606026785714,6965952,4.816919783541431,4012388352,76.530234375,"[""64K+""]",False,1.134287565946579,47.61284962296486,1124.9458864331245,7266632704,56.0,102.86,1755.0,1593.0,62.0,257.51,1665.0,1593.0
b128_h65536_q2_csa_profile_sim_batch_inner_ascending_steady,ok,,full,csa_profile_sim,ascending,steady,batch-inner,128,65536,2,2048,10,30,20260803,2026-08-13T08:08:55.640304+00:00,0.262719988822937,0.2606079876422882,0.2658880054950714,0.2630410671234131,0.0017506567127707003,277.91735360193275,524288,73014444032,0.50390625,0.50390625,0.3817648634796384,0.40871147260273977,392192,1.3368146214099217,225902592,4.30875,"[""64K+""]",False,0.7571578025817871,39.52384367585182,32.77015686035156,5235819520,71.0,150.78,1755.0,1593.0,71.0,152.28,1755.0,1593.0
b128_h65536_q2_csa_profile_sim_batch_inner_descending_steady,ok,,full,csa_profile_sim,descending,steady,batch-inner,128,65536,2,2048,10,30,20260803,2026-08-13T08:28:23.462166+00:00,0.2635200023651123,0.259552001953125,0.2678399980068207,0.26397226651509603,0.002449672518383837,277.07363151445713,524288,73014444032,0.50390625,0.50390625,0.3817648634796384,0.40871147260273977,392192,1.3368146214099217,225902592,4.30875,"[""64K+""]",False,0.7846690714359283,42.37925261259079,33.19614380598068,5235819520,60.0,200.48,1755.0,1593.0,60.0,200.84,1755.0,1593.0
b128_h65536_q32_csa_profile_sim_batch_inner_ascending_steady,ok,,full,csa_profile_sim,ascending,steady,batch-inner,128,65536,32,2048,10,30,20260803,2026-08-13T08:09:01.856458+00:00,3.28985595703125,3.194240093231201,3.326143980026245,3.282366927464803,0.04451811589606288,355.1009891527914,8388608,1168231104512,0.50390625,0.50390625,0.3817648634796384,0.4106096540178571,3253020,2.5787139335140883,1873739520,35.7387451171875,"[""64K+""]",False,0.9963363409042358,41.097015142440796,275.8520841598511,5633213440,66.0,184.1,1755.0,1593.0,69.0,196.66,1590.0,1593.0
b128_h65536_q32_csa_profile_sim_batch_inner_descending_steady,ok,,full,csa_profile_sim,descending,steady,batch-inner,128,65536,32,2048,10,30,20260803,2026-08-13T08:28:16.280454+00:00,3.3051838874816895,3.136159896850586,3.3274240493774414,3.2695210536321,0.06083436477473225,353.4541932558274,8388608,1168231104512,0.50390625,0.50390625,0.3817648634796384,0.4106096540178571,3253020,2.5787139335140883,1873739520,35.7387451171875,"[""64K+""]",False,0.9638965129852295,43.7273271381855,278.9550833404064,5633213440,58.0,162.19,1755.0,1593.0,60.0,190.67,1710.0,1593.0
b128_h65536_q4096_csa_profile_sim_batch_inner_ascending_steady,ok,,full,csa_profile_sim,ascending,steady,batch-inner,128,65536,4096,2048,10,30,20260803,2026-08-13T08:17:11.676626+00:00,446.7337646484375,442.750732421875,450.39605712890625,446.69455769856773,2.412952661647421,334.7263923406668,1073741824,149533581377536,0.50390625,0.50390625,0.3817648634796384,0.41109812189688183,8912220,120.47972603907893,5133438720,97.9125732421875,"[""64K+""]",False,175.44732987880707,196.53895869851112,34509.330078959465,82711675904,56.0,230.32,1710.0,1593.0,81.0,334.14,1680.0,1593.0
b128_h65536_q4096_csa_profile_sim_batch_inner_descending_steady,ok,,full,csa_profile_sim,descending,steady,batch-inner,128,65536,4096,2048,10,30,20260803,2026-08-13T08:19:15.033314+00:00,445.0173645019531,440.7953186035156,448.3056640625,444.88099975585936,2.396077109758345,336.0174080957232,1073741824,149533581377536,0.50390625,0.50390625,0.3817648634796384,0.41109812189688183,8912220,120.47972603907893,5133438720,97.9125732421875,"[""64K+""]",False,152.2202529013157,195.3006498515606,34600.60407221317,82711675904,54.0,229.65,1620.0,1593.0,79.0,333.51,1680.0,1593.0
b128_h65536_q512_csa_profile_sim_batch_inner_ascending_steady,ok,,full,csa_profile_sim,ascending,steady,batch-inner,128,65536,512,2048,10,30,20260803,2026-08-13T08:10:12.670228+00:00,55.08176040649414,52.29868698120117,55.798240661621094,54.82217394510905,1.0399452759284542,339.34459491218894,134217728,18691697672192,0.50390625,0.50390625,0.3817648634796384,0.4113397467626284,8435848,15.910401420224737,4859048448,92.678994140625,"[""64K+""]",False,1.3390593230724335,61.93474307656288,4312.6388266682625,14566818816,58.0,114.65,1635.0,1593.0,71.0,337.12,1620.0,1593.0
b128_h65536_q512_csa_profile_sim_batch_inner_descending_steady,ok,,full,csa_profile_sim,descending,steady,batch-inner,128,65536,512,2048,10,30,20260803,2026-08-13T08:26:58.945761+00:00,55.102142333984375,52.292991638183594,55.467872619628906,54.51660029093424,1.1513640365127973,339.219073532534,134217728,18691697672192,0.50390625,0.50390625,0.3817648634796384,0.4113397467626284,8435848,15.910401420224737,4859048448,92.678994140625,"[""64K+""]",False,1.820545643568039,64.28667530417442,4300.275821238756,14566818816,58.0,116.2,1680.0,1593.0,69.0,342.21,1500.0,1593.0
b128_h65536_q8_csa_profile_sim_batch_inner_ascending_steady,ok,,full,csa_profile_sim,ascending,steady,batch-inner,128,65536,8,2048,10,30,20260803,2026-08-13T08:08:57.925211+00:00,0.8043839931488037,0.7993919849395752,0.8127040266990662,0.8052778641382853,0.004716379334583314,363.0825309995595,2097152,292057776128,0.50390625,0.50390625,0.3817648634796384,0.411306720890411,1106120,1.8959534227751058,637125120,12.152197265625,"[""64K+""]",False,0.7936544716358185,40.37932679057121,87.61246129870415,5315298304,69.0,180.77,1740.0,1593.0,69.0,183.74,1590.0,1593.0
b128_h65536_q8_csa_profile_sim_batch_inner_descending_steady,ok,,full,csa_profile_sim,descending,steady,batch-inner,128,65536,8,2048,10,30,20260803,2026-08-13T08:28:20.976935+00:00,0.8050559759140015,0.7984319925308228,0.8143680095672607,0.805353597799937,0.004575221337760445,362.7794648644388,2097152,292057776128,0.50390625,0.50390625,0.3817648634796384,0.411306720890411,1106120,1.8959534227751058,637125120,12.152197265625,"[""64K+""]",False,0.7978081703186035,42.60222613811493,79.44490015506744,5315298304,59.0,185.87,1740.0,1593.0,60.0,195.94,1740.0,1593.0
b128_h8192_q1024_csa_profile_sim_batch_inner_ascending_steady,ok,,full,csa_profile_sim,ascending,steady,batch-inner,128,8192,1024,2048,10,30,20260803,2026-08-13T08:11:23.614128+00:00,110.40908813476562,107.39667510986328,111.56633758544922,110.11273193359375,1.3256948730800908,338.5898387164807,268435456,37383395344384,0.677734375,0.677734375,0.5584174625084869,0.6829018788794949,1179160,227.6497303164965,679196160,12.954638671875,"[""8K-16K""]",False,1.4011971652507782,50.11304467916489,6939.34578076005,20073939968,59.0,132.49,1635.0,1593.0,72.0,333.77,1725.0,1593.0
b128_h8192_q1024_csa_profile_sim_batch_inner_descending_steady,ok,,full,csa_profile_sim,descending,steady,batch-inner,128,8192,1024,2048,10,30,20260803,2026-08-13T08:25:42.264300+00:00,110.55059051513672,106.88323211669922,111.66508483886719,109.99260737101237,1.6236309523565915,338.1564509984722,268435456,37383395344384,0.677734375,0.677734375,0.5584174625084869,0.6829018788794949,1179160,227.6497303164965,679196160,12.954638671875,"[""8K-16K""]",False,1.458238810300827,50.556544214487076,7196.2518356740475,20073939968,57.0,133.01,1710.0,1593.0,74.0,343.18,1500.0,1593.0
b128_h8192_q128_csa_profile_sim_batch_inner_ascending_steady,ok,,full,csa_profile_sim,ascending,steady,batch-inner,128,8192,128,2048,10,30,20260803,2026-08-13T08:09:09.306380+00:00,13.374943733215332,13.066975593566895,13.424415588378906,13.267287445068359,0.14879344400502503,349.378996372393,33554432,4672924418048,0.677734375,0.677734375,0.5584174625084869,0.6850161916355797,1064448,31.522847522847524,613122048,11.694375,"[""8K-16K""]",False,0.8291192352771759,10.472089052200317,888.818770647049,3038774272,63.0,112.59,1755.0,1593.0,71.0,255.68,1575.0,1593.0
b128_h8192_q128_csa_profile_sim_batch_inner_descending_steady,ok,,full,csa_profile_sim,descending,steady,batch-inner,128,8192,128,2048,10,30,20260803,2026-08-13T08:28:07.699976+00:00,13.066080093383789,12.984895706176758,13.33414363861084,13.138060760498046,0.13327047644277093,357.6378213397151,33554432,4672924418048,0.677734375,0.677734375,0.5584174625084869,0.6850161916355797,1064448,31.522847522847524,613122048,11.694375,"[""8K-16K""]",False,1.0222867131233215,10.861709713935852,927.5911264121532,3038774272,58.0,107.03,1755.0,1593.0,63.0,255.89,1665.0,1593.0
b128_h8192_q2_csa_profile_sim_batch_inner_ascending_steady,ok,,full,csa_profile_sim,ascending,steady,batch-inner,128,8192,2,2048,10,30,20260803,2026-08-13T08:08:55.227330+00:00,0.26076799631118774,0.25836798548698425,0.2634879946708679,0.2608885318040848,0.0016766844116364251,279.9977185270394,524288,73014444032,0.677734375,0.677734375,0.5584174625084868,0.6683891878669277,346624,1.5125553914327918,199655424,3.808125,"[""8K-16K""]",False,0.652797520160675,5.381572991609573,30.18474578857422,1007961088,71.0,216.53,1755.0,1593.0,71.0,202.62,1755.0,1593.0
b128_h8192_q2_csa_profile_sim_batch_inner_descending_steady,ok,,full,csa_profile_sim,descending,steady,batch-inner,128,8192,2,2048,10,30,20260803,2026-08-13T08:28:23.839876+00:00,0.2608639895915985,0.2574400007724762,0.26425600051879883,0.2608554671208064,0.0019234453510990693,279.894684376749,524288,73014444032,0.677734375,0.677734375,0.5584174625084868,0.6683891878669277,346624,1.5125553914327918,199655424,3.808125,"[""8K-16K""]",False,0.6823539733886719,5.580183118581772,32.0466123521328,1007961088,59.0,177.29,1755.0,1593.0,59.0,159.27,1755.0,1593.0
b128_h8192_q32_csa_profile_sim_batch_inner_ascending_steady,ok,,full,csa_profile_sim,ascending,steady,batch-inner,128,8192,32,2048,10,30,20260803,2026-08-13T08:09:00.291233+00:00,3.228032112121582,3.1513280868530273,3.2533440589904785,3.217517868677775,0.03241495867084122,361.9019464289639,8388608,1168231104512,0.677734375,0.677734375,0.5584174625084868,0.6856032518957926,1011388,8.294154172286007,582559488,11.1114404296875,"[""8K-16K""]",False,0.7715746760368347,6.564989686012268,269.91359889507294,1405355008,67.0,190.38,1740.0,1593.0,71.0,228.74,1410.0,1593.0
b128_h8192_q32_csa_profile_sim_batch_inner_descending_steady,ok,,full,csa_profile_sim,descending,steady,batch-inner,128,8192,32,2048,10,30,20260803,2026-08-13T08:28:18.138223+00:00,3.2533440589904785,3.1871039867401123,3.3022079467773438,3.2480245431264243,0.03871626856902446,359.0862458225538,8388608,1168231104512,0.677734375,0.677734375,0.5584174625084868,0.6856032518957926,1011388,8.294154172286007,582559488,11.1114404296875,"[""8K-16K""]",False,0.8890256285667419,6.654597818851471,241.7505793273449,1405355008,57.0,150.17,1755.0,1593.0,61.0,179.57,1680.0,1593.0
b128_h8192_q4096_csa_profile_sim_batch_inner_ascending_steady,ok,,full,csa_profile_sim,ascending,steady,batch-inner,128,8192,4096,2048,10,30,20260803,2026-08-13T08:14:38.762671+00:00,446.5731201171875,443.1529541015625,450.3417053222656,446.9315592447917,2.188227812204288,334.8468025534008,1073741824,149533581377536,0.677734375,0.677734375,0.5584174625084869,0.6760018716353027,1572336,682.895910288895,905665536,17.27419921875,"[""8K-16K""]",False,173.49011823534966,160.91327369213104,27890.221290290356,78483817472,60.0,232.61,1665.0,1593.0,84.0,343.9,1575.0,1593.0
b128_h8192_q4096_csa_profile_sim_batch_inner_descending_steady,ok,,full,csa_profile_sim,descending,steady,batch-inner,128,8192,4096,2048,10,30,20260803,2026-08-13T08:21:52.238294+00:00,446.1177978515625,441.85382080078125,449.799560546875,445.85809427897135,2.226325339568192,335.1885580393063,1073741824,149533581377536,0.677734375,0.677734375,0.5584174625084869,0.6760018716353027,1572336,682.895910288895,905665536,17.27419921875,"[""8K-16K""]",False,177.83590033650398,162.1718965470791,28402.878932654858,78483817472,57.0,232.36,1665.0,1593.0,77.0,226.17,1755.0,1593.0
b128_h8192_q512_csa_profile_sim_batch_inner_ascending_steady,ok,,full,csa_profile_sim,ascending,steady,batch-inner,128,8192,512,2048,10,30,20260803,2026-08-13T08:09:53.219808+00:00,55.25088119506836,52.49651336669922,55.61967849731445,54.629577509562175,1.090249914182975,338.3058743660436,134217728,18691697672192,0.677734375,0.677734375,0.5584174625084869,0.684267943619282,1113624,120.52337952486656,641447424,12.234638671875,"[""8K-16K""]",False,1.1811517179012299,27.64224261045456,3661.9545742869377,10338960384,57.0,115.65,1740.0,1593.0,70.0,338.39,1680.0,1593.0
b128_h8192_q512_csa_profile_sim_batch_inner_descending_steady,ok,,full,csa_profile_sim,descending,steady,batch-inner,128,8192,512,2048,10,30,20260803,2026-08-13T08:27:18.958932+00:00,55.12284851074219,52.36073684692383,55.6317138671875,54.6282901763916,1.1676211906128167,339.0916503262602,134217728,18691697672192,0.677734375,0.677734375,0.5584174625084869,0.684267943619282,1113624,120.52337952486656,641447424,12.234638671875,"[""8K-16K""]",False,1.4768615365028381,27.902476489543915,3531.2808863818645,10338960384,56.0,117.51,1725.0,1593.0,68.0,337.01,1635.0,1593.0
b128_h8192_q8_csa_profile_sim_batch_inner_ascending_steady,ok,,full,csa_profile_sim,ascending,steady,batch-inner,128,8192,8,2048,10,30,20260803,2026-08-13T08:08:57.287913+00:00,0.7980480194091797,0.7945600152015686,0.8054720163345337,0.7986975987752278,0.00337233863112954,365.96516628688545,2097152,292057776128,0.677734375,0.677734375,0.5584174625084868,0.6794734589041096,671316,3.123941631064953,386678016,7.3752978515625,"[""8K-16K""]",False,0.6568767130374908,5.539759993553162,75.22570714354515,1087439872,69.0,218.19,1740.0,1593.0,69.0,219.45,1740.0,1593.0
b128_h8192_q8_csa_profile_sim_batch_inner_descending_steady,ok,,full,csa_profile_sim,descending,steady,batch-inner,128,8192,8,2048,10,30,20260803,2026-08-13T08:28:21.724006+00:00,0.7983999848365784,0.7933120131492615,0.8045120239257812,0.7985290706157684,0.0032706393742794543,365.8038347630734,2097152,292057776128,0.677734375,0.677734375,0.5584174625084868,0.6794734589041096,671316,3.123941631064953,386678016,7.3752978515625,"[""8K-16K""]",False,0.6383061408996582,5.718935281038284,72.10629433393478,1087439872,59.0,164.54,1740.0,1593.0,59.0,172.5,1710.0,1593.0
b16_h131072_q1024_csa_profile_sim_batch_inner_ascending_steady,ok,,full,csa_profile_sim,ascending,steady,batch-inner,16,131072,1024,2048,10,30,20260803,2026-08-13T07:58:14.505377+00:00,11.638336181640625,11.213055610656738,11.709216117858887,11.587324810028075,0.15967591270776982,401.51137972964705,33554432,4672924418048,0.50390625,0.50390625,0.3817648634796384,0.4080981349758439,2073676,16.181135336474938,1194437376,22.7820849609375,"[""64K+""]",True,1.0484978556632996,15.585329383611679,1613.8354986906052,3642754048,51.0,97.3,1755.0,1593.0,60.0,226.97,1575.0,1593.0
b16_h131072_q1024_csa_profile_sim_batch_inner_descending_steady,ok,,full,csa_profile_sim,descending,steady,batch-inner,16,131072,1024,2048,10,30,20260803,2026-08-13T08:38:59.432082+00:00,11.116800308227539,11.073760032653809,11.206080436706543,11.132120513916016,0.059757152892054514,420.3479678041505,33554432,4672924418048,0.50390625,0.50390625,0.3817648634796384,0.4080981349758439,2073676,16.181135336474938,1194437376,22.7820849609375,"[""64K+""]",True,1.0431036353111267,16.295175999403,1637.9447877407074,3642754048,51.0,99.52,1755.0,1593.0,60.0,234.79,1395.0,1593.0
b16_h131072_q128_csa_profile_sim_batch_inner_ascending_steady,ok,,full,csa_profile_sim,ascending,steady,batch-inner,16,131072,128,2048,10,30,20260803,2026-08-13T07:57:46.528145+00:00,1.3620480298995972,1.354848027229309,1.4384000301361084,1.3825952053070067,0.03079701804780008,428.85092113752984,4194304,584115552256,0.50390625,0.50390625,0.3817648634796384,0.40806743823385516,1056184,3.9711868386569007,608361984,11.603583984375,"[""64K+""]",True,0.7169879972934723,10.532613843679428,203.64071056246758,1798308864,51.0,138.31,1740.0,1593.0,54.0,157.01,1695.0,1593.0
b16_h131072_q128_csa_profile_sim_batch_inner_descending_steady,ok,,full,csa_profile_sim,descending,steady,batch-inner,16,131072,128,2048,10,30,20260803,2026-08-13T08:39:29.458263+00:00,1.3600319623947144,1.3502720594406128,1.4086079597473145,1.3716405351956686,0.023078973979690297,429.4866359078078,4194304,584115552256,0.50390625,0.50390625,0.3817648634796384,0.40806743823385516,1056184,3.9711868386569007,608361984,11.603583984375,"[""64K+""]",True,0.6951801478862762,11.121705174446106,304.58856374025345,1798308864,53.0,165.77,1755.0,1593.0,55.0,170.63,1710.0,1593.0
b16_h131072_q2_csa_profile_sim_batch_inner_ascending_steady,ok,,full,csa_profile_sim,ascending,steady,batch-inner,16,131072,2,2048,10,30,20260803,2026-08-13T07:57:40.926379+00:00,0.0732479989528656,0.07248000055551529,0.07475200295448303,0.07338453357418379,0.0009020343217786958,124.60143122644229,65536,9126805504,0.50390625,0.50390625,0.38176486347963834,0.4045988258317026,49024,1.3368146214099217,28237824,0.53859375,"[""64K+""]",True,0.6558969616889954,10.12103259563446,7.253408432006836,1588759552,52.0,140.44,1755.0,1593.0,52.0,128.97,1755.0,1593.0
b16_h131072_q2_csa_profile_sim_batch_inner_descending_steady,ok,,full,csa_profile_sim,descending,steady,batch-inner,16,131072,2,2048,10,30,20260803,2026-08-13T08:39:35.816664+00:00,0.07388799637556076,0.07289600372314453,0.07599999755620956,0.07417173360784848,0.0009675693914074994,123.5221680340325,65536,9126805504,0.50390625,0.50390625,0.38176486347963834,0.4045988258317026,49024,1.3368146214099217,28237824,0.53859375,"[""64K+""]",True,0.5401559174060822,10.612856596708298,7.34267383813858,1588759552,49.0,114.07,1755.0,1593.0,50.0,113.83,1755.0,1593.0
b16_h131072_q32_csa_profile_sim_batch_inner_ascending_steady,ok,,full,csa_profile_sim,ascending,steady,batch-inner,16,131072,32,2048,10,30,20260803,2026-08-13T07:57:43.441072+00:00,0.3890880048274994,0.3866240084171295,0.39241600036621094,0.3892362654209137,0.0018223595162192914,375.31069128882893,1048576,146028888064,0.50390625,0.50390625,0.38176486347963834,0.4079699730919765,422200,2.4836001894836572,243187200,4.638427734375,"[""64K+""]",True,0.6587393581867218,10.292991995811462,65.69335609674454,1638433792,50.0,122.89,1755.0,1593.0,50.0,127.73,1755.0,1593.0
b16_h131072_q32_csa_profile_sim_batch_inner_descending_steady,ok,,full,csa_profile_sim,descending,steady,batch-inner,16,131072,32,2048,10,30,20260803,2026-08-13T08:39:32.927633+00:00,0.3906559944152832,0.38758400082588196,0.39452800154685974,0.39086826543013253,0.002281288735842248,373.80429367932686,1048576,146028888064,0.50390625,0.50390625,0.38176486347963834,0.4079699730919765,422200,2.4836001894836572,243187200,4.638427734375,"[""64K+""]",True,0.6916224956512451,10.90267300605774,55.37322536110878,1638433792,51.0,134.52,1755.0,1593.0,51.0,139.14,1755.0,1593.0
b16_h131072_q4096_csa_profile_sim_batch_inner_ascending_steady,ok,,full,csa_profile_sim,ascending,steady,batch-inner,16,131072,4096,2048,10,30,20260803,2026-08-13T07:59:09.875365+00:00,47.37055969238281,44.51350402832031,48.287296295166016,46.937224578857425,1.3520071255205328,394.58469128448206,134217728,18691697672192,0.50390625,0.50390625,0.3817648634796384,0.4076805040094484,2162620,62.06255745345923,1245669120,23.7592529296875,"[""64K+""]",True,1.2936107814311981,32.48295560479164,6736.1860871315,10942940160,51.0,131.38,1650.0,1593.0,64.0,330.81,1680.0,1593.0
b16_h131072_q4096_csa_profile_sim_batch_inner_descending_steady,ok,,full,csa_profile_sim,descending,steady,batch-inner,16,131072,4096,2048,10,30,20260803,2026-08-13T08:37:57.550536+00:00,46.53247833251953,44.47257614135742,49.204193115234375,46.73303019205729,1.6676033897280955,401.69142805207485,134217728,18691697672192,0.50390625,0.50390625,0.3817648634796384,0.4076805040094484,2162620,62.06255745345923,1245669120,23.7592529296875,"[""64K+""]",True,1.304175704717636,32.89718180894852,6994.637124240398,10942940160,46.0,105.54,1635.0,1593.0,63.0,341.52,1500.0,1593.0
b16_h131072_q512_csa_profile_sim_batch_inner_ascending_steady,ok,,full,csa_profile_sim,ascending,steady,batch-inner,16,131072,512,2048,10,30,20260803,2026-08-13T07:57:56.409950+00:00,5.7333760261535645,5.714240074157715,5.775968074798584,5.739022938410441,0.02762241583396306,407.51944375633377,16777216,2336462209024,0.50390625,0.50390625,0.3817648634796384,0.40883473734099807,1854156,9.048438211240047,1067993856,20.3703662109375,"[""64K+""]",True,0.8912421762943268,12.879125773906708,807.7164851129055,2433221632,51.0,121.2,1755.0,1593.0,56.0,159.41,1680.0,1593.0
b16_h131072_q512_csa_profile_sim_batch_inner_descending_steady,ok,,full,csa_profile_sim,descending,steady,batch-inner,16,131072,512,2048,10,30,20260803,2026-08-13T08:39:18.703246+00:00,5.746528148651123,5.502719879150391,5.776735782623291,5.702210108439128,0.08186496360129483,406.58675091888927,16777216,2336462209024,0.50390625,0.50390625,0.3817648634796384,0.40883473734099807,1854156,9.048438211240047,1067993856,20.3703662109375,"[""64K+""]",True,0.9319670498371124,13.235334306955338,827.9625363647938,2433221632,50.0,118.09,1755.0,1593.0,54.0,163.21,1665.0,1593.0
b16_h131072_q8_csa_profile_sim_batch_inner_ascending_steady,ok,,full,csa_profile_sim,ascending,steady,batch-inner,16,131072,8,2048,10,30,20260803,2026-08-13T07:57:42.001465+00:00,0.16128000617027283,0.15955199301242828,0.16256000101566315,0.16130133320887882,0.0013008262566683482,226.35925483197943,262144,36507222016,0.50390625,0.50390625,0.38176486347963834,0.4050421966731898,139048,1.8852770266382832,80091648,1.527626953125,"[""64K+""]",True,0.5719475448131561,10.120794177055359,16.82199537754059,1598694400,51.0,118.69,1755.0,1593.0,51.0,118.61,1755.0,1593.0
b16_h131072_q8_csa_profile_sim_batch_inner_descending_steady,ok,,full,csa_profile_sim,descending,steady,batch-inner,16,131072,8,2048,10,30,20260803,2026-08-13T08:39:34.579901+00:00,0.1624639928340912,0.159743994474411,0.16406400501728058,0.162253866593043,0.0015819501723225123,224.70961952339377,262144,36507222016,0.50390625,0.50390625,0.38176486347963834,0.4050421966731898,139048,1.8852770266382832,80091648,1.527626953125,"[""64K+""]",True,0.6191059947013855,10.717030614614487,20.384207367897034,1598694400,50.0,129.6,1755.0,1593.0,50.0,130.56,1755.0,1593.0
b16_h16384_q1024_csa_profile_sim_batch_inner_ascending_steady,ok,,full,csa_profile_sim,ascending,steady,batch-inner,16,16384,1024,2048,10,30,20260803,2026-08-13T07:58:07.901473+00:00,10.895456314086914,10.359935760498047,11.163488388061523,10.811669286092123,0.24864383289507963,428.887444760464,33554432,4672924418048,0.6015625,0.6015625,0.4795130637871586,0.5722417364848337,278444,120.50693137578831,160383744,3.0590771484375,"[""16K-32K""]",False,0.8631274104118347,6.972655653953552,1602.5633849203587,2585789440,52.0,96.76,1755.0,1593.0,61.0,222.62,1665.0,1593.0
b16_h16384_q1024_csa_profile_sim_batch_inner_descending_steady,ok,,full,csa_profile_sim,descending,steady,batch-inner,16,16384,1024,2048,10,30,20260803,2026-08-13T08:39:06.148751+00:00,10.5283842086792,10.428640365600586,10.53542423248291,10.521296056111654,0.029900969865073526,443.84060511353863,33554432,4672924418048,0.6015625,0.6015625,0.4795130637871586,0.5722417364848337,278444,120.50693137578831,160383744,3.0590771484375,"[""16K-32K""]",False,0.936117023229599,6.999418139457703,1601.0256484150887,2585789440,51.0,95.8,1755.0,1593.0,60.0,221.72,1575.0,1593.0
b16_h16384_q128_csa_profile_sim_batch_inner_ascending_steady,ok,,full,csa_profile_sim,ascending,steady,batch-inner,16,16384,128,2048,10,30,20260803,2026-08-13T07:57:45.222969+00:00,1.2558720111846924,1.2479679584503174,1.3519680500030518,1.2890933394432067,0.04669388211217923,465.10754842365714,4194304,584115552256,0.6015625,0.6015625,0.4795130637871586,0.5733950739970646,261804,16.020778903301707,150799104,2.8762646484375,"[""16K-32K""]",False,0.6725303828716278,2.078413963317871,321.7821680009365,741344256,50.0,135.32,1755.0,1593.0,50.0,148.73,1620.0,1593.0
b16_h16384_q128_csa_profile_sim_batch_inner_descending_steady,ok,,full,csa_profile_sim,descending,steady,batch-inner,16,16384,128,2048,10,30,20260803,2026-08-13T08:39:30.840278+00:00,1.2625279426574707,1.2588800191879272,1.3656320571899414,1.2911776065826417,0.045486064470196305,462.6555441034488,4194304,584115552256,0.6015625,0.6015625,0.4795130637871586,0.5733950739970646,261804,16.020778903301707,150799104,2.8762646484375,"[""16K-32K""]",False,0.6488747894763947,2.061929553747177,272.2451612353325,741344256,51.0,136.27,1755.0,1593.0,53.0,152.11,1590.0,1593.0
b16_h16384_q2_csa_profile_sim_batch_inner_ascending_steady,ok,,full,csa_profile_sim,ascending,steady,batch-inner,16,16384,2,2048,10,30,20260803,2026-08-13T07:57:40.617891+00:00,0.07235199958086014,0.07180800288915634,0.07948800176382065,0.07300799985726675,0.0020761524588980107,126.14448193377073,65536,9126805504,0.6015625,0.6015625,0.4795130637871587,0.5670865949119374,45824,1.4301675977653632,26394624,0.5034375,"[""16K-32K""]",False,0.5602724850177765,1.5692338347434998,8.06603953242302,531794944,53.0,233.2,1755.0,1593.0,53.0,222.98,1755.0,1593.0
b16_h16384_q2_csa_profile_sim_batch_inner_descending_steady,ok,,full,csa_profile_sim,descending,steady,batch-inner,16,16384,2,2048,10,30,20260803,2026-08-13T08:39:36.077960+00:00,0.07273600250482559,0.07225599884986877,0.0745600014925003,0.0729472003877163,0.0008756005568233762,125.47851393667796,65536,9126805504,0.6015625,0.6015625,0.4795130637871587,0.5670865949119374,45824,1.4301675977653632,26394624,0.5034375,"[""16K-32K""]",False,0.4910677671432495,1.499764621257782,7.61839747428894,531794944,49.0,114.91,1755.0,1593.0,49.0,114.74,1755.0,1593.0
b16_h16384_q32_csa_profile_sim_batch_inner_ascending_steady,ok,,full,csa_profile_sim,ascending,steady,batch-inner,16,16384,32,2048,10,30,20260803,2026-08-13T07:57:42.879524+00:00,0.3664639890193939,0.36534398794174194,0.36908799409866333,0.36706453561782837,0.001646379613340945,398.4808669871023,1048576,146028888064,0.6015625,0.6015625,0.4795130637871587,0.5744748348825832,204992,5.115204495785202,118075392,2.252109375,"[""16K-32K""]",False,0.5929283797740936,1.857161521911621,75.81808045506477,581469184,51.0,128.77,1755.0,1593.0,51.0,130.41,1755.0,1593.0
b16_h16384_q32_csa_profile_sim_batch_inner_descending_steady,ok,,full,csa_profile_sim,descending,steady,batch-inner,16,16384,32,2048,10,30,20260803,2026-08-13T08:39:33.539476+00:00,0.3696959912776947,0.3617919981479645,0.40057599544525146,0.37606506446997323,0.014475216183148006,394.997218009625,1048576,146028888064,0.6015625,0.6015625,0.4795130637871587,0.5744748348825832,204992,5.115204495785202,118075392,2.252109375,"[""16K-32K""]",False,0.6067380309104919,1.900356262922287,72.81159609556198,581469184,50.0,134.14,1755.0,1593.0,51.0,132.55,1755.0,1593.0
b16_h16384_q4096_csa_profile_sim_batch_inner_ascending_steady,ok,,full,csa_profile_sim,ascending,steady,batch-inner,16,16384,4096,2048,10,30,20260803,2026-08-13T07:58:44.422417+00:00,44.35318374633789,42.330142974853516,46.1387825012207,44.465253067016604,1.612373809134719,421.42854454580873,134217728,18691697672192,0.6015625,0.6015625,0.4795130637871586,0.5660925042139341,327608,409.69001977973676,188702208,3.599208984375,"[""16K-32K""]",False,1.229856163263321,23.81756901741028,6576.068758964539,9885975552,52.0,109.59,1740.0,1593.0,65.0,333.78,1650.0,1593.0
b16_h16384_q4096_csa_profile_sim_batch_inner_descending_steady,ok,,full,csa_profile_sim,descending,steady,batch-inner,16,16384,4096,2048,10,30,20260803,2026-08-13T08:38:23.859142+00:00,44.9332160949707,42.026432037353516,46.921409606933594,44.51071802775065,1.800080654269689,415.9884222995587,134217728,18691697672192,0.6015625,0.6015625,0.4795130637871586,0.5660925042139341,327608,409.69001977973676,188702208,3.599208984375,"[""16K-32K""]",False,1.2189075350761414,23.881562054157257,6602.539461106062,9885975552,46.0,105.53,1635.0,1593.0,61.0,336.96,1680.0,1593.0
b16_h16384_q512_csa_profile_sim_batch_inner_ascending_steady,ok,,full,csa_profile_sim,ascending,steady,batch-inner,16,16384,512,2048,10,30,20260803,2026-08-13T07:57:52.979325+00:00,5.236832141876221,5.191296100616455,5.441728115081787,5.290462923049927,0.08951055449300716,446.15946162194655,16777216,2336462209024,0.6015625,0.6015625,0.4795130637871586,0.5737252132766635,270276,62.07438322307567,155678976,2.9693408203125,"[""16K-32K""]",False,0.9217225015163422,4.062175750732422,797.0615811645985,1376257024,50.0,122.32,1755.0,1593.0,57.0,161.45,1575.0,1593.0
b16_h16384_q512_csa_profile_sim_batch_inner_descending_steady,ok,,full,csa_profile_sim,descending,steady,batch-inner,16,16384,512,2048,10,30,20260803,2026-08-13T08:39:22.189965+00:00,5.333951950073242,5.300159931182861,5.619423866271973,5.416683721542358,0.13076829742154597,438.0358561332592,16777216,2336462209024,0.6015625,0.6015625,0.4795130637871586,0.5737252132766635,270276,62.07438322307567,155678976,2.9693408203125,"[""16K-32K""]",False,0.9606443345546722,4.158839583396912,809.4391524791718,1376257024,50.0,129.92,1755.0,1593.0,56.0,155.9,1665.0,1593.0
b16_h16384_q8_csa_profile_sim_batch_inner_ascending_steady,ok,,full,csa_profile_sim,ascending,steady,batch-inner,16,16384,8,2048,10,30,20260803,2026-08-13T07:57:41.634194+00:00,0.15756799280643463,0.1558080017566681,0.15939199924468994,0.1575903996825218,0.001160182309053163,231.69186435501226,262144,36507222016,0.6015625,0.6015625,0.4795130637871587,0.567040728962818,103832,2.524693736035134,59807232,1.140732421875,"[""16K-32K""]",False,0.5796104669570923,1.6715265810489655,25.410983711481094,541729792,51.0,116.64,1755.0,1593.0,51.0,117.15,1755.0,1593.0
b16_h16384_q8_csa_profile_sim_batch_inner_descending_steady,ok,,full,csa_profile_sim,descending,steady,batch-inner,16,16384,8,2048,10,30,20260803,2026-08-13T08:39:34.955662+00:00,0.15750400722026825,0.15488000214099884,0.15945599973201752,0.15755626658598582,0.0016531846708789343,231.78598856183325,262144,36507222016,0.6015625,0.6015625,0.4795130637871587,0.567040728962818,103832,2.524693736035134,59807232,1.140732421875,"[""16K-32K""]",False,0.46772509813308716,1.5818886458873749,21.41125127673149,541729792,49.0,123.96,1755.0,1593.0,49.0,124.4,1755.0,1593.0
b16_h2048_q1024_csa_profile_sim_batch_inner_ascending_steady,ok,,full,csa_profile_sim,ascending,steady,batch-inner,16,2048,1024,2048,10,30,20260803,2026-08-13T07:58:00.104255+00:00,9.318047523498535,9.313952445983887,9.6594877243042,9.387416585286458,0.13608861804875985,501.4917992491106,33554432,4672924418048,0.8476906158357771,0.8476906158357771,0.722527752539372,0.969186562614665,49120,683.1114006514658,28293120,0.5396484375,"[""2K-8K""]",False,2.6847682893276215,13.098523020744324,3837.5186808407307,2453668864,48.0,95.52,1755.0,1593.0,59.0,208.32,1605.0,1593.0
b16_h2048_q1024_csa_profile_sim_batch_inner_descending_steady,ok,,full,csa_profile_sim,descending,steady,batch-inner,16,2048,1024,2048,10,30,20260803,2026-08-13T08:39:11.746817+00:00,9.336959838867188,9.264575958251953,9.741567611694336,9.37791035970052,0.13987472636354475,500.47601132393277,33554432,4672924418048,0.8476906158357771,0.8476906158357771,0.722527752539372,0.969186562614665,49120,683.1114006514658,28293120,0.5396484375,"[""2K-8K""]",False,0.874396413564682,5.868222564458847,3872.285544872284,2453668864,48.0,95.29,1755.0,1593.0,56.0,209.16,1695.0,1593.0
b16_h2048_q128_csa_profile_sim_batch_inner_ascending_steady,ok,,full,csa_profile_sim,ascending,steady,batch-inner,16,2048,128,2048,10,30,20260803,2026-08-13T07:57:44.078364+00:00,1.128159999847412,1.1245759725570679,1.130944013595581,1.1282133380572001,0.002837375523626656,517.7594954040242,4194304,584115552256,0.968996062992126,0.968996062992126,0.722527752539372,0.9973168419765166,34816,120.47058823529412,20054016,0.3825,"[""2K-8K""]",False,0.5978122353553772,1.0387599468231201,474.3443727493286,609223680,49.0,119.65,1755.0,1593.0,53.0,132.12,1635.0,1593.0
b16_h2048_q128_csa_profile_sim_batch_inner_descending_steady,ok,,full,csa_profile_sim,descending,steady,batch-inner,16,2048,128,2048,10,30,20260803,2026-08-13T08:39:32.001000+00:00,1.1371519565582275,1.1258879899978638,1.147744059562683,1.1370410680770875,0.00766752254724581,513.6653451522163,4194304,584115552256,0.968996062992126,0.968996062992126,0.722527752539372,0.9973168419765166,34816,120.47058823529412,20054016,0.3825,"[""2K-8K""]",False,0.6718114018440247,0.9603872895240784,469.9299447238445,609223680,50.0,127.9,1755.0,1593.0,52.0,140.32,1590.0,1593.0
b16_h2048_q2_csa_profile_sim_batch_inner_ascending_steady,ok,,full,csa_profile_sim,ascending,steady,batch-inner,16,2048,2,2048,10,30,20260803,2026-08-13T07:57:40.166698+00:00,0.06972800195217133,0.0692799985408783,0.07142399996519089,0.07001280014713605,0.0014108419325405772,130.89153924502767,65536,9126805504,1.0,1.0,0.722527752539372,1.0,32768,2.0,18874368,0.36,"[""2K-8K""]",False,0.5573034286499023,0.6228238344192505,48.29410836100578,117550080,56.0,333.93,1740.0,1593.0,56.0,322.06,1740.0,1593.0
b16_h2048_q2_csa_profile_sim_batch_inner_descending_steady,ok,,full,csa_profile_sim,descending,steady,batch-inner,16,2048,2,2048,10,30,20260803,2026-08-13T08:39:36.459513+00:00,0.0700799971818924,0.0692799985408783,0.07267200201749802,0.07047680020332336,0.0019085810685390032,130.2341020407208,65536,9126805504,1.0,1.0,0.722527752539372,1.0,32768,2.0,18874368,0.36,"[""2K-8K""]",False,0.46102702617645264,0.5344748497009277,40.51627963781357,117550080,48.0,113.11,1755.0,1593.0,48.0,104.41,1755.0,1593.0
b16_h2048_q32_csa_profile_sim_batch_inner_ascending_steady,ok,,full,csa_profile_sim,ascending,steady,batch-inner,16,2048,32,2048,10,30,20260803,2026-08-13T07:57:42.342357+00:00,0.32761600613594055,0.3264319896697998,0.3303360044956207,0.32789439757665,0.001374189982191743,445.7318486551813,1048576,146028888064,0.9924395161290323,0.9924395161290323,0.722527752539372,0.9982494496086106,33280,31.50769230769231,19169280,0.365625,"[""2K-8K""]",False,0.5522966384887695,0.7635653018951416,55.52927032113075,167707648,51.0,123.93,1755.0,1593.0,51.0,126.86,1755.0,1593.0
b16_h2048_q32_csa_profile_sim_batch_inner_descending_steady,ok,,full,csa_profile_sim,descending,steady,batch-inner,16,2048,32,2048,10,30,20260803,2026-08-13T08:39:34.064205+00:00,0.3280639946460724,0.32655999064445496,0.33318400382995605,0.3286080002784729,0.001796354847195225,445.12317854795793,1048576,146028888064,0.9924395161290323,0.9924395161290323,0.722527752539372,0.9982494496086106,33280,31.50769230769231,19169280,0.365625,"[""2K-8K""]",False,0.5896836519241333,0.7477737963199615,74.74469766020775,167707648,50.0,118.52,1755.0,1593.0,50.0,122.09,1755.0,1593.0
b16_h2048_q4096_csa_profile_sim_batch_inner_ascending_steady,ok,,full,csa_profile_sim,ascending,steady,batch-inner,16,2048,4096,2048,10,30,20260803,2026-08-13T07:58:21.314935+00:00,40.62851333618164,38.57183837890625,43.0687370300293,40.832044728597005,1.7916249822363062,460.0635400445762,134217728,18691697672192,0.8212912087912088,0.8212912087912088,0.722527752539372,0.8932814028864972,98236,1366.2784315322285,56583936,1.0792529296875,"[""2K-8K""]",False,1.2456700205802917,21.871745586395264,7306.969400495291,9753854976,49.0,104.57,1725.0,1593.0,66.0,340.1,1575.0,1593.0
b16_h2048_q4096_csa_profile_sim_batch_inner_descending_steady,ok,,full,csa_profile_sim,descending,steady,batch-inner,16,2048,4096,2048,10,30,20260803,2026-08-13T08:38:45.699688+00:00,40.5662727355957,38.70662307739258,42.96748733520508,40.694708251953124,1.6518899980145476,460.7694129066629,134217728,18691697672192,0.8212912087912088,0.8212912087912088,0.722527752539372,0.8932814028864972,98236,1366.2784315322285,56583936,1.0792529296875,"[""2K-8K""]",False,1.1878535151481628,22.882696241140366,7322.278518229723,9753854976,52.0,105.06,1650.0,1593.0,65.0,340.68,1590.0,1593.0
b16_h2048_q512_csa_profile_sim_batch_inner_ascending_steady,ok,,full,csa_profile_sim,ascending,steady,batch-inner,16,2048,512,2048,10,30,20260803,2026-08-13T07:57:47.816359+00:00,4.672095775604248,4.511104106903076,4.843200206756592,4.68165012995402,0.10710560347427917,500.08867995044955,16777216,2336462209024,0.8829500978473581,0.8829500978473581,0.722527752539372,0.9926905921294031,40948,409.7200351665527,23586048,0.4498681640625,"[""2K-8K""]",False,0.8052624762058258,3.2031238079071045,2956.618830561638,1244136448,48.0,92.84,1755.0,1593.0,52.0,150.05,1680.0,1593.0
b16_h2048_q512_csa_profile_sim_batch_inner_descending_steady,ok,,full,csa_profile_sim,descending,steady,batch-inner,16,2048,512,2048,10,30,20260803,2026-08-13T08:39:25.149982+00:00,4.639103889465332,4.510784149169922,4.886240005493164,4.692562119166056,0.11894487346228937,503.64515749037963,16777216,2336462209024,0.8829500978473581,0.8829500978473581,0.722527752539372,0.9926905921294031,40948,409.7200351665527,23586048,0.4498681640625,"[""2K-8K""]",False,0.8849464356899261,2.997376024723053,2987.7446740865707,1244136448,48.0,92.93,1755.0,1593.0,56.0,150.55,1725.0,1593.0
b16_h2048_q8_csa_profile_sim_batch_inner_ascending_steady,ok,,full,csa_profile_sim,ascending,steady,batch-inner,16,2048,8,2048,10,30,20260803,2026-08-13T07:57:41.269246+00:00,0.14102399349212646,0.1387840062379837,0.1457280069589615,0.142391466597716,0.005526107545524807,258.87241675678575,262144,36507222016,0.9983258928571429,0.9983258928571429,0.722527752539372,0.9993425880626223,32896,7.968871595330739,18948096,0.36140625,"[""2K-8K""]",False,0.5276240408420563,0.6323680281639099,32.530296593904495,126862336,52.0,114.99,1755.0,1593.0,52.0,115.45,1755.0,1593.0
b16_h2048_q8_csa_profile_sim_batch_inner_descending_steady,ok,,full,csa_profile_sim,descending,steady,batch-inner,16,2048,8,2048,10,30,20260803,2026-08-13T08:39:35.355294+00:00,0.14262400567531586,0.1401599943637848,0.14534400403499603,0.14258560041586557,0.001669823567557964,255.96828418288044,262144,36507222016,0.9983258928571429,0.9983258928571429,0.722527752539372,0.9993425880626223,32896,7.968871595330739,18948096,0.36140625,"[""2K-8K""]",False,0.4598647356033325,0.5642883479595184,24.257488548755646,126862336,49.0,107.19,1755.0,1593.0,49.0,106.13,1755.0,1593.0
b16_h262144_q1024_csa_profile_sim_batch_inner_ascending_steady,ok,,full,csa_profile_sim,ascending,steady,batch-inner,16,262144,1024,2048,10,30,20260803,2026-08-13T07:58:16.730798+00:00,11.482687950134277,11.200927734375,11.669759750366211,11.48232208887736,0.1945405082805508,406.95388034065274,33554432,4672924418048,0.50390625,0.50390625,0.3817648634796384,0.40711560034705235,3447772,9.732207350138003,1985916672,37.8783544921875,"[""64K+""]",True,1.1008642613887787,25.074146687984467,1657.2226993739605,4850713600,52.0,96.98,1755.0,1593.0,60.0,227.98,1590.0,1593.0
b16_h262144_q1024_csa_profile_sim_batch_inner_descending_steady,ok,,full,csa_profile_sim,descending,steady,batch-inner,16,262144,1024,2048,10,30,20260803,2026-08-13T08:38:57.101878+00:00,11.186367988586426,11.161600112915039,11.205856323242188,11.186743513743084,0.02200090036207929,417.7338366497362,33554432,4672924418048,0.50390625,0.50390625,0.3817648634796384,0.40711560034705235,3447772,9.732207350138003,1985916672,37.8783544921875,"[""64K+""]",True,1.072179526090622,26.478592306375504,1700.9558379650116,4850713600,51.0,98.86,1755.0,1593.0,60.0,234.53,1620.0,1593.0
b16_h262144_q128_csa_profile_sim_batch_inner_ascending_steady,ok,,full,csa_profile_sim,ascending,steady,batch-inner,16,262144,128,2048,10,30,20260803,2026-08-13T07:57:46.903075+00:00,1.3557759523391724,1.3511680364608765,1.4279999732971191,1.3729152003924052,0.029558168224028174,430.8348671092764,4194304,584115552256,0.50390625,0.50390625,0.3817648634796384,0.40705647627201563,1131768,3.7059750761640196,651898368,12.433974609375,"[""64K+""]",True,0.8087344467639923,20.20956575870514,211.33863180875778,3006268416,51.0,140.01,1740.0,1593.0,55.0,160.39,1695.0,1593.0
b16_h262144_q128_csa_profile_sim_batch_inner_descending_steady,ok,,full,csa_profile_sim,descending,steady,batch-inner,16,262144,128,2048,10,30,20260803,2026-08-13T08:39:28.949898+00:00,1.3558080196380615,1.3506879806518555,1.436959981918335,1.3792096018791198,0.03650346746682037,430.82467708955727,4194304,584115552256,0.50390625,0.50390625,0.3817648634796384,0.40705647627201563,1131768,3.7059750761640196,651898368,12.433974609375,"[""64K+""]",True,0.7720440626144409,21.496344357728958,302.7181401848793,3006268416,50.0,150.14,1755.0,1593.0,54.0,147.71,1650.0,1593.0
b16_h262144_q2_csa_profile_sim_batch_inner_ascending_steady,ok,,full,csa_profile_sim,ascending,steady,batch-inner,16,262144,2,2048,10,30,20260803,2026-08-13T07:57:41.025317+00:00,0.07315199822187424,0.07231999933719635,0.07760000228881836,0.0736864005525907,0.0022307799154729423,124.76495141414827,65536,9126805504,0.50390625,0.50390625,0.38176486347963834,0.41022504892367906,49024,1.3368146214099217,28237824,0.53859375,"[""64K+""]",True,0.699702650308609,19.999954849481583,7.558051496744156,2796719104,52.0,117.79,1755.0,1593.0,52.0,106.81,1755.0,1593.0
b16_h262144_q2_csa_profile_sim_batch_inner_descending_steady,ok,,full,csa_profile_sim,descending,steady,batch-inner,16,262144,2,2048,10,30,20260803,2026-08-13T08:39:35.728935+00:00,0.07391999661922455,0.0732479989528656,0.07823999971151352,0.07436159948507945,0.0014068936935148152,123.46869482440384,65536,9126805504,0.50390625,0.50390625,0.38176486347963834,0.41022504892367906,49024,1.3368146214099217,28237824,0.53859375,"[""64K+""]",True,0.7611513137817383,21.276436746120453,7.086280733346939,2796719104,49.0,114.1,1755.0,1593.0,49.0,114.69,1755.0,1593.0
b16_h262144_q32_csa_profile_sim_batch_inner_ascending_steady,ok,,full,csa_profile_sim,ascending,steady,batch-inner,16,262144,32,2048,10,30,20260803,2026-08-13T07:57:43.630857+00:00,0.389631986618042,0.3869760036468506,0.3945919871330261,0.3900767982006073,0.00213596690787695,374.78670406788956,1048576,146028888064,0.50390625,0.50390625,0.38176486347963834,0.40605124755381605,429524,2.441251245564858,247405824,4.7188916015625,"[""64K+""]",True,0.7327832281589508,20.10767161846161,66.27951934933662,2846393344,51.0,126.85,1755.0,1593.0,51.0,131.53,1755.0,1593.0
b16_h262144_q32_csa_profile_sim_batch_inner_descending_steady,ok,,full,csa_profile_sim,descending,steady,batch-inner,16,262144,32,2048,10,30,20260803,2026-08-13T08:39:32.783047+00:00,0.3911679983139038,0.388480007648468,0.39417600631713867,0.39128639896710715,0.0018916148729255268,373.3150173159487,1048576,146028888064,0.50390625,0.50390625,0.38176486347963834,0.40605124755381605,429524,2.441251245564858,247405824,4.7188916015625,"[""64K+""]",True,0.7090456783771515,21.432269364595413,55.44960871338844,2846393344,52.0,142.91,1740.0,1593.0,51.0,144.51,1740.0,1593.0
b16_h262144_q4096_csa_profile_sim_batch_inner_ascending_steady,ok,,full,csa_profile_sim,ascending,steady,batch-inner,16,262144,4096,2048,10,30,20260803,2026-08-13T07:59:18.697944+00:00,46.891136169433594,44.75628662109375,48.645118713378906,46.90351422627767,1.5412835459418515,398.61899708833135,134217728,18691697672192,0.50390625,0.50390625,0.3817648634796384,0.4068838518892949,4252524,31.561897828207435,2449453824,46.7196240234375,"[""64K+""]",True,1.492924988269806,42.31197386980057,6942.180894315243,12150899712,53.0,109.07,1725.0,1593.0,67.0,335.7,1650.0,1593.0
b16_h262144_q4096_csa_profile_sim_batch_inner_descending_steady,ok,,full,csa_profile_sim,descending,steady,batch-inner,16,262144,4096,2048,10,30,20260803,2026-08-13T08:37:48.449820+00:00,47.314369201660156,44.44668960571289,48.25686264038086,46.6920841217041,1.543160000766636,395.0532996123332,134217728,18691697672192,0.50390625,0.50390625,0.3817648634796384,0.4068838518892949,4252524,31.561897828207435,2449453824,46.7196240234375,"[""64K+""]",True,1.3500861823558807,43.508127331733704,7012.521233409643,12150899712,48.0,105.72,1725.0,1593.0,62.0,335.38,1635.0,1593.0
b16_h262144_q512_csa_profile_sim_batch_inner_ascending_steady,ok,,full,csa_profile_sim,ascending,steady,batch-inner,16,262144,512,2048,10,30,20260803,2026-08-13T07:57:57.598674+00:00,5.756351947784424,5.598879814147949,5.850624084472656,5.736206912994385,0.06941447909260769,405.89286934119565,16777216,2336462209024,0.50390625,0.50390625,0.3817648634796384,0.40710473107265166,2529092,6.633691459227264,1456756992,27.7854345703125,"[""64K+""]",True,0.931277871131897,22.38031104207039,867.5903044641018,3641181184,51.0,102.69,1755.0,1593.0,57.0,162.42,1470.0,1593.0
b16_h262144_q512_csa_profile_sim_batch_inner_descending_steady,ok,,full,csa_profile_sim,descending,steady,batch-inner,16,262144,512,2048,10,30,20260803,2026-08-13T08:39:17.443142+00:00,5.737215995788574,5.5814080238342285,5.753600120544434,5.7137322584788,0.05288834534741696,407.24668737225323,16777216,2336462209024,0.50390625,0.50390625,0.3817648634796384,0.40710473107265166,2529092,6.633691459227264,1456756992,27.7854345703125,"[""64K+""]",True,0.9494833648204803,25.03056824207306,855.86316883564,3641181184,50.0,107.78,1755.0,1593.0,54.0,160.54,1665.0,1593.0
b16_h262144_q8_csa_profile_sim_batch_inner_ascending_steady,ok,,full,csa_profile_sim,ascending,steady,batch-inner,16,262144,8,2048,10,30,20260803,2026-08-13T07:57:42.108421+00:00,0.16118399798870087,0.15942400693893433,0.16502399742603302,0.16149013290802638,0.0018076963021143447,226.494084223914,262144,36507222016,0.50390625,0.50390625,0.38176486347963834,0.41147871819960863,139340,1.8813262523324243,80259840,1.5308349609375,"[""64K+""]",True,0.6203651428222656,19.88755911588669,16.842886805534363,2806653952,52.0,122.58,1755.0,1593.0,52.0,115.6,1755.0,1593.0
b16_h262144_q8_csa_profile_sim_batch_inner_descending_steady,ok,,full,csa_profile_sim,descending,steady,batch-inner,16,262144,8,2048,10,30,20260803,2026-08-13T08:39:34.414355+00:00,0.16115200519561768,0.1589760035276413,0.16489599645137787,0.16137066582838694,0.0018321039952482747,226.53904909023603,262144,36507222016,0.50390625,0.50390625,0.38176486347963834,0.41147871819960863,139340,1.8813262523324243,80259840,1.5308349609375,"[""64K+""]",True,0.6442219018936157,21.163228899240494,23.834027349948883,2806653952,50.0,127.62,1755.0,1593.0,50.0,128.13,1755.0,1593.0
b16_h32768_q1024_csa_profile_sim_batch_inner_ascending_steady,ok,,full,csa_profile_sim,ascending,steady,batch-inner,16,32768,1024,2048,10,30,20260803,2026-08-13T07:58:10.120260+00:00,10.792223930358887,10.6844482421875,10.829504013061523,10.787989298502604,0.0697078983493793,432.98994240685715,33554432,4672924418048,0.5703125,0.5703125,0.432384490611313,0.5020708953797701,540568,62.072545914667536,311367168,5.938857421875,"[""32K-64K""]",False,0.8964948356151581,8.120693266391754,1608.026396483183,2736784384,51.0,97.25,1755.0,1593.0,60.0,225.98,1695.0,1593.0
b16_h32768_q1024_csa_profile_sim_batch_inner_descending_steady,ok,,full,csa_profile_sim,descending,steady,batch-inner,16,32768,1024,2048,10,30,20260803,2026-08-13T08:39:03.932945+00:00,11.110719680786133,10.687871932983398,11.316224098205566,11.044055493672689,0.2218544936660756,420.5780140533048,33554432,4672924418048,0.5703125,0.5703125,0.432384490611313,0.5020708953797701,540568,62.072545914667536,311367168,5.938857421875,"[""32K-64K""]",False,1.0522864758968353,8.380915969610214,1661.9819849729538,2736784384,50.0,97.37,1755.0,1593.0,60.0,222.38,1620.0,1593.0
b16_h32768_q128_csa_profile_sim_batch_inner_ascending_steady,ok,,full,csa_profile_sim,ascending,steady,batch-inner,16,32768,128,2048,10,30,20260803,2026-08-13T07:57:45.747723+00:00,1.3053120374679565,1.2962239980697632,1.3721599578857422,1.3180458585421244,0.02475484587242448,447.49112510221465,4194304,584115552256,0.5703125,0.5703125,0.432384490611313,0.49703877965998045,497244,8.435102283788241,286412544,5.4628857421875,"[""32K-64K""]",False,0.7229931652545929,3.2351650297641754,214.22257274389267,892339200,50.0,132.12,1740.0,1593.0,53.0,151.24,1665.0,1593.0
b16_h32768_q128_csa_profile_sim_batch_inner_descending_steady,ok,,full,csa_profile_sim,descending,steady,batch-inner,16,32768,128,2048,10,30,20260803,2026-08-13T08:39:30.441395+00:00,1.3470720052719116,1.301632046699524,1.351680040359497,1.3323594689369203,0.021681875896364295,433.61865584764644,4194304,584115552256,0.5703125,0.5703125,0.432384490611313,0.49703877965998045,497244,8.435102283788241,286412544,5.4628857421875,"[""32K-64K""]",False,1.1226125061511993,3.574628382921219,245.89382484555244,892339200,52.0,189.76,1740.0,1593.0,54.0,192.18,1695.0,1593.0
b16_h32768_q2_csa_profile_sim_batch_inner_ascending_steady,ok,,full,csa_profile_sim,ascending,steady,batch-inner,16,32768,2,2048,10,30,20260803,2026-08-13T07:57:40.689911+00:00,0.07286400347948074,0.07222399860620499,0.07500799745321274,0.07323840036988258,0.0012815756709888772,125.25808448845667,65536,9126805504,0.5703125,0.5703125,0.43238449061131295,0.48312133072407043,46848,1.3989071038251366,26984448,0.5146875,"[""32K-64K""]",False,0.6796568632125854,2.8839632868766785,8.057821542024612,682789888,53.0,206.05,1755.0,1593.0,53.0,185.14,1755.0,1593.0
b16_h32768_q2_csa_profile_sim_batch_inner_descending_steady,ok,,full,csa_profile_sim,descending,steady,batch-inner,16,32768,2,2048,10,30,20260803,2026-08-13T08:39:35.974867+00:00,0.07347200065851212,0.07267200201749802,0.07436800003051758,0.073570133994023,0.0010572256959825162,124.22154592495924,65536,9126805504,0.5703125,0.5703125,0.43238449061131295,0.48312133072407043,46848,1.3989071038251366,26984448,0.5146875,"[""32K-64K""]",False,0.5055814981460571,2.817809581756592,6.775837391614914,682789888,49.0,115.58,1755.0,1593.0,49.0,115.34,1755.0,1593.0
b16_h32768_q32_csa_profile_sim_batch_inner_ascending_steady,ok,,full,csa_profile_sim,ascending,steady,batch-inner,16,32768,32,2048,10,30,20260803,2026-08-13T07:57:43.047353+00:00,0.37279999256134033,0.37084800004959106,0.3755840063095093,0.37301973203818,0.0017814670829248837,391.70839854556186,1048576,146028888064,0.5703125,0.5703125,0.43238449061131295,0.49102174045988256,295372,3.5500182820307953,170134272,3.2450537109375,"[""32K-64K""]",False,0.6040185689926147,3.0726194381713867,71.35067880153656,732464128,50.0,126.44,1755.0,1593.0,51.0,122.92,1755.0,1593.0
b16_h32768_q32_csa_profile_sim_batch_inner_descending_steady,ok,,full,csa_profile_sim,descending,steady,batch-inner,16,32768,32,2048,10,30,20260803,2026-08-13T08:39:33.328667+00:00,0.37615999579429626,0.37196800112724304,0.3821119964122772,0.3764874666929245,0.0032573193078702504,388.2095111035044,1048576,146028888064,0.5703125,0.5703125,0.43238449061131295,0.49102174045988256,295372,3.5500182820307953,170134272,3.2450537109375,"[""32K-64K""]",False,0.6050169467926025,3.0788779258728027,75.69503411650658,732464128,50.0,148.09,1755.0,1593.0,51.0,152.73,1755.0,1593.0
b16_h32768_q4096_csa_profile_sim_batch_inner_ascending_steady,ok,,full,csa_profile_sim,ascending,steady,batch-inner,16,32768,4096,2048,10,30,20260803,2026-08-13T07:58:52.991007+00:00,45.39289474487305,44.163455963134766,47.1058235168457,45.769856516520186,0.946726815848108,411.77584679820745,134217728,18691697672192,0.5703125,0.5703125,0.432384490611313,0.4904987611416035,589740,227.5879675789331,339690240,6.4790771484375,"[""32K-64K""]",False,1.309424638748169,25.043118745088577,6427.225727587938,10036970496,50.0,109.42,1635.0,1593.0,66.0,335.91,1650.0,1593.0
b16_h32768_q4096_csa_profile_sim_batch_inner_descending_steady,ok,,full,csa_profile_sim,descending,steady,batch-inner,16,32768,4096,2048,10,30,20260803,2026-08-13T08:38:15.190858+00:00,45.38800048828125,43.085758209228516,47.49126434326172,45.258565012613936,1.5839411270922092,411.820249209216,134217728,18691697672192,0.5703125,0.5703125,0.432384490611313,0.4904987611416035,589740,227.5879675789331,339690240,6.4790771484375,"[""32K-64K""]",False,1.2477114796638489,25.56569129228592,6708.347972482443,10036970496,49.0,105.37,1650.0,1593.0,64.0,338.7,1530.0,1593.0
b16_h32768_q512_csa_profile_sim_batch_inner_ascending_steady,ok,,full,csa_profile_sim,ascending,steady,batch-inner,16,32768,512,2048,10,30,20260803,2026-08-13T07:57:54.115815+00:00,5.429440021514893,5.374911785125732,5.501535892486572,5.431918875376383,0.030078204854841212,430.3320784031966,16777216,2336462209024,0.5703125,0.5703125,0.432384490611313,0.5034351684809197,532392,31.51290026897474,306657792,5.849033203125,"[""32K-64K""]",False,0.92368945479393,5.263537168502808,791.6127853095531,1527251968,51.0,130.62,1755.0,1593.0,55.0,160.32,1710.0,1593.0
b16_h32768_q512_csa_profile_sim_batch_inner_descending_steady,ok,,full,csa_profile_sim,descending,steady,batch-inner,16,32768,512,2048,10,30,20260803,2026-08-13T08:39:21.022060+00:00,5.390495777130127,5.305088043212891,5.586080074310303,5.413334401448568,0.0802625311317448,433.4410610127443,16777216,2336462209024,0.5703125,0.5703125,0.432384490611313,0.5034351684809197,532392,31.51290026897474,306657792,5.849033203125,"[""32K-64K""]",False,0.8375346660614014,5.564745515584946,789.4274555146694,1527251968,50.0,126.07,1755.0,1593.0,57.0,158.74,1410.0,1593.0
b16_h32768_q8_csa_profile_sim_batch_inner_ascending_steady,ok,,full,csa_profile_sim,ascending,steady,batch-inner,16,32768,8,2048,10,30,20260803,2026-08-13T07:57:41.764116+00:00,0.1592320054769516,0.15647999942302704,0.16073599457740784,0.1589269330104192,0.0013156050170559852,229.27062876994486,262144,36507222016,0.5703125,0.5703125,0.43238449061131295,0.49201932485322897,117556,2.229949981285515,67712256,1.2915087890625,"[""32K-64K""]",False,0.5166269838809967,2.835966646671295,17.63926073908806,692724736,51.0,117.62,1755.0,1593.0,51.0,118.12,1755.0,1593.0
b16_h32768_q8_csa_profile_sim_batch_inner_descending_steady,ok,,full,csa_profile_sim,descending,steady,batch-inner,16,32768,8,2048,10,30,20260803,2026-08-13T08:39:34.850448+00:00,0.15939199924468994,0.15795199573040009,0.16143999993801117,0.1594261328379313,0.0011228299272670846,229.0404925529298,262144,36507222016,0.5703125,0.5703125,0.43238449061131295,0.49201932485322897,117556,2.229949981285515,67712256,1.2915087890625,"[""32K-64K""]",False,0.5357749760150909,2.9698796570301056,21.783411502838135,692724736,50.0,126.97,1755.0,1593.0,50.0,127.92,1755.0,1593.0
b16_h4096_q1024_csa_profile_sim_batch_inner_ascending_steady,ok,,full,csa_profile_sim,ascending,steady,batch-inner,16,4096,1024,2048,10,30,20260803,2026-08-13T07:58:04.435256+00:00,9.87014389038086,9.622655868530273,10.039936065673828,9.828570683797201,0.1262151049682933,473.44035405624527,33554432,4672924418048,0.8125,0.8125,0.722527752539372,0.8639821390349804,81852,409.9402824610272,47146752,0.8992529296875,"[""2K-8K""]",False,0.8257851004600525,6.035745143890381,971.4771918952465,2472543232,51.0,96.35,1755.0,1593.0,58.0,213.85,1710.0,1593.0
b16_h4096_q1024_csa_profile_sim_batch_inner_descending_steady,ok,,full,csa_profile_sim,descending,steady,batch-inner,16,4096,1024,2048,10,30,20260803,2026-08-13T08:39:10.142017+00:00,10.26035213470459,9.677120208740234,10.364288330078125,10.110056527455647,0.26523571747650054,455.4350919635898,33554432,4672924418048,0.8125,0.8125,0.722527752539372,0.8639821390349804,81852,409.9402824610272,47146752,0.8992529296875,"[""2K-8K""]",False,0.8804909884929657,6.1615221202373505,1079.0162272751331,2472543232,52.0,99.11,1755.0,1593.0,61.0,210.07,1515.0,1593.0
b16_h4096_q128_csa_profile_sim_batch_inner_ascending_steady,ok,,full,csa_profile_sim,ascending,steady,batch-inner,16,4096,128,2048,10,30,20260803,2026-08-13T07:57:44.658106+00:00,1.1640000343322754,1.160863995552063,1.2607040405273438,1.1824960072835287,0.03605653775207618,501.81746995486634,4194304,584115552256,0.8125,0.8125,0.722527752539372,0.8773315190802348,67508,62.13047342537181,38884608,0.7416650390625,"[""2K-8K""]",False,0.6197132170200348,1.1421069502830505,115.63821509480476,628098048,51.0,123.98,1740.0,1593.0,53.0,131.38,1710.0,1593.0
b16_h4096_q128_csa_profile_sim_batch_inner_descending_steady,ok,,full,csa_profile_sim,descending,steady,batch-inner,16,4096,128,2048,10,30,20260803,2026-08-13T08:39:31.680277+00:00,1.1831680536270142,1.174880027770996,1.2257599830627441,1.1919530709584554,0.016004489612052995,493.68773139655656,4194304,584115552256,0.8125,0.8125,0.722527752539372,0.8773315190802348,67508,62.13047342537181,38884608,0.7416650390625,"[""2K-8K""]",False,0.6479248404502869,1.1482089757919312,146.89625054597855,628098048,51.0,132.26,1740.0,1593.0,52.0,148.32,1695.0,1593.0
b16_h4096_q2_csa_profile_sim_batch_inner_ascending_steady,ok,,full,csa_profile_sim,ascending,steady,batch-inner,16,4096,2,2048,10,30,20260803,2026-08-13T07:57:40.347373+00:00,0.0711359977722168,0.07056000083684921,0.07574400305747986,0.07153280054529508,0.001343812663110267,128.30080113903466,65536,9126805504,0.8125,0.8125,0.722527752539372,0.8565313111545988,38912,1.6842105263157894,22413312,0.4275,"[""2K-8K""]",False,0.5402751266956329,0.6710290908813477,6.403874605894089,229897216,55.0,294.69,1740.0,1593.0,54.0,279.23,1740.0,1593.0
b16_h4096_q2_csa_profile_sim_batch_inner_descending_steady,ok,,full,csa_profile_sim,descending,steady,batch-inner,16,4096,2,2048,10,30,20260803,2026-08-13T08:39:36.350560+00:00,0.07075200229883194,0.07017599791288376,0.07254400104284286,0.07095040008425713,0.0007885424811543464,128.99713375533227,65536,9126805504,0.8125,0.8125,0.722527752539372,0.8565313111545988,38912,1.6842105263157894,22413312,0.4275,"[""2K-8K""]",False,0.48740580677986145,0.6405413150787354,5.923949182033539,229897216,48.0,113.46,1755.0,1593.0,48.0,113.57,1755.0,1593.0
b16_h4096_q32_csa_profile_sim_batch_inner_ascending_steady,ok,,full,csa_profile_sim,ascending,steady,batch-inner,16,4096,32,2048,10,30,20260803,2026-08-13T07:57:42.534824+00:00,0.3352000117301941,0.3339200019836426,0.34140801429748535,0.33813333213329316,0.013155892995826401,435.6470255184243,1048576,146028888064,0.8125,0.8125,0.722527752539372,0.8754395486790607,65344,16.047012732615084,37638144,0.717890625,"[""2K-8K""]",False,0.5762167274951935,0.8906833827495575,34.63240712881088,280953856,51.0,127.05,1755.0,1593.0,51.0,130.59,1755.0,1593.0
b16_h4096_q32_csa_profile_sim_batch_inner_descending_steady,ok,,full,csa_profile_sim,descending,steady,batch-inner,16,4096,32,2048,10,30,20260803,2026-08-13T08:39:33.880622+00:00,0.33846399188041687,0.33721598982810974,0.3458879888057709,0.3399178634087245,0.002776370632443982,431.4458600239922,1048576,146028888064,0.8125,0.8125,0.722527752539372,0.8754395486790607,65344,16.047012732615084,37638144,0.717890625,"[""2K-8K""]",False,0.6406605243682861,0.8950568735599518,51.17815360426903,280953856,50.0,121.33,1755.0,1593.0,51.0,125.1,1755.0,1593.0
b16_h4096_q4096_csa_profile_sim_batch_inner_ascending_steady,ok,,full,csa_profile_sim,ascending,steady,batch-inner,16,4096,4096,2048,10,30,20260803,2026-08-13T07:58:30.435993+00:00,41.02000045776367,39.238304138183594,43.09174346923828,41.35545399983724,1.6363741885940186,455.67278068263175,134217728,18691697672192,0.8124670902014652,0.8124670902014652,0.7224876865505949,0.8334292954894662,130988,1024.656670840077,75449088,1.4390771484375,"[""2K-8K"", ""8K-16K""]",False,1.272939145565033,22.821929305791855,3959.9640034139156,9772729344,53.0,106.75,1650.0,1593.0,68.0,329.83,1710.0,1593.0
b16_h4096_q4096_csa_profile_sim_batch_inner_descending_steady,ok,,full,csa_profile_sim,descending,steady,batch-inner,16,4096,4096,2048,10,30,20260803,2026-08-13T08:38:39.927627+00:00,41.238975524902344,39.22438430786133,43.10611343383789,41.29269574483236,1.6757174355088622,453.2532012320465,134217728,18691697672192,0.8124670902014652,0.8124670902014652,0.7224876865505949,0.8334292954894662,130988,1024.656670840077,75449088,1.4390771484375,"[""2K-8K"", ""8K-16K""]",False,1.2366734445095062,22.91092276573181,3958.2172073423862,9772729344,50.0,106.14,1710.0,1593.0,66.0,340.89,1590.0,1593.0
b16_h4096_q512_csa_profile_sim_batch_inner_ascending_steady,ok,,full,csa_profile_sim,ascending,steady,batch-inner,16,4096,512,2048,10,30,20260803,2026-08-13T07:57:51.151930+00:00,5.028255939483643,4.987936019897461,5.162176132202148,5.081632010142008,0.06937644474824439,464.66652396853414,16777216,2336462209024,0.8125,0.8125,0.722527752539372,0.8704014608304794,73644,227.81511053174734,42418944,0.8090771484375,"[""2K-8K""]",False,0.905212014913559,3.1552165746688843,486.75644770264626,1263010816,49.0,152.33,1755.0,1593.0,56.0,184.12,1635.0,1593.0
b16_h4096_q512_csa_profile_sim_batch_inner_descending_steady,ok,,full,csa_profile_sim,descending,steady,batch-inner,16,4096,512,2048,10,30,20260803,2026-08-13T08:39:24.327970+00:00,5.0175042152404785,4.830783843994141,5.076511859893799,4.958566427230835,0.1145977647864564,465.6622314191755,16777216,2336462209024,0.8125,0.8125,0.722527752539372,0.8704014608304794,73644,227.81511053174734,42418944,0.8090771484375,"[""2K-8K""]",False,0.8661225438117981,3.165055066347122,473.0648957192898,1263010816,51.0,164.44,1755.0,1593.0,57.0,207.6,1710.0,1593.0
b16_h4096_q8_csa_profile_sim_batch_inner_ascending_steady,ok,,full,csa_profile_sim,ascending,steady,batch-inner,16,4096,8,2048,10,30,20260803,2026-08-13T07:57:41.363820+00:00,0.14921599626541138,0.14774399995803833,0.15267199277877808,0.14972373296817143,0.0021315731712403746,244.66024373864306,262144,36507222016,0.8125,0.8125,0.722527752539372,0.8696948385518593,54784,4.785046728971962,31555584,0.601875,"[""2K-8K""]",False,0.48812106251716614,0.7776804268360138,14.159228652715683,240108544,52.0,115.47,1755.0,1593.0,52.0,116.63,1755.0,1593.0
b16_h4096_q8_csa_profile_sim_batch_inner_descending_steady,ok,,full,csa_profile_sim,descending,steady,batch-inner,16,4096,8,2048,10,30,20260803,2026-08-13T08:39:35.241332+00:00,0.14905600249767303,0.1462399959564209,0.1518400013446808,0.14911146660645802,0.0016672984159581212,244.9228572097922,262144,36507222016,0.8125,0.8125,0.722527752539372,0.8696948385518593,54784,4.785046728971962,31555584,0.601875,"[""2K-8K""]",False,0.497572124004364,0.73256716132164,12.650679796934128,240108544,49.0,118.56,1755.0,1593.0,49.0,112.55,1755.0,1593.0
b16_h524288_q1024_csa_profile_sim_batch_inner_ascending_steady,ok,,full,csa_profile_sim,ascending,steady,batch-inner,16,524288,1024,2048,10,30,20260803,2026-08-13T07:58:18.995177+00:00,11.640000343322754,11.217439651489258,11.67859172821045,11.49746135075887,0.19489060328475222,401.45397596389313,33554432,4672924418048,0.50390625,0.50390625,0.3817648634796384,0.40694921683891877,4626528,7.2526162167396375,2664880128,50.8285546875,"[""64K+""]",True,1.2479834258556366,45.41299119591713,1699.7739635407925,7266632704,51.0,98.97,1755.0,1593.0,60.0,231.17,1590.0,1593.0
b16_h524288_q1024_csa_profile_sim_batch_inner_descending_steady,ok,,full,csa_profile_sim,descending,steady,batch-inner,16,524288,1024,2048,10,30,20260803,2026-08-13T08:38:54.784920+00:00,11.174528121948242,11.002752304077148,11.205696105957031,11.155886936187745,0.05863169352547946,418.1764426248802,33554432,4672924418048,0.50390625,0.50390625,0.3817648634796384,0.40694921683891877,4626528,7.2526162167396375,2664880128,50.8285546875,"[""64K+""]",True,1.0791309177875519,46.83442786335945,1708.1070467829704,7266632704,52.0,99.63,1755.0,1593.0,59.0,234.37,1560.0,1593.0
b16_h524288_q128_csa_profile_sim_batch_inner_ascending_steady,ok,,full,csa_profile_sim,ascending,steady,batch-inner,16,524288,128,2048,10,30,20260803,2026-08-13T07:57:47.312347+00:00,1.4006400108337402,1.350592017173767,1.4385919570922852,1.3870399951934815,0.028986985082006783,417.0347467857222,4194304,584115552256,0.50390625,0.50390625,0.3817648634796384,0.4064745520425636,1167580,3.592305452303054,672526080,12.8274169921875,"[""64K+""]",True,0.8628256618976593,39.645470678806305,259.3558318912983,5422187520,51.0,147.08,1755.0,1593.0,54.0,166.09,1635.0,1593.0
b16_h524288_q128_csa_profile_sim_batch_inner_descending_steady,ok,,full,csa_profile_sim,descending,steady,batch-inner,16,524288,128,2048,10,30,20260803,2026-08-13T08:39:28.494220+00:00,1.3721599578857422,1.3500479459762573,1.4411519765853882,1.3857600053151449,0.03426690254297017,425.6905682891516,4194304,584115552256,0.50390625,0.50390625,0.3817648634796384,0.4064745520425636,1167580,3.592305452303054,672526080,12.8274169921875,"[""64K+""]",True,0.8660964667797089,39.30695727467537,212.39007264375687,5422187520,50.0,159.75,1755.0,1593.0,54.0,180.51,1590.0,1593.0
b16_h524288_q2_csa_profile_sim_batch_inner_ascending_steady,ok,,full,csa_profile_sim,ascending,steady,batch-inner,16,524288,2,2048,10,30,20260803,2026-08-13T07:57:41.133995+00:00,0.07327999919652939,0.07273600250482559,0.0753600001335144,0.07357759922742843,0.0010939498156180823,124.54701970619364,65536,9126805504,0.50390625,0.50390625,0.38176486347963834,0.40313111545988256,49024,1.3368146214099217,28237824,0.53859375,"[""64K+""]",True,0.8047521114349365,39.73696380853653,7.885269820690155,5212638208,52.0,114.77,1755.0,1593.0,52.0,114.9,1755.0,1593.0
b16_h524288_q2_csa_profile_sim_batch_inner_descending_steady,ok,,full,csa_profile_sim,descending,steady,batch-inner,16,524288,2,2048,10,30,20260803,2026-08-13T08:39:35.555715+00:00,0.07369600236415863,0.07308799773454666,0.07539200037717819,0.07396373351414999,0.0009719250950573691,123.84396997412628,65536,9126805504,0.50390625,0.50390625,0.38176486347963834,0.40313111545988256,49024,1.3368146214099217,28237824,0.53859375,"[""64K+""]",True,0.7190555334091187,38.87692093849182,9.685568511486053,5212638208,50.0,112.73,1755.0,1593.0,49.0,111.6,1755.0,1593.0
b16_h524288_q32_csa_profile_sim_batch_inner_ascending_steady,ok,,full,csa_profile_sim,ascending,steady,batch-inner,16,524288,32,2048,10,30,20260803,2026-08-13T07:57:43.834265+00:00,0.38896000385284424,0.38659200072288513,0.3912000060081482,0.389179735382398,0.001874059544336922,375.4342004769398,1048576,146028888064,0.50390625,0.50390625,0.38176486347963834,0.4080731714774951,430632,2.434969997584945,248044032,4.731064453125,"[""64K+""]",True,0.7979720830917358,39.81824219226837,66.09513610601425,5262312448,51.0,136.37,1755.0,1593.0,51.0,136.87,1755.0,1593.0
b16_h524288_q32_csa_profile_sim_batch_inner_descending_steady,ok,,full,csa_profile_sim,descending,steady,batch-inner,16,524288,32,2048,10,30,20260803,2026-08-13T08:39:32.597479+00:00,0.3913919925689697,0.38886401057243347,0.3959999978542328,0.3917493333419164,0.002475307216390411,373.1013685423503,1048576,146028888064,0.50390625,0.50390625,0.38176486347963834,0.4080731714774951,430632,2.434969997584945,248044032,4.731064453125,"[""64K+""]",True,0.9008236229419708,39.286550134420395,56.26944079995155,5262312448,52.0,134.66,1740.0,1593.0,52.0,137.12,1740.0,1593.0
b16_h524288_q4096_csa_profile_sim_batch_inner_ascending_steady,ok,,full,csa_profile_sim,ascending,steady,batch-inner,16,524288,4096,2048,10,30,20260803,2026-08-13T07:59:27.729772+00:00,47.09939193725586,44.76121520996094,48.30326461791992,46.74854100545247,1.3727981111893302,396.8564540513053,134217728,18691697672192,0.50390625,0.50390625,0.3817648634796384,0.4066558957333201,8033216,16.707845027446044,4627132416,88.255546875,"[""64K+""]",True,1.3626329600811005,61.96954846382141,7097.452752292156,14566818816,54.0,108.82,1725.0,1593.0,67.0,336.34,1620.0,1593.0
b16_h524288_q4096_csa_profile_sim_batch_inner_descending_steady,ok,,full,csa_profile_sim,descending,steady,batch-inner,16,524288,4096,2048,10,30,20260803,2026-08-13T08:37:38.871296+00:00,46.54790496826172,44.71443176269531,49.94812774658203,46.76961250305176,1.619556083906801,401.55830181695114,134217728,18691697672192,0.50390625,0.50390625,0.3817648634796384,0.4066558957333201,8033216,16.707845027446044,4627132416,88.255546875,"[""64K+""]",True,1.2842081487178802,58.342043310403824,7498.901002109051,14566818816,49.0,106.99,1725.0,1593.0,63.0,341.06,1485.0,1593.0
b16_h524288_q512_csa_profile_sim_batch_inner_ascending_steady,ok,,full,csa_profile_sim,ascending,steady,batch-inner,16,524288,512,2048,10,30,20260803,2026-08-13T07:57:58.803574+00:00,5.738048076629639,5.6113600730896,10.498784065246582,6.175193611780802,1.3484575817261881,407.18763206953986,16777216,2336462209024,0.50390625,0.50390625,0.3817648634796384,0.40646308555528377,2948272,5.690525161857522,1698204672,32.39068359375,"[""64K+""]",True,1.116100698709488,42.155902832746506,848.8237746059895,6057100288,51.0,112.04,1755.0,1593.0,56.0,164.85,1725.0,1593.0
b16_h524288_q512_csa_profile_sim_batch_inner_descending_steady,ok,,full,csa_profile_sim,descending,steady,batch-inner,16,524288,512,2048,10,30,20260803,2026-08-13T08:39:16.156330+00:00,5.656864166259766,5.517312049865723,5.868864059448242,5.73234666188558,0.11816247552843587,413.0313439307548,16777216,2336462209024,0.50390625,0.50390625,0.3817648634796384,0.40646308555528377,2948272,5.690525161857522,1698204672,32.39068359375,"[""64K+""]",True,1.1516138911247253,41.670434176921844,863.6271208524704,6057100288,50.0,104.83,1755.0,1593.0,56.0,161.18,1590.0,1593.0
b16_h524288_q8_csa_profile_sim_batch_inner_ascending_steady,ok,,full,csa_profile_sim,ascending,steady,batch-inner,16,524288,8,2048,10,30,20260803,2026-08-13T07:57:42.202079+00:00,0.16185599565505981,0.15939199924468994,0.1653439998626709,0.162063999970754,0.0018052405495174258,225.5537205665371,262144,36507222016,0.50390625,0.50390625,0.38176486347963834,0.4081305039138943,139164,1.8837055560346065,80158464,1.5289013671875,"[""64K+""]",True,0.6738714873790741,39.47829082608223,16.89239963889122,5222573056,52.0,124.38,1755.0,1593.0,52.0,124.77,1755.0,1593.0
b16_h524288_q8_csa_profile_sim_batch_inner_descending_steady,ok,,full,csa_profile_sim,descending,steady,batch-inner,16,524288,8,2048,10,30,20260803,2026-08-13T08:39:34.247957+00:00,0.1613759994506836,0.15830400586128235,0.19113600254058838,0.16456426630417506,0.010865141094771946,226.22460675855697,262144,36507222016,0.50390625,0.50390625,0.38176486347963834,0.4081305039138943,139164,1.8837055560346065,80158464,1.5289013671875,"[""64K+""]",True,0.7307492196559906,38.91192376613617,19.255146384239197,5222573056,52.0,126.58,1755.0,1593.0,50.0,127.92,1755.0,1593.0
b16_h65536_q1024_csa_profile_sim_batch_inner_ascending_steady,ok,,full,csa_profile_sim,ascending,steady,batch-inner,16,65536,1024,2048,10,30,20260803,2026-08-13T07:58:12.349060+00:00,11.155679702758789,11.135392189025879,11.195775985717773,11.161029275258382,0.021790883684389202,418.88298539912273,33554432,4672924418048,0.50390625,0.50390625,0.3817648634796384,0.4113515118563479,1064884,31.509940988877663,613373184,11.6991650390625,"[""64K+""]",False,0.941198319196701,10.508950799703598,1541.4666645228863,3038774272,52.0,100.27,1755.0,1593.0,60.0,233.83,1710.0,1593.0
b16_h65536_q1024_csa_profile_sim_batch_inner_descending_steady,ok,,full,csa_profile_sim,descending,steady,batch-inner,16,65536,1024,2048,10,30,20260803,2026-08-13T08:39:01.665928+00:00,11.21235179901123,11.136192321777344,11.236512184143066,11.19606081644694,0.036894155412472325,416.7657688425443,33554432,4672924418048,0.50390625,0.50390625,0.3817648634796384,0.4113515118563479,1064884,31.509940988877663,613373184,11.6991650390625,"[""64K+""]",False,1.042880117893219,10.961182415485382,1675.3421425819397,3038774272,51.0,97.9,1755.0,1593.0,60.0,230.73,1605.0,1593.0
b16_h65536_q128_csa_profile_sim_batch_inner_ascending_steady,ok,,full,csa_profile_sim,ascending,steady,batch-inner,16,65536,128,2048,10,30,20260803,2026-08-13T07:57:46.121776+00:00,1.3557759523391724,1.3472959995269775,1.43231999874115,1.3852362751960754,0.03833762200981863,430.8348671092764,4194304,584115552256,0.50390625,0.50390625,0.3817648634796384,0.41146247400929553,871292,4.813890176886738,501864192,9.5722998046875,"[""64K+""]",False,0.8043497800827026,5.710899829864502,201.31313055753708,1194329088,51.0,135.4,1740.0,1593.0,54.0,155.85,1680.0,1593.0
b16_h65536_q128_csa_profile_sim_batch_inner_descending_steady,ok,,full,csa_profile_sim,descending,steady,batch-inner,16,65536,128,2048,10,30,20260803,2026-08-13T08:39:30.009101+00:00,1.4107199907302856,1.349727988243103,1.4572800397872925,1.3908543944358827,0.035333562646034204,414.0549195404976,4194304,584115552256,0.50390625,0.50390625,0.3817648634796384,0.41146247400929553,871292,4.813890176886738,501864192,9.5722998046875,"[""64K+""]",False,2.2702403366565704,13.025086373090744,282.7535644173622,1194329088,53.0,199.82,1755.0,1593.0,56.0,197.86,1515.0,1593.0
b16_h65536_q2_csa_profile_sim_batch_inner_ascending_steady,ok,,full,csa_profile_sim,ascending,steady,batch-inner,16,65536,2,2048,10,30,20260803,2026-08-13T07:57:40.807600+00:00,0.07331199944019318,0.07280000299215317,0.0777600035071373,0.07376426632205645,0.0014837038095287974,124.49265568654297,65536,9126805504,0.50390625,0.50390625,0.38176486347963834,0.40808463796477495,49024,1.3368146214099217,28237824,0.53859375,"[""64K+""]",False,0.6486289203166962,5.184993147850037,10.438535362482071,984779776,52.0,178.56,1755.0,1593.0,52.0,154.86,1755.0,1593.0
b16_h65536_q2_csa_profile_sim_batch_inner_descending_steady,ok,,full,csa_profile_sim,descending,steady,batch-inner,16,65536,2,2048,10,30,20260803,2026-08-13T08:39:35.909044+00:00,0.0732479989528656,0.07289600372314453,0.077504001557827,0.07417493214209875,0.0035579768383387513,124.60143122644229,65536,9126805504,0.50390625,0.50390625,0.38176486347963834,0.40808463796477495,49024,1.3368146214099217,28237824,0.53859375,"[""64K+""]",False,0.5438178777694702,5.398858338594437,6.582319736480713,984779776,50.0,114.98,1755.0,1593.0,50.0,114.69,1755.0,1593.0
b16_h65536_q32_csa_profile_sim_batch_inner_ascending_steady,ok,,full,csa_profile_sim,ascending,steady,batch-inner,16,65536,32,2048,10,30,20260803,2026-08-13T07:57:43.257295+00:00,0.38870400190353394,0.38601601123809814,0.3917439877986908,0.38903040091196694,0.002148045175499381,375.68146288403926,1048576,146028888064,0.50390625,0.50390625,0.38176486347963834,0.41015242783757344,407336,2.574228646620971,234625536,4.475126953125,"[""64K+""]",False,0.6532855331897736,5.455926060676575,65.97987934947014,1034454016,50.0,118.7,1755.0,1593.0,50.0,122.88,1755.0,1593.0
b16_h65536_q32_csa_profile_sim_batch_inner_descending_steady,ok,,full,csa_profile_sim,descending,steady,batch-inner,16,65536,32,2048,10,30,20260803,2026-08-13T08:39:33.103654+00:00,0.3882240056991577,0.385888010263443,0.3938240110874176,0.3888213356335958,0.0024629789029536548,376.145951616296,1048576,146028888064,0.50390625,0.50390625,0.38176486347963834,0.41015242783757344,407336,2.574228646620971,234625536,4.475126953125,"[""64K+""]",False,0.6788857281208038,5.65749779343605,85.89422330260277,1034454016,51.0,140.57,1755.0,1593.0,51.0,146.06,1755.0,1593.0
b16_h65536_q4096_csa_profile_sim_batch_inner_ascending_steady,ok,,full,csa_profile_sim,ascending,steady,batch-inner,16,65536,4096,2048,10,30,20260803,2026-08-13T07:59:01.409085+00:00,46.97283172607422,44.42486572265625,48.3039665222168,46.67181968688965,1.513148308475505,397.92571546876525,134217728,18691697672192,0.50390625,0.50390625,0.3817648634796384,0.4112026864068616,1114024,120.48010455789104,641677824,12.239033203125,"[""64K+""]",False,1.173943281173706,27.5326669216156,6430.100090801716,10338960384,52.0,110.22,1710.0,1593.0,65.0,339.68,1515.0,1593.0
b16_h65536_q4096_csa_profile_sim_batch_inner_descending_steady,ok,,full,csa_profile_sim,descending,steady,batch-inner,16,65536,4096,2048,10,30,20260803,2026-08-13T08:38:06.568537+00:00,47.00092697143555,44.16438293457031,47.9799690246582,46.52938982645671,1.384945978453199,397.6878516364525,134217728,18691697672192,0.50390625,0.50390625,0.3817648634796384,0.4112026864068616,1114024,120.48010455789104,641677824,12.239033203125,"[""64K+""]",False,1.4994814991950989,27.824413031339645,6634.619176387787,10338960384,50.0,108.48,1695.0,1593.0,63.0,348.16,1350.0,1593.0
b16_h65536_q512_csa_profile_sim_batch_inner_ascending_steady,ok,,full,csa_profile_sim,ascending,steady,batch-inner,16,65536,512,2048,10,30,20260803,2026-08-13T07:57:55.303651+00:00,5.737504005432129,5.63043212890625,5.845248222351074,5.744469356536865,0.08017945491699653,407.2262445153668,16777216,2336462209024,0.50390625,0.50390625,0.3817648634796384,0.4111430845615215,1054524,15.909752646691777,607405824,11.5853466796875,"[""64K+""]",False,0.9448379278182983,7.842980325222015,771.1048312485218,1829241856,50.0,125.92,1755.0,1593.0,57.0,162.97,1605.0,1593.0
b16_h65536_q512_csa_profile_sim_batch_inner_descending_steady,ok,,full,csa_profile_sim,descending,steady,batch-inner,16,65536,512,2048,10,30,20260803,2026-08-13T08:39:19.899421+00:00,5.642176151275635,5.54310417175293,5.843776226043701,5.701091210047404,0.10200056727732944,414.10656923494867,16777216,2336462209024,0.50390625,0.50390625,0.3817648634796384,0.4111430845615215,1054524,15.909752646691777,607405824,11.5853466796875,"[""64K+""]",False,0.9093955159187317,8.025474846363068,801.7321266233921,1829241856,50.0,122.84,1755.0,1593.0,57.0,164.86,1440.0,1593.0
b16_h65536_q8_csa_profile_sim_batch_inner_ascending_steady,ok,,full,csa_profile_sim,ascending,steady,batch-inner,16,65536,8,2048,10,30,20260803,2026-08-13T07:57:41.882829+00:00,0.16179199516773224,0.16047999262809753,0.16396799683570862,0.16203946669896443,0.0011597944302314343,225.64294344817498,262144,36507222016,0.50390625,0.50390625,0.38176486347963834,0.41450587084148727,138628,1.890988833424705,79849728,1.5230126953125,"[""64K+""]",False,0.5510002374649048,5.2132271230220795,16.431141644716263,994714624,51.0,118.6,1755.0,1593.0,51.0,119.26,1755.0,1593.0
b16_h65536_q8_csa_profile_sim_batch_inner_descending_steady,ok,,full,csa_profile_sim,descending,steady,batch-inner,16,65536,8,2048,10,30,20260803,2026-08-13T08:39:34.691410+00:00,0.16259199380874634,0.16124799847602844,0.16524800658226013,0.16319679965575537,0.0016442598697448787,224.53271628455892,262144,36507222016,0.50390625,0.50390625,0.38176486347963834,0.41450587084148727,138628,1.890988833424705,79849728,1.5230126953125,"[""64K+""]",False,1.6194246709346771,5.39899617433548,23.92582595348358,994714624,50.0,128.52,1755.0,1593.0,50.0,129.73,1755.0,1593.0
b16_h8192_q1024_csa_profile_sim_batch_inner_ascending_steady,ok,,full,csa_profile_sim,ascending,steady,batch-inner,16,8192,1024,2048,10,30,20260803,2026-08-13T07:58:05.989466+00:00,10.279808044433594,10.269984245300293,10.311103820800781,10.282299772898357,0.012065028278725947,454.57312022264256,33554432,4672924418048,0.677734375,0.677734375,0.5584174625084868,0.6828227481730063,147392,227.65436387320887,84897792,1.619296875,"[""8K-16K""]",False,1.0055974125862122,6.308261305093765,1335.9558880329132,2510291968,51.0,95.65,1755.0,1593.0,58.0,219.97,1710.0,1593.0
b16_h8192_q1024_csa_profile_sim_batch_inner_descending_steady,ok,,full,csa_profile_sim,descending,steady,batch-inner,16,8192,1024,2048,10,30,20260803,2026-08-13T08:39:08.283436+00:00,10.751775741577148,10.179360389709473,10.857312202453613,10.590589904785157,0.24083896367358157,434.6188509101606,33554432,4672924418048,0.677734375,0.677734375,0.5584174625084868,0.6828227481730063,147392,227.65436387320887,84897792,1.619296875,"[""8K-16K""]",False,0.9262599050998688,6.328843533992767,1326.2317180633545,2510291968,51.0,97.53,1755.0,1593.0,61.0,215.22,1575.0,1593.0
b16_h8192_q128_csa_profile_sim_batch_inner_ascending_steady,ok,,full,csa_profile_sim,ascending,steady,batch-inner,16,8192,128,2048,10,30,20260803,2026-08-13T07:57:44.939157+00:00,1.2275840044021606,1.2208960056304932,1.3134080171585083,1.2467744072278342,0.027722343488893925,475.82532043537594,4194304,584115552256,0.677734375,0.677734375,0.5584174625084868,0.6834360857999021,133048,31.524742949912813,76635648,1.461708984375,"[""8K-16K""]",False,0.6160922348499298,1.4424771070480347,155.39754927158356,665846784,51.0,126.11,1740.0,1593.0,52.0,144.14,1620.0,1593.0
b16_h8192_q128_csa_profile_sim_batch_inner_descending_steady,ok,,full,csa_profile_sim,descending,steady,batch-inner,16,8192,128,2048,10,30,20260803,2026-08-13T08:39:31.304901+00:00,1.269919991493225,1.2150720357894897,1.3332480192184448,1.2570154786109924,0.035808739121163904,459.9624828089937,4194304,584115552256,0.677734375,0.677734375,0.5584174625084868,0.6834360857999021,133048,31.524742949912813,76635648,1.461708984375,"[""8K-16K""]",False,0.6581731140613556,1.431576907634735,207.92263746261597,665846784,51.0,133.04,1740.0,1593.0,54.0,150.24,1695.0,1593.0
b16_h8192_q2_csa_profile_sim_batch_inner_ascending_steady,ok,,full,csa_profile_sim,ascending,steady,batch-inner,16,8192,2,2048,10,30,20260803,2026-08-13T07:57:40.483504+00:00,0.07168000191450119,0.07100799679756165,0.07344000041484833,0.07200000037749608,0.0011427778759728656,127.32708231350654,65536,9126805504,0.677734375,0.677734375,0.5584174625084867,0.6613869863013699,43328,1.5125553914327918,24956928,0.476015625,"[""8K-16K""]",False,0.5552023649215698,0.962182879447937,7.096476852893829,456297472,54.0,262.67,1755.0,1593.0,53.0,245.63,1755.0,1593.0
b16_h8192_q2_csa_profile_sim_batch_inner_descending_steady,ok,,full,csa_profile_sim,descending,steady,batch-inner,16,8192,2,2048,10,30,20260803,2026-08-13T08:39:36.207591+00:00,0.07187200337648392,0.07110399752855301,0.077504001557827,0.07229653298854828,0.0017079715080671862,126.98693615358768,65536,9126805504,0.677734375,0.677734375,0.5584174625084867,0.6613869863013699,43328,1.5125553914327918,24956928,0.476015625,"[""8K-16K""]",False,0.5407966673374176,0.9434409439563751,6.792765110731125,456297472,48.0,114.43,1755.0,1593.0,48.0,113.92,1755.0,1593.0
b16_h8192_q32_csa_profile_sim_batch_inner_ascending_steady,ok,,full,csa_profile_sim,ascending,steady,batch-inner,16,8192,32,2048,10,30,20260803,2026-08-13T07:57:42.681710+00:00,0.35177600383758545,0.35014399886131287,0.3548479974269867,0.35211093425750734,0.0012963928004438832,415.11895772009893,1048576,146028888064,0.677734375,0.677734375,0.5584174625084867,0.6856271404109588,126340,8.299635903118569,72771840,1.3880126953125,"[""8K-16K""]",False,0.6150044500827789,1.2251213192939758,60.58492511510849,505971712,51.0,129.31,1755.0,1593.0,52.0,132.08,1755.0,1593.0
b16_h8192_q32_csa_profile_sim_batch_inner_descending_steady,ok,,full,csa_profile_sim,descending,steady,batch-inner,16,8192,32,2048,10,30,20260803,2026-08-13T08:39:33.720215+00:00,0.35388800501823425,0.3516800105571747,0.359391987323761,0.354449067513148,0.002233845611532321,412.64153063474356,1048576,146028888064,0.677734375,0.677734375,0.5584174625084867,0.6856271404109588,126340,8.299635903118569,72771840,1.3880126953125,"[""8K-16K""]",False,0.6173178553581238,1.2197159230709076,55.83372339606285,505971712,50.0,125.51,1755.0,1593.0,50.0,128.62,1755.0,1593.0
b16_h8192_q4096_csa_profile_sim_batch_inner_ascending_steady,ok,,full,csa_profile_sim,ascending,steady,batch-inner,16,8192,4096,2048,10,30,20260803,2026-08-13T07:58:36.239124+00:00,43.44879913330078,41.25798416137695,83.72064208984375,52.128713353474936,16.404857504807545,430.20055893480344,134217728,18691697672192,0.677734375,0.677734375,0.5584174625084868,0.6759104868670499,196556,682.8472699892143,113216256,2.1594287109375,"[""8K-16K""]",False,1.2304075062274933,23.226823657751083,5522.684179246426,9810478080,57.0,167.73,1755.0,1593.0,69.0,349.21,1620.0,1593.0
b16_h8192_q4096_csa_profile_sim_batch_inner_descending_steady,ok,,full,csa_profile_sim,descending,steady,batch-inner,16,8192,4096,2048,10,30,20260803,2026-08-13T08:38:32.410180+00:00,43.69001770019531,41.094398498535156,44.75475311279297,43.14256006876628,1.5007463539782657,427.82536277407917,134217728,18691697672192,0.677734375,0.677734375,0.5584174625084868,0.6759104868670499,196556,682.8472699892143,113216256,2.1594287109375,"[""8K-16K""]",False,1.2087859213352203,23.35471287369728,5608.920339494944,9810478080,51.0,105.12,1725.0,1593.0,64.0,341.7,1530.0,1593.0
b16_h8192_q512_csa_profile_sim_batch_inner_ascending_steady,ok,,full,csa_profile_sim,ascending,steady,batch-inner,16,8192,512,2048,10,30,20260803,2026-08-13T07:57:51.990680+00:00,5.33676815032959,5.045152187347412,5.3504638671875,5.2659414132436115,0.11385654013431287,437.8047056212671,16777216,2336462209024,0.677734375,0.677734375,0.5584174625084868,0.684425548098092,139200,120.52597701149425,80179200,1.529296875,"[""8K-16K""]",False,0.9164251387119293,3.5203881561756134,643.4838771820068,1300759552,50.0,153.69,1755.0,1593.0,54.0,156.9,1665.0,1593.0
b16_h8192_q512_csa_profile_sim_batch_inner_descending_steady,ok,,full,csa_profile_sim,descending,steady,batch-inner,16,8192,512,2048,10,30,20260803,2026-08-13T08:39:23.348427+00:00,5.226111888885498,5.0346879959106445,5.249792098999023,5.177738698323568,0.07196684661311846,447.0746625216755,16777216,2336462209024,0.677734375,0.677734375,0.5584174625084868,0.684425548098092,139200,120.52597701149425,80179200,1.529296875,"[""8K-16K""]",False,0.8111298084259033,3.532368689775467,661.4801175892353,1300759552,51.0,158.72,1755.0,1593.0,56.0,162.11,1590.0,1593.0
b16_h8192_q8_csa_profile_sim_batch_inner_ascending_steady,ok,,full,csa_profile_sim,ascending,steady,batch-inner,16,8192,8,2048,10,30,20260803,2026-08-13T07:57:41.459858+00:00,0.15507200360298157,0.15356799960136414,0.1611199975013733,0.15558293362458547,0.0020275556817151504,235.42110224787265,262144,36507222016,0.677734375,0.677734375,0.5584174625084867,0.6803296232876712,84052,3.1188311997334983,48413952,0.9234228515625,"[""8K-16K""]",False,0.5630813539028168,1.0673068463802338,18.59515532851219,466232320,51.0,116.7,1755.0,1593.0,51.0,116.52,1755.0,1593.0
b16_h8192_q8_csa_profile_sim_batch_inner_descending_steady,ok,,full,csa_profile_sim,descending,steady,batch-inner,16,8192,8,2048,10,30,20260803,2026-08-13T08:39:35.116241+00:00,0.15462400019168854,0.15279999375343323,0.15795199573040009,0.1549439996480942,0.002257425492992321,236.10320500531435,262144,36507222016,0.677734375,0.677734375,0.5584174625084867,0.6803296232876712,84052,3.1188311997334983,48413952,0.9234228515625,"[""8K-16K""]",False,0.5237199366092682,1.0426640510559082,17.413724213838577,466232320,49.0,125.4,1755.0,1593.0,49.0,122.29,1755.0,1593.0
b1_h131072_q1024_csa_profile_sim_batch_inner_ascending_steady,ok,,full,csa_profile_sim,ascending,steady,batch-inner,1,131072,1024,2048,10,30,20260803,2026-08-13T07:53:10.366601+00:00,0.6021760106086731,0.5999040007591248,0.6072959899902344,0.6023562709490459,0.0018701527950256629,485.0040037841944,2097152,292057776128,0.50390625,0.50390625,0.3817648634796384,0.40730873899217224,129644,16.176236462929253,74674944,1.4243115234375,"[""64K+""]",True,0.7259584963321686,1.4555305242538452,1023.8299109041691,558957568,39.0,86.42,1755.0,1593.0,40.0,95.25,1755.0,1593.0
b1_h131072_q1024_csa_profile_sim_batch_inner_descending_steady,ok,,full,csa_profile_sim,descending,steady,batch-inner,1,131072,1024,2048,10,30,20260803,2026-08-13T08:44:00.995763+00:00,0.604095995426178,0.6006720066070557,0.6094719767570496,0.6039136012395223,0.0025335523350586415,483.4625263853287,2097152,292057776128,0.50390625,0.50390625,0.3817648634796384,0.40730873899217224,129644,16.176236462929253,74674944,1.4243115234375,"[""64K+""]",True,0.6680823862552643,1.2851431965827942,998.0361461639404,558957568,40.0,87.04,1755.0,1593.0,40.0,94.9,1755.0,1593.0
b1_h131072_q128_csa_profile_sim_batch_inner_ascending_steady,ok,,full,csa_profile_sim,ascending,steady,batch-inner,1,131072,128,2048,10,30,20260803,2026-08-13T07:52:53.382497+00:00,0.150176003575325,0.14851200580596924,0.15136000514030457,0.15007466673851014,0.0009908315080580622,243.0962413891163,262144,36507222016,0.50390625,0.50390625,0.3817648634796384,0.4094453277886497,65760,3.986374695863747,37877760,0.7224609375,"[""64K+""]",True,0.5339235067367554,1.0206475853919983,129.52163815498352,466232320,38.0,89.85,1755.0,1593.0,38.0,90.49,1755.0,1593.0
b1_h131072_q128_csa_profile_sim_batch_inner_descending_steady,ok,,full,csa_profile_sim,descending,steady,batch-inner,1,131072,128,2048,10,30,20260803,2026-08-13T08:44:18.161254+00:00,0.1499200016260147,0.14771200716495514,0.15318399667739868,0.15005119889974594,0.0016042045701342425,243.51135018707953,262144,36507222016,0.50390625,0.50390625,0.3817648634796384,0.4094453277886497,65760,3.986374695863747,37877760,0.7224609375,"[""64K+""]",True,0.46617165207862854,0.9845606982707977,125.32973662018776,466232320,40.0,92.07,1755.0,1593.0,40.0,92.57,1755.0,1593.0
b1_h131072_q2_csa_profile_sim_batch_inner_ascending_steady,ok,,full,csa_profile_sim,ascending,steady,batch-inner,1,131072,2,2048,30,100,20260803,2026-08-13T08:53:18.379534+00:00,0.06809599697589874,0.06668800115585327,0.06966400146484375,0.06811648018658162,0.0010921288684962631,8.376782326894942,4096,570425344,0.50390625,0.50390625,0.38176486347963834,0.4158512720156556,3064,1.3368146214099217,1764864,0.033662109375,"[""64K+""]",True,0.3679804503917694,0.8992291986942291,2.7518607676029205,453193216,36.0,68.08,1755.0,1593.0,36.0,70.8,1755.0,1593.0
b1_h131072_q2_csa_profile_sim_batch_inner_descending_steady,ok,,full,csa_profile_sim,descending,steady,batch-inner,1,131072,2,2048,30,100,20260803,2026-08-13T08:54:03.761192+00:00,0.06796800345182419,0.06652799993753433,0.06995200365781784,0.06802624002099038,0.0010799455020278292,8.39255701257016,4096,570425344,0.50390625,0.50390625,0.38176486347963834,0.4158512720156556,3064,1.3368146214099217,1764864,0.033662109375,"[""64K+""]",True,0.3476366400718689,0.8930899202823639,2.734072506427765,453193216,54.0,194.33,1740.0,1593.0,53.0,194.48,1740.0,1593.0
b1_h131072_q32_csa_profile_sim_batch_inner_ascending_steady,ok,,full,csa_profile_sim,ascending,steady,batch-inner,1,131072,32,2048,10,30,20260803,2026-08-13T07:52:51.256627+00:00,0.06998399645090103,0.06947200000286102,0.07302399724721909,0.07020479962229728,0.0009061269759306918,130.41275101234223,65536,9126805504,0.50390625,0.50390625,0.38176486347963834,0.40747309197651665,26428,2.479794157711518,15222528,0.2903466796875,"[""64K+""]",True,0.6176643073558807,0.9851232171058655,32.72052854299545,456297472,38.0,86.78,1755.0,1593.0,38.0,86.81,1755.0,1593.0
b1_h131072_q32_csa_profile_sim_batch_inner_descending_steady,ok,,full,csa_profile_sim,descending,steady,batch-inner,1,131072,32,2048,10,30,20260803,2026-08-13T08:44:20.084818+00:00,0.06924799829721451,0.06889600306749344,0.0724480003118515,0.0695626658697923,0.0010223345347808214,131.79883503386588,65536,9126805504,0.50390625,0.50390625,0.38176486347963834,0.40747309197651665,26428,2.479794157711518,15222528,0.2903466796875,"[""64K+""]",True,0.5703382194042206,0.945407897233963,32.38402307033539,456297472,40.0,90.4,1755.0,1593.0,40.0,90.64,1755.0,1593.0
b1_h131072_q4096_csa_profile_sim_batch_inner_ascending_steady,ok,,full,csa_profile_sim,ascending,steady,batch-inner,1,131072,4096,2048,10,30,20260803,2026-08-13T07:53:37.275607+00:00,2.4550399780273438,2.3438398838043213,2.580672025680542,2.491200002034505,0.07368082710574321,475.85013481152714,8388608,1168231104512,0.50390625,0.50390625,0.3817648634796384,0.40823800223214285,135168,62.06060606060606,77856768,1.485,"[""64K+""]",True,0.8614547550678253,2.057049423456192,4038.7572422623634,876872704,40.0,86.53,1755.0,1593.0,45.0,118.03,1635.0,1593.0
b1_h131072_q4096_csa_profile_sim_batch_inner_descending_steady,ok,,full,csa_profile_sim,descending,steady,batch-inner,1,131072,4096,2048,10,30,20260803,2026-08-13T08:43:30.976820+00:00,2.509376049041748,2.3499200344085693,2.543776035308838,2.474566411972046,0.07515978923151156,465.54644727644984,8388608,1168231104512,0.50390625,0.50390625,0.3817648634796384,0.40823800223214285,135168,62.06060606060606,77856768,1.485,"[""64K+""]",True,0.9056814014911652,2.108883112668991,4064.6743327379227,876872704,40.0,86.72,1755.0,1593.0,44.0,117.15,1725.0,1593.0
b1_h131072_q512_csa_profile_sim_batch_inner_ascending_steady,ok,,full,csa_profile_sim,ascending,steady,batch-inner,1,131072,512,2048,10,30,20260803,2026-08-13T07:52:59.932477+00:00,0.3445119857788086,0.34275200963020325,0.34838399291038513,0.3451349308093389,0.0017802787718223152,423.87172026507307,1048576,146028888064,0.50390625,0.50390625,0.3817648634796384,0.4077826871330724,115884,9.048496772634703,66749184,1.2731396484375,"[""64K+""]",True,0.6501898169517517,1.2397505342960358,501.37045606970787,505971712,39.0,89.88,1755.0,1593.0,39.0,94.03,1755.0,1593.0
b1_h131072_q512_csa_profile_sim_batch_inner_descending_steady,ok,,full,csa_profile_sim,descending,steady,batch-inner,1,131072,512,2048,10,30,20260803,2026-08-13T08:44:11.614482+00:00,0.3441919982433319,0.34217599034309387,0.3494400084018707,0.34499946534633635,0.0024670281275454785,424.2657842404651,1048576,146028888064,0.50390625,0.50390625,0.3817648634796384,0.4077826871330724,115884,9.048496772634703,66749184,1.2731396484375,"[""64K+""]",True,0.6013289093971252,1.2044347822666168,502.3124888539314,505971712,40.0,91.53,1755.0,1593.0,41.0,94.33,1755.0,1593.0
b1_h131072_q8_csa_profile_sim_batch_inner_ascending_steady,ok,,full,csa_profile_sim,ascending,steady,batch-inner,1,131072,8,2048,10,30,20260803,2026-08-13T07:52:50.026504+00:00,0.07145600020885468,0.07088000327348709,0.07635200023651123,0.07255893275141716,0.003813819588100966,31.931557452571443,16384,2281701376,0.50390625,0.50390625,0.38176486347963834,0.3852739726027397,8788,1.8643604915794265,5061888,0.0965478515625,"[""64K+""]",True,0.43735653162002563,1.03658065199852,9.127605706453323,453813760,38.0,86.75,1755.0,1593.0,38.0,86.8,1755.0,1593.0
b1_h131072_q8_csa_profile_sim_batch_inner_descending_steady,ok,,full,csa_profile_sim,descending,steady,batch-inner,1,131072,8,2048,10,30,20260803,2026-08-13T08:44:21.052716+00:00,0.07094399631023407,0.07039999961853027,0.0719040036201477,0.07109013299147288,0.0008312479008286766,32.16200798757163,16384,2281701376,0.50390625,0.50390625,0.38176486347963834,0.3852739726027397,8788,1.8643604915794265,5061888,0.0965478515625,"[""64K+""]",True,0.37790462374687195,1.045040786266327,8.930817246437073,453813760,39.0,89.85,1755.0,1593.0,39.0,89.72,1755.0,1593.0
b1_h16384_q1024_csa_profile_sim_batch_inner_ascending_steady,ok,,full,csa_profile_sim,ascending,steady,batch-inner,1,16384,1024,2048,10,30,20260803,2026-08-13T07:53:06.943700+00:00,0.5612480044364929,0.5602880120277405,0.5654720067977905,0.5618154644966126,0.0015619107809293766,520.3720526743491,2097152,292057776128,0.6015625,0.6015625,0.4795130637871586,0.5703832100048923,17400,120.52597701149425,10022400,0.191162109375,"[""16K-32K""]",False,0.6463564932346344,0.6233453750610352,1044.9554398655891,304153600,39.0,85.53,1755.0,1593.0,40.0,91.0,1755.0,1593.0
b1_h16384_q1024_csa_profile_sim_batch_inner_descending_steady,ok,,full,csa_profile_sim,descending,steady,batch-inner,1,16384,1024,2048,10,30,20260803,2026-08-13T08:44:04.193976+00:00,0.557856023311615,0.5555520057678223,0.5606399774551392,0.5583178639411926,0.0025793130487757046,523.5361167102758,2097152,292057776128,0.6015625,0.6015625,0.4795130637871586,0.5703832100048923,17400,120.52597701149425,10022400,0.191162109375,"[""16K-32K""]",False,0.6140358746051788,0.6051324307918549,1046.53812199831,304153600,40.0,86.9,1755.0,1593.0,40.0,94.03,1740.0,1593.0
b1_h16384_q128_csa_profile_sim_batch_inner_ascending_steady,ok,,full,csa_profile_sim,ascending,steady,batch-inner,1,16384,128,2048,10,30,20260803,2026-08-13T07:52:52.697926+00:00,0.13580800592899323,0.1335040032863617,0.14652800559997559,0.13733973453442255,0.0039463733532919135,268.8149477364956,262144,36507222016,0.6015625,0.6015625,0.4795130637871586,0.5701749021526419,16360,16.023471882640585,9423360,0.179736328125,"[""16K-32K""]",False,0.5075819790363312,0.4582814872264862,138.90884816646576,70239232,38.0,87.48,1755.0,1593.0,38.0,88.77,1755.0,1593.0
b1_h16384_q128_csa_profile_sim_batch_inner_descending_steady,ok,,full,csa_profile_sim,descending,steady,batch-inner,1,16384,128,2048,10,30,20260803,2026-08-13T08:44:18.831353+00:00,0.1355839967727661,0.13283200562000275,0.13753600418567657,0.13554559995730717,0.00147233528827107,269.2590783939257,262144,36507222016,0.6015625,0.6015625,0.4795130637871586,0.5701749021526419,16360,16.023471882640585,9423360,0.179736328125,"[""16K-32K""]",False,0.44435635209083557,0.40947645902633667,133.8518224656582,70239232,39.0,90.39,1755.0,1593.0,39.0,90.72,1755.0,1593.0
b1_h16384_q2_csa_profile_sim_batch_inner_ascending_steady,ok,,full,csa_profile_sim,ascending,steady,batch-inner,1,16384,2,2048,30,100,20260803,2026-08-13T08:53:17.895788+00:00,0.06860800087451935,0.06739199906587601,0.07126399874687195,0.06895424030721188,0.0014438590457105506,8.314268550737687,4096,570425344,0.6015625,0.6015625,0.4795130637871587,0.5870841487279843,2864,1.4301675977653632,1649664,0.03146484375,"[""16K-32K""]",False,161.73619776964188,21.22597023844719,15.133555978536606,56838144,35.0,61.1,1755.0,1593.0,35.0,63.1,1755.0,1593.0
b1_h16384_q2_csa_profile_sim_batch_inner_descending_steady,ok,,full,csa_profile_sim,descending,steady,batch-inner,1,16384,2,2048,30,100,20260803,2026-08-13T08:54:04.006473+00:00,0.06790400296449661,0.06652799993753433,0.06950400024652481,0.06795999988913536,0.0009857072840878266,8.400467116765487,4096,570425344,0.6015625,0.6015625,0.4795130637871587,0.5870841487279843,2864,1.4301675977653632,1649664,0.03146484375,"[""16K-32K""]",False,0.33333152532577515,0.38927048444747925,5.0996169447898865,56838144,52.0,193.51,1755.0,1593.0,52.0,193.71,1755.0,1593.0
b1_h16384_q32_csa_profile_sim_batch_inner_ascending_steady,ok,,full,csa_profile_sim,ascending,steady,batch-inner,1,16384,32,2048,10,30,20260803,2026-08-13T07:52:50.726493+00:00,0.06972800195217133,0.0689919963479042,0.07276800274848938,0.07000213315089544,0.0010912169852536294,130.89153924502767,65536,9126805504,0.6015625,0.6015625,0.4795130637871587,0.5775440313111546,12744,5.142498430634024,7340544,0.140009765625,"[""16K-32K""]",False,0.4657544195652008,0.6198175251483917,35.937242209911346,60027904,38.0,87.62,1755.0,1593.0,38.0,87.69,1755.0,1593.0
b1_h16384_q32_csa_profile_sim_batch_inner_descending_steady,ok,,full,csa_profile_sim,descending,steady,batch-inner,1,16384,32,2048,10,30,20260803,2026-08-13T08:44:20.425776+00:00,0.06918399780988693,0.06857600063085556,0.07142399996519089,0.06945279985666275,0.0008988748481895796,131.92075903274426,65536,9126805504,0.6015625,0.6015625,0.4795130637871587,0.5775440313111546,12744,5.142498430634024,7340544,0.140009765625,"[""16K-32K""]",False,0.36418065428733826,0.5358792841434479,34.940704703330994,60027904,39.0,89.62,1755.0,1593.0,39.0,90.01,1755.0,1593.0
b1_h16384_q4096_csa_profile_sim_batch_inner_ascending_steady,ok,,full,csa_profile_sim,ascending,steady,batch-inner,1,16384,4096,2048,10,30,20260803,2026-08-13T07:53:24.846439+00:00,2.2100799083709717,2.1665279865264893,2.3689279556274414,2.2573813358942667,0.08131361912381008,528.5922468627354,8388608,1168231104512,0.6015625,0.6015625,0.4795130637871586,0.5661238877507339,20476,409.68001562805233,11794176,0.2249560546875,"[""16K-32K""]",False,0.866476446390152,1.5183798968791962,4089.31590244174,811598848,39.0,85.28,1755.0,1593.0,44.0,114.74,1710.0,1593.0
b1_h16384_q4096_csa_profile_sim_batch_inner_descending_steady,ok,,full,csa_profile_sim,descending,steady,batch-inner,1,16384,4096,2048,10,30,20260803,2026-08-13T08:43:43.575764+00:00,2.310879945755005,2.1533761024475098,2.350912094116211,2.2709461450576782,0.07970751503969392,505.5351779126364,8388608,1168231104512,0.6015625,0.6015625,0.4795130637871586,0.5661238877507339,20476,409.68001562805233,11794176,0.2249560546875,"[""16K-32K""]",False,0.8442960679531097,1.504264771938324,4185.016766190529,811598848,40.0,87.1,1755.0,1593.0,45.0,115.38,1725.0,1593.0
b1_h16384_q512_csa_profile_sim_batch_inner_ascending_steady,ok,,full,csa_profile_sim,ascending,steady,batch-inner,1,16384,512,2048,10,30,20260803,2026-08-13T07:52:58.007304+00:00,0.3208959996700287,0.31865599751472473,0.3261759877204895,0.3213450660308202,0.0025521142556293535,455.0660906155226,1048576,146028888064,0.6015625,0.6015625,0.4795130637871586,0.5716426125244618,16892,62.07530191806772,9729792,0.1855810546875,"[""16K-32K""]",False,0.6308816373348236,0.5867816507816315,538.5612361133099,156795904,39.0,90.48,1755.0,1593.0,40.0,94.84,1755.0,1593.0
b1_h16384_q512_csa_profile_sim_batch_inner_descending_steady,ok,,full,csa_profile_sim,descending,steady,batch-inner,1,16384,512,2048,10,30,20260803,2026-08-13T08:44:13.370889+00:00,0.31964799761772156,0.3179520070552826,0.32287999987602234,0.31994453370571135,0.0016821339930753745,456.8428056872771,1048576,146028888064,0.6015625,0.6015625,0.4795130637871586,0.5716426125244618,16892,62.07530191806772,9729792,0.1855810546875,"[""16K-32K""]",False,0.6199516355991364,0.5776658654212952,530.6083932518959,156795904,40.0,89.95,1755.0,1593.0,40.0,92.71,1755.0,1593.0
b1_h16384_q8_csa_profile_sim_batch_inner_ascending_steady,ok,,full,csa_profile_sim,ascending,steady,batch-inner,1,16384,8,2048,10,30,20260803,2026-08-13T07:52:49.761553+00:00,0.07129599899053574,0.07068800181150436,0.07340800017118454,0.07161813229322433,0.0008708439868005158,32.003217688314976,16384,2281701376,0.6015625,0.6015625,0.4795130637871587,0.5462328767123288,6484,2.526835286859963,3734784,0.0712353515625,"[""16K-32K""]",False,0.40030479431152344,0.5590692162513733,10.026797652244568,57475072,38.0,86.23,1755.0,1593.0,38.0,86.25,1755.0,1593.0
b1_h16384_q8_csa_profile_sim_batch_inner_descending_steady,ok,,full,csa_profile_sim,descending,steady,batch-inner,1,16384,8,2048,10,30,20260803,2026-08-13T08:44:21.340962+00:00,0.07065600156784058,0.07014399766921997,0.07209599763154984,0.07083093350132307,0.0006964316305199134,32.2931007326988,16384,2281701376,0.6015625,0.6015625,0.4795130637871587,0.5462328767123288,6484,2.526835286859963,3734784,0.0712353515625,"[""16K-32K""]",False,0.3363601863384247,0.4923306405544281,9.760063141584396,57475072,39.0,89.35,1755.0,1593.0,39.0,89.41,1755.0,1593.0
b1_h2048_q1024_csa_profile_sim_batch_inner_ascending_steady,ok,,full,csa_profile_sim,ascending,steady,batch-inner,1,2048,1024,2048,10,30,20260803,2026-08-13T07:53:01.829953+00:00,0.5559679865837097,0.554144024848938,0.5631359815597534,0.5563349266846974,0.0022702050937628824,525.3140165904608,2097152,292057776128,0.8476906158357771,0.8476906158357771,0.722527752539372,0.9695851424902152,3068,683.5567144719687,1767168,0.0337060546875,"[""2K-8K""]",False,0.6588548421859741,0.6403513252735138,3347.2243770956993,295896064,39.0,85.86,1755.0,1593.0,41.0,92.89,1755.0,1593.0
b1_h2048_q1024_csa_profile_sim_batch_inner_descending_steady,ok,,full,csa_profile_sim,descending,steady,batch-inner,1,2048,1024,2048,10,30,20260803,2026-08-13T08:44:06.941437+00:00,0.5545600056648254,0.5520640015602112,0.5591359734535217,0.5552298645178477,0.002397380532498325,526.6477444183361,2097152,292057776128,0.8476906158357771,0.8476906158357771,0.722527752539372,0.9695851424902152,3068,683.5567144719687,1767168,0.0337060546875,"[""2K-8K""]",False,0.6244480609893799,0.5669444799423218,3348.5806845128536,295896064,39.0,86.37,1755.0,1593.0,39.0,93.11,1755.0,1593.0
b1_h2048_q128_csa_profile_sim_batch_inner_ascending_steady,ok,,full,csa_profile_sim,ascending,steady,batch-inner,1,2048,128,2048,10,30,20260803,2026-08-13T07:52:51.759047+00:00,0.13689599931240082,0.13414399325847626,0.13955199718475342,0.13706133315960567,0.0014532394208336573,266.67851653348475,262144,36507222016,0.968996062992126,0.968996062992126,0.722527752539372,0.9972939090019569,2176,120.47058823529412,1253376,0.02390625,"[""2K-8K""]",False,0.4374571144580841,0.39340928196907043,324.11932200193405,38020096,38.0,86.83,1755.0,1593.0,38.0,87.12,1755.0,1593.0
b1_h2048_q128_csa_profile_sim_batch_inner_descending_steady,ok,,full,csa_profile_sim,descending,steady,batch-inner,1,2048,128,2048,10,30,20260803,2026-08-13T08:44:19.429799+00:00,0.13529600203037262,0.13315199315547943,0.13631999492645264,0.13518399993578592,0.0012482673921382238,269.8322305769574,262144,36507222016,0.968996062992126,0.968996062992126,0.722527752539372,0.9972939090019569,2176,120.47058823529412,1253376,0.02390625,"[""2K-8K""]",False,0.3954879939556122,0.32346323132514954,316.87697023153305,38020096,39.0,89.99,1755.0,1593.0,39.0,90.45,1755.0,1593.0
b1_h2048_q2_csa_profile_sim_batch_inner_ascending_steady,ok,,full,csa_profile_sim,ascending,steady,batch-inner,1,2048,2,2048,10,30,20260803,2026-08-13T07:52:48.549208+00:00,0.06915199756622314,0.0674239993095398,0.07171200215816498,0.06935573319594066,0.001425670426633896,8.248862853943363,4096,570425344,1.0,1.0,0.722527752539372,1.0,2048,2.0,1179648,0.0225,"[""2K-8K""]",False,172.68739268183708,19.43730190396309,23.170601576566696,7292928,38.0,84.72,1755.0,1593.0,38.0,84.74,1755.0,1593.0
b1_h2048_q2_csa_profile_sim_batch_inner_descending_steady,ok,,full,csa_profile_sim,descending,steady,batch-inner,1,2048,2,2048,10,30,20260803,2026-08-13T08:44:22.180022+00:00,0.06800000369548798,0.06646399945020676,0.06966400146484375,0.0679424005250136,0.001007649108258306,8.38860754411767,4096,570425344,1.0,1.0,0.722527752539372,1.0,2048,2.0,1179648,0.0225,"[""2K-8K""]",False,0.40614232420921326,0.17805397510528564,9.957727044820786,7292928,39.0,88.8,1755.0,1593.0,39.0,88.79,1755.0,1593.0
b1_h2048_q32_csa_profile_sim_batch_inner_ascending_steady,ok,,full,csa_profile_sim,ascending,steady,batch-inner,1,2048,32,2048,10,30,20260803,2026-08-13T07:52:50.272304+00:00,0.06960000097751617,0.06908799707889557,0.0735040009021759,0.06991040060917536,0.001218555652086776,131.13226114678295,65536,9126805504,0.9924395161290323,0.9924395161290323,0.722527752539372,0.9982876712328768,2080,31.50769230769231,1198080,0.0228515625,"[""2K-8K""]",False,0.4119575023651123,0.20346790552139282,37.11364045739174,10482688,38.0,87.99,1755.0,1593.0,38.0,87.9,1755.0,1593.0
b1_h2048_q32_csa_profile_sim_batch_inner_descending_steady,ok,,full,csa_profile_sim,descending,steady,batch-inner,1,2048,32,2048,10,30,20260803,2026-08-13T08:44:20.794350+00:00,0.069023996591568,0.06844799965620041,0.07036799937486649,0.06919146652022998,0.0007132804721061089,132.22655822156398,65536,9126805504,0.9924395161290323,0.9924395161290323,0.722527752539372,0.9982876712328768,2080,31.50769230769231,1198080,0.0228515625,"[""2K-8K""]",False,0.34976378083229065,0.18305331468582153,36.98991611599922,10482688,39.0,89.54,1755.0,1593.0,39.0,89.65,1755.0,1593.0
b1_h2048_q4096_csa_profile_sim_batch_inner_ascending_steady,ok,,full,csa_profile_sim,ascending,steady,batch-inner,1,2048,4096,2048,10,30,20260803,2026-08-13T07:53:13.921690+00:00,2.281856060028076,2.1311678886413574,2.328671932220459,2.2410858710606893,0.07852960114513363,511.96529219184225,8388608,1168231104512,0.8212912087912088,0.8212912087912088,0.722527752539372,0.8932809251161937,6140,1366.2228013029317,3536640,0.0674560546875,"[""2K-8K""]",False,0.8924044668674469,1.4708861708641052,5261.009961366653,802554880,39.0,87.1,1755.0,1593.0,45.0,115.1,1740.0,1593.0
b1_h2048_q4096_csa_profile_sim_batch_inner_descending_steady,ok,,full,csa_profile_sim,descending,steady,batch-inner,1,2048,4096,2048,10,30,20260803,2026-08-13T08:43:53.437806+00:00,2.2241599559783936,2.1559040546417236,2.2908480167388916,2.2351797262827557,0.0437896803242246,525.245992929543,8388608,1168231104512,0.8212912087912088,0.8212912087912088,0.722527752539372,0.8932809251161937,6140,1366.2228013029317,3536640,0.0674560546875,"[""2K-8K""]",False,0.8039847016334534,1.4330968260765076,5181.421134620905,802554880,39.0,86.67,1755.0,1593.0,43.0,112.84,1545.0,1593.0
b1_h2048_q512_csa_profile_sim_batch_inner_ascending_steady,ok,,full,csa_profile_sim,ascending,steady,batch-inner,1,2048,512,2048,10,30,20260803,2026-08-13T07:52:54.159375+00:00,0.3184959888458252,0.31679999828338623,0.3224959969520569,0.3189311991135279,0.0017342245958776998,458.4952187096096,1048576,146028888064,0.8829500978473581,0.8829500978473581,0.722527752539372,0.992802868150685,2560,409.6,1474560,0.028125,"[""2K-8K""]",False,0.6637834012508392,0.5073882639408112,2760.271977633238,149160960,38.0,85.52,1755.0,1593.0,38.0,87.58,1755.0,1593.0
b1_h2048_q512_csa_profile_sim_batch_inner_descending_steady,ok,,full,csa_profile_sim,descending,steady,batch-inner,1,2048,512,2048,10,30,20260803,2026-08-13T08:44:14.845258+00:00,0.3182080090045929,0.3169279992580414,0.32259199023246765,0.31882026890913645,0.0018913359111315399,458.9101591779617,1048576,146028888064,0.8829500978473581,0.8829500978473581,0.722527752539372,0.992802868150685,2560,409.6,1474560,0.028125,"[""2K-8K""]",False,0.627715140581131,0.46871230006217957,2749.0195259451866,149160960,39.0,86.58,1755.0,1593.0,40.0,89.08,1755.0,1593.0
b1_h2048_q8_csa_profile_sim_batch_inner_ascending_steady,ok,,full,csa_profile_sim,ascending,steady,batch-inner,1,2048,8,2048,10,30,20260803,2026-08-13T07:52:49.553658+00:00,0.07119999825954437,0.07039999961853027,0.07475200295448303,0.07149973288178443,0.0010165892066466276,32.046368423810144,16384,2281701376,0.9983258928571429,0.9983258928571429,0.722527752539372,0.99926614481409,2056,7.968871595330739,1184256,0.022587890625,"[""2K-8K""]",False,0.5576051771640778,0.5181841552257538,8.258938789367676,7929856,38.0,85.99,1755.0,1593.0,38.0,86.04,1755.0,1593.0
b1_h2048_q8_csa_profile_sim_batch_inner_descending_steady,ok,,full,csa_profile_sim,descending,steady,batch-inner,1,2048,8,2048,10,30,20260803,2026-08-13T08:44:21.559908+00:00,0.07049600034952164,0.06995200365781784,0.07209599763154984,0.07057386661569277,0.0006651426928325282,32.366394755549884,16384,2281701376,0.9983258928571429,0.9983258928571429,0.722527752539372,0.99926614481409,2056,7.968871595330739,1184256,0.022587890625,"[""2K-8K""]",False,0.34441426396369934,0.2957843244075775,8.007418364286423,7929856,39.0,88.87,1755.0,1593.0,39.0,88.89,1755.0,1593.0
b1_h262144_q1024_csa_profile_sim_batch_inner_ascending_steady,ok,,full,csa_profile_sim,ascending,steady,batch-inner,1,262144,1024,2048,10,30,20260803,2026-08-13T07:53:11.577521+00:00,0.606719970703125,0.6049919724464417,0.6158400177955627,0.6076565325260163,0.0030749909365982964,481.3716215563756,2097152,292057776128,0.50390625,0.50390625,0.3817648634796384,0.4077826871330724,215320,9.739699052572915,124024320,2.365576171875,"[""64K+""]",True,0.840499997138977,1.9820407032966614,1022.8191763162613,634455040,39.0,86.61,1755.0,1593.0,39.0,94.64,1740.0,1593.0
b1_h262144_q1024_csa_profile_sim_batch_inner_descending_steady,ok,,full,csa_profile_sim,descending,steady,batch-inner,1,262144,1024,2048,10,30,20260803,2026-08-13T08:43:59.898902+00:00,0.6099839806556702,0.6081600189208984,0.6171839833259583,0.6111466685930887,0.002839312266436696,478.79581331638883,2097152,292057776128,0.50390625,0.50390625,0.3817648634796384,0.4077826871330724,215320,9.739699052572915,124024320,2.365576171875,"[""64K+""]",True,0.6293579936027527,1.9367523491382599,999.7582174837589,634455040,40.0,86.86,1755.0,1593.0,40.0,94.9,1755.0,1593.0
b1_h262144_q128_csa_profile_sim_batch_inner_ascending_steady,ok,,full,csa_profile_sim,ascending,steady,batch-inner,1,262144,128,2048,10,30,20260803,2026-08-13T07:52:53.612427+00:00,0.15078400075435638,0.14793600142002106,0.1526080071926117,0.15044480015834172,0.0015285281485306029,242.11601916223367,262144,36507222016,0.50390625,0.50390625,0.3817648634796384,0.4108671722113503,70808,3.702180544571235,40785408,0.777919921875,"[""64K+""]",True,0.5198158323764801,1.6368068754673004,129.4410191476345,541729792,38.0,90.22,1755.0,1593.0,38.0,91.42,1755.0,1593.0
b1_h262144_q128_csa_profile_sim_batch_inner_descending_steady,ok,,full,csa_profile_sim,descending,steady,batch-inner,1,262144,128,2048,10,30,20260803,2026-08-13T08:44:17.940432+00:00,0.14931200444698334,0.1472640037536621,0.15427200496196747,0.14969280014435452,0.0026331469191548497,244.5029262798674,262144,36507222016,0.50390625,0.50390625,0.3817648634796384,0.4108671722113503,70808,3.702180544571235,40785408,0.777919921875,"[""64K+""]",True,0.48709288239479065,1.568961888551712,125.62993168830872,541729792,40.0,91.23,1755.0,1593.0,40.0,91.9,1755.0,1593.0
b1_h262144_q2_csa_profile_sim_batch_inner_ascending_steady,ok,,full,csa_profile_sim,ascending,steady,batch-inner,1,262144,2,2048,30,100,20260803,2026-08-13T08:53:18.478360+00:00,0.0682239979505539,0.06665600091218948,0.06963200122117996,0.06821248024702072,0.0009941088719106126,8.361065917207346,4096,570425344,0.50390625,0.50390625,0.38176486347963834,0.410958904109589,3064,1.3368146214099217,1764864,0.033662109375,"[""64K+""]",True,0.3986433148384094,1.5023015439510345,2.7451254427433014,528690688,36.0,72.53,1755.0,1593.0,36.0,73.46,1755.0,1593.0
b1_h262144_q2_csa_profile_sim_batch_inner_descending_steady,ok,,full,csa_profile_sim,descending,steady,batch-inner,1,262144,2,2048,30,100,20260803,2026-08-13T08:54:03.697568+00:00,0.069023996591568,0.06764800101518631,0.07119999825954437,0.06925664007663727,0.0011907856376558543,8.264159888847749,4096,570425344,0.50390625,0.50390625,0.38176486347963834,0.410958904109589,3064,1.3368146214099217,1764864,0.033662109375,"[""64K+""]",True,0.3794953227043152,1.5030615031719208,2.692893147468567,528690688,54.0,191.82,1740.0,1593.0,54.0,193.9,1740.0,1593.0
b1_h262144_q32_csa_profile_sim_batch_inner_ascending_steady,ok,,full,csa_profile_sim,ascending,steady,batch-inner,1,262144,32,2048,10,30,20260803,2026-08-13T07:52:51.430154+00:00,0.06988800317049026,0.06924799829721451,0.0735040009021759,0.07016853342453638,0.0009755431604939292,130.59187685954277,65536,9126805504,0.50390625,0.50390625,0.38176486347963834,0.4016022504892368,26764,2.448662382304588,15416064,0.2940380859375,"[""64K+""]",True,0.520952045917511,1.5356466174125671,32.455749809741974,531794944,38.0,86.69,1755.0,1593.0,38.0,86.83,1755.0,1593.0
b1_h262144_q32_csa_profile_sim_batch_inner_descending_steady,ok,,full,csa_profile_sim,descending,steady,batch-inner,1,262144,32,2048,10,30,20260803,2026-08-13T08:44:19.959679+00:00,0.06976000219583511,0.06931199878454208,0.07356800138950348,0.07013013313213984,0.0010918107334504424,130.83149679924892,65536,9126805504,0.50390625,0.50390625,0.38176486347963834,0.4016022504892368,26764,2.448662382304588,15416064,0.2940380859375,"[""64K+""]",True,0.581648200750351,1.5024058520793915,32.21283480525017,531794944,40.0,90.43,1755.0,1593.0,40.0,90.21,1755.0,1593.0
b1_h262144_q4096_csa_profile_sim_batch_inner_ascending_steady,ok,,full,csa_profile_sim,ascending,steady,batch-inner,1,262144,4096,2048,30,100,20260803,2026-08-13T08:53:18.626490+00:00,2.614720106124878,2.5556480884552,2.637279987335205,2.6085904002189637,0.02670094952096625,446.79011790801815,8388608,1168231104512,0.50390625,0.50390625,0.3817648634796384,0.40767996651785715,265720,31.569351196748457,153054720,2.919287109375,"[""64K+""]",True,0.6628669798374176,2.652212977409363,4177.533403038979,952370176,38.0,85.15,1755.0,1593.0,44.0,181.3,1725.0,1593.0
b1_h262144_q4096_csa_profile_sim_batch_inner_descending_steady,ok,,full,csa_profile_sim,descending,steady,batch-inner,1,262144,4096,2048,30,100,20260803,2026-08-13T08:53:59.091913+00:00,2.5238399505615234,2.490432024002075,2.618783950805664,2.540024960041046,0.042099622956484194,462.87844213421016,8388608,1168231104512,0.50390625,0.50390625,0.3817648634796384,0.40767996651785715,265720,31.569351196748457,153054720,2.919287109375,"[""64K+""]",True,0.7204525172710419,2.6046186685562134,4080.6222818791866,952370176,50.0,94.61,1755.0,1593.0,58.0,190.59,1590.0,1593.0
b1_h262144_q512_csa_profile_sim_batch_inner_ascending_steady,ok,,full,csa_profile_sim,ascending,steady,batch-inner,1,262144,512,2048,10,30,20260803,2026-08-13T07:53:00.546983+00:00,0.34643200039863586,0.34512001276016235,0.3518719971179962,0.3470090667406718,0.0018646487896218644,421.52251494078496,1048576,146028888064,0.50390625,0.50390625,0.3817648634796384,0.4074883806262231,158800,6.603123425692695,91468800,1.74462890625,"[""64K+""]",True,0.638425350189209,1.8906556069850922,503.6781467497349,581469184,39.0,91.06,1755.0,1593.0,40.0,95.62,1755.0,1593.0
b1_h262144_q512_csa_profile_sim_batch_inner_descending_steady,ok,,full,csa_profile_sim,descending,steady,batch-inner,1,262144,512,2048,10,30,20260803,2026-08-13T08:44:10.979196+00:00,0.34672001004219055,0.34406399726867676,0.3527359962463379,0.34699946542580923,0.0024554365460296612,421.1723691581299,1048576,146028888064,0.50390625,0.50390625,0.3817648634796384,0.4074883806262231,158800,6.603123425692695,91468800,1.74462890625,"[""64K+""]",True,0.6123818457126617,1.8858164548873901,502.4956092238426,581469184,40.0,91.71,1755.0,1593.0,41.0,95.43,1755.0,1593.0
b1_h262144_q8_csa_profile_sim_batch_inner_ascending_steady,ok,,full,csa_profile_sim,ascending,steady,batch-inner,1,262144,8,2048,10,30,20260803,2026-08-13T07:52:50.144595+00:00,0.07158400118350983,0.0711359977722168,0.07254400104284286,0.07174826661745708,0.0007304007766649646,31.87445991110113,16384,2281701376,0.50390625,0.50390625,0.38176486347963834,0.40680039138943247,8716,1.8797613584212942,5020416,0.0957568359375,"[""64K+""]",True,0.47797709703445435,1.6878359019756317,8.778788149356842,529311232,38.0,87.26,1755.0,1593.0,38.0,87.29,1755.0,1593.0
b1_h262144_q8_csa_profile_sim_batch_inner_descending_steady,ok,,full,csa_profile_sim,descending,steady,batch-inner,1,262144,8,2048,10,30,20260803,2026-08-13T08:44:20.989320+00:00,0.07088000327348709,0.07017599791288376,0.0719040036201477,0.07109226708610852,0.0007317436185726512,32.191045014433264,16384,2281701376,0.50390625,0.50390625,0.38176486347963834,0.40680039138943247,8716,1.8797613584212942,5020416,0.0957568359375,"[""64K+""]",True,0.35902485251426697,1.604560762643814,8.675631135702133,529311232,39.0,89.93,1755.0,1593.0,39.0,89.99,1755.0,1593.0
b1_h32768_q1024_csa_profile_sim_batch_inner_ascending_steady,ok,,full,csa_profile_sim,ascending,steady,batch-inner,1,32768,1024,2048,10,30,20260803,2026-08-13T07:53:08.081888+00:00,0.569920003414154,0.5678719878196716,0.5832319855690002,0.5714357336362202,0.004328754652481433,512.4539836791183,2097152,292057776128,0.5703125,0.5703125,0.432384490611313,0.5019168144569471,33784,62.07530191806772,19459584,0.371162109375,"[""32K-64K""]",False,0.6691664457321167,0.7433108985424042,920.6196777522564,313590784,39.0,93.83,1755.0,1593.0,40.0,93.71,1755.0,1593.0
b1_h32768_q1024_csa_profile_sim_batch_inner_descending_steady,ok,,full,csa_profile_sim,descending,steady,batch-inner,1,32768,1024,2048,10,30,20260803,2026-08-13T08:44:03.194838+00:00,0.570527970790863,0.5676800012588501,0.574720025062561,0.5710272034009297,0.0025855874678942636,511.90790124303805,2097152,292057776128,0.5703125,0.5703125,0.432384490611313,0.5019168144569471,33784,62.07530191806772,19459584,0.371162109375,"[""32K-64K""]",False,0.6179064512252808,0.6774775683879852,921.0464283823967,313590784,40.0,96.03,1755.0,1593.0,40.0,95.4,1755.0,1593.0
b1_h32768_q128_csa_profile_sim_batch_inner_ascending_steady,ok,,full,csa_profile_sim,ascending,steady,batch-inner,1,32768,128,2048,10,30,20260803,2026-08-13T07:52:52.945768+00:00,0.14108799397945404,0.13808000087738037,0.14374400675296783,0.1409194678068161,0.0016073640991932454,258.7549867731224,262144,36507222016,0.5703125,0.5703125,0.432384490611313,0.49744679549902154,31112,8.425816405245564,17920512,0.341806640625,"[""32K-64K""]",False,0.5586519837379456,0.644344836473465,127.05044075846672,126862336,38.0,89.0,1755.0,1593.0,38.0,89.69,1755.0,1593.0
b1_h32768_q128_csa_profile_sim_batch_inner_descending_steady,ok,,full,csa_profile_sim,descending,steady,batch-inner,1,32768,128,2048,10,30,20260803,2026-08-13T08:44:18.654515+00:00,0.14032000303268433,0.1382399946451187,0.14281600713729858,0.14048106769720714,0.001461307065995222,260.1711889038121,262144,36507222016,0.5703125,0.5703125,0.432384490611313,0.49744679549902154,31112,8.425816405245564,17920512,0.341806640625,"[""32K-64K""]",False,0.4479512572288513,0.5243308842182159,122.16443940997124,126862336,39.0,90.47,1755.0,1593.0,39.0,91.29,1755.0,1593.0
b1_h32768_q2_csa_profile_sim_batch_inner_ascending_steady,ok,,full,csa_profile_sim,ascending,steady,batch-inner,1,32768,2,2048,30,100,20260803,2026-08-13T08:53:18.256503+00:00,0.0687360018491745,0.06710399687290192,0.07072000205516815,0.06889440022408962,0.0015523291358298255,8.29878562404122,4096,570425344,0.5703125,0.5703125,0.43238449061131295,0.45596868884540115,2928,1.3989071038251366,1686528,0.03216796875,"[""32K-64K""]",False,0.4143565893173218,0.580567866563797,3.1025633215904236,113461248,35.0,63.52,1755.0,1593.0,35.0,64.82,1755.0,1593.0
b1_h32768_q2_csa_profile_sim_batch_inner_descending_steady,ok,,full,csa_profile_sim,descending,steady,batch-inner,1,32768,2,2048,30,100,20260803,2026-08-13T08:54:03.924783+00:00,0.06828799843788147,0.06678400188684464,0.06972800195217133,0.06823616005480289,0.0009702043801118584,8.353229806828947,4096,570425344,0.5703125,0.5703125,0.43238449061131295,0.45596868884540115,2928,1.3989071038251366,1686528,0.03216796875,"[""32K-64K""]",False,0.3441758453845978,0.5052350461483002,2.920016646385193,113461248,53.0,195.11,1755.0,1593.0,53.0,193.24,1755.0,1593.0
b1_h32768_q32_csa_profile_sim_batch_inner_ascending_steady,ok,,full,csa_profile_sim,ascending,steady,batch-inner,1,32768,32,2048,10,30,20260803,2026-08-13T07:52:50.965136+00:00,0.0695360004901886,0.06896000355482101,0.07168000191450119,0.06981653372446696,0.0009887834135567863,131.25295443599427,65536,9126805504,0.5703125,0.5703125,0.43238449061131295,0.4859344422700587,18520,3.5386609071274298,10667520,0.203466796875,"[""32K-64K""]",False,0.5748271942138672,0.6399750709533691,32.353755086660385,117550080,38.0,87.4,1755.0,1593.0,38.0,87.7,1755.0,1593.0
b1_h32768_q32_csa_profile_sim_batch_inner_descending_steady,ok,,full,csa_profile_sim,descending,steady,batch-inner,1,32768,32,2048,10,30,20260803,2026-08-13T08:44:20.341651+00:00,0.06911999732255936,0.0684799998998642,0.0727040022611618,0.06931413387258847,0.0009802641963652507,132.0429088185337,65536,9126805504,0.5703125,0.5703125,0.43238449061131295,0.4859344422700587,18520,3.5386609071274298,10667520,0.203466796875,"[""32K-64K""]",False,0.496789813041687,0.5493573844432831,32.42368623614311,117550080,39.0,89.63,1755.0,1593.0,39.0,89.65,1755.0,1593.0
b1_h32768_q4096_csa_profile_sim_batch_inner_ascending_steady,ok,,full,csa_profile_sim,ascending,steady,batch-inner,1,32768,4096,2048,10,30,20260803,2026-08-13T07:53:29.147470+00:00,2.3559679985046387,2.203711986541748,2.421567916870117,2.325917855898539,0.08293042556204083,495.86034498494473,8388608,1168231104512,0.5703125,0.5703125,0.432384490611313,0.4901292655332681,36860,227.58024959305482,21231360,0.4049560546875,"[""32K-64K""]",False,0.8643828332424164,1.605752855539322,3609.664849936962,820249600,40.0,86.47,1755.0,1593.0,45.0,115.42,1725.0,1593.0
b1_h32768_q4096_csa_profile_sim_batch_inner_descending_steady,ok,,full,csa_profile_sim,descending,steady,batch-inner,1,32768,4096,2048,10,30,20260803,2026-08-13T08:43:39.641558+00:00,2.2700159549713135,2.2151360511779785,2.385279893875122,2.3160853306452434,0.06165720953916219,514.6356359097763,8388608,1168231104512,0.5703125,0.5703125,0.432384490611313,0.4901292655332681,36860,227.58024959305482,21231360,0.4049560546875,"[""32K-64K""]",False,0.8495748043060303,1.6024447977542877,3735.4807257652283,820249600,40.0,86.65,1755.0,1593.0,45.0,114.47,1590.0,1593.0
b1_h32768_q512_csa_profile_sim_batch_inner_ascending_steady,ok,,full,csa_profile_sim,ascending,steady,batch-inner,1,32768,512,2048,10,30,20260803,2026-08-13T07:52:58.686285+00:00,0.328000009059906,0.3264000117778778,0.33129599690437317,0.3283530662457148,0.0019715845269388985,445.21001228792426,1048576,146028888064,0.5703125,0.5703125,0.432384490611313,0.5022894752935421,33276,31.51147974516168,19166976,0.3655810546875,"[""32K-64K""]",False,0.6973147392272949,0.8938424289226532,473.889023065567,167707648,39.0,90.53,1755.0,1593.0,40.0,94.15,1755.0,1593.0
b1_h32768_q512_csa_profile_sim_batch_inner_descending_steady,ok,,full,csa_profile_sim,descending,steady,batch-inner,1,32768,512,2048,10,30,20260803,2026-08-13T08:44:12.811093+00:00,0.3271999955177307,0.32556799054145813,0.33244800567626953,0.3279082655906677,0.002322985697004424,446.2985637665964,1048576,146028888064,0.5703125,0.5703125,0.432384490611313,0.5022894752935421,33276,31.51147974516168,19166976,0.3655810546875,"[""32K-64K""]",False,0.5742944777011871,0.7451064884662628,473.5286571085453,167707648,40.0,91.77,1755.0,1593.0,40.0,94.03,1755.0,1593.0
b1_h32768_q8_csa_profile_sim_batch_inner_ascending_steady,ok,,full,csa_profile_sim,ascending,steady,batch-inner,1,32768,8,2048,10,30,20260803,2026-08-13T07:52:49.827461+00:00,0.07171200215816498,0.07091200351715088,0.07609599828720093,0.0721589336792628,0.0016016302729875542,31.817566199972706,16384,2281701376,0.5703125,0.5703125,0.43238449061131295,0.4936399217221135,7348,2.2297223734349485,4232448,0.0807275390625,"[""32K-64K""]",False,0.4221014678478241,0.6813891232013702,8.83743166923523,114098176,38.0,86.33,1755.0,1593.0,38.0,86.37,1755.0,1593.0
b1_h32768_q8_csa_profile_sim_batch_inner_descending_steady,ok,,full,csa_profile_sim,descending,steady,batch-inner,1,32768,8,2048,10,30,20260803,2026-08-13T08:44:21.241908+00:00,0.070592001080513,0.07023999840021133,0.07129599899053574,0.07079253320892652,0.0006327557624784504,32.32237847171422,16384,2281701376,0.5703125,0.5703125,0.43238449061131295,0.4936399217221135,7348,2.2297223734349485,4232448,0.0807275390625,"[""32K-64K""]",False,0.36623328924179077,0.6157271564006805,8.781328797340393,114098176,39.0,89.48,1755.0,1593.0,39.0,89.44,1755.0,1593.0
b1_h4096_q1024_csa_profile_sim_batch_inner_ascending_steady,ok,,full,csa_profile_sim,ascending,steady,batch-inner,1,4096,1024,2048,10,30,20260803,2026-08-13T07:53:05.274996+00:00,0.5438399910926819,0.542527973651886,0.5454720258712769,0.5438943982124329,0.0008919590690853246,537.0288704609574,2097152,292057776128,0.8125,0.8125,0.722527752539372,0.8655248593444227,5112,410.24100156494524,2944512,0.056162109375,"[""2K-8K""]",False,0.6944611668586731,0.7017403841018677,513.3235864341259,297075712,39.0,95.38,1755.0,1593.0,41.0,104.49,1755.0,1593.0
b1_h4096_q1024_csa_profile_sim_batch_inner_descending_steady,ok,,full,csa_profile_sim,descending,steady,batch-inner,1,4096,1024,2048,10,30,20260803,2026-08-13T08:44:06.353935+00:00,0.5573760271072388,0.5553600192070007,0.5660480260848999,0.5581109305222829,0.0026446237920576075,523.986970957056,2097152,292057776128,0.8125,0.8125,0.722527752539372,0.8655248593444227,5112,410.24100156494524,2944512,0.056162109375,"[""2K-8K""]",False,0.67085400223732,0.6198473274707794,508.9131109416485,297075712,40.0,94.3,1755.0,1593.0,40.0,100.7,1755.0,1593.0
b1_h4096_q128_csa_profile_sim_batch_inner_ascending_steady,ok,,full,csa_profile_sim,ascending,steady,batch-inner,1,4096,128,2048,10,30,20260803,2026-08-13T07:52:52.269610+00:00,0.13580800592899323,0.13308799266815186,0.13846400380134583,0.1357376014192899,0.0014558043091767192,268.8149477364956,262144,36507222016,0.8125,0.8125,0.722527752539372,0.8796936154598826,4220,62.119431279620855,2430720,0.0463623046875,"[""2K-8K""]",False,0.5125738680362701,0.4692487418651581,70.94842940568924,39912448,38.0,87.09,1755.0,1593.0,38.0,87.57,1755.0,1593.0
b1_h4096_q128_csa_profile_sim_batch_inner_descending_steady,ok,,full,csa_profile_sim,descending,steady,batch-inner,1,4096,128,2048,10,30,20260803,2026-08-13T08:44:19.200887+00:00,0.1356160044670105,0.13318400084972382,0.13737599551677704,0.13560533324877422,0.0012617179393673065,269.1955286507547,262144,36507222016,0.8125,0.8125,0.722527752539372,0.8796936154598826,4220,62.119431279620855,2430720,0.0463623046875,"[""2K-8K""]",False,0.3685764968395233,0.3070123493671417,70.85716351866722,39912448,40.0,90.29,1755.0,1593.0,40.0,90.83,1755.0,1593.0
b1_h4096_q2_csa_profile_sim_batch_inner_ascending_steady,ok,,full,csa_profile_sim,ascending,steady,batch-inner,1,4096,2,2048,10,30,20260803,2026-08-13T07:52:48.897796+00:00,0.06867200136184692,0.06739199906587601,0.07100799679756165,0.06888533358772596,0.0013841449578920514,8.306519872550552,4096,570425344,0.8125,0.8125,0.722527752539372,0.8522504892367906,2432,1.6842105263157894,1400832,0.02671875,"[""2K-8K""]",False,0.422455370426178,0.24712830781936646,2.539936453104019,14370816,38.0,84.76,1755.0,1593.0,38.0,84.79,1755.0,1593.0
b1_h4096_q2_csa_profile_sim_batch_inner_descending_steady,ok,,full,csa_profile_sim,descending,steady,batch-inner,1,4096,2,2048,10,30,20260803,2026-08-13T08:44:22.128118+00:00,0.06787200272083282,0.06678400188684464,0.07020799815654755,0.0682528001566728,0.0013287091683784815,8.404427763038617,4096,570425344,0.8125,0.8125,0.722527752539372,0.8522504892367906,2432,1.6842105263157894,1400832,0.02671875,"[""2K-8K""]",False,0.3436543047428131,0.17151609063148499,2.1299421787261963,14370816,39.0,88.84,1755.0,1593.0,39.0,88.83,1755.0,1593.0
b1_h4096_q32_csa_profile_sim_batch_inner_ascending_steady,ok,,full,csa_profile_sim,ascending,steady,batch-inner,1,4096,32,2048,10,30,20260803,2026-08-13T07:52:50.403121+00:00,0.06982400268316269,0.06915199756622314,0.07065600156784058,0.0699488009015719,0.0008853210245238061,130.71157701190955,65536,9126805504,0.8125,0.8125,0.722527752539372,0.8745719178082192,4068,16.110127826941987,2343168,0.0446923828125,"[""2K-8K""]",False,0.4335567355155945,0.2391710877418518,19.60677281022072,17560576,38.0,87.85,1755.0,1593.0,38.0,87.72,1755.0,1593.0
b1_h4096_q32_csa_profile_sim_batch_inner_descending_steady,ok,,full,csa_profile_sim,descending,steady,batch-inner,1,4096,32,2048,10,30,20260803,2026-08-13T08:44:20.703893+00:00,0.0689919963479042,0.06860800087451935,0.07027199864387512,0.06923839996258417,0.0006956171422648211,132.2878882642631,65536,9126805504,0.8125,0.8125,0.722527752539372,0.8745719178082192,4068,16.110127826941987,2343168,0.0446923828125,"[""2K-8K""]",False,0.37951767444610596,0.21260976791381836,19.56307888031006,17560576,39.0,90.11,1755.0,1593.0,39.0,90.48,1755.0,1593.0
b1_h4096_q4096_csa_profile_sim_batch_inner_ascending_steady,ok,,full,csa_profile_sim,ascending,steady,batch-inner,1,4096,4096,2048,10,30,20260803,2026-08-13T07:53:19.444435+00:00,2.291680097579956,2.151520013809204,2.3763198852539062,2.2673706849416098,0.09228424461704703,509.77058523380606,8388608,1168231104512,0.8124670902014652,0.8124670902014652,0.7224876865505949,0.8331511435909981,8180,1025.5022004889975,4711680,0.0898681640625,"[""2K-8K"", ""8K-16K""]",False,0.8597671985626221,1.4688484370708466,1749.2929250001907,803734528,40.0,85.91,1755.0,1593.0,45.0,114.61,1710.0,1593.0
b1_h4096_q4096_csa_profile_sim_batch_inner_descending_steady,ok,,full,csa_profile_sim,descending,steady,batch-inner,1,4096,4096,2048,10,30,20260803,2026-08-13T08:43:51.481483+00:00,2.2908480167388916,2.1508800983428955,2.3775041103363037,2.284824506441752,0.08094159873183596,509.9557438886849,8388608,1168231104512,0.8124670902014652,0.8124670902014652,0.7224876865505949,0.8331511435909981,8180,1025.5022004889975,4711680,0.0898681640625,"[""2K-8K"", ""8K-16K""]",False,0.8018873631954193,1.438777893781662,1763.9640793204308,803734528,40.0,85.86,1755.0,1593.0,45.0,113.54,1590.0,1593.0
b1_h4096_q512_csa_profile_sim_batch_inner_ascending_steady,ok,,full,csa_profile_sim,ascending,steady,batch-inner,1,4096,512,2048,10,30,20260803,2026-08-13T07:52:57.033896+00:00,0.3186880052089691,0.3174079954624176,0.32438400387763977,0.3193557322025299,0.001859890537570445,458.2189654996472,1048576,146028888064,0.8125,0.8125,0.722527752539372,0.8686781433463796,4596,228.1496953872933,2647296,0.0504931640625,"[""2K-8K""]",False,0.7064417004585266,0.6451010704040527,268.28210428357124,149718016,38.0,88.36,1755.0,1593.0,38.0,91.75,1755.0,1593.0
b1_h4096_q512_csa_profile_sim_batch_inner_descending_steady,ok,,full,csa_profile_sim,descending,steady,batch-inner,1,4096,512,2048,10,30,20260803,2026-08-13T08:44:14.490687+00:00,0.320032000541687,0.3176000118255615,0.32473599910736084,0.3205066680908203,0.0021981010302407106,456.29464496310095,1048576,146028888064,0.8125,0.8125,0.722527752539372,0.8686781433463796,4596,228.1496953872933,2647296,0.0504931640625,"[""2K-8K""]",False,0.6240122020244598,0.5604103207588196,266.9406607747078,149718016,40.0,93.23,1755.0,1593.0,41.0,96.59,1755.0,1593.0
b1_h4096_q8_csa_profile_sim_batch_inner_ascending_steady,ok,,full,csa_profile_sim,ascending,steady,batch-inner,1,4096,8,2048,10,30,20260803,2026-08-13T07:52:49.639991+00:00,0.07119999825954437,0.07075200229883194,0.0721919983625412,0.07133973315358162,0.0006831571541507754,32.046368423810144,16384,2281701376,0.8125,0.8125,0.722527752539372,0.8735322896281801,3512,4.665148063781321,2022912,0.038583984375,"[""2K-8K""]",False,0.40819495916366577,0.35361573100090027,6.0681551694869995,15007744,38.0,86.09,1755.0,1593.0,38.0,86.12,1755.0,1593.0
b1_h4096_q8_csa_profile_sim_batch_inner_descending_steady,ok,,full,csa_profile_sim,descending,steady,batch-inner,1,4096,8,2048,10,30,20260803,2026-08-13T08:44:21.501423+00:00,0.07049600034952164,0.06988800317049026,0.07206399738788605,0.07064746643106143,0.0006936906087909229,32.366394755549884,16384,2281701376,0.8125,0.8125,0.722527752539372,0.8735322896281801,3512,4.665148063781321,2022912,0.038583984375,"[""2K-8K""]",False,0.3335438668727875,0.28575584292411804,5.8149173855781555,15007744,39.0,89.15,1755.0,1593.0,39.0,88.91,1755.0,1593.0
b1_h524288_q1024_csa_profile_sim_batch_inner_ascending_steady,ok,,full,csa_profile_sim,ascending,steady,batch-inner,1,524288,1024,2048,10,30,20260803,2026-08-13T07:53:12.744765+00:00,0.6106560230255127,0.608959972858429,0.6146240234375,0.6111615935961405,0.002004869262853522,478.26888643624835,2097152,292057776128,0.50390625,0.50390625,0.3817648634796384,0.40674305895303325,289180,7.252064458122969,166567680,3.1770263671875,"[""64K+""]",True,0.7694140076637268,3.1563006341457367,1021.6046720743179,785449984,39.0,85.85,1755.0,1593.0,42.0,94.62,1755.0,1593.0
b1_h524288_q1024_csa_profile_sim_batch_inner_descending_steady,ok,,full,csa_profile_sim,descending,steady,batch-inner,1,524288,1024,2048,10,30,20260803,2026-08-13T08:43:58.787209+00:00,0.6144319772720337,0.6107839941978455,0.6199039816856384,0.6146186629931132,0.0025180542972563858,475.32971416084723,2097152,292057776128,0.50390625,0.50390625,0.3817648634796384,0.40674305895303325,289180,7.252064458122969,166567680,3.1770263671875,"[""64K+""]",True,0.7541589438915253,3.278341144323349,1005.0505958497524,785449984,40.0,85.96,1755.0,1593.0,40.0,93.42,1740.0,1593.0
b1_h524288_q128_csa_profile_sim_batch_inner_ascending_steady,ok,,full,csa_profile_sim,ascending,steady,batch-inner,1,524288,128,2048,10,30,20260803,2026-08-13T07:52:53.882303+00:00,0.15084800124168396,0.14815999567508698,0.24995200335979462,0.1652501324812571,0.06288737740579968,242.01329626840246,262144,36507222016,0.50390625,0.50390625,0.3817648634796384,0.4035744863013699,73156,3.5833561156979603,42137856,0.8037158203125,"[""64K+""]",True,0.5367100238800049,2.8770267963409424,126.05311721563339,692724736,38.0,90.81,1755.0,1593.0,38.0,91.31,1755.0,1593.0
b1_h524288_q128_csa_profile_sim_batch_inner_descending_steady,ok,,full,csa_profile_sim,descending,steady,batch-inner,1,524288,128,2048,10,30,20260803,2026-08-13T08:44:17.708305+00:00,0.15056000649929047,0.1480640023946762,0.15347200632095337,0.1506528009970983,0.0017444027466783285,242.4762250270761,262144,36507222016,0.50390625,0.50390625,0.3817648634796384,0.4035744863013699,73156,3.5833561156979603,42137856,0.8037158203125,"[""64K+""]",True,0.5684308707714081,2.922460436820984,127.44475528597832,692724736,40.0,89.95,1755.0,1593.0,40.0,90.52,1755.0,1593.0
b1_h524288_q2_csa_profile_sim_batch_inner_ascending_steady,ok,,full,csa_profile_sim,ascending,steady,batch-inner,1,524288,2,2048,30,100,20260803,2026-08-13T08:53:18.564820+00:00,0.06838399916887283,0.06700800359249115,0.07023999840021133,0.06850271984934807,0.0010609368563382017,8.341503143028339,4096,570425344,0.50390625,0.50390625,0.38176486347963834,0.4021526418786693,3064,1.3368146214099217,1764864,0.033662109375,"[""64K+""]",True,0.35325437784194946,2.755057066679001,2.7152448892593384,679685632,36.0,74.97,1755.0,1593.0,36.0,75.69,1755.0,1593.0
b1_h524288_q2_csa_profile_sim_batch_inner_descending_steady,ok,,full,csa_profile_sim,descending,steady,batch-inner,1,524288,2,2048,30,100,20260803,2026-08-13T08:54:03.609731+00:00,0.06921599805355072,0.06758400052785873,0.07072000205516815,0.06924447983503342,0.0012785263935381549,8.24123555306789,4096,570425344,0.50390625,0.50390625,0.38176486347963834,0.4021526418786693,3064,1.3368146214099217,1764864,0.033662109375,"[""64K+""]",True,0.4908554255962372,2.82268226146698,2.8384923934936523,679685632,56.0,193.32,1725.0,1593.0,56.0,193.45,1740.0,1593.0
b1_h524288_q32_csa_profile_sim_batch_inner_ascending_steady,ok,,full,csa_profile_sim,ascending,steady,batch-inner,1,524288,32,2048,10,30,20260803,2026-08-13T07:52:51.580369+00:00,0.07017599791288376,0.06969600170850754,0.07519999891519547,0.07063040013114612,0.0014766859680149067,130.0559418525118,65536,9126805504,0.50390625,0.50390625,0.38176486347963834,0.40728962818003916,26908,2.4355581983053365,15499008,0.2956201171875,"[""64K+""]",True,0.5121491849422455,2.7584396302700043,32.49599412083626,682789888,38.0,87.25,1755.0,1593.0,38.0,87.47,1755.0,1593.0
b1_h524288_q32_csa_profile_sim_batch_inner_descending_steady,ok,,full,csa_profile_sim,descending,steady,batch-inner,1,524288,32,2048,10,30,20260803,2026-08-13T08:44:19.829107+00:00,0.06943999975919724,0.06876800209283829,0.07081600278615952,0.06969599922498067,0.0011093128421371232,131.43441151569368,65536,9126805504,0.50390625,0.50390625,0.38176486347963834,0.40728962818003916,26908,2.4355581983053365,15499008,0.2956201171875,"[""64K+""]",True,0.514589250087738,2.759438008069992,32.26790949702263,682789888,40.0,89.93,1755.0,1593.0,40.0,90.02,1755.0,1593.0
b1_h524288_q4096_csa_profile_sim_batch_inner_ascending_steady,ok,,full,csa_profile_sim,ascending,steady,batch-inner,1,524288,4096,2048,10,30,20260803,2026-08-13T07:53:45.953309+00:00,2.508255958557129,2.3611199855804443,2.588671922683716,2.5083509127298993,0.07199173241615395,465.7543423853853,8388608,1168231104512,0.50390625,0.50390625,0.3817648634796384,0.4070798870168787,501608,16.72343343806319,288926208,5.510830078125,"[""64K+""]",True,0.9989291429519653,6.70955702662468,4052.991010248661,1103365120,41.0,87.07,1755.0,1593.0,44.0,118.64,1470.0,1593.0
b1_h524288_q4096_csa_profile_sim_batch_inner_descending_steady,ok,,full,csa_profile_sim,descending,steady,batch-inner,1,524288,4096,2048,10,30,20260803,2026-08-13T08:43:22.161315+00:00,2.569472074508667,2.3697280883789062,2.6010560989379883,2.5333130598068236,0.07324153474037719,454.6580272663163,8388608,1168231104512,0.50390625,0.50390625,0.3817648634796384,0.4070798870168787,501608,16.72343343806319,288926208,5.510830078125,"[""64K+""]",True,0.71755051612854,3.7869103252887726,4246.029991656542,1103365120,40.0,87.3,1755.0,1593.0,45.0,118.69,1635.0,1593.0
b1_h524288_q512_csa_profile_sim_batch_inner_ascending_steady,ok,,full,csa_profile_sim,ascending,steady,batch-inner,1,524288,512,2048,10,30,20260803,2026-08-13T07:53:01.188113+00:00,0.3477439880371094,0.3455039858818054,0.3513279855251312,0.348157865802447,0.001779249847990395,419.93217161935974,1048576,146028888064,0.50390625,0.50390625,0.3817648634796384,0.4069685665362035,184100,5.695687126561651,106041600,2.0225830078125,"[""64K+""]",True,0.7187612354755402,3.1720735132694244,504.51307371258736,732464128,39.0,91.17,1755.0,1593.0,39.0,95.47,1755.0,1593.0
b1_h524288_q512_csa_profile_sim_batch_inner_descending_steady,ok,,full,csa_profile_sim,descending,steady,batch-inner,1,524288,512,2048,10,30,20260803,2026-08-13T08:44:10.386151+00:00,0.34838399291038513,0.3461439907550812,0.35334399342536926,0.34900693198045096,0.0018866580045753928,419.16072792001967,1048576,146028888064,0.50390625,0.50390625,0.3817648634796384,0.4069685665362035,184100,5.695687126561651,106041600,2.0225830078125,"[""64K+""]",True,0.6550997495651245,3.102947026491165,503.2345987856388,732464128,40.0,94.68,1755.0,1593.0,40.0,98.06,1755.0,1593.0
b1_h524288_q8_csa_profile_sim_batch_inner_ascending_steady,ok,,full,csa_profile_sim,ascending,steady,batch-inner,1,524288,8,2048,10,30,20260803,2026-08-13T07:52:50.208211+00:00,0.07132799923419952,0.07094399631023407,0.07280000299215317,0.07149546618262927,0.0007539466772346095,31.988859921728974,16384,2281701376,0.50390625,0.50390625,0.38176486347963834,0.4026418786692759,8712,1.8806244260789715,5018112,0.095712890625,"[""64K+""]",True,0.40659308433532715,2.9030777513980865,8.840437978506088,680306176,38.0,87.96,1755.0,1593.0,38.0,88.04,1755.0,1593.0
b1_h524288_q8_csa_profile_sim_batch_inner_descending_steady,ok,,full,csa_profile_sim,descending,steady,batch-inner,1,524288,8,2048,10,30,20260803,2026-08-13T08:44:20.905624+00:00,0.07088000327348709,0.07014399766921997,0.07276800274848938,0.07100479975342751,0.0009251025275314803,32.191045014433264,16384,2281701376,0.50390625,0.50390625,0.38176486347963834,0.4026418786692759,8712,1.8806244260789715,5018112,0.095712890625,"[""64K+""]",True,0.36760419607162476,2.8197020292282104,8.804142475128174,680306176,39.0,90.21,1755.0,1593.0,39.0,89.93,1755.0,1593.0
b1_h65536_q1024_csa_profile_sim_batch_inner_ascending_steady,ok,,full,csa_profile_sim,ascending,steady,batch-inner,1,65536,1024,2048,10,30,20260803,2026-08-13T07:53:09.152768+00:00,0.5917440056800842,0.5867840051651001,0.5983679890632629,0.5920074641704559,0.003215056640110759,493.5542621886664,2097152,292057776128,0.50390625,0.50390625,0.3817648634796384,0.4111060573630137,66548,31.513373805373565,38331648,0.7311181640625,"[""64K+""]",False,0.6713829934597015,0.9826608002185822,1016.3855254650116,337249280,39.0,86.29,1755.0,1593.0,40.0,94.54,1755.0,1593.0
b1_h65536_q1024_csa_profile_sim_batch_inner_descending_steady,ok,,full,csa_profile_sim,descending,steady,batch-inner,1,65536,1024,2048,10,30,20260803,2026-08-13T08:44:02.098143+00:00,0.5924800038337708,0.5899199843406677,0.6004480123519897,0.5933589359124501,0.0033441117088429577,492.94115284596376,2097152,292057776128,0.50390625,0.50390625,0.3817648634796384,0.4111060573630137,66548,31.513373805373565,38331648,0.7311181640625,"[""64K+""]",False,0.6493255496025085,0.996958464384079,994.4101832807064,337249280,40.0,86.99,1755.0,1593.0,40.0,94.57,1755.0,1593.0
b1_h65536_q128_csa_profile_sim_batch_inner_ascending_steady,ok,,full,csa_profile_sim,ascending,steady,batch-inner,1,65536,128,2048,10,30,20260803,2026-08-13T07:52:53.153217+00:00,0.14777599275112152,0.14550399780273438,0.15078400075435638,0.1478613331913948,0.0016213893035417694,247.044336068065,262144,36507222016,0.50390625,0.50390625,0.3817648634796384,0.4079623287671233,54448,4.81457537466941,31362048,0.59818359375,"[""64K+""]",False,0.4970133304595947,0.706009566783905,131.78051635622978,240108544,38.0,89.41,1755.0,1593.0,38.0,90.21,1755.0,1593.0
b1_h65536_q128_csa_profile_sim_batch_inner_descending_steady,ok,,full,csa_profile_sim,descending,steady,batch-inner,1,65536,128,2048,10,30,20260803,2026-08-13T08:44:18.384769+00:00,0.14604799449443817,0.1446399986743927,0.15001599490642548,0.14692586610714595,0.002129537276671541,249.96729426086216,262144,36507222016,0.50390625,0.50390625,0.3817648634796384,0.4079623287671233,54448,4.81457537466941,31362048,0.59818359375,"[""64K+""]",False,0.4906691610813141,0.6994344294071198,125.56831911206245,240108544,40.0,93.02,1755.0,1593.0,40.0,93.67,1755.0,1593.0
b1_h65536_q2_csa_profile_sim_batch_inner_ascending_steady,ok,,full,csa_profile_sim,ascending,steady,batch-inner,1,65536,2,2048,30,100,20260803,2026-08-13T08:53:18.318468+00:00,0.0676800012588501,0.06646399945020676,0.06972800195217133,0.06790272012352944,0.001173967467189716,8.428270292406488,4096,570425344,0.50390625,0.50390625,0.38176486347963834,0.449119373776908,3064,1.3368146214099217,1764864,0.033662109375,"[""64K+""]",False,0.36305561661720276,0.6055347621440887,2.692829817533493,226707456,36.0,65.84,1755.0,1593.0,36.0,66.89,1755.0,1593.0
b1_h65536_q2_csa_profile_sim_batch_inner_descending_steady,ok,,full,csa_profile_sim,descending,steady,batch-inner,1,65536,2,2048,30,100,20260803,2026-08-13T08:54:03.841613+00:00,0.06790400296449661,0.0663359984755516,0.06963200122117996,0.06803904004395007,0.0010886357466299052,8.400467116765487,4096,570425344,0.50390625,0.50390625,0.38176486347963834,0.449119373776908,3064,1.3368146214099217,1764864,0.033662109375,"[""64K+""]",False,0.35400688648223877,0.5759187042713165,2.6091188192367554,226707456,53.0,192.67,1740.0,1593.0,53.0,192.85,1740.0,1593.0
b1_h65536_q32_csa_profile_sim_batch_inner_ascending_steady,ok,,full,csa_profile_sim,ascending,steady,batch-inner,1,65536,32,2048,10,30,20260803,2026-08-13T07:52:51.143435+00:00,0.06972800195217133,0.06908799707889557,0.07161600142717361,0.0699541337788105,0.0009782424594289027,130.89153924502767,65536,9126805504,0.50390625,0.50390625,0.38176486347963834,0.4167074363992172,25364,2.5838195868159595,14609664,0.2786572265625,"[""64K+""]",False,0.562179833650589,0.7042661309242249,32.84062817692757,229897216,38.0,87.25,1755.0,1593.0,38.0,86.93,1755.0,1593.0
b1_h65536_q32_csa_profile_sim_batch_inner_descending_steady,ok,,full,csa_profile_sim,descending,steady,batch-inner,1,65536,32,2048,10,30,20260803,2026-08-13T08:44:20.194066+00:00,0.0692799985408783,0.06876800209283829,0.07215999811887741,0.06962346707781156,0.0014709548980181696,131.73795750897392,65536,9126805504,0.50390625,0.50390625,0.38176486347963834,0.4167074363992172,25364,2.5838195868159595,14609664,0.2786572265625,"[""64K+""]",False,0.5051977932453156,0.642135739326477,32.76293724775314,229897216,39.0,90.18,1755.0,1593.0,39.0,90.2,1755.0,1593.0
b1_h65536_q4096_csa_profile_sim_batch_inner_ascending_steady,ok,,full,csa_profile_sim,ascending,steady,batch-inner,1,65536,4096,2048,10,30,20260803,2026-08-13T07:53:33.026169+00:00,2.452064037322998,2.3205440044403076,2.487744092941284,2.4213514884312946,0.06285363303688762,476.42764900520206,8388608,1168231104512,0.50390625,0.50390625,0.3817648634796384,0.4113841196795499,69628,120.4775090480841,40105728,0.7649560546875,"[""64K+""]",False,0.8233636617660522,1.7522573471069336,4026.363242417574,839123968,40.0,85.88,1755.0,1593.0,44.0,116.15,1635.0,1593.0
b1_h65536_q4096_csa_profile_sim_batch_inner_descending_steady,ok,,full,csa_profile_sim,descending,steady,batch-inner,1,65536,4096,2048,10,30,20260803,2026-08-13T08:43:35.258374+00:00,2.42524790763855,2.3095359802246094,2.4813120365142822,2.417096511522929,0.06318919069068439,481.6955416526882,8388608,1168231104512,0.50390625,0.50390625,0.3817648634796384,0.4113841196795499,69628,120.4775090480841,40105728,0.7649560546875,"[""64K+""]",False,0.8534789085388184,1.773148775100708,4125.841546803713,839123968,40.0,85.89,1755.0,1593.0,43.0,116.97,1725.0,1593.0
b1_h65536_q512_csa_profile_sim_batch_inner_ascending_steady,ok,,full,csa_profile_sim,ascending,steady,batch-inner,1,65536,512,2048,10,30,20260803,2026-08-13T07:52:59.291092+00:00,0.33926400542259216,0.33798399567604065,0.34566399455070496,0.33987199862798056,0.0021100924066399943,430.42847378431526,1048576,146028888064,0.50390625,0.50390625,0.3817648634796384,0.41135640900195697,65952,15.899078117418728,37988352,0.7245703125,"[""64K+""]",False,0.6151795387268066,0.9410493075847626,503.193698823452,280953856,39.0,89.52,1755.0,1593.0,39.0,93.34,1755.0,1593.0
b1_h65536_q512_csa_profile_sim_batch_inner_descending_steady,ok,,full,csa_profile_sim,descending,steady,batch-inner,1,65536,512,2048,10,30,20260803,2026-08-13T08:44:12.207972+00:00,0.3384000062942505,0.3368319869041443,0.343968003988266,0.3391370673974355,0.0019338448203853518,431.5274389712122,1048576,146028888064,0.50390625,0.50390625,0.3817648634796384,0.41135640900195697,65952,15.899078117418728,37988352,0.7245703125,"[""64K+""]",False,0.7682628929615021,0.8967742323875427,502.60796025395393,280953856,40.0,90.42,1755.0,1593.0,40.0,95.0,1755.0,1593.0
b1_h65536_q8_csa_profile_sim_batch_inner_ascending_steady,ok,,full,csa_profile_sim,ascending,steady,batch-inner,1,65536,8,2048,10,30,20260803,2026-08-13T07:52:49.938781+00:00,0.07155200093984604,0.070592001080513,0.07222399860620499,0.07166293362776438,0.0007640672590509484,31.888715144643296,16384,2281701376,0.50390625,0.50390625,0.38176486347963834,0.42000978473581213,8664,1.8910433979686057,4990464,0.095185546875,"[""64K+""]",False,0.4321560263633728,0.7643550634384155,8.877497166395187,227344384,38.0,86.44,1755.0,1593.0,38.0,86.46,1755.0,1593.0
b1_h65536_q8_csa_profile_sim_batch_inner_descending_steady,ok,,full,csa_profile_sim,descending,steady,batch-inner,1,65536,8,2048,10,30,20260803,2026-08-13T08:44:21.157316+00:00,0.07068800181150436,0.07014399766921997,0.07260800153017044,0.07087999979654948,0.0007593736253574016,32.278481744106344,16384,2281701376,0.50390625,0.50390625,0.38176486347963834,0.42000978473581213,8664,1.8910433979686057,4990464,0.095185546875,"[""64K+""]",False,0.3778114914894104,0.7037855684757233,8.611973375082016,227344384,39.0,89.48,1755.0,1593.0,39.0,89.47,1755.0,1593.0
b1_h8192_q1024_csa_profile_sim_batch_inner_ascending_steady,ok,,full,csa_profile_sim,ascending,steady,batch-inner,1,8192,1024,2048,10,30,20260803,2026-08-13T07:53:06.007901+00:00,0.5555840134620667,0.5539199709892273,0.5583040118217468,0.5559658706188202,0.0017517780737584406,525.6770696263756,2097152,292057776128,0.677734375,0.677734375,0.5584174625084868,0.683301354574364,9208,227.75325803649,5303808,0.101162109375,"[""8K-16K""]",False,0.8464008569717407,1.1365041136741638,816.0557150840759,299435008,40.0,103.35,1755.0,1593.0,40.0,105.76,1755.0,1593.0
b1_h8192_q1024_csa_profile_sim_batch_inner_descending_steady,ok,,full,csa_profile_sim,descending,steady,batch-inner,1,8192,1024,2048,10,30,20260803,2026-08-13T08:44:05.360410+00:00,0.5599679946899414,0.5572479963302612,0.5631359815597534,0.5603018720944722,0.002336829357127295,521.5615515485214,2097152,292057776128,0.677734375,0.677734375,0.5584174625084868,0.683301354574364,9208,227.75325803649,5303808,0.101162109375,"[""8K-16K""]",False,0.6331354379653931,0.5983598530292511,824.0896128118038,299435008,40.0,94.26,1755.0,1593.0,41.0,94.25,1755.0,1593.0
b1_h8192_q128_csa_profile_sim_batch_inner_ascending_steady,ok,,full,csa_profile_sim,ascending,steady,batch-inner,1,8192,128,2048,10,30,20260803,2026-08-13T07:52:52.467155+00:00,0.13606399297714233,0.13436800241470337,0.13868799805641174,0.1361824000875155,0.0011518259888365465,268.309206699034,262144,36507222016,0.677734375,0.677734375,0.5584174625084868,0.6900226272015656,8320,31.50769230769231,4792320,0.09140625,"[""8K-16K""]",False,0.41099265217781067,0.4567168653011322,103.08842360973358,41927680,38.0,86.96,1755.0,1593.0,38.0,87.68,1755.0,1593.0
b1_h8192_q128_csa_profile_sim_batch_inner_descending_steady,ok,,full,csa_profile_sim,descending,steady,batch-inner,1,8192,128,2048,10,30,20260803,2026-08-13T08:44:19.042446+00:00,0.1353600025177002,0.13334399461746216,0.13660800457000732,0.13537600090106328,0.0012545146710740416,269.7046493570076,262144,36507222016,0.677734375,0.677734375,0.5584174625084868,0.6900226272015656,8320,31.50769230769231,4792320,0.09140625,"[""8K-16K""]",False,0.35019218921661377,0.39709731936454773,103.2683216035366,41927680,40.0,90.35,1755.0,1593.0,40.0,90.5,1755.0,1593.0
b1_h8192_q2_csa_profile_sim_batch_inner_ascending_steady,ok,,full,csa_profile_sim,ascending,steady,batch-inner,1,8192,2,2048,10,30,20260803,2026-08-13T07:52:48.975423+00:00,0.0687360018491745,0.06703999638557434,0.07091200351715088,0.06896960064768791,0.0012913936415522988,8.29878562404122,4096,570425344,0.677734375,0.677734375,0.5584174625084867,0.6614481409001957,2708,1.5125553914327918,1559808,0.0297509765625,"[""8K-16K""]",False,0.3983303904533386,0.37406012415885925,2.877209335565567,28526592,38.0,84.81,1755.0,1593.0,38.0,84.83,1755.0,1593.0
b1_h8192_q2_csa_profile_sim_batch_inner_descending_steady,ok,,full,csa_profile_sim,descending,steady,batch-inner,1,8192,2,2048,10,30,20260803,2026-08-13T08:44:22.075286+00:00,0.06809599697589874,0.06665600091218948,0.06966400146484375,0.0680768000582854,0.001157633493629504,8.376782326894942,4096,570425344,0.677734375,0.677734375,0.5584174625084867,0.6614481409001957,2708,1.5125553914327918,1559808,0.0297509765625,"[""8K-16K""]",False,0.32929331064224243,0.2917051315307617,2.718266099691391,28526592,39.0,88.94,1755.0,1593.0,39.0,88.88,1755.0,1593.0
b1_h8192_q32_csa_profile_sim_batch_inner_ascending_steady,ok,,full,csa_profile_sim,ascending,steady,batch-inner,1,8192,32,2048,10,30,20260803,2026-08-13T07:52:50.521305+00:00,0.06985600292682648,0.06956800073385239,0.07494399696588516,0.07154240012168885,0.007664718587686858,130.6516995190842,65536,9126805504,0.677734375,0.677734375,0.5584174625084867,0.6876834637964775,7888,8.308316430020284,4543488,0.08666015625,"[""8K-16K""]",False,0.44840946793556213,0.3916807472705841,27.631212025880814,31716352,38.0,87.63,1755.0,1593.0,38.0,87.69,1755.0,1593.0
b1_h8192_q32_csa_profile_sim_batch_inner_descending_steady,ok,,full,csa_profile_sim,descending,steady,batch-inner,1,8192,32,2048,10,30,20260803,2026-08-13T08:44:20.599067+00:00,0.06934399902820587,0.06876800209283829,0.07039999961853027,0.06951573267579078,0.0008845938588341338,131.61637101845895,65536,9126805504,0.677734375,0.677734375,0.5584174625084867,0.6876834637964775,7888,8.308316430020284,4543488,0.08666015625,"[""8K-16K""]",False,0.38316845893859863,0.3323405981063843,27.358554303646088,31716352,39.0,90.04,1755.0,1593.0,39.0,90.08,1755.0,1593.0
b1_h8192_q4096_csa_profile_sim_batch_inner_ascending_steady,ok,,full,csa_profile_sim,ascending,steady,batch-inner,1,8192,4096,2048,10,30,20260803,2026-08-13T07:53:21.425327+00:00,2.2214720249176025,2.1490559577941895,2.291327953338623,2.2325130542119345,0.046132524026853486,525.8815287378337,8388608,1168231104512,0.677734375,0.677734375,0.5584174625084868,0.6749322521709883,12284,682.8889612504071,7075584,0.1349560546875,"[""8K-16K""]",False,0.8169449865818024,1.431986689567566,3210.383180528879,806093824,39.0,86.35,1755.0,1593.0,43.0,113.44,1545.0,1593.0
b1_h8192_q4096_csa_profile_sim_batch_inner_descending_steady,ok,,full,csa_profile_sim,descending,steady,batch-inner,1,8192,4096,2048,10,30,20260803,2026-08-13T08:43:47.997860+00:00,2.293247938156128,2.1541759967803955,2.3784000873565674,2.283734401067098,0.0815701490944609,509.4220668748575,8388608,1168231104512,0.677734375,0.677734375,0.5584174625084868,0.6749322521709883,12284,682.8889612504071,7075584,0.1349560546875,"[""8K-16K""]",False,0.8487105369567871,1.4843232929706573,3264.6644823253155,806093824,40.0,86.89,1755.0,1593.0,45.0,115.34,1725.0,1593.0
b1_h8192_q512_csa_profile_sim_batch_inner_ascending_steady,ok,,full,csa_profile_sim,ascending,steady,batch-inner,1,8192,512,2048,10,30,20260803,2026-08-13T07:52:57.433544+00:00,0.31907200813293457,0.318015992641449,0.3229439854621887,0.3195893327395121,0.0017074735281886668,457.667499316205,1048576,146028888064,0.677734375,0.677734375,0.5584174625084868,0.6840944532778865,8700,120.52597701149425,5011200,0.0955810546875,"[""8K-16K""]",False,0.6573498249053955,0.5978196859359741,415.6511500477791,152077312,38.0,92.03,1755.0,1593.0,39.0,96.19,1755.0,1593.0
b1_h8192_q512_csa_profile_sim_batch_inner_descending_steady,ok,,full,csa_profile_sim,descending,steady,batch-inner,1,8192,512,2048,10,30,20260803,2026-08-13T08:44:13.966847+00:00,0.31968000531196594,0.3171840012073517,0.32470399141311646,0.3202602674563726,0.0023025280378954614,456.79706468189926,1048576,146028888064,0.677734375,0.677734375,0.5584174625084868,0.6840944532778865,8700,120.52597701149425,5011200,0.0955810546875,"[""8K-16K""]",False,0.5728453397750854,0.5085133016109467,412.637323141098,152077312,40.0,90.57,1755.0,1593.0,40.0,93.11,1755.0,1593.0
b1_h8192_q8_csa_profile_sim_batch_inner_ascending_steady,ok,,full,csa_profile_sim,ascending,steady,batch-inner,1,8192,8,2048,10,30,20260803,2026-08-13T07:52:49.698894+00:00,0.07145600020885468,0.07081600278615952,0.07472000271081924,0.07166186620791754,0.0010494074041413203,31.931557452571443,16384,2281701376,0.677734375,0.677734375,0.5584174625084867,0.6778375733855186,5240,3.1267175572519084,3018240,0.057568359375,"[""8K-16K""]",False,0.3871507942676544,0.44861435890197754,7.933028042316437,29163520,38.0,86.17,1755.0,1593.0,38.0,86.18,1755.0,1593.0
b1_h8192_q8_csa_profile_sim_batch_inner_descending_steady,ok,,full,csa_profile_sim,descending,steady,batch-inner,1,8192,8,2048,10,30,20260803,2026-08-13T08:44:21.401656+00:00,0.07052800059318542,0.07004799693822861,0.07158400118350983,0.07068266645073891,0.0006884141637632581,32.35170934677628,16384,2281701376,0.677734375,0.677734375,0.5584174625084867,0.6778375733855186,5240,3.1267175572519084,3018240,0.057568359375,"[""8K-16K""]",False,0.33185258507728577,0.3910735249519348,7.742896676063538,29163520,39.0,89.19,1755.0,1593.0,39.0,89.14,1755.0,1593.0
b2_h131072_q1024_csa_profile_sim_batch_inner_ascending_steady,ok,,full,csa_profile_sim,ascending,steady,batch-inner,2,131072,1024,2048,10,30,20260803,2026-08-13T07:54:15.101574+00:00,1.2230720520019531,1.2202880382537842,1.3018560409545898,1.2446229497591654,0.03413384679364785,477.58065544863524,4194304,584115552256,0.50390625,0.50390625,0.3817648634796384,0.40770337726272016,259288,16.176236462929253,149349888,2.848623046875,"[""64K+""]",True,0.7019899785518646,2.046298235654831,1082.2395160794258,741344256,41.0,87.83,1755.0,1593.0,43.0,105.85,1665.0,1593.0
b2_h131072_q1024_csa_profile_sim_batch_inner_descending_steady,ok,,full,csa_profile_sim,descending,steady,batch-inner,2,131072,1024,2048,10,30,20260803,2026-08-13T08:42:58.320156+00:00,1.2139840126037598,1.2091519832611084,1.3205440044403076,1.2415114680926005,0.04673698579675476,481.15588524364966,4194304,584115552256,0.50390625,0.50390625,0.3817648634796384,0.40770337726272016,259288,16.176236462929253,149349888,2.848623046875,"[""64K+""]",True,0.7321499288082123,2.0888857543468475,1050.0643402338028,741344256,41.0,88.03,1755.0,1593.0,41.0,105.09,1560.0,1593.0
b2_h131072_q128_csa_profile_sim_batch_inner_ascending_steady,ok,,full,csa_profile_sim,ascending,steady,batch-inner,2,131072,128,2048,10,30,20260803,2026-08-13T07:53:56.309666+00:00,0.22275200486183167,0.2208320051431656,0.22844800353050232,0.22351680000623067,0.002482842913470502,327.7835549776053,524288,73014444032,0.50390625,0.50390625,0.3817648634796384,0.40985047700587085,132012,3.9715177408114415,76038912,1.4503271484375,"[""64K+""]",True,0.6638392806053162,1.7125904560089111,135.70000603795052,554976256,41.0,96.18,1755.0,1593.0,41.0,95.36,1755.0,1593.0
b2_h131072_q128_csa_profile_sim_batch_inner_descending_steady,ok,,full,csa_profile_sim,descending,steady,batch-inner,2,131072,128,2048,10,30,20260803,2026-08-13T08:43:16.926662+00:00,0.2226559966802597,0.22044800221920013,0.2258239984512329,0.22283200025558472,0.0015814765763792625,327.92489365040905,524288,73014444032,0.50390625,0.50390625,0.3817648634796384,0.40985047700587085,132012,3.9715177408114415,76038912,1.4503271484375,"[""64K+""]",True,0.5952455103397369,1.6837678849697113,133.85672122240067,554976256,41.0,100.45,1755.0,1593.0,41.0,102.6,1755.0,1593.0
b2_h131072_q2_csa_profile_sim_batch_inner_ascending_steady,ok,,full,csa_profile_sim,ascending,steady,batch-inner,2,131072,2,2048,10,30,20260803,2026-08-13T07:53:52.274850+00:00,0.07081600278615952,0.07014399766921997,0.07180800288915634,0.07103893384337426,0.00081665837178023,16.110068954964667,8192,1140850688,0.50390625,0.50390625,0.38176486347963834,0.40508806262230923,6128,1.3368146214099217,3529728,0.06732421875,"[""64K+""]",True,0.38593634963035583,1.4791861176490784,3.247443586587906,528897536,41.0,87.33,1755.0,1593.0,41.0,87.34,1755.0,1593.0
b2_h131072_q2_csa_profile_sim_batch_inner_descending_steady,ok,,full,csa_profile_sim,descending,steady,batch-inner,2,131072,2,2048,10,30,20260803,2026-08-13T08:43:21.582196+00:00,0.0700799971818924,0.06940799951553345,0.07187200337648392,0.07021866664290428,0.0006287729787378003,16.2792627550901,8192,1140850688,0.50390625,0.50390625,0.38176486347963834,0.40508806262230923,6128,1.3368146214099217,3529728,0.06732421875,"[""64K+""]",True,0.3752410411834717,1.551888883113861,3.6938712000846863,528897536,40.0,90.95,1755.0,1593.0,40.0,90.74,1755.0,1593.0
b2_h131072_q32_csa_profile_sim_batch_inner_ascending_steady,ok,,full,csa_profile_sim,ascending,steady,batch-inner,2,131072,32,2048,10,30,20260803,2026-08-13T07:53:54.357936+00:00,0.07609599828720093,0.0756480023264885,0.08166400343179703,0.07666773324211439,0.0016071037809699967,239.87609623185915,131072,18253611008,0.50390625,0.50390625,0.38176486347963834,0.40692270058708413,52872,2.479043728249357,30454272,0.580869140625,"[""64K+""]",True,0.4937686026096344,1.5370212495326996,34.90675240755081,535106560,41.0,90.44,1755.0,1593.0,41.0,90.87,1755.0,1593.0
b2_h131072_q32_csa_profile_sim_batch_inner_descending_steady,ok,,full,csa_profile_sim,descending,steady,batch-inner,2,131072,32,2048,10,30,20260803,2026-08-13T08:43:19.238214+00:00,0.07548800110816956,0.07497599720954895,0.07676800340414047,0.07583466718594233,0.0011682443185847759,241.80811175333315,131072,18253611008,0.50390625,0.50390625,0.38176486347963834,0.40692270058708413,52872,2.479043728249357,30454272,0.580869140625,"[""64K+""]",True,0.5311816930770874,1.5188828110694885,34.79824215173721,535106560,41.0,95.86,1755.0,1593.0,41.0,95.47,1755.0,1593.0
b2_h131072_q4096_csa_profile_sim_batch_inner_ascending_steady,ok,,full,csa_profile_sim,ascending,steady,batch-inner,2,131072,4096,2048,10,30,20260803,2026-08-13T07:54:44.829250+00:00,5.160799980163574,5.063136100769043,5.268064022064209,5.184626150131225,0.07696603635303123,452.732564332002,16777216,2336462209024,0.50390625,0.50390625,0.3817648634796384,0.4077499598672945,270332,62.061524347838954,155711232,2.9699560546875,"[""64K+""]",True,0.8942186832427979,4.043683409690857,4383.314236998558,1376257024,42.0,88.75,1755.0,1593.0,48.0,154.32,1725.0,1593.0
b2_h131072_q4096_csa_profile_sim_batch_inner_descending_steady,ok,,full,csa_profile_sim,descending,steady,batch-inner,2,131072,4096,2048,10,30,20260803,2026-08-13T08:42:26.337292+00:00,5.1823039054870605,5.076255798339844,5.456672191619873,5.231857061386108,0.12252262551118077,450.853954464179,16777216,2336462209024,0.50390625,0.50390625,0.3817648634796384,0.4077499598672945,270332,62.061524347838954,155711232,2.9699560546875,"[""64K+""]",True,0.8707121014595032,4.169773310422897,4259.866714477539,1376257024,41.0,88.67,1755.0,1593.0,47.0,152.02,1470.0,1593.0
b2_h131072_q512_csa_profile_sim_batch_inner_ascending_steady,ok,,full,csa_profile_sim,ascending,steady,batch-inner,2,131072,512,2048,10,30,20260803,2026-08-13T07:54:03.397132+00:00,0.6218240261077881,0.6191679835319519,0.6259840130805969,0.6219306667645772,0.0018682675984828202,469.67914372188346,2097152,292057776128,0.50390625,0.50390625,0.3817648634796384,0.408296767979452,231812,9.04677928666333,133523712,2.5467626953125,"[""64K+""]",True,0.6255172193050385,1.8880926072597504,533.7640978395939,634455040,41.0,97.96,1755.0,1593.0,43.0,106.46,1740.0,1593.0
b2_h131072_q512_csa_profile_sim_batch_inner_descending_steady,ok,,full,csa_profile_sim,descending,steady,batch-inner,2,131072,512,2048,10,30,20260803,2026-08-13T08:43:09.741443+00:00,0.6225280165672302,0.6189119815826416,0.6570559740066528,0.6281045317649842,0.011612230574143125,469.148003552478,2097152,292057776128,0.50390625,0.50390625,0.3817648634796384,0.408296767979452,231812,9.04677928666333,133523712,2.5467626953125,"[""64K+""]",True,0.6283149123191833,1.902502030134201,517.2357484698296,634455040,41.0,97.96,1755.0,1593.0,41.0,105.77,1740.0,1593.0
b2_h131072_q8_csa_profile_sim_batch_inner_ascending_steady,ok,,full,csa_profile_sim,ascending,steady,batch-inner,2,131072,8,2048,10,30,20260803,2026-08-13T07:53:53.227198+00:00,0.07103999704122543,0.07052800059318542,0.07420799881219864,0.07163306698203087,0.0018078295286970568,64.23709096372566,32768,4563402752,0.50390625,0.50390625,0.38176486347963834,0.40056262230919765,17448,1.8780375974323704,10050048,0.191689453125,"[""64K+""]",True,0.3844238817691803,1.6930177807807922,9.836263954639435,530139136,41.0,89.74,1755.0,1593.0,41.0,89.85,1755.0,1593.0
b2_h131072_q8_csa_profile_sim_batch_inner_descending_steady,ok,,full,csa_profile_sim,descending,steady,batch-inner,2,131072,8,2048,10,30,20260803,2026-08-13T08:43:20.535752+00:00,0.07023999840021133,0.0697920024394989,0.07452800124883652,0.07083626613020896,0.00135815999456912,64.968719475174,32768,4563402752,0.50390625,0.50390625,0.38176486347963834,0.40056262230919765,17448,1.8780375974323704,10050048,0.191689453125,"[""64K+""]",True,0.459425151348114,1.7116665840148926,10.422032326459885,530139136,40.0,92.7,1755.0,1593.0,40.0,92.11,1755.0,1593.0
b2_h16384_q1024_csa_profile_sim_batch_inner_ascending_steady,ok,,full,csa_profile_sim,ascending,steady,batch-inner,2,16384,1024,2048,10,30,20260803,2026-08-13T07:54:11.170220+00:00,1.116927981376648,1.1128640174865723,1.1335680484771729,1.120254937807719,0.007133890877000974,522.9661732854609,4194304,584115552256,0.6015625,0.6015625,0.4795130637871586,0.57104635518591,34800,120.52597701149425,20044800,0.38232421875,"[""16K-32K""]",False,0.6658956408500671,0.9542256593704224,1149.6917307376862,609223680,41.0,87.21,1755.0,1593.0,46.0,101.56,1710.0,1593.0
b2_h16384_q1024_csa_profile_sim_batch_inner_descending_steady,ok,,full,csa_profile_sim,descending,steady,batch-inner,2,16384,1024,2048,10,30,20260803,2026-08-13T08:43:01.737600+00:00,1.1174399852752686,1.1128640174865723,1.1558719873428345,1.1236096024513245,0.012709393959276014,522.7265535089205,4194304,584115552256,0.6015625,0.6015625,0.4795130637871586,0.57104635518591,34800,120.52597701149425,20044800,0.38232421875,"[""16K-32K""]",False,0.6213933229446411,0.9389668703079224,1094.0978452563286,609223680,41.0,87.35,1755.0,1593.0,43.0,103.4,1725.0,1593.0
b2_h16384_q128_csa_profile_sim_batch_inner_ascending_steady,ok,,full,csa_profile_sim,ascending,steady,batch-inner,2,16384,128,2048,10,30,20260803,2026-08-13T07:53:55.559991+00:00,0.2077759951353073,0.20448000729084015,0.21081599593162537,0.20772479921579362,0.0019067009874503035,351.40943006650855,524288,73014444032,0.6015625,0.6015625,0.4795130637871586,0.5739282656555773,32728,16.01955512099731,18851328,0.359560546875,"[""16K-32K""]",False,0.5824342370033264,0.710509717464447,145.46414464712143,140477440,41.0,92.45,1755.0,1593.0,41.0,93.41,1755.0,1593.0
b2_h16384_q128_csa_profile_sim_batch_inner_descending_steady,ok,,full,csa_profile_sim,descending,steady,batch-inner,2,16384,128,2048,10,30,20260803,2026-08-13T08:43:17.759425+00:00,0.20745599269866943,0.20531199872493744,0.20947200059890747,0.2073962653676669,0.001452103326625363,351.9514817682502,524288,73014444032,0.6015625,0.6015625,0.4795130637871586,0.5739282656555773,32728,16.01955512099731,18851328,0.359560546875,"[""16K-32K""]",False,0.588536262512207,0.7428117096424103,138.5311633348465,140477440,41.0,95.98,1755.0,1593.0,41.0,96.81,1755.0,1593.0
b2_h16384_q2_csa_profile_sim_batch_inner_ascending_steady,ok,,full,csa_profile_sim,ascending,steady,batch-inner,2,16384,2,2048,10,30,20260803,2026-08-13T07:53:52.010067+00:00,0.07091200351715088,0.07014399766921997,0.0729919970035553,0.0710730661948522,0.000848954693891921,16.08825912983931,8192,1140850688,0.6015625,0.6015625,0.4795130637871587,0.5797455968688845,5728,1.4301675977653632,3299328,0.0629296875,"[""16K-32K""]",False,0.3633759915828705,0.5356110632419586,5.37644699215889,113673216,41.0,86.92,1755.0,1593.0,41.0,86.94,1755.0,1593.0
b2_h16384_q2_csa_profile_sim_batch_inner_descending_steady,ok,,full,csa_profile_sim,descending,steady,batch-inner,2,16384,2,2048,10,30,20260803,2026-08-13T08:43:21.793743+00:00,0.07017599791288376,0.06972800195217133,0.07158400118350983,0.07037759969631831,0.0006596010827286217,16.256992731563976,8192,1140850688,0.6015625,0.6015625,0.4795130637871587,0.5797455968688845,5728,1.4301675977653632,3299328,0.0629296875,"[""16K-32K""]",False,0.3759637475013733,0.5172714591026306,3.956027328968048,113673216,40.0,90.87,1755.0,1593.0,40.0,90.83,1755.0,1593.0
b2_h16384_q32_csa_profile_sim_batch_inner_ascending_steady,ok,,full,csa_profile_sim,ascending,steady,batch-inner,2,16384,32,2048,10,30,20260803,2026-08-13T07:53:53.962035+00:00,0.06985600292682648,0.06924799829721451,0.07577600330114365,0.07042880008618037,0.0017455380505206394,261.3033990381684,131072,18253611008,0.6015625,0.6015625,0.4795130637871587,0.5747309197651663,25488,5.142498430634024,14681088,0.28001953125,"[""16K-32K""]",False,0.4806928336620331,0.5532130599021912,36.96288913488388,120054784,41.0,90.83,1755.0,1593.0,41.0,91.43,1755.0,1593.0
b2_h16384_q32_csa_profile_sim_batch_inner_descending_steady,ok,,full,csa_profile_sim,descending,steady,batch-inner,2,16384,32,2048,10,30,20260803,2026-08-13T08:43:19.611782+00:00,0.07091200351715088,0.07011199742555618,0.07401599735021591,0.07144960016012192,0.0014346662982633212,257.412146077429,131072,18253611008,0.6015625,0.6015625,0.4795130637871587,0.5747309197651663,25488,5.142498430634024,14681088,0.28001953125,"[""16K-32K""]",False,0.48828125,0.5294755101203918,36.696139723062515,120054784,41.0,96.24,1755.0,1593.0,41.0,96.37,1755.0,1593.0
b2_h16384_q4096_csa_profile_sim_batch_inner_ascending_steady,ok,,full,csa_profile_sim,ascending,steady,batch-inner,2,16384,4096,2048,10,30,20260803,2026-08-13T07:54:30.959601+00:00,4.718111991882324,4.54860782623291,4.725855827331543,4.680926942825318,0.06229452358974345,495.2112652357478,16777216,2336462209024,0.6015625,0.6015625,0.4795130637871586,0.5665873249449609,40952,409.68001562805233,23588352,0.449912109375,"[""16K-32K""]",False,0.9270124137401581,3.008797764778137,4484.712284058332,1244136448,41.0,88.03,1755.0,1593.0,46.0,143.8,1620.0,1593.0
b2_h16384_q4096_csa_profile_sim_batch_inner_descending_steady,ok,,full,csa_profile_sim,descending,steady,batch-inner,2,16384,4096,2048,10,30,20260803,2026-08-13T08:42:39.691448+00:00,4.8567681312561035,4.6544318199157715,4.890880107879639,4.81845121383667,0.09018976626877591,481.0734517028965,16777216,2336462209024,0.6015625,0.6015625,0.4795130637871586,0.5665873249449609,40952,409.68001562805233,23588352,0.449912109375,"[""16K-32K""]",False,1.017831265926361,3.497213125228882,4260.016459971666,1244136448,41.0,91.04,1755.0,1593.0,49.0,144.17,1665.0,1593.0
b2_h16384_q512_csa_profile_sim_batch_inner_ascending_steady,ok,,full,csa_profile_sim,ascending,steady,batch-inner,2,16384,512,2048,10,30,20260803,2026-08-13T07:54:01.379744+00:00,0.5681599974632263,0.5666880011558533,0.5767040252685547,0.5690293331940969,0.002981586855647563,514.0414274711468,2097152,292057776128,0.6015625,0.6015625,0.4795130637871586,0.572284735812133,33788,62.06795311945069,19461888,0.3712060546875,"[""16K-32K""]",False,0.6238818168640137,0.6903558969497681,566.1232769489288,313590784,41.0,96.15,1755.0,1593.0,42.0,103.47,1755.0,1593.0
b2_h16384_q512_csa_profile_sim_batch_inner_descending_steady,ok,,full,csa_profile_sim,descending,steady,batch-inner,2,16384,512,2048,10,30,20260803,2026-08-13T08:43:11.743321+00:00,0.5686399936676025,0.5665599703788757,0.5767679810523987,0.5698058684666951,0.0031279583049248923,513.6075186064417,2097152,292057776128,0.6015625,0.6015625,0.4795130637871586,0.572284735812133,33788,62.06795311945069,19461888,0.3712060546875,"[""16K-32K""]",False,0.6460398435592651,0.7103905081748962,570.2917911112309,313590784,41.0,96.3,1755.0,1593.0,41.0,103.43,1740.0,1593.0
b2_h16384_q8_csa_profile_sim_batch_inner_ascending_steady,ok,,full,csa_profile_sim,ascending,steady,batch-inner,2,16384,8,2048,10,30,20260803,2026-08-13T07:53:52.767457+00:00,0.07116799801588058,0.07052800059318542,0.0772479996085167,0.07195093383391699,0.002422645177037288,64.12155574450348,32768,4563402752,0.6015625,0.6015625,0.4795130637871587,0.5472113502935421,12944,2.5315203955500616,7455744,0.14220703125,"[""16K-32K""]",False,0.3457590937614441,0.6508640944957733,10.560810565948486,114949120,41.0,89.05,1755.0,1593.0,41.0,89.06,1755.0,1593.0
b2_h16384_q8_csa_profile_sim_batch_inner_descending_steady,ok,,full,csa_profile_sim,descending,steady,batch-inner,2,16384,8,2048,10,30,20260803,2026-08-13T08:43:20.861355+00:00,0.07020799815654755,0.06931199878454208,0.07132799923419952,0.07033706630269686,0.0008204938063086755,64.99833169754635,32768,4563402752,0.6015625,0.6015625,0.4795130637871587,0.5472113502935421,12944,2.5315203955500616,7455744,0.14220703125,"[""16K-32K""]",False,0.38319453597068787,0.6475262343883514,11.343076825141907,114949120,40.0,92.19,1755.0,1593.0,40.0,92.09,1755.0,1593.0
b2_h2048_q1024_csa_profile_sim_batch_inner_ascending_steady,ok,,full,csa_profile_sim,ascending,steady,batch-inner,2,2048,1024,2048,10,30,20260803,2026-08-13T07:54:05.403805+00:00,1.0880000591278076,1.08515202999115,1.1263999938964844,1.0944490631421406,0.013513590872609548,536.8708828235309,4194304,584115552256,0.8476906158357771,0.8476906158357771,0.722527752539372,0.9693644126100782,6136,683.5567144719687,3534336,0.067412109375,"[""2K-8K""]",False,0.6365403532981873,0.8949302136898041,3738.3460104465485,591791104,40.0,86.79,1755.0,1593.0,45.0,102.36,1740.0,1593.0
b2_h2048_q1024_csa_profile_sim_batch_inner_descending_steady,ok,,full,csa_profile_sim,descending,steady,batch-inner,2,2048,1024,2048,10,30,20260803,2026-08-13T08:43:04.683798+00:00,1.0881279706954956,1.086016058921814,1.1560959815979004,1.1013514598210652,0.02721841157258892,536.8077726029343,4194304,584115552256,0.8476906158357771,0.8476906158357771,0.722527752539372,0.9693644126100782,6136,683.5567144719687,3534336,0.067412109375,"[""2K-8K""]",False,0.6650425493717194,0.8353255689144135,3404.1794426739216,591791104,40.0,86.57,1755.0,1593.0,45.0,101.3,1695.0,1593.0
b2_h2048_q128_csa_profile_sim_batch_inner_ascending_steady,ok,,full,csa_profile_sim,ascending,steady,batch-inner,2,2048,128,2048,10,30,20260803,2026-08-13T07:53:54.770500+00:00,0.19657599925994873,0.1945279985666275,0.19862399995326996,0.19648960034052532,0.0014687317032458156,371.4311223490053,524288,73014444032,0.968996062992126,0.968996062992126,0.722527752539372,0.9972556873776908,4352,120.47058823529412,2506752,0.0478125,"[""2K-8K""]",False,0.4792064428329468,0.5128160119056702,356.53191432356834,76039168,41.0,91.4,1755.0,1593.0,41.0,92.46,1755.0,1593.0
b2_h2048_q128_csa_profile_sim_batch_inner_descending_steady,ok,,full,csa_profile_sim,descending,steady,batch-inner,2,2048,128,2048,10,30,20260803,2026-08-13T08:43:18.398803+00:00,0.19513599574565887,0.19280000030994415,0.1982399970293045,0.19513919999202092,0.001838619110371709,374.17209343153354,524288,73014444032,0.968996062992126,0.968996062992126,0.722527752539372,0.9972556873776908,4352,120.47058823529412,2506752,0.0478125,"[""2K-8K""]",False,0.4742927849292755,0.4956051707267761,331.94614946842194,76039168,41.0,92.63,1755.0,1593.0,41.0,94.51,1755.0,1593.0
b2_h2048_q2_csa_profile_sim_batch_inner_ascending_steady,ok,,full,csa_profile_sim,ascending,steady,batch-inner,2,2048,2,2048,10,30,20260803,2026-08-13T07:53:50.255282+00:00,0.07094399631023407,0.07030399888753891,0.0732479989528656,0.07115519990523657,0.0009458005690009855,16.081003993785814,8192,1140850688,1.0,1.0,0.722527752539372,1.0,4096,2.0,2359296,0.045,"[""2K-8K""]",False,0.49767643213272095,0.2846270799636841,1342.8850062191486,14582784,41.0,86.93,1755.0,1593.0,41.0,86.91,1755.0,1593.0
b2_h2048_q2_csa_profile_sim_batch_inner_descending_steady,ok,,full,csa_profile_sim,descending,steady,batch-inner,2,2048,2,2048,10,30,20260803,2026-08-13T08:43:21.981715+00:00,0.07020799815654755,0.0695360004901886,0.07155200093984604,0.07033386627833048,0.0007514176776306999,16.249582924386587,8192,1140850688,1.0,1.0,0.722527752539372,1.0,4096,2.0,2359296,0.045,"[""2K-8K""]",False,0.3313794732093811,0.17846375703811646,12.660715728998184,14582784,40.0,90.68,1755.0,1593.0,40.0,90.61,1755.0,1593.0
b2_h2048_q32_csa_profile_sim_batch_inner_ascending_steady,ok,,full,csa_profile_sim,ascending,steady,batch-inner,2,2048,32,2048,10,30,20260803,2026-08-13T07:53:53.513882+00:00,0.07004799693822861,0.06940799951553345,0.07155200093984604,0.07020906632145246,0.0009908454052072724,260.58719457883757,131072,18253611008,0.9924395161290323,0.9924395161290323,0.722527752539372,0.9983794031311155,4160,31.50769230769231,2396160,0.045703125,"[""2K-8K""]",False,0.4088878631591797,0.199880450963974,40.89120775461197,21005312,41.0,89.85,1755.0,1593.0,41.0,90.13,1755.0,1593.0
b2_h2048_q32_csa_profile_sim_batch_inner_descending_steady,ok,,full,csa_profile_sim,descending,steady,batch-inner,2,2048,32,2048,10,30,20260803,2026-08-13T08:43:20.099817+00:00,0.06943999975919724,0.069023996591568,0.07683199644088745,0.07019626572728158,0.002217324796565241,262.86882303138736,131072,18253611008,0.9924395161290323,0.9924395161290323,0.722527752539372,0.9983794031311155,4160,31.50769230769231,2396160,0.045703125,"[""2K-8K""]",False,0.4459768533706665,0.2447366714477539,39.092037826776505,21005312,40.0,91.39,1755.0,1593.0,41.0,91.47,1755.0,1593.0
b2_h2048_q4096_csa_profile_sim_batch_inner_ascending_steady,ok,,full,csa_profile_sim,ascending,steady,batch-inner,2,2048,4096,2048,10,30,20260803,2026-08-13T07:54:18.938642+00:00,4.604351997375488,4.581471920013428,4.6339521408081055,4.609006961186727,0.01596368673766947,507.44647897376205,16777216,2336462209024,0.8212912087912088,0.8212912087912088,0.722527752539372,0.8930676006757583,12280,1366.2228013029317,7073280,0.134912109375,"[""2K-8K""]",False,0.7122308015823364,2.755574882030487,5518.947929143906,1227621376,41.0,88.35,1755.0,1593.0,49.0,143.15,1665.0,1593.0
b2_h2048_q4096_csa_profile_sim_batch_inner_descending_steady,ok,,full,csa_profile_sim,descending,steady,batch-inner,2,2048,4096,2048,10,30,20260803,2026-08-13T08:42:50.168056+00:00,4.571616172790527,4.40723180770874,4.589983940124512,4.523108259836833,0.0758651700547622,511.0801346207105,16777216,2336462209024,0.8212912087912088,0.8212912087912088,0.722527752539372,0.8930676006757583,12280,1366.2228013029317,7073280,0.134912109375,"[""2K-8K""]",False,0.7369443774223328,2.928890287876129,5342.681750655174,1227621376,40.0,87.51,1755.0,1593.0,45.0,143.37,1725.0,1593.0
b2_h2048_q512_csa_profile_sim_batch_inner_ascending_steady,ok,,full,csa_profile_sim,ascending,steady,batch-inner,2,2048,512,2048,10,30,20260803,2026-08-13T07:53:57.204714+00:00,0.5561599731445312,0.5536640286445618,0.559935986995697,0.5567274669806163,0.002395741497467247,525.1326780615007,2097152,292057776128,0.8829500978473581,0.8829500978473581,0.722527752539372,0.9927837573385518,5120,409.6,2949120,0.05625,"[""2K-8K""]",False,0.6292127072811127,0.6127357482910156,3057.8987449407578,297075712,40.0,86.97,1755.0,1593.0,43.0,93.97,1740.0,1593.0
b2_h2048_q512_csa_profile_sim_batch_inner_descending_steady,ok,,full,csa_profile_sim,descending,steady,batch-inner,2,2048,512,2048,10,30,20260803,2026-08-13T08:43:13.493750+00:00,0.5558720231056213,0.554144024848938,0.5592319965362549,0.5562869369983673,0.002281611119760637,525.4047046589823,2097152,292057776128,0.8829500978473581,0.8829500978473581,0.722527752539372,0.9927837573385518,5120,409.6,2949120,0.05625,"[""2K-8K""]",False,0.6145834922790527,0.5772523581981659,2824.387412518263,297075712,40.0,87.06,1755.0,1593.0,43.0,94.4,1755.0,1593.0
b2_h2048_q8_csa_profile_sim_batch_inner_ascending_steady,ok,,full,csa_profile_sim,ascending,steady,batch-inner,2,2048,8,2048,10,30,20260803,2026-08-13T07:53:52.513441+00:00,0.0711359977722168,0.07049600034952164,0.07519999891519547,0.07154773324728012,0.0012216779124375652,64.15040056951733,32768,4563402752,0.9983258928571429,0.9983258928571429,0.722527752539372,0.99926614481409,4112,7.968871595330739,2368512,0.04517578125,"[""2K-8K""]",False,0.34324079751968384,0.34732744097709656,12.32960820198059,15858688,41.0,88.74,1755.0,1593.0,41.0,88.88,1755.0,1593.0
b2_h2048_q8_csa_profile_sim_batch_inner_descending_steady,ok,,full,csa_profile_sim,descending,steady,batch-inner,2,2048,8,2048,10,30,20260803,2026-08-13T08:43:21.246591+00:00,0.07023999840021133,0.06940799951553345,0.0745600014925003,0.07096853330731392,0.0018954821672253657,64.968719475174,32768,4563402752,0.9983258928571429,0.9983258928571429,0.722527752539372,0.99926614481409,4112,7.968871595330739,2368512,0.04517578125,"[""2K-8K""]",False,0.3786161541938782,0.3296360373497009,11.839088052511215,15858688,40.0,89.75,1755.0,1593.0,40.0,89.11,1755.0,1593.0
b2_h262144_q1024_csa_profile_sim_batch_inner_ascending_steady,ok,,full,csa_profile_sim,ascending,steady,batch-inner,2,262144,1024,2048,10,30,20260803,2026-08-13T07:54:16.360034+00:00,1.2322239875793457,1.2163840532302856,1.2825599908828735,1.2496970733006796,0.029402346745352647,474.03358329638706,4194304,584115552256,0.50390625,0.50390625,0.3817648634796384,0.40744155913649704,430772,9.73671454969218,248124672,4.7326025390625,"[""64K+""]",True,0.7620193064212799,3.2114945352077484,1091.212946921587,892339200,41.0,87.25,1755.0,1593.0,43.0,104.88,1695.0,1593.0
b2_h262144_q1024_csa_profile_sim_batch_inner_descending_steady,ok,,full,csa_profile_sim,descending,steady,batch-inner,2,262144,1024,2048,10,30,20260803,2026-08-13T08:42:57.076781+00:00,1.2263679504394531,1.2223039865493774,1.3057279586791992,1.2421023885409037,0.02699656478729505,476.2971439743592,4194304,584115552256,0.50390625,0.50390625,0.3817648634796384,0.40744155913649704,430772,9.73671454969218,248124672,4.7326025390625,"[""64K+""]",True,0.668007880449295,3.368780016899109,1051.6005009412766,892339200,41.0,87.54,1755.0,1593.0,43.0,106.36,1740.0,1593.0
b2_h262144_q128_csa_profile_sim_batch_inner_ascending_steady,ok,,full,csa_profile_sim,ascending,steady,batch-inner,2,262144,128,2048,10,30,20260803,2026-08-13T07:53:56.618175+00:00,0.22579200565814972,0.22208000719547272,0.2727360129356384,0.23208426634470622,0.014051616062501817,323.37036831385535,524288,73014444032,0.50390625,0.50390625,0.3817648634796384,0.4057378302348337,141392,3.708045716872242,81441792,1.55337890625,"[""64K+""]",True,0.684000551700592,2.9959678649902344,136.198490858078,705971200,41.0,94.6,1755.0,1593.0,41.0,96.79,1755.0,1593.0
b2_h262144_q128_csa_profile_sim_batch_inner_descending_steady,ok,,full,csa_profile_sim,descending,steady,batch-inner,2,262144,128,2048,10,30,20260803,2026-08-13T08:43:16.682474+00:00,0.22323200106620789,0.22147199511528015,0.2264000028371811,0.2236181343595187,0.0021739901578105418,327.0787507313739,524288,73014444032,0.50390625,0.50390625,0.3817648634796384,0.4057378302348337,141392,3.708045716872242,81441792,1.55337890625,"[""64K+""]",True,0.6238371133804321,3.028053790330887,132.96274095773697,705971200,41.0,98.54,1755.0,1593.0,41.0,99.76,1755.0,1593.0
b2_h262144_q2_csa_profile_sim_batch_inner_ascending_steady,ok,,full,csa_profile_sim,ascending,steady,batch-inner,2,262144,2,2048,10,30,20260803,2026-08-13T07:53:52.348814+00:00,0.07110399752855301,0.07049600034952164,0.07289600372314453,0.07166720007856688,0.002362235785633692,16.044817839417146,8192,1140850688,0.50390625,0.50390625,0.38176486347963834,0.3904109589041096,6128,1.3368146214099217,3529728,0.06732421875,"[""64K+""]",True,0.38511306047439575,2.7447231113910675,3.1931474804878235,679892480,41.0,87.89,1755.0,1593.0,41.0,87.91,1755.0,1593.0
b2_h262144_q2_csa_profile_sim_batch_inner_descending_steady,ok,,full,csa_profile_sim,descending,steady,batch-inner,2,262144,2,2048,10,30,20260803,2026-08-13T08:43:21.503312+00:00,0.07014399766921997,0.06956800073385239,0.07145600020885468,0.070301865786314,0.0007168732278222009,16.264409299566044,8192,1140850688,0.50390625,0.50390625,0.38176486347963834,0.3904109589041096,6128,1.3368146214099217,3529728,0.06732421875,"[""64K+""]",True,0.3425516188144684,2.8730742633342743,3.528166562318802,679892480,40.0,90.87,1755.0,1593.0,40.0,90.67,1755.0,1593.0
b2_h262144_q32_csa_profile_sim_batch_inner_ascending_steady,ok,,full,csa_profile_sim,ascending,steady,batch-inner,2,262144,32,2048,10,30,20260803,2026-08-13T07:53:54.520207+00:00,0.0764160007238388,0.07580800354480743,0.08140800148248672,0.0771370661755403,0.0019065615266989802,238.87158232694043,131072,18253611008,0.50390625,0.50390625,0.38176486347963834,0.40496575342465757,53460,2.4517770295548074,30792960,0.5873291015625,"[""64K+""]",True,0.5206465721130371,2.7461349964141846,34.74356606602669,686101504,41.0,91.61,1755.0,1593.0,41.0,91.84,1755.0,1593.0
b2_h262144_q32_csa_profile_sim_batch_inner_descending_steady,ok,,full,csa_profile_sim,descending,steady,batch-inner,2,262144,32,2048,10,30,20260803,2026-08-13T08:43:19.038930+00:00,0.07596799731254578,0.07529599964618683,0.08166400343179703,0.0765664003789425,0.0018330009493563043,240.28027134770207,131072,18253611008,0.50390625,0.50390625,0.38176486347963834,0.40496575342465757,53460,2.4517770295548074,30792960,0.5873291015625,"[""64K+""]",True,0.5258619785308838,2.8700977563858032,34.76366400718689,686101504,41.0,96.68,1755.0,1593.0,41.0,95.72,1755.0,1593.0
b2_h262144_q4096_csa_profile_sim_batch_inner_ascending_steady,ok,,full,csa_profile_sim,ascending,steady,batch-inner,2,262144,4096,2048,10,30,20260803,2026-08-13T07:54:49.625006+00:00,5.115903854370117,5.069439888000488,5.348959922790527,5.201281054814657,0.11233655604516087,456.7056527124025,16777216,2336462209024,0.50390625,0.50390625,0.3817648634796384,0.4073046779445939,531504,31.565549835937265,306146304,5.83927734375,"[""64K+""]",True,0.849846750497818,5.320847034454346,4416.835278272629,1527251968,42.0,88.91,1755.0,1593.0,49.0,154.72,1725.0,1593.0
b2_h262144_q4096_csa_profile_sim_batch_inner_descending_steady,ok,,full,csa_profile_sim,descending,steady,batch-inner,2,262144,4096,2048,10,30,20260803,2026-08-13T08:42:21.587898+00:00,5.2251200675964355,5.099679946899414,5.257023811340332,5.187775993347168,0.0661756748576793,447.15952529274165,16777216,2336462209024,0.50390625,0.50390625,0.3817648634796384,0.4073046779445939,531504,31.565549835937265,306146304,5.83927734375,"[""64K+""]",True,0.9270086884498596,5.46317920088768,4371.545895934105,1527251968,41.0,87.69,1755.0,1593.0,46.0,151.84,1665.0,1593.0
b2_h262144_q512_csa_profile_sim_batch_inner_ascending_steady,ok,,full,csa_profile_sim,ascending,steady,batch-inner,2,262144,512,2048,10,30,20260803,2026-08-13T07:54:04.091547+00:00,0.6278079748153687,0.6251839995384216,0.6306880116462708,0.6278719921906789,0.0017958448338233923,465.20239921114563,2097152,292057776128,0.50390625,0.50390625,0.3817648634796384,0.40669337084148727,316684,6.622222783595003,182409984,3.4791943359375,"[""64K+""]",True,0.7043853402137756,3.0705519020557404,538.9738269150257,785449984,41.0,96.12,1755.0,1593.0,41.0,104.75,1755.0,1593.0
b2_h262144_q512_csa_profile_sim_batch_inner_descending_steady,ok,,full,csa_profile_sim,descending,steady,batch-inner,2,262144,512,2048,10,30,20260803,2026-08-13T08:43:09.060500+00:00,0.6246399879455566,0.6228160262107849,0.6285759806632996,0.6248543957869211,0.001703651847032388,467.56176640016145,2097152,292057776128,0.50390625,0.50390625,0.3817648634796384,0.40669337084148727,316684,6.622222783595003,182409984,3.4791943359375,"[""64K+""]",True,0.6956905126571655,3.1337179243564606,532.5105413794518,785449984,41.0,99.74,1755.0,1593.0,44.0,109.65,1725.0,1593.0
b2_h262144_q8_csa_profile_sim_batch_inner_ascending_steady,ok,,full,csa_profile_sim,ascending,steady,batch-inner,2,262144,8,2048,10,30,20260803,2026-08-13T07:53:53.291853+00:00,0.0711359977722168,0.0703359991312027,0.07231999933719635,0.07129386613766352,0.0008467987488003321,64.15040056951733,32768,4563402752,0.50390625,0.50390625,0.38176486347963834,0.41988747553816047,17420,1.8810562571756602,10033920,0.1913818359375,"[""64K+""]",True,0.3696940839290619,2.970714122056961,9.924691170454025,681134080,41.0,89.93,1755.0,1593.0,41.0,89.76,1755.0,1593.0
b2_h262144_q8_csa_profile_sim_batch_inner_descending_steady,ok,,full,csa_profile_sim,descending,steady,batch-inner,2,262144,8,2048,10,30,20260803,2026-08-13T08:43:20.397088+00:00,0.07043199986219406,0.06992000341415405,0.07430399954319,0.07073706611990929,0.001403525555884159,64.79161121264012,32768,4563402752,0.50390625,0.50390625,0.38176486347963834,0.41988747553816047,17420,1.8810562571756602,10033920,0.1913818359375,"[""64K+""]",True,0.44004619121551514,3.0477233231067657,11.639241129159927,681134080,40.0,92.71,1755.0,1593.0,40.0,92.54,1755.0,1593.0
b2_h32768_q1024_csa_profile_sim_batch_inner_ascending_steady,ok,,full,csa_profile_sim,ascending,steady,batch-inner,2,32768,1024,2048,10,30,20260803,2026-08-13T07:54:12.509653+00:00,1.1627839803695679,1.158784031867981,1.2081279754638672,1.1792917331059773,0.021389688991099467,502.3422769123036,4194304,584115552256,0.5703125,0.5703125,0.432384490611313,0.5015823752446185,67572,62.07162730124904,38921472,0.7423681640625,"[""32K-64K""]",False,0.6516799330711365,1.1338405311107635,1000.3730356693268,628098048,41.0,87.13,1755.0,1593.0,45.0,103.33,1710.0,1593.0
b2_h32768_q1024_csa_profile_sim_batch_inner_descending_steady,ok,,full,csa_profile_sim,descending,steady,batch-inner,2,32768,1024,2048,10,30,20260803,2026-08-13T08:43:00.644757+00:00,1.1652799844741821,1.156383991241455,1.2046079635620117,1.1779082735379538,0.01971941999264371,501.2662708006392,4194304,584115552256,0.5703125,0.5703125,0.432384490611313,0.5015823752446185,67572,62.07162730124904,38921472,0.7423681640625,"[""32K-64K""]",False,0.621262937784195,1.1304616928100586,967.5291627645493,628098048,41.0,88.51,1755.0,1593.0,45.0,101.82,1575.0,1593.0
b2_h32768_q128_csa_profile_sim_batch_inner_ascending_steady,ok,,full,csa_profile_sim,ascending,steady,batch-inner,2,32768,128,2048,10,30,20260803,2026-08-13T07:53:55.838723+00:00,0.2107200026512146,0.2093760073184967,0.21427200734615326,0.21151999831199647,0.0017815883630707143,346.49982494948085,524288,73014444032,0.5703125,0.5703125,0.432384490611313,0.49609375,62252,8.42202660155497,35857152,0.6839208984375,"[""32K-64K""]",False,0.6179027259349823,0.8426867425441742,136.48074492812157,253723648,41.0,93.64,1755.0,1593.0,41.0,95.63,1755.0,1593.0
b2_h32768_q128_csa_profile_sim_batch_inner_descending_steady,ok,,full,csa_profile_sim,descending,steady,batch-inner,2,32768,128,2048,10,30,20260803,2026-08-13T08:43:17.481672+00:00,0.2110079973936081,0.2088640034198761,0.21478399634361267,0.21144959926605225,0.001782686955600019,346.02690387986104,524288,73014444032,0.5703125,0.5703125,0.432384490611313,0.49609375,62252,8.42202660155497,35857152,0.6839208984375,"[""32K-64K""]",False,0.6102584302425385,0.8377842605113983,133.51301848888397,253723648,41.0,96.08,1755.0,1593.0,41.0,97.17,1755.0,1593.0
b2_h32768_q2_csa_profile_sim_batch_inner_ascending_steady,ok,,full,csa_profile_sim,ascending,steady,batch-inner,2,32768,2,2048,10,30,20260803,2026-08-13T07:53:52.114648+00:00,0.07081600278615952,0.07030399888753891,0.07433599978685379,0.07116693357626597,0.0010697282104385783,16.110068954964667,8192,1140850688,0.5703125,0.5703125,0.43238449061131295,0.46771037181996084,5856,1.3989071038251366,3373056,0.0643359375,"[""32K-64K""]",False,0.39131566882133484,0.6286278367042542,3.6937035620212555,226919424,41.0,86.96,1755.0,1593.0,41.0,86.99,1755.0,1593.0
b2_h32768_q2_csa_profile_sim_batch_inner_descending_steady,ok,,full,csa_profile_sim,descending,steady,batch-inner,2,32768,2,2048,10,30,20260803,2026-08-13T08:43:21.719474+00:00,0.07072000205516815,0.06992000341415405,0.0745600014925003,0.07133546670277914,0.0015412503679171617,16.131937992734088,8192,1140850688,0.5703125,0.5703125,0.43238449061131295,0.46771037181996084,5856,1.3989071038251366,3373056,0.0643359375,"[""32K-64K""]",False,0.3375299274921417,0.6214156746864319,3.8298070430755615,226919424,40.0,90.94,1755.0,1593.0,40.0,90.94,1755.0,1593.0
b2_h32768_q32_csa_profile_sim_batch_inner_ascending_steady,ok,,full,csa_profile_sim,ascending,steady,batch-inner,2,32768,32,2048,10,30,20260803,2026-08-13T07:53:54.129535+00:00,0.07142399996519089,0.07078400254249573,0.09398400038480759,0.07708053315679232,0.008562232844751985,255.566910518818,131072,18253611008,0.5703125,0.5703125,0.43238449061131295,0.49021526418786693,36896,3.552471812662619,21252096,0.4053515625,"[""32K-64K""]",False,0.5157217383384705,0.6374455988407135,34.16264057159424,233300992,41.0,91.36,1755.0,1593.0,41.0,91.09,1755.0,1593.0
b2_h32768_q32_csa_profile_sim_batch_inner_descending_steady,ok,,full,csa_profile_sim,descending,steady,batch-inner,2,32768,32,2048,10,30,20260803,2026-08-13T08:43:19.501630+00:00,0.07135999947786331,0.07075200229883194,0.07248000055551529,0.07162773335973421,0.0012494617320974435,255.79612025729458,131072,18253611008,0.5703125,0.5703125,0.43238449061131295,0.49021526418786693,36896,3.552471812662619,21252096,0.4053515625,"[""32K-64K""]",False,0.4720166325569153,0.60301274061203,38.03253173828125,233300992,41.0,95.28,1755.0,1593.0,41.0,96.06,1755.0,1593.0
b2_h32768_q4096_csa_profile_sim_batch_inner_ascending_steady,ok,,full,csa_profile_sim,ascending,steady,batch-inner,2,32768,4096,2048,10,30,20260803,2026-08-13T07:54:35.778948+00:00,4.848800182342529,4.764448165893555,5.028768062591553,4.876598437627156,0.08068194830493665,481.86399132975185,16777216,2336462209024,0.5703125,0.5703125,0.432384490611313,0.49093574180528377,73720,227.58024959305482,42462720,0.809912109375,"[""32K-64K""]",False,0.9309463202953339,3.232549875974655,3983.9598275721073,1263010816,41.0,89.21,1755.0,1593.0,49.0,149.43,1680.0,1593.0
b2_h32768_q4096_csa_profile_sim_batch_inner_descending_steady,ok,,full,csa_profile_sim,descending,steady,batch-inner,2,32768,4096,2048,10,30,20260803,2026-08-13T08:42:35.477462+00:00,4.834176063537598,4.786143779754639,5.6902079582214355,5.044729598363241,0.39024032790317764,483.3217032881922,16777216,2336462209024,0.5703125,0.5703125,0.432384490611313,0.49093574180528377,73720,227.58024959305482,42462720,0.809912109375,"[""32K-64K""]",False,0.8376277983188629,3.17976251244545,3880.690108984709,1263010816,41.0,88.57,1755.0,1593.0,48.0,149.24,1665.0,1593.0
b2_h32768_q512_csa_profile_sim_batch_inner_ascending_steady,ok,,full,csa_profile_sim,ascending,steady,batch-inner,2,32768,512,2048,10,30,20260803,2026-08-13T07:54:02.086937+00:00,0.5886399745941162,0.5844159722328186,0.5932160019874573,0.588562136888504,0.00254326353354494,496.15688490979915,2097152,292057776128,0.5703125,0.5703125,0.432384490611313,0.5023678296232876,66548,31.513373805373565,38331648,0.7311181640625,"[""32K-64K""]",False,0.605318695306778,0.9515658020973206,502.9679387807846,337249280,41.0,95.46,1755.0,1593.0,41.0,103.53,1755.0,1593.0
b2_h32768_q512_csa_profile_sim_batch_inner_descending_steady,ok,,full,csa_profile_sim,descending,steady,batch-inner,2,32768,512,2048,10,30,20260803,2026-08-13T08:43:11.095236+00:00,0.5899839997291565,0.5872319936752319,0.5978559851646423,0.5907338619232178,0.0028399032296127775,495.02660455550443,2097152,292057776128,0.5703125,0.5703125,0.432384490611313,0.5023678296232876,66548,31.513373805373565,38331648,0.7311181640625,"[""32K-64K""]",False,0.6314776837825775,0.9939000010490417,497.1984885632992,337249280,41.0,97.14,1755.0,1593.0,42.0,106.14,1740.0,1593.0
b2_h32768_q8_csa_profile_sim_batch_inner_ascending_steady,ok,,full,csa_profile_sim,ascending,steady,batch-inner,2,32768,8,2048,10,30,20260803,2026-08-13T07:53:53.008898+00:00,0.07097599655389786,0.07020799815654755,0.07705599814653397,0.07212799961368242,0.0029910673959604814,64.29501484399218,32768,4563402752,0.5703125,0.5703125,0.43238449061131295,0.48348825831702547,14688,2.2309368191721135,8460288,0.1613671875,"[""32K-64K""]",False,0.37180259823799133,0.7898546755313873,9.694337844848633,228195328,41.0,89.1,1755.0,1593.0,41.0,89.16,1755.0,1593.0
b2_h32768_q8_csa_profile_sim_batch_inner_descending_steady,ok,,full,csa_profile_sim,descending,steady,batch-inner,2,32768,8,2048,10,30,20260803,2026-08-13T08:43:20.727317+00:00,0.07030399888753891,0.06963200122117996,0.07472000271081924,0.07069760039448739,0.0013193975585717621,64.90957590193129,32768,4563402752,0.5703125,0.5703125,0.43238449061131295,0.48348825831702547,14688,2.2309368191721135,8460288,0.1613671875,"[""32K-64K""]",False,0.39310380816459656,0.8147843182086945,10.181307792663574,228195328,40.0,92.12,1755.0,1593.0,40.0,92.24,1755.0,1593.0
b2_h4096_q1024_csa_profile_sim_batch_inner_ascending_steady,ok,,full,csa_profile_sim,ascending,steady,batch-inner,2,4096,1024,2048,10,30,20260803,2026-08-13T07:54:09.327884+00:00,1.0749119520187378,1.0687999725341797,1.1272319555282593,1.0831114649772644,0.018556306663332696,543.4078122947672,4194304,584115552256,0.8125,0.8125,0.722527752539372,0.8646142291462817,10232,409.9202501954652,5893632,0.112412109375,"[""2K-8K""]",False,0.7007531821727753,0.835757702589035,557.5010627508163,594150400,41.0,103.81,1755.0,1593.0,42.0,118.82,1740.0,1593.0
b2_h4096_q1024_csa_profile_sim_batch_inner_descending_steady,ok,,full,csa_profile_sim,descending,steady,batch-inner,2,4096,1024,2048,10,30,20260803,2026-08-13T08:43:03.997329+00:00,1.0750720500946045,1.0709760189056396,1.098431944847107,1.0836800018946329,0.014870779364618883,543.3268888393097,4194304,584115552256,0.8125,0.8125,0.722527752539372,0.8646142291462817,10232,409.9202501954652,5893632,0.112412109375,"[""2K-8K""]",False,0.6100274622440338,0.8345022797584534,567.5161369144917,594150400,41.0,101.3,1755.0,1593.0,41.0,115.94,1665.0,1593.0
b2_h4096_q128_csa_profile_sim_batch_inner_ascending_steady,ok,,full,csa_profile_sim,ascending,steady,batch-inner,2,4096,128,2048,10,30,20260803,2026-08-13T07:53:55.232916+00:00,0.19446399807929993,0.192671999335289,0.19711999595165253,0.19493226657311122,0.001801184930727036,375.4650976692644,524288,73014444032,0.8125,0.8125,0.722527752539372,0.8768346379647749,8436,62.1488857278331,4859136,0.0926806640625,"[""2K-8K""]",False,0.5131624639034271,0.5609504878520966,77.8539814054966,78398464,41.0,92.15,1755.0,1593.0,41.0,92.53,1755.0,1593.0
b2_h4096_q128_csa_profile_sim_batch_inner_descending_steady,ok,,full,csa_profile_sim,descending,steady,batch-inner,2,4096,128,2048,10,30,20260803,2026-08-13T08:43:18.243654+00:00,0.19516800343990326,0.19273599982261658,0.1972160041332245,0.19494826843341193,0.001417223291115043,374.1107289365842,524288,73014444032,0.8125,0.8125,0.722527752539372,0.8768346379647749,8436,62.1488857278331,4859136,0.0926806640625,"[""2K-8K""]",False,0.4634149372577667,0.510580837726593,75.06242021918297,78398464,41.0,95.71,1755.0,1593.0,41.0,97.58,1755.0,1593.0
b2_h4096_q2_csa_profile_sim_batch_inner_ascending_steady,ok,,full,csa_profile_sim,ascending,steady,batch-inner,2,4096,2,2048,10,30,20260803,2026-08-13T07:53:51.746479+00:00,0.07088000327348709,0.07020799815654755,0.07587199658155441,0.07150186697642008,0.002139915530996197,16.095522507216632,8192,1140850688,0.8125,0.8125,0.722527752539372,0.8434442270058709,4864,1.6842105263157894,2801664,0.0534375,"[""2K-8K""]",False,0.4544556140899658,0.41999295353889465,9.020790457725525,28738560,41.0,86.91,1755.0,1593.0,41.0,86.92,1755.0,1593.0
b2_h4096_q2_csa_profile_sim_batch_inner_descending_steady,ok,,full,csa_profile_sim,descending,steady,batch-inner,2,4096,2,2048,10,30,20260803,2026-08-13T08:43:21.927999+00:00,0.0700799971818924,0.06956800073385239,0.07161600142717361,0.07027626633644105,0.0006424869910836697,16.2792627550901,8192,1140850688,0.8125,0.8125,0.722527752539372,0.8434442270058709,4864,1.6842105263157894,2801664,0.0534375,"[""2K-8K""]",False,0.356920063495636,0.3171190619468689,3.1499937176704407,28738560,40.0,90.74,1755.0,1593.0,40.0,90.79,1755.0,1593.0
b2_h4096_q32_csa_profile_sim_batch_inner_ascending_steady,ok,,full,csa_profile_sim,ascending,steady,batch-inner,2,4096,32,2048,10,30,20260803,2026-08-13T07:53:53.690786+00:00,0.06988800317049026,0.06937599927186966,0.07267200201749802,0.07018666664759318,0.001138928175803117,261.18375371908553,131072,18253611008,0.8125,0.8125,0.722527752539372,0.8735322896281801,8152,16.078508341511284,4695552,0.089560546875,"[""2K-8K""]",False,0.4105791449546814,0.3606453537940979,22.799085825681686,35271680,41.0,90.11,1755.0,1593.0,41.0,90.34,1755.0,1593.0
b2_h4096_q32_csa_profile_sim_batch_inner_descending_steady,ok,,full,csa_profile_sim,descending,steady,batch-inner,2,4096,32,2048,10,30,20260803,2026-08-13T08:43:19.939740+00:00,0.06950400024652481,0.06908799707889557,0.07088000327348709,0.06993386695782343,0.0015107642865915165,262.6267688659068,131072,18253611008,0.8125,0.8125,0.722527752539372,0.8735322896281801,8152,16.078508341511284,4695552,0.089560546875,"[""2K-8K""]",False,1.3422966003417969,0.4911646246910095,22.312525659799576,35271680,40.0,92.18,1755.0,1593.0,40.0,92.04,1755.0,1593.0
b2_h4096_q4096_csa_profile_sim_batch_inner_ascending_steady,ok,,full,csa_profile_sim,ascending,steady,batch-inner,2,4096,4096,2048,10,30,20260803,2026-08-13T07:54:24.796911+00:00,4.535776138305664,4.406720161437988,4.706111907958984,4.586562172571818,0.0977737357094165,515.1185018352303,16777216,2336462209024,0.8124670902014652,0.8124670902014652,0.7224876865505949,0.8327290335280089,16372,1024.7505497190325,9430272,0.1798681640625,"[""2K-8K"", ""8K-16K""]",False,0.7460862398147583,2.8837881982326508,1943.8464306294918,1229980672,41.0,89.51,1755.0,1593.0,47.0,144.71,1620.0,1593.0
b2_h4096_q4096_csa_profile_sim_batch_inner_descending_steady,ok,,full,csa_profile_sim,descending,steady,batch-inner,2,4096,4096,2048,10,30,20260803,2026-08-13T08:42:47.902199+00:00,4.488383769989014,4.404032230377197,4.633984088897705,4.508412806193034,0.07507681179865655,520.5575834772521,16777216,2336462209024,0.8124670902014652,0.8124670902014652,0.7224876865505949,0.8327290335280089,16372,1024.7505497190325,9430272,0.1798681640625,"[""2K-8K"", ""8K-16K""]",False,0.7319264113903046,2.957228571176529,1966.7764566838741,1229980672,42.0,88.41,1755.0,1593.0,49.0,143.89,1500.0,1593.0
b2_h4096_q512_csa_profile_sim_batch_inner_ascending_steady,ok,,full,csa_profile_sim,ascending,steady,batch-inner,2,4096,512,2048,10,30,20260803,2026-08-13T07:54:00.385170+00:00,0.5581439733505249,0.5555840134620667,0.5628160238265991,0.5586378733317058,0.00226925765144186,523.2660210855349,2097152,292057776128,0.8125,0.8125,0.722527752539372,0.8692036906800391,9200,227.9513043478261,5299200,0.10107421875,"[""2K-8K""]",False,0.6259158253669739,0.594310462474823,292.7459292113781,299435008,41.0,94.55,1755.0,1593.0,43.0,102.54,1755.0,1593.0
b2_h4096_q512_csa_profile_sim_batch_inner_descending_steady,ok,,full,csa_profile_sim,descending,steady,batch-inner,2,4096,512,2048,10,30,20260803,2026-08-13T08:43:13.039621+00:00,0.5671679973602295,0.5653120279312134,0.5723839998245239,0.5682154695192972,0.005208576084310118,514.9405070231832,2097152,292057776128,0.8125,0.8125,0.722527752539372,0.8692036906800391,9200,227.9513043478261,5299200,0.10107421875,"[""2K-8K""]",False,0.6348565220832825,0.608351081609726,280.2225351333618,299435008,41.0,103.35,1755.0,1593.0,44.0,103.61,1755.0,1593.0
b2_h4096_q8_csa_profile_sim_batch_inner_ascending_steady,ok,,full,csa_profile_sim,ascending,steady,batch-inner,2,4096,8,2048,10,30,20260803,2026-08-13T07:53:52.602032+00:00,0.07135999947786331,0.07068800181150436,0.07734400033950806,0.07374826694528262,0.00996498775112282,63.949030064323644,32768,4563402752,0.8125,0.8125,0.722527752539372,0.8774461839530333,6928,4.7297921478060045,3990528,0.07611328125,"[""2K-8K""]",False,0.35534799098968506,0.42155012488365173,6.5366290509700775,30014464,41.0,88.91,1755.0,1593.0,41.0,88.93,1755.0,1593.0
b2_h4096_q8_csa_profile_sim_batch_inner_descending_steady,ok,,full,csa_profile_sim,descending,steady,batch-inner,2,4096,8,2048,10,30,20260803,2026-08-13T08:43:21.100486+00:00,0.07062400132417679,0.0697920024394989,0.07209599763154984,0.07075093338886897,0.0008999719282731457,64.6154659384586,32768,4563402752,0.8125,0.8125,0.722527752539372,0.8774461839530333,6928,4.7297921478060045,3990528,0.07611328125,"[""2K-8K""]",False,0.35268813371658325,0.40922313928604126,7.17342272400856,30014464,40.0,91.48,1755.0,1593.0,40.0,91.38,1755.0,1593.0
b2_h524288_q1024_csa_profile_sim_batch_inner_ascending_steady,ok,,full,csa_profile_sim,ascending,steady,batch-inner,2,524288,1024,2048,10,30,20260803,2026-08-13T07:54:17.670573+00:00,1.2322560548782349,1.2282240390777588,1.3194559812545776,1.2449109435081482,0.026812465165219738,474.02124740520685,4194304,584115552256,0.50390625,0.50390625,0.3817648634796384,0.4073469606164384,579500,7.237798101811907,333792000,6.3665771484375,"[""64K+""]",True,0.7621236145496368,5.724560469388962,1090.4910042881966,1194329088,41.0,87.11,1755.0,1593.0,44.0,104.88,1710.0,1593.0
b2_h524288_q1024_csa_profile_sim_batch_inner_descending_steady,ok,,full,csa_profile_sim,descending,steady,batch-inner,2,524288,1024,2048,10,30,20260803,2026-08-13T08:42:55.846234+00:00,1.2362560033798218,1.2305920124053955,1.3018879890441895,1.2525759975115458,0.02854681897034693,472.4875354773415,4194304,584115552256,0.50390625,0.50390625,0.3817648634796384,0.4073469606164384,579500,7.237798101811907,333792000,6.3665771484375,"[""64K+""]",True,0.7423050701618195,5.895867943763733,1054.2364828288555,1194329088,41.0,86.58,1755.0,1593.0,44.0,105.3,1680.0,1593.0
b2_h524288_q128_csa_profile_sim_batch_inner_ascending_steady,ok,,full,csa_profile_sim,ascending,steady,batch-inner,2,524288,128,2048,10,30,20260803,2026-08-13T07:53:56.885062+00:00,0.22355200350284576,0.22115199267864227,0.22575999796390533,0.22386453300714493,0.0016123624092735692,326.61055543199615,524288,73014444032,0.50390625,0.50390625,0.3817648634796384,0.40724376223091974,146544,3.577683153182662,84409344,1.60998046875,"[""64K+""]",True,0.7155239582061768,5.37707656621933,138.8121210038662,1007961088,41.0,95.89,1755.0,1593.0,41.0,98.47,1755.0,1593.0
b2_h524288_q128_csa_profile_sim_batch_inner_descending_steady,ok,,full,csa_profile_sim,descending,steady,batch-inner,2,524288,128,2048,10,30,20260803,2026-08-13T08:43:16.463735+00:00,0.22355200350284576,0.22147199511528015,0.22758400440216064,0.22395946582158408,0.0022863911566240284,326.61055543199615,524288,73014444032,0.50390625,0.50390625,0.3817648634796384,0.40724376223091974,146544,3.577683153182662,84409344,1.60998046875,"[""64K+""]",True,0.6956122815608978,5.348410457372665,132.75380805134773,1007961088,41.0,95.41,1755.0,1593.0,41.0,96.89,1755.0,1593.0
b2_h524288_q2_csa_profile_sim_batch_inner_ascending_steady,ok,,full,csa_profile_sim,ascending,steady,batch-inner,2,524288,2,2048,10,30,20260803,2026-08-13T07:53:52.429328+00:00,0.0711359977722168,0.07046400010585785,0.07180800288915634,0.07122133324543635,0.0008012501527684213,16.037600142379333,8192,1140850688,0.50390625,0.50390625,0.38176486347963834,0.4143835616438356,6128,1.3368146214099217,3529728,0.06732421875,"[""64K+""]",True,0.39672479033470154,5.166329443454742,3.2405704259872437,981882368,41.0,88.7,1755.0,1593.0,41.0,88.7,1755.0,1593.0
b2_h524288_q2_csa_profile_sim_batch_inner_descending_steady,ok,,full,csa_profile_sim,descending,steady,batch-inner,2,524288,2,2048,10,30,20260803,2026-08-13T08:43:21.423129+00:00,0.07020799815654755,0.06956800073385239,0.07401599735021591,0.07056853274504343,0.0014788232034075666,16.249582924386587,8192,1140850688,0.50390625,0.50390625,0.38176486347963834,0.4143835616438356,6128,1.3368146214099217,3529728,0.06732421875,"[""64K+""]",True,0.4269406199455261,5.114544183015823,3.812626004219055,981882368,40.0,90.09,1755.0,1593.0,40.0,90.01,1755.0,1593.0
b2_h524288_q32_csa_profile_sim_batch_inner_ascending_steady,ok,,full,csa_profile_sim,ascending,steady,batch-inner,2,524288,32,2048,10,30,20260803,2026-08-13T07:53:54.654108+00:00,0.07635200023651123,0.07571200281381607,0.0825280025601387,0.07700053304433822,0.001830779233762089,239.07181149749624,131072,18253611008,0.50390625,0.50390625,0.38176486347963834,0.4028559197651663,53756,2.4382766574893964,30963456,0.5905810546875,"[""64K+""]",True,0.5575791001319885,5.116283893585205,35.396140068769455,988091392,41.0,92.58,1755.0,1593.0,41.0,93.12,1755.0,1593.0
b2_h524288_q32_csa_profile_sim_batch_inner_descending_steady,ok,,full,csa_profile_sim,descending,steady,batch-inner,2,524288,32,2048,10,30,20260803,2026-08-13T08:43:18.858611+00:00,0.0753600001335144,0.07462400197982788,0.0767040029168129,0.07559893354773521,0.0013481778885807965,242.21882929485534,131072,18253611008,0.50390625,0.50390625,0.38176486347963834,0.4028559197651663,53756,2.4382766574893964,30963456,0.5905810546875,"[""64K+""]",True,0.5540549755096436,5.132831633090973,34.59431603550911,988091392,41.0,96.16,1755.0,1593.0,41.0,95.86,1755.0,1593.0
b2_h524288_q4096_csa_profile_sim_batch_inner_ascending_steady,ok,,full,csa_profile_sim,ascending,steady,batch-inner,2,524288,4096,2048,10,30,20260803,2026-08-13T07:54:54.447399+00:00,5.231040000915527,5.136928081512451,5.588287830352783,5.2859615643819176,0.12570846794331966,446.6534778199127,16777216,2336462209024,0.50390625,0.50390625,0.3817648634796384,0.4070158657962329,1003760,16.714369968916873,578165760,11.02763671875,"[""64K+""]",True,0.9386464953422546,7.705409079790115,4349.639896303415,1829241856,42.0,89.65,1755.0,1593.0,48.0,154.93,1470.0,1593.0
b2_h524288_q4096_csa_profile_sim_batch_inner_descending_steady,ok,,full,csa_profile_sim,descending,steady,batch-inner,2,524288,4096,2048,10,30,20260803,2026-08-13T08:42:16.957291+00:00,5.1424641609191895,5.1091837882995605,5.2712321281433105,5.164216581980387,0.05367926502890007,454.34681427247307,16777216,2336462209024,0.50390625,0.50390625,0.3817648634796384,0.4070158657962329,1003760,16.714369968916873,578165760,11.02763671875,"[""64K+""]",True,0.784803181886673,7.426522672176361,4318.747080862522,1829241856,42.0,88.46,1755.0,1593.0,48.0,153.52,1590.0,1593.0
b2_h524288_q512_csa_profile_sim_batch_inner_ascending_steady,ok,,full,csa_profile_sim,ascending,steady,batch-inner,2,524288,512,2048,10,30,20260803,2026-08-13T07:54:04.740020+00:00,0.6265280246734619,0.624288022518158,0.6307839751243591,0.6268394629160563,0.002013376313650975,466.1527731025546,2097152,292057776128,0.50390625,0.50390625,0.3817648634796384,0.4072265625,367676,5.7038044365147575,211781376,4.0394091796875,"[""64K+""]",True,0.6926916539669037,5.49432635307312,538.1485372781754,1087439872,41.0,99.62,1755.0,1593.0,42.0,108.83,1695.0,1593.0
b2_h524288_q512_csa_profile_sim_batch_inner_descending_steady,ok,,full,csa_profile_sim,descending,steady,batch-inner,2,524288,512,2048,10,30,20260803,2026-08-13T08:43:08.252051+00:00,0.6323519945144653,0.6279039978981018,0.6721919775009155,0.6387338678042094,0.014346987421465915,461.85950018588744,2097152,292057776128,0.50390625,0.50390625,0.3817648634796384,0.4072265625,367676,5.7038044365147575,211781376,4.0394091796875,"[""64K+""]",True,0.6928220391273499,5.443517118692398,672.6669855415821,1087439872,41.0,103.07,1755.0,1593.0,43.0,113.97,1755.0,1593.0
b2_h524288_q8_csa_profile_sim_batch_inner_ascending_steady,ok,,full,csa_profile_sim,ascending,steady,batch-inner,2,524288,8,2048,10,30,20260803,2026-08-13T07:53:53.398766+00:00,0.07103999704122543,0.07036799937486649,0.07391999661922455,0.07139733284711838,0.0010678630663940563,64.23709096372566,32768,4563402752,0.50390625,0.50390625,0.38176486347963834,0.4014187866927593,17452,1.8776071510428605,10052352,0.1917333984375,"[""64K+""]",True,0.41196122765541077,5.356159061193466,9.696993976831436,983123968,41.0,90.51,1755.0,1593.0,41.0,90.08,1755.0,1593.0
b2_h524288_q8_csa_profile_sim_batch_inner_descending_steady,ok,,full,csa_profile_sim,descending,steady,batch-inner,2,524288,8,2048,10,30,20260803,2026-08-13T08:43:20.258457+00:00,0.0703359991312027,0.06992000341415405,0.07171200215816498,0.07062399958570799,0.0010877176073892545,64.88004447747396,32768,4563402752,0.50390625,0.50390625,0.38176486347963834,0.4014187866927593,17452,1.8776071510428605,10052352,0.1917333984375,"[""64K+""]",True,0.4475302994251251,5.333665758371353,12.394405901432037,983123968,41.0,92.82,1755.0,1593.0,41.0,92.27,1755.0,1593.0
b2_h65536_q1024_csa_profile_sim_batch_inner_ascending_steady,ok,,full,csa_profile_sim,ascending,steady,batch-inner,2,65536,1024,2048,10,30,20260803,2026-08-13T07:54:13.728768+00:00,1.2336959838867188,1.20307195186615,1.3032640218734741,1.2282485326131185,0.025257886117588224,473.4679855370552,4194304,584115552256,0.50390625,0.50390625,0.3817648634796384,0.4106493089530333,133104,31.51147974516168,76667904,1.46232421875,"[""64K+""]",False,0.6568916141986847,1.429438591003418,1125.3071166574955,665846784,41.0,87.22,1755.0,1593.0,43.0,102.96,1725.0,1593.0
b2_h65536_q1024_csa_profile_sim_batch_inner_descending_steady,ok,,full,csa_profile_sim,descending,steady,batch-inner,2,65536,1024,2048,10,30,20260803,2026-08-13T08:42:59.491929+00:00,1.2351679801940918,1.2023999691009521,1.3031359910964966,1.2296063979466756,0.026119593180043445,472.90373586612344,4194304,584115552256,0.50390625,0.50390625,0.3817648634796384,0.4106493089530333,133104,31.51147974516168,76667904,1.46232421875,"[""64K+""]",False,0.651482492685318,1.4104023575782776,1048.509392887354,665846784,41.0,87.97,1755.0,1593.0,45.0,103.48,1560.0,1593.0
b2_h65536_q128_csa_profile_sim_batch_inner_ascending_steady,ok,,full,csa_profile_sim,ascending,steady,batch-inner,2,65536,128,2048,10,30,20260803,2026-08-13T07:53:56.038043+00:00,0.22137600183486938,0.21900799870491028,0.22732800245285034,0.22188693284988403,0.0021742495823923605,329.82095361205205,524288,73014444032,0.50390625,0.50390625,0.3817648634796384,0.41032442514677103,108824,4.817760788061457,62682624,1.195576171875,"[""64K+""]",False,0.6308630108833313,1.10543891787529,137.6461461186409,479478784,41.0,95.17,1755.0,1593.0,41.0,97.63,1755.0,1593.0
b2_h65536_q128_csa_profile_sim_batch_inner_descending_steady,ok,,full,csa_profile_sim,descending,steady,batch-inner,2,65536,128,2048,10,30,20260803,2026-08-13T08:43:17.216689+00:00,0.22111999988555908,0.21836799383163452,0.22307200729846954,0.22114026695489883,0.0014341442003164128,330.20280422299527,524288,73014444032,0.50390625,0.50390625,0.3817648634796384,0.41032442514677103,108824,4.817760788061457,62682624,1.195576171875,"[""64K+""]",False,0.6182827055454254,1.13629549741745,132.70869106054306,479478784,41.0,96.48,1755.0,1593.0,41.0,98.22,1755.0,1593.0
b2_h65536_q2_csa_profile_sim_batch_inner_ascending_steady,ok,,full,csa_profile_sim,ascending,steady,batch-inner,2,65536,2,2048,10,30,20260803,2026-08-13T07:53:52.174792+00:00,0.07088000327348709,0.06988800317049026,0.07340800017118454,0.07109119991461436,0.0010419949648291427,16.095522507216632,8192,1140850688,0.50390625,0.50390625,0.38176486347963834,0.42221135029354206,6128,1.3368146214099217,3529728,0.06732421875,"[""64K+""]",False,0.3700330853462219,0.8717216551303864,3.2277703285217285,453400064,41.0,87.1,1755.0,1593.0,41.0,87.12,1755.0,1593.0
b2_h65536_q2_csa_profile_sim_batch_inner_descending_steady,ok,,full,csa_profile_sim,descending,steady,batch-inner,2,65536,2,2048,10,30,20260803,2026-08-13T08:43:21.664911+00:00,0.07027199864387512,0.06947200000286102,0.07203199714422226,0.07039146622021993,0.0006984964048648536,16.23478355556116,8192,1140850688,0.50390625,0.50390625,0.38176486347963834,0.42221135029354206,6128,1.3368146214099217,3529728,0.06732421875,"[""64K+""]",False,0.3957413136959076,0.9295791387557983,3.841966390609741,453400064,40.0,90.93,1755.0,1593.0,40.0,90.88,1755.0,1593.0
b2_h65536_q32_csa_profile_sim_batch_inner_ascending_steady,ok,,full,csa_profile_sim,ascending,steady,batch-inner,2,65536,32,2048,10,30,20260803,2026-08-13T07:53:54.267587+00:00,0.07503999769687653,0.07446400076150894,0.07974400371313095,0.07551253313819567,0.0016530041517274687,243.25175330808665,131072,18253611008,0.50390625,0.50390625,0.38176486347963834,0.41325220156555775,50796,2.580360658319553,29258496,0.5580615234375,"[""64K+""]",False,0.531759113073349,0.975489616394043,34.92013365030289,459609088,41.0,91.12,1755.0,1593.0,41.0,91.4,1755.0,1593.0
b2_h65536_q32_csa_profile_sim_batch_inner_descending_steady,ok,,full,csa_profile_sim,descending,steady,batch-inner,2,65536,32,2048,10,30,20260803,2026-08-13T08:43:19.395177+00:00,0.07526399940252304,0.07459200173616409,0.07619199901819229,0.07549759969115258,0.0009961256904841946,242.52778423821167,131072,18253611008,0.50390625,0.50390625,0.38176486347963834,0.41325220156555775,50796,2.580360658319553,29258496,0.5580615234375,"[""64K+""]",False,0.5081295967102051,0.9103678166866302,35.363584756851196,459609088,41.0,94.81,1755.0,1593.0,41.0,95.08,1755.0,1593.0
b2_h65536_q4096_csa_profile_sim_batch_inner_ascending_steady,ok,,full,csa_profile_sim,ascending,steady,batch-inner,2,65536,4096,2048,10,30,20260803,2026-08-13T07:54:40.135032+00:00,5.0709757804870605,5.009984016418457,5.2487359046936035,5.094178136189779,0.07400377813203962,460.75199530919195,16777216,2336462209024,0.50390625,0.50390625,0.3817648634796384,0.4115159842832681,139252,120.4809697526786,80209152,1.5298681640625,"[""64K+""]",False,0.8547045290470123,3.4363195300102234,4356.625773012638,1300759552,42.0,88.45,1755.0,1593.0,49.0,150.27,1590.0,1593.0
b2_h65536_q4096_csa_profile_sim_batch_inner_descending_steady,ok,,full,csa_profile_sim,descending,steady,batch-inner,2,65536,4096,2048,10,30,20260803,2026-08-13T08:42:30.891234+00:00,5.062943935394287,4.944255828857422,5.248415946960449,5.081513627370199,0.09274289036632608,461.4829314403702,16777216,2336462209024,0.50390625,0.50390625,0.3817648634796384,0.4115159842832681,139252,120.4809697526786,80209152,1.5298681640625,"[""64K+""]",False,0.8168667554855347,3.614146262407303,4274.337191134691,1300759552,41.0,87.25,1755.0,1593.0,48.0,150.32,1635.0,1593.0
b2_h65536_q512_csa_profile_sim_batch_inner_ascending_steady,ok,,full,csa_profile_sim,ascending,steady,batch-inner,2,65536,512,2048,10,30,20260803,2026-08-13T07:54:02.717850+00:00,0.6138240098953247,0.612064003944397,0.6225600242614746,0.6146741390228272,0.0031765698327609697,475.8005086471032,2097152,292057776128,0.50390625,0.50390625,0.3817648634796384,0.4110659246575342,131860,15.904383436978614,75951360,1.4486572265625,"[""64K+""]",False,0.6368011236190796,1.2483149766921997,538.2213555276394,558957568,41.0,96.09,1755.0,1593.0,43.0,105.83,1755.0,1593.0
b2_h65536_q512_csa_profile_sim_batch_inner_descending_steady,ok,,full,csa_profile_sim,descending,steady,batch-inner,2,65536,512,2048,10,30,20260803,2026-08-13T08:43:10.385926+00:00,0.6161919832229614,0.6143680214881897,0.6217600107192993,0.6168864031632741,0.0022604768087118275,473.9720478030343,2097152,292057776128,0.50390625,0.50390625,0.3817648634796384,0.4110659246575342,131860,15.904383436978614,75951360,1.4486572265625,"[""64K+""]",False,0.6536431610584259,1.2907758355140686,520.881962031126,558957568,41.0,95.49,1755.0,1593.0,43.0,104.76,1755.0,1593.0
b2_h65536_q8_csa_profile_sim_batch_inner_ascending_steady,ok,,full,csa_profile_sim,ascending,steady,batch-inner,2,65536,8,2048,10,30,20260803,2026-08-13T07:53:53.119169+00:00,0.07094399631023407,0.07030399888753891,0.07289600372314453,0.07119893332322438,0.0007841193310435891,64.32401597514325,32768,4563402752,0.50390625,0.50390625,0.38176486347963834,0.40936888454011744,17300,1.8941040462427745,9964800,0.1900634765625,"[""64K+""]",False,0.3721378743648529,1.0779015719890594,9.661655873060226,454641664,41.0,89.32,1755.0,1593.0,41.0,89.27,1755.0,1593.0
b2_h65536_q8_csa_profile_sim_batch_inner_descending_steady,ok,,full,csa_profile_sim,descending,steady,batch-inner,2,65536,8,2048,10,30,20260803,2026-08-13T08:43:20.622405+00:00,0.07043199986219406,0.06943999975919724,0.07152000069618225,0.07051306640108426,0.0008337918448990175,64.79161121264012,32768,4563402752,0.50390625,0.50390625,0.38176486347963834,0.40936888454011744,17300,1.8941040462427745,9964800,0.1900634765625,"[""64K+""]",False,0.3780648112297058,1.1211484670639038,10.38561761379242,454641664,40.0,92.33,1755.0,1593.0,40.0,92.39,1755.0,1593.0
b2_h8192_q1024_csa_profile_sim_batch_inner_ascending_steady,ok,,full,csa_profile_sim,ascending,steady,batch-inner,2,8192,1024,2048,10,30,20260803,2026-08-13T07:54:10.096149+00:00,1.0985280275344849,1.089792013168335,1.1268800497055054,1.100171732902527,0.009357919923237102,531.7256707295651,4194304,584115552256,0.677734375,0.677734375,0.5584174625084868,0.6828933387353229,18424,227.65436387320887,10612224,0.202412109375,"[""8K-16K""]",False,0.6594136357307434,0.8642189204692841,882.6688751578331,598868992,41.0,87.38,1755.0,1593.0,43.0,100.69,1680.0,1593.0
b2_h8192_q1024_csa_profile_sim_batch_inner_descending_steady,ok,,full,csa_profile_sim,descending,steady,batch-inner,2,8192,1024,2048,10,30,20260803,2026-08-13T08:43:02.979142+00:00,1.0892800092697144,1.0824639797210693,1.1213760375976562,1.1016394734382629,0.017179317591592788,536.2400367997283,4194304,584115552256,0.677734375,0.677734375,0.5584174625084868,0.6828933387353229,18424,227.65436387320887,10612224,0.202412109375,"[""8K-16K""]",False,0.6598308682441711,0.8654743432998657,876.5497393906116,598868992,41.0,103.77,1755.0,1593.0,41.0,101.79,1680.0,1593.0
b2_h8192_q128_csa_profile_sim_batch_inner_ascending_steady,ok,,full,csa_profile_sim,ascending,steady,batch-inner,2,8192,128,2048,10,30,20260803,2026-08-13T07:53:55.387311+00:00,0.19964799284934998,0.19728000462055206,0.20259200036525726,0.19958719958861668,0.0015410213443176664,365.71589320757715,524288,73014444032,0.677734375,0.677734375,0.5584174625084868,0.6886619373776908,16636,31.515268093291656,9582336,0.1827685546875,"[""8K-16K""]",False,0.47864392399787903,0.6406642496585846,112.12550848722458,83854336,41.0,92.03,1755.0,1593.0,42.0,93.5,1755.0,1593.0
b2_h8192_q128_csa_profile_sim_batch_inner_descending_steady,ok,,full,csa_profile_sim,descending,steady,batch-inner,2,8192,128,2048,10,30,20260803,2026-08-13T08:43:18.005296+00:00,0.19814400374889374,0.196383997797966,0.2006720006465912,0.1984373336037,0.001499318962538386,368.4918173175233,524288,73014444032,0.677734375,0.677734375,0.5584174625084868,0.6886619373776908,16636,31.515268093291656,9582336,0.1827685546875,"[""8K-16K""]",False,0.4855990409851074,0.6078220903873444,110.2953627705574,83854336,41.0,95.04,1755.0,1593.0,41.0,95.85,1755.0,1593.0
b2_h8192_q2_csa_profile_sim_batch_inner_ascending_steady,ok,,full,csa_profile_sim,ascending,steady,batch-inner,2,8192,2,2048,10,30,20260803,2026-08-13T07:53:51.869614+00:00,0.07088000327348709,0.06992000341415405,0.07395199686288834,0.07106026609738668,0.0009611178572659614,16.095522507216632,8192,1140850688,0.677734375,0.677734375,0.5584174625084867,0.6653620352250489,5416,1.5125553914327918,3119616,0.059501953125,"[""8K-16K""]",False,0.3974027931690216,0.4602484405040741,3.7222616374492645,57050112,41.0,86.91,1755.0,1593.0,41.0,86.91,1755.0,1593.0
b2_h8192_q2_csa_profile_sim_batch_inner_descending_steady,ok,,full,csa_profile_sim,descending,steady,batch-inner,2,8192,2,2048,10,30,20260803,2026-08-13T08:43:21.871931+00:00,0.070592001080513,0.06982400268316269,0.07132799923419952,0.070697599897782,0.0010421118935075378,16.16118923585711,8192,1140850688,0.677734375,0.677734375,0.5584174625084867,0.6653620352250489,5416,1.5125553914327918,3119616,0.059501953125,"[""8K-16K""]",False,0.420592725276947,0.4170462489128113,3.840014338493347,57050112,40.0,90.88,1755.0,1593.0,40.0,90.91,1755.0,1593.0
b2_h8192_q32_csa_profile_sim_batch_inner_ascending_steady,ok,,full,csa_profile_sim,ascending,steady,batch-inner,2,8192,32,2048,10,30,20260803,2026-08-13T07:53:53.810508+00:00,0.06985600292682648,0.06931199878454208,0.07398399710655212,0.07034986664851507,0.0015159286274665455,261.3033990381684,131072,18253611008,0.677734375,0.677734375,0.5584174625084867,0.692606409001957,15848,8.270570418980313,9128448,0.174111328125,"[""8K-16K""]",False,0.3789924085140228,0.5196146667003632,30.48715367913246,63431680,41.0,90.32,1755.0,1593.0,41.0,90.83,1755.0,1593.0
b2_h8192_q32_csa_profile_sim_batch_inner_descending_steady,ok,,full,csa_profile_sim,descending,steady,batch-inner,2,8192,32,2048,10,30,20260803,2026-08-13T08:43:19.785979+00:00,0.06943999975919724,0.06905599683523178,0.07068800181150436,0.06976533308625221,0.0012947970720750932,262.86882303138736,131072,18253611008,0.677734375,0.677734375,0.5584174625084867,0.692606409001957,15848,8.270570418980313,9128448,0.174111328125,"[""8K-16K""]",False,0.38925930857658386,0.5281791090965271,29.224980622529984,63431680,40.0,93.01,1755.0,1593.0,40.0,92.84,1755.0,1593.0
b2_h8192_q4096_csa_profile_sim_batch_inner_ascending_steady,ok,,full,csa_profile_sim,ascending,steady,batch-inner,2,8192,4096,2048,10,30,20260803,2026-08-13T07:54:27.072010+00:00,4.5447998046875,4.307072162628174,4.5991997718811035,4.518034140268962,0.09281903311968508,514.0957378615833,16777216,2336462209024,0.677734375,0.677734375,0.5584174625084868,0.6756560741805284,24568,682.8889612504071,14151168,0.269912109375,"[""8K-16K""]",False,0.8591189980506897,2.9202699661254883,3547.628380358219,1235223552,42.0,89.22,1755.0,1593.0,46.0,145.71,1710.0,1593.0
b2_h8192_q4096_csa_profile_sim_batch_inner_descending_steady,ok,,full,csa_profile_sim,descending,steady,batch-inner,2,8192,4096,2048,10,30,20260803,2026-08-13T08:42:44.245140+00:00,4.714719772338867,4.627232074737549,4.82803201675415,4.7300394376118975,0.09466475634269161,495.56756750039744,16777216,2336462209024,0.677734375,0.677734375,0.5584174625084868,0.6756560741805284,24568,682.8889612504071,14151168,0.269912109375,"[""8K-16K""]",False,0.7906928658485413,2.950109541416168,3392.9020799696445,1235223552,41.0,88.08,1755.0,1593.0,47.0,140.57,1560.0,1593.0
b2_h8192_q512_csa_profile_sim_batch_inner_ascending_steady,ok,,full,csa_profile_sim,ascending,steady,batch-inner,2,8192,512,2048,10,30,20260803,2026-08-13T07:54:00.799012+00:00,0.5566719770431519,0.5551679730415344,0.5608000159263611,0.5572437365849813,0.0020686067107028665,524.649682707776,2097152,292057776128,0.677734375,0.677734375,0.5584174625084868,0.6840848978718199,17400,120.52597701149425,10022400,0.191162109375,"[""8K-16K""]",False,0.6079114973545074,0.6129294633865356,442.22135841846466,304153600,41.0,103.08,1755.0,1593.0,42.0,105.79,1755.0,1593.0
b2_h8192_q512_csa_profile_sim_batch_inner_descending_steady,ok,,full,csa_profile_sim,descending,steady,batch-inner,2,8192,512,2048,10,30,20260803,2026-08-13T08:43:12.480984+00:00,0.5574719905853271,0.5551679730415344,0.5611519813537598,0.55775039990743,0.0023037173900132433,523.8967716052407,2097152,292057776128,0.677734375,0.677734375,0.5584174625084868,0.6840848978718199,17400,120.52597701149425,10022400,0.191162109375,"[""8K-16K""]",False,0.6239749491214752,0.6219148635864258,432.68216773867607,304153600,41.0,94.65,1755.0,1593.0,44.0,102.67,1755.0,1593.0
b2_h8192_q8_csa_profile_sim_batch_inner_ascending_steady,ok,,full,csa_profile_sim,ascending,steady,batch-inner,2,8192,8,2048,10,30,20260803,2026-08-13T07:53:52.682961+00:00,0.07142399996519089,0.07062400132417679,0.07430399954319,0.071690667172273,0.0010402160057407705,63.8917276297045,32768,4563402752,0.677734375,0.677734375,0.5584174625084867,0.6811399217221135,10472,3.1291061879297173,6031872,0.115048828125,"[""8K-16K""]",False,0.34680962562561035,0.5363337695598602,8.63657146692276,58326016,41.0,88.93,1755.0,1593.0,41.0,89.0,1755.0,1593.0
b2_h8192_q8_csa_profile_sim_batch_inner_descending_steady,ok,,full,csa_profile_sim,descending,steady,batch-inner,2,8192,8,2048,10,30,20260803,2026-08-13T08:43:20.994421+00:00,0.07052800059318542,0.06982400268316269,0.07174400240182877,0.070660267273585,0.0007401505276062538,64.70341869355256,32768,4563402752,0.677734375,0.677734375,0.5584174625084867,0.6811399217221135,10472,3.1291061879297173,6031872,0.115048828125,"[""8K-16K""]",False,0.3665834665298462,0.5148462951183319,8.913110941648483,58326016,40.0,91.54,1755.0,1593.0,40.0,91.51,1755.0,1593.0
b32_h131072_q1024_csa_profile_sim_batch_inner_ascending_steady,ok,,full,csa_profile_sim,ascending,steady,batch-inner,32,131072,1024,2048,10,30,20260803,2026-08-13T08:00:34.193066+00:00,22.8623046875,22.62656021118164,25.52364730834961,23.270564333597818,0.9192052977611439,408.7885698245399,67108864,9345848836096,0.50390625,0.50390625,0.3817648634796384,0.4079155072773973,4146804,16.183273672929804,2388559104,45.5581494140625,"[""64K+""]",True,1.055944710969925,31.230203807353973,2623.6278787255287,7283409920,54.0,104.16,1755.0,1593.0,65.0,358.1,1545.0,1593.0
b32_h131072_q1024_csa_profile_sim_batch_inner_descending_steady,ok,,full,csa_profile_sim,descending,steady,batch-inner,32,131072,1024,2048,10,30,20260803,2026-08-13T08:36:38.986676+00:00,22.752159118652344,22.58790397644043,24.37481689453125,23.099602127075194,0.6385904375697872,410.76755781099575,67108864,9345848836096,0.50390625,0.50390625,0.3817648634796384,0.4079155072773973,4146804,16.183273672929804,2388559104,45.5581494140625,"[""64K+""]",True,1.2288130819797516,32.27551653981209,2595.2739268541336,7283409920,52.0,102.61,1695.0,1593.0,64.0,353.57,1620.0,1593.0
b32_h131072_q128_csa_profile_sim_batch_inner_ascending_steady,ok,,full,csa_profile_sim,ascending,steady,batch-inner,32,131072,128,2048,10,30,20260803,2026-08-13T07:59:45.418526+00:00,2.911072015762329,2.732736110687256,2.928352117538452,2.8787381331125896,0.05954527359172192,401.3061505131032,8388608,1168231104512,0.50390625,0.50390625,0.3817648634796384,0.40821124709515655,2115876,3.9646028406201497,1218744576,23.2457080078125,"[""64K+""]",True,0.898502767086029,21.13153785467148,331.49097487330437,3217294336,55.0,138.85,1755.0,1593.0,60.0,172.15,1410.0,1593.0
b32_h131072_q128_csa_profile_sim_batch_inner_descending_steady,ok,,full,csa_profile_sim,descending,steady,batch-inner,32,131072,128,2048,10,30,20260803,2026-08-13T08:37:29.486994+00:00,2.8696959018707275,2.736959934234619,2.92956805229187,2.8507263819376627,0.07550117420835142,407.09229983234155,8388608,1168231104512,0.50390625,0.50390625,0.3817648634796384,0.40821124709515655,2115876,3.9646028406201497,1218744576,23.2457080078125,"[""64K+""]",True,0.8450299501419067,22.18642830848694,334.55347642302513,3217294336,52.0,146.69,1755.0,1593.0,54.0,175.62,1695.0,1593.0
b32_h131072_q2_csa_profile_sim_batch_inner_ascending_steady,ok,,full,csa_profile_sim,ascending,steady,batch-inner,32,131072,2,2048,10,30,20260803,2026-08-13T07:59:37.664505+00:00,0.0854400023818016,0.08425600081682205,0.08799999952316284,0.08567786663770675,0.0012674490440493093,213.64244498064235,131072,18253611008,0.50390625,0.50390625,0.38176486347963834,0.4049351761252446,98048,1.3368146214099217,56475648,1.0771875,"[""64K+""]",True,0.6241574883460999,19.876394420862198,11.493455618619919,2800030720,59.0,160.38,1755.0,1593.0,59.0,155.71,1755.0,1593.0
b32_h131072_q2_csa_profile_sim_batch_inner_descending_steady,ok,,full,csa_profile_sim,descending,steady,batch-inner,32,131072,2,2048,10,30,20260803,2026-08-13T08:37:38.046309+00:00,0.08537600189447403,0.08451200276613235,0.0878399983048439,0.08576533248027166,0.0013406449381444926,213.80259795441964,131072,18253611008,0.50390625,0.50390625,0.38176486347963834,0.4049351761252446,98048,1.3368146214099217,56475648,1.0771875,"[""64K+""]",True,0.5814768373966217,21.139971911907196,10.07462665438652,2800030720,52.0,138.75,1755.0,1593.0,52.0,137.96,1755.0,1593.0
b32_h131072_q32_csa_profile_sim_batch_inner_ascending_steady,ok,,full,csa_profile_sim,ascending,steady,batch-inner,32,131072,32,2048,10,30,20260803,2026-08-13T07:59:40.827920+00:00,0.7200959920883179,0.7135679721832275,0.726688027381897,0.7196959972381591,0.00368999593005616,405.5817270708818,2097152,292057776128,0.50390625,0.50390625,0.38176486347963834,0.4080922822896282,844960,2.4819541753455785,486696960,9.2830078125,"[""64K+""]",True,0.7422566413879395,20.22324874997139,103.22271659970284,2899379200,56.0,149.55,1740.0,1593.0,58.0,150.13,1740.0,1593.0
b32_h131072_q32_csa_profile_sim_batch_inner_descending_steady,ok,,full,csa_profile_sim,descending,steady,batch-inner,32,131072,32,2048,10,30,20260803,2026-08-13T08:37:34.548892+00:00,0.7197440266609192,0.7171199917793274,0.725600004196167,0.7202901323636373,0.002693768686588769,405.7800625076841,2097152,292057776128,0.50390625,0.50390625,0.38176486347963834,0.4080922822896282,844960,2.4819541753455785,486696960,9.2830078125,"[""64K+""]",True,0.7210299372673035,21.39175683259964,87.65070140361786,2899379200,53.0,183.88,1740.0,1593.0,53.0,194.49,1740.0,1593.0
b32_h131072_q4096_csa_profile_sim_batch_inner_ascending_steady,ok,,full,csa_profile_sim,ascending,steady,batch-inner,32,131072,4096,2048,10,30,20260803,2026-08-13T08:02:08.071084+00:00,96.92639923095703,90.74492645263672,98.83708953857422,95.83810704549154,2.7082288728555173,385.6884774529438,268435456,37383395344384,0.50390625,0.50390625,0.3817648634796384,0.40782694060741803,4325208,62.06301662255318,2491319808,47.518154296875,"[""64K+""]",True,1.4722570776939392,64.840167760849,10957.188546657562,21885879296,54.0,125.87,1710.0,1593.0,72.0,335.15,1680.0,1593.0
b32_h131072_q4096_csa_profile_sim_batch_inner_descending_steady,ok,,full,csa_profile_sim,descending,steady,batch-inner,32,131072,4096,2048,10,30,20260803,2026-08-13T08:34:53.938997+00:00,96.0921630859375,92.5564193725586,98.06175994873047,95.74355087280273,1.9099894384049612,389.0368802599557,268435456,37383395344384,0.50390625,0.50390625,0.3817648634796384,0.40782694060741803,4325208,62.06301662255318,2491319808,47.518154296875,"[""64K+""]",True,1.728929579257965,66.02150946855545,10968.86432915926,21885879296,51.0,121.95,1545.0,1593.0,69.0,340.18,1530.0,1593.0
b32_h131072_q512_csa_profile_sim_batch_inner_ascending_steady,ok,,full,csa_profile_sim,ascending,steady,batch-inner,32,131072,512,2048,10,30,20260803,2026-08-13T08:00:02.836561+00:00,11.4651517868042,11.24118423461914,11.49289608001709,11.42185707092285,0.08356239291047839,407.57632388489577,33554432,4672924418048,0.50390625,0.50390625,0.3817648634796384,0.40869630339560914,3709492,9.045559877201514,2136667392,40.7536962890625,"[""64K+""]",True,1.073058694601059,25.3792405128479,1309.9881410598755,4850713600,55.0,100.35,1755.0,1593.0,62.0,235.24,1680.0,1593.0
b32_h131072_q512_csa_profile_sim_batch_inner_descending_steady,ok,,full,csa_profile_sim,descending,steady,batch-inner,32,131072,512,2048,10,30,20260803,2026-08-13T08:37:11.486215+00:00,11.785152435302734,11.251263618469238,11.817055702209473,11.598905563354492,0.23325879869850447,396.5094591437046,33554432,4672924418048,0.50390625,0.50390625,0.3817648634796384,0.40869630339560914,3709492,9.045559877201514,2136667392,40.7536962890625,"[""64K+""]",True,0.9368695318698883,26.37634426355362,1288.4050980210304,4850713600,52.0,100.06,1755.0,1593.0,58.0,233.88,1710.0,1593.0
b32_h131072_q8_csa_profile_sim_batch_inner_ascending_steady,ok,,full,csa_profile_sim,ascending,steady,batch-inner,32,131072,8,2048,10,30,20260803,2026-08-13T07:59:38.956465+00:00,0.24326400458812714,0.24076800048351288,0.24672000110149384,0.24341866771380108,0.001903826744600992,300.14487410754225,524288,73014444032,0.50390625,0.50390625,0.38176486347963834,0.407052654109589,277876,1.8867696382559127,160056576,3.0528369140625,"[""64K+""]",True,0.7730349898338318,19.984517246484756,30.14601022005081,2819900416,57.0,127.89,1755.0,1593.0,57.0,128.19,1755.0,1593.0
b32_h131072_q8_csa_profile_sim_batch_inner_descending_steady,ok,,full,csa_profile_sim,descending,steady,batch-inner,32,131072,8,2048,10,30,20260803,2026-08-13T08:37:36.700176+00:00,0.24499200284481049,0.24240000545978546,0.24726399779319763,0.245012266933918,0.0012884119793314147,298.0278669677671,524288,73014444032,0.50390625,0.50390625,0.38176486347963834,0.407052654109589,277876,1.8867696382559127,160056576,3.0528369140625,"[""64K+""]",True,0.7244683802127838,21.31900191307068,24.25380051136017,2819900416,52.0,149.66,1755.0,1593.0,52.0,153.2,1755.0,1593.0
b32_h16384_q1024_csa_profile_sim_batch_inner_ascending_steady,ok,,full,csa_profile_sim,ascending,steady,batch-inner,32,16384,1024,2048,10,30,20260803,2026-08-13T08:00:23.069897+00:00,22.23196792602539,21.903711318969727,23.810495376586914,22.378855387369793,0.5512087464783746,420.378837680648,67108864,9345848836096,0.6015625,0.6015625,0.4795130637871586,0.5725702632896588,556916,120.50087266302279,320783616,6.1184619140625,"[""16K-32K""]",False,0.8716732263565063,13.925500214099884,2665.407955646515,5169480704,53.0,103.68,1725.0,1593.0,64.0,360.11,1485.0,1593.0
b32_h16384_q1024_csa_profile_sim_batch_inner_descending_steady,ok,,full,csa_profile_sim,descending,steady,batch-inner,32,16384,1024,2048,10,30,20260803,2026-08-13T08:36:49.709997+00:00,22.259584426879883,21.952192306518555,24.08367919921875,22.623502985636392,0.7250895603582257,419.8572918913205,67108864,9345848836096,0.6015625,0.6015625,0.4795130637871586,0.5725702632896588,556916,120.50087266302279,320783616,6.1184619140625,"[""16K-32K""]",False,0.9917356073856354,14.127418398857117,2622.686628252268,5169480704,54.0,103.23,1755.0,1593.0,62.0,350.57,1485.0,1593.0
b32_h16384_q128_csa_profile_sim_batch_inner_ascending_steady,ok,,full,csa_profile_sim,ascending,steady,batch-inner,32,16384,128,2048,10,30,20260803,2026-08-13T07:59:43.586651+00:00,2.8282558917999268,2.677759885787964,2.8599040508270264,2.799363207817078,0.06597271364031701,413.05707446737694,8388608,1168231104512,0.6015625,0.6015625,0.4795130637871586,0.5739368655210373,523540,16.02285976238683,301559040,5.7517822265625,"[""16K-32K""]",False,0.7882043719291687,3.9522871375083923,398.76680076122284,1103365120,55.0,146.77,1755.0,1593.0,60.0,166.04,1710.0,1593.0
b32_h16384_q128_csa_profile_sim_batch_inner_descending_steady,ok,,full,csa_profile_sim,descending,steady,batch-inner,32,16384,128,2048,10,30,20260803,2026-08-13T08:37:31.324675+00:00,2.814847946166992,2.6639039516448975,2.869055986404419,2.798014934857686,0.07388239296388491,415.02458635564756,8388608,1168231104512,0.6015625,0.6015625,0.4795130637871586,0.5739368655210373,523540,16.02285976238683,301559040,5.7517822265625,"[""16K-32K""]",False,0.7985420525074005,3.854714334011078,397.97137305140495,1103365120,52.0,133.16,1755.0,1593.0,56.0,166.19,1455.0,1593.0
b32_h16384_q2_csa_profile_sim_batch_inner_ascending_steady,ok,,full,csa_profile_sim,ascending,steady,batch-inner,32,16384,2,2048,10,30,20260803,2026-08-13T07:59:37.384220+00:00,0.08367999643087387,0.08287999778985977,0.08479999750852585,0.08390186652541161,0.001115019507249599,218.13589611083324,131072,18253611008,0.6015625,0.6015625,0.4795130637871587,0.5692881604696673,91648,1.4301675977653632,52789248,1.006875,"[""16K-32K""]",False,0.5555450916290283,2.7564987540245056,11.84043288230896,686101504,59.0,226.34,1755.0,1593.0,59.0,222.23,1755.0,1593.0
b32_h16384_q2_csa_profile_sim_batch_inner_descending_steady,ok,,full,csa_profile_sim,descending,steady,batch-inner,32,16384,2,2048,10,30,20260803,2026-08-13T08:37:38.475220+00:00,0.08441600203514099,0.08371199667453766,0.09276799857616425,0.08554026633501052,0.003159625323082799,216.23401449883073,131072,18253611008,0.6015625,0.6015625,0.4795130637871587,0.5692881604696673,91648,1.4301675977653632,52789248,1.006875,"[""16K-32K""]",False,0.48697367310523987,2.830125391483307,12.749169021844864,686101504,51.0,138.39,1755.0,1593.0,51.0,137.05,1755.0,1593.0
b32_h16384_q32_csa_profile_sim_batch_inner_ascending_steady,ok,,full,csa_profile_sim,ascending,steady,batch-inner,32,16384,32,2048,10,30,20260803,2026-08-13T07:59:40.085791+00:00,0.684224009513855,0.6800959706306458,0.692736029624939,0.6852405309677124,0.004342459743918123,426.8452612990133,2097152,292057776128,0.6015625,0.6015625,0.4795130637871587,0.5731561888454012,410264,5.1117134333014835,236312064,4.507294921875,"[""16K-32K""]",False,2.0146705210208893,3.0825696885585785,108.68630185723305,785449984,56.0,152.28,1740.0,1593.0,56.0,155.29,1740.0,1593.0
b32_h16384_q32_csa_profile_sim_batch_inner_descending_steady,ok,,full,csa_profile_sim,descending,steady,batch-inner,32,16384,32,2048,10,30,20260803,2026-08-13T08:37:35.313552+00:00,0.685151994228363,0.6796159744262695,0.6897280216217041,0.684989869594574,0.002458501268784411,426.2671328234598,2097152,292057776128,0.6015625,0.6015625,0.4795130637871587,0.5731561888454012,410264,5.1117134333014835,236312064,4.507294921875,"[""16K-32K""]",False,0.6523989140987396,3.124181181192398,116.46154150366783,785449984,52.0,147.51,1740.0,1593.0,52.0,146.94,1740.0,1593.0
b32_h16384_q4096_csa_profile_sim_batch_inner_ascending_steady,ok,,full,csa_profile_sim,ascending,steady,batch-inner,32,16384,4096,2048,10,30,20260803,2026-08-13T08:01:24.795223+00:00,94.0134048461914,90.32704162597656,95.41126251220703,93.57993570963542,1.7050767435489533,397.63898994557525,268435456,37383395344384,0.6015625,0.6015625,0.4795130637871586,0.5661125556363519,655228,409.6825166201689,377411328,7.1985498046875,"[""16K-32K""]",False,1.4084093272686005,47.478388994932175,10631.946723908186,19771950080,55.0,124.02,1650.0,1593.0,73.0,337.21,1620.0,1593.0
b32_h16384_q4096_csa_profile_sim_batch_inner_descending_steady,ok,,full,csa_profile_sim,descending,steady,batch-inner,32,16384,4096,2048,10,30,20260803,2026-08-13T08:35:37.814902+00:00,94.53961944580078,89.8806381225586,103.19725036621094,94.84709243774414,3.316805378971611,395.42570155802,268435456,37383395344384,0.6015625,0.6015625,0.4795130637871586,0.5661125556363519,655228,409.6825166201689,377411328,7.1985498046875,"[""16K-32K""]",False,1.550324261188507,47.75741696357727,10720.369208604097,19771950080,51.0,121.03,1710.0,1593.0,69.0,342.27,1530.0,1593.0
b32_h16384_q512_csa_profile_sim_batch_inner_ascending_steady,ok,,full,csa_profile_sim,ascending,steady,batch-inner,32,16384,512,2048,10,30,20260803,2026-08-13T07:59:57.181056+00:00,10.98367977142334,10.941791534423828,11.49561595916748,11.220241069793701,0.26963835537584574,425.442521567838,33554432,4672924418048,0.6015625,0.6015625,0.4795130637871586,0.5734645895761985,540576,62.07162730124904,311371776,5.9389453125,"[""16K-32K""]",False,0.817328691482544,8.223306387662888,1308.0295287072659,2736784384,56.0,102.15,1755.0,1593.0,64.0,231.07,1650.0,1593.0
b32_h16384_q512_csa_profile_sim_batch_inner_descending_steady,ok,,full,csa_profile_sim,descending,steady,batch-inner,32,16384,512,2048,10,30,20260803,2026-08-13T08:37:17.038444+00:00,11.05782413482666,10.994976043701172,11.267680168151855,11.100276215871174,0.09440046882351216,422.58986587882214,33554432,4672924418048,0.6015625,0.6015625,0.4795130637871586,0.5734645895761985,540576,62.07162730124904,311371776,5.9389453125,"[""16K-32K""]",False,0.8972883224487305,8.190605789422989,1328.0412256717682,2736784384,52.0,97.95,1755.0,1593.0,61.0,229.86,1380.0,1593.0
b32_h16384_q8_csa_profile_sim_batch_inner_ascending_steady,ok,,full,csa_profile_sim,ascending,steady,batch-inner,32,16384,8,2048,10,30,20260803,2026-08-13T07:59:38.465420+00:00,0.2364799976348877,0.23430399596691132,0.23801599442958832,0.2365023990472158,0.0013410814644477076,308.7552637104232,524288,73014444032,0.6015625,0.6015625,0.4795130637871587,0.5716579011741683,206792,2.535339858408449,119112192,2.271884765625,"[""16K-32K""]",False,0.5934536457061768,2.947203814983368,29.952112585306168,705971200,57.0,147.11,1755.0,1593.0,57.0,148.8,1755.0,1593.0
b32_h16384_q8_csa_profile_sim_batch_inner_descending_steady,ok,,full,csa_profile_sim,descending,steady,batch-inner,32,16384,8,2048,10,30,20260803,2026-08-13T08:37:37.235682+00:00,0.23545600473880768,0.23340800404548645,0.2393919974565506,0.2358730673789978,0.001923454397643531,310.0980334436373,524288,73014444032,0.6015625,0.6015625,0.4795130637871587,0.5716579011741683,206792,2.535339858408449,119112192,2.271884765625,"[""16K-32K""]",False,0.6734728813171387,3.0213147401809692,25.97886323928833,705971200,51.0,141.41,1755.0,1593.0,51.0,139.45,1755.0,1593.0
b32_h2048_q1024_csa_profile_sim_batch_inner_ascending_steady,ok,,full,csa_profile_sim,ascending,steady,batch-inner,32,2048,1024,2048,10,30,20260803,2026-08-13T08:00:08.806635+00:00,20.482175827026367,20.239360809326172,23.269760131835938,21.031359163920083,0.9145179471830212,456.29179805028775,67108864,9345848836096,0.8476906158357771,0.8476906158357771,0.722527752539372,0.969172348948141,98244,683.0835878017996,56588544,1.0793408203125,"[""2K-8K""]",False,0.883445143699646,11.95305585861206,7572.937436401844,4905239552,51.0,99.76,1740.0,1593.0,63.0,332.32,1725.0,1593.0
b32_h2048_q1024_csa_profile_sim_batch_inner_descending_steady,ok,,full,csa_profile_sim,descending,steady,batch-inner,32,2048,1024,2048,10,30,20260803,2026-08-13T08:36:59.005505+00:00,20.458688735961914,20.23200035095215,22.24870491027832,20.947165807088215,0.7024273730270574,456.81563255166174,67108864,9345848836096,0.8476906158357771,0.8476906158357771,0.722527752539372,0.969172348948141,98244,683.0835878017996,56588544,1.0793408203125,"[""2K-8K""]",False,0.8743181824684143,11.773187667131424,7477.192226797342,4905239552,48.0,98.6,1725.0,1593.0,58.0,336.17,1695.0,1593.0
b32_h2048_q128_csa_profile_sim_batch_inner_ascending_steady,ok,,full,csa_profile_sim,ascending,steady,batch-inner,32,2048,128,2048,10,30,20260803,2026-08-13T07:59:41.667920+00:00,2.5107839107513428,2.3242878913879395,2.615295886993408,2.496994121869405,0.10367335336876879,465.285403299566,8388608,1168231104512,0.968996062992126,0.968996062992126,0.722527752539372,0.9973082421110567,69632,120.47058823529412,40108032,0.765,"[""2K-8K""]",False,0.706162303686142,1.9695982336997986,790.7495684921741,839123968,54.0,109.73,1755.0,1593.0,57.0,131.52,1710.0,1593.0
b32_h2048_q128_csa_profile_sim_batch_inner_descending_steady,ok,,full,csa_profile_sim,descending,steady,batch-inner,32,2048,128,2048,10,30,20260803,2026-08-13T08:37:32.960796+00:00,2.5493760108947754,2.3149120807647705,2.576575994491577,2.4892597436904906,0.10253251759543701,458.2419774562703,8388608,1168231104512,0.968996062992126,0.968996062992126,0.722527752539372,0.9973082421110567,69632,120.47058823529412,40108032,0.765,"[""2K-8K""]",False,0.8038431406021118,1.723799854516983,703.2331563532352,839123968,51.0,131.1,1755.0,1593.0,55.0,137.28,1605.0,1593.0
b32_h2048_q2_csa_profile_sim_batch_inner_ascending_steady,ok,,full,csa_profile_sim,ascending,steady,batch-inner,32,2048,2,2048,10,30,20260803,2026-08-13T07:59:36.956258+00:00,0.08057600259780884,0.07971200346946716,0.08687999844551086,0.0810336003700892,0.0017878452093146513,226.53904909023603,131072,18253611008,1.0,1.0,0.722527752539372,1.0,65536,2.0,37748736,0.72,"[""2K-8K""]",False,0.5802586674690247,0.7412508130073547,41.23556241393089,233300992,62.0,314.93,1740.0,1593.0,62.0,306.73,1740.0,1593.0
b32_h2048_q2_csa_profile_sim_batch_inner_descending_steady,ok,,full,csa_profile_sim,descending,steady,batch-inner,32,2048,2,2048,10,30,20260803,2026-08-13T08:37:38.761476+00:00,0.08089599758386612,0.0801599994301796,0.08185599744319916,0.08106986656785012,0.0007448828544874165,225.64294344817498,131072,18253611008,1.0,1.0,0.722527752539372,1.0,65536,2.0,37748736,0.72,"[""2K-8K""]",False,0.5644224584102631,0.6778314709663391,34.162964671850204,233300992,50.0,118.46,1755.0,1593.0,50.0,117.88,1755.0,1593.0
b32_h2048_q32_csa_profile_sim_batch_inner_ascending_steady,ok,,full,csa_profile_sim,ascending,steady,batch-inner,32,2048,32,2048,10,30,20260803,2026-08-13T07:59:39.447293+00:00,0.5980799794197083,0.5956479907035828,0.6021119952201843,0.5984863976637522,0.0023979964733601912,488.3256189437595,2097152,292057776128,0.9924395161290323,0.9924395161290323,0.722527752539372,0.9981940282534247,66560,31.50769230769231,38338560,0.73125,"[""2K-8K""]",False,0.5623064935207367,0.972449779510498,108.47913101315498,337249280,57.0,148.92,1755.0,1593.0,59.0,155.74,1755.0,1593.0
b32_h2048_q32_csa_profile_sim_batch_inner_descending_steady,ok,,full,csa_profile_sim,descending,steady,batch-inner,32,2048,32,2048,10,30,20260803,2026-08-13T08:37:36.036529+00:00,0.5990080237388611,0.5972480177879333,0.6072319746017456,0.6000586728254954,0.003076962239817215,487.5690550938651,2097152,292057776128,0.9924395161290323,0.9924395161290323,0.722527752539372,0.9981940282534247,66560,31.50769230769231,38338560,0.73125,"[""2K-8K""]",False,0.6053969264030457,0.9503699839115143,93.00042688846588,337249280,52.0,135.52,1755.0,1593.0,52.0,138.21,1740.0,1593.0
b32_h2048_q4096_csa_profile_sim_batch_inner_ascending_steady,ok,,full,csa_profile_sim,ascending,steady,batch-inner,32,2048,4096,2048,10,30,20260803,2026-08-13T08:00:45.613098+00:00,90.121826171875,85.77267456054688,91.88761901855469,89.5121831258138,1.8654380036350964,414.8095631472071,268435456,37383395344384,0.8212912087912088,0.8212912087912088,0.722527752539372,0.8932640389220355,196444,1366.4731730162287,113151744,2.1581982421875,"[""2K-8K""]",False,1.386113464832306,44.14751008152962,12307.228446006775,19507708928,53.0,121.04,1620.0,1593.0,68.0,329.9,1695.0,1593.0
b32_h2048_q4096_csa_profile_sim_batch_inner_descending_steady,ok,,full,csa_profile_sim,descending,steady,batch-inner,32,2048,4096,2048,10,30,20260803,2026-08-13T08:36:15.413564+00:00,89.5613784790039,85.53923034667969,91.3568344116211,89.25399373372396,1.7151829211217116,417.40531442521154,268435456,37383395344384,0.8212912087912088,0.8212912087912088,0.722527752539372,0.8932640389220355,196444,1366.4731730162287,113151744,2.1581982421875,"[""2K-8K""]",False,1.4927126467227936,46.133626252412796,12201.220408082008,19507708928,50.0,122.88,1590.0,1593.0,67.0,340.28,1530.0,1593.0
b32_h2048_q512_csa_profile_sim_batch_inner_ascending_steady,ok,,full,csa_profile_sim,ascending,steady,batch-inner,32,2048,512,2048,10,30,20260803,2026-08-13T07:59:47.296780+00:00,10.414175987243652,9.960288047790527,10.691360473632812,10.272535451253255,0.25027779451804744,448.70803256751907,33554432,4672924418048,0.8829500978473581,0.8829500978473581,0.722527752539372,0.9927048057959271,81884,409.7800791363392,47165184,0.8996044921875,"[""2K-8K""]",False,0.8132494986057281,6.1959028244018555,5885.996162891388,2472543232,50.0,96.08,1755.0,1593.0,60.0,215.1,1575.0,1593.0
b32_h2048_q512_csa_profile_sim_batch_inner_descending_steady,ok,,full,csa_profile_sim,descending,steady,batch-inner,32,2048,512,2048,10,30,20260803,2026-08-13T08:37:21.883773+00:00,10.487711906433105,10.4268798828125,10.495967864990234,10.476609039306641,0.023821188265692905,445.561859415842,33554432,4672924418048,0.8829500978473581,0.8829500978473581,0.722527752539372,0.9927048057959271,81884,409.7800791363392,47165184,0.8996044921875,"[""2K-8K""]",False,0.8601918816566467,6.066747009754181,5774.222761392593,2472543232,50.0,95.77,1755.0,1593.0,55.0,214.78,1680.0,1593.0
b32_h2048_q8_csa_profile_sim_batch_inner_ascending_steady,ok,,full,csa_profile_sim,ascending,steady,batch-inner,32,2048,8,2048,10,30,20260803,2026-08-13T07:59:38.121975+00:00,0.21766400337219238,0.21580800414085388,0.2210880070924759,0.21797973463932674,0.001521056288469351,335.4456543149658,524288,73014444032,0.9983258928571429,0.9983258928571429,0.722527752539372,0.9993272994129159,65792,7.968871595330739,37896192,0.7228125,"[""2K-8K""]",False,0.5708150565624237,0.8600428700447083,36.59301623702049,253723648,58.0,142.28,1755.0,1593.0,58.0,144.42,1755.0,1593.0
b32_h2048_q8_csa_profile_sim_batch_inner_descending_steady,ok,,full,csa_profile_sim,descending,steady,batch-inner,32,2048,8,2048,10,30,20260803,2026-08-13T08:37:37.567879+00:00,0.2173759937286377,0.21542400121688843,0.22195200622081757,0.21749546726544697,0.0017867547643306884,335.89009890000966,524288,73014444032,0.9983258928571429,0.9983258928571429,0.722527752539372,0.9993272994129159,65792,7.968871595330739,37896192,0.7228125,"[""2K-8K""]",False,0.6076842546463013,0.8296370506286621,34.39926728606224,253723648,51.0,119.72,1755.0,1593.0,51.0,119.51,1755.0,1593.0
b32_h262144_q1024_csa_profile_sim_batch_inner_ascending_steady,ok,,full,csa_profile_sim,ascending,steady,batch-inner,32,262144,1024,2048,10,30,20260803,2026-08-13T08:00:37.896637+00:00,22.871807098388672,22.577856063842773,24.516672134399414,23.29041271209717,0.6664683593268107,408.618732918328,67108864,9345848836096,0.50390625,0.50390625,0.3817648634796384,0.4072594689296416,6899072,9.727230560863838,3973865472,75.79546875,"[""64K+""]",True,1.1093579232692719,50.748348236083984,2646.387964487076,9699329024,57.0,104.52,1725.0,1593.0,64.0,357.7,1710.0,1593.0
b32_h262144_q1024_csa_profile_sim_batch_inner_descending_steady,ok,,full,csa_profile_sim,descending,steady,batch-inner,32,262144,1024,2048,10,30,20260803,2026-08-13T08:36:35.223875+00:00,22.736095428466797,22.59993553161621,24.33945655822754,23.000986607869468,0.6017149356281385,411.05777663100855,67108864,9345848836096,0.50390625,0.50390625,0.3817648634796384,0.4072594689296416,6899072,9.727230560863838,3973865472,75.79546875,"[""64K+""]",True,1.0891817510128021,52.92826518416405,2629.0356777608395,9699329024,53.0,104.25,1755.0,1593.0,65.0,361.85,1635.0,1593.0
b32_h262144_q128_csa_profile_sim_batch_inner_ascending_steady,ok,,full,csa_profile_sim,ascending,steady,batch-inner,32,262144,128,2048,10,30,20260803,2026-08-13T07:59:45.970250+00:00,2.9678080081939697,2.7305281162261963,3.0141758918762207,2.9313653230667116,0.09135648437023088,393.6343258346134,8388608,1168231104512,0.50390625,0.50390625,0.3817648634796384,0.4070082214713796,2266404,3.701285384247469,1305448704,24.8994580078125,"[""64K+""]",True,0.9748190641403198,41.54064506292343,331.45855739712715,5633213440,55.0,148.48,1755.0,1593.0,59.0,177.81,1440.0,1593.0
b32_h262144_q128_csa_profile_sim_batch_inner_descending_steady,ok,,full,csa_profile_sim,descending,steady,batch-inner,32,262144,128,2048,10,30,20260803,2026-08-13T08:37:28.891515+00:00,2.863744020462036,2.7935359477996826,2.953216075897217,2.869222394625346,0.058738764806336316,407.9383828179998,8388608,1168231104512,0.50390625,0.50390625,0.3817648634796384,0.4070082214713796,2266404,3.701285384247469,1305448704,24.8994580078125,"[""64K+""]",True,0.9667426347732544,43.38100180029869,335.7276916503906,5633213440,52.0,145.26,1755.0,1593.0,56.0,179.61,1410.0,1593.0
b32_h262144_q2_csa_profile_sim_batch_inner_ascending_steady,ok,,full,csa_profile_sim,ascending,steady,batch-inner,32,262144,2,2048,10,30,20260803,2026-08-13T07:59:37.754134+00:00,0.08486399799585342,0.08352000266313553,0.08620800077915192,0.08498560016353925,0.0011131029885024133,215.09251790013354,131072,18253611008,0.50390625,0.50390625,0.38176486347963834,0.4015716731898239,98048,1.3368146214099217,56475648,1.0771875,"[""64K+""]",True,0.6626583635807037,39.377856999635696,10.566219687461853,5215949824,59.0,140.1,1755.0,1593.0,59.0,125.56,1755.0,1593.0
b32_h262144_q2_csa_profile_sim_batch_inner_descending_steady,ok,,full,csa_profile_sim,descending,steady,batch-inner,32,262144,2,2048,10,30,20260803,2026-08-13T08:37:37.853090+00:00,0.08556800335645676,0.08457600325345993,0.08819200098514557,0.08596800044178962,0.0012109862798198917,213.32285775045636,131072,18253611008,0.50390625,0.50390625,0.38176486347963834,0.4015716731898239,98048,1.3368146214099217,56475648,1.0771875,"[""64K+""]",True,0.6726905703544617,42.113296687603,10.756686329841614,5215949824,53.0,136.93,1755.0,1593.0,52.0,136.06,1755.0,1593.0
b32_h262144_q32_csa_profile_sim_batch_inner_ascending_steady,ok,,full,csa_profile_sim,ascending,steady,batch-inner,32,262144,32,2048,10,30,20260803,2026-08-13T07:59:41.116607+00:00,0.7191359996795654,0.7158079743385315,0.7251840233802795,0.7201535999774933,0.002941344075644326,406.12314813628564,2097152,292057776128,0.50390625,0.50390625,0.38176486347963834,0.4063226210861057,858932,2.4415809400511335,494744832,9.4365087890625,"[""64K+""]",True,0.8302666246891022,39.95645418763161,126.29809603095055,5315298304,56.0,148.07,1740.0,1593.0,59.0,154.8,1665.0,1593.0
b32_h262144_q32_csa_profile_sim_batch_inner_descending_steady,ok,,full,csa_profile_sim,descending,steady,batch-inner,32,262144,32,2048,10,30,20260803,2026-08-13T08:37:34.247055+00:00,0.7182080149650574,0.7140480279922485,0.7237759828567505,0.7185248017311097,0.0030908564092174836,406.6478931486296,2097152,292057776128,0.50390625,0.50390625,0.38176486347963834,0.4063226210861057,858932,2.4415809400511335,494744832,9.4365087890625,"[""64K+""]",True,0.8133426308631897,42.27708280086517,102.25589945912361,5315298304,52.0,168.22,1740.0,1593.0,52.0,176.28,1695.0,1593.0
b32_h262144_q4096_csa_profile_sim_batch_inner_ascending_steady,ok,,full,csa_profile_sim,ascending,steady,batch-inner,32,262144,4096,2048,10,30,20260803,2026-08-13T08:02:23.684198+00:00,96.61753845214844,92.57186889648438,98.15119934082031,96.03461125691732,1.835994696150699,386.9214217551071,268435456,37383395344384,0.50390625,0.50390625,0.3817648634796384,0.40703639498895394,8505068,31.56182360917044,4898919168,93.4394677734375,"[""64K+""]",True,2.0122863352298737,84.85190942883492,10951.229996979237,24301798400,56.0,123.29,1665.0,1593.0,71.0,343.86,1560.0,1593.0
b32_h262144_q4096_csa_profile_sim_batch_inner_descending_steady,ok,,full,csa_profile_sim,descending,steady,batch-inner,32,262144,4096,2048,10,30,20260803,2026-08-13T08:34:38.931850+00:00,96.09661102294922,91.81088256835938,97.6118392944336,95.6394442240397,1.853850645612994,389.0188732613715,268435456,37383395344384,0.50390625,0.50390625,0.3817648634796384,0.40703639498895394,8505068,31.56182360917044,4898919168,93.4394677734375,"[""64K+""]",True,1.6621202230453491,86.71235293149948,10885.78948751092,24301798400,51.0,120.44,1680.0,1593.0,67.0,335.79,1635.0,1593.0
b32_h262144_q512_csa_profile_sim_batch_inner_ascending_steady,ok,,full,csa_profile_sim,ascending,steady,batch-inner,32,262144,512,2048,10,30,20260803,2026-08-13T08:00:04.787937+00:00,11.424575805664062,11.38316822052002,11.831744194030762,11.546632512410481,0.19350655343327283,409.0238882857482,33554432,4672924418048,0.50390625,0.50390625,0.3817648634796384,0.4070002188187989,5058404,6.633402946858337,2913640704,55.5732861328125,"[""64K+""]",True,1.1520273983478546,44.8092520236969,1354.3914817273617,7266632704,55.0,100.96,1755.0,1593.0,62.0,234.78,1575.0,1593.0
b32_h262144_q512_csa_profile_sim_batch_inner_descending_steady,ok,,full,csa_profile_sim,descending,steady,batch-inner,32,262144,512,2048,10,30,20260803,2026-08-13T08:37:09.536940+00:00,11.324895858764648,11.270208358764648,11.366368293762207,11.32477331161499,0.05456649581558171,412.62405202883133,33554432,4672924418048,0.50390625,0.50390625,0.3817648634796384,0.4070002188187989,5058404,6.633402946858337,2913640704,55.5732861328125,"[""64K+""]",True,1.0029375553131104,47.438278794288635,1332.1478329598904,7266632704,52.0,98.29,1755.0,1593.0,61.0,231.63,1665.0,1593.0
b32_h262144_q8_csa_profile_sim_batch_inner_ascending_steady,ok,,full,csa_profile_sim,ascending,steady,batch-inner,32,262144,8,2048,10,30,20260803,2026-08-13T07:59:39.094034+00:00,0.24313600361347198,0.24108800292015076,0.24643200635910034,0.24320746709903082,0.0015710172563471888,300.3028878770068,524288,73014444032,0.50390625,0.50390625,0.38176486347963834,0.40960585861056753,278852,1.8801658227303373,160618752,3.0635595703125,"[""64K+""]",True,0.7883794605731964,39.544567465782166,29.902204871177673,5235819520,58.0,134.46,1755.0,1593.0,57.0,135.53,1755.0,1593.0
b32_h262144_q8_csa_profile_sim_batch_inner_descending_steady,ok,,full,csa_profile_sim,descending,steady,batch-inner,32,262144,8,2048,10,30,20260803,2026-08-13T08:37:36.503502+00:00,0.2451840043067932,0.2414720058441162,0.2491839975118637,0.24511680006980896,0.002091509883202725,297.79448393639365,524288,73014444032,0.50390625,0.50390625,0.38176486347963834,0.40960585861056753,278852,1.8801658227303373,160618752,3.0635595703125,"[""64K+""]",True,0.7854923605918884,42.418353259563446,25.03194659948349,5235819520,53.0,151.22,1755.0,1593.0,52.0,154.32,1755.0,1593.0
b32_h32768_q1024_csa_profile_sim_batch_inner_ascending_steady,ok,,full,csa_profile_sim,ascending,steady,batch-inner,32,32768,1024,2048,10,30,20260803,2026-08-13T08:00:26.767855+00:00,22.29292869567871,22.16054344177246,46.62665557861328,25.740929985046385,8.257013005193324,419.2292974905361,67108864,9345848836096,0.5703125,0.5703125,0.432384490611313,0.5018783539475294,1081136,62.072545914667536,622734336,11.87771484375,"[""32K-64K""]",False,0.9591877460479736,16.354627907276154,2504.7502666711807,5471470592,55.0,104.4,1755.0,1593.0,64.0,352.48,1740.0,1593.0
b32_h32768_q1024_csa_profile_sim_batch_inner_descending_steady,ok,,full,csa_profile_sim,descending,steady,batch-inner,32,32768,1024,2048,10,30,20260803,2026-08-13T08:36:46.230378+00:00,22.28704071044922,22.12646484375,23.93724822998047,22.59839375813802,0.6474389313013775,419.34005315089786,67108864,9345848836096,0.5703125,0.5703125,0.432384490611313,0.5018783539475294,1081136,62.072545914667536,622734336,11.87771484375,"[""32K-64K""]",False,0.8896104991436005,16.641028225421906,2447.729665786028,5471470592,52.0,102.71,1695.0,1593.0,62.0,358.02,1500.0,1593.0
b32_h32768_q128_csa_profile_sim_batch_inner_ascending_steady,ok,,full,csa_profile_sim,ascending,steady,batch-inner,32,32768,128,2048,10,30,20260803,2026-08-13T07:59:44.243110+00:00,2.8525760173797607,2.6947519779205322,2.93887996673584,2.8493269284566245,0.08077022714319383,409.5354856082261,8388608,1168231104512,0.5703125,0.5703125,0.432384490611313,0.49630158008194714,994160,8.437885249859178,572636160,10.92216796875,"[""32K-64K""]",False,0.8245408535003662,6.403610110282898,315.2630589902401,1405355008,55.0,133.52,1755.0,1593.0,59.0,169.52,1665.0,1593.0
b32_h32768_q128_csa_profile_sim_batch_inner_descending_steady,ok,,full,csa_profile_sim,descending,steady,batch-inner,32,32768,128,2048,10,30,20260803,2026-08-13T08:37:30.774269+00:00,2.814176082611084,2.6743040084838867,2.8344318866729736,2.7975690523783365,0.043306825873818754,415.1236703810222,8388608,1168231104512,0.5703125,0.5703125,0.432384490611313,0.49630158008194714,994160,8.437885249859178,572636160,10.92216796875,"[""32K-64K""]",False,0.9165965020656586,6.525147706270218,315.4277317225933,1405355008,52.0,133.89,1755.0,1593.0,55.0,167.57,1440.0,1593.0
b32_h32768_q2_csa_profile_sim_batch_inner_ascending_steady,ok,,full,csa_profile_sim,ascending,steady,batch-inner,32,32768,2,2048,10,30,20260803,2026-08-13T07:59:37.478132+00:00,0.08448000252246857,0.08364800363779068,0.08851200342178345,0.08503893340627353,0.0013522722577614455,216.0701996090165,131072,18253611008,0.5703125,0.5703125,0.43238449061131295,0.4877996575342466,93696,1.3989071038251366,53968896,1.029375,"[""32K-64K""]",False,0.5235597491264343,5.099136382341385,9.630236774682999,988091392,59.0,213.43,1755.0,1593.0,59.0,203.64,1755.0,1593.0
b32_h32768_q2_csa_profile_sim_batch_inner_descending_steady,ok,,full,csa_profile_sim,descending,steady,batch-inner,32,32768,2,2048,10,30,20260803,2026-08-13T08:37:38.383753+00:00,0.08534400165081024,0.08416000008583069,0.0872960016131401,0.08558720052242279,0.0015334113334966677,213.8827645167808,131072,18253611008,0.5703125,0.5703125,0.43238449061131295,0.4877996575342466,93696,1.3989071038251366,53968896,1.029375,"[""32K-64K""]",False,0.5553215742111206,5.435902625322342,10.075774043798447,988091392,51.0,138.81,1755.0,1593.0,51.0,138.45,1755.0,1593.0
b32_h32768_q32_csa_profile_sim_batch_inner_ascending_steady,ok,,full,csa_profile_sim,ascending,steady,batch-inner,32,32768,32,2048,10,30,20260803,2026-08-13T07:59:40.326000+00:00,0.7003840208053589,0.695743978023529,0.7052159905433655,0.7005290667215983,0.0025015934303618346,416.9966296377922,2097152,292057776128,0.5703125,0.5703125,0.43238449061131295,0.49096823018590996,590112,3.553820291741229,339904512,6.4831640625,"[""32K-64K""]",False,0.6785616278648376,5.430161952972412,98.47784787416458,1087439872,56.0,142.88,1740.0,1593.0,56.0,150.89,1740.0,1593.0
b32_h32768_q32_csa_profile_sim_batch_inner_descending_steady,ok,,full,csa_profile_sim,descending,steady,batch-inner,32,32768,32,2048,10,30,20260803,2026-08-13T08:37:35.027219+00:00,0.6969280242919922,0.691648006439209,0.701632022857666,0.6965749323368072,0.0028330309694277887,419.06447430450356,2097152,292057776128,0.5703125,0.5703125,0.43238449061131295,0.49096823018590996,590112,3.553820291741229,339904512,6.4831640625,"[""32K-64K""]",False,5.66500797867775,6.444700062274933,125.19565969705582,1087439872,52.0,147.89,1755.0,1593.0,54.0,149.03,1725.0,1593.0
b32_h32768_q4096_csa_profile_sim_batch_inner_ascending_steady,ok,,full,csa_profile_sim,ascending,steady,batch-inner,32,32768,4096,2048,10,30,20260803,2026-08-13T08:01:39.395208+00:00,94.89491271972656,91.39830780029297,96.46441650390625,94.52558720906576,1.6867442078002322,393.94519972631593,268435456,37383395344384,0.5703125,0.5703125,0.432384490611313,0.49045561251108427,1179492,227.58565212820434,679387392,12.9582861328125,"[""32K-64K""]",False,1.4963895082473755,50.40363594889641,9997.613579034805,20073939968,56.0,123.54,1665.0,1593.0,70.0,334.85,1650.0,1593.0
b32_h32768_q4096_csa_profile_sim_batch_inner_descending_steady,ok,,full,csa_profile_sim,descending,steady,batch-inner,32,32768,4096,2048,10,30,20260803,2026-08-13T08:35:23.671348+00:00,94.42752075195312,91.53564453125,96.03366088867188,94.05049794514974,1.6687501141077463,395.89512725410367,268435456,37383395344384,0.5703125,0.5703125,0.432384490611313,0.49045561251108427,1179492,227.58565212820434,679387392,12.9582861328125,"[""32K-64K""]",False,1.5179850161075592,50.414182245731354,10133.668825030327,20073939968,50.0,121.97,1665.0,1593.0,66.0,331.8,1680.0,1593.0
b32_h32768_q512_csa_profile_sim_batch_inner_ascending_steady,ok,,full,csa_profile_sim,ascending,steady,batch-inner,32,32768,512,2048,10,30,20260803,2026-08-13T07:59:59.101470+00:00,11.173760414123535,11.110400199890137,11.311455726623535,11.176513131459554,0.05235807308486922,418.2051739843522,33554432,4672924418048,0.5703125,0.5703125,0.432384490611313,0.5036641398987891,1064772,31.513255419939668,613308672,11.6979345703125,"[""32K-64K""]",False,0.8590631186962128,10.50502434372902,1227.6400662958622,3038774272,55.0,102.44,1755.0,1593.0,65.0,232.6,1395.0,1593.0
b32_h32768_q512_csa_profile_sim_batch_inner_descending_steady,ok,,full,csa_profile_sim,descending,steady,batch-inner,32,32768,512,2048,10,30,20260803,2026-08-13T08:37:15.250078+00:00,11.174431800842285,11.104191780090332,11.364255905151367,11.1891006787618,0.08424881920212049,418.1800472124026,33554432,4672924418048,0.5703125,0.5703125,0.432384490611313,0.5036641398987891,1064772,31.513255419939668,613308672,11.6979345703125,"[""32K-64K""]",False,0.949416309595108,11.046677827835083,1230.0098165869713,3038774272,52.0,98.69,1755.0,1593.0,62.0,229.77,1545.0,1593.0
b32_h32768_q8_csa_profile_sim_batch_inner_ascending_steady,ok,,full,csa_profile_sim,ascending,steady,batch-inner,32,32768,8,2048,10,30,20260803,2026-08-13T07:59:38.600370+00:00,0.23974399268627167,0.23721599578857422,0.24249599874019623,0.23973653167486192,0.0017612339085603507,304.55171457641694,524288,73014444032,0.5703125,0.5703125,0.43238449061131295,0.4892367906066536,235488,2.2263894550890067,135641088,2.5871484375,"[""32K-64K""]",False,0.6377920508384705,5.33222034573555,26.792239397764206,1007961088,57.0,149.59,1755.0,1593.0,57.0,147.17,1755.0,1593.0
b32_h32768_q8_csa_profile_sim_batch_inner_descending_steady,ok,,full,csa_profile_sim,descending,steady,batch-inner,32,32768,8,2048,10,30,20260803,2026-08-13T08:37:37.017577+00:00,0.23916800320148468,0.23615999519824982,0.24348799884319305,0.23921599835157395,0.001843669786767941,305.2851679766282,524288,73014444032,0.5703125,0.5703125,0.43238449061131295,0.4892367906066536,235488,2.2263894550890067,135641088,2.5871484375,"[""32K-64K""]",False,0.6382204592227936,5.564756691455841,24.32456985116005,1007961088,52.0,147.56,1755.0,1593.0,52.0,142.35,1755.0,1593.0
b32_h4096_q1024_csa_profile_sim_batch_inner_ascending_steady,ok,,full,csa_profile_sim,ascending,steady,batch-inner,32,4096,1024,2048,10,30,20260803,2026-08-13T08:00:17.444339+00:00,21.11369514465332,20.975679397583008,22.808448791503906,21.291530672709147,0.56581250502698,442.64392244304406,67108864,9345848836096,0.8125,0.8125,0.722527752539372,0.8634219533543297,163716,409.9102347968433,94300416,1.7986376953125,"[""2K-8K""]",False,0.8946098387241364,11.869054287672043,1463.8480693101883,4942988288,55.0,103.16,1755.0,1593.0,65.0,350.68,1485.0,1593.0
b32_h4096_q1024_csa_profile_sim_batch_inner_descending_steady,ok,,full,csa_profile_sim,descending,steady,batch-inner,32,4096,1024,2048,10,30,20260803,2026-08-13T08:36:56.526761+00:00,21.295040130615234,20.97977638244629,22.724096298217773,21.571958351135255,0.6309417022469886,438.8744411267747,67108864,9345848836096,0.8125,0.8125,0.722527752539372,0.8634219533543297,163716,409.9102347968433,94300416,1.7986376953125,"[""2K-8K""]",False,0.8769594132900238,12.097693979740143,1474.1447791457176,4942988288,55.0,104.86,1725.0,1593.0,63.0,348.04,1560.0,1593.0
b32_h4096_q128_csa_profile_sim_batch_inner_ascending_steady,ok,,full,csa_profile_sim,ascending,steady,batch-inner,32,4096,128,2048,10,30,20260803,2026-08-13T07:59:42.665959+00:00,2.6981759071350098,2.540287971496582,2.7515199184417725,2.683123215039571,0.08359470895982624,432.97069750817576,8388608,1168231104512,0.8125,0.8125,0.722527752539372,0.8768609153314579,135052,62.11391167846459,77789952,1.4837255859375,"[""2K-8K""]",False,0.7478147745132446,2.012699842453003,218.9789041876793,876872704,55.0,130.09,1740.0,1593.0,60.0,162.8,1605.0,1593.0
b32_h4096_q128_csa_profile_sim_batch_inner_descending_steady,ok,,full,csa_profile_sim,descending,steady,batch-inner,32,4096,128,2048,10,30,20260803,2026-08-13T08:37:32.476117+00:00,2.671135902404785,2.427999973297119,2.7348480224609375,2.645142396291097,0.11105577981197166,437.35367543832507,8388608,1168231104512,0.8125,0.8125,0.722527752539372,0.8768609153314579,135052,62.11391167846459,77789952,1.4837255859375,"[""2K-8K""]",False,0.8624158799648285,2.006746828556061,233.06359723210335,876872704,52.0,168.77,1740.0,1593.0,57.0,167.48,1605.0,1593.0
b32_h4096_q2_csa_profile_sim_batch_inner_ascending_steady,ok,,full,csa_profile_sim,ascending,steady,batch-inner,32,4096,2,2048,10,30,20260803,2026-08-13T07:59:37.103737+00:00,0.08191999793052673,0.08128000050783157,0.08604799956083298,0.0823552002509435,0.0014448652768508034,222.82240562896743,131072,18253611008,0.8125,0.8125,0.722527752539372,0.8555528375733856,77824,1.6842105263157894,44826624,0.855,"[""2K-8K""]",False,0.5107372999191284,0.9006932377815247,10.283421725034714,459609088,61.0,283.33,1740.0,1593.0,60.0,265.74,1740.0,1593.0
b32_h4096_q2_csa_profile_sim_batch_inner_descending_steady,ok,,full,csa_profile_sim,descending,steady,batch-inner,32,4096,2,2048,10,30,20260803,2026-08-13T08:37:38.650654+00:00,0.08166400343179703,0.08102399855852127,0.09737599641084671,0.0844021330277125,0.006297551481110216,223.52089342821392,131072,18253611008,0.8125,0.8125,0.722527752539372,0.8555528375733856,77824,1.6842105263157894,44826624,0.855,"[""2K-8K""]",False,0.4726909101009369,0.8841268718242645,9.293176233768463,459609088,51.0,136.31,1755.0,1593.0,51.0,130.08,1755.0,1593.0
b32_h4096_q32_csa_profile_sim_batch_inner_ascending_steady,ok,,full,csa_profile_sim,ascending,steady,batch-inner,32,4096,32,2048,10,30,20260803,2026-08-13T07:59:39.659053+00:00,0.6329280138015747,0.6302400231361389,0.635487973690033,0.6331423978010814,0.0017538429143374211,461.4391680561025,2097152,292057776128,0.8125,0.8125,0.722527752539372,0.8762135365704501,130668,16.049468882970583,75264768,1.4355615234375,"[""2K-8K""]",False,0.5993582308292389,1.227591186761856,59.96273085474968,558957568,57.0,153.71,1755.0,1593.0,57.0,161.43,1755.0,1593.0
b32_h4096_q32_csa_profile_sim_batch_inner_descending_steady,ok,,full,csa_profile_sim,descending,steady,batch-inner,32,4096,32,2048,10,30,20260803,2026-08-13T08:37:35.832890+00:00,0.6375359892845154,0.629472017288208,0.6421120166778564,0.6368789354960124,0.003107866153783211,458.10398320535023,2097152,292057776128,0.8125,0.8125,0.722527752539372,0.8762135365704501,130668,16.049468882970583,75264768,1.4355615234375,"[""2K-8K""]",False,0.651918351650238,1.285608857870102,57.060565799474716,558957568,52.0,128.51,1740.0,1593.0,52.0,135.48,1740.0,1593.0
b32_h4096_q4096_csa_profile_sim_batch_inner_ascending_steady,ok,,full,csa_profile_sim,ascending,steady,batch-inner,32,4096,4096,2048,10,30,20260803,2026-08-13T08:01:01.742802+00:00,90.92928314208984,86.29481506347656,92.58573150634766,90.52469533284506,2.026882204290676,411.1260317093578,268435456,37383395344384,0.8124670902014652,0.8124670902014652,0.7224876865505949,0.8333927012702957,261964,1024.7036081293613,150891264,2.8780224609375,"[""2K-8K"", ""8K-16K""]",False,1.44871324300766,45.85585743188858,6472.600247710943,19545457664,57.0,126.61,1620.0,1593.0,71.0,329.9,1695.0,1593.0
b32_h4096_q4096_csa_profile_sim_batch_inner_descending_steady,ok,,full,csa_profile_sim,descending,steady,batch-inner,32,4096,4096,2048,10,30,20260803,2026-08-13T08:36:05.220579+00:00,90.04246520996094,86.4382095336914,91.77078247070312,89.89541015625,1.6609288389227896,415.1751649314958,268435456,37383395344384,0.8124670902014652,0.8124670902014652,0.7224876865505949,0.8333927012702957,261964,1024.7036081293613,150891264,2.8780224609375,"[""2K-8K"", ""8K-16K""]",False,1.5032030642032623,46.08277976512909,6409.9792540073395,19545457664,53.0,121.73,1590.0,1593.0,69.0,340.69,1530.0,1593.0
b32_h4096_q512_csa_profile_sim_batch_inner_ascending_steady,ok,,full,csa_profile_sim,ascending,steady,batch-inner,32,4096,512,2048,30,100,20260803,2026-08-13T08:53:39.845247+00:00,11.40118408203125,10.570112228393555,11.475968360900879,11.083939542770386,0.4244890456249892,409.863079521076,33554432,4672924418048,0.8125,0.8125,0.722527752539372,0.8707602663282779,147320,227.76562584849307,84856320,1.618505859375,"[""2K-8K""]",False,0.9876638650894165,6.667979061603546,1276.8031395971775,2149581824,52.0,98.89,1755.0,1593.0,64.0,337.61,1635.0,1593.0
b32_h4096_q512_csa_profile_sim_batch_inner_descending_steady,ok,,full,csa_profile_sim,descending,steady,batch-inner,32,4096,512,2048,30,100,20260803,2026-08-13T08:53:42.692950+00:00,11.42137622833252,10.565695762634277,11.486016273498535,11.13297857284546,0.39699154240181084,409.1384719869464,33554432,4672924418048,0.8125,0.8125,0.722527752539372,0.8707602663282779,147320,227.76562584849307,84856320,1.618505859375,"[""2K-8K""]",False,0.9226314723491669,6.082694977521896,902.2864773869514,2149581824,55.0,103.61,1755.0,1593.0,65.0,343.22,1530.0,1593.0
b32_h4096_q8_csa_profile_sim_batch_inner_ascending_steady,ok,,full,csa_profile_sim,ascending,steady,batch-inner,32,4096,8,2048,10,30,20260803,2026-08-13T07:59:38.224146+00:00,0.2231999933719635,0.22124800086021423,0.22710399329662323,0.22341973235209783,0.0016256858986907997,327.1256550188207,524288,73014444032,0.8125,0.8125,0.722527752539372,0.8700846991193738,109976,4.767294682476177,63346176,1.208232421875,"[""2K-8K""]",False,0.5763545632362366,1.0730139911174774,17.788439989089966,479478784,58.0,144.67,1755.0,1593.0,58.0,146.76,1755.0,1593.0
b32_h4096_q8_csa_profile_sim_batch_inner_descending_steady,ok,,full,csa_profile_sim,descending,steady,batch-inner,32,4096,8,2048,10,30,20260803,2026-08-13T08:37:37.455111+00:00,0.22256000339984894,0.22047999501228333,0.22470399737358093,0.22270613263050715,0.0015950154614239247,328.06633229971254,524288,73014444032,0.8125,0.8125,0.722527752539372,0.8700846991193738,109976,4.767294682476177,63346176,1.208232421875,"[""2K-8K""]",False,0.5714744329452515,1.1062249541282654,16.97636768221855,479478784,51.0,126.65,1755.0,1593.0,51.0,120.13,1755.0,1593.0
b32_h524288_q1024_csa_profile_sim_batch_inner_ascending_steady,ok,,full,csa_profile_sim,ascending,steady,batch-inner,32,524288,1024,2048,10,30,20260803,2026-08-13T08:00:41.690700+00:00,22.749568939208984,22.53945541381836,24.34671974182129,23.154045740763348,0.6496728132990159,410.8143262437113,67108864,9345848836096,0.50390625,0.50390625,0.3817648634796384,0.4067620503225905,9256628,7.249817536148153,5331817728,101.6963525390625,"[""64K+""]",True,1.515071839094162,89.86607566475868,2737.5848405063152,14531167232,55.0,105.97,1740.0,1593.0,66.0,359.51,1515.0,1593.0
b32_h524288_q1024_csa_profile_sim_batch_inner_descending_steady,ok,,full,csa_profile_sim,descending,steady,batch-inner,32,524288,1024,2048,10,30,20260803,2026-08-13T08:36:31.396378+00:00,22.858591079711914,22.71446418762207,25.45792007446289,23.199648030598958,0.8360453115996592,408.8549816349304,67108864,9345848836096,0.50390625,0.50390625,0.3817648634796384,0.4067620503225905,9256628,7.249817536148153,5331817728,101.6963525390625,"[""64K+""]",True,1.3916492462158203,93.49136427044868,2671.4165061712265,14531167232,56.0,104.62,1755.0,1593.0,63.0,358.87,1560.0,1593.0
b32_h524288_q128_csa_profile_sim_batch_inner_ascending_steady,ok,,full,csa_profile_sim,ascending,steady,batch-inner,32,524288,128,2048,10,30,20260803,2026-08-13T07:59:46.540520+00:00,2.946176052093506,2.7393600940704346,2.9927361011505127,2.9288319826126097,0.07710093059843715,396.5245402364443,8388608,1168231104512,0.50390625,0.50390625,0.3817648634796384,0.4062041340508806,2336724,3.5899010751804665,1345953024,25.6720166015625,"[""64K+""]",True,1.169104129076004,81.63191750645638,406.2036797404289,10465051648,56.0,150.34,1755.0,1593.0,58.0,187.03,1680.0,1593.0
b32_h524288_q128_csa_profile_sim_batch_inner_descending_steady,ok,,full,csa_profile_sim,descending,steady,batch-inner,32,524288,128,2048,10,30,20260803,2026-08-13T08:37:28.208881+00:00,2.8766400814056396,2.732032060623169,2.972383975982666,2.858340287208557,0.07987323082000089,406.10958321249433,8388608,1168231104512,0.50390625,0.50390625,0.3817648634796384,0.4062041340508806,2336724,3.5899010751804665,1345953024,25.6720166015625,"[""64K+""]",True,1.2329593300819397,78.64772900938988,339.13983032107353,10465051648,52.0,229.15,1755.0,1593.0,56.0,227.54,1590.0,1593.0
b32_h524288_q2_csa_profile_sim_batch_inner_ascending_steady,ok,,full,csa_profile_sim,ascending,steady,batch-inner,32,524288,2,2048,10,30,20260803,2026-08-13T07:59:37.926092+00:00,0.08540800213813782,0.08422400057315826,0.0867839977145195,0.08560746709505716,0.0012115757213124257,213.72249146487283,131072,18253611008,0.50390625,0.50390625,0.38176486347963834,0.4070450097847358,98048,1.3368146214099217,56475648,1.0771875,"[""64K+""]",True,0.8457042276859283,78.86189222335815,10.448295623064041,10047788032,59.0,142.08,1755.0,1593.0,59.0,141.95,1755.0,1593.0
b32_h524288_q2_csa_profile_sim_batch_inner_descending_steady,ok,,full,csa_profile_sim,descending,steady,batch-inner,32,524288,2,2048,10,30,20260803,2026-08-13T08:37:37.687401+00:00,0.08614400029182434,0.08511999994516373,0.08723200112581253,0.08627733414371809,0.001284474161242747,211.8964866521574,131072,18253611008,0.50390625,0.50390625,0.38176486347963834,0.4070450097847358,98048,1.3368146214099217,56475648,1.0771875,"[""64K+""]",True,0.8604153990745544,76.9161656498909,11.730678379535675,10047788032,53.0,132.82,1755.0,1593.0,53.0,130.73,1755.0,1593.0
b32_h524288_q32_csa_profile_sim_batch_inner_ascending_steady,ok,,full,csa_profile_sim,ascending,steady,batch-inner,32,524288,32,2048,10,30,20260803,2026-08-13T07:59:41.370726+00:00,0.7215359807014465,0.7181439995765686,0.7295359969139099,0.7220767994721731,0.002937527690327665,404.77229679395043,2097152,292057776128,0.50390625,0.50390625,0.38176486347963834,0.40613533512720157,861124,2.4353658706527748,496007424,9.4605908203125,"[""64K+""]",True,0.9445399045944214,79.52401041984558,130.30706346035004,10147136512,57.0,160.24,1740.0,1593.0,59.0,170.46,1605.0,1593.0
b32_h524288_q32_csa_profile_sim_batch_inner_descending_steady,ok,,full,csa_profile_sim,descending,steady,batch-inner,32,524288,32,2048,10,30,20260803,2026-08-13T08:37:33.916229+00:00,0.7203840017318726,0.7177280187606812,0.7240639925003052,0.7209696014722188,0.002926929113409356,405.41957542902804,2097152,292057776128,0.50390625,0.50390625,0.38176486347963834,0.40613533512720157,861124,2.4353658706527748,496007424,9.4605908203125,"[""64K+""]",True,1.0781697928905487,77.68679037690163,88.17949146032333,10147136512,53.0,145.88,1740.0,1593.0,56.0,156.62,1710.0,1593.0
b32_h524288_q4096_csa_profile_sim_batch_inner_ascending_steady,ok,,full,csa_profile_sim,ascending,steady,batch-inner,32,524288,4096,2048,10,30,20260803,2026-08-13T08:02:38.742672+00:00,95.72380828857422,93.3460464477539,191.44546508789062,106.75491841634114,29.120079615134358,390.53393312232186,268435456,37383395344384,0.50390625,0.50390625,0.3817648634796384,0.40670404602170224,16064820,16.70952155081725,9253336320,176.4933837890625,"[""64K+""]",True,1.7688572406768799,124.08910691738129,11158.032454550266,29133636608,56.0,123.37,1590.0,1593.0,72.0,336.49,1620.0,1593.0
b32_h524288_q4096_csa_profile_sim_batch_inner_descending_steady,ok,,full,csa_profile_sim,descending,steady,batch-inner,32,524288,4096,2048,10,30,20260803,2026-08-13T08:34:23.553249+00:00,96.54463958740234,92.10771179199219,97.47795104980469,95.62599334716796,1.8557724249340801,387.2135781349168,268435456,37383395344384,0.50390625,0.50390625,0.3817648634796384,0.40670404602170224,16064820,16.70952155081725,9253336320,176.4933837890625,"[""64K+""]",True,1.7111115157604218,116.10512807965279,11242.151644080877,29133636608,50.0,123.02,1590.0,1593.0,66.0,335.22,1635.0,1593.0
b32_h524288_q512_csa_profile_sim_batch_inner_ascending_steady,ok,,full,csa_profile_sim,ascending,steady,batch-inner,32,524288,512,2048,10,30,20260803,2026-08-13T08:00:06.762458+00:00,11.42956829071045,11.384960174560547,11.589216232299805,11.460388247172038,0.07450261310782919,408.84522487572764,33554432,4672924418048,0.50390625,0.50390625,0.3817648634796384,0.40661011936613256,5894688,5.692316879196999,3395340288,64.7609765625,"[""64K+""]",True,1.3082325458526611,84.61734652519226,1343.010064214468,12098470912,56.0,100.55,1755.0,1593.0,64.0,232.37,1710.0,1593.0
b32_h524288_q512_csa_profile_sim_batch_inner_descending_steady,ok,,full,csa_profile_sim,descending,steady,batch-inner,32,524288,512,2048,10,30,20260803,2026-08-13T08:37:07.496146+00:00,11.349984169006348,11.299391746520996,11.373151779174805,11.343813292185466,0.02449744759214964,411.7119767275498,33554432,4672924418048,0.50390625,0.50390625,0.3817648634796384,0.40661011936613256,5894688,5.692316879196999,3395340288,64.7609765625,"[""64K+""]",True,1.238543540239334,83.5961326956749,1334.4439640641212,12098470912,52.0,98.68,1755.0,1593.0,60.0,234.47,1665.0,1593.0
b32_h524288_q8_csa_profile_sim_batch_inner_ascending_steady,ok,,full,csa_profile_sim,ascending,steady,batch-inner,32,524288,8,2048,10,30,20260803,2026-08-13T07:59:39.271782+00:00,0.2431039959192276,0.24092799425125122,0.2451840043067932,0.2433152010043462,0.001687357195114826,300.34242652374735,524288,73014444032,0.50390625,0.50390625,0.38176486347963834,0.4064028864970646,278636,1.8816233365394277,160494336,3.0611865234375,"[""64K+""]",True,0.9578987956047058,78.76665890216827,26.51626244187355,10067657728,59.0,151.28,1755.0,1593.0,59.0,153.83,1755.0,1593.0
b32_h524288_q8_csa_profile_sim_batch_inner_descending_steady,ok,,full,csa_profile_sim,descending,steady,batch-inner,32,524288,8,2048,10,30,20260803,2026-08-13T08:37:36.270123+00:00,0.2462719976902008,0.24297599494457245,0.24956800043582916,0.24645013262828191,0.002077087250957084,296.4788718035614,524288,73014444032,0.50390625,0.50390625,0.38176486347963834,0.4064028864970646,278636,1.8816233365394277,160494336,3.0611865234375,"[""64K+""]",True,0.971473753452301,77.98491790890694,24.309419095516205,10067657728,53.0,150.62,1740.0,1593.0,53.0,152.27,1740.0,1593.0
b32_h65536_q1024_csa_profile_sim_batch_inner_ascending_steady,ok,,full,csa_profile_sim,ascending,steady,batch-inner,32,65536,1024,2048,10,30,20260803,2026-08-13T08:00:30.467744+00:00,22.85807991027832,22.600448608398438,24.435903549194336,23.094561068216958,0.6553642726646841,408.864124755009,67108864,9345848836096,0.50390625,0.50390625,0.3817648634796384,0.4114476631298924,2129748,31.51023689187641,1226734848,23.3981103515625,"[""64K+""]",False,2.0412616431713104,44.62488368153572,2584.073234349489,6075450368,57.0,105.5,1740.0,1593.0,66.0,357.75,1575.0,1593.0
b32_h65536_q1024_csa_profile_sim_batch_inner_descending_steady,ok,,full,csa_profile_sim,descending,steady,batch-inner,32,65536,1024,2048,10,30,20260803,2026-08-13T08:36:42.682630+00:00,22.738527297973633,22.59494400024414,24.331775665283203,23.05755418141683,0.6486032860073432,411.0138142908167,67108864,9345848836096,0.50390625,0.50390625,0.3817648634796384,0.4114476631298924,2129748,31.51023689187641,1226734848,23.3981103515625,"[""64K+""]",False,0.9255446493625641,21.871130913496017,2494.2351281642914,6075450368,52.0,103.33,1740.0,1593.0,64.0,362.89,1485.0,1593.0
b32_h65536_q128_csa_profile_sim_batch_inner_ascending_steady,ok,,full,csa_profile_sim,ascending,steady,batch-inner,32,65536,128,2048,10,30,20260803,2026-08-13T07:59:44.823749+00:00,2.8935999870300293,2.8396480083465576,2.9136641025543213,2.878755203882853,0.0315751097990047,403.7293025118735,8388608,1168231104512,0.50390625,0.50390625,0.3817648634796384,0.41246674718688847,1743140,4.812354716201797,1004048640,19.1507080078125,"[""64K+""]",False,0.8480511605739594,11.425253003835678,325.23491606116295,2009334784,55.0,138.05,1755.0,1593.0,59.0,168.69,1710.0,1593.0
b32_h65536_q128_csa_profile_sim_batch_inner_descending_steady,ok,,full,csa_profile_sim,descending,steady,batch-inner,32,65536,128,2048,10,30,20260803,2026-08-13T08:37:30.111874+00:00,2.914367914199829,2.797760009765625,2.928704023361206,2.886743450164795,0.057948745585220625,400.8523079121087,8388608,1168231104512,0.50390625,0.50390625,0.3817648634796384,0.41246674718688847,1743140,4.812354716201797,1004048640,19.1507080078125,"[""64K+""]",False,0.9131692349910736,11.774204671382904,391.66902005672455,2009334784,52.0,136.11,1755.0,1593.0,57.0,170.79,1710.0,1593.0
b32_h65536_q2_csa_profile_sim_batch_inner_ascending_steady,ok,,full,csa_profile_sim,ascending,steady,batch-inner,32,65536,2,2048,10,30,20260803,2026-08-13T07:59:37.549327+00:00,0.08508799970149994,0.08393599838018417,0.08755200356245041,0.08532053331534067,0.0011013747495425695,214.52626777026262,131072,18253611008,0.50390625,0.50390625,0.38176486347963834,0.40750366927592957,98048,1.3368146214099217,56475648,1.0771875,"[""64K+""]",False,0.5428194999694824,10.02548635005951,9.27402451634407,1592071168,59.0,188.8,1755.0,1593.0,59.0,178.13,1755.0,1593.0
b32_h65536_q2_csa_profile_sim_batch_inner_descending_steady,ok,,full,csa_profile_sim,descending,steady,batch-inner,32,65536,2,2048,10,30,20260803,2026-08-13T08:37:38.243902+00:00,0.08534400165081024,0.08416000008583069,0.08707199990749359,0.08555413410067558,0.0016028280741571762,213.8827645167808,131072,18253611008,0.50390625,0.50390625,0.38176486347963834,0.40750366927592957,98048,1.3368146214099217,56475648,1.0771875,"[""64K+""]",False,0.5308724939823151,10.611888021230698,10.184235870838165,1592071168,51.0,138.77,1755.0,1593.0,51.0,138.18,1755.0,1593.0
b32_h65536_q32_csa_profile_sim_batch_inner_ascending_steady,ok,,full,csa_profile_sim,ascending,steady,batch-inner,32,65536,32,2048,10,30,20260803,2026-08-13T07:59:40.536129+00:00,0.7142720222473145,0.7083200216293335,0.7227200269699097,0.7143509387969971,0.0041305203244546024,408.88872450736415,2097152,292057776128,0.50390625,0.50390625,0.38176486347963834,0.40940328400195697,813436,2.5781401364090106,468539136,8.9366748046875,"[""64K+""]",False,0.6745569407939911,10.37566363811493,108.96233841776848,1691419648,56.0,144.48,1755.0,1593.0,56.0,146.69,1680.0,1593.0
b32_h65536_q32_csa_profile_sim_batch_inner_descending_steady,ok,,full,csa_profile_sim,descending,steady,batch-inner,32,65536,32,2048,10,30,20260803,2026-08-13T08:37:34.785917+00:00,0.7160959839820862,0.7129600048065186,0.7214400172233582,0.716647469997406,0.002506127022691182,407.8472476607355,2097152,292057776128,0.50390625,0.50390625,0.38176486347963834,0.40940328400195697,813436,2.5781401364090106,468539136,8.9366748046875,"[""64K+""]",False,0.6682127714157104,10.955456644296646,97.21460193395615,1691419648,53.0,164.35,1755.0,1593.0,55.0,162.49,1755.0,1593.0
b32_h65536_q4096_csa_profile_sim_batch_inner_ascending_steady,ok,,full,csa_profile_sim,ascending,steady,batch-inner,32,65536,4096,2048,10,30,20260803,2026-08-13T08:01:53.436258+00:00,96.59606170654297,92.75484466552734,98.06793975830078,96.00944569905599,1.675140236701712,387.0074481706517,268435456,37383395344384,0.50390625,0.50390625,0.3817648634796384,0.4111827394966977,2228036,120.48075345281674,1283348736,24.4779345703125,"[""64K+""]",False,1.4498792588710785,55.131714791059494,10501.104082912207,20677919744,54.0,128.06,1710.0,1593.0,70.0,332.71,1680.0,1593.0
b32_h65536_q4096_csa_profile_sim_batch_inner_descending_steady,ok,,full,csa_profile_sim,descending,steady,batch-inner,32,65536,4096,2048,10,30,20260803,2026-08-13T08:35:08.956171+00:00,96.12847900390625,91.21302032470703,97.39139556884766,95.4274777730306,1.8673182794260588,388.8899078790678,268435456,37383395344384,0.50390625,0.50390625,0.3817648634796384,0.4111827394966977,2228036,120.48075345281674,1283348736,24.4779345703125,"[""64K+""]",False,1.9687265157699585,55.61340972781181,10656.209528446198,20677919744,50.0,119.97,1665.0,1593.0,69.0,339.72,1545.0,1593.0
b32_h65536_q512_csa_profile_sim_batch_inner_ascending_steady,ok,,full,csa_profile_sim,ascending,steady,batch-inner,32,65536,512,2048,10,30,20260803,2026-08-13T08:00:00.902524+00:00,11.437024116516113,11.35859203338623,11.811903953552246,11.588217639923096,0.20146369271052272,408.57869760892333,33554432,4672924418048,0.50390625,0.50390625,0.3817648634796384,0.4113392092710372,2109060,15.90966212435872,1214818560,23.1708251953125,"[""64K+""]",False,0.9783990681171417,15.450801700353622,1305.4013065993786,3642754048,57.0,102.83,1755.0,1593.0,65.0,236.82,1710.0,1593.0
b32_h65536_q512_csa_profile_sim_batch_inner_descending_steady,ok,,full,csa_profile_sim,descending,steady,batch-inner,32,65536,512,2048,10,30,20260803,2026-08-13T08:37:13.415549+00:00,11.346303939819336,11.302080154418945,11.398431777954102,11.34344851175944,0.029108775714195557,411.8455175212242,33554432,4672924418048,0.50390625,0.50390625,0.3817648634796384,0.4113392092710372,2109060,15.90966212435872,1214818560,23.1708251953125,"[""64K+""]",False,1.0248906910419464,16.051627695560455,1253.2796300947666,3642754048,52.0,101.22,1755.0,1593.0,62.0,238.17,1575.0,1593.0
b32_h65536_q8_csa_profile_sim_batch_inner_ascending_steady,ok,,full,csa_profile_sim,ascending,steady,batch-inner,32,65536,8,2048,10,30,20260803,2026-08-13T07:59:38.735496+00:00,0.24294400215148926,0.24006399512290955,0.2460159957408905,0.24302613387505215,0.002195172304782948,300.5402207314893,524288,73014444032,0.50390625,0.50390625,0.38176486347963834,0.41471226761252444,276696,1.8948159713187036,159376896,3.039873046875,"[""64K+""]",False,0.664103776216507,10.179702192544937,28.991248458623886,1611940864,57.0,138.85,1755.0,1593.0,57.0,139.99,1755.0,1593.0
b32_h65536_q8_csa_profile_sim_batch_inner_descending_steady,ok,,full,csa_profile_sim,descending,steady,batch-inner,32,65536,8,2048,10,30,20260803,2026-08-13T08:37:36.870995+00:00,0.24435199797153473,0.24208000302314758,0.24668799340724945,0.24444266657034555,0.0014204072484236586,298.8084592641868,524288,73014444032,0.50390625,0.50390625,0.38176486347963834,0.41471226761252444,276696,1.8948159713187036,159376896,3.039873046875,"[""64K+""]",False,0.6274506449699402,10.795563459396362,25.91116726398468,1611940864,52.0,155.01,1755.0,1593.0,52.0,152.16,1755.0,1593.0
b32_h8192_q1024_csa_profile_sim_batch_inner_ascending_steady,ok,,full,csa_profile_sim,ascending,steady,batch-inner,32,8192,1024,2048,10,30,20260803,2026-08-13T08:00:19.915452+00:00,21.842239379882812,21.68227195739746,23.426176071166992,22.049734369913736,0.5625878925676331,427.87960856723026,67108864,9345848836096,0.677734375,0.677734375,0.5584174625084868,0.68331837514142,294800,227.64200814111263,169804800,3.23876953125,"[""8K-16K""]",False,0.9763464331626892,12.583769857883453,2137.861080467701,5018485760,54.0,104.29,1620.0,1593.0,64.0,355.59,1485.0,1593.0
b32_h8192_q1024_csa_profile_sim_batch_inner_descending_steady,ok,,full,csa_profile_sim,descending,steady,batch-inner,32,8192,1024,2048,10,30,20260803,2026-08-13T08:36:53.410007+00:00,22.493759155273438,21.534912109375,23.189407348632812,22.29171848297119,0.5825075628830046,415.48630318222996,67108864,9345848836096,0.677734375,0.677734375,0.5584174625084868,0.68331837514142,294800,227.64200814111263,169804800,3.23876953125,"[""8K-16K""]",False,0.9038858115673065,12.773387134075165,2097.1837043762207,5018485760,52.0,102.84,1755.0,1593.0,64.0,352.81,1560.0,1593.0
b32_h8192_q128_csa_profile_sim_batch_inner_ascending_steady,ok,,full,csa_profile_sim,ascending,steady,batch-inner,32,8192,128,2048,10,30,20260803,2026-08-13T07:59:43.092267+00:00,2.7739200592041016,2.5304319858551025,2.8274879455566406,2.7511946598688763,0.07690168506102656,421.14807910044493,8388608,1168231104512,0.677734375,0.677734375,0.5584174625084868,0.6843596157962328,266112,31.522847522847524,153280512,2.92359375,"[""8K-16K""]",False,0.7804632186889648,2.643302083015442,322.70708307623863,952370176,55.0,164.04,1755.0,1593.0,60.0,175.31,1425.0,1593.0
b32_h8192_q128_csa_profile_sim_batch_inner_descending_steady,ok,,full,csa_profile_sim,descending,steady,batch-inner,32,8192,128,2048,10,30,20260803,2026-08-13T08:37:31.941565+00:00,2.698944091796875,2.562943935394287,2.823296070098877,2.732203729947408,0.07807204935681923,432.8474635924108,8388608,1168231104512,0.677734375,0.677734375,0.5584174625084868,0.6843596157962328,266112,31.522847522847524,153280512,2.92359375,"[""8K-16K""]",False,0.7890835404396057,2.741187810897827,321.97895646095276,952370176,52.0,134.99,1755.0,1593.0,56.0,166.85,1575.0,1593.0
b32_h8192_q2_csa_profile_sim_batch_inner_ascending_steady,ok,,full,csa_profile_sim,ascending,steady,batch-inner,32,8192,2,2048,10,30,20260803,2026-08-13T07:59:37.278894+00:00,0.08339200168848038,0.08256000280380249,0.08671999722719193,0.08384960020581882,0.0012187239932430944,218.88922964324914,131072,18253611008,0.677734375,0.677734375,0.5584174625084867,0.6652091487279843,86656,1.5125553914327918,49913856,0.95203125,"[""8K-16K""]",False,0.49674883484840393,1.50391086935997,9.360484778881073,535106560,60.0,253.14,1755.0,1593.0,60.0,239.64,1755.0,1593.0
b32_h8192_q2_csa_profile_sim_batch_inner_descending_steady,ok,,full,csa_profile_sim,descending,steady,batch-inner,32,8192,2,2048,10,30,20260803,2026-08-13T08:37:38.586244+00:00,0.08371199667453766,0.08300799876451492,0.08476799726486206,0.08392639979720115,0.0012007786237805032,218.05251019119612,131072,18253611008,0.677734375,0.677734375,0.5584174625084867,0.6652091487279843,86656,1.5125553914327918,49913856,0.95203125,"[""8K-16K""]",False,0.4911869764328003,1.5036948025226593,9.761039167642593,535106560,51.0,137.15,1755.0,1593.0,51.0,137.47,1755.0,1593.0
b32_h8192_q32_csa_profile_sim_batch_inner_ascending_steady,ok,,full,csa_profile_sim,ascending,steady,batch-inner,32,8192,32,2048,10,30,20260803,2026-08-13T07:59:39.840637+00:00,0.665440022945404,0.6628479957580566,0.6800959706306458,0.6670922676722209,0.004743575401958969,438.8942144406632,2097152,292057776128,0.677734375,0.677734375,0.5584174625084867,0.685428387964775,252892,8.29267829745504,145665792,2.7783544921875,"[""8K-16K""]",False,0.5987770855426788,1.8605515360832214,85.5541042983532,634455040,57.0,160.19,1755.0,1593.0,57.0,164.76,1725.0,1593.0
b32_h8192_q32_csa_profile_sim_batch_inner_descending_steady,ok,,full,csa_profile_sim,descending,steady,batch-inner,32,8192,32,2048,10,30,20260803,2026-08-13T08:37:35.558808+00:00,0.6646080017089844,0.6601279973983765,0.6939200162887573,0.6675370633602142,0.008742614555352263,439.4436651033355,2097152,292057776128,0.677734375,0.677734375,0.5584174625084867,0.685428387964775,252892,8.29267829745504,145665792,2.7783544921875,"[""8K-16K""]",False,0.6291009485721588,1.9112937152385712,105.76001182198524,634455040,52.0,142.82,1755.0,1593.0,53.0,137.72,1740.0,1593.0
b32_h8192_q4096_csa_profile_sim_batch_inner_ascending_steady,ok,,full,csa_profile_sim,ascending,steady,batch-inner,32,8192,4096,2048,10,30,20260803,2026-08-13T08:01:12.064025+00:00,93.03593444824219,89.88204956054688,94.14329528808594,92.37937545776367,1.6851640673002257,401.81673421231824,268435456,37383395344384,0.677734375,0.677734375,0.5584174625084868,0.6759524261414889,393084,682.895910288895,226416384,4.3185498046875,"[""8K-16K""]",False,1.3518258929252625,46.26673460006714,8812.090393155813,19620955136,56.0,123.32,1665.0,1593.0,73.0,342.29,1515.0,1593.0
b32_h8192_q4096_csa_profile_sim_batch_inner_descending_steady,ok,,full,csa_profile_sim,descending,steady,batch-inner,32,8192,4096,2048,10,30,20260803,2026-08-13T08:35:52.561023+00:00,92.26028442382812,87.66835021972656,94.29837036132812,91.90056940714518,1.9688306116908971,405.1948850780799,268435456,37383395344384,0.677734375,0.677734375,0.5584174625084868,0.6759524261414889,393084,682.895910288895,226416384,4.3185498046875,"[""8K-16K""]",False,1.4956705272197723,46.309228986501694,8752.281457185745,19620955136,51.0,121.47,1665.0,1593.0,67.0,335.85,1635.0,1593.0
b32_h8192_q512_csa_profile_sim_batch_inner_ascending_steady,ok,,full,csa_profile_sim,ascending,steady,batch-inner,32,8192,512,2048,10,30,20260803,2026-08-13T07:59:55.571764+00:00,10.88742446899414,10.742527961730957,11.307328224182129,10.927003796895345,0.18312925559483426,429.2038425943467,33554432,4672924418048,0.677734375,0.677734375,0.5584174625084868,0.6843577047150196,278400,120.52597701149425,160358400,3.05859375,"[""8K-16K""]",False,2.496756613254547,13.627994805574417,1045.0523979961872,2585789440,60.0,206.47,1755.0,1593.0,66.0,277.79,1530.0,1593.0
b32_h8192_q512_csa_profile_sim_batch_inner_descending_steady,ok,,full,csa_profile_sim,descending,steady,batch-inner,32,8192,512,2048,10,30,20260803,2026-08-13T08:37:18.903638+00:00,10.861696243286133,10.67728042602539,11.296575546264648,10.944316800435384,0.21495854809958062,430.2205027079857,33554432,4672924418048,0.677734375,0.677734375,0.5584174625084868,0.6843577047150196,278400,120.52597701149425,160358400,3.05859375,"[""8K-16K""]",False,0.7999911904335022,6.989777088165283,1043.2249754667282,2585789440,54.0,98.77,1755.0,1593.0,60.0,226.43,1560.0,1593.0
b32_h8192_q8_csa_profile_sim_batch_inner_ascending_steady,ok,,full,csa_profile_sim,ascending,steady,batch-inner,32,8192,8,2048,10,30,20260803,2026-08-13T07:59:38.328059+00:00,0.2322559952735901,0.22924800217151642,0.23574399948120117,0.23232320100069045,0.002007130960020963,314.3705459400147,524288,73014444032,0.677734375,0.677734375,0.5584174625084867,0.6796569227005871,167832,3.1238857905524573,96671232,1.843857421875,"[""8K-16K""]",False,0.6274320185184479,1.7088502645492554,25.344420224428177,554976256,58.0,146.28,1755.0,1593.0,58.0,149.07,1755.0,1593.0
b32_h8192_q8_csa_profile_sim_batch_inner_descending_steady,ok,,full,csa_profile_sim,descending,steady,batch-inner,32,8192,8,2048,10,30,20260803,2026-08-13T08:37:37.327591+00:00,0.23263999819755554,0.23046399652957916,0.23680000007152557,0.2327605331937472,0.0019001400707268478,313.8516359942406,524288,73014444032,0.677734375,0.677734375,0.5584174625084867,0.6796569227005871,167832,3.1238857905524573,96671232,1.843857421875,"[""8K-16K""]",False,0.6837137043476105,1.761212944984436,21.494321525096893,554976256,51.0,127.79,1755.0,1593.0,51.0,129.01,1755.0,1593.0
b4_h131072_q1024_csa_profile_sim_batch_inner_ascending_steady,ok,,full,csa_profile_sim,ascending,steady,batch-inner,4,131072,1024,2048,10,30,20260803,2026-08-13T07:55:24.302028+00:00,2.6975998878479004,2.515552043914795,2.7182719707489014,2.6634058554967246,0.06932684917641264,433.06314986689705,8388608,1168231104512,0.50390625,0.50390625,0.3817648634796384,0.407442992447407,518720,16.171745835903764,298782720,5.698828125,"[""64K+""]",True,0.8352771401405334,3.8474202156066895,1142.0054398477077,1103365120,43.0,88.77,1755.0,1593.0,47.0,122.49,1440.0,1593.0
b4_h131072_q1024_csa_profile_sim_batch_inner_descending_steady,ok,,full,csa_profile_sim,descending,steady,batch-inner,4,131072,1024,2048,10,30,20260803,2026-08-13T08:41:51.352521+00:00,2.6457600593566895,2.585536003112793,2.7208640575408936,2.664687999089559,0.05389539776490814,441.54839377084437,8388608,1168231104512,0.50390625,0.50390625,0.3817648634796384,0.407442992447407,518720,16.171745835903764,298782720,5.698828125,"[""64K+""]",True,0.8976757526397705,3.9889588952064514,1157.6445177197456,1103365120,44.0,90.11,1755.0,1593.0,47.0,122.66,1665.0,1593.0
b4_h131072_q128_csa_profile_sim_batch_inner_ascending_steady,ok,,full,csa_profile_sim,ascending,steady,batch-inner,4,131072,128,2048,10,30,20260803,2026-08-13T07:55:04.524274+00:00,0.3686720132827759,0.3665919899940491,0.3744640052318573,0.36944639980793,0.0023335340854666238,396.0943136521569,1048576,146028888064,0.50390625,0.50390625,0.3817648634796384,0.4076221563111546,263740,3.9757943429134754,151914240,2.8975341796875,"[""64K+""]",True,0.6092339754104614,3.077443689107895,140.67155495285988,732464128,44.0,106.29,1755.0,1593.0,44.0,110.6,1755.0,1593.0
b4_h131072_q128_csa_profile_sim_batch_inner_descending_steady,ok,,full,csa_profile_sim,descending,steady,batch-inner,4,131072,128,2048,10,30,20260803,2026-08-13T08:42:12.184665+00:00,0.3688639998435974,0.36636799573898315,0.3715200126171112,0.36885333359241484,0.0016456279643399102,395.888154240907,1048576,146028888064,0.50390625,0.50390625,0.3817648634796384,0.4076221563111546,263740,3.9757943429134754,151914240,2.8975341796875,"[""64K+""]",True,0.6391219794750214,3.120824694633484,140.78890532255173,732464128,43.0,117.32,1755.0,1593.0,45.0,122.91,1755.0,1593.0
b4_h131072_q2_csa_profile_sim_batch_inner_ascending_steady,ok,,full,csa_profile_sim,ascending,steady,batch-inner,4,131072,2,2048,30,100,20260803,2026-08-13T08:53:25.307561+00:00,0.07135999947786331,0.07030399888753891,0.10512000322341919,0.07899391993880273,0.013057452969962512,31.974515032161822,16384,2281701376,0.50390625,0.50390625,0.38176486347963834,0.4104696673189824,12256,1.3368146214099217,7059456,0.1346484375,"[""64K+""]",True,0.4000738263130188,2.876412123441696,3.8010701537132263,680306176,40.0,88.56,1755.0,1593.0,40.0,88.82,1755.0,1593.0
b4_h131072_q2_csa_profile_sim_batch_inner_descending_steady,ok,,full,csa_profile_sim,descending,steady,batch-inner,4,131072,2,2048,30,100,20260803,2026-08-13T08:53:58.470192+00:00,0.0719040036201477,0.07116799801588058,0.0727040022611618,0.07199007995426655,0.000801428760871794,31.73260543395752,16384,2281701376,0.50390625,0.50390625,0.38176486347963834,0.4104696673189824,12256,1.3368146214099217,7059456,0.1346484375,"[""64K+""]",True,0.36297738552093506,2.8343014419078827,6.144147366285324,680306176,60.0,270.53,1740.0,1593.0,59.0,274.76,1740.0,1593.0
b4_h131072_q32_csa_profile_sim_batch_inner_ascending_steady,ok,,full,csa_profile_sim,ascending,steady,batch-inner,4,131072,32,2048,10,30,20260803,2026-08-13T07:55:02.497936+00:00,0.15622399747371674,0.15388800203800201,0.1584320068359375,0.15645119895537693,0.001480423589155421,233.68510988295515,262144,36507222016,0.50390625,0.50390625,0.38176486347963834,0.4091089774951076,105400,2.487134724857685,60710400,1.157958984375,"[""64K+""]",True,0.4838518798351288,2.8143301606178284,36.97893023490906,692724736,44.0,100.47,1755.0,1593.0,44.0,100.86,1755.0,1593.0
b4_h131072_q32_csa_profile_sim_batch_inner_descending_steady,ok,,full,csa_profile_sim,descending,steady,batch-inner,4,131072,32,2048,10,30,20260803,2026-08-13T08:42:14.334138+00:00,0.1568640023469925,0.1544959992170334,0.15891200304031372,0.15692906777064006,0.001171348327640161,232.7316750164506,262144,36507222016,0.50390625,0.50390625,0.38176486347963834,0.4091089774951076,105400,2.487134724857685,60710400,1.157958984375,"[""64K+""]",True,0.46815723180770874,2.912696450948715,38.78283128142357,692724736,43.0,102.41,1755.0,1593.0,43.0,103.49,1755.0,1593.0
b4_h131072_q4096_csa_profile_sim_batch_inner_ascending_steady,ok,,full,csa_profile_sim,ascending,steady,batch-inner,4,131072,4096,2048,10,30,20260803,2026-08-13T07:55:56.461095+00:00,10.72655963897705,10.598143577575684,10.816255569458008,10.71982609430949,0.07939229530198268,435.6405572079249,33554432,4672924418048,0.50390625,0.50390625,0.3817648634796384,0.40786378864206213,540660,62.06198350164614,311420160,5.9398681640625,"[""64K+""]",True,0.8311904966831207,8.18679854273796,4610.411148518324,2736784384,44.0,94.05,1755.0,1593.0,51.0,226.73,1680.0,1593.0
b4_h131072_q4096_csa_profile_sim_batch_inner_descending_steady,ok,,full,csa_profile_sim,descending,steady,batch-inner,4,131072,4096,2048,10,30,20260803,2026-08-13T08:41:14.513304+00:00,10.651040077209473,10.583776473999023,10.954751968383789,10.703267288208007,0.11442402634000584,438.7293995867009,33554432,4672924418048,0.50390625,0.50390625,0.3817648634796384,0.40786378864206213,540660,62.06198350164614,311420160,5.9398681640625,"[""64K+""]",True,1.0227598249912262,8.25594738125801,4858.56219381094,2736784384,44.0,91.06,1755.0,1593.0,53.0,219.6,1575.0,1593.0
b4_h131072_q512_csa_profile_sim_batch_inner_ascending_steady,ok,,full,csa_profile_sim,ascending,steady,batch-inner,4,131072,512,2048,10,30,20260803,2026-08-13T07:55:11.976334+00:00,1.273568034172058,1.2664639949798584,1.3506560325622559,1.2898560047149659,0.029182773540222067,458.64495384868184,4194304,584115552256,0.50390625,0.50390625,0.3817648634796384,0.4092819303449119,463468,9.04982436759388,266957568,5.0918115234375,"[""64K+""]",True,0.7083304226398468,3.245960921049118,567.0671835541725,892339200,43.0,106.94,1755.0,1593.0,45.0,126.03,1725.0,1593.0
b4_h131072_q512_csa_profile_sim_batch_inner_descending_steady,ok,,full,csa_profile_sim,descending,steady,batch-inner,4,131072,512,2048,10,30,20260803,2026-08-13T08:42:04.446842+00:00,1.26528000831604,1.2540160417556763,1.3379520177841187,1.2894314765930175,0.03774086024955578,461.64923844280037,4194304,584115552256,0.50390625,0.50390625,0.3817648634796384,0.4092819303449119,463468,9.04982436759388,266957568,5.0918115234375,"[""64K+""]",True,0.6446130573749542,3.3792145550251007,574.4090750813484,892339200,43.0,106.76,1755.0,1593.0,43.0,125.99,1500.0,1593.0
b4_h131072_q8_csa_profile_sim_batch_inner_ascending_steady,ok,,full,csa_profile_sim,ascending,steady,batch-inner,4,131072,8,2048,10,30,20260803,2026-08-13T07:55:01.486384+00:00,0.07065600156784058,0.0703359991312027,0.07347200065851212,0.07106453428665797,0.001162490847526921,129.1724029307952,65536,9126805504,0.50390625,0.50390625,0.38176486347963834,0.4005014677103718,34876,1.879114577359789,20088576,0.3831591796875,"[""64K+""]",True,0.4847012460231781,2.7194544672966003,10.517928749322891,682789888,45.0,132.04,1755.0,1593.0,45.0,129.99,1755.0,1593.0
b4_h131072_q8_csa_profile_sim_batch_inner_descending_steady,ok,,full,csa_profile_sim,descending,steady,batch-inner,4,131072,8,2048,10,30,20260803,2026-08-13T08:42:15.444795+00:00,0.07027199864387512,0.0697920024394989,0.07180800288915634,0.07044479995965958,0.0006712685959805214,129.8782684444893,65536,9126805504,0.50390625,0.50390625,0.38176486347963834,0.4005014677103718,34876,1.879114577359789,20088576,0.3831591796875,"[""64K+""]",True,0.46774372458457947,2.823442220687866,10.783951729536057,682789888,43.0,101.13,1755.0,1593.0,43.0,101.08,1755.0,1593.0
b4_h16384_q1024_csa_profile_sim_batch_inner_ascending_steady,ok,,full,csa_profile_sim,ascending,steady,batch-inner,4,16384,1024,2048,10,30,20260803,2026-08-13T07:55:20.253535+00:00,2.386240005493164,2.304255962371826,2.5005760192871094,2.410422412554423,0.07089562662824615,489.5698260957459,8388608,1168231104512,0.6015625,0.6015625,0.4795130637871586,0.5716622011068981,69608,120.5121250430985,40094208,0.764736328125,"[""16K-32K""]",False,0.7759183645248413,1.7144381999969482,1162.782121449709,839123968,43.0,89.16,1755.0,1593.0,48.0,118.93,1485.0,1593.0
b4_h16384_q1024_csa_profile_sim_batch_inner_descending_steady,ok,,full,csa_profile_sim,descending,steady,batch-inner,4,16384,1024,2048,10,30,20260803,2026-08-13T08:41:55.613004+00:00,2.49452805519104,2.283423900604248,2.5244479179382324,2.4475712060928343,0.07893775689969024,468.3174847767077,8388608,1168231104512,0.6015625,0.6015625,0.4795130637871586,0.5716622011068981,69608,120.5121250430985,40094208,0.764736328125,"[""16K-32K""]",False,0.8241161704063416,1.7401129007339478,1212.5236801803112,839123968,43.0,89.18,1755.0,1593.0,49.0,119.3,1725.0,1593.0
b4_h16384_q128_csa_profile_sim_batch_inner_ascending_steady,ok,,full,csa_profile_sim,ascending,steady,batch-inner,4,16384,128,2048,10,30,20260803,2026-08-13T07:55:03.725009+00:00,0.33641600608825684,0.33446401357650757,0.34169599413871765,0.337091201543808,0.0020582293120401975,434.0723551235851,1048576,146028888064,0.6015625,0.6015625,0.4795130637871586,0.5737256910469668,65404,16.032291602960065,37672704,0.7185498046875,"[""16K-32K""]",False,0.5806908011436462,0.8836351335048676,145.78066021203995,280953856,44.0,102.18,1755.0,1593.0,45.0,106.69,1755.0,1593.0
b4_h16384_q128_csa_profile_sim_batch_inner_descending_steady,ok,,full,csa_profile_sim,descending,steady,batch-inner,4,16384,128,2048,10,30,20260803,2026-08-13T08:42:12.936250+00:00,0.33641600608825684,0.33478400111198425,0.3407360017299652,0.3372127999862035,0.0018444566660697165,434.0723551235851,1048576,146028888064,0.6015625,0.6015625,0.4795130637871586,0.5737256910469668,65404,16.032291602960065,37672704,0.7185498046875,"[""16K-32K""]",False,0.5725808441638947,0.8948966860771179,145.09236067533493,280953856,43.0,109.34,1755.0,1593.0,43.0,108.57,1755.0,1593.0
b4_h16384_q2_csa_profile_sim_batch_inner_ascending_steady,ok,,full,csa_profile_sim,ascending,steady,batch-inner,4,16384,2,2048,30,100,20260803,2026-08-13T08:53:25.090188+00:00,0.07065600156784058,0.07017599791288376,0.07145600020885468,0.07075008034706115,0.0006884366890984706,32.2931007326988,16384,2281701376,0.6015625,0.6015625,0.4795130637871587,0.5709393346379648,11456,1.4301675977653632,6598656,0.125859375,"[""16K-32K""]",False,0.4292987287044525,0.7486231625080109,4.168372601270676,227344384,40.0,86.99,1755.0,1593.0,40.0,87.18,1755.0,1593.0
b4_h16384_q2_csa_profile_sim_batch_inner_descending_steady,ok,,full,csa_profile_sim,descending,steady,batch-inner,4,16384,2,2048,30,100,20260803,2026-08-13T08:53:58.765401+00:00,0.07068800181150436,0.07004799693822861,0.07126399874687195,0.07071359999477864,0.0005597347441360169,32.278481744106344,16384,2281701376,0.6015625,0.6015625,0.4795130637871587,0.5709393346379648,11456,1.4301675977653632,6598656,0.125859375,"[""16K-32K""]",False,0.35369768738746643,0.6692931056022644,3.8905590772628784,227344384,57.0,250.44,1755.0,1593.0,56.0,242.39,1755.0,1593.0
b4_h16384_q32_csa_profile_sim_batch_inner_ascending_steady,ok,,full,csa_profile_sim,ascending,steady,batch-inner,4,16384,32,2048,10,30,20260803,2026-08-13T07:55:02.128026+00:00,0.14787200093269348,0.14496000111103058,0.15062400698661804,0.14785920083522797,0.0014369298116655002,246.8839387154631,262144,36507222016,0.6015625,0.6015625,0.4795130637871587,0.5751284246575342,51176,5.122401125527591,29477376,0.562236328125,"[""16K-32K""]",False,0.47433748841285706,0.6943605840206146,38.32916170358658,240108544,45.0,98.89,1755.0,1593.0,45.0,99.29,1755.0,1593.0
b4_h16384_q32_csa_profile_sim_batch_inner_descending_steady,ok,,full,csa_profile_sim,descending,steady,batch-inner,4,16384,32,2048,10,30,20260803,2026-08-13T08:42:14.710565+00:00,0.14697599411010742,0.14496000111103058,0.14924800395965576,0.1470208004117012,0.0013629301815083305,248.38901234885014,262144,36507222016,0.6015625,0.6015625,0.4795130637871587,0.5751284246575342,51176,5.122401125527591,29477376,0.562236328125,"[""16K-32K""]",False,0.45734643936157227,0.6819218397140503,38.307446986436844,240108544,43.0,104.5,1755.0,1593.0,43.0,104.86,1755.0,1593.0
b4_h16384_q4096_csa_profile_sim_batch_inner_ascending_steady,ok,,full,csa_profile_sim,ascending,steady,batch-inner,4,16384,4096,2048,10,30,20260803,2026-08-13T07:55:41.566411+00:00,9.664352416992188,9.617088317871094,10.029952049255371,9.697221374511718,0.11623000753463572,483.5217318681289,33554432,4672924418048,0.6015625,0.6015625,0.4795130637871586,0.5664283468765289,81900,409.7000244200244,47174400,0.8997802734375,"[""16K-32K""]",False,0.8274652063846588,6.018303334712982,4582.2516195476055,2472543232,43.0,91.48,1755.0,1593.0,53.0,210.04,1605.0,1593.0
b4_h16384_q4096_csa_profile_sim_batch_inner_descending_steady,ok,,full,csa_profile_sim,descending,steady,batch-inner,4,16384,4096,2048,10,30,20260803,2026-08-13T08:41:30.010533+00:00,9.664383888244629,9.632767677307129,9.676351547241211,9.660863971710205,0.018107284062088808,483.5201573203191,33554432,4672924418048,0.6015625,0.6015625,0.4795130637871586,0.5664283468765289,81900,409.7000244200244,47174400,0.8997802734375,"[""16K-32K""]",False,0.899389386177063,6.0757361352443695,4610.006079077721,2472543232,43.0,90.95,1755.0,1593.0,54.0,207.79,1680.0,1593.0
b4_h16384_q512_csa_profile_sim_batch_inner_ascending_steady,ok,,full,csa_profile_sim,ascending,steady,batch-inner,4,16384,512,2048,10,30,20260803,2026-08-13T07:55:09.790545+00:00,1.1658879518508911,1.1604479551315308,1.2300159931182861,1.172759473323822,0.018500549186374875,501.0048790097664,4194304,584115552256,0.6015625,0.6015625,0.4795130637871586,0.5733052531800391,67580,62.06427937259544,38926080,0.7424560546875,"[""16K-32K""]",False,0.6604716181755066,1.1446475982666016,598.1825143098831,628098048,43.0,103.77,1755.0,1593.0,46.0,120.12,1680.0,1593.0
b4_h16384_q512_csa_profile_sim_batch_inner_descending_steady,ok,,full,csa_profile_sim,descending,steady,batch-inner,4,16384,512,2048,10,30,20260803,2026-08-13T08:42:06.641141+00:00,1.165727972984314,1.1597440242767334,1.2355519533157349,1.1845119992891948,0.030664865564925144,501.07363449522364,4194304,584115552256,0.6015625,0.6015625,0.4795130637871586,0.5733052531800391,67580,62.06427937259544,38926080,0.7424560546875,"[""16K-32K""]",False,0.6368458271026611,1.1404827237129211,588.7869335711002,628098048,43.0,106.06,1755.0,1593.0,47.0,123.03,1680.0,1593.0
b4_h16384_q8_csa_profile_sim_batch_inner_ascending_steady,ok,,full,csa_profile_sim,ascending,steady,batch-inner,4,16384,8,2048,10,30,20260803,2026-08-13T07:55:01.231490+00:00,0.06963200122117996,0.06915199756622314,0.07340800017118454,0.06998506660262743,0.0012617226117155084,131.07199770130833,65536,9126805504,0.6015625,0.6015625,0.4795130637871587,0.5573630136986301,25948,2.525666718051488,14946048,0.2850732421875,"[""16K-32K""]",False,0.47043710947036743,0.6627887487411499,11.346030980348587,229897216,46.0,157.56,1755.0,1593.0,46.0,156.5,1755.0,1593.0
b4_h16384_q8_csa_profile_sim_batch_inner_descending_steady,ok,,full,csa_profile_sim,descending,steady,batch-inner,4,16384,8,2048,10,30,20260803,2026-08-13T08:42:15.677427+00:00,0.0689919963479042,0.06844799965620041,0.06969600170850754,0.06913173347711563,0.0006415166717424029,132.2878882642631,65536,9126805504,0.6015625,0.6015625,0.4795130637871587,0.5573630136986301,25948,2.525666718051488,14946048,0.2850732421875,"[""16K-32K""]",False,0.4536770284175873,0.6152689456939697,11.639446020126343,229897216,42.0,98.75,1755.0,1593.0,42.0,97.99,1755.0,1593.0
b4_h2048_q1024_csa_profile_sim_batch_inner_ascending_steady,ok,,full,csa_profile_sim,ascending,steady,batch-inner,4,2048,1024,2048,10,30,20260803,2026-08-13T07:55:14.337152+00:00,2.2626240253448486,2.1507840156555176,2.322688102722168,2.2626474698384604,0.05355963133048469,516.3169361882599,8388608,1168231104512,0.8476906158357771,0.8476906158357771,0.722527752539372,0.9692354146281801,12276,683.3339850114044,7070976,0.1348681640625,"[""2K-8K""]",False,0.7766261696815491,1.6168877482414246,3779.128771275282,806093824,42.0,88.11,1755.0,1593.0,46.0,116.41,1650.0,1593.0
b4_h2048_q1024_csa_profile_sim_batch_inner_descending_steady,ok,,full,csa_profile_sim,descending,steady,batch-inner,4,2048,1024,2048,10,30,20260803,2026-08-13T08:41:59.119520+00:00,2.221280097961426,2.1455678939819336,2.3719680309295654,2.248691209157308,0.10094342730320173,525.9269668801072,8388608,1168231104512,0.8476906158357771,0.8476906158357771,0.722527752539372,0.9692354146281801,12276,683.3339850114044,7070976,0.1348681640625,"[""2K-8K""]",False,0.8164867758750916,1.4403238892555237,3538.664396852255,806093824,42.0,88.83,1755.0,1593.0,48.0,117.0,1695.0,1593.0
b4_h2048_q128_csa_profile_sim_batch_inner_ascending_steady,ok,,full,csa_profile_sim,ascending,steady,batch-inner,4,2048,128,2048,10,30,20260803,2026-08-13T07:55:02.897465+00:00,0.3192319869995117,0.3168320059776306,0.32470399141311646,0.3200095981359482,0.002312297225752151,457.4381453329217,1048576,146028888064,0.968996062992126,0.968996062992126,0.722527752539372,0.9973359527886496,8704,120.47058823529412,5013504,0.095625,"[""2K-8K""]",False,0.5724094808101654,0.4951208829879761,362.3873144388199,152077312,44.0,101.0,1755.0,1593.0,45.0,102.45,1755.0,1593.0
b4_h2048_q128_csa_profile_sim_batch_inner_descending_steady,ok,,full,csa_profile_sim,descending,steady,batch-inner,4,2048,128,2048,10,30,20260803,2026-08-13T08:42:13.565027+00:00,0.3189760148525238,0.3171199858188629,0.3240320086479187,0.31951466798782346,0.0022959294779469185,457.805230689572,1048576,146028888064,0.968996062992126,0.968996062992126,0.722527752539372,0.9973359527886496,8704,120.47058823529412,5013504,0.095625,"[""2K-8K""]",False,0.5314312875270844,0.48683956265449524,346.9935841858387,152077312,43.0,99.56,1755.0,1593.0,43.0,103.79,1755.0,1593.0
b4_h2048_q2_csa_profile_sim_batch_inner_ascending_steady,ok,,full,csa_profile_sim,ascending,steady,batch-inner,4,2048,2,2048,30,100,20260803,2026-08-13T08:53:23.334113+00:00,0.0711359977722168,0.070592001080513,0.07209599763154984,0.07140575990080833,0.0010848167114356228,32.075200284758665,16384,2281701376,1.0,1.0,0.722527752539372,1.0,8192,2.0,4718592,0.09,"[""2K-8K""]",False,0.5518980324268341,0.6495974957942963,1374.3497282266617,29163520,40.0,86.4,1755.0,1593.0,40.0,86.57,1755.0,1593.0
b4_h2048_q2_csa_profile_sim_batch_inner_descending_steady,ok,,full,csa_profile_sim,descending,steady,batch-inner,4,2048,2,2048,30,100,20260803,2026-08-13T08:53:58.989828+00:00,0.07052800059318542,0.06998399645090103,0.07148800045251846,0.07074848018586635,0.001114766541036977,32.35170934677628,16384,2281701376,1.0,1.0,0.722527752539372,1.0,8192,2.0,4718592,0.09,"[""2K-8K""]",False,0.3346838057041168,0.4013180732727051,24.3232361972332,29163520,55.0,180.6,1755.0,1593.0,55.0,174.98,1755.0,1593.0
b4_h2048_q32_csa_profile_sim_batch_inner_ascending_steady,ok,,full,csa_profile_sim,ascending,steady,batch-inner,4,2048,32,2048,10,30,20260803,2026-08-13T07:55:01.695690+00:00,0.13628800213336945,0.13439999520778656,0.13868799805641174,0.13641813397407532,0.0015347526336855685,267.8682014890391,262144,36507222016,0.9924395161290323,0.9924395161290323,0.722527752539372,0.9982723825831703,8320,31.50769230769231,4792320,0.09140625,"[""2K-8K""]",False,0.3741048276424408,0.39842352271080017,53.898680955171585,41927680,45.0,110.68,1755.0,1593.0,45.0,105.88,1755.0,1593.0
b4_h2048_q32_csa_profile_sim_batch_inner_descending_steady,ok,,full,csa_profile_sim,descending,steady,batch-inner,4,2048,32,2048,10,30,20260803,2026-08-13T08:42:15.152946+00:00,0.13568000495433807,0.13366399705410004,0.13833600282669067,0.1357365330060323,0.0012749678407498954,269.06854866556193,262144,36507222016,0.9924395161290323,0.9924395161290323,0.722527752539372,0.9982723825831703,8320,31.50769230769231,4792320,0.09140625,"[""2K-8K""]",False,0.3617815673351288,0.41211023926734924,46.84903845191002,41927680,42.0,99.08,1755.0,1593.0,42.0,98.93,1755.0,1593.0
b4_h2048_q4096_csa_profile_sim_batch_inner_ascending_steady,ok,,full,csa_profile_sim,ascending,steady,batch-inner,4,2048,4096,2048,10,30,20260803,2026-08-13T07:55:28.434222+00:00,9.041024208068848,8.870816230773926,9.229120254516602,9.013517888387044,0.10568359006405471,516.8578592984579,33554432,4672924418048,0.8212912087912088,0.8212912087912088,0.722527752539372,0.8931476272015656,24564,1366.0003256798568,14148864,0.2698681640625,"[""2K-8K""]",False,0.8608736097812653,5.429767072200775,5627.725511789322,2438988800,43.0,90.7,1755.0,1593.0,51.0,200.23,1680.0,1593.0
b4_h2048_q4096_csa_profile_sim_batch_inner_descending_steady,ok,,full,csa_profile_sim,descending,steady,batch-inner,4,2048,4096,2048,10,30,20260803,2026-08-13T08:41:42.296162+00:00,9.115039825439453,8.893471717834473,9.749343872070312,9.241117858886719,0.2872494409500222,512.6608887660796,33554432,4672924418048,0.8212912087912088,0.8212912087912088,0.722527752539372,0.8931476272015656,24564,1366.0003256798568,14148864,0.2698681640625,"[""2K-8K""]",False,0.8644275367259979,5.707163363695145,5776.728738099337,2438988800,44.0,90.87,1755.0,1593.0,53.0,199.29,1665.0,1593.0
b4_h2048_q512_csa_profile_sim_batch_inner_ascending_steady,ok,,full,csa_profile_sim,ascending,steady,batch-inner,4,2048,512,2048,10,30,20260803,2026-08-13T07:55:05.354833+00:00,1.0784640312194824,1.0712319612503052,1.1503360271453857,1.0964149395624796,0.030949582184017273,541.6180190965723,4194304,584115552256,0.8829500978473581,0.8829500978473581,0.722527752539372,0.9928019126100782,10240,409.6,5898240,0.1125,"[""2K-8K""]",False,0.6644651293754578,0.9257346391677856,3090.8214040100574,594150400,42.0,88.1,1755.0,1593.0,42.0,103.56,1680.0,1593.0
b4_h2048_q512_csa_profile_sim_batch_inner_descending_steady,ok,,full,csa_profile_sim,descending,steady,batch-inner,4,2048,512,2048,10,30,20260803,2026-08-13T08:42:08.388562+00:00,1.0887680053710938,1.0865600109100342,1.1292799711227417,1.0967402696609496,0.01381361007106699,536.4922089687152,4194304,584115552256,0.8829500978473581,0.8829500978473581,0.722527752539372,0.9928019126100782,10240,409.6,5898240,0.1125,"[""2K-8K""]",False,0.5891844630241394,0.8196234703063965,3021.9935290515423,594150400,42.0,87.64,1755.0,1593.0,43.0,103.37,1740.0,1593.0
b4_h2048_q8_csa_profile_sim_batch_inner_ascending_steady,ok,,full,csa_profile_sim,ascending,steady,batch-inner,4,2048,8,2048,30,100,20260803,2026-08-13T08:53:25.399736+00:00,0.06911999732255936,0.06851200014352798,0.07238399982452393,0.07066655986011028,0.008296816289797598,132.0429088185337,65536,9126805504,0.9983258928571429,0.9983258928571429,0.722527752539372,0.99926614481409,8224,7.968871595330739,4737024,0.0903515625,"[""2K-8K""]",False,0.41539594531059265,0.43388456106185913,20.59430256485939,31716352,40.0,88.92,1755.0,1593.0,40.0,89.46,1755.0,1593.0
b4_h2048_q8_csa_profile_sim_batch_inner_descending_steady,ok,,full,csa_profile_sim,descending,steady,batch-inner,4,2048,8,2048,30,100,20260803,2026-08-13T08:53:58.349278+00:00,0.06995200365781784,0.06806399673223495,0.070592001080513,0.06979167997837067,0.0010457633127177064,130.47239573930327,65536,9126805504,0.9983258928571429,0.9983258928571429,0.722527752539372,0.99926614481409,8224,7.968871595330739,4737024,0.0903515625,"[""2K-8K""]",False,0.5261488258838654,0.45603886246681213,12.366585433483124,31716352,60.0,272.46,1740.0,1593.0,60.0,269.76,1740.0,1593.0
b4_h262144_q1024_csa_profile_sim_batch_inner_ascending_steady,ok,,full,csa_profile_sim,ascending,steady,batch-inner,4,262144,1024,2048,10,30,20260803,2026-08-13T07:55:25.639872+00:00,2.654911994934082,2.5190720558166504,2.7498559951782227,2.6514304240544635,0.08301591076848733,440.02630096256945,8388608,1168231104512,0.50390625,0.50390625,0.3817648634796384,0.40662504968811153,861908,9.732602551548425,496459008,9.4692041015625,"[""64K+""]",True,0.8536539971828461,6.345946341753006,1142.9909877479076,1405355008,44.0,88.08,1755.0,1593.0,48.0,123.28,1665.0,1593.0
b4_h262144_q1024_csa_profile_sim_batch_inner_descending_steady,ok,,full,csa_profile_sim,descending,steady,batch-inner,4,262144,1024,2048,10,30,20260803,2026-08-13T08:41:49.960478+00:00,2.6747519969940186,2.515968084335327,2.7655680179595947,2.6843754529953,0.07488571223934114,436.7624010842499,8388608,1168231104512,0.50390625,0.50390625,0.3817648634796384,0.40662504968811153,861908,9.732602551548425,496459008,9.4692041015625,"[""64K+""]",True,0.8389391005039215,6.658550351858139,1148.0927467346191,1405355008,44.0,89.61,1755.0,1593.0,49.0,123.42,1485.0,1593.0
b4_h262144_q128_csa_profile_sim_batch_inner_ascending_steady,ok,,full,csa_profile_sim,ascending,steady,batch-inner,4,262144,128,2048,10,30,20260803,2026-08-13T07:55:04.806417+00:00,0.3688960075378418,0.36508798599243164,0.3714880049228668,0.368708265821139,0.0017764630258210606,395.8538045414335,1048576,146028888064,0.50390625,0.50390625,0.3817648634796384,0.4056040545499021,283708,3.6959690949849846,163415808,3.1169091796875,"[""64K+""]",True,0.6585791707038879,5.469996482133865,142.13097095489502,1034454016,44.0,107.42,1755.0,1593.0,44.0,112.32,1755.0,1593.0
b4_h262144_q128_csa_profile_sim_batch_inner_descending_steady,ok,,full,csa_profile_sim,descending,steady,batch-inner,4,262144,128,2048,10,30,20260803,2026-08-13T08:42:11.911991+00:00,0.36899200081825256,0.3662720024585724,0.3733760118484497,0.36929066677888234,0.0023383118266640966,395.75082316195443,1048576,146028888064,0.50390625,0.50390625,0.3817648634796384,0.4056040545499021,283708,3.6959690949849846,163415808,3.1169091796875,"[""64K+""]",True,0.6541647017002106,5.637887865304947,154.86260503530502,1034454016,43.0,112.72,1755.0,1593.0,43.0,117.15,1755.0,1593.0
b4_h262144_q2_csa_profile_sim_batch_inner_ascending_steady,ok,,full,csa_profile_sim,ascending,steady,batch-inner,4,262144,2,2048,10,30,20260803,2026-08-13T07:55:00.382057+00:00,0.07052800059318542,0.06611199676990509,0.07231999933719635,0.07040533249576887,0.0017266580385593504,32.35170934677628,16384,2281701376,0.50390625,0.50390625,0.38176486347963834,0.41364970645792565,12256,1.3368146214099217,7059456,0.1346484375,"[""64K+""]",True,0.8941590785980225,12.39345595240593,7.1320123970508575,982296064,47.0,154.12,1755.0,1593.0,48.0,161.04,1755.0,1593.0
b4_h262144_q2_csa_profile_sim_batch_inner_descending_steady,ok,,full,csa_profile_sim,descending,steady,batch-inner,4,262144,2,2048,10,30,20260803,2026-08-13T08:42:16.164510+00:00,0.07062400132417679,0.07046400010585785,0.07475200295448303,0.0711594671010971,0.0012684256760766275,32.3077329692293,16384,2281701376,0.50390625,0.50390625,0.38176486347963834,0.41364970645792565,12256,1.3368146214099217,7059456,0.1346484375,"[""64K+""]",True,0.420205295085907,5.483612418174744,4.124060273170471,982296064,42.0,99.31,1755.0,1593.0,42.0,96.06,1755.0,1593.0
b4_h262144_q32_csa_profile_sim_batch_inner_ascending_steady,ok,,full,csa_profile_sim,ascending,steady,batch-inner,4,262144,32,2048,10,30,20260803,2026-08-13T07:55:02.596289+00:00,0.1563200056552887,0.15436799824237823,0.15824000537395477,0.15637226700782775,0.0015059616718290881,233.5415858191844,262144,36507222016,0.50390625,0.50390625,0.38176486347963834,0.40655577299412915,107264,2.443914081145585,61784064,1.1784375,"[""64K+""]",True,0.5260519683361053,5.19169494509697,37.346601486206055,994714624,44.0,98.92,1755.0,1593.0,44.0,99.65,1755.0,1593.0
b4_h262144_q32_csa_profile_sim_batch_inner_descending_steady,ok,,full,csa_profile_sim,descending,steady,batch-inner,4,262144,32,2048,10,30,20260803,2026-08-13T08:42:14.185963+00:00,0.15587200224399567,0.15433600544929504,0.15760000050067902,0.15587200075387955,0.001168766156308308,234.21282520547265,262144,36507222016,0.50390625,0.50390625,0.38176486347963834,0.40655577299412915,107264,2.443914081145585,61784064,1.1784375,"[""64K+""]",True,0.5558989942073822,5.501739680767059,37.8962941467762,994714624,43.0,104.25,1755.0,1593.0,43.0,105.21,1755.0,1593.0
b4_h262144_q4096_csa_profile_sim_batch_inner_ascending_steady,ok,,full,csa_profile_sim,ascending,steady,batch-inner,4,262144,4096,2048,10,30,20260803,2026-08-13T07:56:01.667576+00:00,10.815936088562012,10.627615928649902,10.8853120803833,10.768186696370442,0.09393801595553276,432.04068328303794,33554432,4672924418048,0.50390625,0.50390625,0.3817648634796384,0.40714426656525193,1063096,31.562936931377788,612343296,11.679521484375,"[""64K+""]",True,0.9320005774497986,10.618451982736588,4629.599839448929,3038774272,45.0,91.72,1755.0,1593.0,54.0,222.72,1410.0,1593.0
b4_h262144_q4096_csa_profile_sim_batch_inner_descending_steady,ok,,full,csa_profile_sim,descending,steady,batch-inner,4,262144,4096,2048,10,30,20260803,2026-08-13T08:41:09.335066+00:00,10.965408325195312,10.567487716674805,11.28435230255127,10.919873015085857,0.23860872359329627,426.1514281516522,33554432,4672924418048,0.50390625,0.50390625,0.3817648634796384,0.40714426656525193,1063096,31.562936931377788,612343296,11.679521484375,"[""64K+""]",True,1.017346978187561,10.856956243515015,4600.659903138876,3038774272,44.0,91.96,1755.0,1593.0,51.0,221.38,1575.0,1593.0
b4_h262144_q512_csa_profile_sim_batch_inner_ascending_steady,ok,,full,csa_profile_sim,ascending,steady,batch-inner,4,262144,512,2048,10,30,20260803,2026-08-13T07:55:12.765423+00:00,1.2727359533309937,1.2595839500427246,1.3401919603347778,1.2885536074638366,0.030861398970687185,458.94480369416596,4194304,584115552256,0.50390625,0.50390625,0.3817648634796384,0.40681950220156554,633836,6.617333190288971,365089536,6.9635302734375,"[""64K+""]",True,0.7210038602352142,5.656074732542038,575.6786093115807,1194329088,43.0,111.28,1755.0,1593.0,43.0,129.9,1620.0,1593.0
b4_h262144_q512_csa_profile_sim_batch_inner_descending_steady,ok,,full,csa_profile_sim,descending,steady,batch-inner,4,262144,512,2048,10,30,20260803,2026-08-13T08:42:03.598814+00:00,1.297376036643982,1.2700480222702026,1.3594239950180054,1.2979168017705283,0.024492250342512074,450.2284116230285,4194304,584115552256,0.50390625,0.50390625,0.3817648634796384,0.40681950220156554,633836,6.617333190288971,365089536,6.9635302734375,"[""64K+""]",True,0.677797943353653,6.085164844989777,711.7895670235157,1194329088,43.0,109.41,1755.0,1593.0,46.0,125.9,1545.0,1593.0
b4_h262144_q8_csa_profile_sim_batch_inner_ascending_steady,ok,,full,csa_profile_sim,ascending,steady,batch-inner,4,262144,8,2048,10,30,20260803,2026-08-13T07:55:01.553138+00:00,0.07056000083684921,0.0700799971818924,0.07430399954319,0.0710250660777092,0.001496965554332365,129.34814903281043,65536,9126805504,0.50390625,0.50390625,0.38176486347963834,0.4187866927592955,34792,1.8836514141181881,20040192,0.382236328125,"[""64K+""]",True,0.5209669470787048,5.127768963575363,10.733991861343384,984779776,45.0,127.08,1755.0,1593.0,45.0,120.55,1755.0,1593.0
b4_h262144_q8_csa_profile_sim_batch_inner_descending_steady,ok,,full,csa_profile_sim,descending,steady,batch-inner,4,262144,8,2048,10,30,20260803,2026-08-13T08:42:15.375043+00:00,0.07023999840021133,0.06969600170850754,0.07443200051784515,0.07075626676281294,0.0017007181012563717,129.937438950348,65536,9126805504,0.50390625,0.50390625,0.38176486347963834,0.4187866927592955,34792,1.8836514141181881,20040192,0.382236328125,"[""64K+""]",True,0.5091652274131775,5.404006689786911,11.521399021148682,984779776,43.0,101.96,1755.0,1593.0,43.0,101.93,1755.0,1593.0
b4_h32768_q1024_csa_profile_sim_batch_inner_ascending_steady,ok,,full,csa_profile_sim,ascending,steady,batch-inner,4,32768,1024,2048,10,30,20260803,2026-08-13T07:55:21.615007+00:00,2.484127998352051,2.385472059249878,2.621311902999878,2.5280842701594035,0.07441463342966047,470.27814399539574,8388608,1168231104512,0.5703125,0.5703125,0.432384490611313,0.5016449631543543,135144,62.07162730124904,77842944,1.484736328125,"[""32K-64K""]",False,0.8420944213867188,2.0947158336639404,1054.3443001806736,876872704,43.0,89.02,1755.0,1593.0,48.0,120.92,1650.0,1593.0
b4_h32768_q1024_csa_profile_sim_batch_inner_descending_steady,ok,,full,csa_profile_sim,descending,steady,batch-inner,4,32768,1024,2048,10,30,20260803,2026-08-13T08:41:54.193493+00:00,2.47542405128479,2.436863899230957,2.6097919940948486,2.5100128014882404,0.07524554173016844,471.9317096017011,8388608,1168231104512,0.5703125,0.5703125,0.432384490611313,0.5016449631543543,135144,62.07162730124904,77842944,1.484736328125,"[""32K-64K""]",False,0.796973705291748,1.9965581595897675,1132.0922300219536,876872704,44.0,89.38,1755.0,1593.0,46.0,121.9,1695.0,1593.0
b4_h32768_q128_csa_profile_sim_batch_inner_ascending_steady,ok,,full,csa_profile_sim,ascending,steady,batch-inner,4,32768,128,2048,10,30,20260803,2026-08-13T07:55:03.998809+00:00,0.3477439880371094,0.3455680012702942,0.3529280126094818,0.34844480256239574,0.0024683684711707624,419.93217161935974,1048576,146028888064,0.5703125,0.5703125,0.432384490611313,0.4978634112035225,124336,8.433406254021362,71617536,1.36599609375,"[""32K-64K""]",False,0.6227493286132812,1.1927075684070587,137.68595084547997,505971712,44.0,107.05,1755.0,1593.0,44.0,111.82,1755.0,1593.0
b4_h32768_q128_csa_profile_sim_batch_inner_descending_steady,ok,,full,csa_profile_sim,descending,steady,batch-inner,4,32768,128,2048,10,30,20260803,2026-08-13T08:42:12.671798+00:00,0.34860798716545105,0.34675198793411255,0.35280001163482666,0.34935359954833983,0.001899521526094903,418.8914007718761,1048576,146028888064,0.5703125,0.5703125,0.432384490611313,0.4978634112035225,124336,8.433406254021362,71617536,1.36599609375,"[""32K-64K""]",False,0.5773268640041351,1.1899694800376892,140.10319858789444,505971712,43.0,111.27,1755.0,1593.0,44.0,110.63,1755.0,1593.0
b4_h32768_q2_csa_profile_sim_batch_inner_ascending_steady,ok,,full,csa_profile_sim,ascending,steady,batch-inner,4,32768,2,2048,30,100,20260803,2026-08-13T08:53:25.155881+00:00,0.07072000205516815,0.07017599791288376,0.0713919997215271,0.07079328037798405,0.0008319668512132951,32.263875985468175,16384,2281701376,0.5703125,0.5703125,0.43238449061131295,0.475293542074364,11712,1.3989071038251366,6746112,0.128671875,"[""32K-64K""]",False,0.4129447042942047,1.0001957416534424,3.8051865994930267,453813760,40.0,87.36,1755.0,1593.0,40.0,87.54,1755.0,1593.0
b4_h32768_q2_csa_profile_sim_batch_inner_descending_steady,ok,,full,csa_profile_sim,descending,steady,batch-inner,4,32768,2,2048,30,100,20260803,2026-08-13T08:53:58.682840+00:00,0.07094399631023407,0.07036799937486649,0.07228799909353256,0.07107872001826764,0.000689498412752064,32.16200798757163,16384,2281701376,0.5703125,0.5703125,0.43238449061131295,0.475293542074364,11712,1.3989071038251366,6746112,0.128671875,"[""32K-64K""]",False,0.33750757575035095,0.9922683238983154,4.411265254020691,453813760,58.0,273.53,1755.0,1593.0,57.0,264.73,1755.0,1593.0
b4_h32768_q32_csa_profile_sim_batch_inner_ascending_steady,ok,,full,csa_profile_sim,ascending,steady,batch-inner,4,32768,32,2048,10,30,20260803,2026-08-13T07:55:02.241756+00:00,0.15091200172901154,0.1488959938287735,0.15296000242233276,0.150900266567866,0.0013811363287479182,241.91066050237012,262144,36507222016,0.5703125,0.5703125,0.43238449061131295,0.4898483365949119,73692,3.5572925147912935,42446592,0.8096044921875,"[""32K-64K""]",False,0.45354291796684265,0.9683743119239807,36.01185977458954,466232320,44.0,99.05,1755.0,1593.0,44.0,100.03,1755.0,1593.0
b4_h32768_q32_csa_profile_sim_batch_inner_descending_steady,ok,,full,csa_profile_sim,descending,steady,batch-inner,4,32768,32,2048,10,30,20260803,2026-08-13T08:42:14.574263+00:00,0.1510079950094223,0.14815999567508698,0.15267199277877808,0.15111466546853383,0.0013468247929077867,241.75688190365082,262144,36507222016,0.5703125,0.5703125,0.43238449061131295,0.4898483365949119,73692,3.5572925147912935,42446592,0.8096044921875,"[""32K-64K""]",False,0.4760846495628357,1.0053999722003937,36.382000893354416,466232320,43.0,102.59,1755.0,1593.0,43.0,103.95,1755.0,1593.0
b4_h32768_q4096_csa_profile_sim_batch_inner_ascending_steady,ok,,full,csa_profile_sim,ascending,steady,batch-inner,4,32768,4096,2048,10,30,20260803,2026-08-13T07:55:46.670689+00:00,10.075712203979492,9.985183715820312,10.367712020874023,10.07773224512736,0.10678628067345801,463.78105323436955,33554432,4672924418048,0.5703125,0.5703125,0.432384490611313,0.49055197280913654,147436,227.586423939879,84923136,1.6197802734375,"[""32K-64K""]",False,0.8236952126026154,6.326895207166672,4189.854182302952,2510291968,43.0,92.05,1755.0,1593.0,54.0,212.16,1545.0,1593.0
b4_h32768_q4096_csa_profile_sim_batch_inner_descending_steady,ok,,full,csa_profile_sim,descending,steady,batch-inner,4,32768,4096,2048,10,30,20260803,2026-08-13T08:41:25.141088+00:00,10.05299186706543,9.987936019897461,10.16761589050293,10.051847394307455,0.05745894849302382,464.82922495510525,33554432,4672924418048,0.5703125,0.5703125,0.432384490611313,0.49055197280913654,147436,227.586423939879,84923136,1.6197802734375,"[""32K-64K""]",False,0.9087063372135162,6.35649636387825,4306.227471679449,2510291968,44.0,94.9,1755.0,1593.0,51.0,216.91,1665.0,1593.0
b4_h32768_q512_csa_profile_sim_batch_inner_ascending_steady,ok,,full,csa_profile_sim,ascending,steady,batch-inner,4,32768,512,2048,10,30,20260803,2026-08-13T07:55:10.518776+00:00,1.205183982849121,1.195647954940796,1.2449920177459717,1.2150901357332866,0.017235979376962973,484.6691962127797,4194304,584115552256,0.5703125,0.5703125,0.432384490611313,0.5027118242416829,133092,31.51432092086677,76660992,1.4621923828125,"[""32K-64K""]",False,0.6480515003204346,1.4488846063613892,539.4967570900917,665846784,43.0,105.3,1755.0,1593.0,45.0,122.34,1650.0,1593.0
b4_h32768_q512_csa_profile_sim_batch_inner_descending_steady,ok,,full,csa_profile_sim,descending,steady,batch-inner,4,32768,512,2048,10,30,20260803,2026-08-13T08:42:05.951131+00:00,1.1942399740219116,1.1889920234680176,1.2317440509796143,1.2019584059715271,0.015603149237778904,489.11070217222755,4194304,584115552256,0.5703125,0.5703125,0.432384490611313,0.5027118242416829,133092,31.51432092086677,76660992,1.4621923828125,"[""32K-64K""]",False,0.635836273431778,1.4037229120731354,540.6019911170006,665846784,43.0,106.82,1755.0,1593.0,48.0,123.73,1650.0,1593.0
b4_h32768_q8_csa_profile_sim_batch_inner_ascending_steady,ok,,full,csa_profile_sim,ascending,steady,batch-inner,4,32768,8,2048,10,30,20260803,2026-08-13T07:55:01.295752+00:00,0.06995200365781784,0.06947200000286102,0.07107199728488922,0.07011946688095728,0.0006661670197119966,130.47239573930327,65536,9126805504,0.5703125,0.5703125,0.43238449061131295,0.48709637964774954,29356,2.232456737975201,16909056,0.3225146484375,"[""32K-64K""]",False,0.48001110553741455,0.8769966661930084,10.400548577308655,456297472,46.0,152.72,1755.0,1593.0,46.0,143.67,1755.0,1593.0
b4_h32768_q8_csa_profile_sim_batch_inner_descending_steady,ok,,full,csa_profile_sim,descending,steady,batch-inner,4,32768,8,2048,10,30,20260803,2026-08-13T08:42:15.614612+00:00,0.06943999975919724,0.06892800331115723,0.07311999797821045,0.06977813318371773,0.0011231245293986806,131.43441151569368,65536,9126805504,0.5703125,0.5703125,0.43238449061131295,0.48709637964774954,29356,2.232456737975201,16909056,0.3225146484375,"[""32K-64K""]",False,0.45734643936157227,0.8779391646385193,10.825823992490768,456297472,43.0,99.92,1755.0,1593.0,43.0,100.01,1755.0,1593.0
b4_h4096_q1024_csa_profile_sim_batch_inner_ascending_steady,ok,,full,csa_profile_sim,ascending,steady,batch-inner,4,4096,1024,2048,10,30,20260803,2026-08-13T07:55:18.347047+00:00,2.2917120456695557,2.116352081298828,2.337023973464966,2.2569760004679362,0.09024518695552554,509.7634786706743,8388608,1168231104512,0.8125,0.8125,0.722527752539372,0.8639988609955968,20464,409.9202501954652,11787264,0.22482421875,"[""2K-8K""]",False,0.7891543209552765,1.4826580882072449,620.1411448419094,811598848,43.0,119.01,1755.0,1593.0,48.0,145.18,1560.0,1593.0
b4_h4096_q1024_csa_profile_sim_batch_inner_descending_steady,ok,,full,csa_profile_sim,descending,steady,batch-inner,4,4096,1024,2048,10,30,20260803,2026-08-13T08:41:58.310389+00:00,2.2723519802093506,2.168384075164795,2.325216054916382,2.26278825600942,0.05918775293467573,514.1065797405081,8388608,1168231104512,0.8125,0.8125,0.722527752539372,0.8639988609955968,20464,409.9202501954652,11787264,0.22482421875,"[""2K-8K""]",False,0.7357411086559296,1.4522485435009003,618.276834487915,811598848,44.0,118.12,1755.0,1593.0,47.0,146.45,1650.0,1593.0
b4_h4096_q128_csa_profile_sim_batch_inner_ascending_steady,ok,,full,csa_profile_sim,ascending,steady,batch-inner,4,4096,128,2048,10,30,20260803,2026-08-13T07:55:03.351513+00:00,0.3192960023880005,0.317984014749527,0.32495999336242676,0.3198880016803741,0.0018766590786848901,457.3464339417233,1048576,146028888064,0.8125,0.8125,0.722527752539372,0.877836044520548,16880,62.119431279620855,9722880,0.18544921875,"[""2K-8K""]",False,0.5976520478725433,0.5661360919475555,80.19833266735077,156795904,44.0,101.24,1755.0,1593.0,44.0,104.96,1755.0,1593.0
b4_h4096_q128_csa_profile_sim_batch_inner_descending_steady,ok,,full,csa_profile_sim,descending,steady,batch-inner,4,4096,128,2048,10,30,20260803,2026-08-13T08:42:13.380669+00:00,0.319487988948822,0.3176000118255615,0.32156801223754883,0.31958506802717845,0.001269730269789805,457.07160555382256,1048576,146028888064,0.8125,0.8125,0.722527752539372,0.877836044520548,16880,62.119431279620855,9722880,0.18544921875,"[""2K-8K""]",False,0.5267001688480377,0.4987567663192749,79.20965924859047,156795904,43.0,107.05,1755.0,1593.0,43.0,109.76,1755.0,1593.0
b4_h4096_q2_csa_profile_sim_batch_inner_ascending_steady,ok,,full,csa_profile_sim,ascending,steady,batch-inner,4,4096,2,2048,30,100,20260803,2026-08-13T08:53:24.812128+00:00,0.07072000205516815,0.07017599791288376,0.07887999713420868,0.07231391996145248,0.00695244521895007,32.263875985468175,16384,2281701376,0.8125,0.8125,0.722527752539372,0.850293542074364,9728,1.6842105263157894,5603328,0.106875,"[""2K-8K""]",False,0.44794008135795593,0.5861446261405945,9.0738944709301,57475072,40.0,86.56,1755.0,1593.0,40.0,86.67,1755.0,1593.0
b4_h4096_q2_csa_profile_sim_batch_inner_descending_steady,ok,,full,csa_profile_sim,descending,steady,batch-inner,4,4096,2,2048,30,100,20260803,2026-08-13T08:53:58.929332+00:00,0.07062400132417679,0.07011199742555618,0.07148800045251846,0.07078688003122807,0.0008755034989939679,32.3077329692293,16384,2281701376,0.8125,0.8125,0.722527752539372,0.850293542074364,9728,1.6842105263157894,5603328,0.106875,"[""2K-8K""]",False,0.33245235681533813,0.4804246127605438,3.270544111728668,57475072,56.0,208.75,1755.0,1593.0,56.0,203.26,1755.0,1593.0
b4_h4096_q32_csa_profile_sim_batch_inner_ascending_steady,ok,,full,csa_profile_sim,ascending,steady,batch-inner,4,4096,32,2048,10,30,20260803,2026-08-13T07:55:01.828223+00:00,0.1367039978504181,0.13462400436401367,0.14009599387645721,0.13685973435640336,0.0016201113312632523,267.0530678696486,262144,36507222016,0.8125,0.8125,0.722527752539372,0.875703277886497,16280,16.102211302211302,9377280,0.178857421875,"[""2K-8K""]",False,0.43166056275367737,0.3985092043876648,23.71487021446228,70239232,45.0,97.77,1755.0,1593.0,45.0,98.11,1755.0,1593.0
b4_h4096_q32_csa_profile_sim_batch_inner_descending_steady,ok,,full,csa_profile_sim,descending,steady,batch-inner,4,4096,32,2048,10,30,20260803,2026-08-13T08:42:15.019530+00:00,0.13606399297714233,0.13433599472045898,0.13942399621009827,0.13615039984385172,0.0013681925222309619,268.309206699034,262144,36507222016,0.8125,0.8125,0.722527752539372,0.875703277886497,16280,16.102211302211302,9377280,0.178857421875,"[""2K-8K""]",False,0.47697126865386963,0.46027079224586487,28.99990975856781,70239232,42.0,98.48,1755.0,1593.0,42.0,99.61,1755.0,1593.0
b4_h4096_q4096_csa_profile_sim_batch_inner_ascending_steady,ok,,full,csa_profile_sim,ascending,steady,batch-inner,4,4096,4096,2048,10,30,20260803,2026-08-13T07:55:34.578568+00:00,9.007200241088867,8.987008094787598,9.504511833190918,9.06905393600464,0.14019934355189223,518.7987713131041,33554432,4672924418048,0.8124670902014652,0.8124670902014652,0.7224876865505949,0.8328035656953279,32736,1025.0009775171065,18855936,0.3596484375,"[""2K-8K"", ""8K-16K""]",False,0.8211098611354828,5.797397345304489,2228.135209530592,2443183104,45.0,95.56,1755.0,1593.0,55.0,199.17,1695.0,1593.0
b4_h4096_q4096_csa_profile_sim_batch_inner_descending_steady,ok,,full,csa_profile_sim,descending,steady,batch-inner,4,4096,4096,2048,10,30,20260803,2026-08-13T08:41:39.504650+00:00,9.08563232421875,9.016575813293457,9.254176139831543,9.111885801951091,0.07640471430237139,514.3202202439787,33554432,4672924418048,0.8124670902014652,0.8124670902014652,0.7224876865505949,0.8328035656953279,32736,1025.0009775171065,18855936,0.3596484375,"[""2K-8K"", ""8K-16K""]",False,0.9633190929889679,5.668945610523224,2302.2217378020287,2443183104,44.0,92.97,1755.0,1593.0,54.0,201.45,1680.0,1593.0
b4_h4096_q512_csa_profile_sim_batch_inner_ascending_steady,ok,,full,csa_profile_sim,ascending,steady,batch-inner,4,4096,512,2048,10,30,20260803,2026-08-13T07:55:08.639626+00:00,1.0773439407348633,1.0707199573516846,1.0962560176849365,1.0837493260701498,0.010428750884655209,542.1811272800876,4194304,584115552256,0.8125,0.8125,0.722527752539372,0.870440160225049,18412,227.80273734520964,10605312,0.2022802734375,"[""2K-8K""]",False,0.6622634828090668,0.8685365319252014,321.5003237128258,598868992,43.0,104.01,1755.0,1593.0,43.0,119.15,1665.0,1593.0
b4_h4096_q512_csa_profile_sim_batch_inner_descending_steady,ok,,full,csa_profile_sim,descending,steady,batch-inner,4,4096,512,2048,10,30,20260803,2026-08-13T08:42:07.913134+00:00,1.0892479419708252,1.086527943611145,1.1660159826278687,1.0985493381818137,0.02197056490341707,536.255823627386,4194304,584115552256,0.8125,0.8125,0.722527752539372,0.870440160225049,18412,227.80273734520964,10605312,0.2022802734375,"[""2K-8K""]",False,0.5940273404121399,0.8468776941299438,312.81058117747307,598868992,44.0,122.59,1755.0,1593.0,46.0,120.91,1710.0,1593.0
b4_h4096_q8_csa_profile_sim_batch_inner_ascending_steady,ok,,full,csa_profile_sim,ascending,steady,batch-inner,4,4096,8,2048,10,30,20260803,2026-08-13T07:55:00.996273+00:00,0.0695360004901886,0.069023996591568,0.0711359977722168,0.06972373276948929,0.0007739208857886603,131.25295443599427,65536,9126805504,0.8125,0.8125,0.722527752539372,0.8687622309197651,13648,4.801875732708089,7861248,0.14994140625,"[""2K-8K""]",False,0.5433373153209686,0.5818083882331848,7.768694311380386,60027904,47.0,167.73,1755.0,1593.0,47.0,164.35,1755.0,1593.0
b4_h4096_q8_csa_profile_sim_batch_inner_descending_steady,ok,,full,csa_profile_sim,descending,steady,batch-inner,4,4096,8,2048,10,30,20260803,2026-08-13T08:42:15.931230+00:00,0.0689919963479042,0.06860800087451935,0.07311999797821045,0.06940800001223882,0.0011849501130665114,132.2878882642631,65536,9126805504,0.8125,0.8125,0.722527752539372,0.8687622309197651,13648,4.801875732708089,7861248,0.14994140625,"[""2K-8K""]",False,0.3398805856704712,0.4932619631290436,7.978007197380066,60027904,42.0,97.74,1755.0,1593.0,42.0,97.78,1755.0,1593.0
b4_h524288_q1024_csa_profile_sim_batch_inner_ascending_steady,ok,,full,csa_profile_sim,ascending,steady,batch-inner,4,524288,1024,2048,10,30,20260803,2026-08-13T07:55:27.044764+00:00,2.6440000534057617,2.5392000675201416,2.761568069458008,2.6489205519358316,0.08874511501163694,441.8423150208301,8388608,1168231104512,0.50390625,0.50390625,0.3817648634796384,0.4078218642979452,1157784,7.245399832784008,666883584,12.719794921875,"[""64K+""]",True,0.9029768407344818,11.11980527639389,1148.7699784338474,2009334784,44.0,89.64,1755.0,1593.0,48.0,124.43,1575.0,1593.0
b4_h524288_q1024_csa_profile_sim_batch_inner_descending_steady,ok,,full,csa_profile_sim,descending,steady,batch-inner,4,524288,1024,2048,10,30,20260803,2026-08-13T08:41:48.556113+00:00,2.7052481174468994,2.579200029373169,2.7550079822540283,2.691308792432149,0.06711973131422894,431.8388013941316,8388608,1168231104512,0.50390625,0.50390625,0.3817648634796384,0.4078218642979452,1157784,7.245399832784008,666883584,12.719794921875,"[""64K+""]",True,1.001007854938507,11.522825807332993,1171.1634621024132,2009334784,44.0,91.36,1755.0,1593.0,50.0,123.77,1665.0,1593.0
b4_h524288_q128_csa_profile_sim_batch_inner_ascending_steady,ok,,full,csa_profile_sim,ascending,steady,batch-inner,4,524288,128,2048,10,30,20260803,2026-08-13T07:55:05.058792+00:00,0.36847999691963196,0.3664959967136383,0.3880319893360138,0.37054186562697095,0.00563509197704305,396.3007199434218,1048576,146028888064,0.50390625,0.50390625,0.3817648634796384,0.40624235567514677,292280,3.5875735596003833,168353280,3.211083984375,"[""64K+""]",True,0.7915385067462921,11.612549424171448,143.18807795643806,1638433792,44.0,110.0,1755.0,1593.0,44.0,114.23,1755.0,1593.0
b4_h524288_q128_csa_profile_sim_batch_inner_descending_steady,ok,,full,csa_profile_sim,descending,steady,batch-inner,4,524288,128,2048,10,30,20260803,2026-08-13T08:42:11.621035+00:00,0.3691200017929077,0.3672640025615692,0.37296000123023987,0.36961706578731535,0.0019493538012577874,395.61358732851477,1048576,146028888064,0.50390625,0.50390625,0.3817648634796384,0.40624235567514677,292280,3.5875735596003833,168353280,3.211083984375,"[""64K+""]",True,0.7209703326225281,10.284468531608582,146.46602794528008,1638433792,43.0,105.21,1755.0,1593.0,44.0,109.81,1755.0,1593.0
b4_h524288_q2_csa_profile_sim_batch_inner_ascending_steady,ok,,full,csa_profile_sim,ascending,steady,batch-inner,4,524288,2,2048,10,30,20260803,2026-08-13T07:55:00.538790+00:00,0.06780800223350525,0.063680000603199,0.0719040036201477,0.0686016005774339,0.002391771701596989,33.649441081344335,16384,2281701376,0.50390625,0.50390625,0.38176486347963834,0.40655577299412915,12256,1.3368146214099217,7059456,0.1346484375,"[""64K+""]",True,0.9739920496940613,22.327914834022522,13.231221586465836,1586275840,49.0,173.51,1755.0,1593.0,48.0,179.32,1755.0,1593.0
b4_h524288_q2_csa_profile_sim_batch_inner_descending_steady,ok,,full,csa_profile_sim,descending,steady,batch-inner,4,524288,2,2048,10,30,20260803,2026-08-13T08:42:16.077018+00:00,0.07068800181150436,0.07011199742555618,0.07280000299215317,0.070858666797479,0.0008499938121677838,32.278481744106344,16384,2281701376,0.50390625,0.50390625,0.38176486347963834,0.40655577299412915,12256,1.3368146214099217,7059456,0.1346484375,"[""64K+""]",True,0.4323720932006836,10.027743875980377,4.171054810285568,1586275840,43.0,100.37,1755.0,1593.0,43.0,99.51,1755.0,1593.0
b4_h524288_q32_csa_profile_sim_batch_inner_ascending_steady,ok,,full,csa_profile_sim,ascending,steady,batch-inner,4,524288,32,2048,10,30,20260803,2026-08-13T07:55:02.721392+00:00,0.15727999806404114,0.1547199934720993,0.1605439931154251,0.15750399927298228,0.0017222024996933175,232.11611435253846,262144,36507222016,0.50390625,0.50390625,0.38176486347963834,0.4043236301369863,107864,2.4303196617963363,62129664,1.185029296875,"[""64K+""]",True,0.5600117146968842,10.073535144329071,37.22579777240753,1598694400,44.0,102.23,1755.0,1593.0,44.0,103.39,1755.0,1593.0
b4_h524288_q32_csa_profile_sim_batch_inner_descending_steady,ok,,full,csa_profile_sim,descending,steady,batch-inner,4,524288,32,2048,10,30,20260803,2026-08-13T08:42:14.034962+00:00,0.15702399611473083,0.15491199493408203,0.15824000537395477,0.15701973338921865,0.001073781391516992,232.49454172167233,262144,36507222016,0.50390625,0.50390625,0.38176486347963834,0.4043236301369863,107864,2.4303196617963363,62129664,1.185029296875,"[""64K+""]",True,0.563252717256546,10.029502213001251,37.776704877614975,1598694400,43.0,106.61,1755.0,1593.0,43.0,103.85,1755.0,1593.0
b4_h524288_q4096_csa_profile_sim_batch_inner_ascending_steady,ok,,full,csa_profile_sim,ascending,steady,batch-inner,4,524288,4096,2048,10,30,20260803,2026-08-13T07:56:06.888861+00:00,11.165504455566406,10.631872177124023,11.195584297180176,10.997094408671062,0.24616669800261037,418.51440180281145,33554432,4672924418048,0.50390625,0.50390625,0.3817648634796384,0.4066346050941781,2007776,16.712238815485392,1156478976,22.0580859375,"[""64K+""]",True,0.9798184037208557,15.712987631559372,4710.582412779331,3642754048,45.0,91.95,1755.0,1593.0,54.0,222.07,1410.0,1593.0
b4_h524288_q4096_csa_profile_sim_batch_inner_descending_steady,ok,,full,csa_profile_sim,descending,steady,batch-inner,4,524288,4096,2048,10,30,20260803,2026-08-13T08:41:03.987382+00:00,10.786208152770996,10.749247550964355,10.863455772399902,10.802620697021485,0.04188894082853435,433.23143331398785,33554432,4672924418048,0.50390625,0.50390625,0.3817648634796384,0.4066346050941781,2007776,16.712238815485392,1156478976,22.0580859375,"[""64K+""]",True,0.7972456514835358,14.66507837176323,4788.380991667509,3642754048,43.0,94.09,1755.0,1593.0,52.0,225.03,1590.0,1593.0
b4_h524288_q512_csa_profile_sim_batch_inner_ascending_steady,ok,,full,csa_profile_sim,ascending,steady,batch-inner,4,524288,512,2048,10,30,20260803,2026-08-13T07:55:13.537921+00:00,1.3192319869995117,1.2759040594100952,1.3400319814682007,1.3090325435002645,0.029877918869600444,442.76939765880326,4194304,584115552256,0.50390625,0.50390625,0.3817648634796384,0.4062805772994129,735172,5.705200959775399,423459072,8.0768408203125,"[""64K+""]",True,0.7158592343330383,10.596223175525665,612.0329536497593,1798308864,43.0,111.54,1755.0,1593.0,47.0,129.79,1695.0,1593.0
b4_h524288_q512_csa_profile_sim_batch_inner_descending_steady,ok,,full,csa_profile_sim,descending,steady,batch-inner,4,524288,512,2048,10,30,20260803,2026-08-13T08:42:02.890396+00:00,1.2794239521026611,1.272063970565796,1.3437440395355225,1.3048928141593934,0.03218031280823848,456.54573786588804,4194304,584115552256,0.50390625,0.50390625,0.3817648634796384,0.4062805772994129,735172,5.705200959775399,423459072,8.0768408203125,"[""64K+""]",True,0.7343441247940063,10.29927283525467,592.282522469759,1798308864,43.0,121.76,1755.0,1593.0,43.0,138.98,1530.0,1593.0
b4_h524288_q8_csa_profile_sim_batch_inner_ascending_steady,ok,,full,csa_profile_sim,ascending,steady,batch-inner,4,524288,8,2048,10,30,20260803,2026-08-13T07:55:01.621336+00:00,0.07046400010585785,0.06985600292682648,0.07132799923419952,0.07052586674690246,0.0007447557231855142,129.52437401068389,65536,9126805504,0.50390625,0.50390625,0.38176486347963834,0.4098581213307241,34932,1.8761021413031032,20120832,0.3837744140625,"[""64K+""]",True,0.5338750779628754,10.053638368844986,10.287359356880188,1588759552,46.0,120.29,1755.0,1593.0,46.0,118.78,1755.0,1593.0
b4_h524288_q8_csa_profile_sim_batch_inner_descending_steady,ok,,full,csa_profile_sim,descending,steady,batch-inner,4,524288,8,2048,10,30,20260803,2026-08-13T08:42:15.253454+00:00,0.07072000205516815,0.06976000219583511,0.07248000055551529,0.07088426674405733,0.0010466733613075424,129.0555039418727,65536,9126805504,0.50390625,0.50390625,0.38176486347963834,0.4098581213307241,34932,1.8761021413031032,20120832,0.3837744140625,"[""64K+""]",True,0.5030035972595215,9.899444878101349,11.120893061161041,1588759552,43.0,101.93,1755.0,1593.0,43.0,101.09,1755.0,1593.0
b4_h65536_q1024_csa_profile_sim_batch_inner_ascending_steady,ok,,full,csa_profile_sim,ascending,steady,batch-inner,4,65536,1024,2048,10,30,20260803,2026-08-13T07:55:22.922924+00:00,2.687743902206421,2.481247901916504,2.7226240634918213,2.6417322476704914,0.08393275904774398,434.65119707014367,8388608,1168231104512,0.50390625,0.50390625,0.3817648634796384,0.41112660148605673,266204,31.511953238869438,153333504,2.9246044921875,"[""64K+""]",False,0.8258000016212463,2.629730850458145,1127.1897330880165,952370176,43.0,88.65,1755.0,1593.0,48.0,122.0,1710.0,1593.0
b4_h65536_q1024_csa_profile_sim_batch_inner_descending_steady,ok,,full,csa_profile_sim,descending,steady,batch-inner,4,65536,1024,2048,10,30,20260803,2026-08-13T08:41:52.744736+00:00,2.7016639709472656,2.4771840572357178,2.7375359535217285,2.6700042804082234,0.07748205853900346,432.41169778134594,8388608,1168231104512,0.50390625,0.50390625,0.3817648634796384,0.41112660148605673,266204,31.511953238869438,153333504,2.9246044921875,"[""64K+""]",False,0.7703863084316254,2.7479417622089386,1158.7344072759151,952370176,44.0,89.96,1755.0,1593.0,49.0,124.36,1695.0,1593.0
b4_h65536_q128_csa_profile_sim_batch_inner_ascending_steady,ok,,full,csa_profile_sim,ascending,steady,batch-inner,4,65536,128,2048,10,30,20260803,2026-08-13T07:55:04.204730+00:00,0.3633599877357483,0.3614720106124878,0.3668479919433594,0.3637066672245661,0.001480968614242744,401.88488824531436,1048576,146028888064,0.50390625,0.50390625,0.3817648634796384,0.41053846624266144,217220,4.827253475738882,125118720,2.3864501953125,"[""64K+""]",False,0.5969516932964325,1.8351227045059204,140.905499458313,581469184,44.0,109.23,1755.0,1593.0,44.0,110.88,1755.0,1593.0
b4_h65536_q128_csa_profile_sim_batch_inner_descending_steady,ok,,full,csa_profile_sim,descending,steady,batch-inner,4,65536,128,2048,10,30,20260803,2026-08-13T08:42:12.437917+00:00,0.36508798599243164,0.3631359934806824,0.36723199486732483,0.36541653275489805,0.0017232101760609523,399.98272653931485,1048576,146028888064,0.50390625,0.50390625,0.3817648634796384,0.41053846624266144,217220,4.827253475738882,125118720,2.3864501953125,"[""64K+""]",False,0.5804896354675293,1.8390342593193054,143.78554373979568,581469184,43.0,107.3,1755.0,1593.0,43.0,110.79,1755.0,1593.0
b4_h65536_q2_csa_profile_sim_batch_inner_ascending_steady,ok,,full,csa_profile_sim,ascending,steady,batch-inner,4,65536,2,2048,30,100,20260803,2026-08-13T08:53:25.219984+00:00,0.07075200229883194,0.07017599791288376,0.07132799923419952,0.07080768033862114,0.0005383351485323309,32.24928343883307,16384,2281701376,0.50390625,0.50390625,0.38176486347963834,0.4097358121330724,12256,1.3368146214099217,7059456,0.1346484375,"[""64K+""]",False,0.3905855119228363,1.5899091958999634,3.576967865228653,529311232,40.0,87.95,1755.0,1593.0,40.0,88.2,1755.0,1593.0
b4_h65536_q2_csa_profile_sim_batch_inner_descending_steady,ok,,full,csa_profile_sim,descending,steady,batch-inner,4,65536,2,2048,30,100,20260803,2026-08-13T08:53:58.576383+00:00,0.07180800288915634,0.07123199850320816,0.07286400347948074,0.0719225599616766,0.0007658394782145109,31.775029024579066,16384,2281701376,0.50390625,0.50390625,0.38176486347963834,0.4097358121330724,12256,1.3368146214099217,7059456,0.1346484375,"[""64K+""]",False,0.34312158823013306,1.5635564923286438,3.9162859320640564,529311232,58.0,275.33,1740.0,1593.0,58.0,274.59,1740.0,1593.0
b4_h65536_q32_csa_profile_sim_batch_inner_ascending_steady,ok,,full,csa_profile_sim,ascending,steady,batch-inner,4,65536,32,2048,10,30,20260803,2026-08-13T07:55:02.336209+00:00,0.15596799552440643,0.1528960019350052,0.15750400722026825,0.1557834674914678,0.0014686034209642597,234.06867475120703,262144,36507222016,0.50390625,0.50390625,0.38176486347963834,0.41065313111545987,101736,2.5767083431626956,58599936,1.117705078125,"[""64K+""]",False,0.47525763511657715,1.5912055969238281,37.710096687078476,541729792,44.0,100.35,1755.0,1593.0,45.0,101.11,1755.0,1593.0
b4_h65536_q32_csa_profile_sim_batch_inner_descending_steady,ok,,full,csa_profile_sim,descending,steady,batch-inner,4,65536,32,2048,10,30,20260803,2026-08-13T08:42:14.477781+00:00,0.15583999454975128,0.15321600437164307,0.15750400722026825,0.15605653325716654,0.0013077440512530563,234.26092975346722,262144,36507222016,0.50390625,0.50390625,0.38176486347963834,0.41065313111545987,101736,2.5767083431626956,58599936,1.117705078125,"[""64K+""]",False,0.4614219069480896,1.5649385750293732,39.28757086396217,541729792,43.0,102.05,1755.0,1593.0,43.0,102.61,1755.0,1593.0
b4_h65536_q4096_csa_profile_sim_batch_inner_ascending_steady,ok,,full,csa_profile_sim,ascending,steady,batch-inner,4,65536,4096,2048,10,30,20260803,2026-08-13T07:55:51.362124+00:00,10.872960090637207,10.533503532409668,11.02182388305664,10.823451709747314,0.19121600563709878,429.7748156062757,33554432,4672924418048,0.50390625,0.50390625,0.3817648634796384,0.4114342855613992,278508,120.4792393755296,160420608,3.0597802734375,"[""64K+""]",False,0.8282959461212158,7.049560546875,4534.288417547941,2585789440,44.0,91.93,1755.0,1593.0,51.0,219.01,1425.0,1593.0
b4_h65536_q4096_csa_profile_sim_batch_inner_descending_steady,ok,,full,csa_profile_sim,descending,steady,batch-inner,4,65536,4096,2048,10,30,20260803,2026-08-13T08:41:19.964540+00:00,10.643232345581055,10.371904373168945,10.661888122558594,10.5851349512736,0.09881960107161418,439.05124555400164,33554432,4672924418048,0.50390625,0.50390625,0.3817648634796384,0.4114342855613992,278508,120.4792393755296,160420608,3.0597802734375,"[""64K+""]",False,0.9064003825187683,7.003109902143478,4587.191287428141,2585789440,44.0,91.26,1755.0,1593.0,50.0,221.11,1725.0,1593.0
b4_h65536_q512_csa_profile_sim_batch_inner_ascending_steady,ok,,full,csa_profile_sim,ascending,steady,batch-inner,4,65536,512,2048,10,30,20260803,2026-08-13T07:55:11.238523+00:00,1.3061439990997314,1.2465280294418335,1.3194559812545776,1.2846911986668905,0.0330028355741152,447.2060911037417,4194304,584115552256,0.50390625,0.50390625,0.3817648634796384,0.4111089239848337,263664,15.907761393288428,151870464,2.89669921875,"[""64K+""]",False,0.653393566608429,2.02130526304245,561.6108477115631,741344256,43.0,107.28,1755.0,1593.0,45.0,124.82,1695.0,1593.0
b4_h65536_q512_csa_profile_sim_batch_inner_descending_steady,ok,,full,csa_profile_sim,descending,steady,batch-inner,4,65536,512,2048,10,30,20260803,2026-08-13T08:42:05.196468+00:00,1.3082560300827026,1.2475839853286743,1.3162879943847656,1.285151998202006,0.03327187207897616,446.4841275901282,4194304,584115552256,0.50390625,0.50390625,0.3817648634796384,0.4111089239848337,263664,15.907761393288428,151870464,2.89669921875,"[""64K+""]",False,0.6848685443401337,2.09619477391243,554.949089884758,741344256,43.0,108.01,1755.0,1593.0,45.0,125.56,1725.0,1593.0
b4_h65536_q8_csa_profile_sim_batch_inner_ascending_steady,ok,,full,csa_profile_sim,ascending,steady,batch-inner,4,65536,8,2048,10,30,20260803,2026-08-13T07:55:01.418978+00:00,0.07100799679756165,0.07036799937486649,0.07289600372314453,0.0712170662979285,0.0009452644529656526,128.53207970392157,65536,9126805504,0.50390625,0.50390625,0.38176486347963834,0.4122431506849315,34636,1.8921353505023675,19950336,0.3805224609375,"[""64K+""]",False,0.48833340406417847,1.5232935547828674,10.245457291603088,531794944,45.0,139.11,1755.0,1593.0,45.0,135.13,1755.0,1593.0
b4_h65536_q8_csa_profile_sim_batch_inner_descending_steady,ok,,full,csa_profile_sim,descending,steady,batch-inner,4,65536,8,2048,10,30,20260803,2026-08-13T08:42:15.530729+00:00,0.07043199986219406,0.06972800195217133,0.07123199850320816,0.07051413332422575,0.0006069703812474,129.58322242528024,65536,9126805504,0.50390625,0.50390625,0.38176486347963834,0.4122431506849315,34636,1.8921353505023675,19950336,0.3805224609375,"[""64K+""]",False,0.42791664600372314,1.524016261100769,10.869976133108139,531794944,43.0,100.1,1755.0,1593.0,43.0,99.93,1755.0,1593.0
b4_h8192_q1024_csa_profile_sim_batch_inner_ascending_steady,ok,,full,csa_profile_sim,ascending,steady,batch-inner,4,8192,1024,2048,10,30,20260803,2026-08-13T07:55:19.155597+00:00,2.285536050796509,2.221951961517334,2.368799924850464,2.300204793612162,0.04434586462932087,511.1409658600098,8388608,1168231104512,0.677734375,0.677734375,0.5584174625084868,0.682232582405822,36844,227.67907936163283,21222144,0.4047802734375,"[""8K-16K""]",False,0.7762052118778229,1.5582852065563202,915.1729121804237,820249600,43.0,103.9,1755.0,1593.0,46.0,115.9,1635.0,1593.0
b4_h8192_q1024_csa_profile_sim_batch_inner_descending_steady,ok,,full,csa_profile_sim,descending,steady,batch-inner,4,8192,1024,2048,10,30,20260803,2026-08-13T08:41:57.092545+00:00,2.347615957260132,2.1775360107421875,2.4304959774017334,2.330788254737854,0.1006903633059781,497.624452116702,8388608,1168231104512,0.677734375,0.677734375,0.5584174625084868,0.682232582405822,36844,227.67907936163283,21222144,0.4047802734375,"[""8K-16K""]",False,0.7486604154109955,1.5297606587409973,1022.9198522865772,820249600,43.0,88.74,1755.0,1593.0,48.0,116.46,1545.0,1593.0
b4_h8192_q128_csa_profile_sim_batch_inner_ascending_steady,ok,,full,csa_profile_sim,ascending,steady,batch-inner,4,8192,128,2048,10,30,20260803,2026-08-13T07:55:03.518580+00:00,0.32627201080322266,0.3243519961833954,0.3285439908504486,0.32658666670322417,0.0015511037428199742,447.56792868779434,1048576,146028888064,0.677734375,0.677734375,0.5584174625084868,0.6855162977005871,33268,31.519057352410726,19162368,0.3654931640625,"[""8K-16K""]",False,0.5806535482406616,0.7459372282028198,116.65072292089462,167707648,44.0,103.02,1755.0,1593.0,44.0,106.29,1755.0,1593.0
b4_h8192_q128_csa_profile_sim_batch_inner_descending_steady,ok,,full,csa_profile_sim,descending,steady,batch-inner,4,8192,128,2048,10,30,20260803,2026-08-13T08:42:13.167661+00:00,0.3259519934654236,0.32550400495529175,0.3302080035209656,0.3265205333630244,0.001335791042270163,448.0073476816778,1048576,146028888064,0.677734375,0.677734375,0.5584174625084868,0.6855162977005871,33268,31.519057352410726,19162368,0.3654931640625,"[""8K-16K""]",False,0.642433762550354,0.7265843451023102,112.14232072234154,167707648,43.0,108.31,1755.0,1593.0,43.0,112.43,1755.0,1593.0
b4_h8192_q2_csa_profile_sim_batch_inner_ascending_steady,ok,,full,csa_profile_sim,ascending,steady,batch-inner,4,8192,2,2048,30,100,20260803,2026-08-13T08:53:24.950948+00:00,0.07062400132417679,0.07011199742555618,0.07142399996519089,0.07069248043000698,0.0005899995163390077,32.3077329692293,16384,2281701376,0.677734375,0.677734375,0.5584174625084867,0.6568003913894325,10832,1.5125553914327918,6239232,0.11900390625,"[""8K-16K""]",False,0.39687380194664,0.6591938436031342,3.861609846353531,114098176,40.0,86.71,1755.0,1593.0,40.0,86.92,1755.0,1593.0
b4_h8192_q2_csa_profile_sim_batch_inner_descending_steady,ok,,full,csa_profile_sim,descending,steady,batch-inner,4,8192,2,2048,30,100,20260803,2026-08-13T08:53:58.845713+00:00,0.070592001080513,0.07004799693822861,0.07142399996519089,0.07072992019355297,0.0007292870851136478,32.32237847171422,16384,2281701376,0.677734375,0.677734375,0.5584174625084867,0.6568003913894325,10832,1.5125553914327918,6239232,0.11900390625,"[""8K-16K""]",False,0.3364682197570801,0.5892179906368256,4.063364118337631,114098176,56.0,231.57,1755.0,1593.0,56.0,218.93,1755.0,1593.0
b4_h8192_q32_csa_profile_sim_batch_inner_ascending_steady,ok,,full,csa_profile_sim,ascending,steady,batch-inner,4,8192,32,2048,10,30,20260803,2026-08-13T07:55:01.998087+00:00,0.14054399728775024,0.13942399621009827,0.14259199798107147,0.14088426679372787,0.0012252697945559334,259.7565368889786,262144,36507222016,0.677734375,0.677734375,0.5584174625084867,0.6872400929549902,31596,8.296746423597924,18199296,0.3471240234375,"[""8K-16K""]",False,0.45395269989967346,0.5444586277008057,30.525822192430496,126862336,45.0,98.27,1755.0,1593.0,45.0,98.55,1755.0,1593.0
b4_h8192_q32_csa_profile_sim_batch_inner_descending_steady,ok,,full,csa_profile_sim,descending,steady,batch-inner,4,8192,32,2048,10,30,20260803,2026-08-13T08:42:14.804718+00:00,0.14211200177669525,0.14025600254535675,0.14470399916172028,0.142119466761748,0.0012421518106608671,256.89049172190863,262144,36507222016,0.677734375,0.677734375,0.5584174625084867,0.6872400929549902,31596,8.296746423597924,18199296,0.3471240234375,"[""8K-16K""]",False,0.4447363317012787,0.5261972546577454,31.703349202871323,126862336,42.0,105.48,1755.0,1593.0,42.0,101.48,1755.0,1593.0
b4_h8192_q4096_csa_profile_sim_batch_inner_ascending_steady,ok,,full,csa_profile_sim,ascending,steady,batch-inner,4,8192,4096,2048,10,30,20260803,2026-08-13T07:55:37.303509+00:00,9.300448417663574,9.211775779724121,9.45577621459961,9.32125441233317,0.07319126870499126,502.440765025168,33554432,4672924418048,0.677734375,0.677734375,0.5584174625084868,0.6757343090676982,49136,682.8889612504071,28302336,0.53982421875,"[""8K-16K""]",False,0.858992338180542,5.824737250804901,3749.27931278944,2453668864,44.0,92.6,1755.0,1593.0,51.0,204.86,1710.0,1593.0
b4_h8192_q4096_csa_profile_sim_batch_inner_descending_steady,ok,,full,csa_profile_sim,descending,steady,batch-inner,4,8192,4096,2048,10,30,20260803,2026-08-13T08:41:35.182853+00:00,9.294464111328125,9.060447692871094,9.448927879333496,9.2949418703715,0.1004638069369039,502.76426505887775,33554432,4672924418048,0.677734375,0.677734375,0.5584174625084868,0.6757343090676982,49136,682.8889612504071,28302336,0.53982421875,"[""8K-16K""]",False,0.8634217083454132,5.854189395904541,3836.0821679234505,2453668864,43.0,90.39,1755.0,1593.0,53.0,202.76,1620.0,1593.0
b4_h8192_q512_csa_profile_sim_batch_inner_ascending_steady,ok,,full,csa_profile_sim,ascending,steady,batch-inner,4,8192,512,2048,10,30,20260803,2026-08-13T07:55:09.146671+00:00,1.1106560230255127,1.1074880361557007,1.138335943222046,1.1164138595263162,0.011199356934187468,525.9194027191462,4194304,584115552256,0.677734375,0.677734375,0.5584174625084868,0.6842721838307241,34796,120.53983216461663,20042496,0.3822802734375,"[""8K-16K""]",False,0.6583109498023987,0.9535700082778931,472.81287238001823,609223680,43.0,103.85,1755.0,1593.0,48.0,118.78,1680.0,1593.0
b4_h8192_q512_csa_profile_sim_batch_inner_descending_steady,ok,,full,csa_profile_sim,descending,steady,batch-inner,4,8192,512,2048,10,30,20260803,2026-08-13T08:42:07.350925+00:00,1.1166720390319824,1.1138880252838135,1.1626559495925903,1.1220256050427755,0.014776797968609135,523.0860376537738,4194304,584115552256,0.677734375,0.677734375,0.5584174625084868,0.6842721838307241,34796,120.53983216461663,20042496,0.3822802734375,"[""8K-16K""]",False,0.608641654253006,0.9266026318073273,463.6380709707737,609223680,43.0,106.12,1755.0,1593.0,47.0,120.98,1680.0,1593.0
b4_h8192_q8_csa_profile_sim_batch_inner_ascending_steady,ok,,full,csa_profile_sim,ascending,steady,batch-inner,4,8192,8,2048,10,30,20260803,2026-08-13T07:55:01.123146+00:00,0.0695360004901886,0.06889600306749344,0.07097599655389786,0.06968106652299563,0.000722743526571122,131.25295443599427,65536,9126805504,0.677734375,0.677734375,0.5584174625084867,0.674045988258317,20912,3.13389441469013,12045312,0.22974609375,"[""8K-16K""]",False,0.49523264169692993,0.5634278059005737,9.573686867952347,117550080,46.0,160.29,1755.0,1593.0,46.0,159.1,1755.0,1593.0
b4_h8192_q8_csa_profile_sim_batch_inner_descending_steady,ok,,full,csa_profile_sim,descending,steady,batch-inner,4,8192,8,2048,10,30,20260803,2026-08-13T08:42:15.822678+00:00,0.06896000355482101,0.06835199892520905,0.0695360004901886,0.06902933369080226,0.0007099901185446709,132.3492609269441,65536,9126805504,0.677734375,0.677734375,0.5584174625084867,0.674045988258317,20912,3.13389441469013,12045312,0.22974609375,"[""8K-16K""]",False,0.49771368503570557,0.5491115152835846,9.709324687719345,117550080,42.0,97.78,1755.0,1593.0,42.0,98.02,1755.0,1593.0
b64_h131072_q1024_csa_profile_sim_batch_inner_ascending_steady,ok,,full,csa_profile_sim,ascending,steady,batch-inner,64,131072,1024,2048,10,30,20260803,2026-08-13T08:04:37.787957+00:00,50.741729736328125,48.18956756591797,51.68000030517578,50.332374572753906,1.212136087969775,368.36934352298664,134217728,18691697672192,0.50390625,0.50390625,0.3817648634796384,0.40787322460555286,8293220,16.184030810710436,4776894720,91.1120361328125,"[""64K+""]",True,1.4009065926074982,62.05297261476517,4690.856069326401,14566818816,57.0,113.84,1620.0,1593.0,70.0,342.24,1485.0,1593.0
b64_h131072_q1024_csa_profile_sim_batch_inner_descending_steady,ok,,full,csa_profile_sim,descending,steady,batch-inner,64,131072,1024,2048,10,30,20260803,2026-08-13T08:32:34.398734+00:00,50.609214782714844,48.00057601928711,51.56547164916992,50.14585418701172,1.2493525868581628,369.33388025170456,134217728,18691697672192,0.50390625,0.50390625,0.3817648634796384,0.40787322460555286,8293220,16.184030810710436,4776894720,91.1120361328125,"[""64K+""]",True,1.7450861632823944,64.16526809334755,4607.5728461146355,14566818816,53.0,114.37,1635.0,1593.0,67.0,341.62,1500.0,1593.0
b64_h131072_q128_csa_profile_sim_batch_inner_ascending_steady,ok,,full,csa_profile_sim,ascending,steady,batch-inner,64,131072,128,2048,10,30,20260803,2026-08-13T08:03:06.894080+00:00,6.215072154998779,6.1997761726379395,6.2641282081604,6.222141885757447,0.024700861546101478,375.93484850289065,16777216,2336462209024,0.50390625,0.50390625,0.3817648634796384,0.4081718310451321,4228776,3.9673929288285783,2435774976,46.458720703125,"[""64K+""]",True,0.9725764393806458,41.71106219291687,579.4069580733776,6057100288,59.0,184.11,1755.0,1593.0,65.0,184.87,1665.0,1593.0
b64_h131072_q128_csa_profile_sim_batch_inner_descending_steady,ok,,full,csa_profile_sim,descending,steady,batch-inner,64,131072,128,2048,10,30,20260803,2026-08-13T08:34:10.079041+00:00,6.112415790557861,6.040224075317383,6.252287864685059,6.153707695007324,0.09276490453182765,382.24857226389014,16777216,2336462209024,0.50390625,0.50390625,0.3817648634796384,0.4081718310451321,4228776,3.9673929288285783,2435774976,46.458720703125,"[""64K+""]",True,0.9818077087402344,44.67690363526344,674.3958555161953,6057100288,52.0,160.92,1755.0,1593.0,56.0,169.73,1680.0,1593.0
b64_h131072_q2_csa_profile_sim_batch_inner_ascending_steady,ok,,full,csa_profile_sim,ascending,steady,batch-inner,64,131072,2,2048,10,30,20260803,2026-08-13T08:02:55.129784+00:00,0.1685120016336441,0.16547200083732605,0.1717119961977005,0.16850773245096207,0.0017570447148571016,216.6446405127217,262144,36507222016,0.50390625,0.50390625,0.3817648634796384,0.4031158268101761,196096,1.3368146214099217,112951296,2.154375,"[""64K+""]",True,0.6737932562828064,39.47419673204422,18.426451832056046,5222573056,65.0,155.46,1755.0,1593.0,65.0,146.67,1755.0,1593.0
b64_h131072_q2_csa_profile_sim_batch_inner_descending_steady,ok,,full,csa_profile_sim,descending,steady,batch-inner,64,131072,2,2048,10,30,20260803,2026-08-13T08:34:22.743672+00:00,0.17078399658203125,0.16883200407028198,0.17449599504470825,0.17113920003175737,0.0017970081709453936,213.76254653031725,262144,36507222016,0.50390625,0.50390625,0.3817648634796384,0.4031158268101761,196096,1.3368146214099217,112951296,2.154375,"[""64K+""]",True,0.6684660911560059,42.31375455856323,19.666563719511032,5222573056,57.0,186.6,1755.0,1593.0,56.0,183.39,1755.0,1593.0
b64_h131072_q32_csa_profile_sim_batch_inner_ascending_steady,ok,,full,csa_profile_sim,ascending,steady,batch-inner,64,131072,32,2048,10,30,20260803,2026-08-13T08:02:59.415591+00:00,1.4781759977340698,1.4647680521011353,1.551360011100769,1.498903461297353,0.032259899463294515,395.1596786522067,4194304,584115552256,0.50390625,0.50390625,0.3817648634796384,0.4076288450954012,1692272,2.478504637552356,974748672,18.59185546875,"[""64K+""]",True,0.8479990065097809,40.263887494802475,159.54848006367683,5422187520,61.0,160.3,1740.0,1593.0,65.0,176.62,1605.0,1593.0
b64_h131072_q32_csa_profile_sim_batch_inner_descending_steady,ok,,full,csa_profile_sim,descending,steady,batch-inner,64,131072,32,2048,10,30,20260803,2026-08-13T08:34:18.427758+00:00,1.4715520143508911,1.463104009628296,1.5479999780654907,1.495912535985311,0.03542598472637272,396.9384340883501,4194304,584115552256,0.50390625,0.50390625,0.3817648634796384,0.4076288450954012,1692272,2.478504637552356,974748672,18.59185546875,"[""64K+""]",True,0.7836334407329559,42.784903198480606,194.0397247672081,5422187520,55.0,175.4,1740.0,1593.0,55.0,184.56,1485.0,1593.0
b64_h131072_q4096_csa_profile_sim_batch_inner_ascending_steady,ok,,full,csa_profile_sim,ascending,steady,batch-inner,64,131072,4096,2048,10,30,20260803,2026-08-13T08:07:32.211822+00:00,204.7216339111328,199.17689514160156,206.65353393554688,204.25484568277994,2.1162640457866804,365.2119673938484,536870912,74766790688768,0.50390625,0.50390625,0.3817648634796384,0.4078972698891,8650420,62.06298792428576,4982641920,95.0363525390625,"[""64K+""]",True,2.1673105657100677,129.86205518245697,18776.162046939135,43771757568,58.0,157.28,1710.0,1593.0,77.0,332.96,1680.0,1593.0
b64_h131072_q4096_csa_profile_sim_batch_inner_descending_steady,ok,,full,csa_profile_sim,descending,steady,batch-inner,64,131072,4096,2048,10,30,20260803,2026-08-13T08:29:19.984889+00:00,203.49200439453125,198.9757080078125,205.4688262939453,202.9748779296875,2.0277776513423285,367.41881289748267,536870912,74766790688768,0.50390625,0.50390625,0.3817648634796384,0.4078972698891,8650420,62.06298792428576,4982641920,95.0363525390625,"[""64K+""]",True,35.18558666110039,126.69790536165237,18759.00039449334,43771757568,51.0,156.32,1710.0,1593.0,75.0,340.59,1620.0,1593.0
b64_h131072_q512_csa_profile_sim_batch_inner_ascending_steady,ok,,full,csa_profile_sim,ascending,steady,batch-inner,64,131072,512,2048,10,30,20260803,2026-08-13T08:03:39.050693+00:00,24.195871353149414,23.910751342773438,25.836959838867188,24.57802562713623,0.7129592284432515,386.25799830430634,67108864,9345848836096,0.50390625,0.50390625,0.3817648634796384,0.40844272680711835,7421228,9.042824718496723,4274627328,81.5320458984375,"[""64K+""]",True,1.420188695192337,50.850264728069305,2287.395942956209,9699329024,59.0,108.36,1740.0,1593.0,68.0,365.92,1605.0,1593.0
b64_h131072_q512_csa_profile_sim_batch_inner_descending_steady,ok,,full,csa_profile_sim,descending,steady,batch-inner,64,131072,512,2048,10,30,20260803,2026-08-13T08:33:35.675834+00:00,24.801536560058594,23.69638442993164,25.69443130493164,24.670791562398275,0.740978405793576,376.8253960178797,67108864,9345848836096,0.50390625,0.50390625,0.3817648634796384,0.40844272680711835,7421228,9.042824718496723,4274627328,81.5320458984375,"[""64K+""]",True,1.1090561747550964,52.962467074394226,2283.1037901341915,9699329024,54.0,103.53,1755.0,1593.0,63.0,365.52,1395.0,1593.0
b64_h131072_q8_csa_profile_sim_batch_inner_ascending_steady,ok,,full,csa_profile_sim,ascending,steady,batch-inner,64,131072,8,2048,10,30,20260803,2026-08-13T08:02:56.694226+00:00,0.4156160056591034,0.412416011095047,0.4203200042247772,0.4162069330612818,0.002863177953347699,351.35530411640553,1048576,146028888064,0.50390625,0.50390625,0.3817648634796384,0.40714820817025443,555824,1.8865252310083767,320154624,6.10646484375,"[""64K+""]",True,0.7784850895404816,39.883553981781006,47.08262160420418,5262312448,63.0,153.99,1755.0,1593.0,63.0,157.57,1755.0,1593.0
b64_h131072_q8_csa_profile_sim_batch_inner_descending_steady,ok,,full,csa_profile_sim,descending,steady,batch-inner,64,131072,8,2048,10,30,20260803,2026-08-13T08:34:21.239525+00:00,0.4159359931945801,0.41305598616600037,0.4195519983768463,0.4160245309273402,0.001946007419238853,351.08499974342413,1048576,146028888064,0.50390625,0.50390625,0.3817648634796384,0.40714820817025443,555824,1.8865252310083767,320154624,6.10646484375,"[""64K+""]",True,0.7570832967758179,42.37492009997368,47.40206152200699,5262312448,57.0,195.18,1755.0,1593.0,58.0,196.08,1755.0,1593.0
b64_h16384_q1024_csa_profile_sim_batch_inner_ascending_steady,ok,,full,csa_profile_sim,ascending,steady,batch-inner,64,16384,1024,2048,10,30,20260803,2026-08-13T08:04:17.440404+00:00,50.403358459472656,47.8078727722168,51.49513626098633,49.918081792195636,1.2859129954583315,370.8423058201817,134217728,18691697672192,0.6015625,0.6015625,0.4795130637871586,0.5724432659709058,1113848,120.49914171412975,641576448,12.237099609375,"[""16K-32K""]",False,1.194879412651062,27.638237923383713,4766.260981559753,10338960384,56.0,113.98,1740.0,1593.0,67.0,333.13,1680.0,1593.0
b64_h16384_q1024_csa_profile_sim_batch_inner_descending_steady,ok,,full,csa_profile_sim,descending,steady,batch-inner,64,16384,1024,2048,10,30,20260803,2026-08-13T08:32:54.320340+00:00,50.421119689941406,47.598785400390625,51.53587341308594,49.86547431945801,1.4359014062169955,370.7116737417642,134217728,18691697672192,0.6015625,0.6015625,0.4795130637871586,0.5724432659709058,1113848,120.49914171412975,641576448,12.237099609375,"[""16K-32K""]",False,1.4503411948680878,27.931910008192062,4687.605205923319,10338960384,56.0,113.01,1695.0,1593.0,66.0,344.24,1440.0,1593.0
b64_h16384_q128_csa_profile_sim_batch_inner_ascending_steady,ok,,full,csa_profile_sim,ascending,steady,batch-inner,64,16384,128,2048,10,30,20260803,2026-08-13T08:03:03.997827+00:00,6.1808319091796875,6.169407844543457,6.217023849487305,6.185257609685262,0.015024227497094091,378.01743250029466,16777216,2336462209024,0.6015625,0.6015625,0.4795130637871586,0.5749306277519569,1047008,16.02396161251872,603076608,11.5027734375,"[""16K-32K""]",False,0.8156150579452515,7.861640304327011,656.6249802708626,1829241856,59.0,171.76,1755.0,1593.0,62.0,171.31,1710.0,1593.0
b64_h16384_q128_csa_profile_sim_batch_inner_descending_steady,ok,,full,csa_profile_sim,descending,steady,batch-inner,64,16384,128,2048,10,30,20260803,2026-08-13T08:34:13.183951+00:00,6.039936065673828,5.970560073852539,6.2329277992248535,6.106053320566813,0.09491791868325031,386.8355862742629,16777216,2336462209024,0.6015625,0.6015625,0.4795130637871586,0.5749306277519569,1047008,16.02396161251872,603076608,11.5027734375,"[""16K-32K""]",False,0.8805803954601288,8.231502026319504,603.1274050474167,1829241856,53.0,170.49,1755.0,1593.0,59.0,170.9,1665.0,1593.0
b64_h16384_q2_csa_profile_sim_batch_inner_ascending_steady,ok,,full,csa_profile_sim,ascending,steady,batch-inner,64,16384,2,2048,10,30,20260803,2026-08-13T08:02:54.718612+00:00,0.16755199432373047,0.1650560051202774,0.1700800061225891,0.16779093345006307,0.0015884545455887393,217.8859294593873,262144,36507222016,0.6015625,0.6015625,0.47951306378715863,0.5689212328767124,183296,1.4301675977653632,105578496,2.01375,"[""16K-32K""]",False,0.5413852632045746,5.1937587559223175,17.972059547901154,994714624,67.0,261.9,1755.0,1593.0,66.0,246.83,1755.0,1593.0
b64_h16384_q2_csa_profile_sim_batch_inner_descending_steady,ok,,full,csa_profile_sim,descending,steady,batch-inner,64,16384,2,2048,10,30,20260803,2026-08-13T08:34:23.098834+00:00,0.16857600212097168,0.16595199704170227,0.1703680008649826,0.16843733290831248,0.0011909376155306913,216.56239059342553,262144,36507222016,0.6015625,0.6015625,0.47951306378715863,0.5689212328767124,183296,1.4301675977653632,105578496,2.01375,"[""16K-32K""]",False,0.5163140594959259,5.515493452548981,18.43097433447838,994714624,56.0,186.47,1755.0,1593.0,56.0,182.98,1755.0,1593.0
b64_h16384_q32_csa_profile_sim_batch_inner_ascending_steady,ok,,full,csa_profile_sim,ascending,steady,batch-inner,64,16384,32,2048,10,30,20260803,2026-08-13T08:02:58.348686+00:00,1.4796479940414429,1.4456000328063965,1.5492479801177979,1.4879552006721497,0.037049348148154894,394.7665624582597,4194304,584115552256,0.6015625,0.6015625,0.47951306378715863,0.5735842710371819,819988,5.11507973287414,472313088,9.0086572265625,"[""16K-32K""]",False,0.6875880062580109,5.750246345996857,162.24588453769684,1194329088,62.0,163.39,1740.0,1593.0,64.0,180.7,1650.0,1593.0
b64_h16384_q32_csa_profile_sim_batch_inner_descending_steady,ok,,full,csa_profile_sim,descending,steady,batch-inner,64,16384,32,2048,10,30,20260803,2026-08-13T08:34:19.491062+00:00,1.4641920328140259,1.4441280364990234,1.5056320428848267,1.4691391984621684,0.018164567578623718,398.9337048456617,4194304,584115552256,0.6015625,0.6015625,0.47951306378715863,0.5735842710371819,819988,5.11507973287414,472313088,9.0086572265625,"[""16K-32K""]",False,0.6726309657096863,6.045568734407425,184.64799970388412,1194329088,54.0,154.85,1740.0,1593.0,56.0,160.72,1605.0,1593.0
b64_h16384_q4096_csa_profile_sim_batch_inner_ascending_steady,ok,,full,csa_profile_sim,ascending,steady,batch-inner,64,16384,4096,2048,10,30,20260803,2026-08-13T08:06:12.354930+00:00,203.30694580078125,197.95558166503906,205.77452087402344,203.00894927978516,2.2142207286100417,367.7532530641198,536870912,74766790688768,0.6015625,0.6015625,0.4795130637871586,0.5661711795456021,1310484,409.67376328135254,754838784,14.3974072265625,"[""16K-32K""]",False,1.9588470458984375,95.10119259357452,18726.448252797127,39543899136,57.0,159.54,1530.0,1593.0,77.0,341.14,1515.0,1593.0
b64_h16384_q4096_csa_profile_sim_batch_inner_descending_steady,ok,,full,csa_profile_sim,descending,steady,batch-inner,64,16384,4096,2048,10,30,20260803,2026-08-13T08:30:39.839407+00:00,202.1183624267578,197.6696319580078,203.59507751464844,201.67167104085286,1.7412776314756164,369.9158740011138,536870912,74766790688768,0.6015625,0.6015625,0.4795130637871586,0.5661711795456021,1310484,409.67376328135254,754838784,14.3974072265625,"[""16K-32K""]",False,2.0990855991840363,95.2623188495636,18577.466800808907,39543899136,51.0,154.94,1665.0,1593.0,75.0,342.43,1485.0,1593.0
b64_h16384_q512_csa_profile_sim_batch_inner_ascending_steady,ok,,full,csa_profile_sim,ascending,steady,batch-inner,64,16384,512,2048,10,30,20260803,2026-08-13T08:03:28.637677+00:00,24.067392349243164,23.928607940673828,25.674848556518555,24.624765968322755,0.7268048761587171,388.31996007203054,67108864,9345848836096,0.6015625,0.6015625,0.4795130637871586,0.5733509399652947,1081116,62.0736942196767,622722816,11.8774951171875,"[""16K-32K""]",False,0.9708777070045471,16.39588549733162,2465.5374251306057,5471470592,62.0,216.15,1755.0,1593.0,68.0,362.8,1680.0,1593.0
b64_h16384_q512_csa_profile_sim_batch_inner_descending_steady,ok,,full,csa_profile_sim,descending,steady,batch-inner,64,16384,512,2048,10,30,20260803,2026-08-13T08:33:45.864754+00:00,23.91222381591797,23.769119262695312,25.999263763427734,24.327598762512206,0.7877063086586908,390.83980260650725,67108864,9345848836096,0.6015625,0.6015625,0.4795130637871586,0.5733509399652947,1081116,62.0736942196767,622722816,11.8774951171875,"[""16K-32K""]",False,0.9292997419834137,16.481127589941025,2365.5598387122154,5471470592,56.0,103.68,1725.0,1593.0,62.0,360.1,1665.0,1593.0
b64_h16384_q8_csa_profile_sim_batch_inner_ascending_steady,ok,,full,csa_profile_sim,ascending,steady,batch-inner,64,16384,8,2048,10,30,20260803,2026-08-13T08:02:56.161397+00:00,0.4108160138130188,0.40748798847198486,0.41443198919296265,0.41082133253415426,0.002182736866544339,355.4605544915891,1048576,146028888064,0.6015625,0.6015625,0.47951306378715863,0.5712795070939335,413248,2.5374012699396005,238030848,4.540078125,"[""16K-32K""]",False,0.6302408874034882,5.445901304483414,55.962808430194855,1034454016,64.0,186.11,1755.0,1593.0,64.0,182.26,1755.0,1593.0
b64_h16384_q8_csa_profile_sim_batch_inner_descending_steady,ok,,full,csa_profile_sim,descending,steady,batch-inner,64,16384,8,2048,10,30,20260803,2026-08-13T08:34:21.733338+00:00,0.4071680009365082,0.4046719968318939,0.41142401099205017,0.40763306617736816,0.0021570919528349597,358.64529562275465,1048576,146028888064,0.6015625,0.6015625,0.47951306378715863,0.5712795070939335,413248,2.5374012699396005,238030848,4.540078125,"[""16K-32K""]",False,0.5873441696166992,5.63378632068634,48.75371977686882,1034454016,55.0,188.78,1755.0,1593.0,55.0,180.89,1755.0,1593.0
b64_h2048_q1024_csa_profile_sim_batch_inner_ascending_steady,ok,,full,csa_profile_sim,ascending,steady,batch-inner,64,2048,1024,2048,10,30,20260803,2026-08-13T08:03:49.816665+00:00,47.94630432128906,45.605918884277344,49.94451141357422,47.84489466349284,1.4493031106109653,389.84647381659687,134217728,18691697672192,0.8476906158357771,0.8476906158357771,0.7225277525393718,0.9692083310241102,196500,683.0418727735369,113184000,2.1588134765625,"[""2K-8K""]",False,1.202266663312912,23.729272186756134,14841.406352818012,9810478080,53.0,110.06,1710.0,1593.0,66.0,339.94,1485.0,1593.0
b64_h2048_q1024_csa_profile_sim_batch_inner_descending_steady,ok,,full,csa_profile_sim,descending,steady,batch-inner,64,2048,1024,2048,10,30,20260803,2026-08-13T08:33:11.605691+00:00,48.10947036743164,45.18547058105469,50.52137756347656,48.02236455281575,1.569292250134846,388.52428699455396,134217728,18691697672192,0.8476906158357771,0.8476906158357771,0.7225277525393718,0.9692083310241102,196500,683.0418727735369,113184000,2.1588134765625,"[""2K-8K""]",False,1.150190830230713,23.485898971557617,14747.727245092392,9810478080,49.0,111.52,1710.0,1593.0,64.0,339.11,1530.0,1593.0
b64_h2048_q128_csa_profile_sim_batch_inner_ascending_steady,ok,,full,csa_profile_sim,ascending,steady,batch-inner,64,2048,128,2048,10,30,20260803,2026-08-13T08:03:00.641717+00:00,5.644480228424072,5.600671768188477,5.658304214477539,5.632211208343506,0.06089867736955511,413.9375309099693,16777216,2336462209024,0.968996062992126,0.968996062992126,0.7225277525393718,0.9973058532595401,139264,120.47058823529412,80216064,1.53,"[""2K-8K""]",False,0.7812120020389557,3.7370435893535614,1443.900678306818,1300759552,58.0,101.25,1755.0,1593.0,64.0,164.7,1590.0,1593.0
b64_h2048_q128_csa_profile_sim_batch_inner_descending_steady,ok,,full,csa_profile_sim,descending,steady,batch-inner,64,2048,128,2048,10,30,20260803,2026-08-13T08:34:15.802560+00:00,5.48576021194458,5.382207870483398,5.74121618270874,5.544621864954631,0.10542955241006058,425.9140244476301,16777216,2336462209024,0.968996062992126,0.968996062992126,0.7225277525393718,0.9973058532595401,139264,120.47058823529412,80216064,1.53,"[""2K-8K""]",False,0.8165128529071808,3.6128684878349304,1404.358621686697,1300759552,52.0,96.09,1755.0,1593.0,58.0,159.45,1590.0,1593.0
b64_h2048_q2_csa_profile_sim_batch_inner_ascending_steady,ok,,full,csa_profile_sim,ascending,steady,batch-inner,64,2048,2,2048,10,30,20260803,2026-08-13T08:02:54.382046+00:00,0.16076800227165222,0.15929600596427917,0.16201600432395935,0.16068160037199655,0.0007545106192169534,227.08014965759898,262144,36507222016,1.0,1.0,0.7225277525393718,1.0,131072,2.0,75497472,1.44,"[""2K-8K""]",False,0.5504190921783447,1.1549890041351318,73.70469719171524,466232320,70.0,309.19,1740.0,1593.0,69.0,305.77,1740.0,1593.0
b64_h2048_q2_csa_profile_sim_batch_inner_descending_steady,ok,,full,csa_profile_sim,descending,steady,batch-inner,64,2048,2,2048,10,30,20260803,2026-08-13T08:34:23.361642+00:00,0.15798400342464447,0.15600000321865082,0.16121600568294525,0.158077867825826,0.001608084980462415,231.08176286603148,262144,36507222016,1.0,1.0,0.7225277525393718,1.0,131072,2.0,75497472,1.44,"[""2K-8K""]",False,0.459868460893631,0.9831339120864868,60.238320380449295,466232320,54.0,145.07,1755.0,1593.0,54.0,145.04,1755.0,1593.0
b64_h2048_q32_csa_profile_sim_batch_inner_ascending_steady,ok,,full,csa_profile_sim,ascending,steady,batch-inner,64,2048,32,2048,10,30,20260803,2026-08-13T08:02:57.457864+00:00,1.3262399435043335,1.275007963180542,1.4154880046844482,1.3251360058784485,0.04399116907352925,440.4297692260626,4194304,584115552256,0.9924395161290321,0.9924395161290321,0.7225277525393718,0.998171095278865,133120,31.50769230769231,76677120,1.4625,"[""2K-8K""]",False,0.5601495504379272,1.60222128033638,217.28026866912842,665846784,62.0,185.79,1755.0,1593.0,64.0,192.94,1620.0,1593.0
b64_h2048_q32_csa_profile_sim_batch_inner_descending_steady,ok,,full,csa_profile_sim,descending,steady,batch-inner,64,2048,32,2048,10,30,20260803,2026-08-13T08:34:20.400526+00:00,1.2859840393066406,1.2808640003204346,1.391584038734436,1.311036801338196,0.036085583218064425,454.2167977224161,4194304,584115552256,0.9924395161290321,0.9924395161290321,0.7225277525393718,0.998171095278865,133120,31.50769230769231,76677120,1.4625,"[""2K-8K""]",False,0.6291903555393219,1.4326423406600952,180.4160326719284,665846784,54.0,158.77,1740.0,1593.0,58.0,174.97,1695.0,1593.0
b64_h2048_q4096_csa_profile_sim_batch_inner_ascending_steady,ok,,full,csa_profile_sim,ascending,steady,batch-inner,64,2048,4096,2048,10,30,20260803,2026-08-13T08:04:58.543924+00:00,199.31887817382812,196.19970703125,201.22726440429688,199.26364237467448,1.6046414887832796,375.1114363766541,536870912,74766790688768,0.8212912087912088,0.8212912087912088,0.7225277525393718,0.8932325359426598,392876,1366.5149105570206,226296576,4.3162646484375,"[""2K-8K""]",False,2.3190081119537354,88.01823109388351,22365.161776542664,39015416832,53.0,155.27,1710.0,1593.0,75.0,335.97,1620.0,1593.0
b64_h2048_q4096_csa_profile_sim_batch_inner_descending_steady,ok,,full,csa_profile_sim,descending,steady,batch-inner,64,2048,4096,2048,10,30,20260803,2026-08-13T08:31:49.832272+00:00,198.63853454589844,193.97091674804688,200.7943115234375,198.44635976155598,2.072704321247892,376.3962055987279,536870912,74766790688768,0.8212912087912088,0.8212912087912088,0.7225277525393718,0.8932325359426598,392876,1366.5149105570206,226296576,4.3162646484375,"[""2K-8K""]",False,1.870669424533844,90.87422862648964,22454.68847081065,39015416832,53.0,152.35,1710.0,1593.0,73.0,336.45,1620.0,1593.0
b64_h2048_q512_csa_profile_sim_batch_inner_ascending_steady,ok,,full,csa_profile_sim,ascending,steady,batch-inner,64,2048,512,2048,10,30,20260803,2026-08-13T08:03:10.104299+00:00,22.909408569335938,22.748767852783203,23.837888717651367,23.04405975341797,0.46237896562780134,407.9480623784127,67108864,9345848836096,0.882950097847358,0.882950097847358,0.7225277525393718,0.9927081501880504,163776,409.76006252442363,94334976,1.799296875,"[""2K-8K""]",False,0.8628740906715393,12.135423719882965,11999.283626675606,4942988288,50.0,101.93,1755.0,1593.0,62.0,347.46,1545.0,1593.0
b64_h2048_q512_csa_profile_sim_batch_inner_descending_steady,ok,,full,csa_profile_sim,descending,steady,batch-inner,64,2048,512,2048,10,30,20260803,2026-08-13T08:33:54.812185+00:00,22.768352508544922,22.736064910888672,24.267488479614258,22.953525479634603,0.4401539563465237,410.4754102251587,67108864,9345848836096,0.882950097847358,0.882950097847358,0.7225277525393718,0.9927081501880504,163776,409.76006252442363,94334976,1.799296875,"[""2K-8K""]",False,0.9080283343791962,12.027967721223831,11935.976818203926,4942988288,49.0,98.63,1755.0,1593.0,57.0,351.52,1485.0,1593.0
b64_h2048_q8_csa_profile_sim_batch_inner_ascending_steady,ok,,full,csa_profile_sim,ascending,steady,batch-inner,64,2048,8,2048,10,30,20260803,2026-08-13T08:02:55.741953+00:00,0.36880001425743103,0.36556801199913025,0.3726400136947632,0.3692277361949285,0.0018661885246559831,395.9568395300235,1048576,146028888064,0.998325892857143,0.998325892857143,0.7225277525393718,0.9993196550880626,131584,7.968871595330739,75792384,1.445625,"[""2K-8K""]",False,0.5461834371089935,1.2668147683143616,67.07444414496422,505971712,65.0,187.88,1755.0,1593.0,65.0,190.74,1755.0,1593.0
b64_h2048_q8_csa_profile_sim_batch_inner_descending_steady,ok,,full,csa_profile_sim,descending,steady,batch-inner,64,2048,8,2048,10,30,20260803,2026-08-13T08:34:22.154985+00:00,0.37033599615097046,0.3677760064601898,0.3728320002555847,0.370224001010259,0.0015216627794166267,394.31459426501476,1048576,146028888064,0.998325892857143,0.998325892857143,0.7225277525393718,0.9993196550880626,131584,7.968871595330739,75792384,1.445625,"[""2K-8K""]",False,0.5765818059444427,1.1912882328033447,74.53911751508713,505971712,55.0,148.2,1755.0,1593.0,56.0,145.9,1755.0,1593.0
b64_h262144_q1024_csa_profile_sim_batch_inner_ascending_steady,ok,,full,csa_profile_sim,ascending,steady,batch-inner,64,262144,1024,2048,10,30,20260803,2026-08-13T08:04:44.682329+00:00,50.35753631591797,48.198974609375,51.87129592895508,50.35911877950033,1.1351271415222413,371.1797486463525,134217728,18691697672192,0.50390625,0.50390625,0.3817648634796384,0.4072101988671111,13792144,9.731462200510668,7944274944,151.52501953125,"[""64K+""]",True,1.561719924211502,102.17894986271858,4578.648053109646,19398657024,59.0,114.0,1635.0,1593.0,68.0,332.63,1680.0,1593.0
b64_h262144_q1024_csa_profile_sim_batch_inner_descending_steady,ok,,full,csa_profile_sim,descending,steady,batch-inner,64,262144,1024,2048,10,30,20260803,2026-08-13T08:32:27.564391+00:00,50.778785705566406,48.169281005859375,51.2957763671875,50.1745802561442,1.2322774151960452,368.10052490371,134217728,18691697672192,0.50390625,0.50390625,0.3817648634796384,0.4072101988671111,13792144,9.731462200510668,7944274944,151.52501953125,"[""64K+""]",True,1.890759915113449,105.88845610618591,4564.540199935436,19398657024,57.0,113.95,1635.0,1593.0,66.0,339.87,1665.0,1593.0
b64_h262144_q128_csa_profile_sim_batch_inner_ascending_steady,ok,,full,csa_profile_sim,ascending,steady,batch-inner,64,262144,128,2048,10,30,20260803,2026-08-13T08:03:07.886557+00:00,6.238431930541992,5.973951816558838,6.27235221862793,6.213151979446411,0.08030378657101374,374.5271624404835,16777216,2336462209024,0.50390625,0.50390625,0.3817648634796384,0.40711810864114484,4537408,3.6975330408903058,2613547008,49.849453125,"[""64K+""]",True,1.1236444115638733,81.15123212337494,581.5490894019604,10888938496,59.0,190.94,1755.0,1593.0,63.0,187.3,1710.0,1593.0
b64_h262144_q128_csa_profile_sim_batch_inner_descending_steady,ok,,full,csa_profile_sim,descending,steady,batch-inner,64,262144,128,2048,10,30,20260803,2026-08-13T08:34:08.988945+00:00,6.1618242263793945,6.033408164978027,6.291327953338623,6.164335950215658,0.08796419333171271,379.183521500235,16777216,2336462209024,0.50390625,0.50390625,0.3817648634796384,0.40711810864114484,4537408,3.6975330408903058,2613547008,49.849453125,"[""64K+""]",True,1.1681728065013885,86.74078062176704,626.1515617370605,10888938496,53.0,158.64,1755.0,1593.0,58.0,178.78,1680.0,1593.0
b64_h262144_q2_csa_profile_sim_batch_inner_ascending_steady,ok,,full,csa_profile_sim,ascending,steady,batch-inner,64,262144,2,2048,10,30,20260803,2026-08-13T08:02:55.313827+00:00,0.169855996966362,0.16697600483894348,0.1730560064315796,0.16972373326619467,0.0016655314746417038,214.93042735035036,262144,36507222016,0.50390625,0.50390625,0.3817648634796384,0.4043389187866928,196096,1.3368146214099217,112951296,2.154375,"[""64K+""]",True,0.8307807147502899,78.7232257425785,18.882431089878082,10054411264,66.0,156.72,1755.0,1593.0,66.0,157.81,1755.0,1593.0
b64_h262144_q2_csa_profile_sim_batch_inner_descending_steady,ok,,full,csa_profile_sim,descending,steady,batch-inner,64,262144,2,2048,10,30,20260803,2026-08-13T08:34:22.559189+00:00,0.1701440066099167,0.1687680035829544,0.17369599640369415,0.17067946791648864,0.0019845667201230615,214.56660592047098,262144,36507222016,0.50390625,0.50390625,0.3817648634796384,0.4043389187866928,196096,1.3368146214099217,112951296,2.154375,"[""64K+""]",True,0.8167997002601624,84.26706492900848,20.180799067020416,10054411264,57.0,183.57,1755.0,1593.0,57.0,179.31,1755.0,1593.0
b64_h262144_q32_csa_profile_sim_batch_inner_ascending_steady,ok,,full,csa_profile_sim,ascending,steady,batch-inner,64,262144,32,2048,10,30,20260803,2026-08-13T08:02:59.772383+00:00,1.4981440305709839,1.4669439792633057,1.5154880285263062,1.4936938802401225,0.017398047867595866,389.8927875668786,4194304,584115552256,0.50390625,0.50390625,0.3817648634796384,0.4066551492172211,1717768,2.4417173914055916,989434368,18.871962890625,"[""64K+""]",True,0.9897500276565552,80.01949265599251,148.37349578738213,10254025728,62.0,175.53,1740.0,1593.0,65.0,189.63,1560.0,1593.0
b64_h262144_q32_csa_profile_sim_batch_inner_descending_steady,ok,,full,csa_profile_sim,descending,steady,batch-inner,64,262144,32,2048,10,30,20260803,2026-08-13T08:34:17.982606+00:00,1.5103360414505005,1.465664029121399,1.5546879768371582,1.5088383952776592,0.030670721933620613,386.7454236840071,4194304,584115552256,0.50390625,0.50390625,0.3817648634796384,0.4066551492172211,1717768,2.4417173914055916,989434368,18.871962890625,"[""64K+""]",True,0.954940915107727,85.19239723682404,174.01057109236717,10254025728,55.0,235.07,1740.0,1593.0,56.0,214.99,1710.0,1593.0
b64_h262144_q4096_csa_profile_sim_batch_inner_ascending_steady,ok,,full,csa_profile_sim,ascending,steady,batch-inner,64,262144,4096,2048,10,30,20260803,2026-08-13T08:07:59.612432+00:00,204.33206176757812,199.4488983154297,207.33030700683594,204.25076548258463,2.3976657391367535,365.90826736634745,536870912,74766790688768,0.50390625,0.50390625,0.3817648634796384,0.40705555805721394,17010472,31.56120018304019,9798031872,186.882626953125,"[""64K+""]",True,51.541317254304886,161.92614659667015,18823.20588827133,48603595776,57.0,157.9,1665.0,1593.0,78.0,336.42,1635.0,1593.0
b64_h262144_q4096_csa_profile_sim_batch_inner_descending_steady,ok,,full,csa_profile_sim,descending,steady,batch-inner,64,262144,4096,2048,10,30,20260803,2026-08-13T08:28:52.258039+00:00,203.33538818359375,198.59347534179688,204.88563537597656,202.70870056152344,2.161131248667479,367.7018120488709,536870912,74766790688768,0.50390625,0.50390625,0.3817648634796384,0.40705555805721394,17010472,31.56120018304019,9798031872,186.882626953125,"[""64K+""]",True,152.50619128346443,156.0799852013588,19041.072133928537,48603595776,53.0,156.03,1590.0,1593.0,75.0,343.89,1590.0,1593.0
b64_h262144_q512_csa_profile_sim_batch_inner_ascending_steady,ok,,full,csa_profile_sim,ascending,steady,batch-inner,64,262144,512,2048,10,30,20260803,2026-08-13T08:03:42.514638+00:00,24.217792510986328,24.10220718383789,26.383359909057617,24.684819094340007,0.856072108980956,385.90837013143476,67108864,9345848836096,0.50390625,0.50390625,0.3817648634796384,0.4072792963972297,10123732,6.628866113800721,5831269632,111.2226416015625,"[""64K+""]",True,1.515459269285202,90.25105088949203,2341.485608369112,14531167232,58.0,106.02,1740.0,1593.0,65.0,355.05,1680.0,1593.0
b64_h262144_q512_csa_profile_sim_batch_inner_descending_steady,ok,,full,csa_profile_sim,descending,steady,batch-inner,64,262144,512,2048,10,30,20260803,2026-08-13T08:33:32.094747+00:00,24.695232391357422,23.787424087524414,26.396032333374023,24.765583801269532,0.7944524322956522,378.44749496533433,67108864,9345848836096,0.50390625,0.50390625,0.3817648634796384,0.4072792963972297,10123732,6.628866113800721,5831269632,111.2226416015625,"[""64K+""]",True,1.3044923543930054,94.6485809981823,2332.5846903026104,14531167232,54.0,105.26,1680.0,1593.0,64.0,351.04,1680.0,1593.0
b64_h262144_q8_csa_profile_sim_batch_inner_ascending_steady,ok,,full,csa_profile_sim,ascending,steady,batch-inner,64,262144,8,2048,10,30,20260803,2026-08-13T08:02:56.900535+00:00,0.4171519875526428,0.4134719967842102,0.420991986989975,0.417288530866305,0.001929395874135324,350.0615900711051,1048576,146028888064,0.50390625,0.50390625,0.3817648634796384,0.4077177103718199,557596,1.8805299894547307,321175296,6.1259326171875,"[""64K+""]",True,0.9390115737915039,79.30223271250725,48.43086749315262,10094150656,64.0,166.49,1755.0,1593.0,64.0,168.04,1755.0,1593.0
b64_h262144_q8_csa_profile_sim_batch_inner_descending_steady,ok,,full,csa_profile_sim,descending,steady,batch-inner,64,262144,8,2048,10,30,20260803,2026-08-13T08:34:21.032649+00:00,0.4160960018634796,0.4132159948348999,0.4201279878616333,0.4162890662749608,0.002478535278569542,350.9499908915535,1048576,146028888064,0.50390625,0.50390625,0.3817648634796384,0.4077177103718199,557596,1.8805299894547307,321175296,6.1259326171875,"[""64K+""]",True,0.9366124868392944,84.476038813591,47.07024246454239,10094150656,56.0,194.74,1755.0,1593.0,56.0,199.01,1755.0,1593.0
b64_h32768_q1024_csa_profile_sim_batch_inner_ascending_steady,ok,,full,csa_profile_sim,ascending,steady,batch-inner,64,32768,1024,2048,10,30,20260803,2026-08-13T08:04:24.441677+00:00,50.656097412109375,47.889278411865234,51.223297119140625,50.01952857971192,1.263294153729849,368.9920587471813,134217728,18691697672192,0.5703125,0.5703125,0.4323844906113131,0.5017241237214867,2162368,62.06979015597715,1245523968,23.756484375,"[""32K-64K""]",False,1.1986568570137024,32.6370894908905,4388.461574912071,10942940160,59.0,114.21,1635.0,1593.0,67.0,330.18,1710.0,1593.0
b64_h32768_q1024_csa_profile_sim_batch_inner_descending_steady,ok,,full,csa_profile_sim,descending,steady,batch-inner,64,32768,1024,2048,10,30,20260803,2026-08-13T08:32:47.930074+00:00,50.38604736328125,47.65251159667969,50.99756622314453,49.80025393168132,1.3151796074092819,370.96971583076675,134217728,18691697672192,0.5703125,0.5703125,0.4323844906113131,0.5017241237214867,2162368,62.06979015597715,1245523968,23.756484375,"[""32K-64K""]",False,1.2030042707920074,33.14577415585518,4229.275103658438,10942940160,55.0,112.55,1695.0,1593.0,68.0,340.37,1515.0,1593.0
b64_h32768_q128_csa_profile_sim_batch_inner_ascending_steady,ok,,full,csa_profile_sim,ascending,steady,batch-inner,64,32768,128,2048,10,30,20260803,2026-08-13T08:03:05.034654+00:00,6.197984218597412,6.144224166870117,6.208703994750977,6.193838946024576,0.015999407500740085,376.97130657630737,16777216,2336462209024,0.5703125,0.5703125,0.4323844906113131,0.4969570809381116,1988636,8.436544445539555,1145454336,21.8478076171875,"[""32K-64K""]",False,2.8930380940437317,13.445097953081131,575.8684985339642,2433221632,59.0,173.4,1755.0,1593.0,65.0,187.62,1485.0,1593.0
b64_h32768_q128_csa_profile_sim_batch_inner_descending_steady,ok,,full,csa_profile_sim,descending,steady,batch-inner,64,32768,128,2048,10,30,20260803,2026-08-13T08:34:12.257590+00:00,6.203743934631348,6.029856204986572,6.220064163208008,6.173321628570557,0.059912285490192986,376.6213166828334,16777216,2336462209024,0.5703125,0.5703125,0.4323844906113131,0.4969570809381116,1988636,8.436544445539555,1145454336,21.8478076171875,"[""32K-64K""]",False,0.8678808808326721,13.17327469587326,561.7027617990971,2433221632,53.0,174.77,1755.0,1593.0,58.0,171.54,1440.0,1593.0
b64_h32768_q2_csa_profile_sim_batch_inner_ascending_steady,ok,,full,csa_profile_sim,ascending,steady,batch-inner,64,32768,2,2048,10,30,20260803,2026-08-13T08:02:54.822011+00:00,0.16816000640392303,0.16495999693870544,0.17078399658203125,0.16804906725883484,0.0017344413011166034,217.09812455827972,262144,36507222016,0.5703125,0.5703125,0.4323844906113129,0.48824302837573386,187392,1.3989071038251366,107937792,2.05875,"[""32K-64K""]",False,0.5514286458492279,10.081026703119278,18.420636653900146,1598694400,66.0,232.14,1755.0,1593.0,66.0,215.94,1755.0,1593.0
b64_h32768_q2_csa_profile_sim_batch_inner_descending_steady,ok,,full,csa_profile_sim,descending,steady,batch-inner,64,32768,2,2048,10,30,20260803,2026-08-13T08:34:22.989326+00:00,0.16944000124931335,0.1669120043516159,0.17129600048065186,0.1693375994761785,0.0013222725597077998,215.4581075709709,262144,36507222016,0.5703125,0.5703125,0.4323844906113129,0.48824302837573386,187392,1.3989071038251366,107937792,2.05875,"[""32K-64K""]",False,0.5015209317207336,10.697487741708755,16.67936146259308,1598694400,56.0,185.49,1755.0,1593.0,56.0,186.43,1755.0,1593.0
b64_h32768_q32_csa_profile_sim_batch_inner_ascending_steady,ok,,full,csa_profile_sim,ascending,steady,batch-inner,64,32768,32,2048,10,30,20260803,2026-08-13T08:02:58.696972+00:00,1.4806079864501953,1.452191948890686,1.5294400453567505,1.4794602711995444,0.020278199419582022,394.5106048336506,4194304,584115552256,0.5703125,0.5703125,0.4323844906113129,0.4908057882827789,1181016,3.55143706774506,680265216,12.975029296875,"[""32K-64K""]",False,0.7447153329849243,10.752864181995392,142.95601844787598,1798308864,61.0,165.67,1740.0,1593.0,64.0,169.54,1650.0,1593.0
b64_h32768_q32_csa_profile_sim_batch_inner_descending_steady,ok,,full,csa_profile_sim,descending,steady,batch-inner,64,32768,32,2048,10,30,20260803,2026-08-13T08:34:19.141554+00:00,1.4961600303649902,1.4493440389633179,1.5048960447311401,1.4822368025779724,0.023535695147083695,390.4098093794847,4194304,584115552256,0.5703125,0.5703125,0.4323844906113129,0.4908057882827789,1181016,3.55143706774506,680265216,12.975029296875,"[""32K-64K""]",False,0.6451047956943512,11.319499462842941,177.11465805768967,1798308864,54.0,155.14,1740.0,1593.0,57.0,169.33,1500.0,1593.0
b64_h32768_q4096_csa_profile_sim_batch_inner_ascending_steady,ok,,full,csa_profile_sim,ascending,steady,batch-inner,64,32768,4096,2048,10,30,20260803,2026-08-13T08:06:39.553910+00:00,203.7876739501953,200.06492614746094,205.68710327148438,203.51637369791666,1.691739126969897,366.8857357243335,536870912,74766790688768,0.5703125,0.5703125,0.4323844906113131,0.49046159957019786,2358984,227.58565212820434,1358774784,25.916572265625,"[""32K-64K""]",False,1.9404999911785126,100.52057355642319,17171.41532152891,40147878912,58.0,155.73,1710.0,1593.0,77.0,336.38,1620.0,1593.0
b64_h32768_q4096_csa_profile_sim_batch_inner_descending_steady,ok,,full,csa_profile_sim,descending,steady,batch-inner,64,32768,4096,2048,10,30,20260803,2026-08-13T08:30:14.386917+00:00,202.25914001464844,199.04832458496094,205.03347778320312,202.0753412882487,1.8931043073882683,369.6584029940654,536870912,74766790688768,0.5703125,0.5703125,0.4323844906113131,0.49046159957019786,2358984,227.58565212820434,1358774784,25.916572265625,"[""32K-64K""]",False,1.9558221101760864,100.5529835820198,17004.472706466913,40147878912,54.0,154.56,1590.0,1593.0,75.0,343.09,1455.0,1593.0
b64_h32768_q512_csa_profile_sim_batch_inner_ascending_steady,ok,,full,csa_profile_sim,ascending,steady,batch-inner,64,32768,512,2048,10,30,20260803,2026-08-13T08:03:32.277862+00:00,23.980192184448242,23.8670711517334,25.63577651977539,24.4654665629069,0.7477728164998025,389.73202400592174,67108864,9345848836096,0.5703125,0.5703125,0.4323844906113131,0.5035313794757522,2129548,31.51319622755627,1226619648,23.3959130859375,"[""32K-64K""]",False,1.1802874505519867,21.201837807893753,2222.859136760235,6075450368,57.0,106.83,1680.0,1593.0,68.0,370.05,1560.0,1593.0
b64_h32768_q512_csa_profile_sim_batch_inner_descending_steady,ok,,full,csa_profile_sim,descending,steady,batch-inner,64,32768,512,2048,10,30,20260803,2026-08-13T08:33:42.524323+00:00,23.968992233276367,23.72585678100586,26.07107162475586,24.351177660624185,0.8174386806819037,389.91413344116626,67108864,9345848836096,0.5703125,0.5703125,0.4323844906113131,0.5035313794757522,2129548,31.51319622755627,1226619648,23.3959130859375,"[""32K-64K""]",False,1.0474398732185364,22.029902786016464,2183.347474783659,6075450368,55.0,103.75,1740.0,1593.0,64.0,361.99,1650.0,1593.0
b64_h32768_q8_csa_profile_sim_batch_inner_ascending_steady,ok,,full,csa_profile_sim,ascending,steady,batch-inner,64,32768,8,2048,10,30,20260803,2026-08-13T08:02:56.380943+00:00,0.41206398606300354,0.40870401263237,0.41811200976371765,0.4128778696060181,0.0026833184546925276,354.38401074359496,1048576,146028888064,0.5703125,0.5703125,0.4323844906113129,0.4890036386986301,470820,2.227127139883607,271192320,5.1725830078125,"[""32K-64K""]",False,0.7019899785518646,10.320533066987991,51.013391464948654,1638433792,63.0,167.67,1755.0,1593.0,63.0,164.22,1755.0,1593.0
b64_h32768_q8_csa_profile_sim_batch_inner_descending_steady,ok,,full,csa_profile_sim,descending,steady,batch-inner,64,32768,8,2048,10,30,20260803,2026-08-13T08:34:21.605354+00:00,0.4101119935512543,0.4084480106830597,0.4169920086860657,0.4108341336250305,0.0023150327081032755,356.0707571595314,1048576,146028888064,0.5703125,0.5703125,0.4323844906113129,0.4890036386986301,470820,2.227127139883607,271192320,5.1725830078125,"[""32K-64K""]",False,0.6101392209529877,10.865285992622375,46.205759048461914,1638433792,55.0,201.7,1755.0,1593.0,55.0,195.09,1755.0,1593.0
b64_h4096_q1024_csa_profile_sim_batch_inner_ascending_steady,ok,,full,csa_profile_sim,ascending,steady,batch-inner,64,4096,1024,2048,10,30,20260803,2026-08-13T08:04:06.766186+00:00,49.77427291870117,47.24099349975586,50.966590881347656,49.34519462585449,1.320152627660547,375.52929608277935,134217728,18691697672192,0.8125,0.8125,0.7225277525393718,0.863446648106883,327424,409.9202501954652,188596224,3.5971875,"[""2K-8K""]",False,1.2078769505023956,24.166345596313477,2499.435804784298,9885975552,57.0,112.36,1695.0,1593.0,69.0,341.99,1485.0,1593.0
b64_h4096_q1024_csa_profile_sim_batch_inner_descending_steady,ok,,full,csa_profile_sim,descending,steady,batch-inner,64,4096,1024,2048,10,30,20260803,2026-08-13T08:33:07.039031+00:00,49.9345588684082,47.31964874267578,51.01171112060547,49.494170633951825,1.3266732162645638,374.3238770057016,134217728,18691697672192,0.8125,0.8125,0.7225277525393718,0.863446648106883,327424,409.9202501954652,188596224,3.5971875,"[""2K-8K""]",False,1.1539049446582794,24.03060346841812,2443.019077181816,9885975552,58.0,114.3,1635.0,1593.0,68.0,341.75,1470.0,1593.0
b64_h4096_q128_csa_profile_sim_batch_inner_ascending_steady,ok,,full,csa_profile_sim,ascending,steady,batch-inner,64,4096,128,2048,10,30,20260803,2026-08-13T08:03:02.419647+00:00,6.041664123535156,6.024799823760986,6.060800075531006,6.041687472661336,0.012621397218591283,386.72494220960874,16777216,2336462209024,0.8125,0.8125,0.7225277525393718,0.8766657461625489,270112,62.11207202938041,155584512,2.9675390625,"[""2K-8K""]",False,0.8228644728660583,4.139721393585205,332.726676017046,1376257024,59.0,168.61,1755.0,1593.0,64.0,237.24,1665.0,1593.0
b64_h4096_q128_csa_profile_sim_batch_inner_descending_steady,ok,,full,csa_profile_sim,descending,steady,batch-inner,64,4096,128,2048,10,30,20260803,2026-08-13T08:34:15.101501+00:00,5.942336082458496,5.914015769958496,6.043647766113281,5.973106098175049,0.050608009842628254,393.1891728441832,16777216,2336462209024,0.8125,0.8125,0.7225277525393718,0.8766657461625489,270112,62.11207202938041,155584512,2.9675390625,"[""2K-8K""]",False,0.900808721780777,4.180554300546646,358.3180345594883,1376257024,55.0,173.75,1755.0,1593.0,60.0,239.26,1440.0,1593.0
b64_h4096_q2_csa_profile_sim_batch_inner_ascending_steady,ok,,full,csa_profile_sim,ascending,steady,batch-inner,64,4096,2,2048,10,30,20260803,2026-08-13T08:02:54.535583+00:00,0.16624000668525696,0.16393600404262543,0.16896000504493713,0.16615999986728033,0.001440585636335535,219.60551340159236,262144,36507222016,0.8125,0.8125,0.7225277525393718,0.8553235078277887,155648,1.6842105263157894,89653248,1.71,"[""2K-8K""]",False,0.48065558075904846,1.6088224947452545,16.535814851522446,541729792,69.0,294.38,1740.0,1593.0,69.0,289.95,1740.0,1593.0
b64_h4096_q2_csa_profile_sim_batch_inner_descending_steady,ok,,full,csa_profile_sim,descending,steady,batch-inner,64,4096,2,2048,10,30,20260803,2026-08-13T08:34:23.285245+00:00,0.1650879979133606,0.16313600540161133,0.16681599617004395,0.16513066589832306,0.0011765776243887276,221.1379535607383,262144,36507222016,0.8125,0.8125,0.7225277525393718,0.8553235078277887,155648,1.6842105263157894,89653248,1.71,"[""2K-8K""]",False,0.45962631702423096,1.5730559825897217,16.455240547657013,541729792,55.0,178.28,1755.0,1593.0,55.0,170.0,1755.0,1593.0
b64_h4096_q32_csa_profile_sim_batch_inner_ascending_steady,ok,,full,csa_profile_sim,ascending,steady,batch-inner,64,4096,32,2048,10,30,20260803,2026-08-13T08:02:57.833511+00:00,1.3945280313491821,1.3853759765625,1.4765119552612305,1.4280917247136433,0.04140406863060223,418.8625392426699,4194304,584115552256,0.8125,0.8125,0.7225277525393718,0.8760960050758317,261520,16.03817681248088,150635520,2.87314453125,"[""2K-8K""]",False,0.6177015602588654,2.0527392625808716,94.96304020285606,741344256,62.0,176.57,1740.0,1593.0,65.0,190.62,1605.0,1593.0
b64_h4096_q32_csa_profile_sim_batch_inner_descending_steady,ok,,full,csa_profile_sim,descending,steady,batch-inner,64,4096,32,2048,10,30,20260803,2026-08-13T08:34:20.169297+00:00,1.3980799913406372,1.3854399919509888,1.4676799774169922,1.4255125284194947,0.03633625667323499,417.7983776850164,4194304,584115552256,0.8125,0.8125,0.7225277525393718,0.8760960050758317,261520,16.03817681248088,150635520,2.87314453125,"[""2K-8K""]",False,0.6476566195487976,2.1106041967868805,100.32438486814499,741344256,54.0,160.37,1740.0,1593.0,56.0,178.09,1620.0,1593.0
b64_h4096_q4096_csa_profile_sim_batch_inner_ascending_steady,ok,,full,csa_profile_sim,ascending,steady,batch-inner,64,4096,4096,2048,10,30,20260803,2026-08-13T08:05:29.282223+00:00,201.88986206054688,198.36309814453125,203.38278198242188,201.62115783691405,1.7827811080964064,370.33454738973177,536870912,74766790688768,0.8124670902014655,0.8124670902014655,0.722487686550595,0.8333072401072881,523948,1024.6644934230114,301794048,5.7562646484375,"[""2K-8K"", ""8K-16K""]",False,46.02424427866936,85.41826903820038,10847.25258499384,39090914304,57.0,158.58,1710.0,1593.0,79.0,343.04,1485.0,1593.0
b64_h4096_q4096_csa_profile_sim_batch_inner_descending_steady,ok,,full,csa_profile_sim,descending,steady,batch-inner,64,4096,4096,2048,10,30,20260803,2026-08-13T08:31:30.481501+00:00,200.9916229248047,196.2460479736328,202.13357543945312,200.4759089152018,1.8307219600287647,371.9895864353504,536870912,74766790688768,0.8124670902014655,0.8124670902014655,0.722487686550595,0.8333072401072881,523948,1024.6644934230114,301794048,5.7562646484375,"[""2K-8K"", ""8K-16K""]",False,1.886572688817978,91.93459153175354,10979.399662464857,39090914304,55.0,157.81,1590.0,1593.0,77.0,341.05,1485.0,1593.0
b64_h4096_q512_csa_profile_sim_batch_inner_ascending_steady,ok,,full,csa_profile_sim,ascending,steady,batch-inner,64,4096,512,2048,10,30,20260803,2026-08-13T08:03:23.157691+00:00,23.695968627929688,23.565536499023438,25.297632217407227,24.162440808614097,0.6572009308253203,394.4067019518393,67108864,9345848836096,0.8125,0.8125,0.7225277525393718,0.8707297487501529,294664,227.7470746341596,169726464,3.237275390625,"[""2K-8K""]",False,0.9833276271820068,12.648925185203552,1335.5694971978664,5018485760,54.0,104.13,1740.0,1593.0,63.0,359.34,1530.0,1593.0
b64_h4096_q512_csa_profile_sim_batch_inner_descending_steady,ok,,full,csa_profile_sim,descending,steady,batch-inner,64,4096,512,2048,10,30,20260803,2026-08-13T08:33:52.417090+00:00,23.617504119873047,23.584287643432617,26.071264266967773,24.070714632670086,0.8103647310744796,395.71704057550676,67108864,9345848836096,0.8125,0.8125,0.7225277525393718,0.8707297487501529,294664,227.7470746341596,169726464,3.237275390625,"[""2K-8K""]",False,0.9178668260574341,12.700490653514862,1282.7029637992382,5018485760,56.0,106.79,1755.0,1593.0,65.0,366.26,1500.0,1593.0
b64_h4096_q8_csa_profile_sim_batch_inner_ascending_steady,ok,,full,csa_profile_sim,ascending,steady,batch-inner,64,4096,8,2048,10,30,20260803,2026-08-13T08:02:55.924447+00:00,0.39481601119041443,0.39241600036621094,0.3978559970855713,0.395072000225385,0.001832194706700768,369.86566888132677,1048576,146028888064,0.8125,0.8125,0.7225277525393718,0.8703254953522506,219916,4.76807508321359,126671616,2.4160693359375,"[""2K-8K""]",False,0.5886964499950409,1.8477775156497955,32.7039510011673,581469184,65.0,189.23,1755.0,1593.0,65.0,190.26,1755.0,1593.0
b64_h4096_q8_csa_profile_sim_batch_inner_descending_steady,ok,,full,csa_profile_sim,descending,steady,batch-inner,64,4096,8,2048,10,30,20260803,2026-08-13T08:34:22.031169+00:00,0.3929600119590759,0.39078399538993835,0.39792001247406006,0.3934133340915044,0.0019959898256083097,371.61259064499393,1048576,146028888064,0.8125,0.8125,0.7225277525393718,0.8703254953522506,219916,4.76807508321359,126671616,2.4160693359375,"[""2K-8K""]",False,0.5691647529602051,1.8373988568782806,31.449854373931885,581469184,55.0,160.53,1755.0,1593.0,55.0,156.11,1755.0,1593.0
b64_h524288_q1024_csa_profile_sim_batch_inner_ascending_steady,ok,,full,csa_profile_sim,ascending,steady,batch-inner,64,524288,1024,2048,10,30,20260803,2026-08-13T08:04:51.550864+00:00,50.82275390625,48.22092819213867,51.833984375,50.372514216105145,1.285066578865585,367.7820707368902,134217728,18691697672192,0.50390625,0.50390625,0.3817648634796384,0.40687304233618216,18512136,7.250256156285801,10662990336,203.380400390625,"[""64K+""]",True,2.468705177307129,180.28540536761284,4634.537640959024,29062333440,59.0,114.89,1635.0,1593.0,68.0,340.11,1620.0,1593.0
b64_h524288_q1024_csa_profile_sim_batch_inner_descending_steady,ok,,full,csa_profile_sim,descending,steady,batch-inner,64,524288,1024,2048,10,30,20260803,2026-08-13T08:32:20.633002+00:00,50.90425491333008,48.185184478759766,51.839134216308594,50.31027374267578,1.2771855128583842,367.1932278356025,134217728,18691697672192,0.50390625,0.50390625,0.3817648634796384,0.40687304233618216,18512136,7.250256156285801,10662990336,203.380400390625,"[""64K+""]",True,1.9514374434947968,186.40316277742386,4615.676861256361,29062333440,59.0,114.68,1485.0,1593.0,70.0,344.22,1560.0,1593.0
b64_h524288_q128_csa_profile_sim_batch_inner_ascending_steady,ok,,full,csa_profile_sim,ascending,steady,batch-inner,64,524288,128,2048,10,30,20260803,2026-08-13T08:03:08.944146+00:00,6.24508810043335,6.194143772125244,6.256896018981934,6.242776521046957,0.014993934690503554,374.1279820955403,16777216,2336462209024,0.50390625,0.50390625,0.3817648634796384,0.40687277359038654,4676548,3.587521393985478,2693691648,51.3780908203125,"[""64K+""]",True,1.5260539948940277,161.1613631248474,601.1165268719196,20552614912,60.0,173.96,1755.0,1593.0,66.0,187.16,1665.0,1593.0
b64_h524288_q128_csa_profile_sim_batch_inner_descending_steady,ok,,full,csa_profile_sim,descending,steady,batch-inner,64,524288,128,2048,10,30,20260803,2026-08-13T08:34:07.794141+00:00,6.0490241050720215,5.965216159820557,6.260479927062988,6.116774415969848,0.10016363752020549,386.2544054114298,16777216,2336462209024,0.50390625,0.50390625,0.3817648634796384,0.40687277359038654,4676548,3.587521393985478,2693691648,51.3780908203125,"[""64K+""]",True,1.4468580484390259,158.44964608550072,587.1692076325417,20552614912,53.0,167.03,1755.0,1593.0,59.0,171.99,1725.0,1593.0
b64_h524288_q2_csa_profile_sim_batch_inner_ascending_steady,ok,,full,csa_profile_sim,ascending,steady,batch-inner,64,524288,2,2048,10,30,20260803,2026-08-13T08:02:55.475899+00:00,0.1701119989156723,0.1664000004529953,0.17187200486660004,0.16971839865048727,0.0017040536741356933,214.60697804213865,262144,36507222016,0.50390625,0.50390625,0.3817648634796384,0.407320205479452,196096,1.3368146214099217,112951296,2.154375,"[""64K+""]",True,1.1341571807861328,157.3597826063633,18.922340124845505,19718087680,68.0,190.51,1755.0,1593.0,66.0,189.49,1755.0,1593.0
b64_h524288_q2_csa_profile_sim_batch_inner_descending_steady,ok,,full,csa_profile_sim,descending,steady,batch-inner,64,524288,2,2048,10,30,20260803,2026-08-13T08:34:22.298656+00:00,0.17059199512004852,0.16729600727558136,0.17670400440692902,0.17067519972721737,0.0025558989532729823,214.0031364913063,262144,36507222016,0.50390625,0.50390625,0.3817648634796384,0.407320205479452,196096,1.3368146214099217,112951296,2.154375,"[""64K+""]",True,1.149829477071762,155.2632413804531,17.22368597984314,19718087680,57.0,170.12,1755.0,1593.0,57.0,167.23,1755.0,1593.0
b64_h524288_q32_csa_profile_sim_batch_inner_ascending_steady,ok,,full,csa_profile_sim,ascending,steady,batch-inner,64,524288,32,2048,10,30,20260803,2026-08-13T08:03:00.139060+00:00,1.532863974571228,1.4677120447158813,1.576032042503357,1.5120426654815673,0.0393340735367252,381.0615696799767,4194304,584115552256,0.50390625,0.50390625,0.3817648634796384,0.4065939946183953,1725088,2.4313565452892836,993650688,18.9523828125,"[""64K+""]",True,1.3281293213367462,159.39002484083176,148.9899680018425,19917702144,62.0,197.06,1755.0,1593.0,63.0,215.88,1680.0,1593.0
b64_h524288_q32_csa_profile_sim_batch_inner_descending_steady,ok,,full,csa_profile_sim,descending,steady,batch-inner,64,524288,32,2048,10,30,20260803,2026-08-13T08:34:17.530709+00:00,1.4967360496520996,1.463263988494873,1.5539519786834717,1.5040575981140136,0.03128837450297387,390.25956005520914,4194304,584115552256,0.50390625,0.50390625,0.3817648634796384,0.4065939946183953,1725088,2.4313565452892836,993650688,18.9523828125,"[""64K+""]",True,1.3271607458591461,156.07114508748055,173.03279787302017,19917702144,55.0,197.98,1755.0,1593.0,55.0,216.76,1545.0,1593.0
b64_h524288_q4096_csa_profile_sim_batch_inner_ascending_steady,ok,,full,csa_profile_sim,ascending,steady,batch-inner,64,524288,4096,2048,10,30,20260803,2026-08-13T08:08:27.120725+00:00,204.7459259033203,201.05177307128906,206.59298706054688,204.39344482421876,1.754678470540076,365.1686369772866,536870912,74766790688768,0.50390625,0.50390625,0.3817648634796384,0.4066762830879823,32129788,16.70944458145818,18506757888,352.9883935546875,"[""64K+""]",True,47.23881185054779,241.5919564664364,18884.953871369362,58267272192,56.0,159.34,1725.0,1593.0,77.0,332.73,1680.0,1593.0
b64_h524288_q4096_csa_profile_sim_batch_inner_descending_steady,ok,,full,csa_profile_sim,descending,steady,batch-inner,64,524288,4096,2048,10,30,20260803,2026-08-13T08:28:24.286363+00:00,203.31301879882812,199.28118896484375,204.86178588867188,202.7826670328776,2.0137743775405963,367.74226820539906,536870912,74766790688768,0.50390625,0.50390625,0.3817648634796384,0.4066762830879823,32129788,16.70944458145818,18506757888,352.9883935546875,"[""64K+""]",True,2.3259595036506653,231.95450380444527,19305.513959378004,58267272192,50.0,156.52,1665.0,1593.0,75.0,337.89,1620.0,1593.0
b64_h524288_q512_csa_profile_sim_batch_inner_ascending_steady,ok,,full,csa_profile_sim,ascending,steady,batch-inner,64,524288,512,2048,10,30,20260803,2026-08-13T08:03:46.156752+00:00,24.135936737060547,23.928991317749023,25.855968475341797,24.57878195444743,0.7623870657699691,387.2171582943172,67108864,9345848836096,0.50390625,0.50390625,0.3817648634796384,0.40675470460417684,11782796,5.695495704075671,6786890496,129.4496630859375,"[""64K+""]",True,1.597341150045395,168.7101423740387,2330.8844976127148,24194843648,58.0,110.42,1755.0,1593.0,68.0,351.77,1680.0,1593.0
b64_h524288_q512_csa_profile_sim_batch_inner_descending_steady,ok,,full,csa_profile_sim,descending,steady,batch-inner,64,524288,512,2048,10,30,20260803,2026-08-13T08:33:28.451471+00:00,24.038463592529297,23.77836799621582,25.94918441772461,24.61724796295166,0.7747211304687095,388.78727836002446,67108864,9345848836096,0.50390625,0.50390625,0.3817648634796384,0.40675470460417684,11782796,5.695495704075671,6786890496,129.4496630859375,"[""64K+""]",True,1.574493944644928,167.38885641098022,2319.7331205010414,24194843648,55.0,104.92,1755.0,1593.0,61.0,352.58,1680.0,1593.0
b64_h524288_q8_csa_profile_sim_batch_inner_ascending_steady,ok,,full,csa_profile_sim,ascending,steady,batch-inner,64,524288,8,2048,10,30,20260803,2026-08-13T08:02:57.147492+00:00,0.4164479970932007,0.41280001401901245,0.42396798729896545,0.4171466668446859,0.0028582640171718114,350.6533566814559,1048576,146028888064,0.50390625,0.50390625,0.3817648634796384,0.4071061643835616,557400,1.8811912450663797,321062400,6.123779296875,"[""64K+""]",True,1.2931600213050842,158.25633704662323,49.461480230093,19757827072,66.0,197.39,1755.0,1593.0,65.0,199.31,1755.0,1593.0
b64_h524288_q8_csa_profile_sim_batch_inner_descending_steady,ok,,full,csa_profile_sim,descending,steady,batch-inner,64,524288,8,2048,10,30,20260803,2026-08-13T08:34:20.751356+00:00,0.4191040098667145,0.4158720076084137,0.4241600036621094,0.41938879986604055,0.0023402102140755764,348.4311403043861,1048576,146028888064,0.50390625,0.50390625,0.3817648634796384,0.4071061643835616,557400,1.8811912450663797,321062400,6.123779296875,"[""64K+""]",True,1.2977272272109985,154.70527485013008,47.63446748256683,19757827072,56.0,190.26,1740.0,1593.0,56.0,194.91,1740.0,1593.0
b64_h65536_q1024_csa_profile_sim_batch_inner_ascending_steady,ok,,full,csa_profile_sim,ascending,steady,batch-inner,64,65536,1024,2048,10,30,20260803,2026-08-13T08:04:31.042787+00:00,50.648990631103516,48.07347106933594,51.7573127746582,50.42470703125,1.1119297996944741,369.04383363394095,134217728,18691697672192,0.50390625,0.50390625,0.3817648634796384,0.4113692192182149,4259448,31.51059198281092,2453442048,46.795693359375,"[""64K+""]",False,1.437801867723465,42.35898330807686,4523.763295263052,12150899712,58.0,158.8,1635.0,1593.0,70.0,335.26,1665.0,1593.0
b64_h65536_q1024_csa_profile_sim_batch_inner_descending_steady,ok,,full,csa_profile_sim,descending,steady,batch-inner,64,65536,1024,2048,10,30,20260803,2026-08-13T08:32:41.209901+00:00,50.5714225769043,47.98262405395508,51.36991882324219,50.19964917500814,1.224477551823886,369.6098847875479,134217728,18691697672192,0.50390625,0.50390625,0.3817648634796384,0.4113692192182149,4259448,31.51059198281092,2453442048,46.795693359375,"[""64K+""]",False,1.2744590640068054,43.723270297050476,4504.497807472944,12150899712,55.0,112.89,1620.0,1593.0,66.0,333.84,1680.0,1593.0
b64_h65536_q128_csa_profile_sim_batch_inner_ascending_steady,ok,,full,csa_profile_sim,ascending,steady,batch-inner,64,65536,128,2048,10,30,20260803,2026-08-13T08:03:05.935692+00:00,6.216256141662598,6.151968002319336,6.2579522132873535,6.216682704289754,0.031170517818892865,375.8632456221617,16777216,2336462209024,0.50390625,0.50390625,0.3817648634796384,0.4119450220156555,3483336,4.816421958720031,2006401536,38.269072265625,"[""64K+""]",False,0.9247921407222748,22.6287879049778,578.6851942539215,3641181184,59.0,181.19,1755.0,1593.0,65.0,191.42,1710.0,1593.0
b64_h65536_q128_csa_profile_sim_batch_inner_descending_steady,ok,,full,csa_profile_sim,descending,steady,batch-inner,64,65536,128,2048,10,30,20260803,2026-08-13T08:34:11.192938+00:00,6.159008026123047,6.071008205413818,6.253087997436523,6.17447681427002,0.048128197672364016,379.3569027859749,16777216,2336462209024,0.50390625,0.50390625,0.3817648634796384,0.4119450220156555,3483336,4.816421958720031,2006401536,38.269072265625,"[""64K+""]",False,0.8923150599002838,23.765116930007935,654.9028567969799,3641181184,52.0,159.99,1755.0,1593.0,58.0,170.22,1710.0,1593.0
b64_h65536_q2_csa_profile_sim_batch_inner_ascending_steady,ok,,full,csa_profile_sim,ascending,steady,batch-inner,64,65536,2,2048,10,30,20260803,2026-08-13T08:02:54.954343+00:00,0.16991999745368958,0.16684800386428833,0.17161600291728973,0.16972053448359173,0.001592358995817211,214.84947365273925,262144,36507222016,0.50390625,0.50390625,0.3817648634796384,0.40751895792563597,196096,1.3368146214099217,112951296,2.154375,"[""64K+""]",False,0.601012259721756,19.866719841957092,18.19106563925743,2806653952,66.0,183.7,1755.0,1593.0,65.0,179.79,1755.0,1593.0
b64_h65536_q2_csa_profile_sim_batch_inner_descending_steady,ok,,full,csa_profile_sim,descending,steady,batch-inner,64,65536,2,2048,10,30,20260803,2026-08-13T08:34:22.887407+00:00,0.17046399414539337,0.16767999529838562,0.1724800020456314,0.17030506680409113,0.0014891623054876784,214.16383089593688,262144,36507222016,0.50390625,0.50390625,0.3817648634796384,0.40751895792563597,196096,1.3368146214099217,112951296,2.154375,"[""64K+""]",False,0.5585737526416779,21.228093653917313,18.318023532629013,2806653952,56.0,186.81,1755.0,1593.0,56.0,187.8,1755.0,1593.0
b64_h65536_q32_csa_profile_sim_batch_inner_ascending_steady,ok,,full,csa_profile_sim,ascending,steady,batch-inner,64,65536,32,2048,10,30,20260803,2026-08-13T08:02:59.055400+00:00,1.5243200063705444,1.4679679870605469,1.5743999481201172,1.5113951961199443,0.035958820963000446,383.19745841740814,4194304,584115552256,0.50390625,0.50390625,0.3817648634796384,0.410230782167319,1626508,2.5787171043732955,936868608,17.8693505859375,"[""64K+""]",False,0.7792413234710693,20.649127662181854,148.64084124565125,3006268416,61.0,168.79,1740.0,1593.0,64.0,169.62,1710.0,1593.0
b64_h65536_q32_csa_profile_sim_batch_inner_descending_steady,ok,,full,csa_profile_sim,descending,steady,batch-inner,64,65536,32,2048,10,30,20260803,2026-08-13T08:34:18.784684+00:00,1.4739840030670166,1.4654719829559326,1.5252480506896973,1.4868426680564881,0.021655790197914294,396.2835085323802,4194304,584115552256,0.50390625,0.50390625,0.3817648634796384,0.410230782167319,1626508,2.5787171043732955,936868608,17.8693505859375,"[""64K+""]",False,0.702153891324997,22.063490003347397,194.42640990018845,3006268416,55.0,165.71,1740.0,1593.0,57.0,172.63,1470.0,1593.0
b64_h65536_q4096_csa_profile_sim_batch_inner_ascending_steady,ok,,full,csa_profile_sim,ascending,steady,batch-inner,64,65536,4096,2048,10,30,20260803,2026-08-13T08:07:05.278956+00:00,203.92405700683594,199.90988159179688,207.36029052734375,204.17024943033854,2.0855739307944408,366.64036497793717,536870912,74766790688768,0.50390625,0.50390625,0.3817648634796384,0.41117500558991255,4456080,120.48053715373153,2566702080,48.95595703125,"[""64K+""]",False,49.00907352566719,103.2068245112896,18319.028042256832,41355838464,55.0,158.63,1725.0,1593.0,78.0,344.68,1530.0,1593.0
b64_h65536_q4096_csa_profile_sim_batch_inner_descending_steady,ok,,full,csa_profile_sim,descending,steady,batch-inner,64,65536,4096,2048,10,30,20260803,2026-08-13T08:29:47.344308+00:00,203.1634521484375,199.15481567382812,205.57443237304688,202.72781931559246,2.209431539425113,368.0129959306907,536870912,74766790688768,0.50390625,0.50390625,0.3817648634796384,0.41117500558991255,4456080,120.48053715373153,2566702080,48.95595703125,"[""64K+""]",False,2.0484402775764465,110.78013852238655,18546.711023896933,41355838464,53.0,154.4,1605.0,1593.0,75.0,340.23,1515.0,1593.0
b64_h65536_q512_csa_profile_sim_batch_inner_ascending_steady,ok,,full,csa_profile_sim,ascending,steady,batch-inner,64,65536,512,2048,10,30,20260803,2026-08-13T08:03:35.617905+00:00,24.13747215270996,24.004640579223633,25.765727996826172,24.6075990041097,0.7231934070072584,387.1925269128368,67108864,9345848836096,0.50390625,0.50390625,0.3817648634796384,0.4114224607463919,4217800,15.910869173502775,2429452800,46.338134765625,"[""64K+""]",False,1.0953135788440704,31.337134540081024,2266.5499709546566,7283409920,57.0,109.12,1755.0,1593.0,65.0,358.37,1620.0,1593.0
b64_h65536_q512_csa_profile_sim_batch_inner_descending_steady,ok,,full,csa_profile_sim,descending,steady,batch-inner,64,65536,512,2048,10,30,20260803,2026-08-13T08:33:39.114443+00:00,24.112224578857422,23.903520584106445,26.286304473876953,24.54139938354492,0.823088427566019,387.59795080420827,67108864,9345848836096,0.50390625,0.50390625,0.3817648634796384,0.4114224607463919,4217800,15.910869173502775,2429452800,46.338134765625,"[""64K+""]",False,1.2084096670150757,32.312292605638504,2254.291642457247,7283409920,54.0,105.12,1740.0,1593.0,64.0,364.58,1500.0,1593.0
b64_h65536_q8_csa_profile_sim_batch_inner_ascending_steady,ok,,full,csa_profile_sim,ascending,steady,batch-inner,64,65536,8,2048,10,30,20260803,2026-08-13T08:02:56.556065+00:00,0.4164479970932007,0.41391998529434204,0.42208001017570496,0.41712960104147595,0.002738801062338334,350.6533566814559,1048576,146028888064,0.50390625,0.50390625,0.3817648634796384,0.41272856531311153,553816,1.8933653054444075,318998016,6.084404296875,"[""64K+""]",False,0.72508305311203,20.164359360933304,47.353167086839676,2846393344,63.0,146.05,1755.0,1593.0,63.0,147.24,1755.0,1593.0
b64_h65536_q8_csa_profile_sim_batch_inner_descending_steady,ok,,full,csa_profile_sim,descending,steady,batch-inner,64,65536,8,2048,10,30,20260803,2026-08-13T08:34:21.420463+00:00,0.41606399416923523,0.41334399580955505,0.41974401473999023,0.4159829348325729,0.0019178077344176082,350.9769893825572,1048576,146028888064,0.50390625,0.50390625,0.3817648634796384,0.41272856531311153,553816,1.8933653054444075,318998016,6.084404296875,"[""64K+""]",False,0.6764568388462067,21.405361592769623,47.38501086831093,2846393344,56.0,200.75,1755.0,1593.0,56.0,206.52,1755.0,1593.0
b64_h8192_q1024_csa_profile_sim_batch_inner_ascending_steady,ok,,full,csa_profile_sim,ascending,steady,batch-inner,64,8192,1024,2048,10,30,20260803,2026-08-13T08:04:11.407519+00:00,50.227840423583984,47.59836959838867,51.222049713134766,49.78796157836914,1.2715019046061824,372.13819098253526,134217728,18691697672192,0.677734375,0.677734375,0.5584174625084869,0.6831094402156465,589580,227.6497303164965,339598080,6.4773193359375,"[""8K-16K""]",False,1.163627952337265,25.105103850364685,3802.702371031046,10036970496,57.0,115.12,1725.0,1593.0,67.0,335.14,1710.0,1593.0
b64_h8192_q1024_csa_profile_sim_batch_inner_descending_steady,ok,,full,csa_profile_sim,descending,steady,batch-inner,64,8192,1024,2048,10,30,20260803,2026-08-13T08:33:01.192413+00:00,50.03148651123047,47.13411331176758,50.845985412597656,49.5842529296875,1.345940916016699,373.59868705872475,134217728,18691697672192,0.677734375,0.677734375,0.5584174625084869,0.6831094402156465,589580,227.6497303164965,339598080,6.4773193359375,"[""8K-16K""]",False,1.1552460491657257,25.23384988307953,3688.9214627444744,10036970496,56.0,111.89,1695.0,1593.0,68.0,344.13,1545.0,1593.0
b64_h8192_q128_csa_profile_sim_batch_inner_ascending_steady,ok,,full,csa_profile_sim,ascending,steady,batch-inner,64,8192,128,2048,10,30,20260803,2026-08-13T08:03:03.166499+00:00,6.130239963531494,6.037024021148682,6.14358377456665,6.121270418167114,0.028259201574019614,381.1371533453017,16777216,2336462209024,0.677734375,0.677734375,0.5584174625084869,0.684937240092955,532220,31.523084438765924,306558720,5.8471435546875,"[""8K-16K""]",False,0.801529735326767,5.297672003507614,473.25532138347626,1527251968,59.0,174.24,1755.0,1593.0,65.0,202.43,1650.0,1593.0
b64_h8192_q128_csa_profile_sim_batch_inner_descending_steady,ok,,full,csa_profile_sim,descending,steady,batch-inner,64,8192,128,2048,10,30,20260803,2026-08-13T08:34:14.161444+00:00,6.040224075317383,5.971007823944092,6.138432025909424,6.038388236363729,0.042005950995692494,386.8171412003835,16777216,2336462209024,0.677734375,0.677734375,0.5584174625084869,0.684937240092955,532220,31.523084438765924,306558720,5.8471435546875,"[""8K-16K""]",False,0.8520632982254028,5.510274320840836,515.4755413532257,1527251968,53.0,173.03,1755.0,1593.0,57.0,176.14,1710.0,1593.0
b64_h8192_q2_csa_profile_sim_batch_inner_ascending_steady,ok,,full,csa_profile_sim,ascending,steady,batch-inner,64,8192,2,2048,10,30,20260803,2026-08-13T08:02:54.616448+00:00,0.16742399334907532,0.16380800306797028,0.17136000096797943,0.16749119957288106,0.0020270820520264807,218.05251019119612,262144,36507222016,0.677734375,0.677734375,0.5584174625084867,0.6659735812133072,173312,1.5125553914327918,99827712,1.9040625,"[""8K-16K""]",False,0.4686787724494934,2.82326340675354,17.636079341173172,692724736,68.0,276.93,1740.0,1593.0,68.0,268.39,1740.0,1593.0
b64_h8192_q2_csa_profile_sim_batch_inner_descending_steady,ok,,full,csa_profile_sim,descending,steady,batch-inner,64,8192,2,2048,10,30,20260803,2026-08-13T08:34:23.182382+00:00,0.1677439957857132,0.16412800550460815,0.16924799978733063,0.16747413327296576,0.001827508348404304,217.63653503661993,262144,36507222016,0.677734375,0.677734375,0.5584174625084867,0.6659735812133072,173312,1.5125553914327918,99827712,1.9040625,"[""8K-16K""]",False,0.46624988317489624,2.9133446514606476,17.428413033485413,692724736,55.0,184.1,1755.0,1593.0,55.0,180.78,1755.0,1593.0
b64_h8192_q32_csa_profile_sim_batch_inner_ascending_steady,ok,,full,csa_profile_sim,ascending,steady,batch-inner,64,8192,32,2048,10,30,20260803,2026-08-13T08:02:58.084412+00:00,1.4303359985351562,1.4222400188446045,1.5361599922180176,1.4584010720252991,0.041169725047064454,408.3764603940666,4194304,584115552256,0.677734375,0.677734375,0.5584174625084867,0.6861498211227985,505616,8.295433688807316,291234816,5.55486328125,"[""8K-16K""]",False,0.6665512919425964,3.2750405371189117,121.00322917103767,892339200,62.0,168.09,1740.0,1593.0,65.0,168.03,1515.0,1593.0
b64_h8192_q32_csa_profile_sim_batch_inner_descending_steady,ok,,full,csa_profile_sim,descending,steady,batch-inner,64,8192,32,2048,10,30,20260803,2026-08-13T08:34:19.862211+00:00,1.4757440090179443,1.4173120260238647,1.5140479803085327,1.461191463470459,0.035379878878889826,395.8108917851602,4194304,584115552256,0.677734375,0.677734375,0.5584174625084867,0.6861498211227985,505616,8.295433688807316,291234816,5.55486328125,"[""8K-16K""]",False,0.6645657122135162,3.374837338924408,146.01615443825722,892339200,54.0,162.85,1740.0,1593.0,56.0,161.32,1620.0,1593.0
b64_h8192_q4096_csa_profile_sim_batch_inner_ascending_steady,ok,,full,csa_profile_sim,ascending,steady,batch-inner,64,8192,4096,2048,10,30,20260803,2026-08-13T08:05:48.625144+00:00,203.00694274902344,199.32115173339844,205.26634216308594,202.69293823242188,2.004403381686664,368.2967177196587,536870912,74766790688768,0.677734375,0.677734375,0.5584174625084869,0.6759769715908222,786184,682.8820123533422,452841984,8.637275390625,"[""8K-16K""]",False,2.0236559212207794,93.14397722482681,15211.447529494762,39241909248,59.0,159.48,1710.0,1593.0,76.0,331.9,1680.0,1593.0
b64_h8192_q4096_csa_profile_sim_batch_inner_descending_steady,ok,,full,csa_profile_sim,descending,steady,batch-inner,64,8192,4096,2048,10,30,20260803,2026-08-13T08:31:06.858325+00:00,201.47410583496094,197.62643432617188,203.0927734375,201.34381357828775,1.7298988179641683,371.0987592123317,536870912,74766790688768,0.677734375,0.677734375,0.5584174625084869,0.6759769715908222,786184,682.8820123533422,452841984,8.637275390625,"[""8K-16K""]",False,1.897815614938736,92.76020526885986,15198.806948959827,39241909248,53.0,156.43,1680.0,1593.0,76.0,344.3,1410.0,1593.0
b64_h8192_q512_csa_profile_sim_batch_inner_ascending_steady,ok,,full,csa_profile_sim,ascending,steady,batch-inner,64,8192,512,2048,10,30,20260803,2026-08-13T08:03:25.637507+00:00,24.012128829956055,23.807680130004883,25.38934326171875,24.384907658894857,0.6106968639647071,389.21367206878773,67108864,9345848836096,0.677734375,0.677734375,0.5584174625084869,0.6843399077712207,556796,120.52684286525047,320714496,6.1171435546875,"[""8K-16K""]",False,0.9788833558559418,13.992160558700562,1885.0449919700623,5169480704,55.0,106.92,1755.0,1593.0,64.0,360.06,1560.0,1593.0
b64_h8192_q512_csa_profile_sim_batch_inner_descending_steady,ok,,full,csa_profile_sim,descending,steady,batch-inner,64,8192,512,2048,10,30,20260803,2026-08-13T08:33:49.396520+00:00,23.836000442504883,23.432640075683594,25.40563201904297,24.132025464375815,0.6953677928540369,392.0896401491198,67108864,9345848836096,0.677734375,0.677734375,0.5584174625084869,0.6843399077712207,556796,120.52684286525047,320714496,6.1171435546875,"[""8K-16K""]",False,1.0006316006183624,14.035817235708237,1879.173707216978,5169480704,54.0,105.64,1740.0,1593.0,64.0,364.66,1575.0,1593.0
b64_h8192_q8_csa_profile_sim_batch_inner_ascending_steady,ok,,full,csa_profile_sim,ascending,steady,batch-inner,64,8192,8,2048,10,30,20260803,2026-08-13T08:02:56.026142+00:00,0.4059840142726898,0.4026559889316559,0.4105919897556305,0.40625813206036887,0.002352350208467566,359.6912265760195,1048576,146028888064,0.677734375,0.677734375,0.5584174625084867,0.6813616071428572,335696,3.1235880081978933,193360896,3.68806640625,"[""8K-16K""]",False,0.5821362137794495,3.012031316757202,41.099339723587036,732464128,65.0,191.26,1755.0,1593.0,66.0,192.11,1755.0,1593.0
b64_h8192_q8_csa_profile_sim_batch_inner_descending_steady,ok,,full,csa_profile_sim,descending,steady,batch-inner,64,8192,8,2048,10,30,20260803,2026-08-13T08:34:21.881810+00:00,0.4036160111427307,0.4007680118083954,0.4084480106830597,0.40415893495082855,0.002837341963469295,361.8015243016705,1048576,146028888064,0.677734375,0.677734375,0.5584174625084867,0.6813616071428572,335696,3.1235880081978933,193360896,3.68806640625,"[""8K-16K""]",False,0.5837529897689819,3.083799034357071,40.90200737118721,732464128,55.0,168.71,1755.0,1593.0,55.0,167.67,1755.0,1593.0
b8_h131072_q1024_csa_profile_sim_batch_inner_ascending_steady,ok,,full,csa_profile_sim,ascending,steady,batch-inner,8,131072,1024,2048,10,30,20260803,2026-08-13T07:56:40.357943+00:00,5.671296119689941,5.532576084136963,5.761888027191162,5.6509376207987465,0.06028544154711073,411.9802880530488,16777216,2336462209024,0.50390625,0.50390625,0.3817648634796384,0.40788397443737767,1037140,16.17642362651137,597392640,11.3943603515625,"[""64K+""]",True,0.847943127155304,7.864825427532196,1291.3163341581821,1829241856,47.0,93.11,1755.0,1593.0,53.0,159.82,1605.0,1593.0
b8_h131072_q1024_csa_profile_sim_batch_inner_descending_steady,ok,,full,csa_profile_sim,descending,steady,batch-inner,8,131072,1024,2048,10,30,20260803,2026-08-13T08:40:35.000741+00:00,5.535071849822998,5.476416110992432,5.786272048950195,5.590574947992961,0.09617702912340872,422.11958081424285,16777216,2336462209024,0.50390625,0.50390625,0.3817648634796384,0.40788397443737767,1037140,16.17642362651137,597392640,11.3943603515625,"[""64K+""]",True,0.85487961769104,8.0038420855999,1284.3549810349941,1829241856,47.0,94.53,1755.0,1593.0,52.0,161.69,1605.0,1593.0
b8_h131072_q128_csa_profile_sim_batch_inner_ascending_steady,ok,,full,csa_profile_sim,ascending,steady,batch-inner,8,131072,128,2048,10,30,20260803,2026-08-13T07:56:17.819208+00:00,0.6711680293083191,0.6694080233573914,0.6776959896087646,0.6720949351787567,0.002500404110391659,435.1485222396304,2097152,292057776128,0.50390625,0.50390625,0.3817648634796384,0.40870382827788654,527188,3.977996464259429,303660288,5.7918603515625,"[""64K+""]",True,0.6991811096668243,5.516037344932556,161.80769726634026,1087439872,46.0,118.64,1755.0,1593.0,47.0,125.35,1755.0,1593.0
b8_h131072_q128_csa_profile_sim_batch_inner_descending_steady,ok,,full,csa_profile_sim,descending,steady,batch-inner,8,131072,128,2048,10,30,20260803,2026-08-13T08:40:58.332960+00:00,0.6710720062255859,0.667136013507843,0.6766719818115234,0.6732544004917145,0.013353403877758888,435.2107872457171,2097152,292057776128,0.50390625,0.50390625,0.3817648634796384,0.40870382827788654,527188,3.977996464259429,303660288,5.7918603515625,"[""64K+""]",True,0.6545409560203552,5.651459097862244,160.59298440814018,1087439872,47.0,152.1,1755.0,1593.0,48.0,151.19,1710.0,1593.0
b8_h131072_q2_csa_profile_sim_batch_inner_ascending_steady,ok,,full,csa_profile_sim,ascending,steady,batch-inner,8,131072,2,2048,10,30,20260803,2026-08-13T07:56:12.913065+00:00,0.07091200351715088,0.07036799937486649,0.07222399860620499,0.07122240016857782,0.001085491748144932,64.35303651935725,32768,4563402752,0.50390625,0.50390625,0.38176486347963834,0.40912426614481406,24512,1.3368146214099217,14118912,0.269296875,"[""64K+""]",True,0.5123354494571686,5.330760031938553,6.280284374952316,983123968,47.0,162.75,1755.0,1593.0,47.0,152.51,1755.0,1593.0
b8_h131072_q2_csa_profile_sim_batch_inner_descending_steady,ok,,full,csa_profile_sim,descending,steady,batch-inner,8,131072,2,2048,10,30,20260803,2026-08-13T08:41:03.284844+00:00,0.07036799937486649,0.06992000341415405,0.07203199714422226,0.07068480029702187,0.0010597221011625238,64.85053991217949,32768,4563402752,0.50390625,0.50390625,0.38176486347963834,0.40912426614481406,24512,1.3368146214099217,14118912,0.269296875,"[""64K+""]",True,0.4234500229358673,5.589809268712997,5.880456417798996,983123968,46.0,108.01,1755.0,1593.0,45.0,105.43,1755.0,1593.0
b8_h131072_q32_csa_profile_sim_batch_inner_ascending_steady,ok,,full,csa_profile_sim,ascending,steady,batch-inner,8,131072,32,2048,10,30,20260803,2026-08-13T07:56:15.100078+00:00,0.23286400735378265,0.23056000471115112,0.23529599606990814,0.2328437328338623,0.0013257534697675563,313.54971883255257,524288,73014444032,0.50390625,0.50390625,0.38176486347963834,0.4082451687866927,210660,2.488787619861388,121340160,2.3143798828125,"[""64K+""]",True,0.7572546601295471,5.3201280534267426,67.39365309476852,1007961088,46.0,106.03,1755.0,1593.0,46.0,108.84,1755.0,1593.0
b8_h131072_q32_csa_profile_sim_batch_inner_descending_steady,ok,,full,csa_profile_sim,descending,steady,batch-inner,8,131072,32,2048,10,30,20260803,2026-08-13T08:41:01.197343+00:00,0.2337920069694519,0.23183999955654144,0.2361920028924942,0.23392746647198995,0.001267990067951297,312.3051338600311,524288,73014444032,0.50390625,0.50390625,0.38176486347963834,0.4082451687866927,210660,2.488787619861388,121340160,2.3143798828125,"[""64K+""]",True,0.7156096398830414,5.6115686893463135,65.97582250833511,1007961088,46.0,110.17,1755.0,1593.0,46.0,112.02,1755.0,1593.0
b8_h131072_q4096_csa_profile_sim_batch_inner_ascending_steady,ok,,full,csa_profile_sim,ascending,steady,batch-inner,8,131072,4096,2048,30,100,20260803,2026-08-13T08:53:31.263416+00:00,23.556480407714844,22.220640182495117,23.990432739257812,23.28703519821167,0.6161082077110165,396.7421564825617,67108864,9345848836096,0.50390625,0.50390625,0.3817648634796384,0.40767429299550517,1081308,62.062672245095754,622833408,11.8796044921875,"[""64K+""]",True,1.0453388094902039,14.912422746419907,5458.63388851285,4372562944,41.0,94.29,1755.0,1593.0,61.0,340.22,1515.0,1593.0
b8_h131072_q4096_csa_profile_sim_batch_inner_descending_steady,ok,,full,csa_profile_sim,descending,steady,batch-inner,8,131072,4096,2048,30,100,20260803,2026-08-13T08:53:45.143867+00:00,23.624448776245117,22.261472702026367,24.123615264892578,23.455967082977295,0.589615492383459,395.6007153696407,67108864,9345848836096,0.50390625,0.50390625,0.3817648634796384,0.40767429299550517,1081308,62.062672245095754,622833408,11.8796044921875,"[""64K+""]",True,1.087769865989685,15.369284898042679,5448.958199471235,4372562944,49.0,99.08,1755.0,1593.0,68.0,335.83,1620.0,1593.0
b8_h131072_q512_csa_profile_sim_batch_inner_ascending_steady,ok,,full,csa_profile_sim,ascending,steady,batch-inner,8,131072,512,2048,10,30,20260803,2026-08-13T07:56:26.208959+00:00,2.7512319087982178,2.612096071243286,2.9011199474334717,2.775612799326579,0.08902440411590548,424.62109456352664,8388608,1168231104512,0.50390625,0.50390625,0.3817648634796384,0.4089556132277397,927004,9.049160521421697,533954304,10.1843701171875,"[""64K+""]",True,0.8139312267303467,6.406724452972412,649.0772068500519,1405355008,46.0,126.81,1755.0,1593.0,50.0,141.97,1605.0,1593.0
b8_h131072_q512_csa_profile_sim_batch_inner_descending_steady,ok,,full,csa_profile_sim,descending,steady,batch-inner,8,131072,512,2048,10,30,20260803,2026-08-13T08:40:49.744654+00:00,2.795936107635498,2.5914559364318848,2.823456048965454,2.7505450805028278,0.082751646168743,417.83183146483424,8388608,1168231104512,0.50390625,0.50390625,0.3817648634796384,0.4089556132277397,927004,9.049160521421697,533954304,10.1843701171875,"[""64K+""]",True,0.8800476789474487,6.765797734260559,643.9298018813133,1405355008,48.0,128.67,1755.0,1593.0,53.0,162.04,1455.0,1593.0
b8_h131072_q8_csa_profile_sim_batch_inner_ascending_steady,ok,,full,csa_profile_sim,ascending,steady,batch-inner,8,131072,8,2048,10,30,20260803,2026-08-13T07:56:13.806474+00:00,0.08025600016117096,0.07945600152015686,0.08064000308513641,0.0803232009212176,0.0009953442496088778,227.4423217123069,131072,18253611008,0.50390625,0.50390625,0.38176486347963834,0.40227495107632094,69544,1.884734844127459,40057344,0.764033203125,"[""64K+""]",True,0.5753450095653534,5.134910345077515,16.48450642824173,988091392,46.0,104.59,1755.0,1593.0,46.0,104.63,1755.0,1593.0
b8_h131072_q8_csa_profile_sim_batch_inner_descending_steady,ok,,full,csa_profile_sim,descending,steady,batch-inner,8,131072,8,2048,10,30,20260803,2026-08-13T08:41:02.443505+00:00,0.07968000322580338,0.07900799810886383,0.08044800162315369,0.07981333360075951,0.0009721225755008185,229.08647425968974,131072,18253611008,0.50390625,0.50390625,0.38176486347963834,0.40227495107632094,69544,1.884734844127459,40057344,0.764033203125,"[""64K+""]",True,0.5258917808532715,5.420126020908356,12.658219784498215,988091392,46.0,113.04,1755.0,1593.0,46.0,113.39,1755.0,1593.0
b8_h16384_q1024_csa_profile_sim_batch_inner_ascending_steady,ok,,full,csa_profile_sim,ascending,steady,batch-inner,8,16384,1024,2048,10,30,20260803,2026-08-13T07:56:35.558443+00:00,5.0768961906433105,4.97379207611084,5.214655876159668,5.098272037506104,0.09609103693953744,460.2146904894542,16777216,2336462209024,0.6015625,0.6015625,0.4795130637871586,0.5719053861912916,139220,120.50866254848441,80190720,1.5295166015625,"[""16K-32K""]",False,0.8357055485248566,3.444332629442215,1309.7066842019558,1300759552,46.0,91.66,1755.0,1593.0,53.0,155.03,1710.0,1593.0
b8_h16384_q1024_csa_profile_sim_batch_inner_descending_steady,ok,,full,csa_profile_sim,descending,steady,batch-inner,8,16384,1024,2048,10,30,20260803,2026-08-13T08:40:39.743656+00:00,5.033631801605225,4.978655815124512,5.279871940612793,5.100818109512329,0.10689054964979207,464.17026534974264,16777216,2336462209024,0.6015625,0.6015625,0.4795130637871586,0.5719053861912916,139220,120.50866254848441,80190720,1.5295166015625,"[""16K-32K""]",False,0.8232481777667999,3.5542063415050507,1300.0162243843079,1300759552,47.0,93.15,1755.0,1593.0,54.0,155.26,1605.0,1593.0
b8_h16384_q128_csa_profile_sim_batch_inner_ascending_steady,ok,,full,csa_profile_sim,ascending,steady,batch-inner,8,16384,128,2048,10,30,20260803,2026-08-13T07:56:16.704776+00:00,0.6154559850692749,0.6121600270271301,0.6238080263137817,0.6161002695560456,0.003011059786279271,474.5388512147239,2097152,292057776128,0.6015625,0.6015625,0.4795130637871586,0.5738976883561644,130828,16.029840706882318,75356928,1.4373193359375,"[""16K-32K""]",False,0.6241463124752045,1.2371465563774109,277.30896696448326,558957568,46.0,114.78,1755.0,1593.0,46.0,123.68,1755.0,1593.0
b8_h16384_q128_csa_profile_sim_batch_inner_descending_steady,ok,,full,csa_profile_sim,descending,steady,batch-inner,8,16384,128,2048,10,30,20260803,2026-08-13T08:40:59.272545+00:00,0.6125119924545288,0.6104000210762024,0.6211839914321899,0.6134858727455139,0.004641655116810309,476.81968635035594,2097152,292057776128,0.6015625,0.6015625,0.4795130637871586,0.5738976883561644,130828,16.029840706882318,75356928,1.4373193359375,"[""16K-32K""]",False,0.667918473482132,1.2897886335849762,285.24019569158554,558957568,46.0,112.49,1755.0,1593.0,47.0,121.27,1755.0,1593.0
b8_h16384_q2_csa_profile_sim_batch_inner_ascending_steady,ok,,full,csa_profile_sim,ascending,steady,batch-inner,8,16384,2,2048,10,30,20260803,2026-08-13T07:56:12.630013+00:00,0.07091200351715088,0.07056000083684921,0.0724480003118515,0.07124266723791758,0.0009361418642215142,64.35303651935725,32768,4563402752,0.6015625,0.6015625,0.4795130637871587,0.5655577299412916,22912,1.4301675977653632,13197312,0.25171875,"[""16K-32K""]",False,0.48369914293289185,1.164015382528305,7.554478943347931,454641664,48.0,218.36,1755.0,1593.0,48.0,220.94,1755.0,1593.0
b8_h16384_q2_csa_profile_sim_batch_inner_descending_steady,ok,,full,csa_profile_sim,descending,steady,batch-inner,8,16384,2,2048,10,30,20260803,2026-08-13T08:41:03.657773+00:00,0.07049600034952164,0.07004799693822861,0.07203199714422226,0.07066026628017426,0.0007876912401650462,64.73278951109977,32768,4563402752,0.6015625,0.6015625,0.4795130637871587,0.5655577299412916,22912,1.4301675977653632,13197312,0.25171875,"[""16K-32K""]",False,0.3727823495864868,1.1228471994400024,6.908666342496872,454641664,45.0,102.64,1755.0,1593.0,45.0,102.44,1755.0,1593.0
b8_h16384_q32_csa_profile_sim_batch_inner_ascending_steady,ok,,full,csa_profile_sim,ascending,steady,batch-inner,8,16384,32,2048,10,30,20260803,2026-08-13T07:56:14.659256+00:00,0.2199680060148239,0.21782399713993073,0.22537599503993988,0.22053760041793188,0.0026586894732031317,331.93210846798996,524288,73014444032,0.6015625,0.6015625,0.4795130637871587,0.5742875489236792,102416,5.1192001249804715,58991616,1.12517578125,"[""16K-32K""]",False,0.6419382989406586,1.1475756764411926,43.75071078538895,479478784,46.0,107.62,1755.0,1593.0,46.0,108.11,1755.0,1593.0
b8_h16384_q32_csa_profile_sim_batch_inner_descending_steady,ok,,full,csa_profile_sim,descending,steady,batch-inner,8,16384,32,2048,10,30,20260803,2026-08-13T08:41:01.694440+00:00,0.21961599588394165,0.21731199324131012,0.22176000475883484,0.21971946607033413,0.0014251973802689119,332.46414378024286,524288,73014444032,0.6015625,0.6015625,0.4795130637871587,0.5742875489236792,102416,5.1192001249804715,58991616,1.12517578125,"[""16K-32K""]",False,0.5822628736495972,1.1027008295059204,46.393901109695435,479478784,46.0,117.75,1755.0,1593.0,46.0,114.0,1755.0,1593.0
b8_h16384_q4096_csa_profile_sim_batch_inner_ascending_steady,ok,,full,csa_profile_sim,ascending,steady,batch-inner,8,16384,4096,2048,10,30,20260803,2026-08-13T07:57:01.386593+00:00,20.18604850769043,20.14672088623047,22.088895797729492,20.438277371724446,0.49897903054609677,462.98555324165807,67108864,9345848836096,0.6015625,0.6015625,0.4795130637871586,0.566179129942056,163796,409.7100295489511,94346496,1.7995166015625,"[""16K-32K""]",False,0.9649023413658142,12.014500796794891,5301.513742655516,4942988288,48.0,97.08,1755.0,1593.0,60.0,342.43,1650.0,1593.0
b8_h16384_q4096_csa_profile_sim_batch_inner_descending_steady,ok,,full,csa_profile_sim,descending,steady,batch-inner,8,16384,4096,2048,10,30,20260803,2026-08-13T08:40:09.101144+00:00,20.20809555053711,20.137983322143555,21.943199157714844,20.37455997467041,0.49273911090412864,462.48043576019205,67108864,9345848836096,0.6015625,0.6015625,0.4795130637871586,0.566179129942056,163796,409.7100295489511,94346496,1.7995166015625,"[""16K-32K""]",False,1.0015107691287994,11.990241706371307,5269.733853638172,4942988288,46.0,96.32,1725.0,1593.0,59.0,340.35,1500.0,1593.0
b8_h16384_q512_csa_profile_sim_batch_inner_ascending_steady,ok,,full,csa_profile_sim,ascending,steady,batch-inner,8,16384,512,2048,10,30,20260803,2026-08-13T07:56:23.561660+00:00,2.6187520027160645,2.38755202293396,2.653696060180664,2.5700149377187094,0.09630876398429175,446.10222858077344,8388608,1168231104512,0.6015625,0.6015625,0.4795130637871586,0.5730453461350293,135152,62.06795311945069,77847552,1.48482421875,"[""16K-32K""]",False,0.9335428476333618,2.2480040788650513,662.2856520116329,876872704,46.0,121.89,1755.0,1593.0,48.0,147.79,1695.0,1593.0
b8_h16384_q512_csa_profile_sim_batch_inner_descending_steady,ok,,full,csa_profile_sim,descending,steady,batch-inner,8,16384,512,2048,10,30,20260803,2026-08-13T08:40:52.329070+00:00,2.528127908706665,2.441567897796631,2.6022400856018066,2.534938685099284,0.06373370720317881,462.0933539354192,8388608,1168231104512,0.6015625,0.6015625,0.4795130637871586,0.5730453461350293,135152,62.06795311945069,77847552,1.48482421875,"[""16K-32K""]",False,0.8408874273300171,2.0110197365283966,705.3442150354385,876872704,47.0,127.53,1755.0,1593.0,51.0,147.87,1605.0,1593.0
b8_h16384_q8_csa_profile_sim_batch_inner_ascending_steady,ok,,full,csa_profile_sim,ascending,steady,batch-inner,8,16384,8,2048,10,30,20260803,2026-08-13T07:56:13.467722+00:00,0.07555200159549713,0.07491199672222137,0.07817599922418594,0.07579626739025117,0.001202124136751882,241.60327486397009,131072,18253611008,0.6015625,0.6015625,0.4795130637871587,0.5641817514677103,51924,2.5243047531006857,29908224,0.5704541015625,"[""16K-32K""]",False,0.5626976490020752,0.9388811886310577,20.294420421123505,459609088,47.0,102.5,1755.0,1593.0,47.0,102.67,1755.0,1593.0
b8_h16384_q8_csa_profile_sim_batch_inner_descending_steady,ok,,full,csa_profile_sim,descending,steady,batch-inner,8,16384,8,2048,10,30,20260803,2026-08-13T08:41:02.692947+00:00,0.07523199915885925,0.07478400319814682,0.0764480009675026,0.07548586651682854,0.0008534644049862806,242.63094443969018,131072,18253611008,0.6015625,0.6015625,0.4795130637871587,0.5641817514677103,51924,2.5243047531006857,29908224,0.5704541015625,"[""16K-32K""]",False,0.5035661160945892,0.9001158177852631,19.3973109126091,459609088,46.0,111.6,1755.0,1593.0,46.0,111.76,1755.0,1593.0
b8_h2048_q1024_csa_profile_sim_batch_inner_ascending_steady,ok,,full,csa_profile_sim,ascending,steady,batch-inner,8,2048,1024,2048,30,100,20260803,2026-08-13T08:53:25.548820+00:00,4.506048202514648,4.497600078582764,4.589727878570557,4.514757442474365,0.028822696074527903,518.5169141599755,16777216,2336462209024,0.8476906158357771,0.8476906158357771,0.722527752539372,0.9692910748685176,24552,683.3339850114044,14141952,0.269736328125,"[""2K-8K""]",False,0.7828846573829651,2.68496572971344,5001.397725194693,1235223552,40.0,88.12,1755.0,1593.0,54.0,265.13,1500.0,1593.0
b8_h2048_q1024_csa_profile_sim_batch_inner_descending_steady,ok,,full,csa_profile_sim,descending,steady,batch-inner,8,2048,1024,2048,30,100,20260803,2026-08-13T08:53:53.783159+00:00,4.552735805511475,4.540256023406982,4.674176216125488,4.566582078933716,0.03953732095145957,513.1996032353807,16777216,2336462209024,0.8476906158357771,0.8476906158357771,0.722527752539372,0.9692910748685176,24552,683.3339850114044,14141952,0.269736328125,"[""2K-8K""]",False,0.9104497730731964,3.1865425407886505,3864.8786433041096,1235223552,52.0,95.56,1755.0,1593.0,64.0,271.23,1605.0,1593.0
b8_h2048_q128_csa_profile_sim_batch_inner_ascending_steady,ok,,full,csa_profile_sim,ascending,steady,batch-inner,8,2048,128,2048,10,30,20260803,2026-08-13T07:56:15.648178+00:00,0.5563520193099976,0.5539199709892273,0.5655040144920349,0.5570133288701375,0.0029095526863210813,524.9514084449945,2097152,292057776128,0.968996062992126,0.968996062992126,0.722527752539372,0.997282442514677,17408,120.47058823529412,10027008,0.19125,"[""2K-8K""]",False,0.6210543215274811,0.6477423012256622,459.9975757300854,304153600,45.0,106.16,1755.0,1593.0,47.0,110.17,1755.0,1593.0
b8_h2048_q128_csa_profile_sim_batch_inner_descending_steady,ok,,full,csa_profile_sim,descending,steady,batch-inner,8,2048,128,2048,10,30,20260803,2026-08-13T08:41:00.311748+00:00,0.5562880039215088,0.5542399883270264,0.5614719986915588,0.556689061721166,0.0019435000954505484,525.0118177439771,2097152,292057776128,0.968996062992126,0.968996062992126,0.722527752539372,0.997282442514677,17408,120.47058823529412,10027008,0.19125,"[""2K-8K""]",False,0.6416328251361847,0.6273575127124786,382.1564242243767,304153600,46.0,109.45,1755.0,1593.0,49.0,115.99,1740.0,1593.0
b8_h2048_q2_csa_profile_sim_batch_inner_ascending_steady,ok,,full,csa_profile_sim,ascending,steady,batch-inner,8,2048,2,2048,10,30,20260803,2026-08-13T07:56:12.210362+00:00,0.07148800045251846,0.07075200229883194,0.07254400104284286,0.07154986734191576,0.0007284925069695645,63.8345277964651,32768,4563402752,1.0,1.0,0.722527752539372,1.0,16384,2.0,9437184,0.18,"[""2K-8K""]",False,0.4518069326877594,0.7059052586555481,73.23088869452477,58326016,51.0,222.8,1740.0,1593.0,50.0,223.3,1740.0,1593.0
b8_h2048_q2_csa_profile_sim_batch_inner_descending_steady,ok,,full,csa_profile_sim,descending,steady,batch-inner,8,2048,2,2048,10,30,20260803,2026-08-13T08:41:03.879395+00:00,0.0703359991312027,0.06969600170850754,0.07414399832487106,0.07072639962037404,0.001188529032013944,64.88004447747396,32768,4563402752,1.0,1.0,0.722527752539372,1.0,16384,2.0,9437184,0.18,"[""2K-8K""]",False,0.34946203231811523,0.5203820765018463,37.69465908408165,58326016,45.0,101.67,1755.0,1593.0,45.0,101.44,1755.0,1593.0
b8_h2048_q32_csa_profile_sim_batch_inner_ascending_steady,ok,,full,csa_profile_sim,ascending,steady,batch-inner,8,2048,32,2048,10,30,20260803,2026-08-13T07:56:14.152001+00:00,0.19916799664497375,0.1971839964389801,0.2033279985189438,0.19972266604502995,0.001881722238143355,366.597270956898,524288,73014444032,0.9924395161290323,0.9924395161290323,0.722527752539372,0.9983029598825832,16640,31.50769230769231,9584640,0.1828125,"[""2K-8K""]",False,0.5077719688415527,0.6358325481414795,50.145067274570465,83854336,46.0,104.15,1755.0,1593.0,46.0,105.12,1755.0,1593.0
b8_h2048_q32_csa_profile_sim_batch_inner_descending_steady,ok,,full,csa_profile_sim,descending,steady,batch-inner,8,2048,32,2048,10,30,20260803,2026-08-13T08:41:02.079704+00:00,0.19862399995326996,0.19571200013160706,0.20051200687885284,0.1983200008670489,0.001633917839043649,367.60131730897587,524288,73014444032,0.9924395161290323,0.9924395161290323,0.722527752539372,0.9983029598825832,16640,31.50769230769231,9584640,0.1828125,"[""2K-8K""]",False,0.45645982027053833,0.599890947341919,70.34739851951599,83854336,46.0,107.06,1755.0,1593.0,46.0,108.82,1755.0,1593.0
b8_h2048_q4096_csa_profile_sim_batch_inner_ascending_steady,ok,,full,csa_profile_sim,ascending,steady,batch-inner,8,2048,4096,2048,10,30,20260803,2026-08-13T07:56:45.396394+00:00,18.525983810424805,18.49625587463379,19.37455940246582,18.754374440511068,0.42111002154208,504.4724712993096,67108864,9345848836096,0.8212912087912088,0.8212912087912088,0.722527752539372,0.8933578461350293,49120,1366.2228013029317,28293120,0.5396484375,"[""2K-8K""]",False,0.9625144302845001,10.968510061502457,6200.013063848019,4877976576,49.0,98.76,1755.0,1593.0,62.0,316.62,1530.0,1593.0
b8_h2048_q4096_csa_profile_sim_batch_inner_descending_steady,ok,,full,csa_profile_sim,descending,steady,batch-inner,8,2048,4096,2048,10,30,20260803,2026-08-13T08:40:24.249899+00:00,18.352672576904297,18.325952529907227,18.364320755004883,18.348935572306313,0.015388217747225041,509.236395785602,67108864,9345848836096,0.8212912087912088,0.8212912087912088,0.722527752539372,0.8933578461350293,49120,1366.2228013029317,28293120,0.5396484375,"[""2K-8K""]",False,0.9374171495437622,11.384338140487671,6254.446879029274,4877976576,45.0,94.76,1755.0,1593.0,60.0,315.5,1650.0,1593.0
b8_h2048_q512_csa_profile_sim_batch_inner_ascending_steady,ok,,full,csa_profile_sim,ascending,steady,batch-inner,8,2048,512,2048,10,30,20260803,2026-08-13T07:56:18.894274+00:00,2.2679998874664307,2.1333439350128174,2.3100481033325195,2.228838404019674,0.08085311582417044,515.0931051487062,8388608,1168231104512,0.8829500978473581,0.8829500978473581,0.722527752539372,0.99267578125,20472,409.76006252442363,11791872,0.224912109375,"[""2K-8K""]",False,0.780884176492691,1.66354700922966,2994.113218039274,811598848,44.0,89.82,1755.0,1593.0,50.0,120.22,1710.0,1593.0
b8_h2048_q512_csa_profile_sim_batch_inner_descending_steady,ok,,full,csa_profile_sim,descending,steady,batch-inner,8,2048,512,2048,10,30,20260803,2026-08-13T08:40:54.560770+00:00,2.2044479846954346,2.15449595451355,2.3356800079345703,2.2200607935587566,0.05597113838320513,529.9426943264448,8388608,1168231104512,0.8829500978473581,0.8829500978473581,0.722527752539372,0.99267578125,20472,409.76006252442363,11791872,0.224912109375,"[""2K-8K""]",False,0.7464177906513214,1.4493428170681,2968.704365193844,811598848,45.0,90.31,1755.0,1593.0,49.0,120.31,1650.0,1593.0
b8_h2048_q8_csa_profile_sim_batch_inner_ascending_steady,ok,,full,csa_profile_sim,ascending,steady,batch-inner,8,2048,8,2048,10,30,20260803,2026-08-13T07:56:13.173302+00:00,0.06992000341415405,0.06934399902820587,0.07155200093984604,0.0701813335220019,0.0011913307130030685,261.06421791599746,131072,18253611008,0.9983258928571429,0.9983258928571429,0.722527752539372,0.9993884540117417,16448,7.968871595330739,9474048,0.180703125,"[""2K-8K""]",False,0.4278309643268585,0.562664121389389,29.563944786787033,63431680,47.0,101.74,1755.0,1593.0,47.0,101.99,1755.0,1593.0
b8_h2048_q8_csa_profile_sim_batch_inner_descending_steady,ok,,full,csa_profile_sim,descending,steady,batch-inner,8,2048,8,2048,10,30,20260803,2026-08-13T08:41:02.960707+00:00,0.06931199878454208,0.0687360018491745,0.07068800181150436,0.06945706605911255,0.0008023747974571368,263.35427239289066,131072,18253611008,0.9983258928571429,0.9983258928571429,0.722527752539372,0.9993884540117417,16448,7.968871595330739,9474048,0.180703125,"[""2K-8K""]",False,0.3439299762248993,0.48935040831565857,24.923913180828094,63431680,45.0,108.39,1755.0,1593.0,45.0,107.47,1755.0,1593.0
b8_h262144_q1024_csa_profile_sim_batch_inner_ascending_steady,ok,,full,csa_profile_sim,ascending,steady,batch-inner,8,262144,1024,2048,10,30,20260803,2026-08-13T07:56:42.014051+00:00,5.55020809173584,5.411007881164551,5.772928237915039,5.607301378250122,0.09923914909122251,420.9683980142926,16777216,2336462209024,0.50390625,0.50390625,0.3817648634796384,0.40719789628180036,1723428,9.734793678645119,992694528,18.9341455078125,"[""64K+""]",True,0.9039454162120819,12.655161321163177,1333.5512205958366,2433221632,47.0,93.7,1755.0,1593.0,54.0,160.75,1680.0,1593.0
b8_h262144_q1024_csa_profile_sim_batch_inner_descending_steady,ok,,full,csa_profile_sim,descending,steady,batch-inner,8,262144,1024,2048,10,30,20260803,2026-08-13T08:40:33.189237+00:00,5.664095878601074,5.435423851013184,5.679391860961914,5.637416537602743,0.06440485188509235,412.504000479784,16777216,2336462209024,0.50390625,0.50390625,0.3817648634796384,0.40719789628180036,1723428,9.734793678645119,992694528,18.9341455078125,"[""64K+""]",True,0.8743070065975189,13.203486800193787,1451.095562428236,2433221632,47.0,93.61,1755.0,1593.0,51.0,160.12,1665.0,1593.0
b8_h262144_q128_csa_profile_sim_batch_inner_ascending_steady,ok,,full,csa_profile_sim,ascending,steady,batch-inner,8,262144,128,2048,10,30,20260803,2026-08-13T07:56:18.201417+00:00,0.6739199757575989,0.67084801197052,0.6797440052032471,0.6744341373443603,0.002807511626698598,433.3715969758548,2097152,292057776128,0.50390625,0.50390625,0.3817648634796384,0.406150623776908,566964,3.6989156278000013,326571264,6.2288525390625,"[""64K+""]",True,0.7087476551532745,10.286089032888412,238.37042227387428,1691419648,46.0,117.07,1755.0,1593.0,48.0,125.39,1755.0,1593.0
b8_h262144_q128_csa_profile_sim_batch_inner_descending_steady,ok,,full,csa_profile_sim,descending,steady,batch-inner,8,262144,128,2048,10,30,20260803,2026-08-13T08:40:57.985149+00:00,0.6746879816055298,0.6710720062255859,0.6769599914550781,0.674318927526474,0.0019420543285096163,432.87828461535804,2097152,292057776128,0.50390625,0.50390625,0.3817648634796384,0.406150623776908,566964,3.6989156278000013,326571264,6.2288525390625,"[""64K+""]",True,0.6537288427352905,10.943803936243057,165.87091609835625,1691419648,47.0,137.9,1755.0,1593.0,48.0,149.17,1755.0,1593.0
b8_h262144_q2_csa_profile_sim_batch_inner_ascending_steady,ok,,full,csa_profile_sim,ascending,steady,batch-inner,8,262144,2,2048,10,30,20260803,2026-08-13T07:56:12.984094+00:00,0.0711359977722168,0.07065600156784058,0.07260800153017044,0.07141013319293658,0.0013348431513515492,64.15040056951733,32768,4563402752,0.50390625,0.50390625,0.38176486347963834,0.41303816046966735,24512,1.3368146214099217,14118912,0.269296875,"[""64K+""]",True,0.5537047982215881,10.274101048707962,6.06049969792366,1587103744,47.0,139.66,1755.0,1593.0,47.0,123.23,1755.0,1593.0
b8_h262144_q2_csa_profile_sim_batch_inner_descending_steady,ok,,full,csa_profile_sim,descending,steady,batch-inner,8,262144,2,2048,10,30,20260803,2026-08-13T08:41:03.193523+00:00,0.07043199986219406,0.06995200365781784,0.07168000191450119,0.07061333333452542,0.0006489681265053465,64.79161121264012,32768,4563402752,0.50390625,0.50390625,0.38176486347963834,0.41303816046966735,24512,1.3368146214099217,14118912,0.269296875,"[""64K+""]",True,0.4179738461971283,10.770518332719803,5.689974874258041,1587103744,46.0,112.17,1755.0,1593.0,46.0,108.3,1755.0,1593.0
b8_h262144_q32_csa_profile_sim_batch_inner_ascending_steady,ok,,full,csa_profile_sim,ascending,steady,batch-inner,8,262144,32,2048,10,30,20260803,2026-08-13T07:56:15.281731+00:00,0.23465600609779358,0.23216000199317932,0.2372799962759018,0.23459840069214502,0.0016131583851365244,311.1552320615694,524288,73014444032,0.50390625,0.50390625,0.38176486347963834,0.4050574853228963,214840,2.4403649227331967,123747840,2.360302734375,"[""64K+""]",True,0.9002909064292908,10.110173374414444,65.53390249609947,1611940864,46.0,108.12,1755.0,1593.0,47.0,110.39,1755.0,1593.0
b8_h262144_q32_csa_profile_sim_batch_inner_descending_steady,ok,,full,csa_profile_sim,descending,steady,batch-inner,8,262144,32,2048,10,30,20260803,2026-08-13T08:41:01.041284+00:00,0.23391999304294586,0.23174400627613068,0.23987199366092682,0.237533866862456,0.017714176588049985,312.13426044602835,524288,73014444032,0.50390625,0.50390625,0.38176486347963834,0.4050574853228963,214840,2.4403649227331967,123747840,2.360302734375,"[""64K+""]",True,0.6495378911495209,10.808203369379044,44.07738521695137,1611940864,46.0,115.08,1755.0,1593.0,46.0,116.81,1755.0,1593.0
b8_h262144_q4096_csa_profile_sim_batch_inner_ascending_steady,ok,,full,csa_profile_sim,ascending,steady,batch-inner,8,262144,4096,2048,10,30,20260803,2026-08-13T07:57:27.191233+00:00,22.076032638549805,21.912960052490234,23.971935272216797,22.381944529215495,0.7228565071370199,423.3482070404267,67108864,9345848836096,0.50390625,0.50390625,0.3817648634796384,0.4069948439028865,2126164,31.56335259180383,1224670464,23.3587353515625,"[""64K+""]",True,1.2170523405075073,21.2617926299572,5333.937298506498,6075450368,47.0,98.89,1755.0,1593.0,59.0,355.51,1650.0,1593.0
b8_h262144_q4096_csa_profile_sim_batch_inner_descending_steady,ok,,full,csa_profile_sim,descending,steady,batch-inner,8,262144,4096,2048,10,30,20260803,2026-08-13T08:39:43.687254+00:00,22.06924819946289,21.566911697387695,23.953472137451172,22.33469435373942,0.7586314664126005,423.4783510352407,67108864,9345848836096,0.50390625,0.50390625,0.3817648634796384,0.4069948439028865,2126164,31.56335259180383,1224670464,23.3587353515625,"[""64K+""]",True,1.4106407761573792,21.598558872938156,5515.442371368408,6075450368,46.0,97.34,1740.0,1593.0,58.0,354.53,1620.0,1593.0
b8_h262144_q512_csa_profile_sim_batch_inner_ascending_steady,ok,,full,csa_profile_sim,ascending,steady,batch-inner,8,262144,512,2048,10,30,20260803,2026-08-13T07:56:27.143536+00:00,2.8118720054626465,2.6840319633483887,2.8507840633392334,2.785865592956543,0.06910066887876565,415.46382703141114,8388608,1168231104512,0.50390625,0.50390625,0.3817648634796384,0.40649748501712324,1265160,6.6304720351576085,728732160,13.899462890625,"[""64K+""]",True,0.8623749017715454,11.113706976175308,668.1910417973995,2009334784,46.0,130.65,1755.0,1593.0,49.0,135.34,1710.0,1593.0
b8_h262144_q512_csa_profile_sim_batch_inner_descending_steady,ok,,full,csa_profile_sim,descending,steady,batch-inner,8,262144,512,2048,10,30,20260803,2026-08-13T08:40:48.876489+00:00,2.7838399410247803,2.672640085220337,2.8561599254608154,2.7819647947947184,0.06605399306026462,419.6473681177064,8388608,1168231104512,0.50390625,0.50390625,0.3817648634796384,0.40649748501712324,1265160,6.6304720351576085,728732160,13.899462890625,"[""64K+""]",True,0.8703134953975677,11.92355528473854,667.2755107283592,2009334784,48.0,132.43,1755.0,1593.0,52.0,164.98,1440.0,1593.0
b8_h262144_q8_csa_profile_sim_batch_inner_ascending_steady,ok,,full,csa_profile_sim,ascending,steady,batch-inner,8,262144,8,2048,10,30,20260803,2026-08-13T07:56:13.904520+00:00,0.07996799796819687,0.0791039988398552,0.08524800091981888,0.08279893398284913,0.014145295381565923,228.26144797646967,131072,18253611008,0.50390625,0.50390625,0.38176486347963834,0.41251834637964774,69628,1.882461078876314,40105728,0.7649560546875,"[""64K+""]",True,0.5695223808288574,10.04507765173912,12.387942522764206,1592071168,46.0,106.39,1755.0,1593.0,46.0,105.11,1755.0,1593.0
b8_h262144_q8_csa_profile_sim_batch_inner_descending_steady,ok,,full,csa_profile_sim,descending,steady,batch-inner,8,262144,8,2048,10,30,20260803,2026-08-13T08:41:02.315726+00:00,0.07952000200748444,0.0788159966468811,0.08038400113582611,0.0796234667301178,0.0009816126425870734,229.54741633786637,131072,18253611008,0.50390625,0.50390625,0.38176486347963834,0.41251834637964774,69628,1.882461078876314,40105728,0.7649560546875,"[""64K+""]",True,0.5265511572360992,10.578200221061707,18.95352080464363,1592071168,46.0,113.02,1755.0,1593.0,46.0,112.95,1755.0,1593.0
b8_h32768_q1024_csa_profile_sim_batch_inner_ascending_steady,ok,,full,csa_profile_sim,ascending,steady,batch-inner,8,32768,1024,2048,10,30,20260803,2026-08-13T07:56:37.217790+00:00,5.3256001472473145,5.13478422164917,5.576223850250244,5.361652263005575,0.11551760887211636,438.72280013956095,16777216,2336462209024,0.5703125,0.5703125,0.432384490611313,0.5015761642306752,270284,62.072545914667536,155683584,2.9694287109375,"[""32K-64K""]",False,0.8302219212055206,4.045262932777405,1236.8309050798416,1376257024,46.0,92.82,1755.0,1593.0,52.0,155.98,1605.0,1593.0
b8_h32768_q1024_csa_profile_sim_batch_inner_descending_steady,ok,,full,csa_profile_sim,descending,steady,batch-inner,8,32768,1024,2048,10,30,20260803,2026-08-13T08:40:38.210476+00:00,5.371007919311523,5.299903869628906,5.454751968383789,5.391679954528809,0.054753667778117916,435.0137337580945,16777216,2336462209024,0.5703125,0.5703125,0.432384490611313,0.5015761642306752,270284,62.072545914667536,155683584,2.9694287109375,"[""32K-64K""]",False,0.8629411458969116,4.1717663407325745,1212.39497885108,1376257024,47.0,93.28,1755.0,1593.0,54.0,154.55,1605.0,1593.0
b8_h32768_q128_csa_profile_sim_batch_inner_ascending_steady,ok,,full,csa_profile_sim,ascending,steady,batch-inner,8,32768,128,2048,10,30,20260803,2026-08-13T07:56:17.135083+00:00,0.6351040005683899,0.6335359811782837,0.6412799954414368,0.6356490651766459,0.002121377871043442,459.85818994467246,2097152,292057776128,0.5703125,0.5703125,0.432384490611313,0.49729964224559686,248740,8.431100747768754,143274240,2.7327392578125,"[""32K-64K""]",False,1.3196617364883423,2.681080251932144,195.62166184186935,634455040,46.0,115.58,1755.0,1593.0,47.0,119.2,1755.0,1593.0
b8_h32768_q128_csa_profile_sim_batch_inner_descending_steady,ok,,full,csa_profile_sim,descending,steady,batch-inner,8,32768,128,2048,10,30,20260803,2026-08-13T08:40:58.915970+00:00,0.6360960006713867,0.6330239772796631,0.6396480202674866,0.6360533316930135,0.002120077873707676,459.14103503203734,2097152,292057776128,0.5703125,0.5703125,0.432384490611313,0.49729964224559686,248740,8.431100747768754,143274240,2.7327392578125,"[""32K-64K""]",False,0.6645172834396362,1.9186511635780334,155.65523132681847,634455040,47.0,125.21,1740.0,1593.0,49.0,130.83,1755.0,1593.0
b8_h32768_q2_csa_profile_sim_batch_inner_ascending_steady,ok,,full,csa_profile_sim,ascending,steady,batch-inner,8,32768,2,2048,10,30,20260803,2026-08-13T07:56:12.722847+00:00,0.07081600278615952,0.07004799693822861,0.07199999690055847,0.07105066701769829,0.0009000032210948729,64.44027581985867,32768,4563402752,0.5703125,0.5703125,0.43238449061131295,0.48263209393346373,23424,1.3989071038251366,13492224,0.25734375,"[""32K-64K""]",False,0.48823282122612,1.7727985978126526,6.694484502077103,530139136,47.0,207.45,1755.0,1593.0,47.0,194.81,1755.0,1593.0
b8_h32768_q2_csa_profile_sim_batch_inner_descending_steady,ok,,full,csa_profile_sim,descending,steady,batch-inner,8,32768,2,2048,10,30,20260803,2026-08-13T08:41:03.550803+00:00,0.07036799937486649,0.06988800317049026,0.07465600222349167,0.0707306665678819,0.0011442510505015706,64.85053991217949,32768,4563402752,0.5703125,0.5703125,0.43238449061131295,0.48263209393346373,23424,1.3989071038251366,13492224,0.25734375,"[""32K-64K""]",False,0.3802552819252014,1.7054229974746704,6.137054413557053,530139136,45.0,103.51,1755.0,1593.0,45.0,102.61,1755.0,1593.0
b8_h32768_q32_csa_profile_sim_batch_inner_ascending_steady,ok,,full,csa_profile_sim,ascending,steady,batch-inner,8,32768,32,2048,10,30,20260803,2026-08-13T07:56:14.789087+00:00,0.22575999796390533,0.22361600399017334,0.22886399924755096,0.2259413331747055,0.001764346348373926,323.4162149650338,524288,73014444032,0.5703125,0.5703125,0.43238449061131295,0.4925620719178082,147712,3.5493934142114383,85082112,1.6228125,"[""32K-64K""]",False,0.6084144115447998,1.7147138714790344,66.20362028479576,554976256,46.0,107.54,1755.0,1593.0,46.0,109.49,1755.0,1593.0
b8_h32768_q32_csa_profile_sim_batch_inner_descending_steady,ok,,full,csa_profile_sim,descending,steady,batch-inner,8,32768,32,2048,10,30,20260803,2026-08-13T08:41:01.542986+00:00,0.22563199698925018,0.22368000447750092,0.23052799701690674,0.22629013359546662,0.002751066889878676,323.5996889017414,524288,73014444032,0.5703125,0.5703125,0.43238449061131295,0.4925620719178082,147712,3.5493934142114383,85082112,1.6228125,"[""32K-64K""]",False,0.5810000002384186,1.665305346250534,68.65225732326508,554976256,46.0,115.59,1755.0,1593.0,46.0,118.26,1755.0,1593.0
b8_h32768_q4096_csa_profile_sim_batch_inner_ascending_steady,ok,,full,csa_profile_sim,ascending,steady,batch-inner,8,32768,4096,2048,10,30,20260803,2026-08-13T07:57:07.705143+00:00,21.081056594848633,21.01238441467285,22.668832778930664,21.330374336242677,0.6090649952193471,443.3292417790744,67108864,9345848836096,0.5703125,0.5703125,0.432384490611313,0.4904958347984956,294864,227.59259862173747,169841664,3.23947265625,"[""32K-64K""]",False,0.9190887212753296,12.675866484642029,4937.977258116007,5018485760,46.0,97.28,1740.0,1593.0,60.0,342.18,1515.0,1593.0
b8_h32768_q4096_csa_profile_sim_batch_inner_descending_steady,ok,,full,csa_profile_sim,descending,steady,batch-inner,8,32768,4096,2048,10,30,20260803,2026-08-13T08:40:03.071176+00:00,21.089216232299805,20.917856216430664,22.39142417907715,21.1605131149292,0.39434424099330373,443.15771307717415,67108864,9345848836096,0.5703125,0.5703125,0.432384490611313,0.4904958347984956,294864,227.59259862173747,169841664,3.23947265625,"[""32K-64K""]",False,0.9990297257900238,12.633107602596283,5010.066892951727,5018485760,45.0,97.87,1755.0,1593.0,59.0,349.09,1620.0,1593.0
b8_h32768_q512_csa_profile_sim_batch_inner_ascending_steady,ok,,full,csa_profile_sim,ascending,steady,batch-inner,8,32768,512,2048,10,30,20260803,2026-08-13T07:56:24.477567+00:00,2.6154561042785645,2.4488320350646973,2.7154879570007324,2.632243196169535,0.07617868974894315,446.66438966454746,8388608,1168231104512,0.5703125,0.5703125,0.432384490611313,0.5028150226272016,266208,31.51147974516168,153335808,2.9246484375,"[""32K-64K""]",False,0.8455440402030945,2.989545464515686,613.8112880289555,952370176,46.0,124.73,1755.0,1593.0,50.0,146.84,1695.0,1593.0
b8_h32768_q512_csa_profile_sim_batch_inner_descending_steady,ok,,full,csa_profile_sim,descending,steady,batch-inner,8,32768,512,2048,10,30,20260803,2026-08-13T08:40:51.471625+00:00,2.6493120193481445,2.443743944168091,2.6800320148468018,2.6099189360936483,0.07912383631106164,440.9564052781672,8388608,1168231104512,0.5703125,0.5703125,0.432384490611313,0.5028150226272016,266208,31.51147974516168,153335808,2.9246484375,"[""32K-64K""]",False,0.7969550788402557,2.740945667028427,627.010453492403,952370176,47.0,130.03,1755.0,1593.0,50.0,162.55,1665.0,1593.0
b8_h32768_q8_csa_profile_sim_batch_inner_ascending_steady,ok,,full,csa_profile_sim,ascending,steady,batch-inner,8,32768,8,2048,10,30,20260803,2026-08-13T07:56:13.563563+00:00,0.07744000107049942,0.07705599814653397,0.07891199737787247,0.07775146613518397,0.001221347460240899,235.7129488077147,131072,18253611008,0.5703125,0.5703125,0.43238449061131295,0.4946489726027397,58948,2.2235190337246387,33954048,0.6476220703125,"[""32K-64K""]",False,0.6152577698230743,1.5780553221702576,18.984228372573853,535106560,46.0,103.11,1755.0,1593.0,46.0,103.06,1755.0,1593.0
b8_h32768_q8_csa_profile_sim_batch_inner_descending_steady,ok,,full,csa_profile_sim,descending,steady,batch-inner,8,32768,8,2048,10,30,20260803,2026-08-13T08:41:02.584796+00:00,0.07718399912118912,0.07680000364780426,0.07827199995517731,0.07745173300306002,0.0010696004698780566,236.49475559486638,131072,18253611008,0.5703125,0.5703125,0.43238449061131295,0.4946489726027397,58948,2.2235190337246387,33954048,0.6476220703125,"[""32K-64K""]",False,0.43745338916778564,1.5182383358478546,12.598633766174316,535106560,46.0,113.49,1755.0,1593.0,46.0,111.69,1755.0,1593.0
b8_h4096_q1024_csa_profile_sim_batch_inner_ascending_steady,ok,,full,csa_profile_sim,ascending,steady,batch-inner,8,4096,1024,2048,10,30,20260803,2026-08-13T07:56:33.058370+00:00,4.720672130584717,4.5564799308776855,4.729055881500244,4.684211158752442,0.06473977291943894,494.942699766484,16777216,2336462209024,0.8125,0.8125,0.722527752539372,0.8636749327299413,40920,410.0003910068426,23569920,0.449560546875,"[""2K-8K""]",False,0.914204865694046,3.0435211956501007,761.8978396058083,1244136448,46.0,132.48,1755.0,1593.0,50.0,149.11,1710.0,1593.0
b8_h4096_q1024_csa_profile_sim_batch_inner_descending_steady,ok,,full,csa_profile_sim,descending,steady,batch-inner,8,4096,1024,2048,10,30,20260803,2026-08-13T08:40:42.715040+00:00,4.897952079772949,4.7369279861450195,4.9496002197265625,4.857011206944784,0.08198509406080726,477.0283928813591,16777216,2336462209024,0.8125,0.8125,0.722527752539372,0.8636749327299413,40920,410.0003910068426,23569920,0.449560546875,"[""2K-8K""]",False,0.8371435105800629,3.0246488749980927,727.824442088604,1244136448,48.0,148.57,1755.0,1593.0,55.0,146.99,1695.0,1593.0
b8_h4096_q128_csa_profile_sim_batch_inner_ascending_steady,ok,,full,csa_profile_sim,ascending,steady,batch-inner,8,4096,128,2048,10,30,20260803,2026-08-13T07:56:16.256599+00:00,0.5663359761238098,0.5640000104904175,0.5728960037231445,0.56700372894605,0.0024867360948965414,515.6970216282917,2097152,292057776128,0.8125,0.8125,0.722527752539372,0.8773066750244618,33756,62.12679227396611,19443456,0.3708544921875,"[""2K-8K""]",False,0.6416589021682739,0.7191970944404602,93.85918453335762,313590784,46.0,108.25,1755.0,1593.0,48.0,113.28,1755.0,1593.0
b8_h4096_q128_csa_profile_sim_batch_inner_descending_steady,ok,,full,csa_profile_sim,descending,steady,batch-inner,8,4096,128,2048,10,30,20260803,2026-08-13T08:40:59.991873+00:00,0.5654079914093018,0.5631999969482422,0.5686079859733582,0.565852802991867,0.002416003802462737,516.5434174356724,2097152,292057776128,0.8125,0.8125,0.722527752539372,0.8773066750244618,33756,62.12679227396611,19443456,0.3708544921875,"[""2K-8K""]",False,0.6409250199794769,0.6919726729393005,140.77889546751976,313590784,46.0,115.12,1740.0,1593.0,47.0,118.8,1755.0,1593.0
b8_h4096_q2_csa_profile_sim_batch_inner_ascending_steady,ok,,full,csa_profile_sim,ascending,steady,batch-inner,8,4096,2,2048,10,30,20260803,2026-08-13T07:56:12.366714+00:00,0.07132799923419952,0.07081600278615952,0.07481600344181061,0.07168106610576312,0.0011147301993245128,63.97771984345795,32768,4563402752,0.8125,0.8125,0.722527752539372,0.8553082191780822,19456,1.6842105263157894,11206656,0.21375,"[""2K-8K""]",False,0.42723119258880615,0.703662633895874,6.156511604785919,114949120,50.0,223.65,1740.0,1593.0,49.0,223.89,1740.0,1593.0
b8_h4096_q2_csa_profile_sim_batch_inner_descending_steady,ok,,full,csa_profile_sim,descending,steady,batch-inner,8,4096,2,2048,10,30,20260803,2026-08-13T08:41:03.823180+00:00,0.0703359991312027,0.06963200122117996,0.07231999933719635,0.07045120100180308,0.0006926397659391698,64.88004447747396,32768,4563402752,0.8125,0.8125,0.722527752539372,0.8553082191780822,19456,1.6842105263157894,11206656,0.21375,"[""2K-8K""]",False,0.3621317446231842,0.6515868008136749,5.289215594530106,114949120,45.0,101.92,1755.0,1593.0,45.0,101.99,1755.0,1593.0
b8_h4096_q32_csa_profile_sim_batch_inner_ascending_steady,ok,,full,csa_profile_sim,ascending,steady,batch-inner,8,4096,32,2048,10,30,20260803,2026-08-13T07:56:14.330243+00:00,0.2051520049571991,0.20319999754428864,0.20787200331687927,0.2053301324446996,0.0013476960222996294,355.9041211770415,524288,73014444032,0.8125,0.8125,0.722527752539372,0.8747630259295499,32636,16.064713812967277,18798336,0.3585498046875,"[""2K-8K""]",False,0.617537647485733,0.76264888048172,26.92248672246933,140477440,46.0,104.82,1755.0,1593.0,46.0,107.06,1755.0,1593.0
b8_h4096_q32_csa_profile_sim_batch_inner_descending_steady,ok,,full,csa_profile_sim,descending,steady,batch-inner,8,4096,32,2048,10,30,20260803,2026-08-13T08:41:01.973165+00:00,0.2040960043668747,0.20211200416088104,0.20732800662517548,0.20425600161155064,0.0016007248960587747,357.7455828128423,524288,73014444032,0.8125,0.8125,0.722527752539372,0.8747630259295499,32636,16.064713812967277,18798336,0.3585498046875,"[""2K-8K""]",False,0.5516856908798218,0.6982125341892242,26.744522154331207,140477440,46.0,109.73,1755.0,1593.0,46.0,109.29,1755.0,1593.0
b8_h4096_q4096_csa_profile_sim_batch_inner_ascending_steady,ok,,full,csa_profile_sim,ascending,steady,batch-inner,8,4096,4096,2048,10,30,20260803,2026-08-13T07:56:52.486668+00:00,19.44086456298828,18.59369659423828,20.021984100341797,19.382376543680827,0.5906917050445908,480.73216115546245,67108864,9345848836096,0.8124670902014652,0.8124670902014652,0.7224876865505949,0.8334545874548985,65488,1024.7505497190325,37721088,0.71947265625,"[""2K-8K"", ""8K-16K""]",False,0.9869001805782318,11.519525200128555,2788.2824949920177,4886365184,49.0,97.07,1755.0,1593.0,60.0,316.8,1680.0,1593.0
b8_h4096_q4096_csa_profile_sim_batch_inner_descending_steady,ok,,full,csa_profile_sim,descending,steady,batch-inner,8,4096,4096,2048,10,30,20260803,2026-08-13T08:40:20.607366+00:00,18.64521598815918,18.61302375793457,18.962303161621094,18.74906546274821,0.14797630737252193,501.24647748951634,67108864,9345848836096,0.8124670902014652,0.8124670902014652,0.7224876865505949,0.8334545874548985,65488,1024.7505497190325,37721088,0.71947265625,"[""2K-8K"", ""8K-16K""]",False,0.9601078927516937,11.551842093467712,2784.9845327436924,4886365184,47.0,98.16,1740.0,1593.0,62.0,320.95,1470.0,1593.0
b8_h4096_q512_csa_profile_sim_batch_inner_ascending_steady,ok,,full,csa_profile_sim,ascending,steady,batch-inner,8,4096,512,2048,10,30,20260803,2026-08-13T07:56:22.146097+00:00,2.331264019012451,2.1667840480804443,2.378175973892212,2.303341865539551,0.08334056855269012,501.11488659567414,8388608,1168231104512,0.8125,0.8125,0.722527752539372,0.8703154621758806,36824,227.80273734520964,21210624,0.404560546875,"[""2K-8K""]",False,0.7747001945972443,1.5392601490020752,391.0463713109493,820249600,45.0,122.15,1755.0,1593.0,50.0,151.3,1695.0,1593.0
b8_h4096_q512_csa_profile_sim_batch_inner_descending_steady,ok,,full,csa_profile_sim,descending,steady,batch-inner,8,4096,512,2048,10,30,20260803,2026-08-13T08:40:53.919061+00:00,2.2923519611358643,2.1970560550689697,2.4170238971710205,2.3085333506266275,0.07998192308655006,509.62117699113685,8388608,1168231104512,0.8125,0.8125,0.722527752539372,0.8703154621758806,36824,227.80273734520964,21210624,0.404560546875,"[""2K-8K""]",False,0.7703416049480438,1.553080976009369,470.46924382448196,820249600,48.0,124.46,1755.0,1593.0,52.0,152.88,1515.0,1593.0
b8_h4096_q8_csa_profile_sim_batch_inner_ascending_steady,ok,,full,csa_profile_sim,ascending,steady,batch-inner,8,4096,8,2048,10,30,20260803,2026-08-13T07:56:13.284007+00:00,0.06985600292682648,0.06934399902820587,0.07609599828720093,0.0706346665819486,0.0030631682664919303,261.3033990381684,131072,18253611008,0.8125,0.8125,0.722527752539372,0.8697712818003913,27264,4.807511737089202,15704064,0.29953125,"[""2K-8K""]",False,0.5664564669132233,0.5806311964988708,12.875664979219437,120054784,47.0,102.0,1755.0,1593.0,47.0,102.34,1755.0,1593.0
b8_h4096_q8_csa_profile_sim_batch_inner_descending_steady,ok,,full,csa_profile_sim,descending,steady,batch-inner,8,4096,8,2048,10,30,20260803,2026-08-13T08:41:02.896088+00:00,0.06943999975919724,0.06892800331115723,0.07065600156784058,0.06959893306096394,0.0008107432779293403,262.86882303138736,131072,18253611008,0.8125,0.8125,0.722527752539372,0.8697712818003913,27264,4.807511737089202,15704064,0.29953125,"[""2K-8K""]",False,0.4771426320075989,0.5253776907920837,11.696219444274902,120054784,46.0,110.29,1755.0,1593.0,46.0,108.83,1755.0,1593.0
b8_h524288_q1024_csa_profile_sim_batch_inner_ascending_steady,ok,,full,csa_profile_sim,ascending,steady,batch-inner,8,524288,1024,2048,10,30,20260803,2026-08-13T07:56:43.708486+00:00,5.565855979919434,5.3816962242126465,5.808832168579102,5.622396850585938,0.11001536380081454,419.7848843831961,16777216,2336462209024,0.50390625,0.50390625,0.3817648634796384,0.40677578621881116,2314720,7.248054192299716,1333278720,25.4302734375,"[""64K+""]",True,1.0459907352924347,22.421352565288544,1351.5861481428146,3641181184,47.0,92.62,1755.0,1593.0,54.0,159.51,1470.0,1593.0
b8_h524288_q1024_csa_profile_sim_batch_inner_descending_steady,ok,,full,csa_profile_sim,descending,steady,batch-inner,8,524288,1024,2048,10,30,20260803,2026-08-13T08:40:31.381481+00:00,5.4613118171691895,5.391744136810303,5.7011518478393555,5.507159455617269,0.0923828332568851,427.8206934968748,16777216,2336462209024,0.50390625,0.50390625,0.3817648634796384,0.40677578621881116,2314720,7.248054192299716,1333278720,25.4302734375,"[""64K+""]",True,0.9386688470840454,23.262865841388702,1462.4102488160133,3641181184,48.0,93.65,1755.0,1593.0,55.0,160.38,1500.0,1593.0
b8_h524288_q128_csa_profile_sim_batch_inner_ascending_steady,ok,,full,csa_profile_sim,ascending,steady,batch-inner,8,524288,128,2048,10,30,20260803,2026-08-13T07:56:18.556942+00:00,0.6757439970970154,0.673088014125824,0.6793280243873596,0.6761738657951355,0.002922831478965546,432.2018062797083,2097152,292057776128,0.50390625,0.50390625,0.3817648634796384,0.40700678816046965,583040,3.596926454445664,335831040,6.40546875,"[""64K+""]",True,0.7575042545795441,20.037081092596054,171.1932308971882,2899379200,46.0,126.18,1755.0,1593.0,48.0,128.34,1755.0,1593.0
b8_h524288_q128_csa_profile_sim_batch_inner_descending_steady,ok,,full,csa_profile_sim,descending,steady,batch-inner,8,524288,128,2048,10,30,20260803,2026-08-13T08:40:57.717027+00:00,0.6788480281829834,0.6762239933013916,0.6835839748382568,0.6794357299804688,0.0023804133297993042,430.2255644900774,2097152,292057776128,0.50390625,0.50390625,0.3817648634796384,0.40700678816046965,583040,3.596926454445664,335831040,6.40546875,"[""64K+""]",True,0.7657036185264587,19.91545781493187,167.28505119681358,2899379200,47.0,124.72,1740.0,1593.0,47.0,134.18,1740.0,1593.0
b8_h524288_q2_csa_profile_sim_batch_inner_ascending_steady,ok,,full,csa_profile_sim,ascending,steady,batch-inner,8,524288,2,2048,10,30,20260803,2026-08-13T07:56:13.086247+00:00,0.07119999825954437,0.07052800059318542,0.0745600014925003,0.07165226687987646,0.0013664092599515515,64.09273684762029,32768,4563402752,0.50390625,0.50390625,0.38176486347963834,0.40569960861056753,24512,1.3368146214099217,14118912,0.269296875,"[""64K+""]",True,0.5933977663516998,20.128559321165085,6.271425634622574,2795063296,47.0,115.04,1755.0,1593.0,47.0,103.52,1755.0,1593.0
b8_h524288_q2_csa_profile_sim_batch_inner_descending_steady,ok,,full,csa_profile_sim,descending,steady,batch-inner,8,524288,2,2048,10,30,20260803,2026-08-13T08:41:03.092639+00:00,0.07097599655389786,0.0703359991312027,0.07398399710655212,0.07112533301115036,0.0010873828867111648,64.29501484399218,32768,4563402752,0.50390625,0.50390625,0.38176486347963834,0.40569960861056753,24512,1.3368146214099217,14118912,0.269296875,"[""64K+""]",True,0.49307942390441895,19.752856343984604,5.902152508497238,2795063296,45.0,111.35,1755.0,1593.0,45.0,111.42,1755.0,1593.0
b8_h524288_q32_csa_profile_sim_batch_inner_ascending_steady,ok,,full,csa_profile_sim,ascending,steady,batch-inner,8,524288,32,2048,10,30,20260803,2026-08-13T07:56:15.462115+00:00,0.23337599635124207,0.23119999468326569,0.23612800240516663,0.23343359927336374,0.0012895233909774027,312.86184172133005,524288,73014444032,0.50390625,0.50390625,0.38176486347963834,0.4078935298434442,215488,2.433026433026433,124121088,2.367421875,"[""64K+""]",True,0.7338635623455048,19.958898425102234,65.61864167451859,2819900416,46.0,115.54,1755.0,1593.0,46.0,114.7,1755.0,1593.0
b8_h524288_q32_csa_profile_sim_batch_inner_descending_steady,ok,,full,csa_profile_sim,descending,steady,batch-inner,8,524288,32,2048,10,30,20260803,2026-08-13T08:41:00.875519+00:00,0.23612800240516663,0.23423999547958374,0.23974399268627167,0.23643626670042675,0.0016939346484107468,309.2155241575973,524288,73014444032,0.50390625,0.50390625,0.38176486347963834,0.4078935298434442,215488,2.433026433026433,124121088,2.367421875,"[""64K+""]",True,0.7598884403705597,19.774258136749268,64.99931588768959,2819900416,46.0,111.96,1740.0,1593.0,46.0,113.1,1740.0,1593.0
b8_h524288_q4096_csa_profile_sim_batch_inner_ascending_steady,ok,,full,csa_profile_sim,ascending,steady,batch-inner,8,524288,4096,2048,10,30,20260803,2026-08-13T07:57:33.603974+00:00,22.12495994567871,21.960256576538086,25.090879440307617,22.428622881571453,0.8348631012630575,422.41201154903627,67108864,9345848836096,0.50390625,0.50390625,0.3817648634796384,0.40677620426782657,4015728,16.71150635700426,2313059328,44.11810546875,"[""64K+""]",True,1.059412956237793,31.146042048931122,5507.44765996933,7283409920,47.0,98.14,1755.0,1593.0,58.0,359.07,1590.0,1593.0
b8_h524288_q4096_csa_profile_sim_batch_inner_descending_steady,ok,,full,csa_profile_sim,descending,steady,batch-inner,8,524288,4096,2048,10,30,20260803,2026-08-13T08:39:36.630263+00:00,22.0501766204834,21.724000930786133,23.688352584838867,22.218113009134928,0.5905985286351005,423.844624782471,67108864,9345848836096,0.50390625,0.50390625,0.3817648634796384,0.40677620426782657,4015728,16.71150635700426,2313059328,44.11810546875,"[""64K+""]",True,0.9436048567295074,29.229573905467987,5965.535365045071,7283409920,46.0,97.83,1740.0,1593.0,58.0,354.5,1680.0,1593.0
b8_h524288_q512_csa_profile_sim_batch_inner_ascending_steady,ok,,full,csa_profile_sim,ascending,steady,batch-inner,8,524288,512,2048,10,30,20260803,2026-08-13T07:56:28.066612+00:00,2.7890241146087646,2.6167678833007812,2.8152639865875244,2.7537471850713096,0.07081481769211155,418.86733728577883,8388608,1168231104512,0.50390625,0.50390625,0.3817648634796384,0.40623710020181014,1472332,5.697497575275142,848063232,16.1755224609375,"[""64K+""]",True,0.8881501853466034,21.022159606218338,685.6213212013245,3217294336,46.0,130.11,1755.0,1593.0,52.0,132.96,1665.0,1593.0
b8_h524288_q512_csa_profile_sim_batch_inner_descending_steady,ok,,full,csa_profile_sim,descending,steady,batch-inner,8,524288,512,2048,10,30,20260803,2026-08-13T08:40:47.984198+00:00,2.7532799243927,2.607935905456543,2.843424081802368,2.747640546162923,0.07875672616846198,424.30524196324876,8388608,1168231104512,0.50390625,0.50390625,0.3817648634796384,0.40623710020181014,1472332,5.697497575275142,848063232,16.1755224609375,"[""64K+""]",True,0.982038676738739,21.046269685029984,684.5227479934692,3217294336,48.0,149.79,1755.0,1593.0,53.0,154.24,1410.0,1593.0
b8_h524288_q8_csa_profile_sim_batch_inner_ascending_steady,ok,,full,csa_profile_sim,ascending,steady,batch-inner,8,524288,8,2048,10,30,20260803,2026-08-13T07:56:14.008457+00:00,0.08019199967384338,0.07952000200748444,0.08124800026416779,0.08041493321458498,0.0010890804771427538,227.62384130887148,131072,18253611008,0.50390625,0.50390625,0.38176486347963834,0.40805406066536204,69640,1.8821367030442275,40112640,0.765087890625,"[""64K+""]",True,0.680677592754364,19.946668297052383,13.38173821568489,2800030720,47.0,108.17,1755.0,1593.0,46.0,104.67,1755.0,1593.0
b8_h524288_q8_csa_profile_sim_batch_inner_descending_steady,ok,,full,csa_profile_sim,descending,steady,batch-inner,8,524288,8,2048,10,30,20260803,2026-08-13T08:41:02.231047+00:00,0.07948800176382065,0.07849600166082382,0.0804160013794899,0.07965546722213428,0.0011953520709188394,229.63982743252478,131072,18253611008,0.50390625,0.50390625,0.38176486347963834,0.40805406066536204,69640,1.8821367030442275,40112640,0.765087890625,"[""64K+""]",True,0.5949549376964569,19.52274888753891,12.859165668487549,2800030720,46.0,111.59,1755.0,1593.0,46.0,112.68,1755.0,1593.0
b8_h65536_q1024_csa_profile_sim_batch_inner_ascending_steady,ok,,full,csa_profile_sim,ascending,steady,batch-inner,8,65536,1024,2048,10,30,20260803,2026-08-13T07:56:38.779930+00:00,5.521696090698242,5.499328136444092,5.750783920288086,5.578983481725057,0.08142780303681683,423.14212347904584,16777216,2336462209024,0.50390625,0.50390625,0.3817648634796384,0.411230755412182,532444,31.509822629234247,306687744,5.8496044921875,"[""64K+""]",False,0.8778087794780731,5.36760687828064,1260.317012667656,1527251968,46.0,93.84,1755.0,1593.0,52.0,158.95,1455.0,1593.0
b8_h65536_q1024_csa_profile_sim_batch_inner_descending_steady,ok,,full,csa_profile_sim,descending,steady,batch-inner,8,65536,1024,2048,10,30,20260803,2026-08-13T08:40:36.618466+00:00,5.485631942749023,5.422656059265137,5.571263790130615,5.492665592829386,0.03848886229434881,425.9239834915219,16777216,2336462209024,0.50390625,0.50390625,0.3817648634796384,0.411230755412182,532444,31.509822629234247,306687744,5.8496044921875,"[""64K+""]",False,0.8228570222854614,5.465768277645111,1263.3086442947388,1527251968,47.0,93.35,1755.0,1593.0,52.0,160.8,1590.0,1593.0
b8_h65536_q128_csa_profile_sim_batch_inner_ascending_steady,ok,,full,csa_profile_sim,ascending,steady,batch-inner,8,65536,128,2048,10,30,20260803,2026-08-13T07:56:17.481429+00:00,0.6666240096092224,0.6646400094032288,0.674015998840332,0.6676501353581746,0.0027326785661479485,438.11469721770965,2097152,292057776128,0.50390625,0.50390625,0.3817648634796384,0.41075059625733856,435184,4.819000698555094,250665984,4.78107421875,"[""64K+""]",False,0.7292404770851135,3.1186752021312714,162.87152096629143,785449984,46.0,112.33,1755.0,1593.0,46.0,121.74,1755.0,1593.0
b8_h65536_q128_csa_profile_sim_batch_inner_descending_steady,ok,,full,csa_profile_sim,descending,steady,batch-inner,8,65536,128,2048,10,30,20260803,2026-08-13T08:40:58.622049+00:00,0.6707199811935425,0.6675199866294861,0.6741440296173096,0.6708074708779653,0.002194614716771338,435.4392061025002,2097152,292057776128,0.50390625,0.50390625,0.3817648634796384,0.41075059625733856,435184,4.819000698555094,250665984,4.78107421875,"[""64K+""]",False,0.6966814398765564,3.142319619655609,167.84216463565826,785449984,47.0,125.67,1740.0,1593.0,49.0,135.04,1635.0,1593.0
b8_h65536_q2_csa_profile_sim_batch_inner_ascending_steady,ok,,full,csa_profile_sim,ascending,steady,batch-inner,8,65536,2,2048,10,30,20260803,2026-08-13T07:56:12.840216+00:00,0.07116799801588058,0.070592001080513,0.07555200159549713,0.07163093338410059,0.0015555803439566238,64.12155574450348,32768,4563402752,0.50390625,0.50390625,0.38176486347963834,0.40900195694716246,24512,1.3368146214099217,14118912,0.269296875,"[""64K+""]",False,0.6169751286506653,3.059670329093933,7.023163139820099,681134080,47.0,178.1,1755.0,1593.0,47.0,172.97,1755.0,1593.0
b8_h65536_q2_csa_profile_sim_batch_inner_descending_steady,ok,,full,csa_profile_sim,descending,steady,batch-inner,8,65536,2,2048,10,30,20260803,2026-08-13T08:41:03.418846+00:00,0.07023999840021133,0.06960000097751617,0.07203199714422226,0.07048639977971713,0.0011610939662761673,64.968719475174,32768,4563402752,0.50390625,0.50390625,0.38176486347963834,0.40900195694716246,24512,1.3368146214099217,14118912,0.269296875,"[""64K+""]",False,0.44206157326698303,3.0423440039157867,6.144978106021881,681134080,45.0,104.78,1755.0,1593.0,45.0,104.61,1755.0,1593.0
b8_h65536_q32_csa_profile_sim_batch_inner_ascending_steady,ok,,full,csa_profile_sim,ascending,steady,batch-inner,8,65536,32,2048,10,30,20260803,2026-08-13T07:56:14.919724+00:00,0.23094399273395538,0.22886399924755096,0.23468799889087677,0.23159359892209372,0.002681822308468,316.1564982385653,524288,73014444032,0.50390625,0.50390625,0.38176486347963834,0.41065313111545987,203592,2.5751895948760266,117268992,2.236728515625,"[""64K+""]",False,0.6440207362174988,2.967171370983124,43.45455393195152,705971200,46.0,107.9,1755.0,1593.0,46.0,105.5,1755.0,1593.0
b8_h65536_q32_csa_profile_sim_batch_inner_descending_steady,ok,,full,csa_profile_sim,descending,steady,batch-inner,8,65536,32,2048,10,30,20260803,2026-08-13T08:41:01.391448+00:00,0.2314240038394928,0.22908799350261688,0.23510399460792542,0.23161599934101104,0.0018103054748039606,315.5007381284447,524288,73014444032,0.50390625,0.50390625,0.38176486347963834,0.41065313111545987,203592,2.5751895948760266,117268992,2.236728515625,"[""64K+""]",False,0.6036944687366486,3.02848219871521,43.9697727560997,705971200,46.0,113.32,1755.0,1593.0,46.0,114.81,1755.0,1593.0
b8_h65536_q4096_csa_profile_sim_batch_inner_ascending_steady,ok,,full,csa_profile_sim,ascending,steady,batch-inner,8,65536,4096,2048,10,30,20260803,2026-08-13T07:57:13.631050+00:00,22.115039825439453,21.851520538330078,23.750080108642578,22.351436869303384,0.6585224925746699,422.6014924623943,67108864,9345848836096,0.50390625,0.50390625,0.3817648634796384,0.411221558333843,557016,120.4792393755296,320841216,6.119560546875,"[""64K+""]",False,0.9444765746593475,14.02781531214714,5137.580592185259,5169480704,48.0,97.92,1755.0,1593.0,60.0,356.42,1500.0,1593.0
b8_h65536_q4096_csa_profile_sim_batch_inner_descending_steady,ok,,full,csa_profile_sim,descending,steady,batch-inner,8,65536,4096,2048,10,30,20260803,2026-08-13T08:39:56.811871+00:00,22.120351791381836,21.819679260253906,23.803936004638672,22.274734687805175,0.6034453425884896,422.5000092329985,67108864,9345848836096,0.50390625,0.50390625,0.3817648634796384,0.411221558333843,557016,120.4792393755296,320841216,6.119560546875,"[""64K+""]",False,1.1600889265537262,14.032669365406036,5230.057209730148,5169480704,47.0,98.28,1755.0,1593.0,58.0,354.24,1500.0,1593.0
b8_h65536_q512_csa_profile_sim_batch_inner_ascending_steady,ok,,full,csa_profile_sim,ascending,steady,batch-inner,8,65536,512,2048,10,30,20260803,2026-08-13T07:56:25.346159+00:00,2.7698240280151367,2.6054399013519287,2.800352096557617,2.741764275232951,0.07241161784118791,421.7708752238522,8388608,1168231104512,0.50390625,0.50390625,0.3817648634796384,0.41112803479696675,527356,15.906916769696371,303757056,5.7937060546875,"[""64K+""]",False,0.8819960057735443,3.76051664352417,629.2026415467262,1103365120,46.0,128.29,1755.0,1593.0,51.0,153.51,1665.0,1593.0
b8_h65536_q512_csa_profile_sim_batch_inner_descending_steady,ok,,full,csa_profile_sim,descending,steady,batch-inner,8,65536,512,2048,10,30,20260803,2026-08-13T08:40:50.627271+00:00,2.769279956817627,2.5776960849761963,2.8643200397491455,2.7569557269414267,0.0982634706940798,421.8537391410929,8388608,1168231104512,0.50390625,0.50390625,0.3817648634796384,0.41112803479696675,527356,15.906916769696371,303757056,5.7937060546875,"[""64K+""]",False,0.8076578378677368,4.13227453827858,623.9055208861828,1103365120,48.0,129.15,1755.0,1593.0,52.0,163.36,1680.0,1593.0
b8_h65536_q8_csa_profile_sim_batch_inner_ascending_steady,ok,,full,csa_profile_sim,ascending,steady,batch-inner,8,65536,8,2048,10,30,20260803,2026-08-13T07:56:13.687242+00:00,0.07996799796819687,0.0793600007891655,0.0814720019698143,0.08026133254170417,0.0009405716433971818,228.26144797646967,131072,18253611008,0.50390625,0.50390625,0.38176486347963834,0.4106837084148728,69312,1.8910433979686057,39923712,0.761484375,"[""64K+""]",False,0.5378127098083496,2.794768661260605,18.261335790157318,686101504,46.0,103.94,1755.0,1593.0,47.0,103.54,1755.0,1593.0
b8_h65536_q8_csa_profile_sim_batch_inner_descending_steady,ok,,full,csa_profile_sim,descending,steady,batch-inner,8,65536,8,2048,10,30,20260803,2026-08-13T08:41:02.513200+00:00,0.07955200225114822,0.07891199737787247,0.08463999629020691,0.08022399966915449,0.0024483522112831186,229.45507958898085,131072,18253611008,0.50390625,0.50390625,0.38176486347963834,0.4106837084148728,69312,1.8910433979686057,39923712,0.761484375,"[""64K+""]",False,0.47754496335983276,2.8279349207878113,17.554447054862976,686101504,46.0,112.32,1755.0,1593.0,46.0,112.92,1755.0,1593.0
b8_h8192_q1024_csa_profile_sim_batch_inner_ascending_steady,ok,,full,csa_profile_sim,ascending,steady,batch-inner,8,8192,1024,2048,10,30,20260803,2026-08-13T07:56:34.162257+00:00,4.92742395401001,4.844672203063965,5.178080081939697,4.973861360549927,0.1035238011636203,474.17519394136013,16777216,2336462209024,0.677734375,0.677734375,0.5584174625084868,0.6828704057607633,73696,227.65436387320887,42448896,0.8096484375,"[""8K-16K""]",False,0.8071437478065491,3.1545907258987427,1063.4109824895859,1263010816,47.0,92.11,1755.0,1593.0,51.0,150.97,1635.0,1593.0
b8_h8192_q1024_csa_profile_sim_batch_inner_descending_steady,ok,,full,csa_profile_sim,descending,steady,batch-inner,8,8192,1024,2048,10,30,20260803,2026-08-13T08:40:41.357698+00:00,4.929696083068848,4.765696048736572,5.053567886352539,4.939463440577189,0.09966755864279565,473.9566435035685,16777216,2336462209024,0.677734375,0.677734375,0.5584174625084868,0.6828704057607633,73696,227.65436387320887,42448896,0.8096484375,"[""8K-16K""]",False,0.8841231465339661,3.1901001930236816,1052.5038503110409,1263010816,47.0,94.43,1755.0,1593.0,52.0,153.23,1620.0,1593.0
b8_h8192_q128_csa_profile_sim_batch_inner_ascending_steady,ok,,full,csa_profile_sim,ascending,steady,batch-inner,8,8192,128,2048,10,30,20260803,2026-08-13T07:56:16.474418+00:00,0.6011840105056763,0.600383996963501,0.604095995426178,0.6014869391918183,0.001495482063057491,485.80429789265406,2097152,292057776128,0.677734375,0.677734375,0.5584174625084868,0.6829936704990216,66520,31.52663860493085,38315520,0.730810546875,"[""8K-16K""]",False,0.6445161998271942,0.9661205112934113,130.0000473856926,337249280,46.0,108.36,1755.0,1593.0,46.0,114.45,1755.0,1593.0
b8_h8192_q128_csa_profile_sim_batch_inner_descending_steady,ok,,full,csa_profile_sim,descending,steady,batch-inner,8,8192,128,2048,10,30,20260803,2026-08-13T08:40:59.720684+00:00,0.5949119925498962,0.5917440056800842,0.5987840294837952,0.5950837373733521,0.0021488575769137023,490.9260189497771,2097152,292057776128,0.677734375,0.677734375,0.5584174625084868,0.6829936704990216,66520,31.52663860493085,38315520,0.730810546875,"[""8K-16K""]",False,0.6425417959690094,0.9833350777626038,128.69573011994362,337249280,46.0,119.41,1755.0,1593.0,46.0,119.88,1740.0,1593.0
b8_h8192_q2_csa_profile_sim_batch_inner_ascending_steady,ok,,full,csa_profile_sim,ascending,steady,batch-inner,8,8192,2,2048,10,30,20260803,2026-08-13T07:56:12.474635+00:00,0.07126399874687195,0.07049600034952164,0.07411199808120728,0.07161173274119695,0.001127615295798489,64.03517669853329,32768,4563402752,0.677734375,0.677734375,0.5584174625084867,0.6696428571428572,21664,1.5125553914327918,12478464,0.2380078125,"[""8K-16K""]",False,0.47097355127334595,0.8534155786037445,6.573151797056198,228195328,48.0,221.56,1740.0,1593.0,48.0,221.96,1755.0,1593.0
b8_h8192_q2_csa_profile_sim_batch_inner_descending_steady,ok,,full,csa_profile_sim,descending,steady,batch-inner,8,8192,2,2048,10,30,20260803,2026-08-13T08:41:03.762822+00:00,0.07046400010585785,0.06982400268316269,0.07145600020885468,0.07050133322676023,0.0006980641264588272,64.76218700534194,32768,4563402752,0.677734375,0.677734375,0.5584174625084867,0.6696428571428572,21664,1.5125553914327918,12478464,0.2380078125,"[""8K-16K""]",False,0.387437641620636,0.7986724376678467,5.801964551210403,228195328,45.0,102.11,1755.0,1593.0,45.0,101.99,1755.0,1593.0
b8_h8192_q32_csa_profile_sim_batch_inner_ascending_steady,ok,,full,csa_profile_sim,ascending,steady,batch-inner,8,8192,32,2048,10,30,20260803,2026-08-13T07:56:14.467280+00:00,0.21382400393486023,0.21068799495697021,0.21795199811458588,0.21384426653385163,0.0020514723686508207,341.4698195168175,524288,73014444032,0.677734375,0.677734375,0.5584174625084867,0.6818890655577299,63128,8.305157774680016,36361728,0.693544921875,"[""8K-16K""]",False,0.5945935845375061,0.8210204541683197,34.66806188225746,253723648,46.0,106.34,1755.0,1593.0,46.0,108.07,1755.0,1593.0
b8_h8192_q32_csa_profile_sim_batch_inner_descending_steady,ok,,full,csa_profile_sim,descending,steady,batch-inner,8,8192,32,2048,10,30,20260803,2026-08-13T08:41:01.817917+00:00,0.21296000480651855,0.21052800118923187,0.21539199352264404,0.21290453374385834,0.0017653817246903675,342.85519526699915,524288,73014444032,0.677734375,0.677734375,0.5584174625084867,0.6818890655577299,63128,8.305157774680016,36361728,0.693544921875,"[""8K-16K""]",False,0.5674771964550018,0.7902234792709351,53.82809787988663,253723648,46.0,111.18,1755.0,1593.0,46.0,110.86,1755.0,1593.0
b8_h8192_q4096_csa_profile_sim_batch_inner_ascending_steady,ok,,full,csa_profile_sim,ascending,steady,batch-inner,8,8192,4096,2048,10,30,20260803,2026-08-13T07:56:56.194192+00:00,19.5163516998291,19.4718074798584,20.47907257080078,19.63385601043701,0.3191193993436059,478.8727411680042,67108864,9345848836096,0.677734375,0.677734375,0.5584174625084868,0.6756886222824425,98272,682.8889612504071,56604672,1.0796484375,"[""8K-16K""]",False,0.939980149269104,11.59660890698433,4296.1522452533245,4905239552,49.0,96.54,1755.0,1593.0,61.0,331.67,1530.0,1593.0
b8_h8192_q4096_csa_profile_sim_batch_inner_descending_steady,ok,,full,csa_profile_sim,descending,steady,batch-inner,8,8192,4096,2048,10,30,20260803,2026-08-13T08:40:15.346971+00:00,19.61008071899414,19.33795166015625,20.628128051757812,19.85581423441569,0.5298744401739498,476.58390447336086,67108864,9345848836096,0.677734375,0.677734375,0.5584174625084868,0.6756886222824425,98272,682.8889612504071,56604672,1.0796484375,"[""8K-16K""]",False,0.9489096701145172,11.6584412753582,4342.207048088312,4905239552,45.0,96.36,1755.0,1593.0,57.0,330.83,1485.0,1593.0
b8_h8192_q512_csa_profile_sim_batch_inner_ascending_steady,ok,,full,csa_profile_sim,ascending,steady,batch-inner,8,8192,512,2048,10,30,20260803,2026-08-13T07:56:22.804382+00:00,2.479871988296509,2.341599941253662,2.5399680137634277,2.457595721880595,0.08104809112958096,471.0852455390206,8388608,1168231104512,0.677734375,0.677734375,0.5584174625084868,0.6842745726822407,69596,120.53290418989597,40087296,0.7646044921875,"[""8K-16K""]",False,0.8299797773361206,1.753140240907669,531.0223661363125,839123968,45.0,121.62,1755.0,1593.0,50.0,149.54,1635.0,1593.0
b8_h8192_q512_csa_profile_sim_batch_inner_descending_steady,ok,,full,csa_profile_sim,descending,steady,batch-inner,8,8192,512,2048,10,30,20260803,2026-08-13T08:40:53.218001+00:00,2.4713919162750244,2.3106560707092285,2.5182719230651855,2.4395050605138144,0.07263964999651122,472.70167747121315,8388608,1168231104512,0.677734375,0.677734375,0.5584174625084868,0.6842745726822407,69596,120.53290418989597,40087296,0.7646044921875,"[""8K-16K""]",False,0.7802434265613556,1.7016492784023285,526.1441208422184,839123968,47.0,126.75,1755.0,1593.0,51.0,157.75,1635.0,1593.0
b8_h8192_q8_csa_profile_sim_batch_inner_ascending_steady,ok,,full,csa_profile_sim,ascending,steady,batch-inner,8,8192,8,2048,10,30,20260803,2026-08-13T07:56:13.371721+00:00,0.07283200323581696,0.07238399982452393,0.07503999769687653,0.07320213466882705,0.0012821496563200124,250.62623842568334,131072,18253611008,0.677734375,0.677734375,0.5584174625084867,0.6795804794520548,41968,3.1231414410979794,24173568,0.46107421875,"[""8K-16K""]",False,0.540558248758316,0.6525740027427673,16.725849360227585,233300992,47.0,102.13,1755.0,1593.0,47.0,102.22,1755.0,1593.0
b8_h8192_q8_csa_profile_sim_batch_inner_descending_steady,ok,,full,csa_profile_sim,descending,steady,batch-inner,8,8192,8,2048,10,30,20260803,2026-08-13T08:41:02.802483+00:00,0.07254400104284286,0.07209599763154984,0.07344000041484833,0.0728032000362873,0.000990876330679114,251.6212332597953,131072,18253611008,0.677734375,0.677734375,0.5584174625084867,0.6795804794520548,41968,3.1231414410979794,24173568,0.46107421875,"[""8K-16K""]",False,0.4939436912536621,0.6358660757541656,16.328833997249603,233300992,46.0,110.5,1755.0,1593.0,46.0,110.31,1755.0,1593.0
