kind,cache_state,B,H,Q,dense_backend,sparse_backend,dense_latency_ms,sparse_latency_ms,dense_over_sparse_latency,dense_pairs,sparse_pairs,dense_over_sparse_effective_work,dense_figure2_hardware_tflops,sparse_figure2_hardware_tflops,dense_effective_e2e_tflops,sparse_effective_e2e_tflops
decode,l2-cold,1,32768,1,flashmla_dense_bf16,flashmla_sparse_fp8,0.07747200131416321,0.03433600068092346,2.256290767060866,32768,2048,16.0,58.90389656379939,8.306519872550552,58.90389656379939,8.306519872550552
decode,l2-cold,1,65536,1,flashmla_dense_bf16,flashmla_sparse_fp8,0.09174399822950363,0.034752000123262405,2.6399631072771474,65536,2048,32.0,99.48122689365135,8.207086527059587,99.48122689365135,8.207086527059587
decode,l2-cold,32,32768,1,flashmla_dense_bf16,flashmla_sparse_fp8,0.42105600237846375,0.06111999973654747,6.889005304211218,1048576,65536,16.0,346.81583266622755,149.32600692637948,346.81583266622755,149.32600692637948
decode,l2-cold,32,65536,1,flashmla_dense_bf16,flashmla_sparse_fp8,0.7991999983787537,0.061664000153541565,12.96056039810536,2097152,65536,32.0,365.43765855913966,148.00865142181047,365.43765855913966,148.00865142181047
decode,l2-cold,128,32768,1,flashmla_dense_bf16,flashmla_sparse_fp8,1.598688006401062,0.1295360028743744,12.341649973185365,4194304,262144,16.0,365.3718235936169,281.83069730355317,365.3718235936169,281.83069730355317
decode,l2-cold,128,65536,1,flashmla_dense_bf16,flashmla_sparse_fp8,3.1243839263916016,0.13052800297737122,23.93650293518438,8388608,262144,32.0,373.90766693042355,279.6888114677509,373.90766693042355,279.6888114677509
decode,steady,1,2048,1,flashmla_dense_bf16,flashmla_sparse_fp8,0.034752000123262405,0.03244800120592117,1.071005881154886,2048,2048,1.0,28.11639116719235,16.158076526507845,8.207086527059587,8.789837937627846
decode,steady,1,4096,1,flashmla_dense_bf16,flashmla_sparse_fp8,0.042527999728918076,0.03331200033426285,1.2766570395706969,4096,2048,2.0,52.81569437886011,16.47770939973423,13.412936127633666,8.561859664327823
decode,steady,1,8192,1,flashmla_dense_bf16,flashmla_sparse_fp8,0.044064000248909,0.032575998455286026,1.3526523311140088,8192,2048,4.0,91.50817248459926,16.356751276022198,25.890765285846847,8.7553010045566
decode,steady,1,16384,1,flashmla_dense_bf16,flashmla_sparse_fp8,0.0615679994225502,0.03292800113558769,1.8697764000016743,16384,2048,8.0,153.30511684158162,16.37797868430724,37.059858975445174,8.661706212459702
decode,steady,1,32768,1,flashmla_dense_bf16,flashmla_sparse_fp8,0.06857600063085556,0.0331839993596077,2.066538149537448,32768,2048,16.0,194.97388409413355,16.530139039416706,66.54518650868525,8.594885411767672
decode,steady,1,65536,1,flashmla_dense_bf16,flashmla_sparse_fp8,0.08124800026416779,0.03283200040459633,2.4746588469459643,65536,2048,32.0,255.92881690338297,16.49009435707677,112.3326786422475,8.687033031349243
decode,steady,1,131072,1,flashmla_dense_bf16,flashmla_sparse_fp8,0.10633599758148193,0.032896000891923904,3.2324901112094704,131072,2048,64.0,300.0955349357182,16.609557175801918,171.65975232435125,8.670132060642691
decode,steady,1,262144,1,flashmla_dense_bf16,flashmla_sparse_fp8,0.15433600544929504,0.03254399821162224,4.742379975739366,262144,2048,128.0,325.68690298234515,16.42315216076928,236.543779332127,8.763910019456176
decode,steady,1,524288,1,flashmla_dense_bf16,flashmla_sparse_fp8,0.2568640112876892,0.03280000016093254,7.8312198179082655,524288,2048,256.0,343.7484712433607,16.50803787650778,284.2533045636486,8.69550825001859
decode,steady,2,2048,1,flashmla_dense_bf16,flashmla_sparse_fp8,0.036031998693943024,0.033824000507593155,1.0652790371693082,4096,4096,1.0,53.74019916152428,30.79285620202326,15.83107695038545,16.864514411059837
decode,steady,2,4096,1,flashmla_dense_bf16,flashmla_sparse_fp8,0.03734400123357773,0.03385600075125694,1.1030245866293376,8192,4096,2.0,93.59674198047429,30.807823889044965,30.549771055979082,16.848574295321114
decode,steady,2,8192,1,flashmla_dense_bf16,flashmla_sparse_fp8,0.04310400038957596,0.033984001725912094,1.2683615289693813,16384,4096,4.0,146.08217884284082,30.8079902784155,52.934793879405085,16.78511402514032
decode,steady,2,16384,1,flashmla_dense_bf16,flashmla_sparse_fp8,0.055743999779224396,0.03407999873161316,1.635680805572195,32768,4096,8.0,197.18796460176995,30.85665298085608,81.8635686365076,16.737833486797175
decode,steady,2,32768,1,flashmla_dense_bf16,flashmla_sparse_fp8,0.0687360018491745,0.03417599946260452,2.0112360407889645,65536,4096,16.0,255.911594189082,30.88304832029453,132.7805699846595,16.690816741853038
decode,steady,2,65536,1,flashmla_dense_bf16,flashmla_sparse_fp8,0.09359999746084213,0.03417599946260452,2.7387640137125917,131072,4096,32.0,298.3362018282349,30.841137567854,195.0172169143109,16.690816741853038
decode,steady,2,131072,1,flashmla_dense_bf16,flashmla_sparse_fp8,0.14416000247001648,0.034015998244285583,4.2380059357580135,262144,4096,64.0,325.4633325844699,30.829469588057883,253.24099188742076,16.769325418689625
decode,steady,2,262144,1,flashmla_dense_bf16,flashmla_sparse_fp8,0.24288000166416168,0.03359999880194664,7.228571735844534,524288,4096,128.0,344.70237784370414,30.814147948875817,300.6194150680199,16.976945367240667
decode,steady,2,524288,1,flashmla_dense_bf16,flashmla_sparse_fp8,0.4422079920768738,0.033504001796245575,13.198661902126187,1048576,4096,256.0,350.9313535364118,30.931613155112142,330.2267048095644,17.025588389979173
decode,steady,4,2048,1,flashmla_dense_bf16,flashmla_sparse_fp8,0.034015998244285583,0.0326399989426136,1.0421568427159331,8192,8192,1.0,90.48410079074901,66.68794538004232,33.53865083737925,34.95253446563525
decode,steady,4,4096,1,flashmla_dense_bf16,flashmla_sparse_fp8,0.0398080013692379,0.03270399942994118,1.217221198114163,16384,8192,2.0,149.07527104281417,66.90107712516424,57.317657192486216,34.88413368046747
decode,steady,4,8192,1,flashmla_dense_bf16,flashmla_sparse_fp8,0.04790399968624115,0.03302399814128876,1.450581467491922,32768,8192,4.0,205.33484903843564,67.24374704554424,95.26141411759168,34.546110471512954
decode,steady,4,16384,1,flashmla_dense_bf16,flashmla_sparse_fp8,0.06313599646091461,0.03299200162291527,1.9136758412700312,65536,8192,8.0,254.3568067465768,67.3278776254522,144.55787531048315,34.57961420587464
decode,steady,4,32768,1,flashmla_dense_bf16,flashmla_sparse_fp8,0.08668799698352814,0.03315199911594391,2.614864843605675,131072,8192,16.0,297.8236418339043,67.26515656967662,210.5667640638695,34.41272678640144
decode,steady,4,65536,1,flashmla_dense_bf16,flashmla_sparse_fp8,0.13811199367046356,0.03331200033426285,4.14601321699704,262144,8192,32.0,326.62750908560605,67.68819531875765,264.3305700380124,34.24743865731129
decode,steady,4,131072,1,flashmla_dense_bf16,flashmla_sparse_fp8,0.2391040027141571,0.03324799984693527,7.1915304323546305,524288,8192,64.0,340.12221495943555,67.59835562218181,305.3668830433046,34.31336300686254
decode,steady,4,262144,1,flashmla_dense_bf16,flashmla_sparse_fp8,0.4412800073623657,0.032575998455286026,13.54616982709122,1048576,8192,128.0,351.48706919218745,67.3306591123701,330.92115125914944,35.0212040182264
decode,steady,4,524288,1,flashmla_dense_bf16,flashmla_sparse_fp8,0.8320959806442261,0.0326399989426136,25.49313748775499,2097152,8192,256.0,361.88626396363026,67.10096976826262,350.9904901858591,34.95253446563525
decode,steady,8,2048,1,flashmla_dense_bf16,flashmla_sparse_fp8,0.03753599897027016,0.03471999987959862,1.081105964874332,16384,16384,1.0,136.12832913718424,116.96833834008298,60.78701616033154,65.71720575784684
decode,steady,8,4096,1,flashmla_dense_bf16,flashmla_sparse_fp8,0.045951999723911285,0.03494400158524513,1.315018247461224,32768,16384,2.0,197.78707593087822,116.54653154625706,99.30803402284617,65.29593842977138
decode,steady,8,8192,1,flashmla_dense_bf16,flashmla_sparse_fp8,0.058880001306533813,0.03548799827694893,1.6591525069132753,65536,16384,4.0,258.55778803305486,115.97900596744846,155.00688351695425,64.29501484399218
decode,steady,8,16384,1,flashmla_dense_bf16,flashmla_sparse_fp8,0.08374399691820145,0.035360001027584076,2.3683256358752187,131072,16384,8.0,301.52269410503476,115.16938859360886,217.96918799838946,64.52775197093635
decode,steady,8,32768,1,flashmla_dense_bf16,flashmla_sparse_fp8,0.13545599579811096,0.03526400029659271,3.841197670679439,262144,16384,16.0,325.9998358357429,115.994335563373,269.51351840055736,64.70341869355256
decode,steady,8,65536,1,flashmla_dense_bf16,flashmla_sparse_fp8,0.23843200504779816,0.03548799827694893,6.7186659328337095,524288,16384,32.0,338.2196122639186,115.69261772326482,306.227530223398,64.29501484399218
decode,steady,8,131072,1,flashmla_dense_bf16,flashmla_sparse_fp8,0.44038400053977966,0.03545600175857544,12.420577016506599,1048576,16384,64.0,350.5972853388572,115.45085238369917,331.5944445870242,64.35303651935725
decode,steady,8,262144,1,flashmla_dense_bf16,flashmla_sparse_fp8,0.8339840173721313,0.035360001027584076,23.58552016787405,2097152,16384,128.0,362.1955274576089,114.89334347132063,350.1958911014492,64.52775197093635
decode,steady,8,524288,1,flashmla_dense_bf16,flashmla_sparse_fp8,1.6062400341033936,0.03587200120091438,44.776984286632164,4194304,16384,256.0,366.9673773091912,114.39507946535106,363.6539619572204,63.60674898566404
decode,steady,16,2048,1,flashmla_dense_bf16,flashmla_sparse_fp8,0.04553600028157234,0.04483199864625931,1.015703106186897,32768,32768,1.0,190.54907999181543,149.92206422786936,100.21527415192705,101.78896524348376
decode,steady,16,4096,1,flashmla_dense_bf16,flashmla_sparse_fp8,0.058400001376867294,0.04585599899291992,1.2735520468299937,65536,32768,2.0,254.10752828040125,148.25195579148445,156.28091247982744,99.51593798457168
decode,steady,16,8192,1,flashmla_dense_bf16,flashmla_sparse_fp8,0.0833280012011528,0.04694399982690811,1.775051156876273,131072,32768,4.0,296.4923529526421,148.02593556590676,219.05734860885482,97.20950001759918
decode,steady,16,16384,1,flashmla_dense_bf16,flashmla_sparse_fp8,0.13344000279903412,0.04665600135922432,2.8600822811972892,262144,32768,8.0,323.3285627390166,147.0168412371135,273.58529114377575,97.80955544956433
decode,steady,16,32768,1,flashmla_dense_bf16,flashmla_sparse_fp8,0.23849600553512573,0.046751998364925385,5.101300775926872,524288,32768,16.0,337.6577846261989,146.4003937030609,306.14535395749607,97.60872073061134
decode,steady,16,65536,1,flashmla_dense_bf16,flashmla_sparse_fp8,0.4411199986934662,0.04678399860858917,9.428864821581968,1048576,32768,32.0,348.15784181025333,146.24837762914586,331.0411871973987,97.54195638938386
decode,steady,16,131072,1,flashmla_dense_bf16,flashmla_sparse_fp8,0.8319680094718933,0.04713600128889084,17.650373105959122,2097152,32768,64.0,361.6579431405388,144.74677899437938,351.04447863733236,96.81353163649707
decode,steady,16,262144,1,flashmla_dense_bf16,flashmla_sparse_fp8,1.6068799495697021,0.047168001532554626,34.06716200305112,4194304,32768,128.0,365.6446826162211,147.167612180004,363.50914230550774,96.7478503164992
decode,steady,16,524288,1,flashmla_dense_bf16,flashmla_sparse_fp8,3.138079881668091,0.04668800160288811,67.21384025727865,8388608,32768,256.0,366.51935310334994,147.135820267033,372.2757700772774,97.7425161782403
decode,steady,32,2048,1,flashmla_dense_bf16,flashmla_sparse_fp8,0.05814399942755699,0.07052800059318542,0.8244101482890328,65536,65536,1.0,231.88375595156438,175.13121216714868,156.96900099504347,129.40683738710513
decode,steady,32,4096,1,flashmla_dense_bf16,flashmla_sparse_fp8,0.08380799740552902,0.06614399701356888,1.2670537189994207,131072,65536,2.0,265.78000110659093,180.02334424108298,217.8027345012752,137.9838823790421
decode,steady,32,8192,1,flashmla_dense_bf16,flashmla_sparse_fp8,0.1337279975414276,0.06665600091218948,2.0062409342198113,262144,65536,4.0,321.58408302803565,179.74148940276584,272.99610169284426,136.92398852465462
decode,steady,32,16384,1,flashmla_dense_bf16,flashmla_sparse_fp8,0.2362239956855774,0.06652799993753433,3.550745489228251,524288,65536,8.0,337.16927135510156,177.6794207920696,309.089869638751,137.18743254824292
decode,steady,32,32768,1,flashmla_dense_bf16,flashmla_sparse_fp8,0.44121599197387695,0.06675200164318085,6.60977919931709,1048576,65536,16.0,347.21710153900875,176.96181297140092,330.9691641291323,136.7270685422564
decode,steady,32,65536,1,flashmla_dense_bf16,flashmla_sparse_fp8,0.8361920118331909,0.06665600091218948,12.5448871877982,2097152,65536,32.0,358.0594907611341,176.55820246107297,349.2711865157851,136.92398852465462
decode,steady,32,131072,1,flashmla_dense_bf16,flashmla_sparse_fp8,1.6091519594192505,0.06697600334882736,24.025798479470247,4194304,65536,64.0,367.1983444742993,177.70190739132624,362.9958928594971,136.26978391746326
decode,steady,32,262144,1,flashmla_dense_bf16,flashmla_sparse_fp8,3.1404480934143066,0.06649599969387054,47.22762433638224,8388608,65536,128.0,369.03802968380484,176.83289553326122,371.9950369381507,137.25345202745015
decode,steady,32,524288,1,flashmla_dense_bf16,flashmla_sparse_fp8,6.176032066345215,0.06672000139951706,92.56642591122485,16777216,65536,256.0,371.9618249434805,177.8463030680944,378.311217287226,136.79264557188787
decode,steady,64,2048,1,flashmla_dense_bf16,flashmla_sparse_fp8,0.09232000261545181,0.09046400338411331,1.0205164392676485,131072,131072,1.0,256.33385911869493,222.61098478251859,197.72108417320226,201.7776167885754
decode,steady,64,4096,1,flashmla_dense_bf16,flashmla_sparse_fp8,0.1369280070066452,0.09478399902582169,1.4446320941717428,262144,131072,2.0,281.9131864946282,212.58153373147113,266.6161789255304,192.58114445062853
decode,steady,64,8192,1,flashmla_dense_bf16,flashmla_sparse_fp8,0.2406720072031021,0.0952640026807785,2.5263688321975444,524288,131072,4.0,297.2926235607065,231.66715327874257,303.37738435190516,191.61079205506704
decode,steady,64,16384,1,flashmla_dense_bf16,flashmla_sparse_fp8,0.45052799582481384,0.09484799951314926,4.749999980361788,1048576,131072,8.0,342.26737293552236,230.72250531504767,324.1283325726617,192.45119666935526
decode,steady,64,32768,1,flashmla_dense_bf16,flashmla_sparse_fp8,0.8464639782905579,0.09491200000047684,8.91840840237594,2097152,131072,16.0,354.71942340833226,229.50730453303555,345.03272864347224,192.32142413929003
decode,steady,64,65536,1,flashmla_dense_bf16,flashmla_sparse_fp8,1.615936040878296,0.09536000341176987,16.9456374062886,4194304,131072,32.0,365.68307087470436,229.97921157303634,361.47195029979076,191.4178938226321
decode,steady,64,131072,1,flashmla_dense_bf16,flashmla_sparse_fp8,3.1519999504089355,0.095551997423172,32.98727431567595,8388608,131072,64.0,366.71476999431417,229.4995135321349,370.63170142513343,191.03327507807154
decode,steady,64,262144,1,flashmla_dense_bf16,flashmla_sparse_fp8,6.188799858093262,0.09536000341176987,64.89932504899015,16777216,131072,128.0,369.69241062669977,229.27668419710625,377.53074305166695,191.4178938226321
decode,steady,64,524288,1,flashmla_dense_bf16,flashmla_sparse_fp8,12.24556827545166,0.09596800059080124,127.6005355958768,33554432,131072,256.0,382.3608262262955,228.6995771210355,381.6012710015,190.2051818900732
decode,steady,128,2048,1,flashmla_dense_bf16,flashmla_sparse_fp8,0.14259199798107147,0.1260479986667633,1.131251582645481,262144,262144,1.0,291.44899746210115,303.3426064355736,256.0257415065198,289.62952527723337
decode,steady,128,4096,1,flashmla_dense_bf16,flashmla_sparse_fp8,0.22271999716758728,0.1316159963607788,1.6921955030228926,524288,262144,2.0,354.9382020832209,317.34565505874957,327.83066164040827,277.3767856904592
decode,steady,128,8192,1,flashmla_dense_bf16,flashmla_sparse_fp8,0.4183039963245392,0.13171200454235077,3.1758987935684893,1048576,262144,4.0,365.3813327675213,316.0065198378212,349.09752081523067,277.17459879871046
decode,steady,128,16384,1,flashmla_dense_bf16,flashmla_sparse_fp8,0.8640959858894348,0.1311360001564026,6.589311743982197,2097152,262144,8.0,348.6570538266555,316.273715974814,337.99228430320494,278.3920660418097
decode,steady,128,32768,1,flashmla_dense_bf16,flashmla_sparse_fp8,1.6468160152435303,0.13228799402713776,12.44871862601303,4194304,262144,16.0,359.3976458056686,315.4285049140951,354.69387402673595,275.9677647580842
decode,steady,128,65536,1,flashmla_dense_bf16,flashmla_sparse_fp8,3.186431884765625,0.13225600123405457,24.09290962250227,8388608,262144,32.0,362.4248425941657,313.417020723498,366.62673070067154,276.03452149889864
decode,steady,128,131072,1,flashmla_dense_bf16,flashmla_sparse_fp8,6.231743812561035,0.1321599930524826,47.15302769489645,16777216,262144,64.0,368.475569914919,312.6354408443769,374.92911764352414,276.2350479354404
decode,steady,128,262144,1,flashmla_dense_bf16,flashmla_sparse_fp8,12.3123197555542,0.13279999792575836,92.713252619457,33554432,262144,128.0,380.936406072875,314.14492912055124,379.5324123173459,274.90378453476563
decode,steady,128,524288,1,flashmla_dense_bf16,flashmla_sparse_fp8,24.426368713378906,0.13279999792575836,183.93350222064333,67108864,262144,256.0,383.2385854070063,314.20522248644676,382.6131074070398,274.90378453476563
decode,steady,256,2048,1,flashmla_dense_bf16,flashmla_sparse_fp8,0.26265600323677063,0.23126399517059326,1.135741009070698,524288,524288,1.0,296.3626210158274,339.20133438635276,277.98505700317577,315.7190291473624
decode,steady,256,4096,1,flashmla_dense_bf16,flashmla_sparse_fp8,0.43088001012802124,0.2417919933795929,1.7820276184727764,1048576,524288,2.0,354.31452262408743,322.5417091240485,338.90847714335257,301.97213320200194
decode,steady,256,8192,1,flashmla_dense_bf16,flashmla_sparse_fp8,0.8728640079498291,0.24211199581623077,3.6052076024037873,2097152,524288,4.0,345.2157959450133,320.44047034866236,334.5971118845664,301.57301287714733
decode,steady,256,16384,1,flashmla_dense_bf16,flashmla_sparse_fp8,1.6637120246887207,0.2433920055627823,6.835524531061768,4194304,524288,8.0,358.5256757676118,321.1672164225619,351.09174159229127,299.98702653841326
decode,steady,256,32768,1,flashmla_dense_bf16,flashmla_sparse_fp8,3.2128961086273193,0.24499200284481049,13.114289737296117,8388608,524288,16.0,361.0275718618733,318.19189464963756,363.60687212233455,298.0278669677671
decode,steady,256,65536,1,flashmla_dense_bf16,flashmla_sparse_fp8,6.2703680992126465,0.24508799612522125,25.584150176041128,16777216,524288,32.0,364.5833935818241,316.9996923193146,372.61962488571976,297.9111388005114
decode,steady,256,131072,1,flashmla_dense_bf16,flashmla_sparse_fp8,12.336799621582031,0.2452159970998764,50.30992988829051,33554432,524288,64.0,379.59202125509256,319.4568209658726,378.77930755016666,297.75563134350176
decode,steady,256,262144,1,flashmla_dense_bf16,flashmla_sparse_fp8,24.482112884521484,0.24556800723075867,99.69585680400054,67108864,524288,128.0,382.45021096181904,319.0818380547376,381.74192236507486,297.32881272025304
prefill,steady,1,2048,2,flashmla_dense_bf16_multiquery,flashmla_sparse_bf16,0.03670400008559227,0.06828799843788147,0.5374882984596517,4099,4096,1.000732421875,54.399481712254904,10.366167959351307,15.552613738797309,8.353229806828947
prefill,steady,1,2048,4,flashmla_dense_bf16_multiquery,flashmla_sparse_bf16,0.03436800092458725,0.06777600198984146,0.5070821517288444,8202,8192,1.001220703125,96.02396754059522,20.418201746065268,33.23566391034477,16.83266428390089
prefill,steady,1,2048,8,flashmla_dense_bf16_multiquery,flashmla_sparse_bf16,0.037567999213933945,0.06780800223350525,0.5540348922913831,16420,16384,1.002197265625,155.84636390232626,40.76133590343195,60.86868951892064,33.649441081344335
prefill,steady,1,2048,16,flashmla_dense_bf16_multiquery,flashmla_sparse_bf16,0.04521600157022476,0.06905599683523178,0.6547729906514932,32904,32768,1.004150390625,250.94556831760985,82.92527483949739,101.34338501566054,66.0826425095031
prefill,steady,1,2048,32,flashmla_dense_bf16_multiquery,flashmla_sparse_bf16,0.05100800096988678,0.06995200365781784,0.7291857030915243,66064,65536,1.008056640625,373.8193632165832,164.79464787867738,180.37046583008686,130.47239573930327
prefill,steady,1,2048,64,flashmla_dense_bf16_multiquery,flashmla_sparse_bf16,0.060736000537872314,0.07039999961853027,0.862727285042282,133152,131072,1.015869140625,475.3736603499132,317.16562166933375,305.3095357577459,259.284248677686
prefill,steady,1,2048,128,flashmla_dense_bf16_multiquery,flashmla_sparse_bf16,0.07481600344181061,0.07254400104284286,1.0313189563066139,270400,262144,1.031494140625,668.5497701979506,610.0469395237237,503.32794947124313,503.2424665195906
prefill,steady,1,2048,256,flashmla_dense_bf16_multiquery,flashmla_sparse_bf16,0.13843199610710144,0.1363839954137802,1.015016429802542,557184,524288,1.062744140625,680.2565418913728,603.1868735491271,560.5327869141332,535.3593272471517
prefill,steady,1,2048,512,flashmla_dense_bf16_multiquery,flashmla_sparse_bf16,0.2661440074443817,0.25331199169158936,1.0506569612717565,1179904,1048576,1.125244140625,689.7692132820625,607.2185166008148,617.4031579138182,576.4783857599291
prefill,steady,1,2048,1024,flashmla_dense_bf16_multiquery,flashmla_sparse_bf16,0.5533440113067627,0.4772160053253174,1.159525257183168,2621952,2097152,1.250244140625,805.2717294734017,628.2455285683312,659.8851995627216,612.0033126904549
prefill,steady,1,2048,2048,flashmla_dense_bf16_multiquery,flashmla_sparse_bf16,1.3656320571899414,0.9392639994621277,1.4539384645551992,6292480,4194304,1.500244140625,938.8268035325374,637.654768267624,641.6925628731898,621.886447889513
prefill,steady,1,2048,4096,flashmla_dense_bf16_multiquery,flashmla_sparse_bf16,3.7345919609069824,1.9538240432739258,1.9114269648607212,16779264,8388608,2.000244140625,1018.9826812260098,640.8511279776676,625.7035430260227,597.9203237536442
prefill,steady,1,2048,8192,flashmla_dense_bf16_multiquery,flashmla_sparse_bf16,10.803423881530762,4.102431774139404,2.6334195122104305,50335744,16777216,3.000244140625,1071.6715476284594,641.2745667913703,648.8643905197529,569.5310337035735
prefill,steady,1,2048,16384,flashmla_dense_bf16_multiquery,flashmla_sparse_bf16,35.736385345458984,7.910816192626953,4.5174081251901725,167780352,33554432,5.000244140625,1123.7633726866543,598.1847989078323,653.8367749019442,590.700669091928
prefill,steady,1,2048,32768,flashmla_dense_bf16_multiquery,flashmla_sparse_bf16,131.2327423095703,16.145343780517578,8.128209847592563,603996160,67108864,9.000244140625,1144.8580941475213,575.326235818773,640.9598682912368,578.8572211991881
prefill,steady,1,4096,2,flashmla_dense_bf16_multiquery,flashmla_sparse_bf16,0.0379519984126091,0.06790400296449661,0.5589066440229183,8195,4096,2.000732421875,95.37163636363685,10.368560953487144,30.071367193692417,8.400467116765487
prefill,steady,1,4096,4,flashmla_dense_bf16_multiquery,flashmla_sparse_bf16,0.03824000060558319,0.06780800223350525,0.5639452475520369,16394,8192,2.001220703125,151.92166879523214,20.45272020925101,59.704340477093496,16.824720540672168
prefill,steady,1,4096,8,flashmla_dense_bf16_multiquery,flashmla_sparse_bf16,0.04403200000524521,0.06800000369548798,0.6475293766515909,32804,16384,2.002197265625,251.65062209331126,41.248711957003174,103.75218603415239,33.55443017647068
prefill,steady,1,4096,16,flashmla_dense_bf16_multiquery,flashmla_sparse_bf16,0.05455999821424484,0.06908799707889557,0.789717469330304,65672,32768,2.004150390625,357.99378320615483,82.71334465564534,167.62730402018553,66.05203428880398
prefill,steady,1,4096,32,flashmla_dense_bf16_multiquery,flashmla_sparse_bf16,0.06230400130152702,0.06905599683523178,0.9022243419378179,131600,65536,2.008056640625,502.4696365086472,164.7756065521679,294.15674783556506,132.1652850190062
prefill,steady,1,4096,64,flashmla_dense_bf16_multiquery,flashmla_sparse_bf16,0.08336000144481659,0.06988800317049026,1.1927655343287127,264224,131072,2.015869140625,595.9379040877699,321.3641278582545,441.4214311207653,261.18375371908553
prefill,steady,1,4096,128,flashmla_dense_bf16_multiquery,flashmla_sparse_bf16,0.125791996717453,0.07241600006818771,1.737074632664133,532544,262144,2.031494140625,717.003717640337,605.4506649684237,589.5781095086958,504.13198715234745
prefill,steady,1,4096,256,flashmla_dense_bf16_multiquery,flashmla_sparse_bf16,0.23615999519824982,0.13513599336147308,1.7475728658503975,1081472,524288,2.062744140625,723.9589351778404,608.8707767487397,637.7461029399452,540.3034544371524
prefill,steady,1,4096,512,flashmla_dense_bf16_multiquery,flashmla_sparse_bf16,0.4540160000324249,0.25251200795173645,1.797997662428801,2228480,1048576,2.125244140625,745.9458950987542,611.4946120143296,683.5596954685201,578.304727955397
prefill,steady,1,4096,1024,flashmla_dense_bf16_multiquery,flashmla_sparse_bf16,0.9296000003814697,0.4792320132255554,1.9397702464086932,4719104,2097152,2.250244140625,804.5732597768267,631.2600746641584,706.9721376789065,609.428769506139
prefill,steady,1,4096,2048,flashmla_dense_bf16_multiquery,flashmla_sparse_bf16,2.088128089904785,0.9339200258255005,2.235874627550758,10486784,4194304,2.500244140625,863.465618529539,633.6077291099149,699.3974622709055,625.4449375787772
prefill,steady,1,4096,4096,flashmla_dense_bf16_multiquery,flashmla_sparse_bf16,5.492447853088379,2.0049920082092285,2.7393864068286207,25167872,8388608,3.000244140625,946.8546234998531,615.7870829800811,638.1450711884622,582.6612274407083
prefill,steady,1,4096,8192,flashmla_dense_bf16_multiquery,flashmla_sparse_bf16,14.214879989624023,4.148064136505127,3.426870829822921,67112960,16777216,4.000244140625,943.7000255342338,617.1278011456075,657.5095441018359,563.2656902437728
prefill,steady,1,4096,16384,flashmla_dense_bf16_multiquery,flashmla_sparse_bf16,43.700096130371094,7.906752109527588,5.526933881955493,201334784,33554432,6.000244140625,1099.3832482672276,610.0403293764535,641.6161482878161,591.0042901708217
prefill,steady,1,4096,32768,flashmla_dense_bf16_multiquery,flashmla_sparse_bf16,147.9381103515625,16.14339256286621,9.164003772779253,671105024,67108864,10.000244140625,1095.08525024997,559.897873125653,631.7558730487656,578.9271864449212
prefill,steady,1,8192,2,flashmla_dense_bf16_multiquery,flashmla_sparse_bf16,0.042367998510599136,0.06803199648857117,0.6227657675416981,16387,4096,4.000732421875,155.58483812692174,10.364397478060217,53.86421941619654,8.384662709344813
prefill,steady,1,8192,4,flashmla_dense_bf16_multiquery,flashmla_sparse_bf16,0.04368000105023384,0.06764800101518631,0.6456953700735091,32778,8192,4.001220703125,250.0345550930997,20.680847645047734,104.50538649828083,16.864514411059837
prefill,steady,1,8192,8,flashmla_dense_bf16_multiquery,flashmla_sparse_bf16,0.056384000927209854,0.06815999746322632,0.8272300913395743,65572,16384,4.002197265625,368.1382333978079,41.27266270648078,161.9576273026265,33.47566697359435
prefill,steady,1,8192,16,flashmla_dense_bf16_multiquery,flashmla_sparse_bf16,0.06659200042486191,0.06883200258016586,0.9674569666530461,131208,32768,4.004150390625,500.56004203888585,82.86158183924488,274.3955849864814,66.29768975100191
prefill,steady,1,8192,32,flashmla_dense_bf16_multiquery,flashmla_sparse_bf16,0.08428800106048584,0.06806399673223495,1.2383639678415657,262672,65536,4.008056640625,607.7703488269894,165.09990872007316,433.99716386380214,134.0915306502647
prefill,steady,1,8192,64,flashmla_dense_bf16_multiquery,flashmla_sparse_bf16,0.1337919980287552,0.06982400268316269,1.9161318871371105,526368,131072,4.015869140625,670.23472489678,319.95475959937323,547.8960941763135,261.4231540238191
prefill,steady,1,8192,128,flashmla_dense_bf16_multiquery,flashmla_sparse_bf16,0.220768004655838,0.07344000041484833,3.006100264280533,1056832,262144,4.031494140625,731.2334156220344,603.7774439631712,666.6665845779659,497.1026934882595
prefill,steady,1,8192,256,flashmla_dense_bf16_multiquery,flashmla_sparse_bf16,0.41817599534988403,0.13545599579811096,3.087172279720643,2130048,524288,4.062744140625,746.7825750540034,604.8718507902369,709.3640189074098,539.0270368011147
prefill,steady,1,8192,512,flashmla_dense_bf16_multiquery,flashmla_sparse_bf16,0.8271999955177307,0.2553279995918274,3.239754342806546,4325632,1048576,4.125244140625,757.0821352397211,617.9584156649395,728.2456698648372,571.9266523743764
prefill,steady,1,8192,1024,flashmla_dense_bf16_multiquery,flashmla_sparse_bf16,1.7015039920806885,0.4800640046596527,3.544327372111539,8913408,2097152,4.250244140625,789.2182601564277,630.4619446378273,729.540957581917,608.3725780170874
prefill,steady,1,8192,2048,flashmla_dense_bf16_multiquery,flashmla_sparse_bf16,4.031583786010742,0.9292160272598267,4.338693767368085,18875392,4194304,4.500244140625,816.9820095812471,637.3840302461824,652.0173537281402,628.6111465150935
prefill,steady,1,8192,4096,flashmla_dense_bf16_multiquery,flashmla_sparse_bf16,9.04963207244873,1.9983359575271606,4.528583914211898,41945088,8388608,5.000244140625,806.173968275233,632.0671359009879,645.4893070201217,584.6019534961612
prefill,steady,1,8192,8192,flashmla_dense_bf16_multiquery,flashmla_sparse_bf16,21.66761589050293,4.061567783355713,5.334791156089214,100667392,16777216,6.000244140625,885.6889336420381,645.5695622398391,647.0182852758055,575.2611635828932
prefill,steady,1,8192,16384,flashmla_dense_bf16_multiquery,flashmla_sparse_bf16,57.430145263671875,8.147007942199707,7.049231530289344,268443648,33554432,8.000244140625,986.423623369854,635.5733675909249,650.9566713340708,573.5755324164202
prefill,steady,1,8192,32768,flashmla_dense_bf16_multiquery,flashmla_sparse_bf16,178.5880889892578,16.40243148803711,10.887903364785192,805322752,67108864,12.000244140625,1029.3024675005584,559.2693942213815,627.9952284011172,569.784354405764
prefill,steady,1,16384,2,flashmla_dense_bf16_multiquery,flashmla_sparse_bf16,0.05615999922156334,0.0679360032081604,0.826660335749888,32771,4096,8.000732421875,250.78769173283496,10.352904074732168,81.26461195262381,8.396510201699371
prefill,steady,1,16384,4,flashmla_dense_bf16_multiquery,flashmla_sparse_bf16,0.06623999774456024,0.06780800223350525,0.9768758194122076,65546,8192,8.001220703125,374.1913344017838,20.658116624083515,137.8049283636883,16.824720540672168
prefill,steady,1,16384,8,flashmla_dense_bf16_multiquery,flashmla_sparse_bf16,0.06883200258016586,0.06803199648857117,1.0117592623013656,131108,16384,8.002197265625,497.9977558839332,41.375721059951886,265.26359582136104,33.53865083737925
prefill,steady,1,16384,16,flashmla_dense_bf16_multiquery,flashmla_sparse_bf16,0.09142400324344635,0.06896000355482101,1.3257540390172278,262280,32768,8.004150390625,608.9129176365908,82.75084188785107,399.52485806968144,66.17463046347206
prefill,steady,1,16384,32,flashmla_dense_bf16_multiquery,flashmla_sparse_bf16,0.13145600259304047,0.06876800209283829,1.9115867640821094,524816,65536,8.008056640625,681.49366749854,164.82559942209585,555.9881175625329,132.71878237321212
prefill,steady,1,16384,64,flashmla_dense_bf16_multiquery,flashmla_sparse_bf16,0.22758400440216064,0.0695360004901886,3.2728946559742433,1050656,131072,8.015869140625,717.1181372451185,320.91947671464555,642.9210944256101,262.50590887198854
prefill,steady,1,16384,128,flashmla_dense_bf16_multiquery,flashmla_sparse_bf16,0.4103679955005646,0.07360000163316727,5.57565198905696,2105408,262144,8.031494140625,739.9922805348551,585.502960070182,714.4990421447147,496.02202725425354
prefill,steady,1,16384,256,flashmla_dense_bf16_multiquery,flashmla_sparse_bf16,0.792352020740509,0.13609600067138672,5.822008118032052,4227200,524288,8.062744140625,749.2459233739828,594.7942503083359,742.9737861333668,536.4922089687152
prefill,steady,1,16384,512,flashmla_dense_bf16_multiquery,flashmla_sparse_bf16,1.606816053390503,0.2517760097980499,6.381926755767293,8519936,1048576,8.125244140625,767.3186575669022,577.3526739741369,738.4294951499597,579.9952433161924
prefill,steady,1,16384,1024,flashmla_dense_bf16_multiquery,flashmla_sparse_bf16,3.596384048461914,0.473471999168396,7.595769242486538,17302016,2097152,8.250244140625,757.3767222985382,584.4674016317824,669.9918372884856,616.8427629109407
prefill,steady,1,16384,2048,flashmla_dense_bf16_multiquery,flashmla_sparse_bf16,7.320223808288574,0.9369279742240906,7.813005918999012,35652608,4194304,8.500244140625,733.9192827978069,603.1239691418562,678.2749995826722,623.436985900363
prefill,steady,1,16384,4096,flashmla_dense_bf16_multiquery,flashmla_sparse_bf16,15.746368408203125,1.8341439962387085,8.585132050969994,75499520,8388608,9.000244140625,680.7938951022094,641.6275136261205,667.7327038660233,636.9353261836035
prefill,steady,1,16384,8192,flashmla_dense_bf16_multiquery,flashmla_sparse_bf16,35.386878967285156,4.190464019775391,8.444620643510953,167776256,16777216,10.000244140625,779.9874610853112,633.683873184042,660.2784195007677,557.5664647155793
prefill,steady,1,16384,16384,flashmla_dense_bf16_multiquery,flashmla_sparse_bf16,88.98860931396484,8.16755199432373,10.89538326487667,402661376,33554432,12.000244140625,838.4238982572381,586.5948319755215,630.1506934378402,572.1328032310757
prefill,steady,1,16384,32768,flashmla_dense_bf16_multiquery,flashmla_sparse_bf16,239.8751983642578,16.879968643188477,14.210642414970003,1073758208,67108864,16.000244140625,929.394747186798,548.6196806185815,623.3902633478483,553.665059079793
prefill,steady,1,32768,2,flashmla_dense_bf16_multiquery,flashmla_sparse_bf16,0.0613120011985302,0.06803199648857117,0.9012230180372572,65539,4096,16.000732421875,354.5432939714114,10.355384942152941,148.86519959519447,8.384662709344813
prefill,steady,1,32768,4,flashmla_dense_bf16_multiquery,flashmla_sparse_bf16,0.06678400188684464,0.06777600198984146,0.9853635494294055,131082,8192,16.001220703125,498.77570556237055,20.64361290602761,273.3439616112005,16.83266428390089
prefill,steady,1,32768,8,flashmla_dense_bf16_multiquery,flashmla_sparse_bf16,0.08924800157546997,0.06790400296449661,1.3143260732674773,262180,16384,16.002197265625,600.406697117677,41.198885137209174,409.10983860097406,33.60186846706195
prefill,steady,1,32768,16,flashmla_dense_bf16_multiquery,flashmla_sparse_bf16,0.1369280070066452,0.06857600063085556,1.9967336349013458,524424,32768,16.004150390625,676.8428829299615,82.67393422902447,533.3706780122466,66.54518650868525
prefill,steady,1,32768,32,flashmla_dense_bf16_multiquery,flashmla_sparse_bf16,0.22543999552726746,0.06947200000286102,3.245048300293403,1049104,65536,16.008056640625,722.8708335950255,157.66289624292386,648.0767492666517,131.37387010053166
prefill,steady,1,32768,64,flashmla_dense_bf16_multiquery,flashmla_sparse_bf16,0.4139840006828308,0.07129599899053574,5.80655305408913,2099232,131072,16.015869140625,738.5451393396387,300.77594742982177,706.1805402281203,256.0257415065198
prefill,steady,1,32768,128,flashmla_dense_bf16_multiquery,flashmla_sparse_bf16,0.7981119751930237,0.08249600231647491,9.674553345400547,4202560,262144,16.031494140625,739.1443074239604,524.7959740442697,733.3122845305677,442.53322574285886
prefill,steady,1,32768,256,flashmla_dense_bf16_multiquery,flashmla_sparse_bf16,1.6598080396652222,0.14399999380111694,11.526445216085474,8421504,524288,16.062744140625,753.731539841392,545.8179110373197,706.5951634338104,507.0447720493837
prefill,steady,1,32768,512,flashmla_dense_bf16_multiquery,flashmla_sparse_bf16,3.4495038986206055,0.2691839933395386,12.814669460191606,16908544,1048576,16.125244140625,745.6761401143831,464.03027187112417,682.6348196207642,542.4872640172354
prefill,steady,1,32768,1024,flashmla_dense_bf16_multiquery,flashmla_sparse_bf16,7.136672019958496,0.5071679949760437,14.071613529744912,34079232,2097152,16.250244140625,709.0917845751517,543.7245398347442,665.017273033601,575.8600286711614
prefill,steady,1,32768,2048,flashmla_dense_bf16_multiquery,flashmla_sparse_bf16,14.204928398132324,1.006111979484558,14.118635587074175,69207040,4194304,16.500244140625,676.9919735906462,540.2929827476214,678.5003731400167,580.567137820234
prefill,steady,1,32768,4096,flashmla_dense_bf16_multiquery,flashmla_sparse_bf16,30.384319305419922,2.2534079551696777,13.483718842703755,142608384,8388608,17.000244140625,705.7812892719721,553.6010617332627,653.6336651067696,518.4285880556565
prefill,steady,1,32768,8192,flashmla_dense_bf16_multiquery,flashmla_sparse_bf16,64.47376251220703,4.52345609664917,14.253208417335388,301993984,16777216,18.000244140625,708.5328853865338,590.245487744421,652.3101576368098,516.5214736481638
prefill,steady,1,32768,16384,flashmla_dense_bf16_multiquery,flashmla_sparse_bf16,149.7744903564453,9.118559837341309,16.425235237598105,671096832,33554432,20.000244140625,740.9352427143978,552.7984817667597,624.0023183469048,512.4629877310188
prefill,steady,1,32768,32768,flashmla_dense_bf16_multiquery,flashmla_sparse_bf16,364.56304931640625,18.29596710205078,19.92586930676885,1610629120,67108864,24.000244140625,824.1905361575626,496.0798645710851,615.2643669956976,510.8146939687288
prefill,steady,1,65536,2,flashmla_dense_bf16_multiquery,flashmla_sparse_bf16,0.07289600372314453,0.06790400296449661,1.0735155593295136,131075,4096,32.000732421875,463.434319414862,10.356513002256767,250.4119275087824,8.400467116765487
prefill,steady,1,65536,4,flashmla_dense_bf16_multiquery,flashmla_sparse_bf16,0.08854400366544724,0.0679360032081604,1.3033443164759422,262154,8192,32.001220703125,588.4094050222653,20.667697251977817,412.32170609704264,16.793020403398742
prefill,steady,1,65536,8,flashmla_dense_bf16_multiquery,flashmla_sparse_bf16,0.1377280056476593,0.06809599697589874,2.022556563734656,524324,16384,32.002197265625,664.2079754776446,41.2865534425043,530.1714578137505,33.50712930757977
prefill,steady,1,65536,16,flashmla_dense_bf16_multiquery,flashmla_sparse_bf16,0.2253119945526123,0.06806399673223495,3.3102962707140744,1048712,32768,32.004150390625,725.174323132918,81.52660416190257,648.202632345419,67.04576532513235
prefill,steady,1,65536,32,flashmla_dense_bf16_multiquery,flashmla_sparse_bf16,0.41280001401901245,0.07145600020885468,5.77698181835623,2097680,65536,32.008056640625,735.4151842751223,149.8900559040893,707.6824069743011,127.72622981028577
prefill,steady,1,65536,64,flashmla_dense_bf16_multiquery,flashmla_sparse_bf16,0.8057600259780884,0.07631999999284744,10.557652332987455,4196384,131072,32.015869140625,750.3053876478317,271.88884415733366,725.2844550914618,239.172052014029
prefill,steady,1,65536,128,flashmla_dense_bf16_multiquery,flashmla_sparse_bf16,1.6716480255126953,0.0912960022687912,18.31019961411974,8396864,262144,32.031494140625,739.5999240302391,464.7552499443042,699.5377317766103,399.8775533294047
prefill,steady,1,65536,256,flashmla_dense_bf16_multiquery,flashmla_sparse_bf16,3.422175884246826,0.16595199704170227,20.621480580235882,16810112,524288,32.062744140625,747.0394377355351,462.57872756461836,684.0803970200473,439.97327741498714
prefill,steady,1,65536,512,flashmla_dense_bf16_multiquery,flashmla_sparse_bf16,6.75929594039917,0.3078719973564148,21.95489033896812,33685760,1048576,32.125244140625,711.0048403931373,479.1681451132878,694.0388055213574,474.31688921986125
prefill,steady,1,65536,1024,flashmla_dense_bf16_multiquery,flashmla_sparse_bf16,13.80624008178711,0.5932160019874573,23.273546289263827,67633664,2097152,32.250244140625,673.7482928249731,490.33900255899596,682.2230040546125,492.3295648625728
prefill,steady,1,65536,2048,flashmla_dense_bf16_multiquery,flashmla_sparse_bf16,28.242528915405273,1.1707520484924316,24.12340764363638,136315904,4194304,32.500244140625,676.5471596248467,487.8380332791723,672.1741566245144,498.9233655479494
prefill,steady,1,65536,4096,flashmla_dense_bf16_multiquery,flashmla_sparse_bf16,58.77094268798828,2.3348801136016846,25.170860955824743,276826112,8388608,33.000244140625,652.7228626334585,504.14066803462583,655.9689176033468,500.33879585788986
prefill,steady,1,65536,8192,flashmla_dense_bf16_multiquery,flashmla_sparse_bf16,126.35568237304688,5.070112228393555,24.921673659496523,570429440,16777216,34.000244140625,667.2997323128659,502.0231568289629,628.703704021985,460.83047155038986
prefill,steady,1,65536,16384,flashmla_dense_bf16_multiquery,flashmla_sparse_bf16,270.7236022949219,9.957375526428223,27.188248708345366,1207967744,33554432,36.000244140625,692.9410084410896,478.6706293458974,621.3954693065618,469.2927775642714
prefill,steady,1,65536,32768,flashmla_dense_bf16_multiquery,flashmla_sparse_bf16,608.5300903320312,20.360095977783203,29.888370418098965,2684370944,67108864,40.000244140625,739.4463599638339,452.7797000924986,614.3266226017523,459.0277396675402
prefill,steady,1,131072,2,flashmla_dense_bf16_multiquery,flashmla_sparse_bf16,0.10054399818181992,0.06790400296449661,1.4806785136715581,262147,4096,64.000732421875,542.7495792282701,10.361385283272492,363.10113451009755,8.400467116765487
prefill,steady,1,131072,4,flashmla_dense_bf16_multiquery,flashmla_sparse_bf16,0.1369599997997284,0.0682239979505539,2.0075047478013777,524298,8192,64.001220703125,646.9771115966762,20.722808208105295,533.1179671346991,16.722131834414693
prefill,steady,1,131072,8,flashmla_dense_bf16_multiquery,flashmla_sparse_bf16,0.2269439995288849,0.06809599697589874,3.33270690800235,1048612,16384,64.002197265625,709.6003067012176,41.31047337642352,643.4798975569,33.50712930757977
prefill,steady,1,131072,16,flashmla_dense_bf16_multiquery,flashmla_sparse_bf16,0.4097279906272888,0.06880000233650208,5.95534849872972,2097288,32768,64.004150390625,742.0083137081562,79.70104271130786,712.8551690716416,66.32852611952414
prefill,steady,1,131072,32,flashmla_dense_bf16_multiquery,flashmla_sparse_bf16,0.7861440181732178,0.07337599992752075,10.713912164055742,4194832,65536,64.008056640625,758.1237598728266,145.88930118063047,743.106950054132,124.38406990044787
prefill,steady,1,131072,64,flashmla_dense_bf16_multiquery,flashmla_sparse_bf16,1.5799360275268555,0.07958400249481201,19.852432373325904,8390688,131072,64.015869140625,755.8916398002556,273.48241306103364,739.6000554915745,229.36281709618626
prefill,steady,1,131072,128,flashmla_dense_bf16_multiquery,flashmla_sparse_bf16,3.4612479209899902,0.1034879982471466,33.44588724891511,16785472,262144,64.031494140625,742.9204335941126,405.5844261504654,675.3668116149835,352.7676893393441
prefill,steady,1,131072,256,flashmla_dense_bf16_multiquery,flashmla_sparse_bf16,6.7292160987854,0.1876479983329773,35.86084668403738,33587328,524288,64.062744140625,703.1799114108134,400.6310283426046,695.1040920555773,389.10323947307694
prefill,steady,1,131072,512,flashmla_dense_bf16_multiquery,flashmla_sparse_bf16,13.45747184753418,0.3608959913253784,37.289058817506024,67240192,1048576,64.125244140625,670.028785086168,414.69669252233956,695.8318921100916,404.6287339676836
prefill,steady,1,131072,1024,flashmla_dense_bf16_multiquery,flashmla_sparse_bf16,27.972864151000977,0.7002559900283813,39.94662601867531,134742528,2097152,64.250244140625,681.7000079101945,414.21117971379414,670.8209541253045,417.0728709027722
prefill,steady,1,131072,2048,flashmla_dense_bf16_multiquery,flashmla_sparse_bf16,56.674560546875,1.3979519605636597,40.54113599441829,270533632,4194304,64.500244140625,647.97832291803,415.7211076405741,664.7708489188349,417.8366415541793
prefill,steady,1,131072,4096,flashmla_dense_bf16_multiquery,flashmla_sparse_bf16,118.71366119384766,2.8701438903808594,41.36157131066161,545261568,8388608,65.000244140625,639.5971231872337,412.83196299834964,639.6509571207407,407.0287585327227
prefill,steady,1,131072,8192,flashmla_dense_bf16_multiquery,flashmla_sparse_bf16,248.0303955078125,5.780064105987549,42.911357202920755,1107300352,16777216,66.000244140625,643.1631848051821,408.198664151803,621.7265263203225,404.22773280380517
prefill,steady,1,131072,16384,flashmla_dense_bf16_multiquery,flashmla_sparse_bf16,511.6988220214844,11.609600067138672,44.075490892219754,2281709568,33554432,68.000244140625,655.9961501203885,406.1462046772878,620.990292732412,402.5052018178348
prefill,steady,1,131072,32768,flashmla_dense_bf16_multiquery,flashmla_sparse_bf16,1093.1571044921875,23.500703811645508,46.515930469728566,4831854592,67108864,72.000244140625,685.9211711839572,398.1727213223335,615.5596438380894,397.68378474966227
prefill,steady,1,262144,2,flashmla_dense_bf16_multiquery,flashmla_sparse_bf16,0.15532800555229187,0.0679360032081604,2.2863871616991744,524291,4096,128.000732421875,597.370156675181,10.356625821784629,470.0688814253732,8.396510201699371
prefill,steady,1,262144,4,flashmla_dense_bf16_multiquery,flashmla_sparse_bf16,0.2301120012998581,0.06806399673223495,3.380818235007901,1048586,8192,128.001220703125,689.6597928911226,20.728945610739043,634.6052351859237,16.761441331283088
prefill,steady,1,262144,8,flashmla_dense_bf16_multiquery,flashmla_sparse_bf16,0.4123519957065582,0.0679360032081604,6.069712320918916,2097188,16384,128.002197265625,728.4508565673555,41.46203466766973,708.2851366623202,33.586040806797484
prefill,steady,1,262144,16,flashmla_dense_bf16_multiquery,flashmla_sparse_bf16,0.7868160009384155,0.0700799971818924,11.227397725148837,4194440,32768,128.004150390625,751.5567012627773,77.9638379493032,742.4029143577628,65.1170510203604
prefill,steady,1,262144,32,flashmla_dense_bf16_multiquery,flashmla_sparse_bf16,1.563904047012329,0.07513599842786789,20.814311112318673,8389136,65536,128.008056640625,756.4850178073224,146.80306872723997,747.0436809316535,121.47047613617488
prefill,steady,1,262144,64,flashmla_dense_bf16_multiquery,flashmla_sparse_bf16,3.569632053375244,0.084927998483181,42.031274928516865,16779296,131072,128.015869140625,761.5630373838156,256.746685570737,654.6198160492474,214.93042735035036
prefill,steady,1,262144,128,flashmla_dense_bf16_multiquery,flashmla_sparse_bf16,6.814943790435791,0.11744000017642975,58.029153441738096,33562688,262144,128.031494140625,682.1452165831573,341.79463812512637,685.8566006357494,310.85849762564123
prefill,steady,1,262144,256,flashmla_dense_bf16_multiquery,flashmla_sparse_bf16,13.400416374206543,0.21456000208854675,62.45533297802787,67141760,524288,128.062744140625,680.5990647547791,358.99091407556006,697.7716067567827,340.29848676953156
prefill,steady,1,262144,512,flashmla_dense_bf16_multiquery,flashmla_sparse_bf16,27.590431213378906,0.40956801176071167,67.36471213845307,134349056,1048576,128.125244140625,675.9785163545596,362.7971194240916,678.1331828446131,356.54368473804726
prefill,steady,1,262144,1024,flashmla_dense_bf16_multiquery,flashmla_sparse_bf16,56.14611053466797,0.7995200157165527,70.22477165171183,268960256,2097152,128.250244140625,657.2159483706484,366.8482702041596,667.1251264761453,365.2913878162881
prefill,steady,1,262144,2048,flashmla_dense_bf16_multiquery,flashmla_sparse_bf16,115.02294158935547,1.5936319828033447,72.17660214563439,538969088,4194304,128.500244140625,646.798774971021,368.5551120381495,652.5566989861974,366.53101754928844
prefill,steady,1,262144,4096,flashmla_dense_bf16_multiquery,flashmla_sparse_bf16,240.95213317871094,3.199039936065674,75.32013916495363,1082132480,8388608,129.000244140625,626.1243654814438,367.46454063547276,625.4441316066137,365.1817819907383
prefill,steady,1,262144,8192,flashmla_dense_bf16_multiquery,flashmla_sparse_bf16,486.69158935546875,6.413856029510498,75.88127752106915,2181042176,16777216,130.000244140625,632.4959040228304,366.3152192778145,624.092678488057,364.28354460621057
prefill,steady,1,262144,16384,flashmla_dense_bf16_multiquery,flashmla_sparse_bf16,994.1741333007812,12.865535736083984,77.27421179301689,4429193216,33554432,132.000244140625,640.4167595921363,364.1563867620957,620.4417751094383,363.21257924315137
prefill,steady,1,262144,32768,flashmla_dense_bf16_multiquery,flashmla_sparse_bf16,2063.9697265625,25.876096725463867,79.76356513350838,9126821888,67108864,136.000244140625,652.4001291186931,361.76647022574133,615.8218829727313,361.1769168763015
prefill,steady,1,524288,2,flashmla_dense_bf16_multiquery,flashmla_sparse_bf16,0.26416000723838806,0.06790400296449661,3.890197863246785,1048579,4096,256.000732421875,633.4561605288033,10.358318409712853,552.8062608062302,8.400467116765487
prefill,steady,1,524288,4,flashmla_dense_bf16_multiquery,flashmla_sparse_bf16,0.41788798570632935,0.06780800223350525,6.162812233684165,2097162,8192,256.001220703125,706.8622571041398,20.78218815351321,698.8934325890012,16.824720540672168
prefill,steady,1,524288,8,flashmla_dense_bf16_multiquery,flashmla_sparse_bf16,0.7948480248451233,0.06943999975919724,11.446544176288635,4194340,16384,256.002197265625,750.6230066171826,41.57763071243356,734.8833330419565,32.85860287892342
prefill,steady,1,524288,16,flashmla_dense_bf16_multiquery,flashmla_sparse_bf16,1.7065600156784058,0.07878399640321732,21.661252203356298,8388744,32768,256.004150390625,761.0388832011472,77.58698653101331,684.5642893792913,57.922966088753064
prefill,steady,1,524288,32,flashmla_dense_bf16_multiquery,flashmla_sparse_bf16,3.6069440841674805,0.07427199929952621,48.56398263390345,16777744,65536,256.008056640625,755.1492600725652,131.04188927176662,647.788179104888,122.88353067207953
prefill,steady,1,524288,64,flashmla_dense_bf16_multiquery,flashmla_sparse_bf16,7.132959842681885,0.08243200182914734,86.53144027080661,33556512,131072,256.015869140625,754.8792199009607,249.88994707488095,655.1577732436725,221.43840502422034
prefill,steady,1,524288,128,flashmla_dense_bf16_multiquery,flashmla_sparse_bf16,13.4551362991333,0.1236800029873848,108.78990923460528,67117120,262144,256.031494140625,677.4034731988204,325.6462309757646,694.6788491679625,295.1748151212746
prefill,steady,1,524288,256,flashmla_dense_bf16_multiquery,flashmla_sparse_bf16,27.55900764465332,0.22630399465560913,121.77870605683648,134250624,524288,256.062744140625,681.7507322507961,338.65242087188994,678.4090030311102,322.6387768502003
prefill,steady,1,524288,512,flashmla_dense_bf16_multiquery,flashmla_sparse_bf16,56.883296966552734,0.4362879991531372,130.3801550282539,268566784,1048576,256.125244140625,647.25850191218,340.2812032386498,657.5161181140418,334.7075517718832
prefill,steady,1,524288,1024,flashmla_dense_bf16_multiquery,flashmla_sparse_bf16,114.5060806274414,0.8425279855728149,135.90774738430963,537395712,2097152,256.250244140625,648.4434102539672,347.8106804248596,653.5886655615092,346.6445995018632
prefill,steady,1,524288,2048,flashmla_dense_bf16_multiquery,flashmla_sparse_bf16,238.0694122314453,1.676576018333435,141.99738611798418,1075840000,4194304,256.500244140625,630.2128241072118,347.96860624918537,629.3365466637226,348.39789300853045
prefill,steady,1,524288,4096,flashmla_dense_bf16_multiquery,flashmla_sparse_bf16,485.4246520996094,3.3665919303894043,144.18874105821956,2155874304,8388608,257.000244140625,616.8572388555795,347.76009244301895,618.5010954298372,347.0070411464671
prefill,steady,1,524288,8192,flashmla_dense_bf16_multiquery,flashmla_sparse_bf16,975.05322265625,6.761568069458008,144.20519214478722,4328525824,16777216,258.000244140625,622.5056573285094,345.9116137670697,618.2306835634681,345.5503494193597
prefill,steady,1,524288,16384,flashmla_dense_bf16_multiquery,flashmla_sparse_bf16,1962.4915771484375,13.596287727355957,144.34025055235276,8724160512,33554432,260.000244140625,628.2648910265037,343.957871762423,619.0913141693813,343.69119805003817
prefill,steady,1,524288,32768,flashmla_dense_bf16_multiquery,flashmla_sparse_bf16,4014.574462890625,27.34998321533203,146.7852623997264,17716756480,67108864,264.000244140625,632.63103960755,342.00319988931585,614.5872737540851,341.71314704342643
prefill,steady,2,2048,2,flashmla_dense_bf16_multiquery,flashmla_sparse_bf16,0.03494400158524513,0.06880000233650208,0.5079069825366194,8198,8192,1.000732421875,96.11122987451304,20.60989961069109,32.671881301713,16.582131529881035
prefill,steady,2,2048,4,flashmla_dense_bf16_multiquery,flashmla_sparse_bf16,0.03747199848294258,0.06828799843788147,0.5487347607212295,16404,16384,1.001220703125,158.30254222148352,41.49355194556032,60.96516728457674,33.41291922731579
prefill,steady,2,2048,8,flashmla_dense_bf16_multiquery,flashmla_sparse_bf16,0.04476799815893173,0.06911999732255936,0.6476851836381708,32840,32768,1.002197265625,260.6228549323016,81.7929913374832,102.15846024125938,66.02145440926685
prefill,steady,2,2048,16,flashmla_dense_bf16_multiquery,flashmla_sparse_bf16,0.052639998495578766,0.06931199878454208,0.7594644422131209,65808,65536,1.004150390625,343.0491657715719,159.63042162078963,174.10116971735366,131.67713619644533
prefill,steady,2,2048,32,flashmla_dense_bf16_multiquery,flashmla_sparse_bf16,0.06137600168585777,0.07011199742555618,0.8753994172113816,132128,131072,1.008056640625,413.7474569878435,295.10085615668777,299.80241929379173,260.3493222024005
prefill,steady,2,2048,64,flashmla_dense_bf16_multiquery,flashmla_sparse_bf16,0.07411199808120728,0.07225599884986877,1.0256864379550663,266304,262144,1.015869140625,608.5097569230621,566.848881836165,500.41236528750545,505.2483198226011
prefill,steady,2,2048,128,flashmla_dense_bf16_multiquery,flashmla_sparse_bf16,0.13391999900341034,0.13391999900341034,1.0,540800,524288,1.031494140625,604.5975533616183,599.649841181717,562.3803148182677,545.2094128983726
prefill,steady,2,2048,256,flashmla_dense_bf16_multiquery,flashmla_sparse_bf16,0.2535040080547333,0.2537280023097992,0.9991171874880707,1114368,1048576,1.062744140625,659.6098655384785,579.488222898511,612.1849762568372,575.5331959209622
prefill,steady,2,2048,512,flashmla_dense_bf16_multiquery,flashmla_sparse_bf16,0.5053120255470276,0.47622400522232056,1.0610805419418694,2359808,2097152,1.125244140625,643.5155370502606,626.3378645803735,650.3631116956566,613.2781483614117
prefill,steady,2,2048,1024,flashmla_dense_bf16_multiquery,flashmla_sparse_bf16,1.0910719633102417,0.93641597032547,1.165157363699188,5243904,4194304,1.250244140625,800.8189847075661,635.7127310747724,669.3298620196932,623.7778623670622
prefill,steady,2,2048,2048,flashmla_dense_bf16_multiquery,flashmla_sparse_bf16,2.8671679496765137,1.9241280555725098,1.4901128546890865,12584960,8388608,1.500244140625,890.1257038684275,643.3199317488876,611.2763187234077,607.1483138186463
prefill,steady,2,2048,4096,flashmla_dense_bf16_multiquery,flashmla_sparse_bf16,7.6412482261657715,4.061791896820068,1.8812505466240208,33558528,16777216,2.000244140625,936.6621379662104,617.4487221945051,611.6140589947918,575.2294229680231
prefill,steady,2,2048,8192,flashmla_dense_bf16_multiquery,flashmla_sparse_bf16,21.773088455200195,7.90774393081665,2.7533881528902313,100671488,33554432,3.000244140625,1055.6234590281106,614.5866670187914,643.9102166731675,590.9301640177689
prefill,steady,2,2048,16384,flashmla_dense_bf16_multiquery,flashmla_sparse_bf16,74.02662658691406,15.637056350708008,4.734051277084662,335560704,67108864,5.000244140625,1082.291686543355,581.7223429015382,631.2799601504048,597.673157049974
prefill,steady,2,2048,32768,flashmla_dense_bf16_multiquery,flashmla_sparse_bf16,271.3891296386719,32.260032653808594,8.412549750058355,1207992320,134217728,9.000244140625,1151.453387271465,584.1441096011581,619.8842329332114,579.407276885855
prefill,steady,2,4096,2,flashmla_dense_bf16_multiquery,flashmla_sparse_bf16,0.038336001336574554,0.06809599697589874,0.5629699694409767,16390,8192,2.000732421875,157.72489449611012,20.600484075421,59.540298424977884,16.753564653789883
prefill,steady,2,4096,4,flashmla_dense_bf16_multiquery,flashmla_sparse_bf16,0.043455999344587326,0.06828799843788147,0.6363636413229669,32788,16384,2.001220703125,259.53745454545464,41.55181136432343,105.07612529612078,33.41291922731579
prefill,steady,2,4096,8,flashmla_dense_bf16_multiquery,flashmla_sparse_bf16,0.05190400034189224,0.06892800331115723,0.7530176103837706,65608,32768,2.002197265625,375.85361857437033,81.78097164352164,176.0333009366442,66.20535243708896
prefill,steady,2,4096,16,flashmla_dense_bf16_multiquery,flashmla_sparse_bf16,0.06419199705123901,0.06934399902820587,0.9257037083357239,131344,65536,2.004150390625,478.40607600752907,160.6119380838079,284.9497080048695,131.61637101845895
prefill,steady,2,4096,32,flashmla_dense_bf16_multiquery,flashmla_sparse_bf16,0.08374399691820145,0.07027199864387512,1.1917121831499315,263200,131072,2.008056640625,553.3520732860984,306.038598637266,437.69447541180506,259.7565368889786
prefill,steady,2,4096,64,flashmla_dense_bf16_multiquery,flashmla_sparse_bf16,0.1250240057706833,0.07321599870920181,1.7076050040272173,528448,262144,2.015869140625,651.6431370136753,565.5842959171342,588.6372126564586,498.6235612382866
prefill,steady,2,4096,128,flashmla_dense_bf16_multiquery,flashmla_sparse_bf16,0.23059199750423431,0.13443200290203094,1.7153058239583114,1065088,524288,2.031494140625,709.4932838076016,595.5034844906106,643.250489337889,543.1329032954319
prefill,steady,2,4096,256,flashmla_dense_bf16_multiquery,flashmla_sparse_bf16,0.4386880099773407,0.2516480088233948,1.743260405788506,2162944,1048576,2.062744140625,697.1134029926926,581.9926757718548,686.6388557817178,580.2902583921588
prefill,steady,2,4096,512,flashmla_dense_bf16_multiquery,flashmla_sparse_bf16,0.8827199935913086,0.47600001096725464,1.8544537253215176,4456960,2097152,2.125244140625,768.0992990849858,631.7284177165633,703.1607779888758,613.5667424345742
prefill,steady,2,4096,1024,flashmla_dense_bf16_multiquery,flashmla_sparse_bf16,1.8715200424194336,0.933184027671814,2.005520869328057,9438208,4194304,2.250244140625,805.4325277531062,633.5994816966647,702.3182061212595,625.9382232605295
prefill,steady,2,4096,2048,flashmla_dense_bf16_multiquery,flashmla_sparse_bf16,4.516511917114258,2.0453760623931885,2.20815721869245,20973568,8388608,2.500244140625,853.676124042371,622.4349508389646,646.707686718168,571.157121661585
prefill,steady,2,4096,4096,flashmla_dense_bf16_multiquery,flashmla_sparse_bf16,10.759519577026367,4.041408061981201,2.6623195213184627,50335744,16777216,3.000244140625,857.4957892106568,649.484656659873,651.5120867834656,578.1307339399443
prefill,steady,2,4096,8192,flashmla_dense_bf16_multiquery,flashmla_sparse_bf16,28.714111328125,7.8309760093688965,3.66673468208455,134225920,33554432,4.000244140625,939.862282381279,601.4620717646599,650.9983300291335,596.7231175855172
prefill,steady,2,4096,16384,flashmla_dense_bf16_multiquery,flashmla_sparse_bf16,87.4040298461914,15.760191917419434,5.54587344520757,402669568,67108864,6.000244140625,1028.5896467775156,584.4618458996957,641.5879773121874,593.0034916495031
prefill,steady,2,4096,32768,flashmla_dense_bf16_multiquery,flashmla_sparse_bf16,302.19952392578125,32.34435272216797,9.343192813954865,1342210048,134217728,10.000244140625,1106.0222159841455,572.1047213736999,618.5368451162055,577.89679183721
prefill,steady,2,8192,2,flashmla_dense_bf16_multiquery,flashmla_sparse_bf16,0.044544000178575516,0.06828799843788147,0.6522961749873983,32774,8192,4.000732421875,237.50269860761335,20.609192216256844,102.4658386696774,16.706459613657895
prefill,steady,2,8192,4,flashmla_dense_bf16_multiquery,flashmla_sparse_bf16,0.05801599845290184,0.06825599819421768,0.8499765586582055,65556,16384,4.001220703125,374.82500808656323,41.54220355430776,157.3633312785528,33.42858410051491
prefill,steady,2,8192,8,flashmla_dense_bf16_multiquery,flashmla_sparse_bf16,0.06400000303983688,0.06854400038719177,0.9337068551341222,131144,32768,4.002197265625,503.4202553547912,81.76499971331916,285.3693304456841,66.57625359217762
prefill,steady,2,8192,16,flashmla_dense_bf16_multiquery,flashmla_sparse_bf16,0.08662399649620056,0.0684799998998642,1.2649532217124368,262416,65536,4.004150390625,592.7756434257268,160.38304201819474,421.8819646078429,133.2769497275963
prefill,steady,2,8192,32,flashmla_dense_bf16_multiquery,flashmla_sparse_bf16,0.1329279989004135,0.07001599669456482,1.8985375510727023,525344,131072,4.008056640625,650.397975362845,313.3408922183236,550.3844744613274,260.706293843518
prefill,steady,2,8192,64,flashmla_dense_bf16_multiquery,flashmla_sparse_bf16,0.22198399901390076,0.07391999661922455,3.0030304270356103,1052736,262144,4.015869140625,679.9798493849121,551.1056466737919,660.4450183583698,493.87477929761536
prefill,steady,2,8192,128,flashmla_dense_bf16_multiquery,flashmla_sparse_bf16,0.4206080138683319,0.13875199854373932,3.0313654454190946,2113664,524288,4.031494140625,735.5652620753907,595.6331921662809,699.8376007836747,526.222647589349
prefill,steady,2,8192,256,flashmla_dense_bf16_multiquery,flashmla_sparse_bf16,0.8171520233154297,0.25443199276924133,3.2116716707735367,4260096,1048576,4.062744140625,757.4990628411845,617.605063291996,726.0313777807145,573.9407472881833
prefill,steady,2,8192,512,flashmla_dense_bf16_multiquery,flashmla_sparse_bf16,1.7705600261688232,0.4774399995803833,3.7084450982844936,8651264,2097152,4.125244140625,769.3220765603567,630.2898287634132,680.4681072027779,611.7161871328049
prefill,steady,2,8192,1024,flashmla_dense_bf16_multiquery,flashmla_sparse_bf16,3.8168320655822754,0.9308159947395325,4.1005226458859125,17826816,4194304,4.250244140625,765.8038855262274,572.6422636541056,650.4435250926512,627.5306350096093
prefill,steady,2,8192,2048,flashmla_dense_bf16_multiquery,flashmla_sparse_bf16,7.950751781463623,1.8277759552001953,4.349959719539467,37750784,8388608,4.500244140625,803.2809077423918,629.0954355295585,661.2362362051,639.1544331176215
prefill,steady,2,8192,4096,flashmla_dense_bf16_multiquery,flashmla_sparse_bf16,18.12620735168457,4.377632141113281,4.140641965196023,83890176,16777216,5.000244140625,777.8965563375765,648.2549504697739,644.5298370361104,533.727397302463
prefill,steady,2,8192,8192,flashmla_dense_bf16_multiquery,flashmla_sparse_bf16,42.82748794555664,8.139904022216797,5.261424192307999,201334784,33554432,6.000244140625,843.5593164831395,599.5964736495094,654.6890491130247,574.076107690443
prefill,steady,2,8192,16384,flashmla_dense_bf16_multiquery,flashmla_sparse_bf16,116.88368225097656,15.773311614990234,7.410218291756542,536887296,67108864,8.000244140625,935.9269381038945,581.5172821565623,639.6878584779469,592.5102517605835
prefill,steady,2,8192,32768,flashmla_dense_bf16_multiquery,flashmla_sparse_bf16,362.4748840332031,32.79999923706055,11.05106379464926,1610645504,134217728,12.000244140625,1021.1571848873527,563.3420891424794,618.8151106450438,569.8688447246167
prefill,steady,2,16384,2,flashmla_dense_bf16_multiquery,flashmla_sparse_bf16,0.05676800012588501,0.06828799843788147,0.8313027387605205,65542,8192,8.000732421875,352.64036840580246,20.60654922466969,160.78849118797805,16.706459613657895
prefill,steady,2,16384,4,flashmla_dense_bf16_multiquery,flashmla_sparse_bf16,0.06623999774456024,0.06835199892520905,0.9691011058365716,131092,16384,8.001220703125,514.8527172493917,41.55665477964078,275.6098567273766,33.381633483706075
prefill,steady,2,16384,8,flashmla_dense_bf16_multiquery,flashmla_sparse_bf16,0.08720000088214874,0.06860800087451935,1.2709888026271636,262216,32768,8.002197265625,613.2314747756942,81.80516121167794,418.77578732313606,66.5141484059015
prefill,steady,2,16384,16,flashmla_dense_bf16_multiquery,flashmla_sparse_bf16,0.13369600474834442,0.06947200000286102,1.924458843027961,524560,65536,8.004150390625,669.0352680553458,159.00468825566725,546.4061845191721,131.37387010053166
prefill,steady,2,16384,32,flashmla_dense_bf16_multiquery,flashmla_sparse_bf16,0.22854399681091309,0.07158400118350983,3.1926686554587387,1049632,131072,8.008056640625,705.9154195859863,302.8021659425735,639.5965454692706,254.99567928880904
prefill,steady,2,16384,64,flashmla_dense_bf16_multiquery,flashmla_sparse_bf16,0.41094401478767395,0.0799039974808693,5.1429719130893625,2101312,262144,8.015869140625,739.8062990713773,541.3529963669798,712.1094451739353,456.88855585404974
prefill,steady,2,16384,128,flashmla_dense_bf16_multiquery,flashmla_sparse_bf16,0.8098559975624084,0.14076800644397736,5.753125429709867,4210816,524288,8.031494140625,754.7774750143315,578.2461228110193,724.0979645629038,518.6863540690844
prefill,steady,2,16384,256,flashmla_dense_bf16_multiquery,flashmla_sparse_bf16,1.5774400234222412,0.25814399123191833,6.110698203333574,8454400,1048576,8.062744140625,763.8388036140952,577.9412898680815,746.3951364982206,565.6877286475619
prefill,steady,2,16384,512,flashmla_dense_bf16_multiquery,flashmla_sparse_bf16,3.6216959953308105,0.4799039959907532,7.546709395186186,17039872,2097152,8.125244140625,764.4160130434525,624.2427501772435,655.2291349874171,608.575420433939
prefill,steady,2,16384,1024,flashmla_dense_bf16_multiquery,flashmla_sparse_bf16,7.115071773529053,0.9381120204925537,7.584458591409264,34604032,4194304,8.250244140625,701.3713213473421,634.5515496192304,677.3081236336909,622.650109471267
prefill,steady,2,16384,2048,flashmla_dense_bf16_multiquery,flashmla_sparse_bf16,14.992480278015137,2.0304958820343018,7.383654609037944,71305216,8388608,8.500244140625,705.4528886628887,630.8004978407189,662.3486852662829,575.3427597900761
prefill,steady,2,16384,4096,flashmla_dense_bf16_multiquery,flashmla_sparse_bf16,33.02716827392578,4.105823993682861,8.043980532224646,150999040,16777216,9.000244140625,680.976177031931,618.0923842099008,636.7100604008402,569.0604888613915
prefill,steady,2,16384,8192,flashmla_dense_bf16_multiquery,flashmla_sparse_bf16,73.8589096069336,8.003583908081055,9.228229560054936,335552512,33554432,10.000244140625,754.0806022969686,594.7733782013291,632.6980086743811,583.853992375821
prefill,steady,2,16384,16384,flashmla_dense_bf16_multiquery,flashmla_sparse_bf16,177.3244171142578,16.315839767456055,10.868237224782822,805322752,67108864,12.000244140625,823.5069269005186,561.1174958812343,632.4705280844843,572.808324260296
prefill,steady,2,16384,32768,flashmla_dense_bf16_multiquery,flashmla_sparse_bf16,484.11260986328125,34.2026252746582,14.154252955020253,2147516416,134217728,16.000244140625,910.9376221562874,542.4058477296602,617.7730554101558,546.4989170302451
prefill,steady,2,32768,2,flashmla_dense_bf16_multiquery,flashmla_sparse_bf16,0.0679360032081604,0.06844799965620041,0.992519920952962,131078,8192,16.000732421875,468.46266279675535,20.591002810200475,268.70062602987065,16.667407283342797
prefill,steady,2,32768,4,flashmla_dense_bf16_multiquery,flashmla_sparse_bf16,0.08924800157546997,0.0687360018491745,1.298417120205862,262164,16384,16.001220703125,619.1379348095192,41.57066162846415,409.0848719466998,33.19514249616488
prefill,steady,2,32768,8,flashmla_dense_bf16_multiquery,flashmla_sparse_bf16,0.1345600038766861,0.06924799829721451,1.9431609170730175,524360,32768,16.002197265625,676.6413562425012,80.63104616749213,542.6907620106887,65.89941751693294
prefill,steady,2,32768,16,flashmla_dense_bf16_multiquery,flashmla_sparse_bf16,0.22700800001621246,0.07148800045251846,3.1754699890786378,1048848,65536,16.004150390625,718.2247004672635,154.03423193894528,643.4432613016643,127.6690555929302
prefill,steady,2,32768,32,flashmla_dense_bf16_multiquery,flashmla_sparse_bf16,0.41468799114227295,0.0764160007238388,5.426716750604648,2098208,131072,16.008056640625,736.0454886265845,282.550953718796,704.6378124119565,238.87158232694043
prefill,steady,2,32768,64,flashmla_dense_bf16_multiquery,flashmla_sparse_bf16,0.802944004535675,0.09200000017881393,8.727652206250536,4198464,262144,16.015869140625,744.2746202066347,460.2738909404497,728.1888739353826,396.8176298374291
prefill,steady,2,32768,128,flashmla_dense_bf16_multiquery,flashmla_sparse_bf16,1.6954560279846191,0.16432000696659088,10.318013364795773,8405120,524288,16.031494140625,751.6943051480405,547.9688937721019,690.3927983737829,444.34299498809725
prefill,steady,2,32768,256,flashmla_dense_bf16_multiquery,flashmla_sparse_bf16,3.5436160564422607,0.2650560140609741,13.36931013995811,16843008,1048576,16.062744140625,754.6842930161706,563.405878957288,661.9296867242929,550.9359543541885
prefill,steady,2,32768,512,flashmla_dense_bf16_multiquery,flashmla_sparse_bf16,6.823296070098877,0.51283198595047,13.305129666303381,33817088,2097152,16.125244140625,708.5819852728313,530.6987103992193,690.2093789935388,569.4999222536937
prefill,steady,2,32768,1024,flashmla_dense_bf16_multiquery,flashmla_sparse_bf16,13.795392036437988,1.011680006980896,13.636122035866716,68158464,4194304,16.250244140625,689.2176321673786,567.3756996145715,688.0573096744606,577.3718450749517
prefill,steady,2,32768,2048,flashmla_dense_bf16_multiquery,flashmla_sparse_bf16,29.030176162719727,2.0762879848480225,13.981767642336303,138414080,8388608,16.500244140625,682.0959561162203,577.3573249565869,664.0021172821604,562.6536940141812
prefill,steady,2,32768,4096,flashmla_dense_bf16_multiquery,flashmla_sparse_bf16,61.77881622314453,4.500288009643555,13.727747222124506,285216768,16777216,17.000244140625,667.1179168752334,541.754319293759,642.9457604898445,519.1805955568295
prefill,steady,2,32768,8192,flashmla_dense_bf16_multiquery,flashmla_sparse_bf16,133.739013671875,8.700575828552246,15.371283040024815,603987968,33554432,18.000244140625,684.8218275008003,543.7555102155138,628.9397391693261,537.0822012392671
prefill,steady,2,32768,16384,flashmla_dense_bf16_multiquery,flashmla_sparse_bf16,302.665771484375,17.534400939941406,17.261255318676795,1342193664,67108864,20.000244140625,741.0121314766835,516.7433889170075,617.5764689432204,533.0007491049894
prefill,steady,2,32768,32768,flashmla_dense_bf16_multiquery,flashmla_sparse_bf16,732.483642578125,36.738433837890625,19.937802624091972,3221258240,134217728,24.000244140625,802.7877091828803,506.1489336129497,612.4441304332782,508.7777490643625
prefill,steady,2,65536,2,flashmla_dense_bf16_multiquery,flashmla_sparse_bf16,0.09548799693584442,0.06812799721956253,1.4015970061193233,262150,8192,32.000732421875,547.836780835793,20.57588803520543,382.33137956102155,16.745695375768534
prefill,steady,2,65536,4,flashmla_dense_bf16_multiquery,flashmla_sparse_bf16,0.1351040005683899,0.06825599819421768,1.9793718375337634,524308,16384,32.001220703125,679.9350083340317,41.52065888552847,540.4520147798181,33.42858410051491
prefill,steady,2,65536,8,flashmla_dense_bf16_multiquery,flashmla_sparse_bf16,0.22643199563026428,0.0689919963479042,3.2820038209713682,1048648,32768,32.002197265625,725.3400625480198,80.91153977223364,644.957063888019,66.14394413213155
prefill,steady,2,65536,16,flashmla_dense_bf16_multiquery,flashmla_sparse_bf16,0.41417598724365234,0.0724480003118515,5.716872590835317,2097424,65536,32.004150390625,742.0212192778295,151.20117795964347,705.2452699633824,125.9773280796403
prefill,steady,2,65536,32,flashmla_dense_bf16_multiquery,flashmla_sparse_bf16,0.7902399897575378,0.07948800176382065,9.94162605955984,4195360,131072,32.008056640625,736.6592432689173,271.2968397272408,739.348327865898,229.63982743252478
prefill,steady,2,65536,64,flashmla_dense_bf16_multiquery,flashmla_sparse_bf16,1.7017600536346436,0.10780800133943558,15.785099737417626,8392768,262144,32.015869140625,740.96675936049,383.12024884247126,686.8244675597115,338.63184144427555
prefill,steady,2,65536,128,flashmla_dense_bf16_multiquery,flashmla_sparse_bf16,3.167776107788086,0.16867199540138245,18.78068792777276,16793728,524288,32.031494140625,749.3534094394067,468.3944052182928,738.2976752814299,432.87828461535804
prefill,steady,2,65536,256,flashmla_dense_bf16_multiquery,flashmla_sparse_bf16,7.015679836273193,0.31520000100135803,22.25786743015577,33620224,1048576,32.062744140625,681.0443146101502,449.13848002851785,667.3746499844805,463.2896180205623
prefill,steady,2,65536,512,flashmla_dense_bf16_multiquery,flashmla_sparse_bf16,13.578432083129883,0.6085759997367859,22.31181001058646,67371520,2097152,32.125244140625,670.4298272878226,483.70625912649336,690.9801738403153,479.9035391706499
prefill,steady,2,65536,1024,flashmla_dense_bf16_multiquery,flashmla_sparse_bf16,28.35798454284668,1.1858559846878052,23.913514717651278,135267328,4194304,32.250244140625,676.8710009916516,445.08823595982506,664.2880116578617,492.5687096901377
prefill,steady,2,65536,2048,flashmla_dense_bf16_multiquery,flashmla_sparse_bf16,58.85763168334961,2.3420159816741943,25.131182768989955,272631808,8388608,32.500244140625,650.6996203346637,503.8612394432193,645.0785569079023,498.8143179436751
prefill,steady,2,65536,4096,flashmla_dense_bf16_multiquery,flashmla_sparse_bf16,121.46553802490234,4.951295852661133,24.532070318443857,553652224,16777216,33.000244140625,644.6026934597484,494.55942160864026,634.779416259849,471.8890323970927
prefill,steady,2,65536,8192,flashmla_dense_bf16_multiquery,flashmla_sparse_bf16,257.9060974121094,9.890239715576172,26.076829766414274,1140858880,33554432,34.000244140625,652.8784001201699,474.4923507760883,616.0403831416362,472.47837791925264
prefill,steady,2,65536,16384,flashmla_dense_bf16_multiquery,flashmla_sparse_bf16,549.6744995117188,19.839519500732422,27.70603892354481,2415935488,67108864,36.000244140625,682.8267114562155,467.61522724386185,612.0946853086806,471.0723380045054
prefill,steady,2,65536,32768,flashmla_dense_bf16_multiquery,flashmla_sparse_bf16,1223.5225830078125,41.10054397583008,29.769011907173958,5368741888,134217728,40.000244140625,722.4909066440074,456.1060976796338,611.0818718624811,454.7798122376189
prefill,steady,2,131072,2,flashmla_dense_bf16_multiquery,flashmla_sparse_bf16,0.1502079963684082,0.06835199892520905,2.197565524495724,524294,8192,64.000732421875,598.6746539413915,20.608671009324787,486.09449151374605,16.690816741853038
prefill,steady,2,131072,4,flashmla_dense_bf16_multiquery,flashmla_sparse_bf16,0.22857600450515747,0.06835199892520905,3.3441012420904617,1048596,16384,64.001220703125,723.3563227810166,41.62944174217019,638.875780772102,33.381633483706075
prefill,steady,2,131072,8,flashmla_dense_bf16_multiquery,flashmla_sparse_bf16,0.4122239947319031,0.06924799829721451,5.952865134998202,2097224,32768,64.002197265625,748.728457313658,80.82841820188146,708.5172306040829,65.89941751693294
prefill,steady,2,131072,16,flashmla_dense_bf16_multiquery,flashmla_sparse_bf16,0.7874879837036133,0.07414399832487106,10.621061737905443,4194576,65536,64.004150390625,761.431214538789,148.85620324597272,741.7934548241409,123.09567477073163
prefill,steady,2,131072,32,flashmla_dense_bf16_multiquery,flashmla_sparse_bf16,1.5854400396347046,0.08211199939250946,19.30826251174361,8389664,131072,64.008056640625,746.9849444100096,254.7060507301989,736.9425131745769,222.3013827826138
prefill,steady,2,131072,64,flashmla_dense_bf16_multiquery,flashmla_sparse_bf16,3.178015947341919,0.11532799899578094,27.556326087459304,16781376,262144,64.015869140625,738.8885885141285,352.05600552377496,735.377539316218,316.55124803939026
prefill,steady,2,131072,128,flashmla_dense_bf16_multiquery,flashmla_sparse_bf16,7.081600189208984,0.19100800156593323,37.07488760236318,33570944,524288,64.031494140625,680.4738782673508,395.24566984135913,660.1931513078293,382.2585621199563
prefill,steady,2,131072,256,flashmla_dense_bf16_multiquery,flashmla_sparse_bf16,13.57043170928955,0.3598079979419708,37.715758923953004,67174656,1048576,64.062744140625,697.6115474623435,408.14236113956514,689.3672576960163,405.85225703501806
prefill,steady,2,131072,512,flashmla_dense_bf16_multiquery,flashmla_sparse_bf16,27.90889549255371,0.7103360295295715,39.289708437057186,134480384,2097152,64.125244140625,660.0545683810578,409.5011497807499,671.0504255667457,411.15438889030975
prefill,steady,2,131072,1024,flashmla_dense_bf16_multiquery,flashmla_sparse_bf16,56.79529571533203,1.4034240245819092,40.46909182151972,269485056,4194304,64.250244140625,659.2124314955204,418.1538154113031,660.7865381472571,416.20746262343096
prefill,steady,2,131072,2048,flashmla_dense_bf16_multiquery,flashmla_sparse_bf16,117.94834899902344,2.820607900619507,41.81664136057966,541067264,8388608,64.500244140625,643.502640307736,414.1643648145649,638.8490563299014,414.17706596348063
prefill,steady,2,131072,4096,flashmla_dense_bf16_multiquery,flashmla_sparse_bf16,245.3700408935547,5.742335796356201,42.7300056275452,1090523136,16777216,65.000244140625,625.3156394709564,411.0204463196592,618.945220283791,406.88359090852924
prefill,steady,2,131072,8192,flashmla_dense_bf16_multiquery,flashmla_sparse_bf16,500.02099609375,11.550848007202148,43.288682855317504,2214600704,33554432,66.000244140625,635.8560821307927,405.8990108879372,616.8024040015127,404.5524982351385
prefill,steady,2,131072,16384,flashmla_dense_bf16_multiquery,flashmla_sparse_bf16,1035.9979248046875,23.275968551635742,44.50933685128569,4563419136,67108864,68.000244140625,651.333252655174,402.3545741767379,613.4375246704437,401.52352050841773
prefill,steady,2,131072,32768,flashmla_dense_bf16_multiquery,flashmla_sparse_bf16,2201.009033203125,104.58303833007812,21.04556406418835,9663709184,134217728,72.000244140625,672.9558576282767,397.99597041069717,611.4499193317828,178.72590020953962
prefill,steady,2,262144,2,flashmla_dense_bf16_multiquery,flashmla_sparse_bf16,0.25894400477409363,0.06784000247716904,3.8169810630717325,1048582,8192,128.000732421875,629.9544894275667,20.76475041726048,563.943250106904,16.81678429159762
prefill,steady,2,262144,4,flashmla_dense_bf16_multiquery,flashmla_sparse_bf16,0.41571199893951416,0.06780800223350525,6.130721821120145,2097172,16384,128.001220703125,739.888818851998,41.6484385449979,702.5550432824881,33.649441081344335
prefill,steady,2,262144,8,flashmla_dense_bf16_multiquery,flashmla_sparse_bf16,0.7952960133552551,0.06943999975919724,11.45299562374954,4194376,32768,128.002197265625,753.8724295761288,80.35362249632428,734.4756788100153,65.71720575784684
prefill,steady,2,262144,16,flashmla_dense_bf16_multiquery,flashmla_sparse_bf16,1.5651839971542358,0.07689599692821503,20.354557580095975,8388880,65536,128.004150390625,762.0626564367974,146.77497461496284,746.4099980859163,118.69025526153432
prefill,steady,2,262144,32,flashmla_dense_bf16_multiquery,flashmla_sparse_bf16,3.586047887802124,0.08396799862384796,42.70731643690316,16778272,131072,128.008056640625,721.8808885476157,239.23788002463996,651.5833990270831,217.38771087984162
prefill,steady,2,262144,64,flashmla_dense_bf16_multiquery,flashmla_sparse_bf16,7.1229119300842285,0.12467200309038162,57.133211575340106,33558592,262144,128.015869140625,698.2511605329456,321.83469446298164,656.1226366633928,292.8261446921158
prefill,steady,2,262144,128,flashmla_dense_bf16_multiquery,flashmla_sparse_bf16,13.624992370605469,0.2171200066804886,62.75327906863902,67125376,524288,128.031494140625,686.3235177504616,351.25642675467185,686.1030163533652,336.2861172874191
prefill,steady,2,262144,256,flashmla_dense_bf16_multiquery,flashmla_sparse_bf16,27.60406494140625,0.41251200437545776,66.91699792639669,134283520,1048576,128.062744140625,647.6825697452699,359.3085516824617,677.4676182285242,353.9991236984422
prefill,steady,2,262144,512,flashmla_dense_bf16_multiquery,flashmla_sparse_bf16,56.598304748535156,0.8058239817619324,70.2365603773458,268698112,2097152,128.125244140625,643.9024793617986,366.45145181175656,661.150082777638,362.43371100648596
prefill,steady,2,262144,1024,flashmla_dense_bf16_multiquery,flashmla_sparse_bf16,115.81852722167969,1.591264009475708,72.78397961117699,537920512,4194304,128.250244140625,640.6743906702865,363.32065130008226,646.8132860969871,367.0764554327193
prefill,steady,2,262144,2048,flashmla_dense_bf16_multiquery,flashmla_sparse_bf16,241.1138916015625,3.1976640224456787,75.40313488505608,1077938176,8388608,128.500244140625,622.6590065916645,366.9137948947449,622.6019626879565,365.33891500536646
prefill,steady,2,262144,4096,flashmla_dense_bf16_multiquery,flashmla_sparse_bf16,491.0640563964844,6.3897600173950195,76.85172135724146,2164264960,16777216,129.000244140625,617.9794284186775,366.2598979986132,613.7777576334903,365.6572707994329
prefill,steady,2,262144,8192,flashmla_dense_bf16_multiquery,flashmla_sparse_bf16,987.909912109375,12.863295555114746,76.80068516474061,4362084352,33554432,130.000244140625,623.664562676321,364.07058234752213,614.9157000559294,363.2758337881723
prefill,steady,2,262144,16384,flashmla_dense_bf16_multiquery,flashmla_sparse_bf16,2008.986328125,25.798816680908203,77.87125870822216,8858386432,67108864,132.000244140625,628.58377818525,362.5541273766198,614.0680555140589,362.258817979515
prefill,steady,2,262144,32768,flashmla_dense_bf16_multiquery,flashmla_sparse_bf16,4149.73486328125,51.90790557861328,79.9441783871741,18253643776,134217728,136.000244140625,641.1206431436767,361.19294304978837,612.5874376491639,360.09346676266625
prefill,steady,2,524288,2,flashmla_dense_bf16_multiquery,flashmla_sparse_bf16,0.4761280119419098,0.06815999746322632,6.98544644457756,2097158,8192,256.000732421875,650.4217763623811,20.786429076386,613.4035477577252,16.737833486797175
prefill,steady,2,524288,4,flashmla_dense_bf16_multiquery,flashmla_sparse_bf16,0.7995839715003967,0.06988800317049026,11.44093313912302,4194324,16384,256.001220703125,748.2659025127857,41.30396740143764,730.5278224123459,32.64796921488569
prefill,steady,2,524288,8,flashmla_dense_bf16_multiquery,flashmla_sparse_bf16,1.5664960145950317,0.07100799679756165,22.0608394158899,8388680,32768,256.002197265625,755.2814833412197,79.99948726309495,745.7670626899182,64.26603985196078
prefill,steady,2,524288,16,flashmla_dense_bf16_multiquery,flashmla_sparse_bf16,3.600480079650879,0.07852800190448761,45.849633154172025,16777488,65536,256.004150390625,737.6432905421124,133.9856176212386,648.9412625936703,116.22357990339283
prefill,steady,2,524288,32,flashmla_dense_bf16_multiquery,flashmla_sparse_bf16,6.767712116241455,0.08416000008583069,80.41483019652323,33555488,131072,256.008056640625,689.2157427276142,233.9291816405122,690.4950152382156,216.89176555827035
prefill,steady,2,524288,64,flashmla_dense_bf16_multiquery,flashmla_sparse_bf16,13.455743789672852,0.12803199887275696,105.09672510108726,67113024,262144,256.015869140625,675.6991670047818,314.0835780205638,694.6050935890507,285.14138916383126
prefill,steady,2,524288,128,flashmla_dense_bf16_multiquery,flashmla_sparse_bf16,27.86422348022461,0.2274239957332611,122.52103561185221,134234240,524288,256.031494140625,662.3864640050314,335.56637238568527,670.8960403158994,321.0498689752883
prefill,steady,2,524288,256,flashmla_dense_bf16_multiquery,flashmla_sparse_bf16,56.842079162597656,0.4365119934082031,130.21882564734463,268501248,1048576,256.062744140625,650.2450670892499,340.43057828878904,657.8323374574319,334.53579802890187
prefill,steady,2,524288,512,flashmla_dense_bf16_multiquery,flashmla_sparse_bf16,116.08364868164062,0.8573439717292786,135.39915425951824,537133568,2097152,256.125244140625,628.352352871134,340.90424018255777,644.3919541080261,340.6541432126876
prefill,steady,2,524288,1024,flashmla_dense_bf16_multiquery,flashmla_sparse_bf16,237.53759765625,1.676543951034546,141.68289325768797,1074791424,4194304,256.250244140625,627.2594411595002,348.6119824888168,630.1307849738528,348.40455682391115
prefill,steady,2,524288,2048,flashmla_dense_bf16_multiquery,flashmla_sparse_bf16,485.98394775390625,3.3669118881225586,144.34115412057852,2151680000,8388608,256.500244140625,619.4429363152171,348.75372806435666,616.5873685847301,346.9740650574089
prefill,steady,2,524288,4096,flashmla_dense_bf16_multiquery,flashmla_sparse_bf16,985.9154052734375,6.754720211029053,145.95947344549413,4311748608,16777216,257.000244140625,613.6990801260304,346.5086422824351,609.049574570726,345.90066442856414
prefill,steady,2,524288,8192,flashmla_dense_bf16_multiquery,flashmla_sparse_bf16,1965.674560546875,13.59727954864502,144.5638117179665,8657051648,33554432,258.000244140625,620.0098260672221,344.0320605996252,613.3343051311884,343.6661283112077
prefill,steady,2,524288,16384,flashmla_dense_bf16_multiquery,flashmla_sparse_bf16,3945.479248046875,27.295936584472656,144.54456383413742,17448321024,67108864,260.000244140625,626.053171313886,342.8177694389962,615.8752400710806,342.38974754258487
prefill,steady,2,524288,32768,flashmla_dense_bf16_multiquery,flashmla_sparse_bf16,8026.04052734375,54.86649703979492,146.28308640740133,35433512960,134217728,264.000244140625,623.0455874318162,341.5339429538498,614.8252967387607,340.67598043729356
prefill,steady,4,2048,2,flashmla_dense_bf16_multiquery,flashmla_sparse_bf16,0.03788800165057182,0.06825599819421768,0.5550867711693873,16396,16384,1.000732421875,154.55244050156656,41.47198231848182,60.26637575290378,33.42858410051491
prefill,steady,4,2048,4,flashmla_dense_bf16_multiquery,flashmla_sparse_bf16,0.0451200008392334,0.06915199756622314,0.6524757407914993,32808,32768,1.001220703125,253.02231489474755,82.13467876169909,101.26270449948927,65.9909028315469
prefill,steady,4,2048,8,flashmla_dense_bf16_multiquery,flashmla_sparse_bf16,0.0517439991235733,0.06908799707889557,0.7489578698378511,65680,65536,1.002197265625,353.5635158559269,163.7529874119049,176.77140682837003,132.10406857760796
prefill,steady,4,2048,16,flashmla_dense_bf16_multiquery,flashmla_sparse_bf16,0.0623680017888546,0.07103999704122543,0.8779279896740654,131616,131072,1.004150390625,418.0910976920716,282.3184665947993,293.89061855875474,256.94836385490265
prefill,steady,4,2048,32,flashmla_dense_bf16_multiquery,flashmla_sparse_bf16,0.07491199672222137,0.0729919970035553,1.0263042497463462,264256,262144,1.008056640625,548.6336167429696,601.7045805547773,491.26106891078905,500.15376362728927
prefill,steady,4,2048,64,flashmla_dense_bf16_multiquery,flashmla_sparse_bf16,0.13331200182437897,0.13500800728797913,0.9874377416742217,532608,524288,1.015869140625,582.8046444709674,587.5047496558144,556.387418213953,540.815656039248
prefill,steady,4,2048,128,flashmla_dense_bf16_multiquery,flashmla_sparse_bf16,0.24687999486923218,0.2503359913825989,0.986194567971312,1081600,1048576,1.031494140625,649.2829006459953,581.5694412422416,610.126156555475,583.3315747267759
prefill,steady,4,2048,256,flashmla_dense_bf16_multiquery,flashmla_sparse_bf16,0.48761600255966187,0.47939199209213257,1.0171550851978954,2228736,2097152,1.062744140625,664.20497483899,594.1264643550903,636.5309765772573,609.2253958048396
prefill,steady,4,2048,512,flashmla_dense_bf16_multiquery,flashmla_sparse_bf16,1.0168639421463013,0.932703971862793,1.090232241764152,4719616,4194304,1.125244140625,730.5992383458703,633.8244380787592,646.3722189191708,626.2603890164706
prefill,steady,4,2048,1024,flashmla_dense_bf16_multiquery,flashmla_sparse_bf16,2.2859840393066406,1.9379520416259766,1.179587518269368,10487808,8388608,1.250244140625,822.4189948564399,646.5831461880477,638.9257615967456,602.8173450215172
prefill,steady,4,2048,2048,flashmla_dense_bf16_multiquery,flashmla_sparse_bf16,5.72649621963501,4.1080641746521,1.3939646451895973,25169920,16777216,1.500244140625,869.954469731555,627.7364058276053,612.1131673607243,568.7501727554849
prefill,steady,4,2048,4096,flashmla_dense_bf16_multiquery,flashmla_sparse_bf16,14.898336410522461,7.9100799560546875,1.8834621765256223,67117056,33554432,2.000244140625,913.6499413152743,614.8499571509884,627.3847917799982,590.7556489958308
prefill,steady,4,2048,8192,flashmla_dense_bf16_multiquery,flashmla_sparse_bf16,44.21315383911133,15.762687683105469,2.80492481535996,201342976,67108864,3.000244140625,1040.686773615914,578.1803073561205,634.1965178892019,592.9095991740628
prefill,steady,4,2048,16384,flashmla_dense_bf16_multiquery,flashmla_sparse_bf16,152.8385009765625,31.735584259033203,4.81599770557426,671121408,134217728,5.000244140625,1088.4835337766453,592.471041754828,611.515103632457,588.9823083018113
prefill,steady,4,2048,32768,flashmla_dense_bf16_multiquery,flashmla_sparse_bf16,547.4109497070312,65.494140625,8.358166768556348,2415984640,268435456,9.000244140625,1145.7312613806148,574.2385540186192,614.6382075203825,570.7899208637642
prefill,steady,4,4096,2,flashmla_dense_bf16_multiquery,flashmla_sparse_bf16,0.044863998889923096,0.06784000247716904,0.6613207142057768,32780,16384,2.000732421875,239.71726072278017,41.52307682228635,101.75361164751993,33.63356858319524
prefill,steady,4,4096,4,flashmla_dense_bf16_multiquery,flashmla_sparse_bf16,0.05375999957323074,0.06896000355482101,0.7795823202139665,65576,32768,2.001220703125,365.343976197522,82.2077720651551,169.87306801518977,66.17463046347206
prefill,steady,4,4096,8,flashmla_dense_bf16_multiquery,flashmla_sparse_bf16,0.06249599903821945,0.06844799965620041,0.913043468795632,131216,65536,2.002197265625,492.4570150893402,164.34034687409965,292.39735831448564,133.33925826674238
prefill,steady,4,4096,16,flashmla_dense_bf16_multiquery,flashmla_sparse_bf16,0.08508799970149994,0.07001599669456482,1.2152651353759152,262688,131072,2.004150390625,521.854312288196,278.89398025974026,429.9429033510952,260.706293843518
prefill,steady,4,4096,32,flashmla_dense_bf16_multiquery,flashmla_sparse_bf16,0.12678399682044983,0.07391999661922455,1.7151515505816028,526400,262144,2.008056640625,692.8934567991912,598.0457114025579,578.216268917747,493.87477929761536
prefill,steady,4,4096,64,flashmla_dense_bf16_multiquery,flashmla_sparse_bf16,0.22908799350261688,0.1382720023393631,1.6567923341441364,1056896,524288,2.015869140625,691.5894156603275,568.2584148415301,642.4935776580481,528.0493722279333
prefill,steady,4,4096,128,flashmla_dense_bf16_multiquery,flashmla_sparse_bf16,0.4338879883289337,0.24979199469089508,1.7369971718503152,2130176,1048576,2.031494140625,709.2602089881432,600.3401037642924,683.7175456424534,584.6019534961612
prefill,steady,4,4096,256,flashmla_dense_bf16_multiquery,flashmla_sparse_bf16,0.8592000007629395,0.47971200942993164,1.7910746111692606,4325888,2097152,2.062744140625,742.4496257226982,630.9359187256061,701.1644156157519,608.8189796938135
prefill,steady,4,4096,512,flashmla_dense_bf16_multiquery,flashmla_sparse_bf16,1.845088005065918,0.9311360120773315,1.981545103115056,8913920,4194304,2.125244140625,766.9475251262761,607.839339317771,672.8070159643415,627.3149622393605
prefill,steady,4,4096,1024,flashmla_dense_bf16_multiquery,flashmla_sparse_bf16,4.16377592086792,1.9909119606018066,2.0913912836252724,18876416,8388608,2.250244140625,753.3903173980756,627.8357079666802,631.3512657223009,586.7819007721822
prefill,steady,4,4096,2048,flashmla_dense_bf16_multiquery,flashmla_sparse_bf16,9.088959693908691,4.1038079261779785,2.2147624492683216,41947136,16777216,2.500244140625,769.4345665007768,638.9543876336028,642.7276767239988,569.3400497912753
prefill,steady,4,4096,4096,flashmla_dense_bf16_multiquery,flashmla_sparse_bf16,21.80646324157715,7.9073920249938965,2.7577313952123146,100671488,33554432,3.000244140625,845.7432816048795,606.3016058751355,642.92471225233,590.9564624186704
prefill,steady,4,4096,8192,flashmla_dense_bf16_multiquery,flashmla_sparse_bf16,59.96531295776367,15.614336013793945,3.840401084284941,268451840,67108864,4.000244140625,936.0226299696105,574.6013815873665,623.4550476221553,598.5428280677279
prefill,steady,4,4096,16384,flashmla_dense_bf16_multiquery,flashmla_sparse_bf16,180.49046325683594,31.589920043945312,5.713546061710582,805339136,134217728,6.000244140625,1018.8104109753415,590.3340704761953,621.3887837182236,591.6981634074932
prefill,steady,4,4096,32768,flashmla_dense_bf16_multiquery,flashmla_sparse_bf16,608.6295776367188,66.02259063720703,9.21850493539594,2684420096,268435456,10.000244140625,1093.7433813805917,566.9612914837306,614.2374508004685,566.2212734093562
prefill,steady,4,8192,2,flashmla_dense_bf16_multiquery,flashmla_sparse_bf16,0.056063998490571976,0.06784000247716904,0.8264150419133582,65548,16384,4.000732421875,335.2343116503499,41.49332557429043,162.8224336074619,33.63356858319524
prefill,steady,4,8192,4,flashmla_dense_bf16_multiquery,flashmla_sparse_bf16,0.06508799642324448,0.06838399916887283,0.9518015502794894,131112,32768,4.001220703125,482.4973290356672,82.21265945200001,280.5307056813814,66.73202514422671
prefill,steady,4,8192,8,flashmla_dense_bf16_multiquery,flashmla_sparse_bf16,0.14985600113868713,0.0695360004901886,2.155085136940419,262288,65536,4.002197265625,602.6259098869714,161.23702195392977,243.74917090037076,131.25295443599427
prefill,steady,4,8192,16,flashmla_dense_bf16_multiquery,flashmla_sparse_bf16,0.13414399325847626,0.07215999811887741,1.85897999938256,524832,131072,4.004150390625,650.6509917847109,301.0785718668458,544.8637831077956,252.96024783604818
prefill,steady,4,8192,32,flashmla_dense_bf16_multiquery,flashmla_sparse_bf16,0.22252799570560455,0.07903999835252762,2.8153846197352346,1050688,262144,4.008056640625,725.6802586720682,547.3207132052106,657.5487869201831,461.88287926289587
prefill,steady,4,8192,64,flashmla_dense_bf16_multiquery,flashmla_sparse_bf16,0.4190720021724701,0.139615997672081,3.0016044662500154,2105472,524288,4.015869140625,741.8771877879649,571.0490366196831,699.6803677839735,522.9661732854609
prefill,steady,4,8192,128,flashmla_dense_bf16_multiquery,flashmla_sparse_bf16,0.8160960078239441,0.2534720003604889,3.2196692599706833,4227328,1048576,4.031494140625,737.648298139834,598.0988644677093,721.3791036201259,576.1144736156938
prefill,steady,4,8192,256,flashmla_dense_bf16_multiquery,flashmla_sparse_bf16,1.6152960062026978,0.48393601179122925,3.337829727165539,8520192,2097152,4.062744140625,757.4610091811011,622.2534672646503,734.5749720990169,603.504944893405
prefill,steady,4,8192,512,flashmla_dense_bf16_multiquery,flashmla_sparse_bf16,3.557471990585327,0.9270399808883667,3.8374526060637235,17302528,4194304,4.125244140625,697.714133335462,608.2991542627868,677.3403320585342,630.0866891374545
prefill,steady,4,8192,1024,flashmla_dense_bf16_multiquery,flashmla_sparse_bf16,7.4194560050964355,1.8640960454940796,3.9801897670620856,35653632,8388608,4.250244140625,702.2628682986738,613.8800804486239,669.2225688025309,626.7011334184552
prefill,steady,4,8192,2048,flashmla_dense_bf16_multiquery,flashmla_sparse_bf16,15.888511657714844,4.006720066070557,3.9654658662732376,75501568,16777216,4.500244140625,721.3461764968541,634.4472003288914,661.7769236331519,583.1358743550556
prefill,steady,4,8192,4096,flashmla_dense_bf16_multiquery,flashmla_sparse_bf16,36.16236877441406,7.914624214172363,4.569056950254154,167780352,33554432,5.000244140625,753.1228419064183,637.1064599819707,646.1347453947752,590.4164609205834
prefill,steady,4,8192,8192,flashmla_dense_bf16_multiquery,flashmla_sparse_bf16,87.96924591064453,15.619168281555176,5.632133819476691,402669568,67108864,6.000244140625,778.669448978537,597.5078886795262,637.4656749349999,598.3576505243625
prefill,steady,4,8192,16384,flashmla_dense_bf16_multiquery,flashmla_sparse_bf16,243.223388671875,32.109439849853516,7.574825029935382,1073774592,134217728,8.000244140625,923.6699116707335,583.2040080364641,614.8181126693584,582.1246885525246
prefill,steady,4,8192,32768,flashmla_dense_bf16_multiquery,flashmla_sparse_bf16,729.207763671875,66.88995361328125,10.901603668134225,3221291008,268435456,12.000244140625,1014.6420224861839,552.1035995325789,615.2017206717167,558.8790741359012
prefill,steady,4,16384,2,flashmla_dense_bf16_multiquery,flashmla_sparse_bf16,0.06576000154018402,0.06806399673223495,0.9661495753604524,131084,16384,8.000732421875,464.1259993186521,41.127594712195325,277.6046494592116,33.522882662566175
prefill,steady,4,16384,4,flashmla_dense_bf16_multiquery,flashmla_sparse_bf16,0.0859839990735054,0.06864000111818314,1.2526806187759187,262184,32768,8.001220703125,613.3990289396414,81.66608359520964,424.64636408439435,66.48313924329364
prefill,steady,4,16384,8,flashmla_dense_bf16_multiquery,flashmla_sparse_bf16,0.13731199502944946,0.07103999704122543,1.9328828934179927,524432,65536,8.002197265625,669.2290236689641,156.1694047914417,531.8872399482376,128.47418192745133
prefill,steady,4,16384,16,flashmla_dense_bf16_multiquery,flashmla_sparse_bf16,0.23017600178718567,0.07654400169849396,3.007106980032826,1049120,131072,8.004150390625,706.1332745901383,281.3676077848649,634.751870505963,238.47212848762192
prefill,steady,4,16384,32,flashmla_dense_bf16_multiquery,flashmla_sparse_bf16,0.4124799966812134,0.09097599983215332,4.533942989823917,2099264,262144,8.008056640625,742.6393576458723,462.79628335277124,708.7662530261928,401.28409782090006
prefill,steady,4,16384,64,flashmla_dense_bf16_multiquery,flashmla_sparse_bf16,0.8098239898681641,0.14793600142002106,5.474150863175661,4202624,524288,8.015869140625,742.8103922396725,539.2782341762382,722.7178202405194,493.5542621886664
prefill,steady,4,16384,128,flashmla_dense_bf16_multiquery,flashmla_sparse_bf16,1.6000959873199463,0.26009601354599,6.151943528488638,8421632,1048576,8.031494140625,750.3794637851848,576.4717672114828,732.9748765962547,561.4422384762129
prefill,steady,4,16384,256,flashmla_dense_bf16_multiquery,flashmla_sparse_bf16,3.2425599098205566,0.48771199584007263,6.648513748847457,16908800,2097152,8.062744140625,755.6648705855492,606.9861847096757,726.2123719189244,598.832463870275
prefill,steady,4,16384,512,flashmla_dense_bf16_multiquery,flashmla_sparse_bf16,7.137343883514404,0.9393919706344604,7.597833605809808,34079744,4194304,8.125244140625,728.6936333775707,545.0268785580695,664.964662747768,621.8017297523752
prefill,steady,4,16384,1024,flashmla_dense_bf16_multiquery,flashmla_sparse_bf16,14.184639930725098,2.0529279708862305,6.909467907245531,69208064,8388608,8.250244140625,698.1823897683472,629.8451440146088,679.4808942607617,569.0560609428909
prefill,steady,4,16384,2048,flashmla_dense_bf16_multiquery,flashmla_sparse_bf16,30.100351333618164,4.105535984039307,7.331649619108534,142610432,16777216,8.500244140625,655.5595092469197,634.3798980843319,659.8095477997432,569.1004093271224
prefill,steady,4,16384,4096,flashmla_dense_bf16_multiquery,flashmla_sparse_bf16,65.11465454101562,7.996064186096191,8.143338150566505,301998080,33554432,9.000244140625,684.8165264560921,604.6262273021481,645.898544798822,584.403064969567
prefill,steady,4,16384,8192,flashmla_dense_bf16_multiquery,flashmla_sparse_bf16,148.81666564941406,15.949024200439453,9.330769317242218,671105024,67108864,10.000244140625,739.2764386814706,576.3679743198937,628.026233852821,585.9824851126936
prefill,steady,4,16384,16384,flashmla_dense_bf16_multiquery,flashmla_sparse_bf16,365.4866638183594,32.62956619262695,11.201088658694626,1610645504,134217728,12.000244140625,808.0787482512258,567.8910659945574,613.7157868516148,572.8454237438074
prefill,steady,4,16384,32768,flashmla_dense_bf16_multiquery,flashmla_sparse_bf16,974.3502197265625,69.54883575439453,14.009583469770693,4295032832,268435456,16.000244140625,905.7087952193784,530.9907114663947,613.889585290501,537.5128848511584
prefill,steady,4,32768,2,flashmla_dense_bf16_multiquery,flashmla_sparse_bf16,0.09136000275611877,0.06787200272083282,1.3460631643933572,262156,16384,16.000732421875,541.1019948897622,41.13204313480892,399.61571894277165,33.61771105215447
prefill,steady,4,32768,4,flashmla_dense_bf16_multiquery,flashmla_sparse_bf16,0.13606399297714233,0.06943999975919724,1.9594469102676062,524328,32768,16.001220703125,674.7308816835896,80.08526848923692,536.6593541339536,65.71720575784684
prefill,steady,4,32768,8,flashmla_dense_bf16_multiquery,flashmla_sparse_bf16,0.22790400683879852,0.07344000041484833,3.1032680494473444,1048720,65536,16.002197265625,714.8259856960943,147.8734017277918,640.8353416239128,124.27567337206487
prefill,steady,4,32768,16,flashmla_dense_bf16_multiquery,flashmla_sparse_bf16,0.4188160002231598,0.07827199995517731,5.350776784328955,2097696,131072,16.004150390625,734.8858362232852,275.31343336168885,697.5223859364041,233.20741795856736
prefill,steady,4,32768,32,flashmla_dense_bf16_multiquery,flashmla_sparse_bf16,0.8031039834022522,0.10732799768447876,7.482707222054074,4196416,262144,16.008056640625,741.5730166980322,382.7751899185427,727.6886802979355,340.14630668246866
prefill,steady,4,32768,64,flashmla_dense_bf16_multiquery,flashmla_sparse_bf16,1.5936959981918335,0.16489599645137787,9.664855621050565,8396928,524288,16.015869140625,749.4448572049452,481.37096359313887,733.7596268791285,442.79088397109405
prefill,steady,4,32768,128,flashmla_dense_bf16_multiquery,flashmla_sparse_bf16,3.560800075531006,0.271263986825943,13.126696680956028,16810240,1048576,16.031494140625,723.0914346027383,465.5512058068894,657.4537221135304,538.327589197086
prefill,steady,4,32768,256,flashmla_dense_bf16_multiquery,flashmla_sparse_bf16,6.996032238006592,0.5172799825668335,13.524652941896301,33686016,2097152,16.062744140625,661.7820842519069,530.0772509678803,670.5585641441666,564.6028958606872
prefill,steady,4,32768,512,flashmla_dense_bf16_multiquery,flashmla_sparse_bf16,13.620512008666992,1.0209599733352661,13.340887365223127,67634176,4194304,16.125244140625,663.5964233761408,542.235454678455,691.5309703827952,572.1238515823638
prefill,steady,4,32768,1024,flashmla_dense_bf16_multiquery,flashmla_sparse_bf16,28.479455947875977,1.9991999864578247,14.245426240891375,136316928,8388608,16.250244140625,660.4262844385444,550.3718418531048,666.5871951956248,584.3492959310527
prefill,steady,4,32768,2048,flashmla_dense_bf16_multiquery,flashmla_sparse_bf16,60.40143966674805,4.467872142791748,13.519061812052266,276828160,16777216,16.500244140625,654.5686038841409,581.711252393171,638.2661917819088,522.947419789874
prefill,steady,4,32768,4096,flashmla_dense_bf16_multiquery,flashmla_sparse_bf16,127.1013412475586,8.588031768798828,14.799821969607796,570433536,33554432,17.000244140625,649.9839503579738,540.8539997145107,625.0198084281029,544.1205323698497
prefill,steady,4,32768,8192,flashmla_dense_bf16_multiquery,flashmla_sparse_bf16,276.29010009765625,17.2260799407959,16.03905827949448,1207975936,67108864,18.000244140625,683.1549074568837,507.5949807579504,608.8801614377172,542.5406632394969
prefill,steady,4,32768,16384,flashmla_dense_bf16_multiquery,flashmla_sparse_bf16,613.4425048828125,35.56697463989258,17.24753120257701,2684387328,134217728,20.000244140625,720.95589185977,521.8307561858117,609.4108475871058,525.5352152225803
prefill,steady,4,32768,32768,flashmla_dense_bf16_multiquery,flashmla_sparse_bf16,1476.35888671875,76.02124786376953,19.420345340350014,6442516480,268435456,24.000244140625,797.8577749963277,486.16028225072745,607.7185047226534,491.7492989772444
prefill,steady,4,65536,2,flashmla_dense_bf16_multiquery,flashmla_sparse_bf16,0.14761599898338318,0.06774400174617767,2.17902685372011,524300,16384,32.000732421875,593.8540563251755,41.20461393158272,494.63551175248466,33.681231063807665
prefill,steady,4,65536,4,flashmla_dense_bf16_multiquery,flashmla_sparse_bf16,0.227743998169899,0.06918399780988693,3.291859467209809,1048616,32768,32.001220703125,720.8863271907668,80.23706354397433,641.2219852004928,65.96037951637213
prefill,steady,4,65536,8,flashmla_dense_bf16_multiquery,flashmla_sparse_bf16,0.41471999883651733,0.07305599749088287,5.676741309134448,2097296,65536,32.002197265625,744.4888557680324,149.1473808200912,704.2771772844674,124.92890135596319
prefill,steady,4,65536,16,flashmla_dense_bf16_multiquery,flashmla_sparse_bf16,0.7939199805259705,0.08089599758386612,9.81408233087059,4194848,131072,32.004150390625,750.7009445683994,265.13838223503035,735.8314769770303,225.64294344817498
prefill,steady,4,65536,32,flashmla_dense_bf16_multiquery,flashmla_sparse_bf16,1.6416640281677246,0.11900799721479416,13.794568991903391,8390720,262144,32.008056640625,743.1549811544205,343.89062123561365,711.7931623221355,306.7627627587846
prefill,steady,4,65536,64,flashmla_dense_bf16_multiquery,flashmla_sparse_bf16,3.4797439575195312,0.20019200444221497,17.382032650179855,16785536,524288,32.015869140625,728.9509463592316,390.93470075585367,671.7795659800005,364.72207886342176
prefill,steady,4,65536,128,flashmla_dense_bf16_multiquery,flashmla_sparse_bf16,7.124896049499512,0.3229759931564331,22.06014131226334,33587456,1048576,32.031494140625,693.3092060151986,450.7292593328798,656.5041005352736,452.13542541309266
prefill,steady,4,65536,256,flashmla_dense_bf16_multiquery,flashmla_sparse_bf16,13.561440467834473,0.6216319799423218,21.81586679162287,67240448,2097152,32.062744140625,667.2675681239789,456.4829261144108,690.499934168667,469.8242457781831
prefill,steady,4,65536,512,flashmla_dense_bf16_multiquery,flashmla_sparse_bf16,27.781024932861328,1.2059520483016968,23.0365916886865,134743040,4194304,32.125244140625,640.1240049536353,468.94609580134625,675.4558108604418,484.360512574767
prefill,steady,4,65536,1024,flashmla_dense_bf16_multiquery,flashmla_sparse_bf16,57.979488372802734,2.37062406539917,24.457479032231138,270534656,8388608,32.250244140625,655.935571796094,481.3254665284175,649.811500421192,492.79475458091713
prefill,steady,4,65536,2048,flashmla_dense_bf16_multiquery,flashmla_sparse_bf16,119.78460693359375,5.0096001625061035,23.911011467563966,545263616,16777216,32.500244140625,637.9514965966115,485.5574424730335,633.9344775804225,466.3969445128653
prefill,steady,4,65536,4096,flashmla_dense_bf16_multiquery,flashmla_sparse_bf16,251.2626953125,9.849791526794434,25.50944297947717,1107304448,33554432,33.000244140625,630.5674898704842,476.62814780325965,613.7307667359102,474.41861133164315
prefill,steady,4,65536,8192,flashmla_dense_bf16_multiquery,flashmla_sparse_bf16,519.6723022460938,19.867168426513672,26.15734115147313,2281717760,67108864,34.000244140625,646.4091615922757,466.1031098046669,611.4644570342377,470.41675167073754
prefill,steady,4,65536,16384,flashmla_dense_bf16_multiquery,flashmla_sparse_bf16,1103.74365234375,40.05756759643555,27.553935961952035,4831870976,134217728,36.000244140625,667.5429126535469,465.98896349643877,609.6575759894782,466.6208857338419
prefill,steady,4,65536,32768,flashmla_dense_bf16_multiquery,flashmla_sparse_bf16,2457.06982421875,82.91177368164062,29.63475167776836,10737483776,268435456,40.000244140625,718.8238028248204,431.1707734101943,608.5887042531743,450.8816261478906
prefill,steady,4,131072,2,flashmla_dense_bf16_multiquery,flashmla_sparse_bf16,0.25619199872016907,0.06777600198984146,3.7799809843986982,1048588,16384,64.000732421875,625.534069941225,41.1259638649767,570.0043715709671,33.66532856780178
prefill,steady,4,131072,4,flashmla_dense_bf16_multiquery,flashmla_sparse_bf16,0.4156160056591034,0.06963200122117996,5.9687499765938865,2097192,32768,64.001220703125,739.6891103217267,80.28110423835561,702.7240113739899,65.53599885065417
prefill,steady,4,131072,8,flashmla_dense_bf16_multiquery,flashmla_sparse_bf16,0.7960320115089417,0.07472000271081924,10.653532958098761,4194448,65536,64.002197265625,752.0729165344336,148.14799701327794,733.8091908700063,122.14675017240684
prefill,steady,4,131072,16,flashmla_dense_bf16_multiquery,flashmla_sparse_bf16,1.661728024482727,0.08355200290679932,19.8885480499654,8389152,131072,64.004150390625,752.0646427416244,257.08623301629973,703.0674375800322,218.4700590404943
prefill,steady,4,131072,32,flashmla_dense_bf16_multiquery,flashmla_sparse_bf16,3.4266560077667236,0.12214399874210358,28.05423142402444,16779328,262144,64.008056640625,741.3106126340718,333.49095976154194,681.9349036774045,298.88674345009633
prefill,steady,4,131072,64,flashmla_dense_bf16_multiquery,flashmla_sparse_bf16,6.906688213348389,0.21359999477863312,32.33468343717057,33562752,524288,64.015869140625,729.8947785464172,355.8439413080868,676.7473715542151,341.82792985397487
prefill,steady,4,131072,128,flashmla_dense_bf16_multiquery,flashmla_sparse_bf16,13.590847969055176,0.3697279989719391,36.75904450527337,67141888,1048576,64.031494140625,651.7944806875092,396.27340078055846,687.9959154661955,394.9630227357572
prefill,steady,4,131072,256,flashmla_dense_bf16_multiquery,flashmla_sparse_bf16,27.907840728759766,0.7137600183486938,39.099753434390216,134349312,2097152,64.062744140625,659.014426072206,403.21572181630967,670.4217201256574,409.18203404511894
prefill,steady,4,131072,512,flashmla_dense_bf16_multiquery,flashmla_sparse_bf16,57.30428695678711,1.4305919408798218,40.05634683049078,268960768,4194304,64.125244140625,646.5899040707739,409.38121182723467,653.6431109071789,408.30339914872286
prefill,steady,4,131072,1024,flashmla_dense_bf16_multiquery,flashmla_sparse_bf16,117.98713684082031,2.8660480976104736,41.167186600668146,538970112,8388608,64.250244140625,635.9844502838508,406.829760769436,636.1637012925598,407.6104324578488
prefill,steady,4,131072,2048,flashmla_dense_bf16_multiquery,flashmla_sparse_bf16,244.0731201171875,5.737664222717285,42.53875978849065,1082134528,16777216,64.500244140625,623.8218960785181,368.1556270805699,617.4476846734899,407.21487321847513
prefill,steady,4,131072,4096,flashmla_dense_bf16_multiquery,flashmla_sparse_bf16,497.55377197265625,11.506560325622559,43.240878063682885,2181046272,33554432,65.000244140625,619.2244860663146,408.4652410298144,610.4691495344557,406.10958321249433
prefill,steady,4,131072,8192,flashmla_dense_bf16_multiquery,flashmla_sparse_bf16,1007.7562255859375,23.193471908569336,43.44999444492827,4429201408,67108864,66.000244140625,630.5706207928727,404.80812218212867,612.0808675977871,402.95169575896796
prefill,steady,4,131072,16384,flashmla_dense_bf16_multiquery,flashmla_sparse_bf16,2079.951416015625,46.63727951049805,44.59847224895329,9126838272,134217728,68.000244140625,636.4864297567008,401.3008151794466,611.0911992101356,400.7887653048995
prefill,steady,4,131072,32768,flashmla_dense_bf16_multiquery,flashmla_sparse_bf16,4410.26220703125,94.47577667236328,46.68140725982908,19327418368,268435456,72.000244140625,667.8884562523818,383.41472165889667,610.3069308010602,395.6929136875744
prefill,steady,4,262144,2,flashmla_dense_bf16_multiquery,flashmla_sparse_bf16,0.4745599925518036,0.06815999746322632,6.962441464406424,2097164,16384,128.000732421875,646.838218583742,41.10610756004585,615.4320884184488,33.47566697359435
prefill,steady,4,262144,4,flashmla_dense_bf16_multiquery,flashmla_sparse_bf16,0.8101760149002075,0.07184000313282013,11.277505283544153,4194344,32768,128.001220703125,747.8914533095084,80.20575630709959,720.9805179038144,63.52175045932324
prefill,steady,4,262144,8,flashmla_dense_bf16_multiquery,flashmla_sparse_bf16,1.6083519458770752,0.0753600001335144,21.34224977478208,8388752,65536,128.002197265625,754.4393468176227,146.07680125481156,726.3653714118665,121.10941464742767
prefill,steady,4,262144,16,flashmla_dense_bf16_multiquery,flashmla_sparse_bf16,3.5880959033966064,0.0841279998421669,42.65043636040625,16777760,131072,128.004150390625,749.3674728620238,251.80728769602598,651.1916157057448,216.97426590725706
prefill,steady,4,262144,32,flashmla_dense_bf16_multiquery,flashmla_sparse_bf16,7.266335964202881,0.13075199723243713,55.57342234157658,33556544,262144,128.008056640625,687.0458156338046,311.03753536606564,643.1327379628879,279.2096701291783
prefill,steady,4,262144,64,flashmla_dense_bf16_multiquery,flashmla_sparse_bf16,13.946816444396973,0.22886399924755096,60.93931981548302,67117184,524288,128.015869140625,687.7449054596441,333.4670471031784,670.189325989953,319.02983550079387
prefill,steady,4,262144,128,flashmla_dense_bf16_multiquery,flashmla_sparse_bf16,27.72038459777832,0.4193280041217804,66.10668575745258,134250752,1048576,128.031494140625,661.0111471432473,353.2647862602344,674.4602211625316,348.2450173339498
prefill,steady,4,262144,256,flashmla_dense_bf16_multiquery,flashmla_sparse_bf16,57.099327087402344,0.8134080171585083,70.19764482635463,268567040,2097152,128.062744140625,650.8166412022251,360.1605309195841,655.0290899454722,359.0544597141423
prefill,steady,4,262144,512,flashmla_dense_bf16_multiquery,flashmla_sparse_bf16,117.00624084472656,1.606495976448059,72.83319881287582,537396224,4194304,128.125244140625,629.1169520248674,364.3648513467169,639.6235551097873,363.5960256479892
prefill,steady,4,262144,1024,flashmla_dense_bf16_multiquery,flashmla_sparse_bf16,239.2135009765625,3.207200050354004,74.58639848492102,1075841024,8388608,128.250244140625,623.6074412127967,366.5211814744509,626.3272087682691,364.25264597481316
prefill,steady,4,262144,2048,flashmla_dense_bf16_multiquery,flashmla_sparse_bf16,488.16815185546875,6.395967960357666,76.32435854606284,2155876352,16777216,128.500244140625,614.5792013403046,366.0084010232423,615.0257101856542,365.30236291135895
prefill,steady,4,262144,4096,flashmla_dense_bf16_multiquery,flashmla_sparse_bf16,992.582275390625,12.955488204956055,76.6148106260417,4328529920,33554432,129.000244140625,612.1394109734305,364.2500224881453,607.3132733925238,360.69072381698413
prefill,steady,4,262144,8192,flashmla_dense_bf16_multiquery,flashmla_sparse_bf16,1983.5458984375,25.80518341064453,76.86618098669648,8724168704,67108864,130.000244140625,622.5941175468564,362.62283886701795,612.5205528901142,362.1694404326875
prefill,steady,4,262144,16384,flashmla_dense_bf16_multiquery,flashmla_sparse_bf16,4036.232177734375,51.78425598144531,77.9432300655355,17716772864,134217728,132.000244140625,621.0611255979121,362.02808158092733,611.290071404428,360.9532920370503
prefill,steady,4,262144,32768,flashmla_dense_bf16_multiquery,flashmla_sparse_bf16,8319.8203125,103.99456024169922,80.00245679354255,36507287552,268435456,136.000244140625,637.762812620534,353.6849069802449,611.0890262861947,359.4745269127471
prefill,steady,4,524288,2,flashmla_dense_bf16_multiquery,flashmla_sparse_bf16,0.912447988986969,0.07036799937486649,12.966803051002618,4194316,16384,256.000732421875,658.2993633477598,41.248488249331125,640.1649523854034,32.42526995608974
prefill,steady,4,524288,4,flashmla_dense_bf16_multiquery,flashmla_sparse_bf16,1.61353600025177,0.07251200079917908,22.251985636424987,8388648,32768,256.001220703125,750.3949152998753,80.26740692141946,724.02268984994,62.93306903278365
prefill,steady,4,524288,8,flashmla_dense_bf16_multiquery,flashmla_sparse_bf16,3.5712640285491943,0.07577600330114365,47.12922129656969,16777360,65536,256.002197265625,754.1081294279888,146.99245299185213,654.2451760390235,120.44453529343444
prefill,steady,4,524288,16,flashmla_dense_bf16_multiquery,flashmla_sparse_bf16,7.021120071411133,0.0841279998421669,83.45758944208234,33554976,131072,256.004150390625,692.2769245728368,228.51576769864434,665.563347462423,216.97426590725706
prefill,steady,4,524288,32,flashmla_dense_bf16_multiquery,flashmla_sparse_bf16,13.946528434753418,0.12934400141239166,107.8250887746023,67110976,262144,256.008056640625,672.7908809986377,309.87062715593333,670.1411756616294,282.2490538204616
prefill,steady,4,524288,64,flashmla_dense_bf16_multiquery,flashmla_sparse_bf16,27.87343978881836,0.23532800376415253,118.44506111883449,134226048,524288,256.015869140625,648.9272441704788,325.3252788867342,670.6332799359332,310.26670376711996
prefill,steady,4,524288,128,flashmla_dense_bf16_multiquery,flashmla_sparse_bf16,57.52272033691406,0.43673598766326904,131.71051152593606,268468480,1048576,256.031494140625,646.2520683383145,338.5167647722906,649.969163136518,334.36422046490657
prefill,steady,4,524288,256,flashmla_dense_bf16_multiquery,flashmla_sparse_bf16,116.07673645019531,0.8498560190200806,136.58400229257262,537002496,2097152,256.062744140625,631.7920769785316,343.73402806598057,644.2730721933401,343.6555952910174
prefill,steady,4,524288,512,flashmla_dense_bf16_multiquery,flashmla_sparse_bf16,241.17205810546875,1.6992000341415405,141.93270554358966,1074267136,4194304,256.125244140625,614.9288962952629,345.80969100734626,620.3319721328511,343.75914578597764
prefill,steady,4,524288,1024,flashmla_dense_bf16_multiquery,flashmla_sparse_bf16,486.1846923828125,3.3687360286712646,144.32258516099256,2149582848,8388608,256.250244140625,615.9307059508543,347.7943821574383,615.7320673275375,346.7861816922435
prefill,steady,4,524288,2048,flashmla_dense_bf16_multiquery,flashmla_sparse_bf16,982.2744750976562,6.7682881355285645,145.12893887324822,4303360000,16777216,256.500244140625,610.4061993670992,346.23466329368046,610.1177850319466,345.20726101468426
prefill,steady,4,524288,4096,flashmla_dense_bf16_multiquery,flashmla_sparse_bf16,1971.528076171875,13.579456329345703,145.18461036700936,8623497216,33554432,257.000244140625,612.4717236666398,344.7690814031486,609.1430960602397,344.1171947325784
prefill,steady,4,524288,8192,flashmla_dense_bf16_multiquery,flashmla_sparse_bf16,3915.801025390625,27.263839721679688,143.626175379723,17314103296,67108864,258.000244140625,621.2518331116341,343.0811550158897,615.7696128529946,342.79283224601556
prefill,steady,4,524288,16384,flashmla_dense_bf16_multiquery,flashmla_sparse_bf16,7915.94287109375,54.76144027709961,144.5532263402516,34896642048,134217728,260.000244140625,615.3847879167262,342.21294798848623,613.9314087168475,341.3295482662566
prefill,steady,4,524288,32768,flashmla_dense_bf16_multiquery,flashmla_sparse_bf16,16082.9189453125,109.86112213134766,146.3931792548423,70867025920,268435456,264.000244140625,623.6090477675044,336.61581876047535,613.6464115302495,340.2786592666439
prefill,steady,8,2048,2,flashmla_dense_bf16_multiquery,flashmla_sparse_bf16,0.045343998819589615,0.06828799843788147,0.6640112443892614,32792,32768,1.000732421875,222.44911952625844,81.91514734629473,100.7133293684514,66.82583845463158
prefill,steady,8,2048,4,flashmla_dense_bf16_multiquery,flashmla_sparse_bf16,0.052960000932216644,0.06992000341415405,0.7574370472856105,65616,65536,1.001220703125,334.1542139477101,161.46465028810212,172.54430632838606,130.53210895799873
prefill,steady,8,2048,8,flashmla_dense_bf16_multiquery,flashmla_sparse_bf16,0.06102399900555611,0.07011199742555618,0.870378840231309,131360,131072,1.002197265625,433.7565785972967,305.7269503698147,299.7790924572871,260.3493222024005
prefill,steady,8,2048,16,flashmla_dense_bf16_multiquery,flashmla_sparse_bf16,0.07657600194215775,0.0740479975938797,1.0341400771178584,263232,262144,1.004150390625,552.3435846362866,535.2761040781438,478.7236251337652,493.02105664255583
prefill,steady,8,2048,32,flashmla_dense_bf16_multiquery,flashmla_sparse_bf16,0.13475200533866882,0.1385599970817566,0.9725173800282279,528512,524288,1.008056640625,611.390884783926,561.1109030100332,546.2085330976425,526.9518300358957
prefill,steady,8,2048,64,flashmla_dense_bf16_multiquery,flashmla_sparse_bf16,0.24966399371623993,0.25516799092292786,0.9784299073454304,1065216,1048576,1.015869140625,659.6387343223747,608.306186016558,594.1835617378034,572.2852914890382
prefill,steady,8,2048,128,flashmla_dense_bf16_multiquery,flashmla_sparse_bf16,0.46959999203681946,0.4761599898338318,0.9862231226119994,2163200,2097152,1.031494140625,653.4077705209994,622.600745711087,641.5159495496323,613.3605980416813
prefill,steady,8,2048,256,flashmla_dense_bf16_multiquery,flashmla_sparse_bf16,0.956384003162384,0.9336320161819458,1.0243693302994061,4457472,4194304,1.062744140625,676.1868346104596,636.5043127233182,649.0754535368369,625.6378767351181
prefill,steady,8,2048,512,flashmla_dense_bf16_multiquery,flashmla_sparse_bf16,1.9926719665527344,1.9900480508804321,1.0013185187519174,9439232,8388608,1.125244140625,739.3680942643526,648.9056324653476,659.6897167786858,587.0366316005054
prefill,steady,8,2048,1024,flashmla_dense_bf16_multiquery,flashmla_sparse_bf16,4.8463358879089355,4.101600170135498,1.1815719930957664,20975616,16777216,1.250244140625,824.6385522437531,632.0673923842884,602.7539679847483,569.6465067551462
prefill,steady,8,2048,2048,flashmla_dense_bf16_multiquery,flashmla_sparse_bf16,11.22390365600586,7.914271831512451,1.4181852601164602,50339840,33554432,1.500244140625,813.7991460627215,593.9906014559095,624.6068830080075,590.4427491916188
prefill,steady,8,2048,4096,flashmla_dense_bf16_multiquery,flashmla_sparse_bf16,30.03868865966797,15.905407905578613,1.8885833571820747,134234112,67108864,2.000244140625,920.5719768691501,579.836467842659,622.3300752362015,587.5893841627329
prefill,steady,8,2048,8192,flashmla_dense_bf16_multiquery,flashmla_sparse_bf16,91.18486022949219,31.498239517211914,2.8949192598419695,402685952,134217728,3.000244140625,1007.2072313562137,587.0828266403498,615.0106089781558,593.4203929707912
prefill,steady,8,2048,16384,flashmla_dense_bf16_multiquery,flashmla_sparse_bf16,307.7384033203125,63.42851257324219,4.8517360858014875,1342242816,268435456,5.000244140625,1083.3691809209379,588.9138140527108,607.4188385674444,589.3784014124033
prefill,steady,8,2048,32768,flashmla_dense_bf16_multiquery,flashmla_sparse_bf16,1102.8590087890625,132.43991088867188,8.327240643616248,4831969280,536870912,9.000244140625,1140.9786534046416,556.0023295807132,610.1590180133583,564.5336831403978
prefill,steady,8,4096,2,flashmla_dense_bf16_multiquery,flashmla_sparse_bf16,0.05251200124621391,0.06771200150251389,0.7755198499672816,65560,32768,2.000732421875,329.65439636094504,82.31810174579068,173.8678325587197,67.39429718128446
prefill,steady,8,4096,4,flashmla_dense_bf16_multiquery,flashmla_sparse_bf16,0.06092799827456474,0.07027199864387512,0.8670309575701132,131152,65536,2.001220703125,491.75458881030045,158.55691378121213,299.77600848943166,129.8782684444893
prefill,steady,8,4096,8,flashmla_dense_bf16_multiquery,flashmla_sparse_bf16,0.08364800363779068,0.07177600264549255,1.165403485214061,262432,131072,2.002197265625,569.8290784068444,292.7895156856015,436.9181386116018,254.31356352005352
prefill,steady,8,4096,16,flashmla_dense_bf16_multiquery,flashmla_sparse_bf16,0.1273919939994812,0.07817599922418594,1.629553766676626,525376,262144,2.004150390625,611.2858805143165,506.45810291967354,574.3372167037277,466.9875969389013
prefill,steady,8,4096,32,flashmla_dense_bf16_multiquery,flashmla_sparse_bf16,0.2284799963235855,0.13875199854373932,1.646678957575958,1052800,524288,2.008056640625,678.9302378082281,560.2695823978171,641.7066769922083,526.222647589349
prefill,steady,8,4096,64,flashmla_dense_bf16_multiquery,flashmla_sparse_bf16,0.43248000741004944,0.25436800718307495,1.7002138444980734,2113792,1048576,2.015869140625,720.7227970989456,611.9527953544373,680.6676009161566,574.0851205352227
prefill,steady,8,4096,128,flashmla_dense_bf16_multiquery,flashmla_sparse_bf16,0.851423978805542,0.48028799891471863,1.7727363180622038,4260352,2097152,2.031494140625,721.1149449074215,626.8861109476235,696.8486625903543,608.0888483325577
prefill,steady,8,4096,256,flashmla_dense_bf16_multiquery,flashmla_sparse_bf16,1.7081279754638672,0.9387519955635071,1.8195732030785456,8651776,4194304,2.062744140625,736.1654509355012,626.5997012611793,705.3809493031674,622.225630429016
prefill,steady,8,4096,512,flashmla_dense_bf16_multiquery,flashmla_sparse_bf16,3.9604480266571045,1.9670079946517944,2.013437686794046,17827840,8388608,2.125244140625,732.9147358691292,601.9173171009938,626.8927891614417,593.9127383764416
prefill,steady,8,4096,1024,flashmla_dense_bf16_multiquery,flashmla_sparse_bf16,8.237695693969727,4.050848007202148,2.0335731380993884,37752832,16777216,2.250244140625,737.5819400098317,639.7495659678722,638.237996518462,576.7834796244933
prefill,steady,8,4096,2048,flashmla_dense_bf16_multiquery,flashmla_sparse_bf16,18.127967834472656,7.838592052459717,2.312656113897926,83894272,33554432,2.500244140625,782.7740671877478,615.7338064789421,644.4987106381785,596.1433363
prefill,steady,8,4096,4096,flashmla_dense_bf16_multiquery,flashmla_sparse_bf16,44.285377502441406,15.756832122802734,2.81055082375049,201342976,67108864,3.000244140625,837.1417643209726,593.3899817716616,633.1622262476636,593.1299364782224
prefill,steady,8,4096,8192,flashmla_dense_bf16_multiquery,flashmla_sparse_bf16,120.64800262451172,32.41891098022461,3.7215316300447743,536903680,134217728,4.000244140625,904.9382666634627,590.2365934706298,619.7479648645995,576.5677225738351
prefill,steady,8,4096,16384,flashmla_dense_bf16_multiquery,flashmla_sparse_bf16,368.5213317871094,63.93814468383789,5.763716379469221,1610678272,268435456,6.000244140625,1010.8906397930886,586.3523205310604,608.6743955473087,584.6806398471189
prefill,steady,8,4096,32768,flashmla_dense_bf16_multiquery,flashmla_sparse_bf16,1221.3382568359375,133.16712951660156,9.17146942544614,5368840192,536870912,10.000244140625,1089.9378849882623,550.2409244935346,612.1859823139273,561.4507946530982
prefill,steady,8,8192,2,flashmla_dense_bf16_multiquery,flashmla_sparse_bf16,0.06524799764156342,0.06809599697589874,0.9581766996473622,131096,32768,4.000732421875,441.65513523189367,81.69035147201505,279.80863787259267,67.01425861515953
prefill,steady,8,8192,4,flashmla_dense_bf16_multiquery,flashmla_sparse_bf16,0.08336000144481659,0.07152000069618225,1.1655481072900264,262224,65536,4.001220703125,602.0688361666108,154.04229129077945,438.0801643840513,127.61193253857435
prefill,steady,8,8192,8,flashmla_dense_bf16_multiquery,flashmla_sparse_bf16,0.1351040005683899,0.07545600086450577,1.7905004111070286,524576,131072,4.002197265625,639.7640307216651,275.07694614983535,540.7282667919197,241.91066050237012
prefill,steady,8,8192,16,flashmla_dense_bf16_multiquery,flashmla_sparse_bf16,0.2226559966802597,0.09212800115346909,2.4168113265515645,1049664,262144,4.004150390625,646.7407528344671,462.9453479519036,656.5302955029734,396.266298616263
prefill,steady,8,8192,32,flashmla_dense_bf16_multiquery,flashmla_sparse_bf16,0.42022401094436646,0.14659200608730316,2.8666229636976333,2101376,524288,4.008056640625,706.1314432170847,548.6421091341359,696.4048213388346,498.07930173570384
prefill,steady,8,8192,64,flashmla_dense_bf16_multiquery,flashmla_sparse_bf16,0.81004798412323,0.2587200105190277,3.1309831137458715,4210944,1048576,4.015869140625,742.9366811666706,600.0477809157632,723.9483545542505,564.428270434305
prefill,steady,8,8192,128,flashmla_dense_bf16_multiquery,flashmla_sparse_bf16,1.615936040878296,0.4818879961967468,3.3533436268010632,8454656,2097152,4.031494140625,746.3790340340644,625.4179002193241,728.6360248169489,606.069830402577
prefill,steady,8,8192,256,flashmla_dense_bf16_multiquery,flashmla_sparse_bf16,3.652064085006714,0.9319040179252625,3.918927287315983,17040384,4194304,4.062744140625,735.1592736110535,585.5478608784949,649.8002176683156,626.7979759937524
prefill,steady,8,8192,512,flashmla_dense_bf16_multiquery,flashmla_sparse_bf16,7.3970561027526855,1.9523520469665527,3.7887921465013377,34605056,8388608,4.125244140625,694.7615816227863,645.6165310745941,651.5076338261927,598.3711320543481
prefill,steady,8,8192,1024,flashmla_dense_bf16_multiquery,flashmla_sparse_bf16,14.774975776672363,4.1112961769104,3.5937512504330487,71307264,16777216,4.250244140625,706.5569871918736,639.1645061583054,672.1185174039294,568.3030627046259
prefill,steady,8,8192,2048,flashmla_dense_bf16_multiquery,flashmla_sparse_bf16,32.43302536010742,7.9079999923706055,4.101293043929919,151003136,33554432,4.500244140625,669.4461664442745,593.4825843253266,648.3915853798212,590.911029660634
prefill,steady,8,8192,4096,flashmla_dense_bf16_multiquery,flashmla_sparse_bf16,75.00653076171875,15.909919738769531,4.714450606494369,335560704,67108864,5.000244140625,749.2960312537023,560.6889953379571,623.0327600447624,587.4227519402185
prefill,steady,8,8192,8192,flashmla_dense_bf16_multiquery,flashmla_sparse_bf16,179.58889770507812,31.56025505065918,5.690350011963138,805339136,134217728,6.000244140625,828.1154300131054,578.3910032154939,624.508256741378,592.2543288128971
prefill,steady,8,8192,16384,flashmla_dense_bf16_multiquery,flashmla_sparse_bf16,486.8962707519531,64.09619140625,7.5963370064524,2147549184,268435456,8.000244140625,911.8784111161526,579.0537126077537,614.2505242414127,583.238949525771
prefill,steady,8,8192,32768,flashmla_dense_bf16_multiquery,flashmla_sparse_bf16,1465.92529296875,134.53939819335938,10.895881151942788,6442582016,536870912,12.000244140625,1008.0554631493508,545.8692784099005,612.0501134537355,555.7241350322789
prefill,steady,8,16384,2,flashmla_dense_bf16_multiquery,flashmla_sparse_bf16,0.09257599711418152,0.06851200014352798,1.351237694422015,262168,32768,8.000732421875,539.3962535622005,80.78549126450089,394.38478104609067,66.60734969698711
prefill,steady,8,16384,4,flashmla_dense_bf16_multiquery,flashmla_sparse_bf16,0.13743999600410461,0.07360000163316727,1.867391208618783,524368,65536,8.001220703125,666.1504289663815,150.25081578696097,531.327031978516,124.00550681356339
prefill,steady,8,16384,8,flashmla_dense_bf16_multiquery,flashmla_sparse_bf16,0.2313919961452484,0.07817599922418594,2.959885366884582,1048864,131072,8.002197265625,686.9264629116616,272.88794384852866,631.2620943220102,233.49379846945064
prefill,steady,8,16384,16,flashmla_dense_bf16_multiquery,flashmla_sparse_bf16,0.4137920141220093,0.1125119999051094,3.677758945454654,2098240,262144,8.004150390625,738.0177199186508,364.61681375961433,706.1743228177434,324.4740298527227
prefill,steady,8,16384,32,flashmla_dense_bf16_multiquery,flashmla_sparse_bf16,0.812063992023468,0.16860799491405487,4.816284022815195,4198528,524288,8.008056640625,745.2742336512626,472.1218326859645,720.0218321896762,433.0425972340036
prefill,steady,8,16384,64,flashmla_dense_bf16_multiquery,flashmla_sparse_bf16,1.6138240098953247,0.2776319980621338,5.812817042559166,8405248,1048576,8.015869140625,750.7736194173192,554.9915915036195,725.3259650957378,525.9800350221838
prefill,steady,8,16384,128,flashmla_dense_bf16_multiquery,flashmla_sparse_bf16,3.499135971069336,0.49459201097488403,7.074792745180484,16843264,2097152,8.031494140625,715.1808174139571,570.3037089120836,670.3541494499759,590.5024133979209
prefill,steady,8,16384,256,flashmla_dense_bf16_multiquery,flashmla_sparse_bf16,6.837728023529053,0.9523839950561523,7.179591487282293,33817600,4194304,8.062744140625,708.496546345355,571.2317625898439,688.7630262850554,613.31937043058
prefill,steady,8,16384,512,flashmla_dense_bf16_multiquery,flashmla_sparse_bf16,13.83414363861084,2.000447988510132,6.9155227819314895,68159488,8388608,8.125244140625,670.4742300318086,631.586954055408,686.1402617173605,583.9847430285155
prefill,steady,8,16384,1024,flashmla_dense_bf16_multiquery,flashmla_sparse_bf16,28.945472717285156,4.148672103881836,6.977045182770991,138416128,16777216,8.250244140625,645.6592718216264,604.220474973334,665.9550472043549,563.183146442886
prefill,steady,8,16384,2048,flashmla_dense_bf16_multiquery,flashmla_sparse_bf16,61.41958236694336,7.847360134124756,7.826782678146286,285220864,33554432,8.500244140625,662.3914304140151,587.2450397975854,646.7155404409627,595.477248167506
prefill,steady,8,16384,4096,flashmla_dense_bf16_multiquery,flashmla_sparse_bf16,134.65948486328125,15.936415672302246,8.449797472170713,603996160,67108864,9.000244140625,681.2371987855284,580.0103297685125,624.6490643539981,586.4461010727299
prefill,steady,8,16384,8192,flashmla_dense_bf16_multiquery,flashmla_sparse_bf16,304.0318603515625,32.13411331176758,9.461342760630194,1342210048,134217728,10.000244140625,739.0740077848444,572.2212750006453,614.8090529345451,581.6777170990763
prefill,steady,8,16384,16384,flashmla_dense_bf16_multiquery,flashmla_sparse_bf16,732.871826171875,66.5011215209961,11.020443105466857,3221291008,268435456,12.000244140625,805.8473566314756,555.4386455300796,612.1259610720837,562.1468403744307
prefill,steady,8,16384,32768,flashmla_dense_bf16_multiquery,flashmla_sparse_bf16,1962.9078369140625,139.83413696289062,14.037400877548103,8590065664,536870912,16.000244140625,901.3413769709581,522.0041411762677,609.446292960962,534.6819618775186
prefill,steady,8,32768,2,flashmla_dense_bf16_multiquery,flashmla_sparse_bf16,0.14761599898338318,0.06921599805355072,2.1326861294288686,524312,32768,16.000732421875,591.2021167653905,80.01603952930947,494.6468328017714,65.92988442454312
prefill,steady,8,32768,4,flashmla_dense_bf16_multiquery,flashmla_sparse_bf16,0.22844800353050232,0.0740479975938797,3.0851341150835423,1048656,65536,16.001220703125,716.1645173369164,147.4724665445109,639.2703237807057,123.25526416063896
prefill,steady,8,32768,8,flashmla_dense_bf16_multiquery,flashmla_sparse_bf16,0.41737601161003113,0.08329600095748901,5.010756900839013,2097440,131072,16.002197265625,736.0806894330904,256.99827680489733,699.8434889279578,219.14150497232063
prefill,steady,8,32768,16,flashmla_dense_bf16_multiquery,flashmla_sparse_bf16,0.8062400221824646,0.11452800035476685,7.039676058998856,4195392,262144,16.004150390625,741.320811397653,359.1940101833495,724.6813050863051,318.76241532999495
prefill,steady,8,32768,32,flashmla_dense_bf16_multiquery,flashmla_sparse_bf16,1.7271679639816284,0.19862399995326996,8.695666004047734,8392832,524288,16.008056640625,749.7480296362102,393.5880693742325,676.7259351855558,367.60131730897587
prefill,steady,8,32768,64,flashmla_dense_bf16_multiquery,flashmla_sparse_bf16,3.5612480640411377,0.3128640055656433,11.382734992485217,16793856,1048576,16.015869140625,722.9811710635031,446.6716486111412,656.7303147453487,466.7487645310514
prefill,steady,8,32768,128,flashmla_dense_bf16_multiquery,flashmla_sparse_bf16,6.986815929412842,0.5412480235099792,12.90871398310801,33620480,2097152,16.031494140625,690.1486249580463,506.83708780430237,670.136808243276,539.6006330591528
prefill,steady,8,32768,256,flashmla_dense_bf16_multiquery,flashmla_sparse_bf16,13.959456443786621,1.0415040254592896,13.403170897616727,67372032,4194304,16.062744140625,675.1250606962295,534.3650933362119,672.1249285192739,560.8384969980435
prefill,steady,8,32768,512,flashmla_dense_bf16_multiquery,flashmla_sparse_bf16,28.510208129882812,2.197279930114746,12.975228025859206,135268352,8388608,16.125244140625,637.8196787538009,513.3014132294139,660.7462031532153,531.6714946060572
prefill,steady,8,32768,1024,flashmla_dense_bf16_multiquery,flashmla_sparse_bf16,59.112449645996094,4.486207962036133,13.176484493413234,272633856,16777216,16.250244140625,650.373639985159,564.900189848218,642.3026206723226,520.8100535677266
prefill,steady,8,32768,2048,flashmla_dense_bf16_multiquery,flashmla_sparse_bf16,124.87999725341797,8.561535835266113,14.586167675549582,553656320,33554432,16.500244140625,633.7365611553148,564.3022444519335,617.4278943329305,545.8044570460826
prefill,steady,8,32768,4096,flashmla_dense_bf16_multiquery,flashmla_sparse_bf16,260.8187561035156,17.161407470703125,15.197981666059091,1140867072,67108864,17.000244140625,642.0288169233307,527.093223696771,609.16520839456,544.5852184356467
prefill,steady,8,32768,8192,flashmla_dense_bf16_multiquery,flashmla_sparse_bf16,557.027099609375,34.91875076293945,15.952091281586403,2415951872,134217728,18.000244140625,673.4565757071874,533.094219050754,604.0193048743105,535.2911333824171
prefill,steady,8,32768,16384,flashmla_dense_bf16_multiquery,flashmla_sparse_bf16,1235.071044921875,72.40668487548828,17.05741737859872,5368774656,268435456,20.000244140625,716.9147852445877,503.3458803054998,605.3716802505711,516.297568500327
prefill,steady,8,32768,32768,flashmla_dense_bf16_multiquery,flashmla_sparse_bf16,2967.79736328125,151.416259765625,19.60025540107159,12885032960,536870912,24.000244140625,795.2121795920216,481.1543423329733,604.6306437032129,493.7831036409063
prefill,steady,8,65536,2,flashmla_dense_bf16_multiquery,flashmla_sparse_bf16,0.25724801421165466,0.06889600306749344,3.7338597706407386,1048600,32768,32.000732421875,620.3243407351714,80.28279907673254,567.6709724952426,66.23610294968051
prefill,steady,8,65536,4,flashmla_dense_bf16_multiquery,flashmla_sparse_bf16,0.41811200976371765,0.07423999905586243,5.631896754862648,2097232,65536,32.001220703125,738.4339895098723,147.32915626553716,698.5422815600375,122.93649811515311
prefill,steady,8,65536,8,flashmla_dense_bf16_multiquery,flashmla_sparse_bf16,0.8080639839172363,0.08425600081682205,9.59058080235756,4194592,131072,32.002197265625,744.2521160753665,257.22861067660983,722.9076804737662,216.6446405127217
prefill,steady,8,65536,16,flashmla_dense_bf16_multiquery,flashmla_sparse_bf16,1.6007039546966553,0.11948800086975098,13.396357316593804,8389696,262144,32.004150390625,743.6537135797736,340.0132440719007,729.91799658883,305.53044448199483
prefill,steady,8,65536,32,flashmla_dense_bf16_multiquery,flashmla_sparse_bf16,3.1783359050750732,0.22041599452495575,14.419715374671771,16781440,524288,32.008056640625,728.0374140578434,350.1025359287581,735.3063143603754,331.2574669971748
prefill,steady,8,65536,64,flashmla_dense_bf16_multiquery,flashmla_sparse_bf16,6.762879848480225,0.3829759955406189,17.658756494473153,33571072,1048576,32.015869140625,677.4245716080405,386.61908150065364,691.3093054667584,381.30036807623367
prefill,steady,8,65536,128,flashmla_dense_bf16_multiquery,flashmla_sparse_bf16,13.63542366027832,0.6457920074462891,21.1142651241505,67174912,2097152,32.031494140625,669.5100211987261,450.64246453898534,686.0840688082477,452.24743069043114
prefill,steady,8,65536,256,flashmla_dense_bf16_multiquery,flashmla_sparse_bf16,28.45267105102539,1.2526079416275024,22.71474585579993,134480896,4194304,32.062744140625,642.214102223771,447.8433228430432,658.228096299207,466.3195345041991
prefill,steady,8,65536,512,flashmla_dense_bf16_multiquery,flashmla_sparse_bf16,57.51651382446289,2.4510719776153564,23.46586079467997,269486080,8388608,32.125244140625,638.3359136225923,470.9668118387311,652.5032021178913,476.6204808267483
prefill,steady,8,65536,1024,flashmla_dense_bf16_multiquery,flashmla_sparse_bf16,119.16767883300781,4.929279804229736,24.175474626283524,541069312,16777216,32.250244140625,629.3671594664398,470.9898344626891,632.3147132198457,473.9966692536137
prefill,steady,8,65536,2048,flashmla_dense_bf16_multiquery,flashmla_sparse_bf16,249.70880126953125,9.867775917053223,25.305479509115248,1090527232,33554432,32.500244140625,618.4760638844479,476.4623067150144,608.193158051009,473.5539656886998
prefill,steady,8,65536,4096,flashmla_dense_bf16_multiquery,flashmla_sparse_bf16,509.92279052734375,19.70172882080078,25.882134261688503,2214608896,67108864,33.000244140625,623.5973056503849,475.8998835725151,604.8274347055403,474.3669411503014
prefill,steady,8,65536,8192,flashmla_dense_bf16_multiquery,flashmla_sparse_bf16,1048.3309326171875,39.71974563598633,26.393193506944147,4563435520,134217728,34.000244140625,640.6180674146383,470.2991157849157,606.2229630777763,470.5895612598589
prefill,steady,8,65536,16384,flashmla_dense_bf16_multiquery,flashmla_sparse_bf16,2218.84228515625,81.27257537841797,27.30124245263509,9663741952,268435456,36.000244140625,665.6206020808268,441.2794803341552,606.5376382118824,459.97552274332395
prefill,steady,8,65536,32768,flashmla_dense_bf16_multiquery,flashmla_sparse_bf16,4932.521484375,168.4036407470703,29.28987439044313,21474967552,536870912,40.000244140625,716.2178584580056,432.2633861104969,606.3207004035338,443.9737190780936
prefill,steady,8,131072,2,flashmla_dense_bf16_multiquery,flashmla_sparse_bf16,0.47523200511932373,0.06943999975919724,6.843778899299029,2097176,32768,64.000732421875,644.4633802713098,80.01688135296025,614.5653392823739,65.71720575784684
prefill,steady,8,131072,4,flashmla_dense_bf16_multiquery,flashmla_sparse_bf16,0.8039680123329163,0.0748480036854744,10.741342089915229,4194384,65536,64.001220703125,745.2024868362739,146.51861187232208,726.5546444826939,121.93786146057522
prefill,steady,8,131072,8,flashmla_dense_bf16_multiquery,flashmla_sparse_bf16,1.597823977470398,0.08419200032949448,18.97833489187977,8388896,131072,64.002197265625,751.9890256558201,244.06127210323154,731.1639010409355,216.80932792382322
prefill,steady,8,131072,16,flashmla_dense_bf16_multiquery,flashmla_sparse_bf16,3.3281919956207275,0.12886400520801544,25.827165547495426,16778304,262144,64.004150390625,745.7356897562497,313.7121999248958,702.0669875207147,283.30038288868286
prefill,steady,8,131072,32,flashmla_dense_bf16_multiquery,flashmla_sparse_bf16,7.04640007019043,0.22550399601459503,31.247340156820876,33558656,524288,64.008056640625,706.7733097297934,336.8990380989734,663.2482718310512,323.78337112604595
prefill,steady,8,131072,64,flashmla_dense_bf16_multiquery,flashmla_sparse_bf16,13.638784408569336,0.4090240001678467,33.34470447448692,67125504,1048576,64.015869140625,682.1687064130193,364.7374823355866,685.4105108650656,357.0178962703307
prefill,steady,8,131072,128,flashmla_dense_bf16_multiquery,flashmla_sparse_bf16,28.06729507446289,0.7364479899406433,38.11171387231986,134283776,2097152,64.031494140625,650.0817021475073,396.1618643053218,666.2877819629675,396.5762417948068
prefill,steady,8,131072,256,flashmla_dense_bf16_multiquery,flashmla_sparse_bf16,56.92639923095703,1.4554239511489868,39.11327636598009,268698624,4194304,64.062744140625,650.1157018059514,401.9707758001456,657.3408063439691,401.33704807789445
prefill,steady,8,131072,512,flashmla_dense_bf16_multiquery,flashmla_sparse_bf16,121.01795196533203,2.906912088394165,41.63110141806342,537921536,8388608,64.125244140625,630.5383621136075,408.33132569788296,619.0247279260215,401.8804384130356
prefill,steady,8,131072,1024,flashmla_dense_bf16_multiquery,flashmla_sparse_bf16,243.91241455078125,5.752416133880615,42.40173326720653,1077940224,16777216,64.250244140625,622.6760776752332,412.9632742583923,615.4597240637056,406.17058200339346
prefill,steady,8,131072,2048,flashmla_dense_bf16_multiquery,flashmla_sparse_bf16,493.57867431640625,11.468799591064453,43.03664654677218,2164269056,33554432,64.500244140625,613.8051266963005,409.00176756285543,610.6519213623276,407.44668881377606
prefill,steady,8,131072,4096,flashmla_dense_bf16_multiquery,flashmla_sparse_bf16,1003.4268188476562,23.057632446289062,43.518206875101335,4362092544,67108864,65.000244140625,612.5492041489289,406.03569422967064,605.4078330747169,405.32560564777924
prefill,steady,8,131072,8192,flashmla_dense_bf16_multiquery,flashmla_sparse_bf16,2031.2332763671875,46.38489532470703,43.790834541028836,8858402816,134217728,66.000244140625,626.6856403687631,403.8741865189785,607.343639020029,402.9694912825602
prefill,steady,8,131072,16384,flashmla_dense_bf16_multiquery,flashmla_sparse_bf16,4174.56298828125,93.56655883789062,44.61597220342278,18253676544,268435456,68.000244140625,636.224252954253,386.6284312196418,608.9451799768485,399.53799529116867
prefill,steady,8,131072,32768,flashmla_dense_bf16_multiquery,flashmla_sparse_bf16,8851.7783203125,189.8505859375,46.624972351818606,38654836736,536870912,72.000244140625,666.045951891485,385.5369978313652,608.1520558246715,393.8191200177896
prefill,steady,8,262144,2,flashmla_dense_bf16_multiquery,flashmla_sparse_bf16,0.9180799722671509,0.07023999840021133,13.070614937035486,4194328,32768,128.000732421875,655.9408776235472,79.76052546763195,636.2396656465,64.968719475174
prefill,steady,8,262144,4,flashmla_dense_bf16_multiquery,flashmla_sparse_bf16,1.6475199460983276,0.07552000135183334,21.815676861853394,8388688,65536,128.001220703125,749.4417625988284,146.78772187098423,709.0914124582481,120.85282495533795
prefill,steady,8,262144,8,flashmla_dense_bf16_multiquery,flashmla_sparse_bf16,3.6645760536193848,0.08460800349712372,43.31240428978995,16777504,131072,128.002197265625,738.1107782062155,236.86208799664698,637.591438373427,215.7433133216592
prefill,steady,8,262144,16,flashmla_dense_bf16_multiquery,flashmla_sparse_bf16,7.073311805725098,0.12902399897575378,54.821675516772004,33555520,262144,128.004150390625,684.2990548105837,308.2752751846964,660.6630763113877,282.9490816112469
prefill,steady,8,262144,32,flashmla_dense_bf16_multiquery,flashmla_sparse_bf16,13.564543724060059,0.23683199286460876,57.274963403337935,67113088,524288,128.008056640625,663.4178782254578,319.69334789328724,689.0343882819878,308.296371401733
prefill,steady,8,262144,64,flashmla_dense_bf16_multiquery,flashmla_sparse_bf16,28.04412841796875,0.4376319944858551,64.0815314495366,134234368,1048576,128.015869140625,658.7140948382847,341.78863820661064,666.5928334992989,333.67964386506907
prefill,steady,8,262144,128,flashmla_dense_bf16_multiquery,flashmla_sparse_bf16,57.5300178527832,0.8282880187034607,69.45653752523951,268501504,2097152,128.031494140625,647.6809383027032,352.67038957538676,649.9666582538182,352.6041298836667
prefill,steady,8,262144,256,flashmla_dense_bf16_multiquery,flashmla_sparse_bf16,115.95657348632812,1.6177599430084229,71.67724357835976,537134080,4194304,128.062744140625,626.569610107112,362.14167915684305,645.0987491963076,361.0644179814253
prefill,steady,8,262144,512,flashmla_dense_bf16_multiquery,flashmla_sparse_bf16,242.62387084960938,3.225663900375366,75.21672385687039,1074792448,8388608,128.125244140625,613.967869775299,362.87078516381945,616.9215541493493,362.16764690706134
prefill,steady,8,262144,1024,flashmla_dense_bf16_multiquery,flashmla_sparse_bf16,489.22186279296875,6.4033918380737305,76.40042576874954,2151682048,16777216,128.250244140625,614.3147356821706,366.04849437252244,612.5070679015834,364.87884360468166
prefill,steady,8,262144,2048,flashmla_dense_bf16_multiquery,flashmla_sparse_bf16,988.8751220703125,12.868672370910645,76.84360076690143,4311752704,33554432,128.500244140625,610.049948617382,363.815923982123,607.2272576872051,363.1240491141141
prefill,steady,8,262144,4096,flashmla_dense_bf16_multiquery,flashmla_sparse_bf16,1983.387939453125,25.81987190246582,76.81633537708255,8657059840,67108864,129.000244140625,611.3237006684611,362.748921012004,607.857271679378,361.9634083158818
prefill,steady,8,262144,8192,flashmla_dense_bf16_multiquery,flashmla_sparse_bf16,3983.808837890625,51.78611373901367,76.92812899550283,17448337408,134217728,130.000244140625,615.2434707322398,362.3435755868901,609.9502661062235,360.94034332046033
prefill,steady,8,262144,16384,flashmla_dense_bf16_multiquery,flashmla_sparse_bf16,8084.68505859375,103.64035034179688,78.00711819220179,35433545728,268435456,132.000244140625,621.343514431546,354.37828340047804,610.3660534084574,360.7030970186497
prefill,steady,8,262144,32768,flashmla_dense_bf16_multiquery,flashmla_sparse_bf16,16652.55078125,208.41209411621094,79.90203664459371,73014575104,536870912,136.000244140625,637.6141022824901,354.8070200310245,610.6152697478931,358.74497113914083
prefill,steady,8,524288,2,flashmla_dense_bf16_multiquery,flashmla_sparse_bf16,1.8039679527282715,0.0708480030298233,25.462509535644855,8388632,32768,256.000732421875,660.6324636401664,76.54635404470595,647.5915744962067,64.41116978384056
prefill,steady,8,524288,4,flashmla_dense_bf16_multiquery,flashmla_sparse_bf16,3.804896116256714,0.0748480036854744,50.83497126049766,16777296,65536,256.001220703125,741.368397470524,124.56265666541093,614.0702081618566,121.93786146057522
prefill,steady,8,524288,8,flashmla_dense_bf16_multiquery,flashmla_sparse_bf16,7.292575836181641,0.08422400057315826,86.58548378792808,33554720,131072,256.002197265625,724.4789492729391,225.49882217777636,640.7838095965201,216.72695293243206
prefill,steady,8,524288,16,flashmla_dense_bf16_multiquery,flashmla_sparse_bf16,13.902239799499512,0.12886400520801544,107.88303356750534,67109952,262144,256.004150390625,648.7720002828289,309.77702177344077,672.2657996206094,283.30038288868286
prefill,steady,8,524288,32,flashmla_dense_bf16_multiquery,flashmla_sparse_bf16,27.796480178833008,0.23849600553512573,116.54903869968228,134221952,524288,256.008056640625,657.4388550514627,316.8207385062384,672.4695286262235,306.14535395749607
prefill,steady,8,524288,64,flashmla_dense_bf16_multiquery,flashmla_sparse_bf16,56.95734405517578,0.44924798607826233,126.78374933272019,268452096,1048576,256.015869140625,640.5474067012839,332.9370526080116,656.3808990308198,325.0518479532164
prefill,steady,8,524288,128,flashmla_dense_bf16_multiquery,flashmla_sparse_bf16,116.29529571533203,0.8552640080451965,135.97590290410818,536936960,2097152,256.031494140625,637.5960591672323,342.2522518004825,642.9837796747762,341.48259880072743
prefill,steady,8,524288,256,flashmla_dense_bf16_multiquery,flashmla_sparse_bf16,240.7445068359375,1.6864320039749146,142.75375838960807,1074004992,4194304,256.062744140625,621.2365472488063,347.812399390901,621.2820104253389,346.3617571768335
prefill,steady,8,524288,512,flashmla_dense_bf16_multiquery,flashmla_sparse_bf16,492.1782531738281,3.4002881050109863,144.74604444503032,2148534272,8388608,256.125244140625,607.8507730848439,345.26088106918684,607.937215686227,343.56827081516536
prefill,steady,8,524288,1024,flashmla_dense_bf16_multiquery,flashmla_sparse_bf16,984.3379516601562,6.770624160766602,145.38363499247976,4299165696,16777216,256.250244140625,610.0833567552196,346.0857606571105,608.2453800322965,345.0881563568365
prefill,steady,8,524288,2048,flashmla_dense_bf16_multiquery,flashmla_sparse_bf16,1962.091552734375,13.605119705200195,144.21714731289117,8606720000,33554432,256.500244140625,612.2498510316439,343.72050638727336,610.881919556516,343.4680854929853
prefill,steady,8,524288,4096,flashmla_dense_bf16_multiquery,flashmla_sparse_bf16,3936.02978515625,27.26144027709961,144.3808450745219,17246994432,67108864,257.000244140625,610.1267907164289,343.29797609772146,610.2305022274367,342.8230035207194
prefill,steady,8,524288,8192,flashmla_dense_bf16_multiquery,flashmla_sparse_bf16,7899.60302734375,54.72943878173828,144.33919300447187,34628206592,134217728,258.000244140625,608.8708305206807,342.56858661251425,610.4689749770688,341.52913109039423
prefill,steady,8,524288,16384,flashmla_dense_bf16_multiquery,flashmla_sparse_bf16,15904.6005859375,109.5802230834961,145.14115903760097,69793284096,268435456,260.000244140625,614.8503780046334,337.1332326000506,611.1245525360305,341.150933010049
prefill,steady,8,524288,32768,flashmla_dense_bf16_multiquery,flashmla_sparse_bf16,32324.458984375,220.03858947753906,146.90359114338256,141734051840,536870912,264.000244140625,621.7369354365073,337.54540598198764,610.635154171859,339.7894472342088
prefill,steady,16,2048,2,flashmla_dense_bf16_multiquery,flashmla_sparse_bf16,0.054368000477552414,0.06969600170850754,0.7800734496210836,65584,65536,1.000732421875,299.10319967783875,156.8187723304416,167.99385844199028,130.95163682662047
prefill,steady,16,2048,4,flashmla_dense_bf16_multiquery,flashmla_sparse_bf16,0.06188800185918808,0.07331199944019318,0.8441728820897236,131232,131072,1.001220703125,377.2817823105676,248.90416573601743,295.3059187398325,248.98531137308595
prefill,steady,16,2048,8,flashmla_dense_bf16_multiquery,flashmla_sparse_bf16,0.07788799703121185,0.0796160027384758,0.978295748997345,262720,262144,1.002197265625,490.970630736111,508.4231418512412,469.74424140523746,458.5412575398897
prefill,steady,16,2048,16,flashmla_dense_bf16_multiquery,flashmla_sparse_bf16,0.13568000495433807,0.14079999923706055,0.963636404044988,526464,524288,1.004150390625,614.4232908965661,580.4812750889232,540.3705764948517,518.568497355372
prefill,steady,16,2048,32,flashmla_dense_bf16_multiquery,flashmla_sparse_bf16,0.2502720057964325,0.2552320063114166,0.9805666985631407,1057024,1048576,1.008056640625,554.777835159331,526.4557969667001,588.1816061191225,572.1417551599134
prefill,steady,16,2048,64,flashmla_dense_bf16_multiquery,flashmla_sparse_bf16,0.46643200516700745,0.4768959879875183,0.9780581445764129,2130432,2097152,1.015869140625,603.473761637301,571.1035294412115,636.0894594738805,612.4139927460324
prefill,steady,16,2048,128,flashmla_dense_bf16_multiquery,flashmla_sparse_bf16,0.9428160190582275,0.9254400134086609,1.0187759394426505,4326400,4194304,1.031494140625,668.7545794936941,633.4379444233462,639.0555075653518,631.1760284759407
prefill,steady,16,2048,256,flashmla_dense_bf16_multiquery,flashmla_sparse_bf16,1.8659839630126953,2.004672050476074,0.9308175681750823,8914944,8388608,1.062744140625,710.0506000474894,648.8924766314389,665.3491057937637,582.7542236819064
prefill,steady,16,2048,512,flashmla_dense_bf16_multiquery,flashmla_sparse_bf16,4.234399795532227,4.135712146759033,1.0238623108357603,18878464,16777216,1.125244140625,737.5659394375112,605.4332505390945,620.8885644832095,564.9479765788287
prefill,steady,16,2048,1024,flashmla_dense_bf16_multiquery,flashmla_sparse_bf16,9.338335990905762,7.980832099914551,1.170095533146944,41951232,33554432,1.250244140625,763.6852998113337,619.2026880546858,625.6249913193939,585.5184471426271
prefill,steady,16,2048,2048,flashmla_dense_bf16_multiquery,flashmla_sparse_bf16,22.687776565551758,15.866944313049316,1.429876863366366,100679680,67108864,1.500244140625,816.9695373737702,561.465655732744,618.0003983646872,589.0137793204311
prefill,steady,16,2048,4096,flashmla_dense_bf16_multiquery,flashmla_sparse_bf16,61.766719818115234,32.05535888671875,1.9268765648949437,268468224,134217728,2.000244140625,931.2081304788035,575.9052259907053,605.3091188464032,583.1067977821451
prefill,steady,16,2048,8192,flashmla_dense_bf16_multiquery,flashmla_sparse_bf16,186.4278106689453,63.491329193115234,2.9362719766333205,805371904,268435456,3.000244140625,992.4908591221549,583.2889015538843,601.6232901958292,588.7952862142587
prefill,steady,16,2048,16384,flashmla_dense_bf16_multiquery,flashmla_sparse_bf16,616.6241455078125,130.22242736816406,4.735160893326742,2684485632,536870912,5.000244140625,1076.4538241631146,571.8962927499662,606.2886278106529,574.1468055835558
prefill,steady,16,4096,2,flashmla_dense_bf16_multiquery,flashmla_sparse_bf16,0.062463998794555664,0.07209599763154984,0.8664003668245361,131120,65536,2.000732421875,441.5087528980586,151.50638946620546,292.3331203956088,126.59240185069623
prefill,steady,16,4096,4,flashmla_dense_bf16_multiquery,flashmla_sparse_bf16,0.08300799876451492,0.07622399926185608,1.089000833967704,262304,131072,2.001220703125,492.83760699898437,274.6688225734612,440.07209907120415,239.47327855748512
prefill,steady,16,4096,8,flashmla_dense_bf16_multiquery,flashmla_sparse_bf16,0.1289599984884262,0.08924800157546997,1.44496230965323,524864,262144,2.002197265625,649.1965502100479,470.7438604707537,566.8010309612405,409.05366362885707
prefill,steady,16,4096,16,flashmla_dense_bf16_multiquery,flashmla_sparse_bf16,0.2319680005311966,0.14608000218868256,1.5879517870733448,1050752,524288,2.004150390625,696.7787066471861,555.4934204702197,630.8280719448643,499.8250474948086
prefill,steady,16,4096,32,flashmla_dense_bf16_multiquery,flashmla_sparse_bf16,0.4314880073070526,0.2574720084667206,1.6758637565171455,2105600,1048576,2.008056640625,613.7039614437938,602.4985046304816,679.588478553775,567.1641314860636
prefill,steady,16,4096,64,flashmla_dense_bf16_multiquery,flashmla_sparse_bf16,0.8548480272293091,0.4849280118942261,1.7628349079899535,4227584,2097152,2.015869140625,717.8759622142497,624.2402151065317,688.7192102252702,602.2703761475105
prefill,steady,16,4096,128,flashmla_dense_bf16_multiquery,flashmla_sparse_bf16,1.7984639406204224,0.9329919815063477,1.927630650926646,8520704,4194304,2.031494140625,722.235523617885,635.3644282579427,659.8004525165209,626.0670657779132
prefill,steady,16,4096,256,flashmla_dense_bf16_multiquery,flashmla_sparse_bf16,3.8607358932495117,1.810655951499939,2.132230526760921,17303552,8388608,2.062744140625,715.702304566226,628.2049210505854,624.1716430127902,645.1977271243843
prefill,steady,16,4096,512,flashmla_dense_bf16_multiquery,flashmla_sparse_bf16,7.791840076446533,4.230368137359619,1.841882272049686,35655680,16777216,2.125244140625,705.8599559660597,628.4996474195791,637.2759926798368,552.3070648131112
prefill,steady,16,4096,1024,flashmla_dense_bf16_multiquery,flashmla_sparse_bf16,16.15996742248535,7.902048110961914,2.045035311803259,75505664,33554432,2.250244140625,727.3397274136271,604.3367974753031,650.6956676574038,591.3561082430776
prefill,steady,16,4096,2048,flashmla_dense_bf16_multiquery,flashmla_sparse_bf16,36.55427169799805,15.609696388244629,2.34176698821166,167788544,67108864,2.500244140625,731.5544429255099,595.4289934022775,639.2386636688408,598.7207312458803
prefill,steady,16,4096,4096,flashmla_dense_bf16_multiquery,flashmla_sparse_bf16,92.21532440185547,31.65135955810547,2.913471196476311,402685952,134217728,3.000244140625,803.5368389685345,572.1698298843503,608.1381460519985,590.5495982843278
prefill,steady,16,4096,8192,flashmla_dense_bf16_multiquery,flashmla_sparse_bf16,247.66624450683594,63.43203353881836,3.904434883918268,1073807360,268435456,4.000244140625,896.0617496911902,585.7770723105418,603.8073879660755,589.3456863795257
prefill,steady,16,4096,16384,flashmla_dense_bf16_multiquery,flashmla_sparse_bf16,738.4253540039062,129.6769256591797,5.694346548164283,3221356544,536870912,6.000244140625,1005.3623758964987,571.5202536172236,607.5346618464604,576.5620237271205
prefill,steady,16,8192,2,flashmla_dense_bf16_multiquery,flashmla_sparse_bf16,0.09081599861383438,0.07257600128650665,1.2513227100418787,262192,65536,4.000732421875,533.3945114147114,149.55062584182394,402.0646939452107,125.75514415530161
prefill,steady,16,8192,4,flashmla_dense_bf16_multiquery,flashmla_sparse_bf16,0.13436800241470337,0.07952000200748444,1.6897384182919994,524448,131072,4.001220703125,651.214311327281,269.6245796978144,543.5574315273728,229.54741633786637
prefill,steady,16,8192,8,flashmla_dense_bf16_multiquery,flashmla_sparse_bf16,0.22492800652980804,0.09798400104045868,2.2955585007896624,1049152,262144,4.002197265625,689.3759949442189,424.81872574939507,649.5816433985834,372.5834996360861
prefill,steady,16,8192,16,flashmla_dense_bf16_multiquery,flashmla_sparse_bf16,0.4239040017127991,0.16995200514793396,2.494257136559311,2099328,524288,4.004150390625,726.1229477949056,462.67516573484596,689.6863757140904,429.6180205019935
prefill,steady,16,8192,32,flashmla_dense_bf16_multiquery,flashmla_sparse_bf16,0.8234559893608093,0.27484801411628723,2.996041255777122,4202752,1048576,4.008056640625,739.3994893429011,558.2265671079225,710.7751502084778,531.3077794413886
prefill,steady,16,8192,64,flashmla_dense_bf16_multiquery,flashmla_sparse_bf16,1.7444159984588623,0.4912000000476837,3.5513355014037487,8421888,2097152,4.015869140625,742.1938481290015,611.5933401614411,672.3544220347616,594.5801630693164
prefill,steady,16,8192,128,flashmla_dense_bf16_multiquery,flashmla_sparse_bf16,3.676287889480591,0.9427520036697388,3.8995280574003996,16909312,4194304,4.031494140625,725.1592937083628,583.3047586414882,640.553323668215,619.5855855859046
prefill,steady,16,8192,256,flashmla_dense_bf16_multiquery,flashmla_sparse_bf16,7.282944202423096,2.1462719440460205,3.3932998204755616,34080768,8388608,4.062744140625,698.7807363167032,621.5265729648886,651.6902976097074,544.3071218224668
prefill,steady,16,8192,512,flashmla_dense_bf16_multiquery,flashmla_sparse_bf16,14.816224098205566,4.0839362144470215,3.627927401459607,69210112,16777216,4.125244140625,678.719825402834,630.3104368967711,650.5353168041879,572.1103578353426
prefill,steady,16,8192,1024,flashmla_dense_bf16_multiquery,flashmla_sparse_bf16,30.06528091430664,7.9067840576171875,3.802466425694596,142614528,33554432,4.250244140625,642.8370449344446,591.3468669862852,660.598172490085,591.001902163526
prefill,steady,16,8192,2048,flashmla_dense_bf16_multiquery,flashmla_sparse_bf16,66.28511810302734,15.667391777038574,4.23076916989922,302006272,67108864,4.500244140625,682.7946867778192,580.8473348599022,634.5104703356803,596.5159338003442
prefill,steady,16,8192,4096,flashmla_dense_bf16_multiquery,flashmla_sparse_bf16,153.0697021484375,31.554271697998047,4.850997786082604,671121408,134217728,5.000244140625,734.6998645591202,579.8315591915677,610.591452468349,592.3666326729983
prefill,steady,16,8192,8192,flashmla_dense_bf16_multiquery,flashmla_sparse_bf16,367.227783203125,63.80147171020508,5.755788594832472,1610678272,268435456,6.000244140625,808.9769247122348,576.6099093592629,610.818432405305,585.9331194456523
prefill,steady,16,8192,16384,flashmla_dense_bf16_multiquery,flashmla_sparse_bf16,979.2056884765625,130.38438415527344,7.510145442804228,4295098368,536870912,8.000244140625,905.8962264363156,566.5513292737111,610.8548859144714,573.4336299025579
prefill,steady,16,16384,2,flashmla_dense_bf16_multiquery,flashmla_sparse_bf16,0.15030400454998016,0.07356800138950348,2.0430622242162095,524336,65536,8.000732421875,581.6012887348004,148.00865179034773,485.8229088614768,124.05944611269803
prefill,steady,16,16384,4,flashmla_dense_bf16_multiquery,flashmla_sparse_bf16,0.2364799976348877,0.08198399841785431,2.8844652883310404,1048736,131072,8.001220703125,692.9754778374297,256.5175740627016,617.6047520496643,222.64846019055307
prefill,steady,16,16384,8,flashmla_dense_bf16_multiquery,flashmla_sparse_bf16,0.4175359904766083,0.11859200149774551,3.5207769934176025,2097728,262144,8.002197265625,711.9911443817223,343.9583376060521,699.671402837707,307.83882180025455
prefill,steady,16,16384,16,flashmla_dense_bf16_multiquery,flashmla_sparse_bf16,0.8147199749946594,0.20473599433898926,3.9793685405688666,4196480,524288,8.004150390625,735.7589139449727,379.73018503243713,717.3244902014719,356.6272958877332
prefill,steady,16,16384,32,flashmla_dense_bf16_multiquery,flashmla_sparse_bf16,1.5992640256881714,0.3176000118255615,5.035465888353148,8397056,1048576,8.008056640625,746.3034194145539,479.1305699443104,731.2161019071244,459.7886732579998
prefill,steady,16,16384,64,flashmla_dense_bf16_multiquery,flashmla_sparse_bf16,3.57807993888855,0.5426239967346191,6.594031890260245,16810496,2097152,8.015869140625,733.7365173885203,544.4927089287156,654.2886002908054,538.232326409325
prefill,steady,16,16384,128,flashmla_dense_bf16_multiquery,flashmla_sparse_bf16,6.917856216430664,0.9775679707527161,7.076598685106259,33686528,4194304,8.031494140625,682.0318416772211,565.2861531380482,678.146594641502,597.5191186002522
prefill,steady,16,16384,256,flashmla_dense_bf16_multiquery,flashmla_sparse_bf16,13.919072151184082,1.8707200288772583,7.440489189361932,67635200,8388608,8.062744140625,669.0981062482125,579.4661189308406,676.7080729586362,624.4820638463641
prefill,steady,16,16384,512,flashmla_dense_bf16_multiquery,flashmla_sparse_bf16,29.52956771850586,4.231071949005127,6.9792166321939515,136318976,16777216,8.125244140625,627.1189801837821,596.258764469079,642.8921024050999,552.2151920799608
prefill,steady,16,16384,1024,flashmla_dense_bf16_multiquery,flashmla_sparse_bf16,59.65862274169922,7.995264053344727,7.461745146083289,276832256,33554432,8.250244140625,651.9218948518561,581.6890074768598,646.2228849382574,584.4615495961183
prefill,steady,16,16384,2048,flashmla_dense_bf16_multiquery,flashmla_sparse_bf16,128.77597045898438,15.974271774291992,8.06146109685128,570441728,67108864,8.500244140625,649.508663156804,578.5333669623518,616.9007814504847,585.0563310896357
prefill,steady,16,16384,4096,flashmla_dense_bf16_multiquery,flashmla_sparse_bf16,277.4501037597656,31.802143096923828,8.724258076387404,1207992320,134217728,9.000244140625,672.7639158206335,580.0713797940597,606.3426907136584,587.7496247729298
prefill,steady,16,16384,8192,flashmla_dense_bf16_multiquery,flashmla_sparse_bf16,615.74169921875,65.33526611328125,9.424339041508595,2684420096,268435456,10.000244140625,719.4253979030761,569.7006846595694,607.1427040326719,572.1778997512151
prefill,steady,16,16384,16384,flashmla_dense_bf16_multiquery,flashmla_sparse_bf16,1478.525390625,133.7296905517578,11.056074268359739,6442582016,536870912,12.000244140625,798.315514673506,546.2137977405316,606.8341792202517,559.0889381429532
prefill,steady,16,32768,2,flashmla_dense_bf16_multiquery,flashmla_sparse_bf16,0.25993600487709045,0.07401599735021591,3.5118895128464036,1048624,65536,16.000732421875,615.8627140201545,146.6174692324869,561.8135617843794,123.30855262025833
prefill,steady,16,32768,4,flashmla_dense_bf16_multiquery,flashmla_sparse_bf16,0.42745599150657654,0.08451200276613235,5.057932335238384,2097312,131072,16.001220703125,721.7354946976822,252.18613883381798,683.2985480880931,215.9883852062138
prefill,steady,16,32768,8,flashmla_dense_bf16_multiquery,flashmla_sparse_bf16,0.8155519962310791,0.12780800461769104,6.3810713473746805,4194880,262144,16.002197265625,733.8148312952803,315.6022056316502,716.3194634060752,285.64112338036387
prefill,steady,16,32768,16,flashmla_dense_bf16_multiquery,flashmla_sparse_bf16,1.5961920022964478,0.21743999421596527,7.3408390579291565,8390784,524288,16.004150390625,738.7223355426926,356.2126765745755,732.0761796167537,335.7912342449787
prefill,steady,16,32768,32,flashmla_dense_bf16_multiquery,flashmla_sparse_bf16,3.5765440464019775,0.37987199425697327,9.415129571206402,16785664,1048576,16.008056640625,717.0578505230882,387.98022134409626,653.6026625053527,384.41604085510806
prefill,steady,16,32768,64,flashmla_dense_bf16_multiquery,flashmla_sparse_bf16,6.9850239753723145,0.6207680106163025,11.252229264258538,33587712,2097152,16.015869140625,688.2890795961596,438.51985603178105,669.6554142777552,470.4781353633915
prefill,steady,16,32768,128,flashmla_dense_bf16_multiquery,flashmla_sparse_bf16,13.63491153717041,1.0917760133743286,12.488744367106293,67240960,4194304,16.031494140625,654.8697924462609,530.901394263909,686.7844377216486,535.0140918105415
prefill,steady,16,32768,256,flashmla_dense_bf16_multiquery,flashmla_sparse_bf16,28.96784019470215,2.246975898742676,12.891922966735637,134744064,8388608,16.062744140625,638.4141267465508,552.7828266333346,647.7872427757966,519.9126101733885
prefill,steady,16,32768,512,flashmla_dense_bf16_multiquery,flashmla_sparse_bf16,58.85023880004883,4.682015895843506,12.569423109454533,270536704,16777216,16.125244140625,633.4991204820592,545.5125222712328,640.2017105464106,499.0291064791582
prefill,steady,16,32768,1024,flashmla_dense_bf16_multiquery,flashmla_sparse_bf16,121.7537612915039,8.619071960449219,14.126087106616778,545267712,33554432,16.250244140625,627.0242429296446,553.7283588511675,623.6863801041923,542.1609704027173
prefill,steady,16,32768,2048,flashmla_dense_bf16_multiquery,flashmla_sparse_bf16,253.44883728027344,16.947999954223633,14.954498345812842,1107312640,67108864,16.500244140625,625.8622076134624,530.0261215398024,608.4414872514487,551.4425809145055
prefill,steady,16,32768,4096,flashmla_dense_bf16_multiquery,flashmla_sparse_bf16,529.7775268554688,34.56499099731445,15.3269973915697,2281734144,134217728,17.000244140625,634.9392270827389,529.05694035977,599.8054045744877,540.7696380897153
prefill,steady,16,32768,8192,flashmla_dense_bf16_multiquery,flashmla_sparse_bf16,1115.9559326171875,70.6779556274414,15.789306902135504,4831903744,268435456,18.000244140625,659.9183362613966,512.5329655636496,602.9899777729379,528.9258158716398
prefill,steady,16,32768,16384,flashmla_dense_bf16_multiquery,flashmla_sparse_bf16,2478.888427734375,146.308349609375,16.942904723843153,10737549312,536870912,20.000244140625,712.6539813960169,498.46122866392034,603.2357288274866,511.02203591514757
prefill,steady,16,65536,2,flashmla_dense_bf16_multiquery,flashmla_sparse_bf16,0.4790399968624115,0.07395199686288834,6.477715507136093,2097200,65536,32.000732421875,638.8390854525592,146.57178997406393,609.6870046612954,123.41526789224736
prefill,steady,16,65536,4,flashmla_dense_bf16_multiquery,flashmla_sparse_bf16,0.8216320276260376,0.08511999994516373,9.65263190971983,4194464,131072,32.001220703125,735.4942165205398,254.0615501787122,710.9482284712834,214.44561818326363
prefill,steady,16,65536,8,flashmla_dense_bf16_multiquery,flashmla_sparse_bf16,1.708191990852356,0.12848000228405,13.295391971396452,8389184,262144,32.002197265625,740.3778095641297,316.9687288942758,683.9461412022162,284.14711524746093
prefill,steady,16,65536,16,flashmla_dense_bf16_multiquery,flashmla_sparse_bf16,3.6366078853607178,0.22444799542427063,16.202452057932142,16779392,524288,32.004150390625,741.0083395306702,344.477625329666,642.5672827952455,325.3067326085132
prefill,steady,16,65536,32,flashmla_dense_bf16_multiquery,flashmla_sparse_bf16,7.0799360275268555,0.42211198806762695,16.7726485569336,33562880,1048576,32.008056640625,693.3988623604615,349.7254792482581,660.1897110577064,345.94821325141936
prefill,steady,16,65536,64,flashmla_dense_bf16_multiquery,flashmla_sparse_bf16,13.862879753112793,0.7556160092353821,18.346461143856423,67142144,2097152,32.015869140625,622.5020181028982,379.9592615001129,674.4979187976026,386.5161306250474
prefill,steady,16,65536,128,flashmla_dense_bf16_multiquery,flashmla_sparse_bf16,28.284032821655273,1.345471978187561,21.021643913948857,134349824,4194304,32.031494140625,660.4274246797252,419.94215021766894,661.507289554935,434.1343125130275
prefill,steady,16,65536,256,flashmla_dense_bf16_multiquery,flashmla_sparse_bf16,58.38256072998047,2.5878400802612305,22.56034334397009,268961792,8388608,32.062744140625,642.7861662136659,440.0130412867534,641.5733488348573,451.4309494712179
prefill,steady,16,65536,512,flashmla_dense_bf16_multiquery,flashmla_sparse_bf16,120.59001922607422,5.234816074371338,23.036152084971995,538972160,16777216,32.125244140625,624.1316861252285,482.53626422952556,622.434753489205,446.3312895486192
prefill,steady,16,65536,1024,flashmla_dense_bf16_multiquery,flashmla_sparse_bf16,249.40847778320312,9.882304191589355,25.237887131168257,1082138624,33554432,32.250244140625,614.4612636699067,483.536457427548,604.2415024229196,472.8577796689398
prefill,steady,16,65536,2048,flashmla_dense_bf16_multiquery,flashmla_sparse_bf16,501.9476013183594,19.655424118041992,25.537357947805084,2181054464,67108864,32.500244140625,615.4349421660763,471.39597915806957,605.1276429585884,475.48446576216656
prefill,steady,16,65536,4096,flashmla_dense_bf16_multiquery,flashmla_sparse_bf16,1034.77001953125,39.588958740234375,26.13784379430041,4429217792,134217728,33.000244140625,615.790215806675,473.8019235166587,596.1040375565885,472.1442105825222
prefill,steady,16,65536,8192,flashmla_dense_bf16_multiquery,flashmla_sparse_bf16,2102.42626953125,80.84226989746094,26.006521986553995,9126871040,268435456,34.000244140625,632.8406552476575,445.58045526055236,604.5608290453619,462.42387048014007
prefill,steady,16,65536,16384,flashmla_dense_bf16_multiquery,flashmla_sparse_bf16,4448.78173828125,163.30809020996094,27.241649403661313,19327483904,536870912,36.000244140625,665.1400693548634,441.262250639826,605.0246734393722,457.8266183423142
prefill,steady,16,131072,2,flashmla_dense_bf16_multiquery,flashmla_sparse_bf16,0.9231359958648682,0.0838719978928566,11.00648630123418,4194352,65536,64.000732421875,650.3817118140269,146.46147668152662,632.758596289756,108.81826751830997
prefill,steady,16,131072,4,flashmla_dense_bf16_multiquery,flashmla_sparse_bf16,1.7191359996795654,0.08630400151014328,19.919539877621038,8388768,131072,64.001220703125,742.4265985891523,253.08264401713134,679.5584450385275,211.50364628058014
prefill,steady,16,131072,8,flashmla_dense_bf16_multiquery,flashmla_sparse_bf16,3.6291840076446533,0.1292479932308197,28.079229061324103,16777792,262144,64.002197265625,741.5310230444429,311.4169484446734,643.8203243941934,282.4587144715119
prefill,steady,16,131072,16,flashmla_dense_bf16_multiquery,flashmla_sparse_bf16,7.0115838050842285,0.23638400435447693,29.661836993715497,33556608,524288,64.004150390625,684.4798756238572,320.29456020192987,666.5009770151156,308.880646266187
prefill,steady,16,131072,32,flashmla_dense_bf16_multiquery,flashmla_sparse_bf16,13.952608108520508,0.42454400658607483,32.86492776265742,67117312,1048576,64.008056640625,635.5587833233254,345.6886781751911,669.9124110466491,343.9664341001435
prefill,steady,16,131072,64,flashmla_dense_bf16_multiquery,flashmla_sparse_bf16,28.1114559173584,0.8050240278244019,34.92002095059241,134251008,2097152,64.015869140625,654.3474846835555,362.55734116302267,665.07876479522,362.793862087935
prefill,steady,16,131072,128,flashmla_dense_bf16_multiquery,flashmla_sparse_bf16,58.14716720581055,1.5100480318069458,38.506832882812866,268567552,4194304,64.031494140625,640.6463699461168,389.1895160932677,643.2263747147857,386.8191871731648
prefill,steady,16,131072,256,flashmla_dense_bf16_multiquery,flashmla_sparse_bf16,119.15010833740234,2.93833589553833,40.55020003612383,537397248,8388608,64.062744140625,629.0130521621116,402.2912651406613,628.1160075284546,397.5825589871744
prefill,steady,16,131072,512,flashmla_dense_bf16_multiquery,flashmla_sparse_bf16,245.5254669189453,5.813151836395264,42.23620401272637,1075843072,16777216,64.125244140625,613.3076056315492,403.44156137327764,610.2267575708133,401.9269192997444
prefill,steady,16,131072,1024,flashmla_dense_bf16_multiquery,flashmla_sparse_bf16,490.90625,11.530559539794922,42.57436495651026,2155880448,33554432,64.250244140625,611.9893086308883,407.13876778264836,611.5964804079639,405.26432407035736
prefill,steady,16,131072,2048,flashmla_dense_bf16_multiquery,flashmla_sparse_bf16,994.5357055664062,23.032447814941406,43.179765935309746,4328538112,67108864,64.500244140625,608.9829991456863,407.3339797825535,606.1215582865947,405.76880543427274
prefill,steady,16,131072,4096,flashmla_dense_bf16_multiquery,flashmla_sparse_bf16,2025.4072265625,46.204097747802734,43.83609517964929,8724185088,134217728,65.000244140625,614.0410883354365,405.643344369317,599.8620406609577,404.54631912124927
prefill,steady,16,131072,8192,flashmla_dense_bf16_multiquery,flashmla_sparse_bf16,4070.48828125,92.97529602050781,43.78032074619221,17716805632,268435456,66.000244140625,617.5106256623012,389.3569025730816,606.1467443353416,402.07879882563907
prefill,steady,16,131072,16384,flashmla_dense_bf16_multiquery,flashmla_sparse_bf16,8359.6650390625,187.52752685546875,44.578335667517564,36507353088,536870912,68.000244140625,635.8724700231643,389.38582003118023,608.1774804002671,398.69768424127017
prefill,steady,16,262144,2,flashmla_dense_bf16_multiquery,flashmla_sparse_bf16,1.8397760391235352,0.07913599908351898,23.248282203171055,8388656,65536,128.000732421875,657.3701757552494,132.5645698349988,634.9891314708857,115.33064104451
prefill,steady,16,262144,4,flashmla_dense_bf16_multiquery,flashmla_sparse_bf16,3.7191998958587646,0.08537600189447403,43.56259151670922,16777376,131072,128.001220703125,748.4889529009572,227.10586275068462,628.2223480016809,213.80259795441964
prefill,steady,16,262144,8,flashmla_dense_bf16_multiquery,flashmla_sparse_bf16,7.349792003631592,0.13017599284648895,56.460425942738084,33555008,262144,128.002197265625,696.177820242344,302.1233165419104,635.8009358364196,280.44512062259764
prefill,steady,16,262144,16,flashmla_dense_bf16_multiquery,flashmla_sparse_bf16,13.908320426940918,0.24012799561023712,57.920445267515404,67111040,524288,128.004150390625,666.2371220622958,318.07337952761947,671.9827835182864,304.06468786135673
prefill,steady,16,262144,32,flashmla_dense_bf16_multiquery,flashmla_sparse_bf16,28.376256942749023,0.45241600275039673,62.721603060545455,134226176,1048576,128.008056640625,660.399259999027,326.5051100551728,658.7505255600875,322.7756913465456
prefill,steady,16,262144,64,flashmla_dense_bf16_multiquery,flashmla_sparse_bf16,56.789791107177734,0.8583040237426758,66.16512277263146,268468736,2097152,128.015869140625,643.8604768576037,344.4608457081771,658.3582950629745,340.2731060894578
prefill,steady,16,262144,128,flashmla_dense_bf16_multiquery,flashmla_sparse_bf16,116.60066986083984,1.6666879653930664,69.95950788745337,537003008,4194304,128.031494140625,630.4375674552385,352.8520708174159,641.3787073038804,350.46485268059405
prefill,steady,16,262144,256,flashmla_dense_bf16_multiquery,flashmla_sparse_bf16,243.07139587402344,3.2453761100769043,74.89775841982872,1074268160,8388608,128.062744140625,617.5193446239899,362.05447349501446,615.485341236024,359.96786347340094
prefill,steady,16,262144,512,flashmla_dense_bf16_multiquery,flashmla_sparse_bf16,495.62969970703125,6.435328006744385,77.01700662151158,2149584896,16777216,128.125244140625,605.4364905263376,364.19498256738063,603.9988950087068,363.0680839539693
prefill,steady,16,262144,1024,flashmla_dense_bf16_multiquery,flashmla_sparse_bf16,987.3080444335938,12.852895736694336,76.81600042976164,4303364096,33554432,128.250244140625,607.8284708211861,363.9282373346428,607.0078136648395,363.5697755414796
prefill,steady,16,262144,2048,flashmla_dense_bf16_multiquery,flashmla_sparse_bf16,1966.69775390625,25.778335571289062,76.29265855692731,8623505408,67108864,128.500244140625,608.816888681286,362.95664935029424,610.639766458471,362.5466357302391
prefill,steady,16,262144,4096,flashmla_dense_bf16_multiquery,flashmla_sparse_bf16,4005.50830078125,51.735679626464844,77.42255112335036,17314119680,134217728,129.000244140625,612.8333279467378,362.21831198428276,601.9794198517135,361.2922031206962
prefill,steady,16,262144,8192,flashmla_dense_bf16_multiquery,flashmla_sparse_bf16,7979.08056640625,103.63875579833984,76.98935118375924,34896674816,268435456,130.000244140625,611.4381791462579,354.74970728793625,609.0740005855441,360.7086466487939
prefill,steady,16,262144,16384,flashmla_dense_bf16_multiquery,flashmla_sparse_bf16,16180.498046875,207.5223388671875,77.96990981886715,70867091456,536870912,132.000244140625,621.2834304022,356.1311328161843,609.9462819955944,360.2830957712851
prefill,steady,16,524288,2,flashmla_dense_bf16_multiquery,flashmla_sparse_bf16,3.916640043258667,0.07859200239181519,49.83509675364319,16777264,65536,256.000732421875,656.0859659638105,118.55195840266441,596.5493044778361,116.1289345765606
prefill,steady,16,524288,4,flashmla_dense_bf16_multiquery,flashmla_sparse_bf16,7.073023796081543,0.08470399677753448,83.50283416564207,33554592,131072,256.001220703125,699.2717126331137,216.19637179367223,660.6717063325609,215.49881590524063
prefill,steady,16,524288,8,flashmla_dense_bf16_multiquery,flashmla_sparse_bf16,14.012351989746094,0.13068799674510956,107.21988506010554,67109440,262144,256.002197265625,661.1707225039177,266.29588603915454,666.9778962874419,279.3464046067117
prefill,steady,16,524288,16,flashmla_dense_bf16_multiquery,flashmla_sparse_bf16,28.290367126464844,0.2391359955072403,118.30242062244577,134219904,524288,256.004150390625,649.3063166242094,296.8782476100946,660.7196232943247,305.32602955538476
prefill,steady,16,524288,32,flashmla_dense_bf16_multiquery,flashmla_sparse_bf16,58.0775032043457,0.4559360146522522,127.38081954030787,268443904,1048576,256.008056640625,628.6137920436144,325.58161243386536,643.7014297105435,320.2837314252921
prefill,steady,16,524288,64,flashmla_dense_bf16_multiquery,flashmla_sparse_bf16,117.67475128173828,0.8787840008735657,133.9063423603096,536904192,2097152,256.015869140625,629.4040057947018,336.5356773952681,635.4075498801724,332.3430738812683
prefill,steady,16,524288,128,flashmla_dense_bf16_multiquery,flashmla_sparse_bf16,239.04486083984375,1.7074240446090698,140.00321806090955,1073873920,4194304,256.031494140625,623.5334147984461,342.543096477823,625.6230611670728,342.1033890791544
prefill,steady,16,524288,256,flashmla_dense_bf16_multiquery,flashmla_sparse_bf16,490.3504943847656,3.3759679794311523,145.24737715888799,2148009984,8388608,256.062744140625,608.4052594496698,347.7206034604511,610.0543709802972,346.0433012486232
prefill,steady,16,524288,512,flashmla_dense_bf16_multiquery,flashmla_sparse_bf16,994.9911499023438,6.823264122009277,145.82333793775877,4297068544,16777216,256.125244140625,601.7823087506879,343.3763301178348,601.4394738790896,342.42587817866433
prefill,steady,16,524288,1024,flashmla_dense_bf16_multiquery,flashmla_sparse_bf16,1968.556396484375,13.606783866882324,144.6746281665914,8598331392,33554432,256.250244140625,607.8595341422877,343.5794569165715,608.2823053045269,343.4260780331401
prefill,steady,16,524288,2048,flashmla_dense_bf16_multiquery,flashmla_sparse_bf16,3929.216064453125,27.33014488220215,143.76857793431958,17213440000,67108864,256.500244140625,608.6431686531055,342.5525693775562,610.099436843682,341.96118887690835
prefill,steady,16,524288,4096,flashmla_dense_bf16_multiquery,flashmla_sparse_bf16,7952.28466796875,54.62857437133789,145.5700566870567,34493988864,134217728,257.000244140625,608.2447570771884,342.9923382598029,604.0743089222335,342.1597192915036
prefill,steady,16,524288,8192,flashmla_dense_bf16_multiquery,flashmla_sparse_bf16,15856.197265625,109.49171447753906,144.816412285495,69256413184,268435456,258.000244140625,604.4585950928177,337.5299146019161,608.2747940179845,341.4267054157122
prefill,steady,16,524288,16384,flashmla_dense_bf16_multiquery,flashmla_sparse_bf16,31904.126953125,219.4785614013672,145.36329539166672,139586568192,536870912,260.000244140625,610.8114725694621,338.64744095576987,609.3062462186136,340.6564641730072
prefill,steady,32,2048,2,flashmla_dense_bf16_multiquery,flashmla_sparse_bf16,0.0663679987192154,0.07702399790287018,0.861653517425928,131168,131072,1.000732421875,338.95876789735934,252.16906778068807,275.2377758034038,236.98602390151714
prefill,steady,32,2048,4,flashmla_dense_bf16_multiquery,flashmla_sparse_bf16,0.07980799674987793,0.09855999797582626,0.8097402433942051,262464,262144,1.001220703125,540.0208042471145,365.8852171124239,457.9965415064238,370.4060751396738
prefill,steady,32,2048,8,flashmla_dense_bf16_multiquery,flashmla_sparse_bf16,0.13680000603199005,0.1480959951877594,0.9237252219990957,525440,524288,1.002197265625,581.8416661229242,542.6489260426646,534.9040419112875,493.02105664255583
prefill,steady,32,2048,16,flashmla_dense_bf16_multiquery,flashmla_sparse_bf16,0.25174400210380554,0.2568320035934448,0.9801893789774992,1052928,1048576,1.004150390625,558.6694659737537,567.9905283522899,582.4764990092424,568.5774592762906
prefill,steady,32,2048,32,flashmla_dense_bf16_multiquery,flashmla_sparse_bf16,0.47283199429512024,0.4845759868621826,0.9757643942633037,2114048,2097152,1.008056640625,649.3643183365551,625.0179788263544,622.6541017193565,602.7079014360314
prefill,steady,32,2048,64,flashmla_dense_bf16_multiquery,flashmla_sparse_bf16,0.9242560267448425,0.932096004486084,0.9915888731380583,4260864,4194304,1.015869140625,646.6770149561378,637.6301272333518,642.013627096223,626.6688725675367
prefill,steady,32,2048,128,flashmla_dense_bf16_multiquery,flashmla_sparse_bf16,1.8762240409851074,1.9366400241851807,0.9688037103201497,8652800,8388608,1.031494140625,689.778136849361,647.9560003509806,642.2599395791267,603.2257362870107
prefill,steady,32,2048,256,flashmla_dense_bf16_multiquery,flashmla_sparse_bf16,4.083871841430664,4.064640045166016,1.0047314881640061,17829888,16777216,1.062744140625,699.8392805158425,608.1127928684355,608.0165144364894,574.8263519183455
prefill,steady,32,2048,512,flashmla_dense_bf16_multiquery,flashmla_sparse_bf16,8.515359878540039,7.9659199714660645,1.0689738170910665,37756928,33554432,1.125244140625,718.0149685798451,617.1948264696255,617.4936697911487,586.614532255712
prefill,steady,32,2048,1024,flashmla_dense_bf16_multiquery,flashmla_sparse_bf16,18.66320037841797,15.750304222106934,1.184942215415911,83902464,67108864,1.250244140625,725.1562866208299,568.3267807120221,626.0765843787437,593.3757662266792
prefill,steady,32,2048,2048,flashmla_dense_bf16_multiquery,flashmla_sparse_bf16,45.5392951965332,31.5164794921875,1.444935980486709,201359360,134217728,1.500244140625,770.9321522143872,593.9896501060913,615.7783028924606,593.0769544493512
prefill,steady,32,2048,4096,flashmla_dense_bf16_multiquery,flashmla_sparse_bf16,125.4483871459961,63.277889251708984,1.9824995528372185,536936448,268435456,2.000244140625,899.708331193086,575.9102990655781,596.069181879941,590.7813264073811
prefill,steady,32,2048,8192,flashmla_dense_bf16_multiquery,flashmla_sparse_bf16,376.115966796875,129.54495239257812,2.9033625768534645,1610743808,536870912,3.000244140625,989.5267203037029,572.7431569718772,596.4081439766619,577.1493933796182
prefill,steady,32,4096,2,flashmla_dense_bf16_multiquery,flashmla_sparse_bf16,0.09212800115346909,0.08038400113582611,1.146098724269758,262240,131072,2.000732421875,514.1223026455622,261.07729946436115,396.4114156689789,227.08014965759898
prefill,steady,32,4096,4,flashmla_dense_bf16_multiquery,flashmla_sparse_bf16,0.13148799538612366,0.11695999652147293,1.1242134002798427,524608,262144,2.001220703125,635.6338070062072,347.8146982756566,555.6325373845508,312.13426044602835
prefill,steady,32,4096,8,flashmla_dense_bf16_multiquery,flashmla_sparse_bf16,0.23267200589179993,0.1632000058889389,1.4256862591667931,1049728,524288,2.002197265625,680.576283881339,481.6100537119844,628.3064420735806,447.39241052287645
prefill,steady,32,4096,16,flashmla_dense_bf16_multiquery,flashmla_sparse_bf16,0.4355199933052063,0.270143985748291,1.6121772694617966,2101504,1048576,2.004150390625,698.590129904539,566.2099551192894,671.9871821152084,540.559463722667
prefill,steady,32,4096,32,flashmla_dense_bf16_multiquery,flashmla_sparse_bf16,0.8491520285606384,0.4888960123062134,1.7368765692218073,4211200,2097152,2.008056640625,712.7470473673486,615.5075449626778,690.6520117417584,597.3822014835204
prefill,steady,32,4096,64,flashmla_dense_bf16_multiquery,flashmla_sparse_bf16,1.7660800218582153,0.9374399781227112,1.8839393060608676,8455168,4194304,2.015869140625,717.1066471414516,629.6281609041396,666.7311230399798,623.0964817883403
prefill,steady,32,4096,128,flashmla_dense_bf16_multiquery,flashmla_sparse_bf16,3.6937921047210693,1.8142399787902832,2.0359997287591756,17041408,8388608,2.031494140625,710.0184091054623,636.2442527476993,642.498163521093,643.9231403614888
prefill,steady,32,4096,256,flashmla_dense_bf16_multiquery,flashmla_sparse_bf16,7.424767971038818,4.216415882110596,1.7609192685523776,34607104,16777216,2.062744140625,676.9015817393902,643.389020365788,649.1143898711879,554.1346665866474
prefill,steady,32,4096,512,flashmla_dense_bf16_multiquery,flashmla_sparse_bf16,15.187935829162598,8.138976097106934,1.866074509613227,71311360,33554432,2.125244140625,675.5535100593326,580.08900221824,653.88116928774,574.1415581388709
prefill,steady,32,4096,1024,flashmla_dense_bf16_multiquery,flashmla_sparse_bf16,32.427040100097656,16.107040405273438,2.013221503404254,151011328,67108864,2.250244140625,686.4196804267948,573.6713877771755,648.5464451172237,580.2337736134426
prefill,steady,32,4096,2048,flashmla_dense_bf16_multiquery,flashmla_sparse_bf16,75.10956573486328,31.726015090942383,2.3674440524459905,335577088,134217728,2.500244140625,727.0233970349725,575.9904527327061,622.208464740727,589.1599565407881
prefill,steady,32,4096,4096,flashmla_dense_bf16_multiquery,flashmla_sparse_bf16,185.2315216064453,63.33375930786133,2.924688564688649,805371904,268435456,3.000244140625,803.9070195762807,583.2884901893835,605.5087809350117,590.260166977705
prefill,steady,32,4096,8192,flashmla_dense_bf16_multiquery,flashmla_sparse_bf16,496.78778076171875,129.87510681152344,3.8251193239260552,2147614720,536870912,4.000244140625,896.4135464948937,571.8294201148093,602.0385926310344,575.6822267508938
prefill,steady,32,8192,2,flashmla_dense_bf16_multiquery,flashmla_sparse_bf16,0.14844800531864166,0.08076799660921097,1.8379557690021038,524384,131072,4.000732421875,577.242126884989,261.8642048362847,491.94203195419686,226.00054197603208
prefill,steady,32,8192,4,flashmla_dense_bf16_multiquery,flashmla_sparse_bf16,0.22969600558280945,0.11779200285673141,1.9500135833685173,1048896,262144,4.001220703125,679.4239052360679,345.99115400763304,635.9425022362348,309.9295464090476
prefill,steady,32,8192,8,flashmla_dense_bf16_multiquery,flashmla_sparse_bf16,0.4256319999694824,0.17958399653434753,2.370099831741273,2098304,524288,4.002197265625,711.7446373801131,439.09984317013067,686.5513125821176,406.5754490436186
prefill,steady,32,8192,16,flashmla_dense_bf16_multiquery,flashmla_sparse_bf16,0.8330240249633789,0.31779199838638306,2.6212869713307194,4198656,1048576,4.004150390625,728.7568645206936,478.4431527491278,701.926489106608,459.5109027460559
prefill,steady,32,8192,32,flashmla_dense_bf16_multiquery,flashmla_sparse_bf16,1.6324800252914429,0.5308480262756348,3.075230469904399,8405504,2097152,4.008056640625,737.6743444769143,564.6233974788753,717.0587639178116,550.1721051447471
prefill,steady,32,8192,64,flashmla_dense_bf16_multiquery,flashmla_sparse_bf16,3.535520076751709,0.9532480239868164,3.708919386965974,16843776,4194304,4.015869140625,715.7054980055848,571.6589885634056,663.4756895565878,612.7634545865876
prefill,steady,32,8192,128,flashmla_dense_bf16_multiquery,flashmla_sparse_bf16,7.261536121368408,1.9553920030593872,3.7135961024731,33818624,8388608,4.031494140625,694.8805766722161,638.2597665086994,648.5840976369711,597.4408725637606
prefill,steady,32,8192,256,flashmla_dense_bf16_multiquery,flashmla_sparse_bf16,14.016703605651855,3.905247926712036,3.5891968624519586,68161536,16777216,4.062744140625,667.5786182030465,636.0764636505892,677.2240047707385,598.28780473642
prefill,steady,32,8192,512,flashmla_dense_bf16_multiquery,flashmla_sparse_bf16,30.139680862426758,7.8438401222229,3.8424649652197833,138420224,33554432,4.125244140625,629.4709224580484,576.1226924773149,639.587199450654,595.7444753123957
prefill,steady,32,8192,1024,flashmla_dense_bf16_multiquery,flashmla_sparse_bf16,61.056705474853516,16.243392944335938,3.7588640306915653,285229056,67108864,4.250244140625,667.7517947095342,572.9144025124585,650.5778349135419,575.36309489791
prefill,steady,32,8192,2048,flashmla_dense_bf16_multiquery,flashmla_sparse_bf16,135.4561309814453,32.06748962402344,4.2240952618869185,604012544,134217728,4.500244140625,682.4118744980573,581.5996810780855,620.9922158424731,582.8862156453017
prefill,steady,32,8192,4096,flashmla_dense_bf16_multiquery,flashmla_sparse_bf16,308.6507568359375,63.52521514892578,4.858712498845536,1342242816,268435456,5.000244140625,729.6477357116164,582.0742170672543,605.623344143569,588.4812079226174
prefill,steady,32,8192,8192,flashmla_dense_bf16_multiquery,flashmla_sparse_bf16,739.360107421875,130.2384033203125,5.676974598678617,3221356544,536870912,6.000244140625,806.0115695957654,570.6495640174829,606.7665718508077,574.076376726488
prefill,steady,32,16384,2,flashmla_dense_bf16_multiquery,flashmla_sparse_bf16,0.26844799518585205,0.08390399813652039,3.199466070127668,1048672,131072,8.000732421875,595.2955465592327,250.0436429288633,544.0243921616621,217.55353038480368
prefill,steady,32,16384,4,flashmla_dense_bf16_multiquery,flashmla_sparse_bf16,0.43612799048423767,0.1273919939994812,3.423511767042549,2097472,262144,8.001220703125,711.4197421268822,315.57083263964705,669.7628837894023,286.5739115140052
prefill,steady,32,16384,8,flashmla_dense_bf16_multiquery,flashmla_sparse_bf16,0.8213440179824829,0.21887999773025513,3.752485501186347,4195456,524288,8.002197265625,730.5837860967488,353.85004297215943,711.3657268962554,333.5820759738039
prefill,steady,32,16384,16,flashmla_dense_bf16_multiquery,flashmla_sparse_bf16,1.5935360193252563,0.3885760009288788,4.100963558006563,8392960,1048576,8.004150390625,741.3451427320156,388.16988074377775,733.4865150615894,375.8052162638004
prefill,steady,32,16384,32,flashmla_dense_bf16_multiquery,flashmla_sparse_bf16,3.4617919921875,0.6202560067176819,5.5812309025540525,16794112,2097152,8.008056640625,748.1033779281369,467.9284501542497,675.6082453383073,470.86650183935126
prefill,steady,32,16384,64,flashmla_dense_bf16_multiquery,flashmla_sparse_bf16,7.074240207672119,1.0570240020751953,6.692601297400688,33620992,4194304,8.015869140625,670.4024806059753,531.4595981868441,661.8652593687857,552.6038681328324
prefill,steady,32,16384,128,flashmla_dense_bf16_multiquery,flashmla_sparse_bf16,14.113408088684082,1.9207680225372314,7.347794175603271,67373056,8388608,8.031494140625,648.16571224409,599.1138584556578,664.8033707965167,608.2104089638214
prefill,steady,32,16384,256,flashmla_dense_bf16_multiquery,flashmla_sparse_bf16,29.672447204589844,4.2873921394348145,6.920861502652616,135270400,16777216,8.062744140625,615.9299208178535,549.647397555442,634.8750696466324,544.9611635785674
prefill,steady,32,16384,512,flashmla_dense_bf16_multiquery,flashmla_sparse_bf16,59.468448638916016,8.08732795715332,7.353287631462453,272637952,33554432,8.125244140625,621.0413928098437,592.7736486258528,638.4671639556005,577.8082010282212
prefill,steady,32,16384,1024,flashmla_dense_bf16_multiquery,flashmla_sparse_bf16,123.7544937133789,15.94700813293457,7.760358098632611,553664512,67108864,8.250244140625,636.2302345852559,572.6113395137393,623.0524022646641,586.0565667358304
prefill,steady,32,16384,2048,flashmla_dense_bf16_multiquery,flashmla_sparse_bf16,262.13494873046875,31.97635269165039,8.197775126458277,1140883456,134217728,8.500244140625,644.4971253069084,572.8040997168166,606.1152638588111,584.5475202390029
prefill,steady,32,16384,4096,flashmla_dense_bf16_multiquery,flashmla_sparse_bf16,557.6357421875,64.16627502441406,8.690480193455675,2415984640,268435456,9.000244140625,670.4712210708522,578.8416392545064,603.36821952103,582.6019249233389
prefill,steady,32,16384,8192,flashmla_dense_bf16_multiquery,flashmla_sparse_bf16,1234.1343994140625,132.76220703125,9.295826176824312,5368840192,536870912,10.000244140625,717.2020209008887,558.2216707586214,605.8385220067372,563.1632100780695
prefill,steady,32,32768,2,flashmla_dense_bf16_multiquery,flashmla_sparse_bf16,0.4891520142555237,0.08396799862384796,5.8254575823199195,2097248,131072,16.000732421875,625.5757007043832,253.37316646863513,597.0968880022389,217.38771087984162
prefill,steady,32,32768,4,flashmla_dense_bf16_multiquery,flashmla_sparse_bf16,0.8291199803352356,0.12748800218105316,6.50351379071541,4194624,262144,16.001220703125,727.2114602540493,315.8542341271382,704.5543836729254,286.3580995186822
prefill,steady,32,32768,8,flashmla_dense_bf16_multiquery,flashmla_sparse_bf16,1.61900794506073,0.23190400004386902,6.981371363816338,8389760,524288,16.002197265625,737.758101041585,328.49762328146505,721.6712803692714,314.8477129251239
prefill,steady,32,32768,16,flashmla_dense_bf16_multiquery,flashmla_sparse_bf16,3.6474239826202393,0.4153600037097931,8.781355811929956,16781568,1048576,16.004150390625,729.193694164786,358.56498285121626,640.7448920355827,351.5718575687142
prefill,steady,32,32768,32,flashmla_dense_bf16_multiquery,flashmla_sparse_bf16,7.306335926055908,0.7352319955825806,9.937456435456864,33571328,2097152,16.008056640625,727.638128057177,394.17244430480196,639.8935759193595,397.2321360913847
prefill,steady,32,32768,64,flashmla_dense_bf16_multiquery,flashmla_sparse_bf16,13.93228816986084,1.2289279699325562,11.33694448391914,67175424,4194304,16.015869140625,656.8400325271147,471.29566488599494,671.4703381009267,475.3049540308342
prefill,steady,32,32768,128,flashmla_dense_bf16_multiquery,flashmla_sparse_bf16,28.966367721557617,2.1589438915252686,13.41691548134362,134481920,8388608,16.031494140625,607.995726105961,463.1709245957037,646.5598409476005,541.1123045382427
prefill,steady,32,32768,256,flashmla_dense_bf16_multiquery,flashmla_sparse_bf16,59.36656188964844,4.51584005355835,13.14629419677283,269488128,16777216,16.062744140625,632.9996382597506,536.0619413185194,632.173962298059,517.3925961312417
prefill,steady,32,32768,512,flashmla_dense_bf16_multiquery,flashmla_sparse_bf16,122.51795196533203,8.708352088928223,14.069016814455752,541073408,33554432,16.125244140625,612.0971097293827,512.4887532011874,615.0286213814103,536.6026052149573
prefill,steady,32,32768,1024,flashmla_dense_bf16_multiquery,flashmla_sparse_bf16,250.57327270507812,17.313087463378906,14.473055325059567,1090535424,67108864,16.250244140625,619.0379800926411,527.3168146231595,606.0994600437214,539.8141062860442
prefill,steady,32,32768,2048,flashmla_dense_bf16_multiquery,flashmla_sparse_bf16,513.8875732421875,34.52191925048828,14.885834403164564,2214625280,134217728,16.500244140625,619.4149166363128,532.5522233693263,600.1654662479402,541.4443367579461
prefill,steady,32,32768,4096,flashmla_dense_bf16_multiquery,flashmla_sparse_bf16,1064.972412109375,70.3605728149414,15.135925838898556,4563468288,268435456,17.000244140625,633.9862113879938,522.1730813383953,596.7542824900537,531.3116970026352
prefill,steady,32,32768,8192,flashmla_dense_bf16_multiquery,flashmla_sparse_bf16,2230.416015625,143.85618591308594,15.504484575814889,9663807488,536870912,18.000244140625,661.9683880789881,510.1883363995865,603.3943787081848,519.7328861057118
prefill,steady,32,65536,2,flashmla_dense_bf16_multiquery,flashmla_sparse_bf16,0.9340479969978333,0.0841279998421669,11.10270063177785,4194400,131072,32.000732421875,640.365611369507,254.10080736565592,625.3735605423658,216.97426590725706
prefill,steady,32,65536,4,flashmla_dense_bf16_multiquery,flashmla_sparse_bf16,1.6217600107192993,0.12598399817943573,12.872746016597034,8388928,262144,32.001220703125,732.8021773644816,326.98998548093414,720.3751857673657,289.77665849280095
prefill,steady,32,65536,8,flashmla_dense_bf16_multiquery,flashmla_sparse_bf16,3.6277759075164795,0.23315200209617615,15.559703004480344,16778368,524288,32.002197265625,733.0166272527524,327.5656281690191,644.092331147217,313.16241497202
prefill,steady,32,65536,16,flashmla_dense_bf16_multiquery,flashmla_sparse_bf16,6.944575786590576,0.4278079867362976,16.232926924927277,33558784,1048576,32.004150390625,677.4873248639999,347.5740396037012,672.9756631067683,341.3421268219865
prefill,steady,32,65536,32,flashmla_dense_bf16_multiquery,flashmla_sparse_bf16,13.886079788208008,0.8125119805335999,17.09030773809467,67125760,2097152,32.008056640625,681.7141272504543,362.62441470464,673.2066921132376,359.45042427091016
prefill,steady,32,65536,64,flashmla_dense_bf16_multiquery,flashmla_sparse_bf16,28.440736770629883,1.4936959743499756,19.040512432931127,134284288,4194304,32.015869140625,639.461305839301,391.5664111437062,657.541583217495,391.05384381195415
prefill,steady,32,65536,128,flashmla_dense_bf16_multiquery,flashmla_sparse_bf16,58.8686408996582,2.723328113555908,21.616433439154033,268699648,8388608,32.031494140625,644.6925447354606,426.1851456695752,635.6557108708325,428.971852013313
prefill,steady,32,65536,256,flashmla_dense_bf16_multiquery,flashmla_sparse_bf16,118.92623901367188,5.381184101104736,22.100384744178662,537923584,16777216,32.062744140625,624.1875912112558,464.3473927617912,629.9147322195557,434.1910934703634
prefill,steady,32,65536,512,flashmla_dense_bf16_multiquery,flashmla_sparse_bf16,247.92201232910156,10.093600273132324,24.562297457829136,1077944320,33554432,32.125244140625,605.1691493509312,459.4681043201596,605.508306302412,462.9591316872966
prefill,steady,32,65536,1024,flashmla_dense_bf16_multiquery,flashmla_sparse_bf16,497.2439270019531,20.32713508605957,24.462076180276135,2164277248,67108864,32.250244140625,610.3760750688036,465.1456319125523,606.153017258043,459.7720631327639
prefill,steady,32,65536,2048,flashmla_dense_bf16_multiquery,flashmla_sparse_bf16,1017.0065307617188,39.58380889892578,25.692487889646166,4362108928,134217728,32.500244140625,608.4831314725966,473.2207706120834,597.3262898262781,472.2056363984531
prefill,steady,32,65536,4096,flashmla_dense_bf16_multiquery,flashmla_sparse_bf16,2065.98046875,80.29341125488281,25.730386048635634,8858435584,268435456,33.000244140625,617.8854911318982,450.4842998974595,597.1310919103654,465.584843888553
prefill,steady,32,65536,8192,flashmla_dense_bf16_multiquery,flashmla_sparse_bf16,4210.58349609375,162.27577209472656,25.947086504298817,18253742080,536870912,34.000244140625,630.5458150200108,445.06354234733874,603.7379710882046,460.73908460668895
prefill,steady,32,131072,2,flashmla_dense_bf16_multiquery,flashmla_sparse_bf16,1.8231680393218994,0.08454400300979614,21.56472339156508,8388704,131072,64.000732421875,650.7582365647198,246.7751317180535,640.7771794258259,215.9066327375692
prefill,steady,32,131072,4,flashmla_dense_bf16_multiquery,flashmla_sparse_bf16,3.785248041152954,0.13116799294948578,28.858016014704855,16777536,262144,64.001220703125,738.1582078578208,306.19414753122163,617.266490359855,278.3241642651293
prefill,steady,32,131072,8,flashmla_dense_bf16_multiquery,flashmla_sparse_bf16,7.078559875488281,0.2391040027141571,29.604522697809134,33555584,524288,64.002197265625,683.1910938683799,317.014556912177,660.174517469014,305.3668830433046
prefill,steady,32,131072,16,flashmla_dense_bf16_multiquery,flashmla_sparse_bf16,14.004735946655273,0.4522239863872528,30.968582755941217,67113216,1048576,64.004150390625,664.6548813432577,330.2878705057224,667.3781604041022,322.9127433743666
prefill,steady,32,131072,32,flashmla_dense_bf16_multiquery,flashmla_sparse_bf16,28.459903717041016,0.8358399868011475,34.04946421139796,134234624,2097152,64.008056640625,621.0017987258574,343.53376930907143,656.8557245519602,349.41828668156637
prefill,steady,32,131072,64,flashmla_dense_bf16_multiquery,flashmla_sparse_bf16,57.7176628112793,1.6143360137939453,35.75319036315968,268502016,4194304,64.015869140625,643.0977572665995,358.35153862581336,647.8547975597629,361.8302182847523
prefill,steady,32,131072,128,flashmla_dense_bf16_multiquery,flashmla_sparse_bf16,118.81977844238281,3.102560043334961,38.29733406695417,537135104,8388608,64.031494140625,628.8545665633486,375.1698221301782,629.5549790115892,376.5377907904278
prefill,steady,32,131072,256,flashmla_dense_bf16_multiquery,flashmla_sparse_bf16,243.9605712890625,5.906432151794434,41.30421970816084,1074794496,16777216,64.062744140625,613.7155916753918,395.5564584967122,613.5425077095424,395.5792852566941
prefill,steady,32,131072,512,flashmla_dense_bf16_multiquery,flashmla_sparse_bf16,497.3036804199219,11.568384170532227,42.98817130284172,2151686144,33554432,64.125244140625,603.8624710216242,404.3038296340449,602.5541956677062,403.9392493509327
prefill,steady,32,131072,1024,flashmla_dense_bf16_multiquery,flashmla_sparse_bf16,993.5381469726562,23.249568939208984,42.733615817586816,4311760896,67108864,64.250244140625,607.3128358994236,405.8129822826074,604.3784742943242,401.9794457494132
prefill,steady,32,131072,2048,flashmla_dense_bf16_multiquery,flashmla_sparse_bf16,2003.8297119140625,46.042720794677734,43.52109687109745,8657076224,134217728,64.500244140625,607.2804828212624,406.60176703110875,601.6574442882804,405.9642295151387
prefill,steady,32,131072,4096,flashmla_dense_bf16_multiquery,flashmla_sparse_bf16,4058.694580078125,92.60566711425781,43.827712779936746,17448370176,268435456,65.000244140625,611.7337938514382,391.6673898554741,598.6973831728158,403.68366763407676
prefill,steady,32,131072,8192,flashmla_dense_bf16_multiquery,flashmla_sparse_bf16,8161.6005859375,186.75286865234375,43.70267854429058,35433611264,536870912,66.000244140625,615.1981689459528,391.19681058209596,604.6150368558951,400.351497828677
prefill,steady,32,262144,2,flashmla_dense_bf16_multiquery,flashmla_sparse_bf16,3.9806718826293945,0.08451200276613235,47.10185242734093,16777312,131072,128.000732421875,650.0497438551205,211.30043881602552,586.9550787553641,215.9883852062138
prefill,steady,32,262144,4,flashmla_dense_bf16_multiquery,flashmla_sparse_bf16,7.3645758628845215,0.13036799430847168,56.49067397216182,33554752,262144,128.001220703125,672.4729142996741,307.24838192928996,634.5197699813923,280.0320907723565
prefill,steady,32,262144,8,flashmla_dense_bf16_multiquery,flashmla_sparse_bf16,14.02393627166748,0.24355199933052063,57.5808710674381,67110016,524288,128.002197265625,646.1470951201577,297.96693724058025,666.4326682021308,299.78995956799037
prefill,steady,32,262144,16,flashmla_dense_bf16_multiquery,flashmla_sparse_bf16,28.437952041625977,0.4580479860305786,62.08509350312371,134222080,1048576,128.004150390625,634.2947682146672,324.7885356847523,657.3013317470677,318.8069645922454
prefill,steady,32,262144,32,flashmla_dense_bf16_multiquery,flashmla_sparse_bf16,57.58473587036133,0.8774080276489258,65.63050947307096,268452352,2097152,128.008056640625,648.6367880814306,336.07128471666044,649.2301785162883,332.86426260606316
prefill,steady,32,262144,64,flashmla_dense_bf16_multiquery,flashmla_sparse_bf16,117.74710083007812,1.7082240581512451,68.92954133751749,536937472,4194304,128.015869140625,626.1369262761837,344.39260646672017,635.0564860914749,341.9431716048825
prefill,steady,32,262144,128,flashmla_dense_bf16_multiquery,flashmla_sparse_bf16,240.4163818359375,3.3322560787200928,72.14823115523599,1074006016,8388608,128.031494140625,613.6831147719602,351.9246135347349,622.1305414798743,350.58263138069304
prefill,steady,32,262144,256,flashmla_dense_bf16_multiquery,flashmla_sparse_bf16,492.7807922363281,6.484384059906006,75.99500394852788,2148536320,16777216,128.062744140625,607.8573668623847,362.09051228693795,607.1944499106671,360.3213793998914
prefill,steady,32,262144,512,flashmla_dense_bf16_multiquery,flashmla_sparse_bf16,998.4266967773438,12.879712104797363,77.51933340229363,4299169792,33554432,128.125244140625,601.1315420718623,363.3945722101308,599.6630336965105,362.81280047458944
prefill,steady,32,262144,1024,flashmla_dense_bf16_multiquery,flashmla_sparse_bf16,1976.747802734375,25.790239334106445,76.64712906018727,8606728192,67108864,128.250244140625,606.4586232163956,362.6759394758186,606.3532198051217,362.3792984245993
prefill,steady,32,262144,2048,flashmla_dense_bf16_multiquery,flashmla_sparse_bf16,3977.06396484375,51.839969635009766,76.7180998145853,17247010816,134217728,128.500244140625,605.9173446466416,361.3822665324675,603.9348965748376,360.5653669127285
prefill,steady,32,262144,4096,flashmla_dense_bf16_multiquery,flashmla_sparse_bf16,8015.28173828125,103.73165130615234,77.26939306716562,34628239360,268435456,129.000244140625,609.299907209936,355.6830118585915,601.6590911831306,360.385618792967
prefill,steady,32,262144,8192,flashmla_dense_bf16_multiquery,flashmla_sparse_bf16,16027.46875,207.8046112060547,77.12758950333156,69793349632,536870912,130.000244140625,606.8524835167599,355.9542882114253,606.4401805900167,359.7937035893338
prefill,steady,32,524288,2,flashmla_dense_bf16_multiquery,flashmla_sparse_bf16,7.580671787261963,0.08521600067615509,88.958314484514,33554528,131072,256.000732421875,623.5507894520109,221.59378795788004,616.4279259846181,214.20403284787898
prefill,steady,32,524288,4,flashmla_dense_bf16_multiquery,flashmla_sparse_bf16,14.182784080505371,0.12963199615478516,109.40805126205592,67109184,262144,256.001220703125,625.3726532375496,266.8639023281282,658.9604232516089,281.62199996063543
prefill,steady,32,524288,8,flashmla_dense_bf16_multiquery,flashmla_sparse_bf16,28.37673568725586,0.24031999707221985,118.07896152199193,134218880,524288,256.002197265625,638.8441038695158,275.1834188130182,658.7036053168939,303.82175816213095
prefill,steady,32,524288,16,flashmla_dense_bf16_multiquery,flashmla_sparse_bf16,58.35647964477539,0.4572800099849701,127.61651148208612,268439808,1048576,256.004150390625,631.7451023595736,281.2207110510779,640.6144038995157,319.34238294999966
prefill,steady,32,524288,32,flashmla_dense_bf16_multiquery,flashmla_sparse_bf16,117.90914916992188,0.890175998210907,132.4559967993947,536887808,2097152,256.008056640625,622.998956977821,299.46829886437826,634.125037960882,328.0899245935449
prefill,steady,32,524288,64,flashmla_dense_bf16_multiquery,flashmla_sparse_bf16,241.335205078125,1.7392640113830566,138.7570854675571,1073808384,4194304,256.015869140625,615.4958499955317,338.701513079294,619.6478907458446,335.8406477872864
prefill,steady,32,524288,128,flashmla_dense_bf16_multiquery,flashmla_sparse_bf16,487.4637145996094,3.4166080951690674,142.67475256786446,2147747840,8388608,256.031494140625,607.743692115572,343.7966441702948,613.5922453949963,341.9271604969347
prefill,steady,32,524288,256,flashmla_dense_bf16_multiquery,flashmla_sparse_bf16,990.4276123046875,6.788735866546631,145.89278943452385,4296019968,16777216,256.062744140625,603.3728335950727,344.9969194922455,604.0632524686737,344.16749376530646
prefill,steady,32,524288,512,flashmla_dense_bf16_multiquery,flashmla_sparse_bf16,1998.498291015625,13.706239700317383,145.8093784080945,8594137088,33554432,256.125244140625,599.0351527747292,340.92599537303494,598.8766229141972,340.93409426801384
prefill,steady,32,524288,1024,flashmla_dense_bf16_multiquery,flashmla_sparse_bf16,3947.043701171875,27.292448043823242,144.62036145801733,17196662784,67108864,256.250244140625,607.4358020063405,342.2969685522411,606.7518444855167,342.4335120502732
prefill,steady,32,524288,2048,flashmla_dense_bf16_multiquery,flashmla_sparse_bf16,7930.54638671875,54.763038635253906,144.81567466589468,34426880000,134217728,256.500244140625,606.7869302579404,341.21130058175174,604.5516642269695,341.3195859471383
prefill,steady,32,524288,4096,flashmla_dense_bf16_multiquery,flashmla_sparse_bf16,15975.3486328125,109.271484375,146.19869698107138,68987977728,268435456,257.000244140625,604.7434824065314,339.0484150346588,601.3979382320847,342.11483039885263
prefill,steady,64,2048,2,flashmla_dense_bf16_multiquery,flashmla_sparse_bf16,0.08700799942016602,0.11539199948310852,0.7540210743371558,262336,262144,1.000732421875,459.2290183777697,305.702885565807,419.89197484676856,316.37567751258223
prefill,steady,64,2048,4,flashmla_dense_bf16_multiquery,flashmla_sparse_bf16,0.13967999815940857,0.18108800053596497,0.771337679724767,524928,524288,1.001220703125,580.9647005084043,377.1323469158485,523.3646474463093,403.19868691409494
prefill,steady,64,2048,8,flashmla_dense_bf16_multiquery,flashmla_sparse_bf16,0.2536320090293884,0.27369600534439087,0.9266924035308591,1050880,1048576,1.002197265625,600.0800386410785,531.8810077515427,577.0160985597146,533.5440971462199
prefill,steady,64,2048,16,flashmla_dense_bf16_multiquery,flashmla_sparse_bf16,0.4830720126628876,0.4883520007133484,0.9891881510821124,2105856,2097152,1.004150390625,634.083383392561,605.8636332345889,607.0936057077245,598.0476699212529
prefill,steady,64,2048,32,flashmla_dense_bf16_multiquery,flashmla_sparse_bf16,0.9228159785270691,0.9438080191612244,0.9777581455041978,4228096,4194304,1.008056640625,652.2330545965403,624.5695463421258,638.0704008656566,618.8923386931083
prefill,steady,64,2048,64,flashmla_dense_bf16_multiquery,flashmla_sparse_bf16,1.944991946220398,1.89792001247406,1.024801853311498,8521728,8388608,1.015869140625,668.0257390096988,649.269629747206,610.1670140579187,615.5323179237339
prefill,steady,64,2048,128,flashmla_dense_bf16_multiquery,flashmla_sparse_bf16,4.010528087615967,4.058112144470215,0.9882743366471307,17305600,16777216,1.031494140625,680.4745793625478,623.3245854008111,600.9301083919443,575.7510206335179
prefill,steady,64,2048,256,flashmla_dense_bf16_multiquery,flashmla_sparse_bf16,8.172256469726562,8.071359634399414,1.0125005996383973,35659776,33554432,1.062744140625,662.5214885016848,601.476572031106,607.6807627441191,578.9513328253165
prefill,steady,64,2048,512,flashmla_dense_bf16_multiquery,flashmla_sparse_bf16,17.25587272644043,16.175519943237305,1.0667893698004312,75513856,67108864,1.125244140625,655.4735306933917,573.287786995937,609.4366717175789,577.7773369197528
prefill,steady,64,2048,1024,flashmla_dense_bf16_multiquery,flashmla_sparse_bf16,37.72233581542969,31.734432220458984,1.1886879069829501,167804928,134217728,1.250244140625,750.5979108686303,595.2888410401237,619.5052609502837,589.0036898199672
prefill,steady,64,2048,2048,flashmla_dense_bf16_multiquery,flashmla_sparse_bf16,92.98095703125,63.443904876708984,1.4655616991410063,402718720,268435456,1.500244140625,791.2839833040103,577.2888428887235,603.1796360541938,589.2354106676038
prefill,steady,64,2048,4096,flashmla_dense_bf16_multiquery,flashmla_sparse_bf16,255.79852294921875,129.4198760986328,1.9765010650626098,1073872896,536870912,2.000244140625,878.2386014835497,574.4999945914464,584.646984135374,577.7071725195218
prefill,steady,64,4096,2,flashmla_dense_bf16_multiquery,flashmla_sparse_bf16,0.14281600713729858,0.12137600034475327,1.1766412365842314,524480,262144,2.000732421875,517.0242347520517,332.3739369870848,511.4355469256372,300.77792901649275
prefill,steady,64,4096,4,flashmla_dense_bf16_multiquery,flashmla_sparse_bf16,0.23625600337982178,0.2093760073184967,1.128381453088061,1049216,524288,2.001220703125,642.4730913025935,370.97404626198187,618.4732448431814,348.7240251025159
prefill,steady,64,4096,8,flashmla_dense_bf16_multiquery,flashmla_sparse_bf16,0.44147199392318726,0.304639995098114,1.449159667236091,2099456,1048576,2.002197265625,674.0733915293312,499.1507163070702,662.281287167837,479.3490362845139
prefill,steady,64,4096,16,flashmla_dense_bf16_multiquery,flashmla_sparse_bf16,0.8574079871177673,0.519711971282959,1.649775326516288,4203008,2097152,2.004150390625,701.7685675524822,574.1230553030614,682.6711611115463,561.960840361301
prefill,steady,64,4096,32,flashmla_dense_bf16_multiquery,flashmla_sparse_bf16,1.8283519744873047,0.9524800181388855,1.9195699013821246,8422400,4194304,2.008056640625,704.2894399382759,624.3116719617562,641.5269761878908,613.2575394047033
prefill,steady,64,4096,64,flashmla_dense_bf16_multiquery,flashmla_sparse_bf16,3.746432065963745,1.9528319835662842,1.91846103376593,16910336,8388608,2.015869140625,659.4694815213604,612.7021193212164,628.5983547117092,598.2240737262829
prefill,steady,64,4096,128,flashmla_dense_bf16_multiquery,flashmla_sparse_bf16,7.490208148956299,3.9082560539245605,1.9165090632776844,34082816,16777216,2.031494140625,689.9525507505177,630.5552530309511,633.6952449159091,597.8273114111319
prefill,steady,64,4096,256,flashmla_dense_bf16_multiquery,flashmla_sparse_bf16,14.944255828857422,8.138527870178223,1.8362357501554103,69214208,33554432,2.062744140625,677.9090321565902,603.8757871186212,645.0001641633409,574.1731788092616
prefill,steady,64,4096,512,flashmla_dense_bf16_multiquery,flashmla_sparse_bf16,31.651552200317383,15.60582447052002,2.028188402356334,142622720,67108864,2.125244140625,656.2037810561337,574.5088310244213,627.5272173818014,598.8692781820438
prefill,steady,64,4096,1024,flashmla_dense_bf16_multiquery,flashmla_sparse_bf16,66.10124969482422,31.726879119873047,2.0834463246471597,302022656,134217728,2.250244140625,681.345583855043,587.8796815576736,636.3099541895258,589.1439117465517
prefill,steady,64,4096,2048,flashmla_dense_bf16_multiquery,flashmla_sparse_bf16,152.47549438476562,63.98944091796875,2.382822731335183,671154176,268435456,2.500244140625,730.8812166456256,582.7783191414005,613.0008992173018,584.2119388464049
prefill,steady,64,4096,4096,flashmla_dense_bf16_multiquery,flashmla_sparse_bf16,375.3368835449219,128.8472900390625,2.9130366919718016,1610743808,536870912,3.000244140625,806.9126831695395,573.3810262502908,597.6461027722703,580.2744525406861
prefill,steady,64,8192,2,flashmla_dense_bf16_multiquery,flashmla_sparse_bf16,0.25385600328445435,0.12358400225639343,2.054117026876927,1048768,262144,4.000732421875,618.7379495697224,332.67984865605706,575.3483268557555,295.4041085371254
prefill,steady,64,8192,4,flashmla_dense_bf16_multiquery,flashmla_sparse_bf16,0.4458560049533844,0.21615999937057495,2.0626203101945286,2097792,524288,4.001220703125,698.4937045146016,358.14831780601526,655.2494568701499,337.7796273344141
prefill,steady,64,8192,8,flashmla_dense_bf16_multiquery,flashmla_sparse_bf16,0.830079972743988,0.33958399295806885,2.4444025335625423,4196608,1048576,4.002197265625,722.1692344822527,450.04110609315234,704.0724215764822,430.0228841529387
prefill,steady,64,8192,16,flashmla_dense_bf16_multiquery,flashmla_sparse_bf16,1.6830400228500366,0.6122239828109741,2.7490592823928623,8397312,2097152,4.004150390625,726.9334858405091,485.2834926055433,694.8398389170098,477.04399750405344
prefill,steady,64,8192,32,flashmla_dense_bf16_multiquery,flashmla_sparse_bf16,3.697472095489502,1.0385600328445435,3.5601910130918326,16811008,4194304,4.008056640625,697.8249467244036,554.0078305048643,633.1807671971238,562.4282985896812
prefill,steady,64,8192,64,flashmla_dense_bf16_multiquery,flashmla_sparse_bf16,7.015359878540039,1.96835196018219,3.564077980185363,33687552,8388608,4.015869140625,654.9410614112637,612.7460823148575,668.7416359179476,593.5072223586827
prefill,steady,64,8192,128,flashmla_dense_bf16_multiquery,flashmla_sparse_bf16,14.175775527954102,4.088255882263184,3.4674384226915493,67637248,16777216,4.031494140625,669.7849176747383,630.4305928196776,664.473960306244,571.5058637011188
prefill,steady,64,8192,256,flashmla_dense_bf16_multiquery,flashmla_sparse_bf16,29.322336196899414,7.760159969329834,3.778573677963972,136323072,33554432,4.062744140625,634.4642825074715,578.7130704278944,647.455106289092,602.1685682404242
prefill,steady,64,8192,512,flashmla_dense_bf16_multiquery,flashmla_sparse_bf16,60.984832763671875,15.644448280334473,3.898177274831199,276840448,67108864,4.125244140625,655.6176066259027,562.5082024150555,632.1884705280067,597.3907592410276
prefill,steady,64,8192,1024,flashmla_dense_bf16_multiquery,flashmla_sparse_bf16,125.27708435058594,31.680383682250977,3.9544055276316863,570458112,134217728,4.250244140625,668.425965324985,585.4926694374734,634.1485270142817,590.0085636483019
prefill,steady,64,8192,2048,flashmla_dense_bf16_multiquery,flashmla_sparse_bf16,273.62640380859375,63.65846252441406,4.298350807697461,1208025088,268435456,4.500244140625,678.0502685874301,572.4077179800411,614.832499764587,587.2494223379468
prefill,steady,64,8192,4096,flashmla_dense_bf16_multiquery,flashmla_sparse_bf16,616.9170532226562,129.52252197265625,4.7630098906883145,2684485632,536870912,5.000244140625,729.8260594033512,573.8577961783863,606.0007663946326,577.2493428173993
prefill,steady,64,16384,2,flashmla_dense_bf16_multiquery,flashmla_sparse_bf16,0.5098239779472351,0.12940800189971924,3.939663471060372,2097344,262144,8.000732421875,607.7347539347082,312.09235778029114,572.9124706767512,282.109463712222
prefill,steady,64,16384,4,flashmla_dense_bf16_multiquery,flashmla_sparse_bf16,0.8412479758262634,0.23548799753189087,3.572360309838457,4194944,524288,8.001220703125,717.763452784048,327.9799802532223,694.4500290086302,310.05590432315785
prefill,steady,64,16384,8,flashmla_dense_bf16_multiquery,flashmla_sparse_bf16,1.6105600595474243,0.41683200001716614,3.863810982556756,8390912,1048576,8.002197265625,732.8290624878912,359.1486026816698,725.5562820155674,350.33032026808445
prefill,steady,64,16384,16,flashmla_dense_bf16_multiquery,flashmla_sparse_bf16,3.621311902999878,0.7572479844093323,4.782200781722212,16785920,2097152,8.004150390625,736.7498128154448,388.7662084809609,645.5324549491254,385.6831343774531
prefill,steady,64,16384,32,flashmla_dense_bf16_multiquery,flashmla_sparse_bf16,7.1557440757751465,1.212224006652832,5.902988256711265,33588224,4194304,8.008056640625,663.2554982602131,475.60065253179977,653.6888935102525,481.8544667077233
prefill,steady,64,16384,64,flashmla_dense_bf16_multiquery,flashmla_sparse_bf16,13.892352104187012,2.252608060836792,6.1672300413531875,67241984,8388608,8.015869140625,658.5613021471071,542.3123283556621,674.067831677954,518.6126804846951
prefill,steady,64,16384,128,flashmla_dense_bf16_multiquery,flashmla_sparse_bf16,29.357440948486328,4.472544193267822,6.563924173779173,134746112,16777216,8.031494140625,604.2868457866712,548.0518497627307,639.2002141636101,522.4011453125265
prefill,steady,64,16384,256,flashmla_dense_bf16_multiquery,flashmla_sparse_bf16,59.84358215332031,8.18876838684082,7.308007666877927,270540800,33554432,8.062744140625,628.5702042147232,568.5888755044115,629.584537146722,570.6504564907822
prefill,steady,64,16384,512,flashmla_dense_bf16_multiquery,flashmla_sparse_bf16,122.66339111328125,16.27120018005371,7.538681213181187,545275904,67108864,8.125244140625,626.0280393825664,566.2724695440035,619.0706355454245,574.3798080459206
prefill,steady,64,16384,1024,flashmla_dense_bf16_multiquery,flashmla_sparse_bf16,254.25074768066406,32.13993453979492,7.910742548833031,1107329024,134217728,8.250244140625,634.4035354347816,572.0247246413065,606.5314285408642,581.5723628512179
prefill,steady,64,16384,2048,flashmla_dense_bf16_multiquery,flashmla_sparse_bf16,523.0156860351562,64.43036651611328,8.117533925627384,2281766912,268435456,8.500244140625,644.3146500072264,573.4893422472646,607.5687512198404,580.2139172223217
prefill,steady,64,16384,4096,flashmla_dense_bf16_multiquery,flashmla_sparse_bf16,1122.1951904296875,132.5226593017578,8.467949529102171,4831969280,536870912,9.000244140625,670.4455392693258,567.373355660781,599.6455657168339,564.1811829214952
prefill,steady,64,32768,2,flashmla_dense_bf16_multiquery,flashmla_sparse_bf16,0.9570559859275818,0.1303039938211441,7.344793953447363,4194496,262144,16.000732421875,629.1095760263597,309.981659644636,610.3533121710193,280.1696321458112
prefill,steady,64,32768,4,flashmla_dense_bf16_multiquery,flashmla_sparse_bf16,1.6527680158615112,0.23734399676322937,6.963597303496522,8389248,524288,16.001220703125,728.4233007981478,323.0939195664142,706.8870054718532,307.6313074176384
prefill,steady,64,32768,8,flashmla_dense_bf16_multiquery,flashmla_sparse_bf16,3.6321918964385986,0.4416320025920868,8.224476204441803,16779520,1048576,16.002197265625,721.6107369139094,339.3157774417307,643.3534185160315,330.6573962188142
prefill,steady,64,32768,16,flashmla_dense_bf16_multiquery,flashmla_sparse_bf16,6.8249921798706055,0.8076159954071045,8.450788764318927,33563136,2097152,16.004150390625,698.0169487800875,363.52017079080866,684.8559600829633,361.62950930755034
prefill,steady,64,32768,32,flashmla_dense_bf16_multiquery,flashmla_sparse_bf16,13.864128112792969,1.460479974746704,9.492857384229092,67142656,4194304,16.008056640625,668.0655714028629,401.51897592771894,674.4423283679757,399.94766265611077
prefill,steady,64,32768,64,flashmla_dense_bf16_multiquery,flashmla_sparse_bf16,28.537504196166992,2.455967903137207,11.619656820316635,134350848,8388608,16.015869140625,622.9909077124379,449.6725966846362,655.6367497051499,475.67034692095274
prefill,steady,64,32768,128,flashmla_dense_bf16_multiquery,flashmla_sparse_bf16,59.35068893432617,5.032959938049316,11.792402416246814,268963840,16777216,16.031494140625,635.5587519023787,481.0607269308554,631.112812442794,464.2322287050769
prefill,steady,64,32768,256,flashmla_dense_bf16_multiquery,flashmla_sparse_bf16,121.01376342773438,8.857888221740723,13.661694570802922,538976256,33554432,16.062744140625,615.6481428889425,504.38581167589246,620.2599372955414,527.5438457869468
prefill,steady,64,32768,512,flashmla_dense_bf16_multiquery,flashmla_sparse_bf16,252.5526123046875,17.37718391418457,14.53357537975615,1082146816,67108864,16.125244140625,604.857087228855,516.4700170073686,596.7235611152967,537.8229799632386
prefill,steady,64,32768,1024,flashmla_dense_bf16_multiquery,flashmla_sparse_bf16,502.78173828125,34.7367057800293,14.474076542120107,2181070848,134217728,16.250244140625,612.9674755517535,533.9035729812888,604.1282478043404,538.0964386939122
prefill,steady,64,32768,2048,flashmla_dense_bf16_multiquery,flashmla_sparse_bf16,1031.902587890625,69.9636459350586,14.749125407907615,4429250560,268435456,16.500244140625,615.4875884560518,522.639970958173,597.7649026433303,534.3260038089479
prefill,steady,64,32768,4096,flashmla_dense_bf16_multiquery,flashmla_sparse_bf16,2130.24462890625,141.77008056640625,15.026052185308776,9126936576,536870912,17.000244140625,635.2627209844748,518.6043801677885,596.6702969567735,527.3806037921142
prefill,steady,64,65536,2,flashmla_dense_bf16_multiquery,flashmla_sparse_bf16,1.8512320518493652,0.1313599944114685,14.092814636171617,8388800,262144,32.000732421875,644.6740402611855,313.0670818572783,631.0704495597514,277.91735360193275
prefill,steady,64,65536,4,flashmla_dense_bf16_multiquery,flashmla_sparse_bf16,3.783967971801758,0.23180800676345825,16.323715580985077,16777856,524288,32.001220703125,712.5491383314663,329.56519555599294,617.4870811264922,314.97809351557675
prefill,steady,64,65536,8,flashmla_dense_bf16_multiquery,flashmla_sparse_bf16,7.016992092132568,0.4459199905395508,15.735989058580225,33556736,1048576,32.002197265625,671.7037499323587,335.25459285759706,665.9898174238544,327.47777888878477
prefill,steady,64,65536,16,flashmla_dense_bf16_multiquery,flashmla_sparse_bf16,14.3274564743042,0.8495039939880371,16.865672881705088,67117568,2097152,32.004150390625,642.8743974638973,348.17324024959095,652.3880220271918,343.79800235772973
prefill,steady,64,65536,32,flashmla_dense_bf16_multiquery,flashmla_sparse_bf16,28.547456741333008,1.6207679510116577,17.613537288613177,134251520,4194304,32.008056640625,624.8003455059066,360.9537826195339,654.923618964979,360.3943130115599
prefill,steady,64,65536,64,flashmla_dense_bf16_multiquery,flashmla_sparse_bf16,58.62160110473633,3.009536027908325,19.478617488250926,268568576,8388608,32.015869140625,633.344008582575,391.7128826088336,638.0230744847757,388.1764809188674
prefill,steady,64,65536,128,flashmla_dense_bf16_multiquery,flashmla_sparse_bf16,119.03081512451172,5.457791805267334,21.809335968007183,537399296,16777216,32.031494140625,621.856563361961,436.64574415244056,628.7479043124885,428.09661716466945
prefill,steady,64,65536,256,flashmla_dense_bf16_multiquery,flashmla_sparse_bf16,247.21551513671875,10.341728210449219,23.904661784375044,1075847168,33554432,32.062744140625,606.7624510123586,455.02784425441024,606.0573500878073,451.8514046159621
prefill,steady,64,65536,512,flashmla_dense_bf16_multiquery,flashmla_sparse_bf16,501.3681335449219,20.14681625366211,24.88572522985053,2155888640,67108864,32.125244140625,600.5933178552322,450.22060328628976,598.8367737656769,463.8871332534834
prefill,steady,64,65536,1024,flashmla_dense_bf16_multiquery,flashmla_sparse_bf16,1005.3636474609375,39.9666862487793,25.155041406307344,4328554496,134217728,32.250244140625,605.5685946754975,471.88564096684956,599.5957928788804,467.6819478062908
prefill,steady,64,65536,2048,flashmla_dense_bf16_multiquery,flashmla_sparse_bf16,2028.2550048828125,80.47411346435547,25.203819185671314,8724217856,268435456,32.500244140625,609.8579959387906,450.32567013846426,599.0220522434663,464.5393870780855
prefill,steady,64,65536,4096,flashmla_dense_bf16_multiquery,flashmla_sparse_bf16,4140.65283203125,162.1328582763672,25.53864081624471,17716871168,536870912,33.000244140625,615.8230303739005,449.083200052506,595.8776179576435,461.14520821758776
prefill,steady,64,131072,2,flashmla_dense_bf16_multiquery,flashmla_sparse_bf16,3.981247901916504,0.12838399410247803,31.010469254746912,16777408,262144,64.000732421875,653.4837795075186,269.1949420239308,586.8735143539428,284.359606282847
prefill,steady,64,131072,4,flashmla_dense_bf16_multiquery,flashmla_sparse_bf16,7.042496204376221,0.24134400486946106,29.18032377968282,33555072,524288,64.001220703125,663.1187542355516,275.0586042670855,663.5450572347032,302.532661093
prefill,steady,64,131072,8,flashmla_dense_bf16_multiquery,flashmla_sparse_bf16,14.116959571838379,0.458079993724823,30.817673256253784,67111168,1048576,64.002197265625,634.214141765514,313.4731320031822,662.0525937466361,318.78468840471174
prefill,steady,64,131072,16,flashmla_dense_bf16_multiquery,flashmla_sparse_bf16,28.469120025634766,0.8801599740982056,32.34539272795683,134226432,2097152,64.004150390625,634.5871942460374,333.7048410742303,656.6030073713601,331.82351472780454
prefill,steady,64,131072,32,flashmla_dense_bf16_multiquery,flashmla_sparse_bf16,58.46742248535156,1.6534719467163086,35.36039580318504,268469248,4194304,64.008056640625,636.8082326486851,354.8009327329071,639.4689514975493,353.2660795461434
prefill,steady,64,131072,64,flashmla_dense_bf16_multiquery,flashmla_sparse_bf16,119.7311019897461,3.2450881004333496,36.89610213471776,537004032,8388608,64.015869140625,620.6448631408106,360.26225743719607,624.6107174295672,359.99981151697983
prefill,steady,64,131072,128,flashmla_dense_bf16_multiquery,flashmla_sparse_bf16,243.06704711914062,6.220064163208008,39.077900282266285,1074270208,16777216,64.031494140625,614.3283736667611,377.0374932250761,615.4975263824275,375.6331362052969
prefill,steady,64,131072,256,flashmla_dense_bf16_multiquery,flashmla_sparse_bf16,494.86614990234375,11.945311546325684,41.42764698795671,2149588992,33554432,64.062744140625,605.1239237969494,391.52444683650873,604.9319830038152,391.1931806822877
prefill,steady,64,131072,512,flashmla_dense_bf16_multiquery,flashmla_sparse_bf16,1003.0316772460938,23.53228759765625,42.6236366984565,4303372288,67108864,64.125244140625,599.7086628377755,401.37710202092995,597.4934310763474,397.1500347049481
prefill,steady,64,131072,1024,flashmla_dense_bf16_multiquery,flashmla_sparse_bf16,1994.89404296875,46.35561752319336,43.03456947738068,8623521792,134217728,64.250244140625,604.7714781404723,401.4587896175246,602.0099879860642,403.2240032794274
prefill,steady,64,131072,2048,flashmla_dense_bf16_multiquery,flashmla_sparse_bf16,4009.388427734375,92.36927795410156,43.406081724777,17314152448,268435456,64.500244140625,605.8962774543082,396.23804624323935,601.3979862462002,404.7167648420925
prefill,steady,64,131072,4096,flashmla_dense_bf16_multiquery,flashmla_sparse_bf16,8125.390625,185.93490600585938,43.70018948859416,34896740352,536870912,65.000244140625,610.7514050121342,394.62791421330405,598.1078169249158,402.1127194181165
prefill,steady,64,262144,2,flashmla_dense_bf16_multiquery,flashmla_sparse_bf16,7.5568318367004395,0.13065600395202637,57.83761639821098,33554624,262144,128.000732421875,619.4687213785905,265.1160471392012,618.3743740387855,279.41480614549135
prefill,steady,64,262144,4,flashmla_dense_bf16_multiquery,flashmla_sparse_bf16,14.178496360778809,0.2406720072031021,58.91211248682375,67109504,524288,128.001220703125,632.207534728272,273.8903036204886,659.1628426064383,303.37738435190516
prefill,steady,64,262144,8,flashmla_dense_bf16_multiquery,flashmla_sparse_bf16,28.730592727661133,0.4609920084476471,62.32340735018174,134220032,1048576,128.002197265625,638.9655301067713,278.34404345120265,650.5963421510537,316.77097517534054
prefill,steady,64,262144,16,flashmla_dense_bf16_multiquery,flashmla_sparse_bf16,58.24870300292969,0.8940479755401611,65.15165248010018,268444160,2097152,128.004150390625,638.3697326709994,296.274593157492,641.8101274522747,326.66902014016205
prefill,steady,64,262144,32,flashmla_dense_bf16_multiquery,flashmla_sparse_bf16,118.02323150634766,1.745535969734192,67.61432222122589,536904704,4194304,128.008056640625,618.640774514086,330.1991267938236,633.5320236832742,334.63392469932796
prefill,steady,64,262144,64,flashmla_dense_bf16_multiquery,flashmla_sparse_bf16,243.54896545410156,3.4278719425201416,71.04961023574482,1073874944,8388608,128.015869140625,612.3690359737093,341.9310030502232,614.0536048772503,340.80360179765836
prefill,steady,64,262144,128,flashmla_dense_bf16_multiquery,flashmla_sparse_bf16,491.9466857910156,6.689504146575928,73.54008234568809,2148012032,16777216,128.031494140625,607.5004773406995,350.35231017847735,608.075542054828,349.27285458368925
prefill,steady,64,262144,256,flashmla_dense_bf16_multiquery,flashmla_sparse_bf16,993.5221557617188,13.089920043945312,75.89978796098669,4297072640,33554432,128.062744140625,603.4128820151424,357.46942908393686,602.3293196498014,356.98647526952936
prefill,steady,64,262144,512,flashmla_dense_bf16_multiquery,flashmla_sparse_bf16,2003.5679931640625,25.808671951293945,77.63158046044332,8598339584,67108864,128.125244140625,598.7674382150001,362.0960803393623,597.6533703431563,362.12048623553585
prefill,steady,64,262144,1024,flashmla_dense_bf16_multiquery,flashmla_sparse_bf16,3970.281494140625,51.80748748779297,76.63528355966142,17213456384,134217728,128.250244140625,604.7742491966637,360.82945493678784,603.7896288712037,360.7914334119405
prefill,steady,64,262144,2048,flashmla_dense_bf16_multiquery,flashmla_sparse_bf16,7963.578125,103.54281616210938,76.91096707792853,34494021632,268435456,128.500244140625,605.6613802299446,358.9175107473286,603.2182208997727,361.04286835173156
prefill,steady,64,524288,2,flashmla_dense_bf16_multiquery,flashmla_sparse_bf16,15.159839630126953,0.12972800433635712,116.85865135811936,67109056,262144,256.000732421875,587.6272594160698,307.70494165719856,616.4890792255521,281.4135791478341
prefill,steady,64,524288,4,flashmla_dense_bf16_multiquery,flashmla_sparse_bf16,28.63408088684082,0.2399040013551712,119.35641225278631,134218368,524288,256.001220703125,661.034184743043,321.8893194533902,652.7810993836392,304.3485878499548
prefill,steady,64,524288,8,flashmla_dense_bf16_multiquery,flashmla_sparse_bf16,58.66361618041992,0.4597119987010956,127.6094953931428,268437760,1048576,256.002197265625,627.2996526504202,327.6872060408181,637.2555707044447,317.65298377375586
prefill,steady,64,524288,16,flashmla_dense_bf16_multiquery,flashmla_sparse_bf16,118.36249542236328,0.8977919816970825,131.8373273936179,536879616,2097152,256.004150390625,622.6220868796721,329.6334142069629,631.6866045770898,325.3067326085132
prefill,steady,64,524288,32,flashmla_dense_bf16_multiquery,flashmla_sparse_bf16,245.7857208251953,1.7581119537353516,139.80094970800332,1073775616,4194304,256.008056640625,611.8969040845856,334.25172510785075,608.4091739933776,332.2402484181772
prefill,steady,64,524288,64,flashmla_dense_bf16_multiquery,flashmla_sparse_bf16,486.5697326660156,3.4649600982666016,140.42578236598726,2147616768,8388608,256.015869140625,611.5587683051247,330.53278375549036,614.6820928215159,337.15571648182186
prefill,steady,64,524288,128,flashmla_dense_bf16_multiquery,flashmla_sparse_bf16,989.0338134765625,6.827968120574951,144.8503853578743,4295495680,16777216,256.031494140625,604.7423943841558,342.6040636569673,604.8407063826801,342.18997039301604
prefill,steady,64,524288,256,flashmla_dense_bf16_multiquery,flashmla_sparse_bf16,1986.54150390625,13.678815841674805,145.22759330189376,8592039936,33554432,256.062744140625,602.3910373074117,342.0534825299159,602.3341809341694,341.61761311320186
prefill,steady,64,524288,512,flashmla_dense_bf16_multiquery,flashmla_sparse_bf16,4009.410400390625,27.52364730834961,145.6714786188357,17188274176,67108864,256.125244140625,598.1226398561338,339.7971671182074,597.022398757995,339.5570627465798
prefill,steady,64,524288,1024,flashmla_dense_bf16_multiquery,flashmla_sparse_bf16,7931.09619140625,54.71433639526367,144.95462640926414,34393325568,134217728,256.250244140625,604.3885789553534,342.4743134557296,603.9205648636432,341.62340080597306
prefill,steady,64,524288,2048,flashmla_dense_bf16_multiquery,flashmla_sparse_bf16,15861.2421875,109.31433868408203,145.09754510191863,68853760000,268435456,256.500244140625,606.6441912702444,338.43007312908304,604.5459693060374,341.98071172000454
prefill,steady,128,2048,2,flashmla_dense_bf16_multiquery,flashmla_sparse_bf16,0.15414400398731232,0.21347199380397797,0.7220806872158417,524672,524288,1.000732421875,483.920875756398,313.65303876972666,474.02376685384576,342.0328949522343
prefill,steady,128,2048,4,flashmla_dense_bf16_multiquery,flashmla_sparse_bf16,0.27184000611305237,0.33820798993110657,0.8037657719689785,1049856,1048576,1.001220703125,585.6117521552079,388.63537741006076,537.8426379345931,431.772437114056
prefill,steady,128,2048,8,flashmla_dense_bf16_multiquery,flashmla_sparse_bf16,0.49673599004745483,0.527072012424469,0.942444254936869,2101760,2097152,1.002197265625,616.4784425309881,536.2000705147201,589.2456163927993,554.1136111260561
prefill,steady,128,2048,16,flashmla_dense_bf16_multiquery,flashmla_sparse_bf16,0.9535359740257263,0.953279972076416,1.0002685485448233,4211712,4194304,1.004150390625,636.0510170783696,611.1134442173219,615.120851174279,612.7429185191951
prefill,steady,128,2048,32,flashmla_dense_bf16_multiquery,flashmla_sparse_bf16,1.8835840225219727,1.9543039798736572,0.963813225537075,8456192,8388608,1.008056640625,649.5292292301664,636.384898627816,625.2140114839302,597.7734869001927
prefill,steady,128,2048,64,flashmla_dense_bf16_multiquery,flashmla_sparse_bf16,4.039648056030273,4.148863792419434,0.9736757479026636,17043456,16777216,1.015869140625,655.0058599210657,645.5655310517899,587.5610507308543,563.1571258842118
prefill,steady,128,2048,128,flashmla_dense_bf16_multiquery,flashmla_sparse_bf16,7.890143871307373,8.140800476074219,0.969209833172607,34611200,33554432,1.031494140625,642.4329056551354,611.2694477118027,610.9006673919275,574.0128912115838
prefill,steady,128,2048,256,flashmla_dense_bf16_multiquery,flashmla_sparse_bf16,16.066272735595703,16.21820831298828,0.990631790240917,71319552,67108864,1.062744140625,647.5987671527986,577.1596351548568,618.2047481194919,576.2565540986063
prefill,steady,128,2048,512,flashmla_dense_bf16_multiquery,flashmla_sparse_bf16,34.183326721191406,32.05427169799805,1.0664203212368206,151027712,134217728,1.125244140625,673.9155372117705,582.2902905539722,615.2918776898651,583.1265750879435
prefill,steady,128,2048,1024,flashmla_dense_bf16_multiquery,flashmla_sparse_bf16,77.70089721679688,64.0231704711914,1.2136371355079965,335609856,268435456,1.250244140625,738.7022462074973,589.5729276119865,601.5164902868122,583.9041564054604
prefill,steady,128,2048,2048,flashmla_dense_bf16_multiquery,flashmla_sparse_bf16,187.8406982421875,129.3773193359375,1.4518827504413323,805437440,536870912,1.500244140625,792.8394207082677,574.124977461483,597.146628466737,577.8972007808468
prefill,steady,128,4096,2,flashmla_dense_bf16_multiquery,flashmla_sparse_bf16,0.2638719975948334,0.22524799406528473,1.1714732408154278,1048960,524288,2.000732421875,525.055052478483,292.82591707366777,553.6107156936924,324.1513618578013
prefill,steady,128,4096,4,flashmla_dense_bf16_multiquery,flashmla_sparse_bf16,0.46294400095939636,0.37590399384498596,1.231548503180585,2098432,1048576,2.001220703125,644.1792842310122,345.8883855750441,631.2556884685308,388.47389348094794
prefill,steady,128,4096,8,flashmla_dense_bf16_multiquery,flashmla_sparse_bf16,0.8697599768638611,0.5894079804420471,1.475650153585559,4198912,2097152,2.002197265625,676.6253924228267,454.27990289665917,672.3202910261401,495.5103863862872
prefill,steady,128,4096,16,flashmla_dense_bf16_multiquery,flashmla_sparse_bf16,1.8165440559387207,1.011904001235962,1.7951742988662498,8406016,4194304,2.004150390625,687.4446781251477,584.2661760761927,644.4409693213028,577.2440385081474
prefill,steady,128,4096,32,flashmla_dense_bf16_multiquery,flashmla_sparse_bf16,3.8567678928375244,1.85590398311615,2.0781074494822893,16844800,8388608,2.008056640625,694.1693556172377,601.9433382006558,608.2487441249879,629.4674267310345
prefill,steady,128,4096,64,flashmla_dense_bf16_multiquery,flashmla_sparse_bf16,7.443456172943115,4.178976058959961,1.7811674601446745,33820672,16777216,2.015869140625,655.4732865478298,630.9972434775126,632.7708467645457,559.0992090070707
prefill,steady,128,4096,128,flashmla_dense_bf16_multiquery,flashmla_sparse_bf16,14.89568042755127,8.053983688354492,1.8494798355613014,68165632,33554432,2.031494140625,663.7117786130241,582.820074365203,637.3000965628648,580.200382675809
prefill,steady,128,4096,256,flashmla_dense_bf16_multiquery,flashmla_sparse_bf16,30.481983184814453,15.60159969329834,1.9537729325222961,138428416,67108864,2.062744140625,604.7201130827012,591.9088160991265,632.4422793930279,599.0314467631487
prefill,steady,128,4096,512,flashmla_dense_bf16_multiquery,flashmla_sparse_bf16,63.180641174316406,32.40972900390625,1.9494344172609845,285245440,134217728,2.125244140625,643.9476986769794,594.0875701782298,628.7435552697176,576.7310695482565
prefill,steady,128,4096,1024,flashmla_dense_bf16_multiquery,flashmla_sparse_bf16,133.32470703125,63.43452835083008,2.10176871330841,604045312,268435456,2.250244140625,696.5779987558943,576.5900289311472,630.9540684807257,589.3225080453336
prefill,steady,128,4096,2048,flashmla_dense_bf16_multiquery,flashmla_sparse_bf16,306.83514404296875,129.3527069091797,2.372081353182674,1342308352,536870912,2.500244140625,728.8895463986455,574.3919919731508,609.2366991271048,578.0071594579215
prefill,steady,128,8192,2,flashmla_dense_bf16_multiquery,flashmla_sparse_bf16,0.5225920081138611,0.22518399357795715,2.320733369234538,2097536,524288,4.000732421875,539.0727566831634,295.5190130160492,558.9661704898394,324.2434902759769
prefill,steady,128,8192,4,flashmla_dense_bf16_multiquery,flashmla_sparse_bf16,0.860319972038269,0.4097279906272888,2.0997344377696265,4195584,1048576,4.001220703125,679.4599264826253,367.6587916741255,679.1587190422789,356.404471758035
prefill,steady,128,8192,8,flashmla_dense_bf16_multiquery,flashmla_sparse_bf16,1.7773120403289795,0.6564800143241882,2.7073360978987746,8393216,2097152,4.002197265625,720.9117731772465,449.2405892378326,657.6632614313704,444.88448963470455
prefill,steady,128,8192,16,flashmla_dense_bf16_multiquery,flashmla_sparse_bf16,3.6999359130859375,1.2179839611053467,3.0377542161788122,16794624,4194304,4.004150390625,708.9465997875789,489.16078562104883,632.1424402146597,479.57573408922605
prefill,steady,128,8192,32,flashmla_dense_bf16_multiquery,flashmla_sparse_bf16,7.25705623626709,2.2365760803222656,3.2447169135518203,33622016,8388608,4.008056640625,665.259577038879,559.0806209027508,645.21154084821,522.330143289233
prefill,steady,128,8192,64,flashmla_dense_bf16_multiquery,flashmla_sparse_bf16,14.0698881149292,4.249023914337158,3.311322411590635,67375104,16777216,4.015869140625,665.514369180869,592.7208814654235,666.879964276334,549.8821037792358
prefill,steady,128,8192,128,flashmla_dense_bf16_multiquery,flashmla_sparse_bf16,29.661951065063477,8.063424110412598,3.67858004972849,135274496,33554432,4.031494140625,612.2695485591126,604.3339056705516,635.1189565926041,579.5211009692124
prefill,steady,128,8192,256,flashmla_dense_bf16_multiquery,flashmla_sparse_bf16,60.10927963256836,15.778719902038574,3.8095156011231546,272646144,67108864,4.062744140625,629.9947634020645,571.6076969374801,631.6793817878869,592.3071639600204
prefill,steady,128,8192,512,flashmla_dense_bf16_multiquery,flashmla_sparse_bf16,121.10511779785156,31.825279235839844,3.80531202571413,553680896,134217728,4.125244140625,641.9060396000044,583.2382416476746,636.7015507078092,587.3223462920149
prefill,steady,128,8192,1024,flashmla_dense_bf16_multiquery,flashmla_sparse_bf16,254.40127563476562,63.988094329833984,3.9757595268179893,1140916224,268435456,4.250244140625,660.3604152088332,575.6846239529917,624.5588062508237,584.2242332094935
prefill,steady,128,8192,2048,flashmla_dense_bf16_multiquery,flashmla_sparse_bf16,549.3442993164062,129.61343383789062,4.238328412805412,2416050176,536870912,4.500244140625,677.4505637773926,572.7000948647766,612.4916780408198,576.8444556625195
prefill,steady,128,16384,2,flashmla_dense_bf16_multiquery,flashmla_sparse_bf16,0.9748479723930359,0.2409919947385788,4.045146700621832,4194688,524288,8.000732421875,619.0551359567648,320.9462790871456,599.241159827203,302.9745619193864
prefill,steady,128,16384,4,flashmla_dense_bf16_multiquery,flashmla_sparse_bf16,1.8609919548034668,0.45526400208473206,4.0877204133901754,8389888,1048576,8.001220703125,721.9237471254738,332.5902127677989,627.8422426363428,320.75650039385636
prefill,steady,128,16384,8,flashmla_dense_bf16_multiquery,flashmla_sparse_bf16,3.60316801071167,0.8129919767379761,4.431984710561241,16781824,2097152,8.002197265625,724.9784554313286,361.84994638742,648.6247464975671,359.2382022019991
prefill,steady,128,16384,16,flashmla_dense_bf16_multiquery,flashmla_sparse_bf16,6.94755220413208,1.4958720207214355,4.644483022539178,33571840,4194304,8.004150390625,670.5920074486013,390.4857137616043,672.9490600990837,390.484977434293
prefill,steady,128,16384,32,flashmla_dense_bf16_multiquery,flashmla_sparse_bf16,13.937055587768555,2.4380478858947754,5.716481480286261,67176448,8388608,8.008056640625,671.7572680237843,468.9557716521576,671.2508818923251,479.1665952382446
prefill,steady,128,16384,64,flashmla_dense_bf16_multiquery,flashmla_sparse_bf16,29.22323226928711,4.736832141876221,6.169362011150352,134483968,16777216,8.015869140625,613.3981287465771,554.6219230920057,640.8865093008715,493.25417051796694
prefill,steady,128,16384,128,flashmla_dense_bf16_multiquery,flashmla_sparse_bf16,59.928897857666016,8.325152397155762,7.198534633208681,269492224,33554432,8.031494140625,617.6502896400253,554.1600629236219,626.2515484979028,561.3019672341945
prefill,steady,128,16384,256,flashmla_dense_bf16_multiquery,flashmla_sparse_bf16,120.87267303466797,16.324031829833984,7.404584498160541,541081600,67108864,8.062744140625,610.3442567627844,579.3035204946007,623.4096264321685,572.5208657713728
prefill,steady,128,16384,512,flashmla_dense_bf16_multiquery,flashmla_sparse_bf16,251.9847412109375,32.52739334106445,7.746847051922155,1090551808,134217728,8.125244140625,615.9769878516595,553.792744737644,602.7135066173595,574.6448071076918
prefill,steady,128,16384,1024,flashmla_dense_bf16_multiquery,flashmla_sparse_bf16,504.0814208984375,64.18611145019531,7.853434481532276,2214658048,268435456,8.250244140625,632.6315111545514,576.6018721793795,611.8498433188892,582.4218744485142
prefill,steady,128,16384,2048,flashmla_dense_bf16_multiquery,flashmla_sparse_bf16,1048.483642578125,130.69215393066406,8.022544667328503,4563533824,536870912,8.500244140625,642.2683852955745,568.4130204461894,606.1477248255504,572.0832386650688
prefill,steady,128,32768,2,flashmla_dense_bf16_multiquery,flashmla_sparse_bf16,1.8685439825057983,0.2404160052537918,7.772128068317648,8388992,524288,16.000732421875,636.8947509906384,317.90373093771336,625.2379354331707,303.7004294074486
prefill,steady,128,32768,4,flashmla_dense_bf16_multiquery,flashmla_sparse_bf16,3.7111361026763916,0.4529919922351837,8.192498247849047,16778496,1048576,16.001220703125,731.142768160419,328.5509854444708,629.6294186728601,322.3652748108292
prefill,steady,128,32768,8,flashmla_dense_bf16_multiquery,flashmla_sparse_bf16,7.148416042327881,0.8598399758338928,8.31365863792874,33559040,2097152,16.002197265625,666.5964523553345,340.95247493969725,653.7904507636986,339.66526834805
prefill,steady,128,32768,16,flashmla_dense_bf16_multiquery,flashmla_sparse_bf16,14.180671691894531,1.6094720363616943,8.810759908541666,67126272,4194304,16.004150390625,651.9444783969906,366.5119248146626,659.2263996317846,362.92370358693984
prefill,steady,128,32768,32,flashmla_dense_bf16_multiquery,flashmla_sparse_bf16,29.523584365844727,2.9656319618225098,9.95524216959855,134285312,8388608,16.008056640625,600.7630597969157,395.9774428727416,633.4295137958572,393.92315686875423
prefill,steady,128,32768,64,flashmla_dense_bf16_multiquery,flashmla_sparse_bf16,59.058815002441406,5.2564802169799805,11.235429900727873,268701696,16777216,16.015869140625,633.1469068599432,465.717060703558,633.6136779953524,444.49177255086744
prefill,steady,128,32768,128,flashmla_dense_bf16_multiquery,flashmla_sparse_bf16,122.48230743408203,9.234016418457031,13.264250558322958,537927680,33554432,16.031494140625,616.4434515258814,488.6035552540774,611.6308714043247,506.0554591074496
prefill,steady,128,32768,256,flashmla_dense_bf16_multiquery,flashmla_sparse_bf16,251.06655883789062,17.767648696899414,14.130544965226806,1077952512,67108864,16.062744140625,606.3162006530853,516.8698939176239,597.9290086502436,526.0036933151948
prefill,steady,128,32768,512,flashmla_dense_bf16_multiquery,flashmla_sparse_bf16,503.8953552246094,34.924129486083984,14.428286764467348,2164293632,134217728,16.125244140625,600.145601345229,504.91367183664005,598.1563140872702,535.2086923065605
prefill,steady,128,32768,1024,flashmla_dense_bf16_multiquery,flashmla_sparse_bf16,1015.0831298828125,70.38294219970703,14.422288954652961,4362141696,268435456,16.250244140625,607.1646409097752,514.8321025040353,598.4626118472448,531.1428334199363
prefill,steady,128,32768,2048,flashmla_dense_bf16_multiquery,flashmla_sparse_bf16,2059.5966796875,141.8017578125,14.52447918460108,8858501120,536870912,16.500244140625,617.227050138862,519.0097643655685,598.9863511349529,527.2627916758956
prefill,steady,128,65536,2,flashmla_dense_bf16_multiquery,flashmla_sparse_bf16,3.971424102783203,0.23968000710010529,16.569692861885176,16777600,524288,32.000732421875,638.6438150145591,274.8279335258756,588.3319499326583,304.6330184791117
prefill,steady,128,65536,4,flashmla_dense_bf16_multiquery,flashmla_sparse_bf16,7.047776222229004,0.4413439929485321,15.968895770267999,33555712,1048576,32.001220703125,678.3989873102836,334.1223805216815,663.0605922516131,330.8731746599966
prefill,steady,128,65536,8,flashmla_dense_bf16_multiquery,flashmla_sparse_bf16,14.141568183898926,0.8715199828147888,16.226326949182784,67113472,2097152,32.002197265625,635.7493155848052,340.95124104231525,660.9232047722667,335.1131148877704
prefill,steady,128,65536,16,flashmla_dense_bf16_multiquery,flashmla_sparse_bf16,29.293216705322266,1.6849919557571411,17.384781336929013,134235136,4194304,32.004150390625,631.810223747147,341.1372025099695,638.1723853668648,346.6577690535806
prefill,steady,128,65536,32,flashmla_dense_bf16_multiquery,flashmla_sparse_bf16,58.93852615356445,3.232800006866455,18.231417355969825,268503040,8388608,32.008056640625,639.7945324312886,362.2499084823943,634.437435118974,361.3681953819233
prefill,steady,128,65536,64,flashmla_dense_bf16_multiquery,flashmla_sparse_bf16,119.73014068603516,6.029632091522217,19.856956256813433,537137152,16777216,32.015869140625,617.3712245573543,390.98719999890227,624.7705707812037,387.4966454933647
prefill,steady,128,65536,128,flashmla_dense_bf16_multiquery,flashmla_sparse_bf16,246.5771484375,10.717215538024902,23.007575760946413,1074798592,33554432,32.031494140625,606.8116969920368,436.2793660113139,607.0341556984451,436.02038248352545
prefill,steady,128,65536,256,flashmla_dense_bf16_multiquery,flashmla_sparse_bf16,498.887451171875,20.83296012878418,23.94702663893546,2151694336,67108864,32.062744140625,602.2613888813884,440.2955215655463,600.6436107078355,448.60878042881507
prefill,steady,128,65536,512,flashmla_dense_bf16_multiquery,flashmla_sparse_bf16,1009.8157348632812,41.01551818847656,24.620333460689817,4311777280,134217728,32.125244140625,595.9768217346735,452.2722026758499,594.6385369041791,455.72257764241755
prefill,steady,128,65536,1024,flashmla_dense_bf16_multiquery,flashmla_sparse_bf16,2012.93359375,80.72486114501953,24.935733121099233,8657108992,268435456,32.250244140625,603.4177646843893,447.84366781577734,598.9385990701601,463.0964341607968
prefill,steady,128,65536,2048,flashmla_dense_bf16_multiquery,flashmla_sparse_bf16,4063.794189453125,162.50006103515625,25.007954849776574,17448435712,536870912,32.500244140625,607.7570176439702,448.644231397415,597.948330479544,460.10315450030816
prefill,steady,128,131072,2,flashmla_dense_bf16_multiquery,flashmla_sparse_bf16,8.074111938476562,0.23897600173950195,33.7862876594522,33554816,524288,64.000732421875,610.5421827568046,276.27945637445487,578.7606031513238,305.53044448199483
prefill,steady,128,131072,4,flashmla_dense_bf16_multiquery,flashmla_sparse_bf16,13.859392166137695,0.46083199977874756,30.074717408495502,67110144,1048576,64.001220703125,637.0484802186606,286.2262595609569,674.3461027714413,316.8809634185792
prefill,steady,128,131072,8,flashmla_dense_bf16_multiquery,flashmla_sparse_bf16,28.762624740600586,0.8967679738998413,32.073652915501015,134222336,2097152,64.002197265625,651.9468785927709,329.49533233353543,649.8829494624797,325.67819617588117
prefill,steady,128,131072,16,flashmla_dense_bf16_multiquery,flashmla_sparse_bf16,58.40544128417969,1.7536640167236328,33.3048068086032,268452864,4194304,64.004150390625,634.9727918857684,323.65216660600316,640.1085041064953,333.0829318989518
prefill,steady,128,131072,32,flashmla_dense_bf16_multiquery,flashmla_sparse_bf16,118.49174499511719,3.344896078109741,35.42464167140252,536938496,8388608,64.008056640625,618.6942846759739,350.6798479731369,631.0667693350738,349.2578176515988
prefill,steady,128,131072,64,flashmla_dense_bf16_multiquery,flashmla_sparse_bf16,245.07113647460938,6.48854398727417,37.769819693795974,1074008064,16777216,64.015869140625,611.8339129305779,360.73336991479493,610.3152789695913,360.09037059877363
prefill,steady,128,131072,128,flashmla_dense_bf16_multiquery,flashmla_sparse_bf16,492.7306213378906,12.398655891418457,39.74064815194417,2148540416,33554432,64.031494140625,608.3077430057216,377.6019710130003,607.257433445845,376.88959666041654
prefill,steady,128,131072,256,flashmla_dense_bf16_multiquery,flashmla_sparse_bf16,998.057861328125,23.96441650390625,41.64749269674225,4299177984,67108864,64.062744140625,601.2593640534807,390.3814485302431,599.8857841438698,389.9885830549059
prefill,steady,128,131072,512,flashmla_dense_bf16_multiquery,flashmla_sparse_bf16,2012.49169921875,46.96416091918945,42.8516481467989,8606744576,134217728,64.125244140625,596.6471553018747,396.571541398542,595.5849045724585,397.9991829164058
prefill,steady,128,131072,1024,flashmla_dense_bf16_multiquery,flashmla_sparse_bf16,4003.282470703125,92.8438720703125,43.118435082838424,17247043584,268435456,64.250244140625,602.2460679632043,395.2747224202123,599.9807146409818,402.6479563031669
prefill,steady,128,262144,2,flashmla_dense_bf16_multiquery,flashmla_sparse_bf16,15.192959785461426,0.2428160011768341,62.56984594024733,67109248,524288,128.000732421875,609.0715299211195,319.4332014962267,615.146913139029,300.6986511520146
prefill,steady,128,262144,4,flashmla_dense_bf16_multiquery,flashmla_sparse_bf16,28.534656524658203,0.45926401019096375,62.1312706667204,134219008,1048576,128.001220703125,656.7658740395264,279.5378890603433,655.058732315892,317.9628379834959
prefill,steady,128,262144,8,flashmla_dense_bf16_multiquery,flashmla_sparse_bf16,59.02492904663086,0.8969280123710632,65.80787781462664,268440064,2097152,128.002197265625,639.8376257498403,283.82917109705687,633.3601357379332,325.62008555840976
prefill,steady,128,262144,16,flashmla_dense_bf16_multiquery,flashmla_sparse_bf16,119.425537109375,1.7706559896469116,67.44705793088005,536888320,4194304,128.004150390625,619.7776552204283,285.513632365992,626.0739269525174,329.88652548622906
prefill,steady,128,262144,32,flashmla_dense_bf16_multiquery,flashmla_sparse_bf16,245.6063995361328,3.516416072845459,69.84565945786667,1073809408,8388608,128.008056640625,606.7316578820352,314.40785970516265,608.8725443561242,332.22209212764625
prefill,steady,128,262144,64,flashmla_dense_bf16_multiquery,flashmla_sparse_bf16,490.15069580078125,6.862720012664795,71.4222196004257,2147749888,16777216,128.015869140625,607.4187780917482,341.1594432474022,610.2291457809152,340.4571663585546
prefill,steady,128,262144,128,flashmla_dense_bf16_multiquery,flashmla_sparse_bf16,986.4493408203125,13.439871788024902,73.39722851368653,4296024064,33554432,128.031494140625,605.5749363448653,347.64696727186026,606.4999696298407,347.69114555182256
prefill,steady,128,262144,256,flashmla_dense_bf16_multiquery,flashmla_sparse_bf16,1997.79638671875,26.479040145874023,75.44821774931474,8594145280,67108864,128.062744140625,599.5939661331281,353.5696612899565,599.0876028360809,352.9527046527884
prefill,steady,128,262144,512,flashmla_dense_bf16_multiquery,flashmla_sparse_bf16,4021.63232421875,52.28937530517578,76.9110799420982,17196679168,134217728,128.125244140625,596.624502647933,358.96206326834425,595.4990746493927,357.46645591196864
prefill,steady,128,262144,1024,flashmla_dense_bf16_multiquery,flashmla_sparse_bf16,7982.6572265625,103.91129302978516,76.8218448044367,34426912768,268435456,128.250244140625,602.9520039670947,354.88452514387654,600.605718578165,359.7625845505398
prefill,steady,128,524288,2,flashmla_dense_bf16_multiquery,flashmla_sparse_bf16,30.668832778930664,0.24048000574111938,127.53173672137282,134218112,524288,256.000732421875,616.0736476487293,320.4974366681884,609.4705750395934,303.6196036630223
prefill,steady,128,524288,4,flashmla_dense_bf16_multiquery,flashmla_sparse_bf16,57.82854461669922,0.4583359956741333,126.17063717992167,268436736,1048576,256.001220703125,668.8856709663831,327.60295929373785,646.4553768401203,318.6066323445023
prefill,steady,128,524288,8,flashmla_dense_bf16_multiquery,flashmla_sparse_bf16,118.608642578125,0.8961920142173767,132.3473549155681,536875520,2097152,256.002197265625,617.8540824991394,330.7032634385316,630.3708633039306,325.88750122154033
prefill,steady,128,524288,16,flashmla_dense_bf16_multiquery,flashmla_sparse_bf16,245.13571166992188,1.7772159576416016,137.93242774796008,1073759232,4194304,256.004150390625,603.7436632333075,330.27405076076917,610.0131419717418,328.6688653365076
prefill,steady,128,524288,32,flashmla_dense_bf16_multiquery,flashmla_sparse_bf16,486.61383056640625,3.500704050064087,139.0045612560416,2147551232,8388608,256.008056640625,611.0781239838179,327.6836397463109,614.6076333776424,333.71318677756074
prefill,steady,128,524288,64,flashmla_dense_bf16_multiquery,flashmla_sparse_bf16,984.10791015625,6.917280197143555,142.268042078537,4295233536,16777216,256.015869140625,607.0652939131858,338.24097473346114,607.8311097636948,337.7718037197375
prefill,steady,128,524288,128,flashmla_dense_bf16_multiquery,flashmla_sparse_bf16,1985.0926513671875,13.771200180053711,144.14812256105373,8590991360,33554432,256.031494140625,603.231438836753,339.7766032712866,602.7002416915077,339.32586535313686
prefill,steady,256,2048,2,flashmla_dense_bf16_multiquery,flashmla_sparse_bf16,0.2932159900665283,0.4073280096054077,0.7198522643963926,1049344,1048576,1.000732421875,479.4636517326053,317.08483851306204,498.38974601229273,358.5044107461774
prefill,steady,256,2048,4,flashmla_dense_bf16_multiquery,flashmla_sparse_bf16,0.5204480290412903,0.6281279921531677,0.8285700295846393,2099712,2097152,1.001220703125,597.6717180078331,418.5338508674835,561.8510891599534,464.96538886422104
prefill,steady,256,2048,8,flashmla_dense_bf16_multiquery,flashmla_sparse_bf16,0.970687985420227,1.0354880094528198,0.9374207876469426,4203520,4194304,1.002197265625,622.1115583988744,545.1087680533893,603.0763933135229,564.0968769543382
prefill,steady,256,2048,16,flashmla_dense_bf16_multiquery,flashmla_sparse_bf16,2.025183916091919,1.9484479427337646,1.0393831272959184,8423424,8388608,1.004150390625,640.5906605115388,629.5943980373906,579.2460184059433,599.5700880121624
prefill,steady,256,2048,32,flashmla_dense_bf16_multiquery,flashmla_sparse_bf16,4.005727767944336,3.993311882019043,1.0031091701054453,16912384,16777216,1.008056640625,652.1780763818925,621.3683726291914,587.979608655405,585.0938464247051
prefill,steady,256,2048,64,flashmla_dense_bf16_multiquery,flashmla_sparse_bf16,7.811071872711182,7.858463764190674,0.9939693185714685,34086912,33554432,1.015869140625,633.7321223885223,610.595898060431,607.7372977903881,594.6358675523211
prefill,steady,256,2048,128,flashmla_dense_bf16_multiquery,flashmla_sparse_bf16,15.653056144714355,16.175167083740234,0.9677214500275103,69222400,67108864,1.031494140625,651.2765458518763,570.8736561274758,615.8662068592432,577.789941069031
prefill,steady,256,2048,256,flashmla_dense_bf16_multiquery,flashmla_sparse_bf16,32.49852752685547,32.718238830566406,0.993284745403054,142639104,134217728,1.062744140625,662.4224953370261,575.1781289253764,611.2428374805838,571.2929039056231
prefill,steady,256,2048,512,flashmla_dense_bf16_multiquery,flashmla_sparse_bf16,69.28134155273438,64.54022216796875,1.0734599173276265,302055424,268435456,1.125244140625,681.1954380648848,580.0146250078004,607.168476030698,579.2263194739567
prefill,steady,256,2048,1024,flashmla_dense_bf16_multiquery,flashmla_sparse_bf16,156.57308959960938,129.2248992919922,1.2116325139926953,671219712,536870912,1.250244140625,714.6620477791156,574.0420938649338,597.0166534428608,578.5788272879787
prefill,steady,256,4096,2,flashmla_dense_bf16_multiquery,flashmla_sparse_bf16,0.5430399775505066,0.43110400438308716,1.2596495788240256,2097920,1048576,2.000732421875,519.1004233523113,299.52124654952104,538.0169839389524,338.73238610475994
prefill,steady,256,4096,4,flashmla_dense_bf16_multiquery,flashmla_sparse_bf16,0.8924800157546997,0.6949120163917542,1.2843064944952216,4196864,2097152,2.001220703125,653.6311918004712,369.9691315856678,654.8853282745589,420.28022143648394
prefill,steady,256,4096,8,flashmla_dense_bf16_multiquery,flashmla_sparse_bf16,1.8777920007705688,1.1632319688796997,1.6142885090916619,8397824,4194304,2.002197265625,679.9585081066085,456.6981053014117,622.8136881273748,502.1488128619414
prefill,steady,256,4096,16,flashmla_dense_bf16_multiquery,flashmla_sparse_bf16,3.837791919708252,2.081376075744629,1.8438724094276193,16812032,8388608,2.004150390625,673.3241602040192,592.4950317414091,610.0671619075132,561.2782418929534
prefill,steady,256,4096,32,flashmla_dense_bf16_multiquery,flashmla_sparse_bf16,7.419424057006836,4.276288032531738,1.735015041214198,33689600,16777216,2.008056640625,685.5030870304907,608.2263598254539,632.3601964722795,546.3762476356669
prefill,steady,256,4096,64,flashmla_dense_bf16_multiquery,flashmla_sparse_bf16,14.834207534790039,7.852896213531494,1.889011026177692,67641344,33554432,2.015869140625,655.7150655689319,607.1160607386244,635.0190334551855,595.0574528154317
prefill,steady,256,4096,128,flashmla_dense_bf16_multiquery,flashmla_sparse_bf16,30.48431968688965,16.047744750976562,1.899601480453169,136331264,67108864,2.031494140625,656.6489539191587,548.2710668129553,622.8132149480541,582.3777098353507
prefill,steady,256,4096,256,flashmla_dense_bf16_multiquery,flashmla_sparse_bf16,61.503231048583984,32.34796905517578,1.9013011587737767,276856832,134217728,2.062744140625,654.5024740885009,550.8631719978364,626.8969807649755,577.8321860117295
prefill,steady,256,4096,512,flashmla_dense_bf16_multiquery,flashmla_sparse_bf16,127.4483871459961,64.37894439697266,1.9796594731365182,570490880,268435456,2.125244140625,659.4480437447061,571.8577501089442,623.3805204714664,580.6773580174128
prefill,steady,256,4096,1024,flashmla_dense_bf16_multiquery,flashmla_sparse_bf16,270.866943359375,130.03033447265625,2.083105795719805,1208090624,536870912,2.250244140625,683.3024562543758,572.6890820674914,621.1298085108801,574.9949886077585
prefill,steady,256,8192,2,flashmla_dense_bf16_multiquery,flashmla_sparse_bf16,0.9983360171318054,0.42671999335289,2.339557631897034,4195072,1048576,4.000732421875,548.0487425840919,352.40264043121687,585.1962635651039,342.21243517698656
prefill,steady,256,8192,4,flashmla_dense_bf16_multiquery,flashmla_sparse_bf16,1.7331839799880981,0.7902719974517822,2.193148669795613,8391168,2097152,4.001220703125,713.588463580356,373.1385426047584,674.2432620223185,369.5661456684977
prefill,steady,256,8192,8,flashmla_dense_bf16_multiquery,flashmla_sparse_bf16,3.776128053665161,1.318943977355957,2.862993514883808,16786432,4194304,4.002197265625,715.3404193944364,434.6548360674586,619.085378680141,442.86608247528227
prefill,steady,256,8192,16,flashmla_dense_bf16_multiquery,flashmla_sparse_bf16,7.245120048522949,2.548959970474243,2.8423828276812713,33589248,8388608,4.004150390625,670.0154609244519,494.88970908952876,645.6446549047382,458.3167715633629
prefill,steady,256,8192,32,flashmla_dense_bf16_multiquery,flashmla_sparse_bf16,14.126976013183594,4.7197442054748535,2.9931656035080145,67244032,16777216,4.008056640625,670.8587808490287,573.750223745088,662.8929548481351,495.0400079550346
prefill,steady,256,8192,64,flashmla_dense_bf16_multiquery,flashmla_sparse_bf16,29.361343383789062,8.164192199707031,3.596356218174614,134750208,33554432,4.015869140625,651.9525898460936,506.71744022638137,639.1346854133715,572.3682519644364
prefill,steady,256,8192,128,flashmla_dense_bf16_multiquery,flashmla_sparse_bf16,59.00243377685547,16.312511444091797,3.617004897073986,270548992,67108864,4.031494140625,644.9987078987991,545.7069125598958,638.5793332590904,572.9251972099586
prefill,steady,256,8192,256,flashmla_dense_bf16_multiquery,flashmla_sparse_bf16,119.47273254394531,32.744319915771484,3.6486551820671838,545292288,134217728,4.062744140625,645.032070175163,560.8381085238633,635.6227364942821,570.8378650182024
prefill,steady,256,8192,512,flashmla_dense_bf16_multiquery,flashmla_sparse_bf16,248.67100524902344,64.37718200683594,3.862719639120242,1107361792,268435456,4.125244140625,638.0699570386978,573.5455020692319,620.1592841379066,580.6932546443927
prefill,steady,256,8192,1024,flashmla_dense_bf16_multiquery,flashmla_sparse_bf16,514.1670532226562,129.8884735107422,3.958527183554382,2281832448,536870912,4.250244140625,655.5812061753236,570.4381652801735,618.0425448237754,575.6229838407066
prefill,steady,256,16384,2,flashmla_dense_bf16_multiquery,flashmla_sparse_bf16,1.9994879961013794,0.4588159918785095,4.357930044929267,8389376,1048576,8.000732421875,626.8610481369727,327.205247656576,584.3186163368006,318.27331795066806
prefill,steady,256,16384,4,flashmla_dense_bf16_multiquery,flashmla_sparse_bf16,3.399775981903076,0.879584014415741,3.8652089239722707,16779776,2097152,8.001220703125,699.0973198287286,334.13736521654573,687.3449125185979,332.040795809594
prefill,steady,256,16384,8,flashmla_dense_bf16_multiquery,flashmla_sparse_bf16,7.238880157470703,1.615455985069275,4.481013549347977,33563648,4194304,8.002197265625,699.3262695206078,361.32313134912164,645.7086971177582,361.5793668503767
prefill,steady,256,16384,16,flashmla_dense_bf16_multiquery,flashmla_sparse_bf16,14.094528198242188,2.979871988296509,4.729910631597147,67143680,8388608,8.004150390625,658.7995101955494,395.85020444159755,663.4274890227388,392.0407014463188
prefill,steady,256,16384,32,flashmla_dense_bf16_multiquery,flashmla_sparse_bf16,29.3690242767334,5.174304008483887,5.67593713639156,134352896,16777216,8.008056640625,649.2388353923936,452.5482479192564,637.0835316911352,451.5510115356756
prefill,steady,256,16384,64,flashmla_dense_bf16_multiquery,flashmla_sparse_bf16,58.72892761230469,8.919967651367188,6.583984371658921,268967936,33554432,8.015869140625,652.1007520822722,484.77972132360975,637.8040969243924,523.8723502917378
prefill,steady,256,16384,128,flashmla_dense_bf16_multiquery,flashmla_sparse_bf16,120.64729309082031,16.56835174560547,7.281792114464276,538984448,67108864,8.031494140625,619.6002522684544,530.8812099824846,622.1534544481477,564.0783693872784
prefill,steady,256,16384,256,flashmla_dense_bf16_multiquery,flashmla_sparse_bf16,247.66659545898438,33.30953598022461,7.435306081898603,1082163200,134217728,8.062744140625,612.8322583425598,551.4880231705664,608.5050573958337,561.1515478116835
prefill,steady,256,16384,512,flashmla_dense_bf16_multiquery,flashmla_sparse_bf16,502.5318298339844,65.75328063964844,7.642688318291509,2181103616,268435456,8.125244140625,614.96205793368,563.1813491336198,604.4377608458555,568.5403827872622
prefill,steady,256,16384,1024,flashmla_dense_bf16_multiquery,flashmla_sparse_bf16,1011.5421142578125,130.1160888671875,7.774150937554824,4429316096,536870912,8.250244140625,629.7792559717764,566.5681925958175,609.8058282486185,574.616032034933
prefill,steady,256,32768,2,flashmla_dense_bf16_multiquery,flashmla_sparse_bf16,4.068640232086182,0.45846399664878845,8.874503258328941,16777984,1048576,16.000732421875,633.390592642942,322.737599634362,574.2874843908064,318.51767888300964
prefill,steady,256,32768,4,flashmla_dense_bf16_multiquery,flashmla_sparse_bf16,7.294784069061279,0.8856959939002991,8.236216624326786,33556992,2097152,16.001220703125,691.7945458067375,328.1902049299699,640.6332099271275,329.74946046879865
prefill,steady,256,32768,8,flashmla_dense_bf16_multiquery,flashmla_sparse_bf16,14.383744239807129,1.7079999446868896,8.421396197670227,67118080,4194304,16.002197265625,631.9522164178705,344.63937040706963,649.8399955730396,341.988039328116
prefill,steady,256,32768,16,flashmla_dense_bf16_multiquery,flashmla_sparse_bf16,28.948352813720703,3.235775947570801,8.946340316131327,134252544,8388608,16.004150390625,644.8834951803791,360.8710719129989,645.8587266752658,361.0358453245281
prefill,steady,256,32768,32,flashmla_dense_bf16_multiquery,flashmla_sparse_bf16,58.9119987487793,5.8624958992004395,10.048962039668812,268570624,16777216,16.008056640625,637.9918146084938,399.79922431091006,634.8828791267416,398.54393916807004
prefill,steady,256,32768,64,flashmla_dense_bf16_multiquery,flashmla_sparse_bf16,119.810302734375,10.073504447937012,11.893606971991895,537403392,33554432,16.015869140625,618.397216603315,446.13291955765885,624.662022175287,463.8826976450072
prefill,steady,256,32768,128,flashmla_dense_bf16_multiquery,flashmla_sparse_bf16,251.17660522460938,18.418304443359375,13.637335944632504,1075855360,67108864,16.031494140625,603.0470059760103,489.9842211149905,596.5042831957202,507.4217805898848
prefill,steady,256,32768,256,flashmla_dense_bf16_multiquery,flashmla_sparse_bf16,503.3922424316406,35.78339385986328,14.067761275049833,2155905024,134217728,16.062744140625,599.3149593143917,503.2556978823071,596.433421007889,522.3567598253358
prefill,steady,256,32768,512,flashmla_dense_bf16_multiquery,flashmla_sparse_bf16,1017.6608276367188,71.64006042480469,14.205192201155143,4328587264,268435456,16.125244140625,596.9592976019098,509.927384360975,592.3548989633385,521.8224987906398
prefill,steady,256,32768,1024,flashmla_dense_bf16_multiquery,flashmla_sparse_bf16,2026.6107177734375,142.65362548828125,14.206513930765258,8724283392,536870912,16.250244140625,609.1399588368582,517.7459181912154,599.5125712343712,524.1141992210353
prefill,steady,256,65536,2,flashmla_dense_bf16_multiquery,flashmla_sparse_bf16,8.03974437713623,0.4556159973144531,17.645878161708684,33555200,1048576,32.000732421875,610.9745277068594,281.5662787039561,581.2412874828915,320.5086935593594
prefill,steady,256,65536,4,flashmla_dense_bf16_multiquery,flashmla_sparse_bf16,13.907903671264648,0.8607040047645569,16.15875329297337,67111424,2097152,32.001220703125,658.2456875442819,307.9801659178534,672.0067648474119,339.3242909423799
prefill,steady,256,65536,8,flashmla_dense_bf16_multiquery,flashmla_sparse_bf16,28.55379295349121,1.724511981010437,16.55760775681059,134226944,4194304,32.002197265625,633.1200984555335,331.26540540537474,654.6584252278977,338.7135367501195
prefill,steady,256,65536,16,flashmla_dense_bf16_multiquery,flashmla_sparse_bf16,58.99436950683594,3.3580479621887207,17.568054468282334,268470272,8388608,32.004150390625,633.1994779396041,349.85102214960386,633.7595311612857,347.8899401277657
prefill,steady,256,65536,32,flashmla_dense_bf16_multiquery,flashmla_sparse_bf16,119.94812774658203,6.460576057434082,18.566166032293612,537006080,16777216,32.008056640625,614.9715412250763,363.0745894419309,623.482968263763,361.64920716868124
prefill,steady,256,65536,64,flashmla_dense_bf16_multiquery,flashmla_sparse_bf16,245.5378875732422,11.99392032623291,20.471862484879583,1074274304,33554432,32.015869140625,606.2025245603958,390.72498190854714,609.3061162613004,389.60775884324113
prefill,steady,256,65536,128,flashmla_dense_bf16_multiquery,flashmla_sparse_bf16,496.52838134765625,21.532127380371094,23.05988500701034,2149597184,67108864,32.031494140625,603.9264965237272,423.16478041798257,602.9091457371716,434.0420559008847
prefill,steady,256,65536,256,flashmla_dense_bf16_multiquery,flashmla_sparse_bf16,1005.173583984375,41.52201461791992,24.20820842229957,4303388672,134217728,32.062744140625,598.1891962608765,443.49496120388443,596.2225127741956,450.1635540613944
prefill,steady,256,65536,512,flashmla_dense_bf16_multiquery,flashmla_sparse_bf16,2024.7796630859375,81.4505615234375,24.85900189286362,8623554560,268435456,32.125244140625,594.7876417320742,442.49574625540765,593.126612311726,458.9703820964682
prefill,steady,256,131072,2,flashmla_dense_bf16_multiquery,flashmla_sparse_bf16,15.26915168762207,0.4564160108566284,33.45446111534087,67109632,1048576,64.000732421875,603.4945973902794,281.54847260092,612.0808792818723,319.94690061359677
prefill,steady,256,131072,4,flashmla_dense_bf16_multiquery,flashmla_sparse_bf16,28.527904510498047,0.8997439742088318,31.706691379159693,134220288,2097152,64.001220703125,655.1172572813808,283.01340358429525,655.2200208449755,324.60098038979805
prefill,steady,256,131072,8,flashmla_dense_bf16_multiquery,flashmla_sparse_bf16,58.80080032348633,1.7842880487442017,32.954768914621646,268444672,4194304,64.002197265625,625.7518245780976,329.7739390993025,635.7852035302271,327.3661742380138
prefill,steady,256,131072,16,flashmla_dense_bf16_multiquery,flashmla_sparse_bf16,119.9865951538086,3.5100479125976562,34.18374852467782,536905728,8388608,64.004150390625,616.8489555750693,333.97254062716956,623.1666063058428,332.82483134181365
prefill,steady,256,131072,32,flashmla_dense_bf16_multiquery,flashmla_sparse_bf16,246.00572204589844,6.742847919464111,36.483949361481336,1073876992,16777216,64.008056640625,603.867203084281,346.6494228388856,607.922466884674,346.50969989690805
prefill,steady,256,131072,64,flashmla_dense_bf16_multiquery,flashmla_sparse_bf16,490.58197021484375,13.086432456970215,37.487831143280424,2148016128,33554432,64.015869140625,609.8322300157437,357.0916650215706,609.768267510498,357.0816136034893
prefill,steady,256,131072,128,flashmla_dense_bf16_multiquery,flashmla_sparse_bf16,994.43115234375,24.80352020263672,40.09233948324955,4297080832,67108864,64.031494140625,603.0564429153873,377.11887759665586,601.7798854925517,376.79525969473065
prefill,steady,256,131072,256,flashmla_dense_bf16_multiquery,flashmla_sparse_bf16,2002.651611328125,47.976158142089844,41.74264236408675,8598355968,134217728,64.062744140625,598.4785370421125,391.41448289787246,597.9279864526355,389.60388651449006
prefill,steady,256,131072,512,flashmla_dense_bf16_multiquery,flashmla_sparse_bf16,4040.694580078125,93.8788833618164,43.041570536208646,17213489152,268435456,64.125244140625,595.5172459234644,385.95512660966955,593.2691287985886,398.2087771571114
prefill,steady,256,262144,2,flashmla_dense_bf16_multiquery,flashmla_sparse_bf16,30.4946231842041,0.4627839922904968,65.89385910535589,134218496,1048576,128.000732421875,614.3349824514855,324.63402101522763,612.9541104356442,315.5443803085033
prefill,steady,256,262144,4,flashmla_dense_bf16_multiquery,flashmla_sparse_bf16,57.90675354003906,0.898688018321991,64.43476752717943,268438016,2097152,128.001220703125,665.7202363157995,329.5950981841097,645.5853518774002,324.9823856262414
prefill,steady,256,262144,8,flashmla_dense_bf16_multiquery,flashmla_sparse_bf16,117.51292419433594,1.782655954360962,65.92013669651776,536880128,4194304,128.002197265625,615.1027834706646,329.844404805944,636.2540517002622,327.665891349961
prefill,steady,256,262144,16,flashmla_dense_bf16_multiquery,flashmla_sparse_bf16,245.3396453857422,3.54531192779541,69.20114516927777,1073776640,8388608,128.004150390625,599.1827402133714,330.4408239609097,609.5159620771603,329.51433563659486
prefill,steady,256,262144,32,flashmla_dense_bf16_multiquery,flashmla_sparse_bf16,493.5901794433594,7.0313920974731445,70.19807352526107,2147618816,16777216,128.008056640625,607.1618608307676,332.5622587931332,605.9399057102692,332.2901321153246
prefill,steady,256,262144,64,flashmla_dense_bf16_multiquery,flashmla_sparse_bf16,989.2269287109375,13.785632133483887,71.75782141380421,4295499776,33554432,128.015869140625,608.7266389586907,339.11684721922813,604.7232070242871,338.9706306392687
