B,Q,kind,H,role,backend,status,skip_reason,figure2_hardware_tflops,effective_e2e_tflops,figure2_latency_us,latency_ms_median
1,1,decode,2048,dense,flashmla_dense_bf16,ok,,28.11639116719235,8.207086527059587,10.144000000000029,0.034752000123262405
1,1,decode,4096,dense,flashmla_dense_bf16,ok,,52.81569437886011,13.412936127633666,10.800299999999947,0.042527999728918076
1,1,decode,8192,dense,flashmla_dense_bf16,ok,,91.50817248459926,25.890765285846847,12.467200000000048,0.044064000248909
1,1,decode,16384,dense,flashmla_dense_bf16,ok,,153.30511684158162,37.059858975445174,14.883400000000028,0.0615679994225502
1,1,decode,32768,dense,flashmla_dense_bf16,ok,,194.97388409413355,66.54518650868525,23.405199999999923,0.06857600063085556
1,1,decode,65536,dense,flashmla_dense_bf16,ok,,255.92881690338297,112.3326786422475,35.66150000000003,0.08124800026416779
1,1,decode,131072,dense,flashmla_dense_bf16,ok,,300.0955349357182,171.65975232435125,60.82600000000002,0.10633599758148193
1,1,decode,262144,dense,flashmla_dense_bf16,ok,,325.68690298234515,236.543779332127,112.09299999999996,0.15433600544929504
1,1,decode,524288,dense,flashmla_dense_bf16,ok,,343.7484712433607,284.2533045636486,212.40659999999997,0.2568640112876892
1,1,decode,2048,sparse,flashmla_sparse_fp8,ok,,16.158076526507845,8.789837937627846,17.651399999999967,0.03244800120592117
1,1,decode,4096,sparse,flashmla_sparse_fp8,ok,,16.47770939973423,8.561859664327823,17.309000000000015,0.03331200033426285
1,1,decode,8192,sparse,flashmla_sparse_fp8,ok,,16.356751276022198,8.7553010045566,17.437000000000058,0.032575998455286026
1,1,decode,16384,sparse,flashmla_sparse_fp8,ok,,16.37797868430724,8.661706212459702,17.4144,0.03292800113558769
1,1,decode,32768,sparse,flashmla_sparse_fp8,ok,,16.530139039416706,8.594885411767672,17.25410000000001,0.0331839993596077
1,1,decode,65536,sparse,flashmla_sparse_fp8,ok,,16.49009435707677,8.687033031349243,17.296000000000014,0.03283200040459633
1,1,decode,131072,sparse,flashmla_sparse_fp8,ok,,16.609557175801918,8.670132060642691,17.17159999999999,0.032896000891923904
1,1,decode,262144,sparse,flashmla_sparse_fp8,ok,,16.42315216076928,8.763910019456176,17.36650000000002,0.03254399821162224
1,1,decode,524288,sparse,flashmla_sparse_fp8,ok,,16.50803787650778,8.69550825001859,17.277199999999986,0.03280000016093254
2,1,decode,2048,dense,flashmla_dense_bf16,ok,,53.74019916152428,15.83107695038545,10.61450000000001,0.036031998693943024
2,1,decode,4096,dense,flashmla_dense_bf16,ok,,93.59674198047429,30.549771055979082,12.188999999999988,0.03734400123357773
2,1,decode,8192,dense,flashmla_dense_bf16,ok,,146.08217884284082,52.934793879405085,15.619300000000113,0.04310400038957596
2,1,decode,16384,dense,flashmla_dense_bf16,ok,,197.18796460176995,81.8635686365076,23.1424,0.055743999779224396
2,1,decode,32768,dense,flashmla_dense_bf16,ok,,255.911594189082,132.7805699846595,35.6639,0.0687360018491745
2,1,decode,65536,dense,flashmla_dense_bf16,ok,,298.3362018282349,195.0172169143109,61.1847,0.09359999746084213
2,1,decode,131072,dense,flashmla_dense_bf16,ok,,325.4633325844699,253.24099188742076,112.17000000000003,0.14416000247001648
2,1,decode,262144,dense,flashmla_dense_bf16,ok,,344.70237784370414,300.6194150680199,211.8188,0.24288000166416168
2,1,decode,524288,dense,flashmla_dense_bf16,ok,,350.9313535364118,330.2267048095644,416.11810000000014,0.4422079920768738
2,1,decode,2048,sparse,flashmla_sparse_fp8,ok,,30.79285620202326,16.864514411059837,18.5246,0.033824000507593155
2,1,decode,4096,sparse,flashmla_sparse_fp8,ok,,30.807823889044965,16.848574295321114,18.51559999999997,0.03385600075125694
2,1,decode,8192,sparse,flashmla_sparse_fp8,ok,,30.8079902784155,16.78511402514032,18.51549999999993,0.033984001725912094
2,1,decode,16384,sparse,flashmla_sparse_fp8,ok,,30.85665298085608,16.737833486797175,18.48630000000001,0.03407999873161316
2,1,decode,32768,sparse,flashmla_sparse_fp8,ok,,30.88304832029453,16.690816741853038,18.470499999999998,0.03417599946260452
2,1,decode,65536,sparse,flashmla_sparse_fp8,ok,,30.841137567854,16.690816741853038,18.495599999999985,0.03417599946260452
2,1,decode,131072,sparse,flashmla_sparse_fp8,ok,,30.829469588057883,16.769325418689625,18.502600000000008,0.034015998244285583
2,1,decode,262144,sparse,flashmla_sparse_fp8,ok,,30.814147948875817,16.976945367240667,18.511800000000022,0.03359999880194664
2,1,decode,524288,sparse,flashmla_sparse_fp8,ok,,30.931613155112142,17.025588389979173,18.441499999999984,0.033504001796245575
4,1,decode,2048,dense,flashmla_dense_bf16,ok,,90.48410079074901,33.53865083737925,12.608299999999991,0.034015998244285583
4,1,decode,4096,dense,flashmla_dense_bf16,ok,,149.07527104281417,57.317657192486216,15.305699999999996,0.0398080013692379
4,1,decode,8192,dense,flashmla_dense_bf16,ok,,205.33484903843564,95.26141411759168,22.224199999999996,0.04790399968624115
4,1,decode,16384,dense,flashmla_dense_bf16,ok,,254.3568067465768,144.55787531048315,35.88190000000002,0.06313599646091461
4,1,decode,32768,dense,flashmla_dense_bf16,ok,,297.8236418339043,210.5667640638695,61.290000000000035,0.08668799698352814
4,1,decode,65536,dense,flashmla_dense_bf16,ok,,326.62750908560605,264.3305700380124,111.77019999999997,0.13811199367046356
4,1,decode,131072,dense,flashmla_dense_bf16,ok,,340.12221495943555,305.3668830433046,214.67120000000006,0.2391040027141571
4,1,decode,262144,dense,flashmla_dense_bf16,ok,,351.48706919218745,330.92115125914944,415.4602,0.4412800073623657
4,1,decode,524288,dense,flashmla_dense_bf16,ok,,361.88626396363026,350.9904901858591,807.0429999999999,0.8320959806442261
4,1,decode,2048,sparse,flashmla_sparse_fp8,ok,,66.68794538004232,34.95253446563525,17.10730000000003,0.0326399989426136
4,1,decode,4096,sparse,flashmla_sparse_fp8,ok,,66.90107712516424,34.88413368046747,17.05279999999999,0.03270399942994118
4,1,decode,8192,sparse,flashmla_sparse_fp8,ok,,67.24374704554424,34.546110471512954,16.965900000000016,0.03302399814128876
4,1,decode,16384,sparse,flashmla_sparse_fp8,ok,,67.3278776254522,34.57961420587464,16.9447,0.03299200162291527
4,1,decode,32768,sparse,flashmla_sparse_fp8,ok,,67.26515656967662,34.41272678640144,16.960499999999996,0.03315199911594391
4,1,decode,65536,sparse,flashmla_sparse_fp8,ok,,67.68819531875765,34.24743865731129,16.85449999999999,0.03331200033426285
4,1,decode,131072,sparse,flashmla_sparse_fp8,ok,,67.59835562218181,34.31336300686254,16.876899999999996,0.03324799984693527
4,1,decode,262144,sparse,flashmla_sparse_fp8,ok,,67.3306591123701,35.0212040182264,16.944000000000017,0.032575998455286026
4,1,decode,524288,sparse,flashmla_sparse_fp8,ok,,67.10096976826262,34.95253446563525,17.00199999999999,0.0326399989426136
8,1,decode,2048,dense,flashmla_dense_bf16,ok,,136.12832913718424,60.78701616033154,16.761400000000002,0.03753599897027016
8,1,decode,4096,dense,flashmla_dense_bf16,ok,,197.78707593087822,99.30803402284617,23.072299999999995,0.045951999723911285
8,1,decode,8192,dense,flashmla_dense_bf16,ok,,258.55778803305486,155.00688351695425,35.2989,0.058880001306533813
8,1,decode,16384,dense,flashmla_dense_bf16,ok,,301.52269410503476,217.96918799838946,60.538099999999986,0.08374399691820145
8,1,decode,32768,dense,flashmla_dense_bf16,ok,,325.9998358357429,269.51351840055736,111.9854,0.13545599579811096
8,1,decode,65536,dense,flashmla_dense_bf16,ok,,338.2196122639186,306.227530223398,215.87879999999996,0.23843200504779816
8,1,decode,131072,dense,flashmla_dense_bf16,ok,,350.5972853388572,331.5944445870242,416.5146000000001,0.44038400053977966
8,1,decode,262144,dense,flashmla_dense_bf16,ok,,362.1955274576089,350.1958911014492,806.3539000000001,0.8339840173721313
8,1,decode,524288,dense,flashmla_dense_bf16,ok,,366.9673773091912,363.6539619572204,1591.7369999999999,1.6062400341033936
8,1,decode,2048,sparse,flashmla_sparse_fp8,ok,,116.96833834008298,65.71720575784684,19.507000000000012,0.03471999987959862
8,1,decode,4096,sparse,flashmla_sparse_fp8,ok,,116.54653154625706,65.29593842977138,19.577599999999983,0.03494400158524513
8,1,decode,8192,sparse,flashmla_sparse_fp8,ok,,115.97900596744846,64.29501484399218,19.673399999999997,0.03548799827694893
8,1,decode,16384,sparse,flashmla_sparse_fp8,ok,,115.16938859360886,64.52775197093635,19.811699999999995,0.035360001027584076
8,1,decode,32768,sparse,flashmla_sparse_fp8,ok,,115.994335563373,64.70341869355256,19.67080000000002,0.03526400029659271
8,1,decode,65536,sparse,flashmla_sparse_fp8,ok,,115.69261772326482,64.29501484399218,19.722099999999994,0.03548799827694893
8,1,decode,131072,sparse,flashmla_sparse_fp8,ok,,115.45085238369917,64.35303651935725,19.763399999999997,0.03545600175857544
8,1,decode,262144,sparse,flashmla_sparse_fp8,ok,,114.89334347132063,64.52775197093635,19.85930000000002,0.035360001027584076
8,1,decode,524288,sparse,flashmla_sparse_fp8,ok,,114.39507946535106,63.60674898566404,19.94580000000001,0.03587200120091438
16,1,decode,2048,dense,flashmla_dense_bf16,ok,,190.54907999181543,100.21527415192705,23.948700000000052,0.04553600028157234
16,1,decode,4096,dense,flashmla_dense_bf16,ok,,254.10752828040125,156.28091247982744,35.917100000000005,0.058400001376867294
16,1,decode,8192,dense,flashmla_dense_bf16,ok,,296.4923529526421,219.05734860885482,61.565200000000004,0.0833280012011528
16,1,decode,16384,dense,flashmla_dense_bf16,ok,,323.3285627390166,273.58529114377575,112.91059999999997,0.13344000279903412
16,1,decode,32768,dense,flashmla_dense_bf16,ok,,337.6577846261989,306.14535395749607,216.23799999999997,0.23849600553512573
16,1,decode,65536,dense,flashmla_dense_bf16,ok,,348.15784181025333,331.0411871973987,419.4330000000001,0.4411199986934662
16,1,decode,131072,dense,flashmla_dense_bf16,ok,,361.6579431405388,351.04447863733236,807.5525000000001,0.8319680094718933
16,1,decode,262144,dense,flashmla_dense_bf16,ok,,365.6446826162211,363.50914230550774,1597.495,1.6068799495697021
16,1,decode,524288,dense,flashmla_dense_bf16,ok,,366.51935310334994,372.2757700772774,3187.3653999999997,3.138079881668091
16,1,decode,2048,sparse,flashmla_sparse_fp8,ok,,149.92206422786936,101.78896524348376,30.438499999999994,0.04483199864625931
16,1,decode,4096,sparse,flashmla_sparse_fp8,ok,,148.25195579148445,99.51593798457168,30.7814,0.04585599899291992
16,1,decode,8192,sparse,flashmla_sparse_fp8,ok,,148.02593556590676,97.20950001759918,30.828400000000006,0.04694399982690811
16,1,decode,16384,sparse,flashmla_sparse_fp8,ok,,147.0168412371135,97.80955544956433,31.039999999999985,0.04665600135922432
16,1,decode,32768,sparse,flashmla_sparse_fp8,ok,,146.4003937030609,97.60872073061134,31.1707,0.046751998364925385
16,1,decode,65536,sparse,flashmla_sparse_fp8,ok,,146.24837762914586,97.54195638938386,31.20309999999999,0.04678399860858917
16,1,decode,131072,sparse,flashmla_sparse_fp8,ok,,144.74677899437938,96.81353163649707,31.52680000000001,0.04713600128889084
16,1,decode,262144,sparse,flashmla_sparse_fp8,ok,,147.167612180004,96.7478503164992,31.0082,0.047168001532554626
16,1,decode,524288,sparse,flashmla_sparse_fp8,ok,,147.135820267033,97.7425161782403,31.01489999999999,0.04668800160288811
32,1,decode,2048,dense,flashmla_dense_bf16,ok,,231.88375595156438,156.96900099504347,39.35939999999999,0.05814399942755699
32,1,decode,4096,dense,flashmla_dense_bf16,ok,,265.78000110659093,217.8027345012752,68.6794,0.08380799740552902
32,1,decode,8192,dense,flashmla_dense_bf16,ok,,321.58408302803565,272.99610169284426,113.52310000000003,0.1337279975414276
32,1,decode,16384,dense,flashmla_dense_bf16,ok,,337.16927135510156,309.089869638751,216.5513,0.2362239956855774
32,1,decode,32768,dense,flashmla_dense_bf16,ok,,347.21710153900875,330.9691641291323,420.56940000000003,0.44121599197387695
32,1,decode,65536,dense,flashmla_dense_bf16,ok,,358.0594907611341,349.2711865157851,815.6683000000002,0.8361920118331909
32,1,decode,131072,dense,flashmla_dense_bf16,ok,,367.1983444742993,362.9958928594971,1590.7358,1.6091519594192505
32,1,decode,262144,dense,flashmla_dense_bf16,ok,,369.03802968380484,371.9950369381507,3165.6117000000004,3.1404480934143066
32,1,decode,524288,dense,flashmla_dense_bf16,ok,,371.9618249434805,378.311217287226,6281.457,6.176032066345215
32,1,decode,2048,sparse,flashmla_sparse_fp8,ok,,175.13121216714868,129.40683738710513,52.114099999999986,0.07052800059318542
32,1,decode,4096,sparse,flashmla_sparse_fp8,ok,,180.02334424108298,137.9838823790421,50.6979,0.06614399701356888
32,1,decode,8192,sparse,flashmla_sparse_fp8,ok,,179.74148940276584,136.92398852465462,50.777399999999986,0.06665600091218948
32,1,decode,16384,sparse,flashmla_sparse_fp8,ok,,177.6794207920696,137.18743254824292,51.366699999999994,0.06652799993753433
32,1,decode,32768,sparse,flashmla_sparse_fp8,ok,,176.96181297140092,136.7270685422564,51.57499999999999,0.06675200164318085
32,1,decode,65536,sparse,flashmla_sparse_fp8,ok,,176.55820246107297,136.92398852465462,51.69290000000001,0.06665600091218948
32,1,decode,131072,sparse,flashmla_sparse_fp8,ok,,177.70190739132624,136.26978391746326,51.360200000000034,0.06697600334882736
32,1,decode,262144,sparse,flashmla_sparse_fp8,ok,,176.83289553326122,137.25345202745015,51.61260000000001,0.06649599969387054
32,1,decode,524288,sparse,flashmla_sparse_fp8,ok,,177.8463030680944,136.79264557188787,51.31849999999999,0.06672000139951706
64,1,decode,2048,dense,flashmla_dense_bf16,ok,,256.33385911869493,197.72108417320226,71.2103,0.09232000261545181
64,1,decode,4096,dense,flashmla_dense_bf16,ok,,281.9131864946282,266.6161789255304,129.49809999999997,0.1369280070066452
64,1,decode,8192,dense,flashmla_dense_bf16,ok,,297.2926235607065,303.37738435190516,245.59789999999992,0.2406720072031021
64,1,decode,16384,dense,flashmla_dense_bf16,ok,,342.26737293552236,324.1283325726617,426.65149999999994,0.45052799582481384
64,1,decode,32768,dense,flashmla_dense_bf16,ok,,354.71942340833226,345.03272864347224,823.3487000000001,0.8464639782905579
64,1,decode,65536,dense,flashmla_dense_bf16,ok,,365.68307087470436,361.47195029979076,1597.3272999999995,1.615936040878296
64,1,decode,131072,dense,flashmla_dense_bf16,ok,,366.71476999431417,370.63170142513343,3185.6669000000006,3.1519999504089355
64,1,decode,262144,dense,flashmla_dense_bf16,ok,,369.69241062669977,377.53074305166695,6320.0167,6.188799858093262
64,1,decode,524288,dense,flashmla_dense_bf16,ok,,382.3608262262955,381.6012710015,12221.242600000001,12.24556827545166
64,1,decode,2048,sparse,flashmla_sparse_fp8,ok,,222.61098478251859,201.7776167885754,81.99779999999998,0.09046400338411331
64,1,decode,4096,sparse,flashmla_sparse_fp8,ok,,212.58153373147113,192.58114445062853,85.86640000000004,0.09478399902582169
64,1,decode,8192,sparse,flashmla_sparse_fp8,ok,,231.66715327874257,191.61079205506704,78.79240000000001,0.0952640026807785
64,1,decode,16384,sparse,flashmla_sparse_fp8,ok,,230.72250531504767,192.45119666935526,79.11500000000002,0.09484799951314926
64,1,decode,32768,sparse,flashmla_sparse_fp8,ok,,229.50730453303555,192.32142413929003,79.53390000000002,0.09491200000047684
64,1,decode,65536,sparse,flashmla_sparse_fp8,ok,,229.97921157303634,191.4178938226321,79.37070000000001,0.09536000341176987
64,1,decode,131072,sparse,flashmla_sparse_fp8,ok,,229.4995135321349,191.03327507807154,79.53659999999999,0.095551997423172
64,1,decode,262144,sparse,flashmla_sparse_fp8,ok,,229.27668419710625,191.4178938226321,79.61390000000002,0.09536000341176987
64,1,decode,524288,sparse,flashmla_sparse_fp8,ok,,228.6995771210355,190.2051818900732,79.8147999999999,0.09596800059080124
128,1,decode,2048,dense,flashmla_dense_bf16,ok,,291.44899746210115,256.0257415065198,125.26110000000003,0.14259199798107147
128,1,decode,4096,dense,flashmla_dense_bf16,ok,,354.9382020832209,327.83066164040827,205.71030000000002,0.22271999716758728
128,1,decode,8192,dense,flashmla_dense_bf16,ok,,365.3813327675213,349.09752081523067,399.6616,0.4183039963245392
128,1,decode,16384,dense,flashmla_dense_bf16,ok,,348.6570538266555,337.99228430320494,837.6649,0.8640959858894348
128,1,decode,32768,dense,flashmla_dense_bf16,ok,,359.3976458056686,354.69387402673595,1625.2625999999998,1.6468160152435303
128,1,decode,65536,dense,flashmla_dense_bf16,ok,,362.4248425941657,366.62673070067154,3223.374799999999,3.186431884765625
128,1,decode,131072,dense,flashmla_dense_bf16,ok,,368.475569914919,374.92911764352414,6340.887700000001,6.231743812561035
128,1,decode,262144,dense,flashmla_dense_bf16,ok,,380.936406072875,379.5324123173459,12266.941000000003,12.3123197555542
128,1,decode,524288,dense,flashmla_dense_bf16,ok,,383.2385854070063,382.6131074070398,24386.502800000006,24.426368713378906
128,1,decode,2048,sparse,flashmla_sparse_fp8,ok,,303.3426064355736,289.62952527723337,120.3498,0.1260479986667633
128,1,decode,4096,sparse,flashmla_sparse_fp8,ok,,317.34565505874957,277.3767856904592,115.03929999999998,0.1316159963607788
128,1,decode,8192,sparse,flashmla_sparse_fp8,ok,,316.0065198378212,277.17459879871046,115.52680000000001,0.13171200454235077
128,1,decode,16384,sparse,flashmla_sparse_fp8,ok,,316.273715974814,278.3920660418097,115.4292,0.1311360001564026
128,1,decode,32768,sparse,flashmla_sparse_fp8,ok,,315.4285049140951,275.9677647580842,115.73850000000002,0.13228799402713776
128,1,decode,65536,sparse,flashmla_sparse_fp8,ok,,313.417020723498,276.03452149889864,116.48130000000003,0.13225600123405457
128,1,decode,131072,sparse,flashmla_sparse_fp8,ok,,312.6354408443769,276.2350479354404,116.77250000000001,0.1321599930524826
128,1,decode,262144,sparse,flashmla_sparse_fp8,ok,,314.14492912055124,274.90378453476563,116.21139999999991,0.13279999792575836
128,1,decode,524288,sparse,flashmla_sparse_fp8,ok,,314.20522248644676,274.90378453476563,116.18909999999997,0.13279999792575836
256,1,decode,2048,dense,flashmla_dense_bf16,ok,,296.3626210158274,277.98505700317577,246.36860000000007,0.26265600323677063
256,1,decode,4096,dense,flashmla_dense_bf16,ok,,354.31452262408743,338.90847714335257,412.14480000000003,0.43088001012802124
256,1,decode,8192,dense,flashmla_dense_bf16,ok,,345.2157959450133,334.5971118845664,846.0151,0.8728640079498291
256,1,decode,16384,dense,flashmla_dense_bf16,ok,,358.5256757676118,351.09174159229127,1629.2154,1.6637120246887207
256,1,decode,32768,dense,flashmla_dense_bf16,ok,,361.0275718618733,363.60687212233455,3235.8501000000006,3.2128961086273193
256,1,decode,65536,dense,flashmla_dense_bf16,ok,,364.5833935818241,372.61962488571976,6408.581,6.2703680992126465
256,1,decode,131072,dense,flashmla_dense_bf16,ok,,379.59202125509256,378.77930755016666,12310.386299999998,12.336799621582031
256,1,decode,262144,dense,flashmla_dense_bf16,ok,,382.45021096181904,381.74192236507486,24436.7726,24.482112884521484
256,1,decode,524288,dense,flashmla_dense_bf16,skipped_memory_limit,skipped_memory_limit: estimated live tensors 144.0 GiB exceed current free GPU memory 78.6 GiB,,,,
256,1,decode,2048,sparse,flashmla_sparse_fp8,ok,,339.20133438635276,315.7190291473624,215.25400000000008,0.23126399517059326
256,1,decode,4096,sparse,flashmla_sparse_fp8,ok,,322.5417091240485,301.97213320200194,226.37209999999996,0.2417919933795929
256,1,decode,8192,sparse,flashmla_sparse_fp8,ok,,320.44047034866236,301.57301287714733,227.85650000000004,0.24211199581623077
256,1,decode,16384,sparse,flashmla_sparse_fp8,ok,,321.1672164225619,299.98702653841326,227.3409,0.2433920055627823
256,1,decode,32768,sparse,flashmla_sparse_fp8,ok,,318.19189464963756,298.0278669677671,229.46670000000003,0.24499200284481049
256,1,decode,65536,sparse,flashmla_sparse_fp8,ok,,316.9996923193146,297.9111388005114,230.32969999999992,0.24508799612522125
256,1,decode,131072,sparse,flashmla_sparse_fp8,ok,,319.4568209658726,297.75563134350176,228.55809999999997,0.2452159970998764
256,1,decode,262144,sparse,flashmla_sparse_fp8,ok,,319.0818380547376,297.32881272025304,228.8266999999999,0.24556800723075867
256,1,decode,524288,sparse,flashmla_sparse_fp8,skipped_memory_limit,skipped_memory_limit: estimated live tensors 84.8 GiB exceed current free GPU memory 78.7 GiB,,,,
1,2,prefill,2048,dense,flashmla_dense_bf16_multiquery,ok,,54.399481712254904,15.552613738797309,10.496100000000023,0.03670400008559227
1,2,prefill,4096,dense,flashmla_dense_bf16_multiquery,ok,,95.37163636363685,30.071367193692417,11.967999999999938,0.0379519984126091
1,2,prefill,8192,dense,flashmla_dense_bf16_multiquery,ok,,155.58483812692174,53.86421941619654,14.668899999999985,0.042367998510599136
1,2,prefill,16384,dense,flashmla_dense_bf16_multiquery,ok,,250.78769173283496,81.26461195262381,18.198500000000013,0.05615999922156334
1,2,prefill,32768,dense,flashmla_dense_bf16_multiquery,ok,,354.5432939714114,148.86519959519447,25.74399999999996,0.0613120011985302
1,2,prefill,65536,dense,flashmla_dense_bf16_multiquery,ok,,463.434319414862,250.4119275087824,39.38889999999988,0.07289600372314453
1,2,prefill,131072,dense,flashmla_dense_bf16_multiquery,ok,,542.7495792282701,363.10113451009755,67.26450000000004,0.10054399818181992
1,2,prefill,262144,dense,flashmla_dense_bf16_multiquery,ok,,597.370156675181,470.0688814253732,122.22739999999999,0.15532800555229187
1,2,prefill,524288,dense,flashmla_dense_bf16_multiquery,ok,,633.4561605288033,552.8062608062302,230.5281,0.26416000723838806
1,2,prefill,2048,sparse,flashmla_sparse_bf16,ok,,10.366167959351307,8.353229806828947,55.02760000000001,0.06828799843788147
1,2,prefill,4096,sparse,flashmla_sparse_bf16,ok,,10.368560953487144,8.400467116765487,55.01490000000001,0.06790400296449661
1,2,prefill,8192,sparse,flashmla_sparse_bf16,ok,,10.364397478060217,8.384662709344813,55.03699999999999,0.06803199648857117
1,2,prefill,16384,sparse,flashmla_sparse_bf16,ok,,10.352904074732168,8.396510201699371,55.09809999999995,0.0679360032081604
1,2,prefill,32768,sparse,flashmla_sparse_bf16,ok,,10.355384942152941,8.384662709344813,55.08489999999995,0.06803199648857117
1,2,prefill,65536,sparse,flashmla_sparse_bf16,ok,,10.356513002256767,8.400467116765487,55.078899999999976,0.06790400296449661
1,2,prefill,131072,sparse,flashmla_sparse_bf16,ok,,10.361385283272492,8.400467116765487,55.052999999999955,0.06790400296449661
1,2,prefill,262144,sparse,flashmla_sparse_bf16,ok,,10.356625821784629,8.396510201699371,55.07829999999997,0.0679360032081604
1,2,prefill,524288,sparse,flashmla_sparse_bf16,ok,,10.358318409712853,8.400467116765487,55.0693,0.06790400296449661
2,2,prefill,2048,dense,flashmla_dense_bf16_multiquery,ok,,96.11122987451304,32.671881301713,11.881699999999984,0.03494400158524513
2,2,prefill,4096,dense,flashmla_dense_bf16_multiquery,ok,,157.72489449611012,59.540298424977884,14.473399999999998,0.038336001336574554
2,2,prefill,8192,dense,flashmla_dense_bf16_multiquery,ok,,237.50269860761335,102.4658386696774,19.218800000000005,0.044544000178575516
2,2,prefill,16384,dense,flashmla_dense_bf16_multiquery,ok,,352.64036840580246,160.78849118797805,25.88450000000002,0.05676800012588501
2,2,prefill,32768,dense,flashmla_dense_bf16_multiquery,ok,,468.46266279675535,268.70062602987065,38.96729999999999,0.0679360032081604
2,2,prefill,65536,dense,flashmla_dense_bf16_multiquery,ok,,547.836780835793,382.33137956102155,66.64090000000002,0.09548799693584442
2,2,prefill,131072,dense,flashmla_dense_bf16_multiquery,ok,,598.6746539413915,486.09449151374605,121.96200000000002,0.1502079963684082
2,2,prefill,262144,dense,flashmla_dense_bf16_multiquery,ok,,629.9544894275667,563.943250106904,231.8104,0.25894400477409363
2,2,prefill,524288,dense,flashmla_dense_bf16_multiquery,ok,,650.4217763623811,613.4035477577252,449.03000000000003,0.4761280119419098
2,2,prefill,2048,sparse,flashmla_sparse_bf16,ok,,20.60989961069109,16.582131529881035,55.35450000000001,0.06880000233650208
2,2,prefill,4096,sparse,flashmla_sparse_bf16,ok,,20.600484075421,16.753564653789883,55.3798,0.06809599697589874
2,2,prefill,8192,sparse,flashmla_sparse_bf16,ok,,20.609192216256844,16.706459613657895,55.35639999999999,0.06828799843788147
2,2,prefill,16384,sparse,flashmla_sparse_bf16,ok,,20.60654922466969,16.706459613657895,55.36349999999999,0.06828799843788147
2,2,prefill,32768,sparse,flashmla_sparse_bf16,ok,,20.591002810200475,16.667407283342797,55.405299999999976,0.06844799965620041
2,2,prefill,65536,sparse,flashmla_sparse_bf16,ok,,20.57588803520543,16.745695375768534,55.445999999999984,0.06812799721956253
2,2,prefill,131072,sparse,flashmla_sparse_bf16,ok,,20.608671009324787,16.690816741853038,55.35780000000001,0.06835199892520905
2,2,prefill,262144,sparse,flashmla_sparse_bf16,ok,,20.76475041726048,16.81678429159762,54.94169999999999,0.06784000247716904
2,2,prefill,524288,sparse,flashmla_sparse_bf16,ok,,20.786429076386,16.737833486797175,54.88440000000001,0.06815999746322632
4,2,prefill,2048,dense,flashmla_dense_bf16_multiquery,ok,,154.55244050156656,60.26637575290378,14.7777,0.03788800165057182
4,2,prefill,4096,dense,flashmla_dense_bf16_multiquery,ok,,239.71726072278017,101.75361164751993,19.045900000000007,0.044863998889923096
4,2,prefill,8192,dense,flashmla_dense_bf16_multiquery,ok,,335.2343116503499,162.8224336074619,27.231800000000003,0.056063998490571976
4,2,prefill,16384,dense,flashmla_dense_bf16_multiquery,ok,,464.1259993186521,277.6046494592116,39.33380000000001,0.06576000154018402
4,2,prefill,32768,dense,flashmla_dense_bf16_multiquery,ok,,541.1019948897622,399.61571894277165,67.47240000000002,0.09136000275611877
4,2,prefill,65536,dense,flashmla_dense_bf16_multiquery,ok,,593.8540563251755,494.63551175248466,122.95390000000002,0.14761599898338318
4,2,prefill,131072,dense,flashmla_dense_bf16_multiquery,ok,,625.534069941225,570.0043715709671,233.45030000000006,0.25619199872016907
4,2,prefill,262144,dense,flashmla_dense_bf16_multiquery,ok,,646.838218583742,615.4320884184488,451.5194,0.4745599925518036
4,2,prefill,524288,dense,flashmla_dense_bf16_multiquery,ok,,658.2993633477598,640.1649523854034,887.3133000000001,0.912447988986969
4,2,prefill,2048,sparse,flashmla_sparse_bf16,ok,,41.47198231848182,33.42858410051491,55.01789999999998,0.06825599819421768
4,2,prefill,4096,sparse,flashmla_sparse_bf16,ok,,41.52307682228635,33.63356858319524,54.95020000000001,0.06784000247716904
4,2,prefill,8192,sparse,flashmla_sparse_bf16,ok,,41.49332557429043,33.63356858319524,54.98959999999998,0.06784000247716904
4,2,prefill,16384,sparse,flashmla_sparse_bf16,ok,,41.127594712195325,33.522882662566175,55.47860000000001,0.06806399673223495
4,2,prefill,32768,sparse,flashmla_sparse_bf16,ok,,41.13204313480892,33.61771105215447,55.472599999999986,0.06787200272083282
4,2,prefill,65536,sparse,flashmla_sparse_bf16,ok,,41.20461393158272,33.681231063807665,55.374900000000004,0.06774400174617767
4,2,prefill,131072,sparse,flashmla_sparse_bf16,ok,,41.1259638649767,33.66532856780178,55.48080000000002,0.06777600198984146
4,2,prefill,262144,sparse,flashmla_sparse_bf16,ok,,41.10610756004585,33.47566697359435,55.50759999999998,0.06815999746322632
4,2,prefill,524288,sparse,flashmla_sparse_bf16,ok,,41.248488249331125,32.42526995608974,55.315999999999995,0.07036799937486649
8,2,prefill,2048,dense,flashmla_dense_bf16_multiquery,ok,,222.44911952625844,100.7133293684514,20.534399999999994,0.045343998819589615
8,2,prefill,4096,dense,flashmla_dense_bf16_multiquery,ok,,329.65439636094504,173.8678325587197,27.699500000000008,0.05251200124621391
8,2,prefill,8192,dense,flashmla_dense_bf16_multiquery,ok,,441.65513523189367,279.80863787259267,41.340099999999985,0.06524799764156342
8,2,prefill,16384,dense,flashmla_dense_bf16_multiquery,ok,,539.3962535622005,394.38478104609067,67.68990000000001,0.09257599711418152
8,2,prefill,32768,dense,flashmla_dense_bf16_multiquery,ok,,591.2021167653905,494.6468328017714,123.50920000000005,0.14761599898338318
8,2,prefill,65536,dense,flashmla_dense_bf16_multiquery,ok,,620.3243407351714,567.6709724952426,235.41450000000003,0.25724801421165466
8,2,prefill,131072,dense,flashmla_dense_bf16_multiquery,ok,,644.4633802713098,614.5653392823739,453.18670000000003,0.47523200511932373
8,2,prefill,262144,dense,flashmla_dense_bf16_multiquery,ok,,655.9408776235472,636.2396656465,890.5071000000002,0.9180799722671509
8,2,prefill,524288,dense,flashmla_dense_bf16_multiquery,ok,,660.6324636401664,647.5915744962067,1768.3593,1.8039679527282715
8,2,prefill,2048,sparse,flashmla_sparse_bf16,ok,,81.91514734629473,66.82583845463158,55.708900000000014,0.06828799843788147
8,2,prefill,4096,sparse,flashmla_sparse_bf16,ok,,82.31810174579068,67.39429718128446,55.436199999999985,0.06771200150251389
8,2,prefill,8192,sparse,flashmla_sparse_bf16,ok,,81.69035147201505,67.01425861515953,55.86220000000001,0.06809599697589874
8,2,prefill,16384,sparse,flashmla_sparse_bf16,ok,,80.78549126450089,66.60734969698711,56.48790000000001,0.06851200014352798
8,2,prefill,32768,sparse,flashmla_sparse_bf16,ok,,80.01603952930947,65.92988442454312,57.031099999999995,0.06921599805355072
8,2,prefill,65536,sparse,flashmla_sparse_bf16,ok,,80.28279907673254,66.23610294968051,56.84159999999999,0.06889600306749344
8,2,prefill,131072,sparse,flashmla_sparse_bf16,ok,,80.01688135296025,65.71720575784684,57.0305,0.06943999975919724
8,2,prefill,262144,sparse,flashmla_sparse_bf16,ok,,79.76052546763195,64.968719475174,57.21379999999999,0.07023999840021133
8,2,prefill,524288,sparse,flashmla_sparse_bf16,ok,,76.54635404470595,64.41116978384056,59.61620000000001,0.0708480030298233
16,2,prefill,2048,dense,flashmla_dense_bf16_multiquery,ok,,299.10319967783875,167.99385844199028,30.54369999999999,0.054368000477552414
16,2,prefill,4096,dense,flashmla_dense_bf16_multiquery,ok,,441.5087528980586,292.3331203956088,41.36389999999999,0.062463998794555664
16,2,prefill,8192,dense,flashmla_dense_bf16_multiquery,ok,,533.3945114147114,402.0646939452107,68.45990000000002,0.09081599861383438
16,2,prefill,16384,dense,flashmla_dense_bf16_multiquery,ok,,581.6012887348004,485.8229088614768,125.55570000000003,0.15030400454998016
16,2,prefill,32768,dense,flashmla_dense_bf16_multiquery,ok,,615.8627140201545,561.8135617843794,237.12720000000004,0.25993600487709045
16,2,prefill,65536,dense,flashmla_dense_bf16_multiquery,ok,,638.8390854525592,609.6870046612954,457.1834999999999,0.4790399968624115
16,2,prefill,131072,dense,flashmla_dense_bf16_multiquery,ok,,650.3817118140269,632.758596289756,898.1256000000001,0.9231359958648682
16,2,prefill,262144,dense,flashmla_dense_bf16_multiquery,ok,,657.3701757552494,634.9891314708857,1777.1417999999999,1.8397760391235352
16,2,prefill,524288,dense,flashmla_dense_bf16_multiquery,ok,,656.0859659638105,596.5493044778361,3561.227100000001,3.916640043258667
16,2,prefill,2048,sparse,flashmla_sparse_bf16,ok,,156.8187723304416,130.95163682662047,58.199699999999986,0.06969600170850754
16,2,prefill,4096,sparse,flashmla_sparse_bf16,ok,,151.50638946620546,126.59240185069623,60.24039999999998,0.07209599763154984
16,2,prefill,8192,sparse,flashmla_sparse_bf16,ok,,149.55062584182394,125.75514415530161,61.028200000000005,0.07257600128650665
16,2,prefill,16384,sparse,flashmla_sparse_bf16,ok,,148.00865179034773,124.05944611269803,61.66399999999999,0.07356800138950348
16,2,prefill,32768,sparse,flashmla_sparse_bf16,ok,,146.6174692324869,123.30855262025833,62.2491,0.07401599735021591
16,2,prefill,65536,sparse,flashmla_sparse_bf16,ok,,146.57178997406393,123.41526789224736,62.2685,0.07395199686288834
16,2,prefill,131072,sparse,flashmla_sparse_bf16,ok,,146.46147668152662,108.81826751830997,62.315399999999975,0.0838719978928566
16,2,prefill,262144,sparse,flashmla_sparse_bf16,ok,,132.5645698349988,115.33064104451,68.84800000000003,0.07913599908351898
16,2,prefill,524288,sparse,flashmla_sparse_bf16,ok,,118.55195840266441,116.1289345765606,76.9857,0.07859200239181519
32,2,prefill,2048,dense,flashmla_dense_bf16_multiquery,ok,,338.95876789735934,275.2377758034038,53.904600000000016,0.0663679987192154
32,2,prefill,4096,dense,flashmla_dense_bf16_multiquery,ok,,514.1223026455622,396.4114156689789,71.04350000000001,0.09212800115346909
32,2,prefill,8192,dense,flashmla_dense_bf16_multiquery,ok,,577.242126884989,491.94203195419686,126.51930000000002,0.14844800531864166
32,2,prefill,16384,dense,flashmla_dense_bf16_multiquery,ok,,595.2955465592327,544.0243921616621,245.33479999999994,0.26844799518585205
32,2,prefill,32768,dense,flashmla_dense_bf16_multiquery,ok,,625.5757007043832,597.0968880022389,466.8908999999999,0.4891520142555237
32,2,prefill,65536,dense,flashmla_dense_bf16_multiquery,ok,,640.365611369507,625.3735605423658,912.1873000000002,0.9340479969978333
32,2,prefill,131072,dense,flashmla_dense_bf16_multiquery,ok,,650.7582365647198,640.7771794258259,1795.2118999999998,1.8231680393218994
32,2,prefill,262144,dense,flashmla_dense_bf16_multiquery,ok,,650.0497438551205,586.9550787553641,3594.3095999999996,3.9806718826293945
32,2,prefill,524288,dense,flashmla_dense_bf16_multiquery,ok,,623.5507894520109,616.4279259846181,7494.084400000002,7.580671787261963
32,2,prefill,2048,sparse,flashmla_sparse_bf16,ok,,252.16906778068807,236.98602390151714,72.38640000000001,0.07702399790287018
32,2,prefill,4096,sparse,flashmla_sparse_bf16,ok,,261.07729946436115,227.08014965759898,69.91649999999998,0.08038400113582611
32,2,prefill,8192,sparse,flashmla_sparse_bf16,ok,,261.8642048362847,226.00054197603208,69.70640000000002,0.08076799660921097
32,2,prefill,16384,sparse,flashmla_sparse_bf16,ok,,250.0436429288633,217.55353038480368,73.0017,0.08390399813652039
32,2,prefill,32768,sparse,flashmla_sparse_bf16,ok,,253.37316646863513,217.38771087984162,72.0424,0.08396799862384796
32,2,prefill,65536,sparse,flashmla_sparse_bf16,ok,,254.10080736565592,216.97426590725706,71.83610000000002,0.0841279998421669
32,2,prefill,131072,sparse,flashmla_sparse_bf16,ok,,246.7751317180535,215.9066327375692,73.96859999999995,0.08454400300979614
32,2,prefill,262144,sparse,flashmla_sparse_bf16,ok,,211.30043881602552,215.9883852062138,86.38700000000001,0.08451200276613235
32,2,prefill,524288,sparse,flashmla_sparse_bf16,ok,,221.59378795788004,214.20403284787898,82.3742,0.08521600067615509
64,2,prefill,2048,dense,flashmla_dense_bf16_multiquery,ok,,459.2290183777697,419.89197484676856,79.57440000000001,0.08700799942016602
64,2,prefill,4096,dense,flashmla_dense_bf16_multiquery,ok,,517.0242347520517,511.4355469256372,141.2895,0.14281600713729858
64,2,prefill,8192,dense,flashmla_dense_bf16_multiquery,ok,,618.7379495697224,575.3483268557555,236.06849999999994,0.25385600328445435
64,2,prefill,16384,dense,flashmla_dense_bf16_multiquery,ok,,607.7347539347082,572.9124706767512,480.62649999999996,0.5098239779472351
64,2,prefill,32768,dense,flashmla_dense_bf16_multiquery,ok,,629.1095760263597,610.3533121710193,928.5364999999999,0.9570559859275818
64,2,prefill,65536,dense,flashmla_dense_bf16_multiquery,ok,,644.6740402611855,631.0704495597514,1812.1821000000004,1.8512320518493652
64,2,prefill,131072,dense,flashmla_dense_bf16_multiquery,ok,,653.4837795075186,586.8735143539428,3575.4489000000003,3.981247901916504
64,2,prefill,262144,dense,flashmla_dense_bf16_multiquery,ok,,619.4687213785905,618.3743740387855,7543.496399999999,7.5568318367004395
64,2,prefill,524288,dense,flashmla_dense_bf16_multiquery,ok,,587.6272594160698,616.4890792255521,15904.443399999998,15.159839630126953
64,2,prefill,2048,sparse,flashmla_sparse_bf16,ok,,305.702885565807,316.37567751258223,119.42059999999996,0.11539199948310852
64,2,prefill,4096,sparse,flashmla_sparse_bf16,ok,,332.3739369870848,300.77792901649275,109.83779999999993,0.12137600034475327
64,2,prefill,8192,sparse,flashmla_sparse_bf16,ok,,332.67984865605706,295.4041085371254,109.73679999999999,0.12358400225639343
64,2,prefill,16384,sparse,flashmla_sparse_bf16,ok,,312.09235778029114,282.109463712222,116.9757,0.12940800189971924
64,2,prefill,32768,sparse,flashmla_sparse_bf16,ok,,309.981659644636,280.1696321458112,117.7722,0.1303039938211441
64,2,prefill,65536,sparse,flashmla_sparse_bf16,ok,,313.0670818572783,277.91735360193275,116.61149999999998,0.1313599944114685
64,2,prefill,131072,sparse,flashmla_sparse_bf16,ok,,269.1949420239308,284.359606282847,135.61629999999997,0.12838399410247803
64,2,prefill,262144,sparse,flashmla_sparse_bf16,ok,,265.1160471392012,279.41480614549135,137.70280000000002,0.13065600395202637
64,2,prefill,524288,sparse,flashmla_sparse_bf16,ok,,307.70494165719856,281.4135791478341,118.64359999999999,0.12972800433635712
128,2,prefill,2048,dense,flashmla_dense_bf16_multiquery,ok,,483.920875756398,474.02376685384576,151.0283,0.15414400398731232
128,2,prefill,4096,dense,flashmla_dense_bf16_multiquery,ok,,525.055052478483,553.6107156936924,278.2569,0.2638719975948334
128,2,prefill,8192,dense,flashmla_dense_bf16_multiquery,ok,,539.0727566831634,558.9661704898394,541.9102999999999,0.5225920081138611
128,2,prefill,16384,dense,flashmla_dense_bf16_multiquery,ok,,619.0551359567648,599.241159827203,943.675,0.9748479723930359
128,2,prefill,32768,dense,flashmla_dense_bf16_multiquery,ok,,636.8947509906384,625.2379354331707,1834.3727999999999,1.8685439825057983
128,2,prefill,65536,dense,flashmla_dense_bf16_multiquery,ok,,638.6438150145591,588.3319499326583,3658.5863,3.971424102783203
128,2,prefill,131072,dense,flashmla_dense_bf16_multiquery,ok,,610.5421827568046,578.7606031513238,7653.8458,8.074111938476562
128,2,prefill,262144,dense,flashmla_dense_bf16_multiquery,ok,,609.0715299211195,615.146913139029,15344.536199999999,15.192959785461426
128,2,prefill,524288,dense,flashmla_dense_bf16_multiquery,ok,,616.0736476487293,609.4705750395934,30340.153400000003,30.668832778930664
128,2,prefill,2048,sparse,flashmla_sparse_bf16,ok,,313.65303876972666,342.0328949522343,232.78730000000002,0.21347199380397797
128,2,prefill,4096,sparse,flashmla_sparse_bf16,ok,,292.82591707366777,324.1513618578013,249.34419999999994,0.22524799406528473
128,2,prefill,8192,sparse,flashmla_sparse_bf16,ok,,295.5190130160492,324.2434902759769,247.0719,0.22518399357795715
128,2,prefill,16384,sparse,flashmla_sparse_bf16,ok,,320.9462790871456,302.9745619193864,227.49740000000003,0.2409919947385788
128,2,prefill,32768,sparse,flashmla_sparse_bf16,ok,,317.90373093771336,303.7004294074486,229.6746999999999,0.2404160052537918
128,2,prefill,65536,sparse,flashmla_sparse_bf16,ok,,274.8279335258756,304.6330184791117,265.6733,0.23968000710010529
128,2,prefill,131072,sparse,flashmla_sparse_bf16,ok,,276.27945637445487,305.53044448199483,264.27750000000003,0.23897600173950195
128,2,prefill,262144,sparse,flashmla_sparse_bf16,ok,,319.4332014962267,300.6986511520146,228.57499999999996,0.2428160011768341
128,2,prefill,524288,sparse,flashmla_sparse_bf16,ok,,320.4974366681884,303.6196036630223,227.81599999999997,0.24048000574111938
256,2,prefill,2048,dense,flashmla_dense_bf16_multiquery,ok,,479.4636517326053,498.38974601229273,304.86459999999994,0.2932159900665283
256,2,prefill,4096,dense,flashmla_dense_bf16_multiquery,ok,,519.1004233523113,538.0169839389524,562.8976,0.5430399775505066
256,2,prefill,8192,dense,flashmla_dense_bf16_multiquery,ok,,548.0487425840919,585.1962635651039,1066.0696999999998,0.9983360171318054
256,2,prefill,16384,dense,flashmla_dense_bf16_multiquery,ok,,626.8610481369727,584.3186163368006,1863.8479999999995,1.9994879961013794
256,2,prefill,32768,dense,flashmla_dense_bf16_multiquery,ok,,633.390592642942,574.2874843908064,3689.0424999999996,4.068640232086182
256,2,prefill,65536,dense,flashmla_dense_bf16_multiquery,ok,,610.9745277068594,581.2412874828915,7648.546400000001,8.03974437713623
256,2,prefill,131072,dense,flashmla_dense_bf16_multiquery,ok,,603.4945973902794,612.0808792818723,15486.454199999998,15.26915168762207
256,2,prefill,262144,dense,flashmla_dense_bf16_multiquery,ok,,614.3349824514855,612.9541104356442,30426.136900000005,30.4946231842041
256,2,prefill,524288,dense,flashmla_dense_bf16_multiquery,skipped_memory_limit,skipped_memory_limit: estimated live tensors 144.2 GiB exceed current free GPU memory 78.6 GiB,,,,
256,2,prefill,2048,sparse,flashmla_sparse_bf16,ok,,317.08483851306204,358.5044107461774,460.5357,0.4073280096054077
256,2,prefill,4096,sparse,flashmla_sparse_bf16,ok,,299.52124654952104,338.73238610475994,487.5409999999999,0.43110400438308716
256,2,prefill,8192,sparse,flashmla_sparse_bf16,ok,,352.40264043121687,342.21243517698656,414.3808,0.42671999335289
256,2,prefill,16384,sparse,flashmla_sparse_bf16,ok,,327.205247656576,318.27331795066806,446.29139999999995,0.4588159918785095
256,2,prefill,32768,sparse,flashmla_sparse_bf16,ok,,322.737599634362,318.51767888300964,452.46940000000006,0.45846399664878845
256,2,prefill,65536,sparse,flashmla_sparse_bf16,ok,,281.5662787039561,320.5086935593594,518.6306000000002,0.4556159973144531
256,2,prefill,131072,sparse,flashmla_sparse_bf16,ok,,281.54847260092,319.94690061359677,518.6634,0.4564160108566284
256,2,prefill,262144,sparse,flashmla_sparse_bf16,ok,,324.63402101522763,315.5443803085033,449.8262000000001,0.4627839922904968
256,2,prefill,524288,sparse,flashmla_sparse_bf16,skipped_memory_limit,skipped_memory_limit: estimated live tensors 144.1 GiB exceed current free GPU memory 78.6 GiB,,,,
1,4,prefill,2048,dense,flashmla_dense_bf16_multiquery,ok,,96.02396754059522,33.23566391034477,11.904100000000005,0.03436800092458725
1,4,prefill,4096,dense,flashmla_dense_bf16_multiquery,ok,,151.92166879523214,59.704340477093496,15.03359999999999,0.03824000060558319
1,4,prefill,8192,dense,flashmla_dense_bf16_multiquery,ok,,250.0345550930997,104.50538649828083,18.259999999999998,0.04368000105023384
1,4,prefill,16384,dense,flashmla_dense_bf16_multiquery,ok,,374.1913344017838,137.8049283636883,24.396700000000003,0.06623999774456024
1,4,prefill,32768,dense,flashmla_dense_bf16_multiquery,ok,,498.77570556237055,273.3439616112005,36.601300000000016,0.06678400188684464
1,4,prefill,65536,dense,flashmla_dense_bf16_multiquery,ok,,588.4094050222653,412.32170609704264,62.047699999999985,0.08854400366544724
1,4,prefill,131072,dense,flashmla_dense_bf16_multiquery,ok,,646.9771115966762,533.1179671346991,112.85819999999998,0.1369599997997284
1,4,prefill,262144,dense,flashmla_dense_bf16_multiquery,ok,,689.6597928911226,634.6052351859237,211.7437,0.2301120012998581
1,4,prefill,524288,dense,flashmla_dense_bf16_multiquery,ok,,706.8622571041398,698.8934325890012,413.1781000000001,0.41788798570632935
1,4,prefill,2048,sparse,flashmla_sparse_bf16,ok,,20.418201746065268,16.83266428390089,55.874199999999995,0.06777600198984146
1,4,prefill,4096,sparse,flashmla_sparse_bf16,ok,,20.45272020925101,16.824720540672168,55.779899999999984,0.06780800223350525
1,4,prefill,8192,sparse,flashmla_sparse_bf16,ok,,20.680847645047734,16.864514411059837,55.16459999999999,0.06764800101518631
1,4,prefill,16384,sparse,flashmla_sparse_bf16,ok,,20.658116624083515,16.824720540672168,55.22530000000004,0.06780800223350525
1,4,prefill,32768,sparse,flashmla_sparse_bf16,ok,,20.64361290602761,16.83266428390089,55.264099999999985,0.06777600198984146
1,4,prefill,65536,sparse,flashmla_sparse_bf16,ok,,20.667697251977817,16.793020403398742,55.19970000000001,0.0679360032081604
1,4,prefill,131072,sparse,flashmla_sparse_bf16,ok,,20.722808208105295,16.722131834414693,55.0529,0.0682239979505539
1,4,prefill,262144,sparse,flashmla_sparse_bf16,ok,,20.728945610739043,16.761441331283088,55.036599999999986,0.06806399673223495
1,4,prefill,524288,sparse,flashmla_sparse_bf16,ok,,20.78218815351321,16.824720540672168,54.895600000000016,0.06780800223350525
2,4,prefill,2048,dense,flashmla_dense_bf16_multiquery,ok,,158.30254222148352,60.96516728457674,14.441700000000008,0.03747199848294258
2,4,prefill,4096,dense,flashmla_dense_bf16_multiquery,ok,,259.53745454545464,105.07612529612078,17.599999999999994,0.043455999344587326
2,4,prefill,8192,dense,flashmla_dense_bf16_multiquery,ok,,374.82500808656323,157.3633312785528,24.361399999999996,0.05801599845290184
2,4,prefill,16384,dense,flashmla_dense_bf16_multiquery,ok,,514.8527172493917,275.6098567273766,35.4627,0.06623999774456024
2,4,prefill,32768,dense,flashmla_dense_bf16_multiquery,ok,,619.1379348095192,409.0848719466998,58.97180000000001,0.08924800157546997
2,4,prefill,65536,dense,flashmla_dense_bf16_multiquery,ok,,679.9350083340317,540.4520147798181,107.39099999999999,0.1351040005683899
2,4,prefill,131072,dense,flashmla_dense_bf16_multiquery,ok,,723.3563227810166,638.875780772102,201.88300000000004,0.22857600450515747
2,4,prefill,262144,dense,flashmla_dense_bf16_multiquery,ok,,739.888818851998,702.5550432824881,394.738,0.41571199893951416
2,4,prefill,524288,dense,flashmla_dense_bf16_multiquery,ok,,748.2659025127857,730.5278224123459,780.6316,0.7995839715003967
2,4,prefill,2048,sparse,flashmla_sparse_bf16,ok,,41.49355194556032,33.41291922731579,54.9893,0.06828799843788147
2,4,prefill,4096,sparse,flashmla_sparse_bf16,ok,,41.55181136432343,33.41291922731579,54.912199999999984,0.06828799843788147
2,4,prefill,8192,sparse,flashmla_sparse_bf16,ok,,41.54220355430776,33.42858410051491,54.92490000000005,0.06825599819421768
2,4,prefill,16384,sparse,flashmla_sparse_bf16,ok,,41.55665477964078,33.381633483706075,54.905799999999985,0.06835199892520905
2,4,prefill,32768,sparse,flashmla_sparse_bf16,ok,,41.57066162846415,33.19514249616488,54.8873,0.0687360018491745
2,4,prefill,65536,sparse,flashmla_sparse_bf16,ok,,41.52065888552847,33.42858410051491,54.9534,0.06825599819421768
2,4,prefill,131072,sparse,flashmla_sparse_bf16,ok,,41.62944174217019,33.381633483706075,54.80980000000002,0.06835199892520905
2,4,prefill,262144,sparse,flashmla_sparse_bf16,ok,,41.6484385449979,33.649441081344335,54.78479999999998,0.06780800223350525
2,4,prefill,524288,sparse,flashmla_sparse_bf16,ok,,41.30396740143764,32.64796921488569,55.24170000000006,0.06988800317049026
4,4,prefill,2048,dense,flashmla_dense_bf16_multiquery,ok,,253.02231489474755,101.26270449948927,18.070799999999984,0.0451200008392334
4,4,prefill,4096,dense,flashmla_dense_bf16_multiquery,ok,,365.343976197522,169.87306801518977,25.00580000000001,0.05375999957323074
4,4,prefill,8192,dense,flashmla_dense_bf16_multiquery,ok,,482.4973290356672,280.5307056813814,37.849999999999994,0.06508799642324448
4,4,prefill,16384,dense,flashmla_dense_bf16_multiquery,ok,,613.3990289396414,424.64636408439435,59.5308,0.0859839990735054
4,4,prefill,32768,dense,flashmla_dense_bf16_multiquery,ok,,674.7308816835896,536.6593541339536,108.2259,0.13606399297714233
4,4,prefill,65536,dense,flashmla_dense_bf16_multiquery,ok,,720.8863271907668,641.2219852004928,202.58089999999999,0.227743998169899
4,4,prefill,131072,dense,flashmla_dense_bf16_multiquery,ok,,739.6891103217267,702.7240113739899,394.85060000000004,0.4156160056591034
4,4,prefill,262144,dense,flashmla_dense_bf16_multiquery,ok,,747.8914533095084,720.9805179038144,781.0283999999999,0.8101760149002075
4,4,prefill,524288,dense,flashmla_dense_bf16_multiquery,ok,,750.3949152998753,724.02268984994,1556.8336000000004,1.61353600025177
4,4,prefill,2048,sparse,flashmla_sparse_bf16,ok,,82.13467876169909,65.9909028315469,55.55999999999999,0.06915199756622314
4,4,prefill,4096,sparse,flashmla_sparse_bf16,ok,,82.2077720651551,66.17463046347206,55.510600000000025,0.06896000355482101
4,4,prefill,8192,sparse,flashmla_sparse_bf16,ok,,82.21265945200001,66.73202514422671,55.5073,0.06838399916887283
4,4,prefill,16384,sparse,flashmla_sparse_bf16,ok,,81.66608359520964,66.48313924329364,55.87879999999999,0.06864000111818314
4,4,prefill,32768,sparse,flashmla_sparse_bf16,ok,,80.08526848923692,65.71720575784684,56.9818,0.06943999975919724
4,4,prefill,65536,sparse,flashmla_sparse_bf16,ok,,80.23706354397433,65.96037951637213,56.874000000000045,0.06918399780988693
4,4,prefill,131072,sparse,flashmla_sparse_bf16,ok,,80.28110423835561,65.53599885065417,56.8428,0.06963200122117996
4,4,prefill,262144,sparse,flashmla_sparse_bf16,ok,,80.20575630709959,63.52175045932324,56.89620000000001,0.07184000313282013
4,4,prefill,524288,sparse,flashmla_sparse_bf16,ok,,80.26740692141946,62.93306903278365,56.8525,0.07251200079917908
8,4,prefill,2048,dense,flashmla_dense_bf16_multiquery,ok,,334.1542139477101,172.54430632838606,27.366499999999974,0.052960000932216644
8,4,prefill,4096,dense,flashmla_dense_bf16_multiquery,ok,,491.75458881030045,299.77600848943166,37.1556,0.06092799827456474
8,4,prefill,8192,dense,flashmla_dense_bf16_multiquery,ok,,602.0688361666108,438.0801643840513,60.6659,0.08336000144481659
8,4,prefill,16384,dense,flashmla_dense_bf16_multiquery,ok,,666.1504289663815,531.327031978516,109.6333,0.13743999600410461
8,4,prefill,32768,dense,flashmla_dense_bf16_multiquery,ok,,716.1645173369164,639.2703237807057,203.92899999999995,0.22844800353050232
8,4,prefill,65536,dense,flashmla_dense_bf16_multiquery,ok,,738.4339895098723,698.5422815600375,395.5338000000001,0.41811200976371765
8,4,prefill,131072,dense,flashmla_dense_bf16_multiquery,ok,,745.2024868362739,726.5546444826939,783.8585999999999,0.8039680123329163
8,4,prefill,262144,dense,flashmla_dense_bf16_multiquery,ok,,749.4417625988284,709.0914124582481,1558.8255000000001,1.6475199460983276
8,4,prefill,524288,dense,flashmla_dense_bf16_multiquery,ok,,741.368397470524,614.0702081618566,3151.5776,3.804896116256714
8,4,prefill,2048,sparse,flashmla_sparse_bf16,ok,,161.46465028810212,130.53210895799873,56.525099999999995,0.06992000341415405
8,4,prefill,4096,sparse,flashmla_sparse_bf16,ok,,158.55691378121213,129.8782684444893,57.561700000000016,0.07027199864387512
8,4,prefill,8192,sparse,flashmla_sparse_bf16,ok,,154.04229129077945,127.61193253857435,59.248699999999985,0.07152000069618225
8,4,prefill,16384,sparse,flashmla_sparse_bf16,ok,,150.25081578696097,124.00550681356339,60.74380000000001,0.07360000163316727
8,4,prefill,32768,sparse,flashmla_sparse_bf16,ok,,147.4724665445109,123.25526416063896,61.888200000000005,0.0740479975938797
8,4,prefill,65536,sparse,flashmla_sparse_bf16,ok,,147.32915626553716,122.93649811515311,61.94839999999999,0.07423999905586243
8,4,prefill,131072,sparse,flashmla_sparse_bf16,ok,,146.51861187232208,121.93786146057522,62.29109999999999,0.0748480036854744
8,4,prefill,262144,sparse,flashmla_sparse_bf16,ok,,146.78772187098423,120.85282495533795,62.1769,0.07552000135183334
8,4,prefill,524288,sparse,flashmla_sparse_bf16,ok,,124.56265666541093,121.93786146057522,73.27080000000008,0.0748480036854744
16,4,prefill,2048,dense,flashmla_dense_bf16_multiquery,ok,,377.2817823105676,295.3059187398325,48.4764,0.06188800185918808
16,4,prefill,4096,dense,flashmla_dense_bf16_multiquery,ok,,492.83760699898437,440.07209907120415,74.14790000000002,0.08300799876451492
16,4,prefill,8192,dense,flashmla_dense_bf16_multiquery,ok,,651.214311327281,543.5574315273728,112.17519999999999,0.13436800241470337
16,4,prefill,16384,dense,flashmla_dense_bf16_multiquery,ok,,692.9754778374297,617.6047520496643,210.77879999999996,0.2364799976348877
16,4,prefill,32768,dense,flashmla_dense_bf16_multiquery,ok,,721.7354946976822,683.2985480880931,404.70980000000003,0.42745599150657654
16,4,prefill,65536,dense,flashmla_dense_bf16_multiquery,ok,,735.4942165205398,710.9482284712834,794.2295,0.8216320276260376
16,4,prefill,131072,dense,flashmla_dense_bf16_multiquery,ok,,742.4265985891523,679.5584450385275,1573.5788000000002,1.7191359996795654
16,4,prefill,262144,dense,flashmla_dense_bf16_multiquery,ok,,748.4889529009572,628.2223480016809,3121.6196999999997,3.7191998958587646
16,4,prefill,524288,dense,flashmla_dense_bf16_multiquery,ok,,699.2717126331137,660.6717063325609,6682.6099,7.073023796081543
16,4,prefill,2048,sparse,flashmla_sparse_bf16,ok,,248.90416573601743,248.98531137308595,73.3359,0.07331199944019318
16,4,prefill,4096,sparse,flashmla_sparse_bf16,ok,,274.6688225734612,239.47327855748512,66.4568,0.07622399926185608
16,4,prefill,8192,sparse,flashmla_sparse_bf16,ok,,269.6245796978144,229.54741633786637,67.70009999999999,0.07952000200748444
16,4,prefill,16384,sparse,flashmla_sparse_bf16,ok,,256.5175740627016,222.64846019055307,71.15929999999999,0.08198399841785431
16,4,prefill,32768,sparse,flashmla_sparse_bf16,ok,,252.18613883381798,215.9883852062138,72.38150000000002,0.08451200276613235
16,4,prefill,65536,sparse,flashmla_sparse_bf16,ok,,254.0615501787122,214.44561818326363,71.84720000000011,0.08511999994516373
16,4,prefill,131072,sparse,flashmla_sparse_bf16,ok,,253.08264401713134,211.50364628058014,72.1251,0.08630400151014328
16,4,prefill,262144,sparse,flashmla_sparse_bf16,ok,,227.10586275068462,213.80259795441964,80.3749,0.08537600189447403
16,4,prefill,524288,sparse,flashmla_sparse_bf16,ok,,216.19637179367223,215.49881590524063,84.4307,0.08470399677753448
32,4,prefill,2048,dense,flashmla_dense_bf16_multiquery,ok,,540.0208042471145,457.9965415064238,67.7354,0.07980799674987793
32,4,prefill,4096,dense,flashmla_dense_bf16_multiquery,ok,,635.6338070062072,555.6325373845508,114.98089999999998,0.13148799538612366
32,4,prefill,8192,dense,flashmla_dense_bf16_multiquery,ok,,679.4239052360679,635.9425022362348,215.03540000000007,0.22969600558280945
32,4,prefill,16384,dense,flashmla_dense_bf16_multiquery,ok,,711.4197421268822,669.7628837894023,410.6283,0.43612799048423767
32,4,prefill,32768,dense,flashmla_dense_bf16_multiquery,ok,,727.2114602540493,704.5543836729254,803.3246,0.8291199803352356
32,4,prefill,65536,dense,flashmla_dense_bf16_multiquery,ok,,732.8021773644816,720.3751857673657,1594.2944000000002,1.6217600107192993
32,4,prefill,131072,dense,flashmla_dense_bf16_multiquery,ok,,738.1582078578208,617.266490359855,3165.3559999999998,3.785248041152954
32,4,prefill,262144,dense,flashmla_dense_bf16_multiquery,ok,,672.4729142996741,634.5197699813923,6948.972399999999,7.3645758628845215
32,4,prefill,524288,dense,flashmla_dense_bf16_multiquery,ok,,625.3726532375496,658.9604232516089,14944.5616,14.182784080505371
32,4,prefill,2048,sparse,flashmla_sparse_bf16,ok,,365.8852171124239,370.4060751396738,99.77779999999998,0.09855999797582626
32,4,prefill,4096,sparse,flashmla_sparse_bf16,ok,,347.8146982756566,312.13426044602835,104.96170000000004,0.11695999652147293
32,4,prefill,8192,sparse,flashmla_sparse_bf16,ok,,345.99115400763304,309.9295464090476,105.51490000000001,0.11779200285673141
32,4,prefill,16384,sparse,flashmla_sparse_bf16,ok,,315.57083263964705,286.5739115140052,115.68629999999999,0.1273919939994812
32,4,prefill,32768,sparse,flashmla_sparse_bf16,ok,,315.8542341271382,286.3580995186822,115.58250000000014,0.12748800218105316
32,4,prefill,65536,sparse,flashmla_sparse_bf16,ok,,326.98998548093414,289.77665849280095,111.64629999999997,0.12598399817943573
32,4,prefill,131072,sparse,flashmla_sparse_bf16,ok,,306.19414753122163,278.3241642651293,119.22899999999993,0.13116799294948578
32,4,prefill,262144,sparse,flashmla_sparse_bf16,ok,,307.24838192928996,280.0320907723565,118.81989999999988,0.13036799430847168
32,4,prefill,524288,sparse,flashmla_sparse_bf16,ok,,266.8639023281282,281.62199996063543,136.8008999999999,0.12963199615478516
64,4,prefill,2048,dense,flashmla_dense_bf16_multiquery,ok,,580.9647005084043,523.3646474463093,125.92339999999999,0.13967999815940857
64,4,prefill,4096,dense,flashmla_dense_bf16_multiquery,ok,,642.4730913025935,618.4732448431814,227.51380000000003,0.23625600337982178
64,4,prefill,8192,dense,flashmla_dense_bf16_multiquery,ok,,698.4937045146016,655.2494568701499,418.3292999999999,0.4458560049533844
64,4,prefill,16384,dense,flashmla_dense_bf16_multiquery,ok,,717.763452784048,694.4500290086302,813.9982,0.8412479758262634
64,4,prefill,32768,dense,flashmla_dense_bf16_multiquery,ok,,728.4233007981478,706.8870054718532,1603.9763,1.6527680158615112
64,4,prefill,65536,dense,flashmla_dense_bf16_multiquery,ok,,712.5491383314663,617.4870811264922,3279.2191999999995,3.783967971801758
64,4,prefill,131072,dense,flashmla_dense_bf16_multiquery,ok,,663.1187542355516,663.5450572347032,7047.104300000001,7.042496204376221
64,4,prefill,262144,dense,flashmla_dense_bf16_multiquery,ok,,632.207534728272,659.1628426064383,14783.1067,14.178496360778809
64,4,prefill,524288,dense,flashmla_dense_bf16_multiquery,ok,,661.034184743043,652.7810993836392,28276.662099999998,28.63408088684082
64,4,prefill,2048,sparse,flashmla_sparse_bf16,ok,,377.1323469158485,403.19868691409494,193.60429999999997,0.18108800053596497
64,4,prefill,4096,sparse,flashmla_sparse_bf16,ok,,370.97404626198187,348.7240251025159,196.81820000000002,0.2093760073184967
64,4,prefill,8192,sparse,flashmla_sparse_bf16,ok,,358.14831780601526,337.7796273344141,203.8665,0.21615999937057495
64,4,prefill,16384,sparse,flashmla_sparse_bf16,ok,,327.9799802532223,310.05590432315785,222.61860000000001,0.23548799753189087
64,4,prefill,32768,sparse,flashmla_sparse_bf16,ok,,323.0939195664142,307.6313074176384,225.98519999999994,0.23734399676322937
64,4,prefill,65536,sparse,flashmla_sparse_bf16,ok,,329.56519555599294,314.97809351557675,221.5478,0.23180800676345825
64,4,prefill,131072,sparse,flashmla_sparse_bf16,ok,,275.0586042670855,302.532661093,265.45050000000003,0.24134400486946106
64,4,prefill,262144,sparse,flashmla_sparse_bf16,ok,,273.8903036204886,303.37738435190516,266.5828,0.2406720072031021
64,4,prefill,524288,sparse,flashmla_sparse_bf16,ok,,321.8893194533902,304.3485878499548,226.83089999999999,0.2399040013551712
128,4,prefill,2048,dense,flashmla_dense_bf16_multiquery,ok,,585.6117521552079,537.8426379345931,249.84829999999997,0.27184000611305237
128,4,prefill,4096,dense,flashmla_dense_bf16_multiquery,ok,,644.1792842310122,631.2556884685308,453.8223999999999,0.46294400095939636
128,4,prefill,8192,dense,flashmla_dense_bf16_multiquery,ok,,679.4599264826253,679.1587190422789,860.0959999999999,0.860319972038269
128,4,prefill,16384,dense,flashmla_dense_bf16_multiquery,ok,,721.9237471254738,627.8422426363428,1618.6146,1.8609919548034668
128,4,prefill,32768,dense,flashmla_dense_bf16_multiquery,ok,,731.142768160419,629.6294186728601,3196.0207,3.7111361026763916
128,4,prefill,65536,dense,flashmla_dense_bf16_multiquery,ok,,678.3989873102836,663.0605922516131,6888.585800000001,7.047776222229004
128,4,prefill,131072,dense,flashmla_dense_bf16_multiquery,ok,,637.0484802186606,674.3461027714413,14670.993400000001,13.859392166137695
128,4,prefill,262144,dense,flashmla_dense_bf16_multiquery,ok,,656.7658740395264,655.058732315892,28460.648800000006,28.534656524658203
128,4,prefill,524288,dense,flashmla_dense_bf16_multiquery,ok,,668.8856709663831,646.4553768401203,55889.4923,57.82854461669922
128,4,prefill,2048,sparse,flashmla_sparse_bf16,ok,,388.63537741006076,431.772437114056,375.7478,0.33820798993110657
128,4,prefill,4096,sparse,flashmla_sparse_bf16,ok,,345.8883855750441,388.47389348094794,422.18500000000006,0.37590399384498596
128,4,prefill,8192,sparse,flashmla_sparse_bf16,ok,,367.6587916741255,356.404471758035,397.18589999999995,0.4097279906272888
128,4,prefill,16384,sparse,flashmla_sparse_bf16,ok,,332.5902127677989,320.75650039385636,439.06550000000004,0.45526400208473206
128,4,prefill,32768,sparse,flashmla_sparse_bf16,ok,,328.5509854444708,322.3652748108292,444.4634,0.4529919922351837
128,4,prefill,65536,sparse,flashmla_sparse_bf16,ok,,334.1223805216815,330.8731746599966,437.0521,0.4413439929485321
128,4,prefill,131072,sparse,flashmla_sparse_bf16,ok,,286.2262595609569,316.8809634185792,510.18690000000004,0.46083199977874756
128,4,prefill,262144,sparse,flashmla_sparse_bf16,ok,,279.5378890603433,317.9628379834959,522.3938999999998,0.45926401019096375
128,4,prefill,524288,sparse,flashmla_sparse_bf16,ok,,327.60295929373785,318.6066323445023,445.7496000000002,0.4583359956741333
256,4,prefill,2048,dense,flashmla_dense_bf16_multiquery,ok,,597.6717180078331,561.8510891599534,489.61359999999996,0.5204480290412903
256,4,prefill,4096,dense,flashmla_dense_bf16_multiquery,ok,,653.6311918004712,654.8853282745589,894.5197000000001,0.8924800157546997
256,4,prefill,8192,dense,flashmla_dense_bf16_multiquery,ok,,713.588463580356,674.2432620223185,1637.9209999999998,1.7331839799880981
256,4,prefill,16384,dense,flashmla_dense_bf16_multiquery,ok,,699.0973198287286,687.3449125185979,3342.9289000000003,3.399775981903076
256,4,prefill,32768,dense,flashmla_dense_bf16_multiquery,ok,,691.7945458067375,640.6332099271275,6755.611,7.294784069061279
256,4,prefill,65536,dense,flashmla_dense_bf16_multiquery,ok,,658.2456875442819,672.0067648474119,14198.982899999999,13.907903671264648
256,4,prefill,131072,dense,flashmla_dense_bf16_multiquery,ok,,655.1172572813808,655.2200208449755,28532.706,28.527904510498047
256,4,prefill,262144,dense,flashmla_dense_bf16_multiquery,ok,,665.7202363157995,645.5853518774002,56155.669799999996,57.90675354003906
256,4,prefill,524288,dense,flashmla_dense_bf16_multiquery,skipped_memory_limit,skipped_memory_limit: estimated live tensors 144.3 GiB exceed current free GPU memory 78.6 GiB,,,,
256,4,prefill,2048,sparse,flashmla_sparse_bf16,ok,,418.5338508674835,464.96538886422104,697.8115999999999,0.6281279921531677
256,4,prefill,4096,sparse,flashmla_sparse_bf16,ok,,369.9691315856678,420.28022143648394,789.4112000000002,0.6949120163917542
256,4,prefill,8192,sparse,flashmla_sparse_bf16,ok,,373.1385426047584,369.5661456684977,782.7059999999999,0.7902719974517822
256,4,prefill,16384,sparse,flashmla_sparse_bf16,ok,,334.13736521654573,332.040795809594,874.0649999999998,0.879584014415741
256,4,prefill,32768,sparse,flashmla_sparse_bf16,ok,,328.1902049299699,329.74946046879865,889.9040000000001,0.8856959939002991
256,4,prefill,65536,sparse,flashmla_sparse_bf16,ok,,307.9801659178534,339.3242909423799,948.3006000000001,0.8607040047645569
256,4,prefill,131072,sparse,flashmla_sparse_bf16,ok,,283.01340358429525,324.60098038979805,1031.9574,0.8997439742088318
256,4,prefill,262144,sparse,flashmla_sparse_bf16,ok,,329.5950981841097,324.9823856262414,886.1108000000002,0.898688018321991
256,4,prefill,524288,sparse,flashmla_sparse_bf16,skipped_memory_limit,skipped_memory_limit: estimated live tensors 144.1 GiB exceed current free GPU memory 78.6 GiB,,,,
1,8,prefill,2048,dense,flashmla_dense_bf16_multiquery,ok,,155.84636390232626,60.86868951892064,14.697899999999994,0.037567999213933945
1,8,prefill,4096,dense,flashmla_dense_bf16_multiquery,ok,,251.65062209331126,103.75218603415239,18.1693,0.04403200000524521
1,8,prefill,8192,dense,flashmla_dense_bf16_multiquery,ok,,368.1382333978079,161.9576273026265,24.816000000000003,0.056384000927209854
1,8,prefill,16384,dense,flashmla_dense_bf16_multiquery,ok,,497.9977558839332,265.26359582136104,36.67189999999998,0.06883200258016586
1,8,prefill,32768,dense,flashmla_dense_bf16_multiquery,ok,,600.406697117677,409.10983860097406,60.819,0.08924800157546997
1,8,prefill,65536,dense,flashmla_dense_bf16_multiquery,ok,,664.2079754776446,530.1714578137505,109.94050000000001,0.1377280056476593
1,8,prefill,131072,dense,flashmla_dense_bf16_multiquery,ok,,709.6003067012176,643.4798975569,205.8029,0.2269439995288849
1,8,prefill,262144,dense,flashmla_dense_bf16_multiquery,ok,,728.4508565673555,708.2851366623202,400.94220000000007,0.4123519957065582
1,8,prefill,524288,dense,flashmla_dense_bf16_multiquery,ok,,750.6230066171826,734.8833330419565,778.1861999999999,0.7948480248451233
1,8,prefill,2048,sparse,flashmla_sparse_bf16,ok,,40.76133590343195,33.649441081344335,55.97709999999999,0.06780800223350525
1,8,prefill,4096,sparse,flashmla_sparse_bf16,ok,,41.248711957003174,33.55443017647068,55.31569999999999,0.06800000369548798
1,8,prefill,8192,sparse,flashmla_sparse_bf16,ok,,41.27266270648078,33.47566697359435,55.28359999999998,0.06815999746322632
1,8,prefill,16384,sparse,flashmla_sparse_bf16,ok,,41.375721059951886,33.53865083737925,55.14589999999998,0.06803199648857117
1,8,prefill,32768,sparse,flashmla_sparse_bf16,ok,,41.198885137209174,33.60186846706195,55.38259999999999,0.06790400296449661
1,8,prefill,65536,sparse,flashmla_sparse_bf16,ok,,41.2865534425043,33.50712930757977,55.265,0.06809599697589874
1,8,prefill,131072,sparse,flashmla_sparse_bf16,ok,,41.31047337642352,33.50712930757977,55.23299999999999,0.06809599697589874
1,8,prefill,262144,sparse,flashmla_sparse_bf16,ok,,41.46203466766973,33.586040806797484,55.031100000000016,0.0679360032081604
1,8,prefill,524288,sparse,flashmla_sparse_bf16,ok,,41.57763071243356,32.85860287892342,54.878099999999996,0.06943999975919724
2,8,prefill,2048,dense,flashmla_dense_bf16_multiquery,ok,,260.6228549323016,102.15846024125938,17.57800000000001,0.04476799815893173
2,8,prefill,4096,dense,flashmla_dense_bf16_multiquery,ok,,375.85361857437033,176.0333009366442,24.330299999999994,0.05190400034189224
2,8,prefill,8192,dense,flashmla_dense_bf16_multiquery,ok,,503.4202553547912,285.3693304456841,36.29459999999999,0.06400000303983688
2,8,prefill,16384,dense,flashmla_dense_bf16_multiquery,ok,,613.2314747756942,418.77578732313606,59.56160000000001,0.08720000088214874
2,8,prefill,32768,dense,flashmla_dense_bf16_multiquery,ok,,676.6413562425012,542.6907620106887,107.93350000000001,0.1345600038766861
2,8,prefill,65536,dense,flashmla_dense_bf16_multiquery,ok,,725.3400625480198,644.957063888019,201.34930000000003,0.22643199563026428
2,8,prefill,131072,dense,flashmla_dense_bf16_multiquery,ok,,748.728457313658,708.5172306040829,390.09549999999996,0.4122239947319031
2,8,prefill,262144,dense,flashmla_dense_bf16_multiquery,ok,,753.8724295761288,734.4756788100153,774.8438000000001,0.7952960133552551
2,8,prefill,524288,dense,flashmla_dense_bf16_multiquery,ok,,755.2814833412197,745.7670626899182,1546.7729000000002,1.5664960145950317
2,8,prefill,2048,sparse,flashmla_sparse_bf16,ok,,81.7929913374832,66.02145440926685,55.79210000000005,0.06911999732255936
2,8,prefill,4096,sparse,flashmla_sparse_bf16,ok,,81.78097164352164,66.20535243708896,55.80029999999999,0.06892800331115723
2,8,prefill,8192,sparse,flashmla_sparse_bf16,ok,,81.76499971331916,66.57625359217762,55.81120000000003,0.06854400038719177
2,8,prefill,16384,sparse,flashmla_sparse_bf16,ok,,81.80516121167794,66.5141484059015,55.7838,0.06860800087451935
2,8,prefill,32768,sparse,flashmla_sparse_bf16,ok,,80.63104616749213,65.89941751693294,56.59609999999999,0.06924799829721451
2,8,prefill,65536,sparse,flashmla_sparse_bf16,ok,,80.91153977223364,66.14394413213155,56.3999,0.0689919963479042
2,8,prefill,131072,sparse,flashmla_sparse_bf16,ok,,80.82841820188146,65.89941751693294,56.45789999999995,0.06924799829721451
2,8,prefill,262144,sparse,flashmla_sparse_bf16,ok,,80.35362249632428,65.71720575784684,56.7915,0.06943999975919724
2,8,prefill,524288,sparse,flashmla_sparse_bf16,ok,,79.99948726309495,64.26603985196078,57.04290000000002,0.07100799679756165
4,8,prefill,2048,dense,flashmla_dense_bf16_multiquery,ok,,353.5635158559269,176.77140682837003,25.914599999999997,0.0517439991235733
4,8,prefill,4096,dense,flashmla_dense_bf16_multiquery,ok,,492.4570150893402,292.39735831448564,37.138800000000025,0.06249599903821945
4,8,prefill,8192,dense,flashmla_dense_bf16_multiquery,ok,,602.6259098869714,243.74917090037076,60.63939999999998,0.14985600113868713
4,8,prefill,16384,dense,flashmla_dense_bf16_multiquery,ok,,669.2290236689641,531.8872399482376,109.15560000000002,0.13731199502944946
4,8,prefill,32768,dense,flashmla_dense_bf16_multiquery,ok,,714.8259856960943,640.8353416239128,204.3358,0.22790400683879852
4,8,prefill,65536,dense,flashmla_dense_bf16_multiquery,ok,,744.4888557680324,704.2771772844674,392.3409,0.41471999883651733
4,8,prefill,131072,dense,flashmla_dense_bf16_multiquery,ok,,752.0729165344336,733.8091908700063,776.7215,0.7960320115089417
4,8,prefill,262144,dense,flashmla_dense_bf16_multiquery,ok,,754.4393468176227,726.3653714118665,1548.5230999999999,1.6083519458770752
4,8,prefill,524288,dense,flashmla_dense_bf16_multiquery,ok,,754.1081294279888,654.2451760390235,3098.3592,3.5712640285491943
4,8,prefill,2048,sparse,flashmla_sparse_bf16,ok,,163.7529874119049,132.10406857760796,55.735199999999985,0.06908799707889557
4,8,prefill,4096,sparse,flashmla_sparse_bf16,ok,,164.34034687409965,133.33925826674238,55.536000000000016,0.06844799965620041
4,8,prefill,8192,sparse,flashmla_sparse_bf16,ok,,161.23702195392977,131.25295443599427,56.60490000000001,0.0695360004901886
4,8,prefill,16384,sparse,flashmla_sparse_bf16,ok,,156.1694047914417,128.47418192745133,58.44170000000001,0.07103999704122543
4,8,prefill,32768,sparse,flashmla_sparse_bf16,ok,,147.8734017277918,124.27567337206487,61.7204,0.07344000041484833
4,8,prefill,65536,sparse,flashmla_sparse_bf16,ok,,149.1473808200912,124.92890135596319,61.193199999999976,0.07305599749088287
4,8,prefill,131072,sparse,flashmla_sparse_bf16,ok,,148.14799701327794,122.14675017240684,61.605999999999995,0.07472000271081924
4,8,prefill,262144,sparse,flashmla_sparse_bf16,ok,,146.07680125481156,121.10941464742767,62.47950000000001,0.0753600001335144
4,8,prefill,524288,sparse,flashmla_sparse_bf16,ok,,146.99245299185213,120.44453529343444,62.09030000000003,0.07577600330114365
8,8,prefill,2048,dense,flashmla_dense_bf16_multiquery,ok,,433.7565785972967,299.7790924572871,42.24700000000002,0.06102399900555611
8,8,prefill,4096,dense,flashmla_dense_bf16_multiquery,ok,,569.8290784068444,436.9181386116018,64.19210000000001,0.08364800363779068
8,8,prefill,8192,dense,flashmla_dense_bf16_multiquery,ok,,639.7640307216651,540.7282667919197,114.23859999999999,0.1351040005683899
8,8,prefill,16384,dense,flashmla_dense_bf16_multiquery,ok,,686.9264629116616,631.2620943220102,212.68680000000003,0.2313919961452484
8,8,prefill,32768,dense,flashmla_dense_bf16_multiquery,ok,,736.0806894330904,699.8434889279578,396.871,0.41737601161003113
8,8,prefill,65536,dense,flashmla_dense_bf16_multiquery,ok,,744.2521160753665,722.9076804737662,784.9314000000002,0.8080639839172363
8,8,prefill,131072,dense,flashmla_dense_bf16_multiquery,ok,,751.9890256558201,731.1639010409355,1553.6162999999997,1.597823977470398
8,8,prefill,262144,dense,flashmla_dense_bf16_multiquery,ok,,738.1107782062155,637.591438373427,3165.5593999999996,3.6645760536193848
8,8,prefill,524288,dense,flashmla_dense_bf16_multiquery,ok,,724.4789492729391,640.7838095965201,6450.146999999999,7.292575836181641
8,8,prefill,2048,sparse,flashmla_sparse_bf16,ok,,305.7269503698147,260.3493222024005,59.70559999999998,0.07011199742555618
8,8,prefill,4096,sparse,flashmla_sparse_bf16,ok,,292.7895156856015,254.31356352005352,62.34379999999999,0.07177600264549255
8,8,prefill,8192,sparse,flashmla_sparse_bf16,ok,,275.07694614983535,241.91066050237012,66.35819999999998,0.07545600086450577
8,8,prefill,16384,sparse,flashmla_sparse_bf16,ok,,272.88794384852866,233.49379846945064,66.89049999999997,0.07817599922418594
8,8,prefill,32768,sparse,flashmla_sparse_bf16,ok,,256.99827680489733,219.14150497232063,71.02620000000002,0.08329600095748901
8,8,prefill,65536,sparse,flashmla_sparse_bf16,ok,,257.22861067660983,216.6446405127217,70.96260000000004,0.08425600081682205
8,8,prefill,131072,sparse,flashmla_sparse_bf16,ok,,244.06127210323154,216.80932792382322,74.7911,0.08419200032949448
8,8,prefill,262144,sparse,flashmla_sparse_bf16,ok,,236.86208799664698,215.7433133216592,77.0643,0.08460800349712372
8,8,prefill,524288,sparse,flashmla_sparse_bf16,ok,,225.49882217777636,216.72695293243206,80.94770000000005,0.08422400057315826
16,8,prefill,2048,dense,flashmla_dense_bf16_multiquery,ok,,490.970630736111,469.74424140523746,74.64770000000001,0.07788799703121185
16,8,prefill,4096,dense,flashmla_dense_bf16_multiquery,ok,,649.1965502100479,566.8010309612405,112.6886,0.1289599984884262
16,8,prefill,8192,dense,flashmla_dense_bf16_multiquery,ok,,689.3759949442189,649.5816433985834,212.03450000000004,0.22492800652980804
16,8,prefill,16384,dense,flashmla_dense_bf16_multiquery,ok,,711.9911443817223,699.671402837707,410.3989,0.4175359904766083
16,8,prefill,32768,dense,flashmla_dense_bf16_multiquery,ok,,733.8148312952803,716.3194634060752,796.1928999999999,0.8155519962310791
16,8,prefill,65536,dense,flashmla_dense_bf16_multiquery,ok,,740.3778095641297,683.9461412022162,1578.0777000000003,1.708191990852356
16,8,prefill,131072,dense,flashmla_dense_bf16_multiquery,ok,,741.5310230444429,643.8203243941934,3151.0546999999997,3.6291840076446533
16,8,prefill,262144,dense,flashmla_dense_bf16_multiquery,ok,,696.177820242344,635.8009358364196,6712.461799999999,7.349792003631592
16,8,prefill,524288,dense,flashmla_dense_bf16_multiquery,ok,,661.1707225039177,666.9778962874419,14135.5192,14.012351989746094
16,8,prefill,2048,sparse,flashmla_sparse_bf16,ok,,508.4231418512412,458.5412575398897,71.8048,0.0796160027384758
16,8,prefill,4096,sparse,flashmla_sparse_bf16,ok,,470.7438604707537,409.05366362885707,77.55220000000004,0.08924800157546997
16,8,prefill,8192,sparse,flashmla_sparse_bf16,ok,,424.81872574939507,372.5834996360861,85.93599999999998,0.09798400104045868
16,8,prefill,16384,sparse,flashmla_sparse_bf16,ok,,343.9583376060521,307.83882180025455,106.1385000000001,0.11859200149774551
16,8,prefill,32768,sparse,flashmla_sparse_bf16,ok,,315.6022056316502,285.64112338036387,115.67479999999998,0.12780800461769104
16,8,prefill,65536,sparse,flashmla_sparse_bf16,ok,,316.9687288942758,284.14711524746093,115.17609999999999,0.12848000228405
16,8,prefill,131072,sparse,flashmla_sparse_bf16,ok,,311.4169484446734,282.4587144715119,117.22940000000003,0.1292479932308197
16,8,prefill,262144,sparse,flashmla_sparse_bf16,ok,,302.1233165419104,280.44512062259764,120.83549999999995,0.13017599284648895
16,8,prefill,524288,sparse,flashmla_sparse_bf16,ok,,266.29588603915454,279.3464046067117,137.0927,0.13068799674510956
32,8,prefill,2048,dense,flashmla_dense_bf16_multiquery,ok,,581.8416661229242,534.9040419112875,125.97869999999998,0.13680000603199005
32,8,prefill,4096,dense,flashmla_dense_bf16_multiquery,ok,,680.576283881339,628.3064420735806,214.98560000000003,0.23267200589179993
32,8,prefill,8192,dense,flashmla_dense_bf16_multiquery,ok,,711.7446373801131,686.5513125821176,410.7414,0.4256319999694824
32,8,prefill,16384,dense,flashmla_dense_bf16_multiquery,ok,,730.5837860967488,711.3657268962554,799.9093,0.8213440179824829
32,8,prefill,32768,dense,flashmla_dense_bf16_multiquery,ok,,737.758101041585,721.6712803692714,1583.8745999999999,1.61900794506073
32,8,prefill,65536,dense,flashmla_dense_bf16_multiquery,ok,,733.0166272527524,644.092331147217,3187.8504999999996,3.6277759075164795
32,8,prefill,131072,dense,flashmla_dense_bf16_multiquery,ok,,683.1910938683799,660.174517469014,6840.2672,7.078559875488281
32,8,prefill,262144,dense,flashmla_dense_bf16_multiquery,ok,,646.1470951201577,666.4326682021308,14464.406200000001,14.02393627166748
32,8,prefill,524288,dense,flashmla_dense_bf16_multiquery,ok,,638.8441038695158,658.7036053168939,29259.067700000003,28.37673568725586
32,8,prefill,2048,sparse,flashmla_sparse_bf16,ok,,542.6489260426646,493.02105664255583,134.5519,0.1480959951877594
32,8,prefill,4096,sparse,flashmla_sparse_bf16,ok,,481.6100537119844,447.39241052287645,151.60489999999996,0.1632000058889389
32,8,prefill,8192,sparse,flashmla_sparse_bf16,ok,,439.09984317013067,406.5754490436186,166.28210000000004,0.17958399653434753
32,8,prefill,16384,sparse,flashmla_sparse_bf16,ok,,353.85004297215943,333.5820759738039,206.34290000000001,0.21887999773025513
32,8,prefill,32768,sparse,flashmla_sparse_bf16,ok,,328.49762328146505,314.8477129251239,222.26779999999994,0.23190400004386902
32,8,prefill,65536,sparse,flashmla_sparse_bf16,ok,,327.5656281690191,313.16241497202,222.90020000000004,0.23315200209617615
32,8,prefill,131072,sparse,flashmla_sparse_bf16,ok,,317.014556912177,305.3668830433046,230.31889999999999,0.2391040027141571
32,8,prefill,262144,sparse,flashmla_sparse_bf16,ok,,297.96693724058025,299.78995956799037,245.04210000000003,0.24355199933052063
32,8,prefill,524288,sparse,flashmla_sparse_bf16,ok,,275.1834188130182,303.82175816213095,265.3301,0.24031999707221985
64,8,prefill,2048,dense,flashmla_dense_bf16_multiquery,ok,,600.0800386410785,577.0160985597146,244.29959999999997,0.2536320090293884
64,8,prefill,4096,dense,flashmla_dense_bf16_multiquery,ok,,674.0733915293312,662.281287167837,434.1192,0.44147199392318726
64,8,prefill,8192,dense,flashmla_dense_bf16_multiquery,ok,,722.1692344822527,704.0724215764822,809.6245999999999,0.830079972743988
64,8,prefill,16384,dense,flashmla_dense_bf16_multiquery,ok,,732.8290624878912,725.5562820155674,1594.9170000000001,1.6105600595474243
64,8,prefill,32768,dense,flashmla_dense_bf16_multiquery,ok,,721.6107369139094,643.3534185160315,3238.6334,3.6321918964385986
64,8,prefill,65536,dense,flashmla_dense_bf16_multiquery,ok,,671.7037499323587,665.9898174238544,6957.672700000001,7.016992092132568
64,8,prefill,131072,dense,flashmla_dense_bf16_multiquery,ok,,634.214141765514,662.0525937466361,14737.008600000001,14.116959571838379
64,8,prefill,262144,dense,flashmla_dense_bf16_multiquery,ok,,638.9655301067713,650.5963421510537,29253.9538,28.730592727661133
64,8,prefill,524288,dense,flashmla_dense_bf16_multiquery,ok,,627.2996526504202,637.2555707044447,59595.06850000001,58.66361618041992
64,8,prefill,2048,sparse,flashmla_sparse_bf16,ok,,531.8810077515427,533.5440971462199,274.5518,0.27369600534439087
64,8,prefill,4096,sparse,flashmla_sparse_bf16,ok,,499.1507163070702,479.3490362845139,292.55469999999997,0.304639995098114
64,8,prefill,8192,sparse,flashmla_sparse_bf16,ok,,450.04110609315234,430.0228841529387,324.4790000000001,0.33958399295806885
64,8,prefill,16384,sparse,flashmla_sparse_bf16,ok,,359.1486026816698,350.33032026808445,406.59740000000005,0.41683200001716614
64,8,prefill,32768,sparse,flashmla_sparse_bf16,ok,,339.3157774417307,330.6573962188142,430.3627999999999,0.4416320025920868
64,8,prefill,65536,sparse,flashmla_sparse_bf16,ok,,335.25459285759706,327.47777888878477,435.57610000000005,0.4459199905395508
64,8,prefill,131072,sparse,flashmla_sparse_bf16,ok,,313.4731320031822,318.78468840471174,465.84180000000003,0.458079993724823
64,8,prefill,262144,sparse,flashmla_sparse_bf16,ok,,278.34404345120265,316.77097517534054,524.6345000000001,0.4609920084476471
64,8,prefill,524288,sparse,flashmla_sparse_bf16,ok,,327.6872060408181,317.65298377375586,445.63500000000005,0.4597119987010956
128,8,prefill,2048,dense,flashmla_dense_bf16_multiquery,ok,,616.4784425309881,589.2456163927993,475.60239999999993,0.49673599004745483
128,8,prefill,4096,dense,flashmla_dense_bf16_multiquery,ok,,676.6253924228267,672.3202910261401,864.9636999999997,0.8697599768638611
128,8,prefill,8192,dense,flashmla_dense_bf16_multiquery,ok,,720.9117731772465,657.6632614313704,1622.0736000000004,1.7773120403289795
128,8,prefill,16384,dense,flashmla_dense_bf16_multiquery,ok,,724.9784554313286,648.6247464975671,3224.3759,3.60316801071167
128,8,prefill,32768,dense,flashmla_dense_bf16_multiquery,ok,,666.5964523553345,653.7904507636986,7011.8364,7.148416042327881
128,8,prefill,65536,dense,flashmla_dense_bf16_multiquery,ok,,635.7493155848052,660.9232047722667,14702.319700000002,14.141568183898926
128,8,prefill,131072,dense,flashmla_dense_bf16_multiquery,ok,,651.9468785927709,649.8829494624797,28672.333800000004,28.762624740600586
128,8,prefill,262144,dense,flashmla_dense_bf16_multiquery,ok,,639.8376257498403,633.3601357379332,58428.161600000014,59.02492904663086
128,8,prefill,524288,dense,flashmla_dense_bf16_multiquery,ok,,617.8540824991394,630.3708633039306,121012.28050000002,118.608642578125
128,8,prefill,2048,sparse,flashmla_sparse_bf16,ok,,536.2000705147201,554.1136111260561,544.6806,0.527072012424469
128,8,prefill,4096,sparse,flashmla_sparse_bf16,ok,,454.27990289665917,495.5103863862872,642.9027000000001,0.5894079804420471
128,8,prefill,8192,sparse,flashmla_sparse_bf16,ok,,449.2405892378326,444.88448963470455,650.1144,0.6564800143241882
128,8,prefill,16384,sparse,flashmla_sparse_bf16,ok,,361.84994638742,359.2382022019991,807.124,0.8129919767379761
128,8,prefill,32768,sparse,flashmla_sparse_bf16,ok,,340.95247493969725,339.66526834805,856.5938,0.8598399758338928
128,8,prefill,65536,sparse,flashmla_sparse_bf16,ok,,340.95124104231525,335.1131148877704,856.5969000000001,0.8715199828147888
128,8,prefill,131072,sparse,flashmla_sparse_bf16,ok,,329.49533233353543,325.67819617588117,886.3790999999999,0.8967679738998413
128,8,prefill,262144,sparse,flashmla_sparse_bf16,ok,,283.82917109705687,325.62008555840976,1028.9913999999997,0.8969280123710632
128,8,prefill,524288,sparse,flashmla_sparse_bf16,ok,,330.7032634385316,325.88750122154033,883.1415000000001,0.8961920142173767
256,8,prefill,2048,dense,flashmla_dense_bf16_multiquery,ok,,622.1115583988744,603.0763933135229,942.5917999999998,0.970687985420227
256,8,prefill,4096,dense,flashmla_dense_bf16_multiquery,ok,,679.9585081066085,622.8136881273748,1721.4473999999998,1.8777920007705688
256,8,prefill,8192,dense,flashmla_dense_bf16_multiquery,ok,,715.3404193944364,619.085378680141,3269.4139,3.776128053665161
256,8,prefill,16384,dense,flashmla_dense_bf16_multiquery,ok,,699.3262695206078,645.7086971177582,6685.300300000001,7.238880157470703
256,8,prefill,32768,dense,flashmla_dense_bf16_multiquery,ok,,631.9522164178705,649.8399955730396,14792.464199999999,14.383744239807129
256,8,prefill,65536,dense,flashmla_dense_bf16_multiquery,ok,,633.1200984555335,654.6584252278977,29526.750799999998,28.55379295349121
256,8,prefill,131072,dense,flashmla_dense_bf16_multiquery,ok,,625.7518245780976,635.7852035302271,59745.21460000001,58.80080032348633
256,8,prefill,262144,dense,flashmla_dense_bf16_multiquery,ok,,615.1027834706646,636.2540517002622,121555.41220000002,117.51292419433594
256,8,prefill,524288,dense,flashmla_dense_bf16_multiquery,skipped_memory_limit,skipped_memory_limit: estimated live tensors 144.5 GiB exceed current free GPU memory 78.6 GiB,,,,
256,8,prefill,2048,sparse,flashmla_sparse_bf16,ok,,545.1087680533893,564.0968769543382,1071.5577999999998,1.0354880094528198
256,8,prefill,4096,sparse,flashmla_sparse_bf16,ok,,456.6981053014117,502.1488128619414,1278.9970999999996,1.1632319688796997
256,8,prefill,8192,sparse,flashmla_sparse_bf16,ok,,434.6548360674586,442.86608247528227,1343.8606999999997,1.318943977355957
256,8,prefill,16384,sparse,flashmla_sparse_bf16,ok,,361.32313134912164,361.5793668503767,1616.6015999999995,1.615455985069275
256,8,prefill,32768,sparse,flashmla_sparse_bf16,ok,,344.63937040706963,341.988039328116,1694.8601999999998,1.7079999446868896
256,8,prefill,65536,sparse,flashmla_sparse_bf16,ok,,331.26540540537474,338.7135367501195,1763.2857,1.724511981010437
256,8,prefill,131072,sparse,flashmla_sparse_bf16,ok,,329.7739390993025,327.3661742380138,1771.2604999999999,1.7842880487442017
256,8,prefill,262144,sparse,flashmla_sparse_bf16,ok,,329.844404805944,327.665891349961,1770.8820999999996,1.782655954360962
256,8,prefill,524288,sparse,flashmla_sparse_bf16,skipped_memory_limit,skipped_memory_limit: estimated live tensors 144.3 GiB exceed current free GPU memory 78.6 GiB,,,,
1,16,prefill,2048,dense,flashmla_dense_bf16_multiquery,ok,,250.94556831760985,101.34338501566054,18.326899999999988,0.04521600157022476
1,16,prefill,4096,dense,flashmla_dense_bf16_multiquery,ok,,357.99378320615483,167.62730402018553,25.593899999999984,0.05455999821424484
1,16,prefill,8192,dense,flashmla_dense_bf16_multiquery,ok,,500.56004203888585,274.3955849864814,36.53760000000001,0.06659200042486191
1,16,prefill,16384,dense,flashmla_dense_bf16_multiquery,ok,,608.9129176365908,399.52485806968144,60.01329999999998,0.09142400324344635
1,16,prefill,32768,dense,flashmla_dense_bf16_multiquery,ok,,676.8428829299615,533.3706780122466,107.9277,0.1369280070066452
1,16,prefill,65536,dense,flashmla_dense_bf16_multiquery,ok,,725.174323132918,648.202632345419,201.41989999999998,0.2253119945526123
1,16,prefill,131072,dense,flashmla_dense_bf16_multiquery,ok,,742.0083137081562,712.8551690716416,393.6525000000001,0.4097279906272888
1,16,prefill,262144,dense,flashmla_dense_bf16_multiquery,ok,,751.5567012627773,742.4029143577628,777.255,0.7868160009384155
1,16,prefill,524288,dense,flashmla_dense_bf16_multiquery,ok,,761.0388832011472,684.5642893792913,1535.0946999999999,1.7065600156784058
1,16,prefill,2048,sparse,flashmla_sparse_bf16,ok,,82.92527483949739,66.0826425095031,55.03030000000008,0.06905599683523178
1,16,prefill,4096,sparse,flashmla_sparse_bf16,ok,,82.71334465564534,66.05203428880398,55.17129999999993,0.06908799707889557
1,16,prefill,8192,sparse,flashmla_sparse_bf16,ok,,82.86158183924488,66.29768975100191,55.07260000000004,0.06883200258016586
1,16,prefill,16384,sparse,flashmla_sparse_bf16,ok,,82.75084188785107,66.17463046347206,55.1463,0.06896000355482101
1,16,prefill,32768,sparse,flashmla_sparse_bf16,ok,,82.67393422902447,66.54518650868525,55.19759999999999,0.06857600063085556
1,16,prefill,65536,sparse,flashmla_sparse_bf16,ok,,81.52660416190257,67.04576532513235,55.97440000000002,0.06806399673223495
1,16,prefill,131072,sparse,flashmla_sparse_bf16,ok,,79.70104271130786,66.32852611952414,57.25650000000002,0.06880000233650208
1,16,prefill,262144,sparse,flashmla_sparse_bf16,ok,,77.9638379493032,65.1170510203604,58.532300000000006,0.0700799971818924
1,16,prefill,524288,sparse,flashmla_sparse_bf16,ok,,77.58698653101331,57.922966088753064,58.81660000000004,0.07878399640321732
2,16,prefill,2048,dense,flashmla_dense_bf16_multiquery,ok,,343.0491657715719,174.10116971735366,26.812799999999992,0.052639998495578766
2,16,prefill,4096,dense,flashmla_dense_bf16_multiquery,ok,,478.40607600752907,284.9497080048695,38.30410000000001,0.06419199705123901
2,16,prefill,8192,dense,flashmla_dense_bf16_multiquery,ok,,592.7756434257268,421.8819646078429,61.707199999999986,0.08662399649620056
2,16,prefill,16384,dense,flashmla_dense_bf16_multiquery,ok,,669.0352680553458,546.4061845191721,109.2405,0.13369600474834442
2,16,prefill,32768,dense,flashmla_dense_bf16_multiquery,ok,,718.2247004672635,643.4432613016643,203.41849999999997,0.22700800001621246
2,16,prefill,65536,dense,flashmla_dense_bf16_multiquery,ok,,742.0212192778295,705.2452699633824,393.6937,0.41417598724365234
2,16,prefill,131072,dense,flashmla_dense_bf16_multiquery,ok,,761.431214538789,741.7934548241409,767.2220999999997,0.7874879837036133
2,16,prefill,262144,dense,flashmla_dense_bf16_multiquery,ok,,762.0626564367974,746.4099980859163,1533.0792,1.5651839971542358
2,16,prefill,524288,dense,flashmla_dense_bf16_multiquery,ok,,737.6432905421124,648.9412625936703,3167.5655999999994,3.600480079650879
2,16,prefill,2048,sparse,flashmla_sparse_bf16,ok,,159.63042162078963,131.67713619644533,57.17460000000001,0.06931199878454208
2,16,prefill,4096,sparse,flashmla_sparse_bf16,ok,,160.6119380838079,131.61637101845895,56.825199999999995,0.06934399902820587
2,16,prefill,8192,sparse,flashmla_sparse_bf16,ok,,160.38304201819474,133.2769497275963,56.90630000000002,0.0684799998998642
2,16,prefill,16384,sparse,flashmla_sparse_bf16,ok,,159.00468825566725,131.37387010053166,57.39960000000002,0.06947200000286102
2,16,prefill,32768,sparse,flashmla_sparse_bf16,ok,,154.03423193894528,127.6690555929302,59.25180000000002,0.07148800045251846
2,16,prefill,65536,sparse,flashmla_sparse_bf16,ok,,151.20117795964347,125.9773280796403,60.36200000000001,0.0724480003118515
2,16,prefill,131072,sparse,flashmla_sparse_bf16,ok,,148.85620324597272,123.09567477073163,61.31289999999999,0.07414399832487106
2,16,prefill,262144,sparse,flashmla_sparse_bf16,ok,,146.77497461496284,118.69025526153432,62.182299999999984,0.07689599692821503
2,16,prefill,524288,sparse,flashmla_sparse_bf16,ok,,133.9856176212386,116.22357990339283,68.11779999999996,0.07852800190448761
4,16,prefill,2048,dense,flashmla_dense_bf16_multiquery,ok,,418.0910976920716,293.89061855875474,44.00050000000001,0.0623680017888546
4,16,prefill,4096,dense,flashmla_dense_bf16_multiquery,ok,,521.854312288196,429.9429033510952,70.23,0.08508799970149994
4,16,prefill,8192,dense,flashmla_dense_bf16_multiquery,ok,,650.6509917847109,544.8637831077956,112.4367,0.13414399325847626
4,16,prefill,16384,dense,flashmla_dense_bf16_multiquery,ok,,706.1332745901383,634.751870505963,207.0027,0.23017600178718567
4,16,prefill,32768,dense,flashmla_dense_bf16_multiquery,ok,,734.8858362232852,697.5223859364041,397.6133000000001,0.4188160002231598
4,16,prefill,65536,dense,flashmla_dense_bf16_multiquery,ok,,750.7009445683994,735.8314769770303,778.2835,0.7939199805259705
4,16,prefill,131072,dense,flashmla_dense_bf16_multiquery,ok,,752.0646427416244,703.0674375800322,1553.5549,1.661728024482727
4,16,prefill,262144,dense,flashmla_dense_bf16_multiquery,ok,,749.3674728620238,651.1916157057448,3118.1027999999997,3.5880959033966064
4,16,prefill,524288,dense,flashmla_dense_bf16_multiquery,ok,,692.2769245728368,665.563347462423,6750.285700000002,7.021120071411133
4,16,prefill,2048,sparse,flashmla_sparse_bf16,ok,,282.3184665947993,256.94836385490265,64.6561,0.07103999704122543
4,16,prefill,4096,sparse,flashmla_sparse_bf16,ok,,278.89398025974026,260.706293843518,65.45,0.07001599669456482
4,16,prefill,8192,sparse,flashmla_sparse_bf16,ok,,301.0785718668458,252.96024783604818,60.62739999999999,0.07215999811887741
4,16,prefill,16384,sparse,flashmla_sparse_bf16,ok,,281.3676077848649,238.47212848762192,64.87460000000002,0.07654400169849396
4,16,prefill,32768,sparse,flashmla_sparse_bf16,ok,,275.31343336168885,233.20741795856736,66.3012,0.07827199995517731
4,16,prefill,65536,sparse,flashmla_sparse_bf16,ok,,265.13838223503035,225.64294344817498,68.84559999999999,0.08089599758386612
4,16,prefill,131072,sparse,flashmla_sparse_bf16,ok,,257.08623301629973,218.4700590404943,71.00189999999995,0.08355200290679932
4,16,prefill,262144,sparse,flashmla_sparse_bf16,ok,,251.80728769602598,216.97426590725706,72.4904,0.0841279998421669
4,16,prefill,524288,sparse,flashmla_sparse_bf16,ok,,228.51576769864434,216.97426590725706,79.87899999999995,0.0841279998421669
8,16,prefill,2048,dense,flashmla_dense_bf16_multiquery,ok,,552.3435846362866,478.7236251337652,66.6115,0.07657600194215775
8,16,prefill,4096,dense,flashmla_dense_bf16_multiquery,ok,,611.2858805143165,574.3372167037277,119.9106,0.1273919939994812
8,16,prefill,8192,dense,flashmla_dense_bf16_multiquery,ok,,646.7407528344671,656.5302955029734,226.233,0.2226559966802597
8,16,prefill,16384,dense,flashmla_dense_bf16_multiquery,ok,,738.0177199186508,706.1743228177434,396.11920000000003,0.4137920141220093
8,16,prefill,32768,dense,flashmla_dense_bf16_multiquery,ok,,741.320811397653,724.6813050863051,788.3237000000001,0.8062400221824646
8,16,prefill,65536,dense,flashmla_dense_bf16_multiquery,ok,,743.6537135797736,729.91799658883,1571.3178,1.6007039546966553
8,16,prefill,131072,dense,flashmla_dense_bf16_multiquery,ok,,745.7356897562497,702.0669875207147,3133.4794000000006,3.3281919956207275
8,16,prefill,262144,dense,flashmla_dense_bf16_multiquery,ok,,684.2990548105837,660.6630763113877,6829.192,7.073311805725098
8,16,prefill,524288,dense,flashmla_dense_bf16_multiquery,ok,,648.7720002828289,672.2657996206094,14405.8838,13.902239799499512
8,16,prefill,2048,sparse,flashmla_sparse_bf16,ok,,535.2761040781438,493.02105664255583,68.20259999999999,0.0740479975938797
8,16,prefill,4096,sparse,flashmla_sparse_bf16,ok,,506.45810291967354,466.9875969389013,72.08340000000001,0.07817599922418594
8,16,prefill,8192,sparse,flashmla_sparse_bf16,ok,,462.9453479519036,396.266298616263,78.85860000000002,0.09212800115346909
8,16,prefill,16384,sparse,flashmla_sparse_bf16,ok,,364.61681375961433,324.4740298527227,100.12489999999998,0.1125119999051094
8,16,prefill,32768,sparse,flashmla_sparse_bf16,ok,,359.1940101833495,318.76241532999495,101.6365,0.11452800035476685
8,16,prefill,65536,sparse,flashmla_sparse_bf16,ok,,340.0132440719007,305.53044448199483,107.37000000000008,0.11948800086975098
8,16,prefill,131072,sparse,flashmla_sparse_bf16,ok,,313.7121999248958,283.30038288868286,116.3717,0.12886400520801544
8,16,prefill,262144,sparse,flashmla_sparse_bf16,ok,,308.2752751846964,282.9490816112469,118.4241,0.12902399897575378
8,16,prefill,524288,sparse,flashmla_sparse_bf16,ok,,309.77702177344077,283.30038288868286,117.85000000000002,0.12886400520801544
16,16,prefill,2048,dense,flashmla_dense_bf16_multiquery,ok,,614.4232908965661,540.3705764948517,119.7625,0.13568000495433807
16,16,prefill,4096,dense,flashmla_dense_bf16_multiquery,ok,,696.7787066471861,630.8280719448643,210.39579999999995,0.2319680005311966
16,16,prefill,8192,dense,flashmla_dense_bf16_multiquery,ok,,726.1229477949056,689.6863757140904,403.00090000000006,0.4239040017127991
16,16,prefill,16384,dense,flashmla_dense_bf16_multiquery,ok,,735.7589139449727,717.3244902014719,794.6706000000001,0.8147199749946594
16,16,prefill,32768,dense,flashmla_dense_bf16_multiquery,ok,,738.7223355426926,732.0761796167537,1582.1933,1.5961920022964478
16,16,prefill,65536,dense,flashmla_dense_bf16_multiquery,ok,,741.0083395306702,642.5672827952455,3153.8547,3.6366078853607178
16,16,prefill,131072,dense,flashmla_dense_bf16_multiquery,ok,,684.4798756238572,666.5009770151156,6827.8046,7.0115838050842285
16,16,prefill,262144,dense,flashmla_dense_bf16_multiquery,ok,,666.2371220622958,671.9827835182864,14028.667800000001,13.908320426940918
16,16,prefill,524288,dense,flashmla_dense_bf16_multiquery,ok,,649.3063166242094,660.7196232943247,28788.058299999997,28.290367126464844
16,16,prefill,2048,sparse,flashmla_sparse_bf16,ok,,580.4812750889232,518.568497355372,125.7826,0.14079999923706055
16,16,prefill,4096,sparse,flashmla_sparse_bf16,ok,,555.4934204702197,499.8250474948086,131.4407,0.14608000218868256
16,16,prefill,8192,sparse,flashmla_sparse_bf16,ok,,462.67516573484596,429.6180205019935,157.80929999999998,0.16995200514793396
16,16,prefill,16384,sparse,flashmla_sparse_bf16,ok,,379.73018503243713,356.6272958877332,192.2798,0.20473599433898926
16,16,prefill,32768,sparse,flashmla_sparse_bf16,ok,,356.2126765745755,335.7912342449787,204.9743,0.21743999421596527
16,16,prefill,65536,sparse,flashmla_sparse_bf16,ok,,344.477625329666,325.3067326085132,211.95699999999997,0.22444799542427063
16,16,prefill,131072,sparse,flashmla_sparse_bf16,ok,,320.29456020192987,308.880646266187,227.96030000000002,0.23638400435447693
16,16,prefill,262144,sparse,flashmla_sparse_bf16,ok,,318.07337952761947,304.06468786135673,229.5522,0.24012799561023712
16,16,prefill,524288,sparse,flashmla_sparse_bf16,ok,,296.8782476100946,305.32602955538476,245.94070000000002,0.2391359955072403
32,16,prefill,2048,dense,flashmla_dense_bf16_multiquery,ok,,558.6694659737537,582.4764990092424,263.42900000000003,0.25174400210380554
32,16,prefill,4096,dense,flashmla_dense_bf16_multiquery,ok,,698.590129904539,671.9871821152084,419.7005000000001,0.4355199933052063
32,16,prefill,8192,dense,flashmla_dense_bf16_multiquery,ok,,728.7568645206936,701.926489106608,803.0887,0.8330240249633789
32,16,prefill,16384,dense,flashmla_dense_bf16_multiquery,ok,,741.3451427320156,733.4865150615894,1577.3651,1.5935360193252563
32,16,prefill,32768,dense,flashmla_dense_bf16_multiquery,ok,,729.193694164786,640.7448920355827,3205.7368,3.6474239826202393
32,16,prefill,65536,dense,flashmla_dense_bf16_multiquery,ok,,677.4873248639999,672.9756631067683,6899.118400000001,6.944575786590576
32,16,prefill,131072,dense,flashmla_dense_bf16_multiquery,ok,,664.6548813432577,667.3781604041022,14062.921900000001,14.004735946655273
32,16,prefill,262144,dense,flashmla_dense_bf16_multiquery,ok,,634.2947682146672,657.3013317470677,29470.2707,28.437952041625977
32,16,prefill,524288,dense,flashmla_dense_bf16_multiquery,ok,,631.7451023595736,640.6144038995157,59176.61420000001,58.35647964477539
32,16,prefill,2048,sparse,flashmla_sparse_bf16,ok,,567.9905283522899,568.5774592762906,257.0974,0.2568320035934448
32,16,prefill,4096,sparse,flashmla_sparse_bf16,ok,,566.2099551192894,540.559463722667,257.9059000000001,0.270143985748291
32,16,prefill,8192,sparse,flashmla_sparse_bf16,ok,,478.4431527491278,459.5109027460559,305.21680000000003,0.31779199838638306
32,16,prefill,16384,sparse,flashmla_sparse_bf16,ok,,388.16988074377775,375.8052162638004,376.1984,0.3885760009288788
32,16,prefill,32768,sparse,flashmla_sparse_bf16,ok,,358.56498285121626,351.5718575687142,407.25919999999985,0.4153600037097931
32,16,prefill,65536,sparse,flashmla_sparse_bf16,ok,,347.5740396037012,341.3421268219865,420.1375,0.4278079867362976
32,16,prefill,131072,sparse,flashmla_sparse_bf16,ok,,330.2878705057224,322.9127433743666,442.1260999999998,0.4522239863872528
32,16,prefill,262144,sparse,flashmla_sparse_bf16,ok,,324.7885356847523,318.8069645922454,449.61220000000014,0.4580479860305786
32,16,prefill,524288,sparse,flashmla_sparse_bf16,ok,,281.2207110510779,319.34238294999966,519.2679,0.4572800099849701
64,16,prefill,2048,dense,flashmla_dense_bf16_multiquery,ok,,634.083383392561,607.0936057077245,464.19680000000005,0.4830720126628876
64,16,prefill,4096,dense,flashmla_dense_bf16_multiquery,ok,,701.7685675524822,682.6711611115463,835.5992,0.8574079871177673
64,16,prefill,8192,dense,flashmla_dense_bf16_multiquery,ok,,726.9334858405091,694.8398389170098,1610.2062,1.6830400228500366
64,16,prefill,16384,dense,flashmla_dense_bf16_multiquery,ok,,736.7498128154448,645.5324549491254,3174.4072,3.621311902999878
64,16,prefill,32768,dense,flashmla_dense_bf16_multiquery,ok,,698.0169487800875,684.8559600829633,6697.840399999999,6.8249921798706055
64,16,prefill,65536,dense,flashmla_dense_bf16_multiquery,ok,,642.8743974638973,652.3880220271918,14541.146100000002,14.3274564743042
64,16,prefill,131072,dense,flashmla_dense_bf16_multiquery,ok,,634.5871942460374,656.6030073713601,29458.488200000003,28.469120025634766
64,16,prefill,262144,dense,flashmla_dense_bf16_multiquery,ok,,638.3697326709994,641.8101274522747,58564.300800000005,58.24870300292969
64,16,prefill,524288,dense,flashmla_dense_bf16_multiquery,ok,,622.6220868796721,631.6866045770898,120087.40769999998,118.36249542236328
64,16,prefill,2048,sparse,flashmla_sparse_bf16,ok,,605.8636332345889,598.0476699212529,482.05199999999996,0.4883520007133484
64,16,prefill,4096,sparse,flashmla_sparse_bf16,ok,,574.1230553030614,561.960840361301,508.70239999999995,0.519711971282959
64,16,prefill,8192,sparse,flashmla_sparse_bf16,ok,,485.2834926055433,477.04399750405344,601.8291999999999,0.6122239828109741
64,16,prefill,16384,sparse,flashmla_sparse_bf16,ok,,388.7662084809609,385.6831343774531,751.2427,0.7572479844093323
64,16,prefill,32768,sparse,flashmla_sparse_bf16,ok,,363.52017079080866,361.62950930755034,803.4155999999999,0.8076159954071045
64,16,prefill,65536,sparse,flashmla_sparse_bf16,ok,,348.17324024959095,343.79800235772973,838.8288999999999,0.8495039939880371
64,16,prefill,131072,sparse,flashmla_sparse_bf16,ok,,333.7048410742303,331.82351472780454,875.1978999999999,0.8801599740982056
64,16,prefill,262144,sparse,flashmla_sparse_bf16,ok,,296.274593157492,326.66902014016205,985.7672,0.8940479755401611
64,16,prefill,524288,sparse,flashmla_sparse_bf16,ok,,329.6334142069629,325.3067326085132,886.0078000000001,0.8977919816970825
128,16,prefill,2048,dense,flashmla_dense_bf16_multiquery,ok,,636.0510170783696,615.120851174279,925.5216,0.9535359740257263
128,16,prefill,4096,dense,flashmla_dense_bf16_multiquery,ok,,687.4446781251477,644.4409693213028,1706.0202000000002,1.8165440559387207
128,16,prefill,8192,dense,flashmla_dense_bf16_multiquery,ok,,708.9465997875789,632.1424402146597,3302.1183999999994,3.6999359130859375
128,16,prefill,16384,dense,flashmla_dense_bf16_multiquery,ok,,670.5920074486013,672.9490600990837,6975.161900000001,6.94755220413208
128,16,prefill,32768,dense,flashmla_dense_bf16_multiquery,ok,,651.9444783969906,659.2263996317846,14342.344400000002,14.180671691894531
128,16,prefill,65536,dense,flashmla_dense_bf16_multiquery,ok,,631.810223747147,638.1723853668648,29591.577300000004,29.293216705322266
128,16,prefill,131072,dense,flashmla_dense_bf16_multiquery,ok,,634.9727918857684,640.1085041064953,58881.1981,58.40544128417969
128,16,prefill,262144,dense,flashmla_dense_bf16_multiquery,ok,,619.7776552204283,626.0739269525174,120642.22299999997,119.425537109375
128,16,prefill,524288,dense,flashmla_dense_bf16_multiquery,ok,,603.7436632333075,610.0131419717418,247684.82699999996,245.13571166992188
128,16,prefill,2048,sparse,flashmla_sparse_bf16,ok,,611.1134442173219,612.7429185191951,955.8217999999997,0.953279972076416
128,16,prefill,4096,sparse,flashmla_sparse_bf16,ok,,584.2661760761927,577.2440385081474,999.7421999999997,1.011904001235962
128,16,prefill,8192,sparse,flashmla_sparse_bf16,ok,,489.16078562104883,479.57573408922605,1194.1177000000002,1.2179839611053467
128,16,prefill,16384,sparse,flashmla_sparse_bf16,ok,,390.4857137616043,390.484977434293,1495.8692,1.4958720207214355
128,16,prefill,32768,sparse,flashmla_sparse_bf16,ok,,366.5119248146626,362.92370358693984,1593.715,1.6094720363616943
128,16,prefill,65536,sparse,flashmla_sparse_bf16,ok,,341.1372025099695,346.6577690535806,1712.2598999999996,1.6849919557571411
128,16,prefill,131072,sparse,flashmla_sparse_bf16,ok,,323.65216660600316,333.0829318989518,1804.7632999999998,1.7536640167236328
128,16,prefill,262144,sparse,flashmla_sparse_bf16,ok,,285.513632365992,329.88652548622906,2045.8412,1.7706559896469116
128,16,prefill,524288,sparse,flashmla_sparse_bf16,ok,,330.27405076076917,328.6688653365076,1768.5784000000003,1.7772159576416016
256,16,prefill,2048,dense,flashmla_dense_bf16_multiquery,ok,,640.5906605115388,579.2460184059433,1837.9255,2.025183916091919
256,16,prefill,4096,dense,flashmla_dense_bf16_multiquery,ok,,673.3241602040192,610.0671619075132,3483.5954999999994,3.837791919708252
256,16,prefill,8192,dense,flashmla_dense_bf16_multiquery,ok,,670.0154609244519,645.6446549047382,6987.974899999999,7.245120048522949
256,16,prefill,16384,dense,flashmla_dense_bf16_multiquery,ok,,658.7995101955494,663.4274890227388,14200.0343,14.094528198242188
256,16,prefill,32768,dense,flashmla_dense_bf16_multiquery,ok,,644.8834951803791,645.8587266752658,28998.7643,28.948352813720703
256,16,prefill,65536,dense,flashmla_dense_bf16_multiquery,ok,,633.1994779396041,633.7595311612857,59053.3054,58.99436950683594
256,16,prefill,131072,dense,flashmla_dense_bf16_multiquery,ok,,616.8489555750693,623.1666063058428,121222.4108,119.9865951538086
256,16,prefill,262144,dense,flashmla_dense_bf16_multiquery,ok,,599.1827402133714,609.5159620771603,249577.79680000004,245.3396453857422
256,16,prefill,524288,dense,flashmla_dense_bf16_multiquery,skipped_memory_limit,skipped_memory_limit: estimated live tensors 145.1 GiB exceed current free GPU memory 78.6 GiB,,,,
256,16,prefill,2048,sparse,flashmla_sparse_bf16,ok,,629.5943980373906,599.5700880121624,1855.5297000000003,1.9484479427337646
256,16,prefill,4096,sparse,flashmla_sparse_bf16,ok,,592.4950317414091,561.2782418929534,1971.7146000000005,2.081376075744629
256,16,prefill,8192,sparse,flashmla_sparse_bf16,ok,,494.88970908952876,458.3167715633629,2360.5888000000004,2.548959970474243
256,16,prefill,16384,sparse,flashmla_sparse_bf16,ok,,395.85020444159755,392.0407014463188,2951.1949,2.979871988296509
256,16,prefill,32768,sparse,flashmla_sparse_bf16,ok,,360.8710719129989,361.0358453245281,3237.2534,3.235775947570801
256,16,prefill,65536,sparse,flashmla_sparse_bf16,ok,,349.85102214960386,347.8899401277657,3339.2245000000003,3.3580479621887207
256,16,prefill,131072,sparse,flashmla_sparse_bf16,ok,,333.97254062716956,332.82483134181365,3497.9855,3.5100479125976562
256,16,prefill,262144,sparse,flashmla_sparse_bf16,ok,,330.4408239609097,329.51433563659486,3535.371600000001,3.54531192779541
256,16,prefill,524288,sparse,flashmla_sparse_bf16,skipped_memory_limit,skipped_memory_limit: estimated live tensors 144.6 GiB exceed current free GPU memory 78.6 GiB,,,,
1,32,prefill,2048,dense,flashmla_dense_bf16_multiquery,ok,,373.8193632165832,180.37046583008686,24.796499999999988,0.05100800096988678
1,32,prefill,4096,dense,flashmla_dense_bf16_multiquery,ok,,502.4696365086472,294.15674783556506,36.611600000000024,0.06230400130152702
1,32,prefill,8192,dense,flashmla_dense_bf16_multiquery,ok,,607.7703488269894,433.99716386380214,60.302099999999996,0.08428800106048584
1,32,prefill,16384,dense,flashmla_dense_bf16_multiquery,ok,,681.49366749854,555.9881175625329,107.34809999999997,0.13145600259304047
1,32,prefill,32768,dense,flashmla_dense_bf16_multiquery,ok,,722.8708335950255,648.0767492666517,202.20969999999997,0.22543999552726746
1,32,prefill,65536,dense,flashmla_dense_bf16_multiquery,ok,,735.4151842751223,707.6824069743011,397.32710000000003,0.41280001401901245
1,32,prefill,131072,dense,flashmla_dense_bf16_multiquery,ok,,758.1237598728266,743.106950054132,770.6632999999999,0.7861440181732178
1,32,prefill,262144,dense,flashmla_dense_bf16_multiquery,ok,,756.4850178073224,747.0436809316535,1544.4770000000003,1.563904047012329
1,32,prefill,524288,dense,flashmla_dense_bf16_multiquery,ok,,755.1492600725652,647.788179104888,3094.2291000000005,3.6069440841674805
1,32,prefill,2048,sparse,flashmla_sparse_bf16,ok,,164.79464787867738,130.47239573930327,55.38289999999999,0.06995200365781784
1,32,prefill,4096,sparse,flashmla_sparse_bf16,ok,,164.7756065521679,132.1652850190062,55.38930000000005,0.06905599683523178
1,32,prefill,8192,sparse,flashmla_sparse_bf16,ok,,165.09990872007316,134.0915306502647,55.28049999999998,0.06806399673223495
1,32,prefill,16384,sparse,flashmla_sparse_bf16,ok,,164.82559942209585,132.71878237321212,55.37249999999999,0.06876800209283829
1,32,prefill,32768,sparse,flashmla_sparse_bf16,ok,,157.66289624292386,131.37387010053166,57.88809999999999,0.06947200000286102
1,32,prefill,65536,sparse,flashmla_sparse_bf16,ok,,149.8900559040893,127.72622981028577,60.89000000000001,0.07145600020885468
1,32,prefill,131072,sparse,flashmla_sparse_bf16,ok,,145.88930118063047,124.38406990044787,62.55979999999995,0.07337599992752075
1,32,prefill,262144,sparse,flashmla_sparse_bf16,ok,,146.80306872723997,121.47047613617488,62.170399999999994,0.07513599842786789
1,32,prefill,524288,sparse,flashmla_sparse_bf16,ok,,131.04188927176662,122.88353067207953,69.648,0.07427199929952621
2,32,prefill,2048,dense,flashmla_dense_bf16_multiquery,ok,,413.7474569878435,299.80241929379173,44.8071,0.06137600168585777
2,32,prefill,4096,dense,flashmla_dense_bf16_multiquery,ok,,553.3520732860984,437.69447541180506,66.49009999999998,0.08374399691820145
2,32,prefill,8192,dense,flashmla_dense_bf16_multiquery,ok,,650.397975362845,550.3844744613274,112.69969999999998,0.1329279989004135
2,32,prefill,16384,dense,flashmla_dense_bf16_multiquery,ok,,705.9154195859863,639.5965454692706,207.26860000000002,0.22854399681091309
2,32,prefill,32768,dense,flashmla_dense_bf16_multiquery,ok,,736.0454886265845,704.6378124119565,397.1806,0.41468799114227295
2,32,prefill,65536,dense,flashmla_dense_bf16_multiquery,ok,,736.6592432689173,739.348327865898,793.3122000000001,0.7902399897575378
2,32,prefill,131072,dense,flashmla_dense_bf16_multiquery,ok,,746.9849444100096,736.9425131745769,1564.3104,1.5854400396347046
2,32,prefill,262144,dense,flashmla_dense_bf16_multiquery,ok,,721.8808885476157,651.5833990270831,3237.0262999999995,3.586047887802124
2,32,prefill,524288,dense,flashmla_dense_bf16_multiquery,ok,,689.2157427276142,690.4950152382156,6780.474300000002,6.767712116241455
2,32,prefill,2048,sparse,flashmla_sparse_bf16,ok,,295.10085615668777,260.3493222024005,61.855500000000006,0.07011199742555618
2,32,prefill,4096,sparse,flashmla_sparse_bf16,ok,,306.038598637266,259.7565368889786,59.64479999999999,0.07027199864387512
2,32,prefill,8192,sparse,flashmla_sparse_bf16,ok,,313.3408922183236,260.706293843518,58.25480000000001,0.07001599669456482
2,32,prefill,16384,sparse,flashmla_sparse_bf16,ok,,302.8021659425735,254.99567928880904,60.282300000000006,0.07158400118350983
2,32,prefill,32768,sparse,flashmla_sparse_bf16,ok,,282.550953718796,238.87158232694043,64.60289999999999,0.0764160007238388
2,32,prefill,65536,sparse,flashmla_sparse_bf16,ok,,271.2968397272408,229.63982743252478,67.28280000000001,0.07948800176382065
2,32,prefill,131072,sparse,flashmla_sparse_bf16,ok,,254.7060507301989,222.3013827826138,71.66540000000002,0.08211199939250946
2,32,prefill,262144,sparse,flashmla_sparse_bf16,ok,,239.23788002463996,217.38771087984162,76.29899999999999,0.08396799862384796
2,32,prefill,524288,sparse,flashmla_sparse_bf16,ok,,233.9291816405122,216.89176555827035,78.03050000000005,0.08416000008583069
4,32,prefill,2048,dense,flashmla_dense_bf16_multiquery,ok,,548.6336167429696,491.26106891078905,67.58179999999997,0.07491199672222137
4,32,prefill,4096,dense,flashmla_dense_bf16_multiquery,ok,,692.8934567991912,578.216268917747,106.19939999999997,0.12678399682044983
4,32,prefill,8192,dense,flashmla_dense_bf16_multiquery,ok,,725.6802586720682,657.5487869201831,202.0164,0.22252799570560455
4,32,prefill,16384,dense,flashmla_dense_bf16_multiquery,ok,,742.6393576458723,708.7662530261928,394.0381,0.4124799966812134
4,32,prefill,32768,dense,flashmla_dense_bf16_multiquery,ok,,741.5730166980322,727.6886802979355,788.4402000000001,0.8031039834022522
4,32,prefill,65536,dense,flashmla_dense_bf16_multiquery,ok,,743.1549811544205,711.7931623221355,1572.7561,1.6416640281677246
4,32,prefill,131072,dense,flashmla_dense_bf16_multiquery,ok,,741.3106126340718,681.9349036774045,3152.5687000000007,3.4266560077667236
4,32,prefill,262144,dense,flashmla_dense_bf16_multiquery,ok,,687.0458156338046,643.1327379628879,6802.3045,7.266335964202881
4,32,prefill,524288,dense,flashmla_dense_bf16_multiquery,ok,,672.7908809986377,670.1411756616294,13892.012400000001,13.946528434753418
4,32,prefill,2048,sparse,flashmla_sparse_bf16,ok,,601.7045805547773,500.15376362728927,60.673,0.0729919970035553
4,32,prefill,4096,sparse,flashmla_sparse_bf16,ok,,598.0457114025579,493.87477929761536,61.044199999999975,0.07391999661922455
4,32,prefill,8192,sparse,flashmla_sparse_bf16,ok,,547.3207132052106,461.88287926289587,66.7017,0.07903999835252762
4,32,prefill,16384,sparse,flashmla_sparse_bf16,ok,,462.79628335277124,401.28409782090006,78.88399999999999,0.09097599983215332
4,32,prefill,32768,sparse,flashmla_sparse_bf16,ok,,382.7751899185427,340.14630668246866,95.3751,0.10732799768447876
4,32,prefill,65536,sparse,flashmla_sparse_bf16,ok,,343.89062123561365,306.7627627587846,106.1594,0.11900799721479416
4,32,prefill,131072,sparse,flashmla_sparse_bf16,ok,,333.49095976154194,298.88674345009633,109.46989999999994,0.12214399874210358
4,32,prefill,262144,sparse,flashmla_sparse_bf16,ok,,311.03753536606564,279.2096701291783,117.3724,0.13075199723243713
4,32,prefill,524288,sparse,flashmla_sparse_bf16,ok,,309.87062715593333,282.2490538204616,117.81440000000002,0.12934400141239166
8,32,prefill,2048,dense,flashmla_dense_bf16_multiquery,ok,,611.390884783926,546.2085330976425,121.28950000000002,0.13475200533866882
8,32,prefill,4096,dense,flashmla_dense_bf16_multiquery,ok,,678.9302378082281,641.7066769922083,216.76710000000008,0.2284799963235855
8,32,prefill,8192,dense,flashmla_dense_bf16_multiquery,ok,,706.1314432170847,696.4048213388346,415.2181999999999,0.42022401094436646
8,32,prefill,16384,dense,flashmla_dense_bf16_multiquery,ok,,745.2742336512626,720.0218321896762,785.2900000000001,0.812063992023468
8,32,prefill,32768,dense,flashmla_dense_bf16_multiquery,ok,,749.7480296362102,676.7259351855558,1559.6866000000002,1.7271679639816284
8,32,prefill,65536,dense,flashmla_dense_bf16_multiquery,ok,,728.0374140578434,735.3063143603754,3210.8282000000004,3.1783359050750732
8,32,prefill,131072,dense,flashmla_dense_bf16_multiquery,ok,,706.7733097297934,663.2482718310512,6613.2453,7.04640007019043
8,32,prefill,262144,dense,flashmla_dense_bf16_multiquery,ok,,663.4178782254578,689.0343882819878,14089.143500000002,13.564543724060059
8,32,prefill,524288,dense,flashmla_dense_bf16_multiquery,ok,,657.4388550514627,672.4695286262235,28432.816800000008,27.796480178833008
8,32,prefill,2048,sparse,flashmla_sparse_bf16,ok,,561.1109030100332,526.9518300358957,130.12480000000005,0.1385599970817566
8,32,prefill,4096,sparse,flashmla_sparse_bf16,ok,,560.2695823978171,526.222647589349,130.3202,0.13875199854373932
8,32,prefill,8192,sparse,flashmla_sparse_bf16,ok,,548.6421091341359,498.07930173570384,133.08210000000003,0.14659200608730316
8,32,prefill,16384,sparse,flashmla_sparse_bf16,ok,,472.1218326859645,433.0425972340036,154.65170000000006,0.16860799491405487
8,32,prefill,32768,sparse,flashmla_sparse_bf16,ok,,393.5880693742325,367.60131730897587,185.5098,0.19862399995326996
8,32,prefill,65536,sparse,flashmla_sparse_bf16,ok,,350.1025359287581,331.2574669971748,208.55160000000006,0.22041599452495575
8,32,prefill,131072,sparse,flashmla_sparse_bf16,ok,,336.8990380989734,323.78337112604595,216.725,0.22550399601459503
8,32,prefill,262144,sparse,flashmla_sparse_bf16,ok,,319.69334789328724,308.296371401733,228.38900000000004,0.23683199286460876
8,32,prefill,524288,sparse,flashmla_sparse_bf16,ok,,316.8207385062384,306.14535395749607,230.4598,0.23849600553512573
16,32,prefill,2048,dense,flashmla_dense_bf16_multiquery,ok,,554.777835159331,588.1816061191225,267.3333,0.2502720057964325
16,32,prefill,4096,dense,flashmla_dense_bf16_multiquery,ok,,613.7039614437938,679.588478553775,479.61149999999986,0.4314880073070526
16,32,prefill,8192,dense,flashmla_dense_bf16_multiquery,ok,,739.3994893429011,710.7751502084778,793.0722999999999,0.8234559893608093
16,32,prefill,16384,dense,flashmla_dense_bf16_multiquery,ok,,746.3034194145539,731.2161019071244,1568.4141,1.5992640256881714
16,32,prefill,32768,dense,flashmla_dense_bf16_multiquery,ok,,717.0578505230882,653.6026625053527,3261.5833,3.5765440464019775
16,32,prefill,65536,dense,flashmla_dense_bf16_multiquery,ok,,693.3988623604615,660.1897110577064,6742.4485,7.0799360275268555
16,32,prefill,131072,dense,flashmla_dense_bf16_multiquery,ok,,635.5587833233254,669.9124110466491,14708.5223,13.952608108520508
16,32,prefill,262144,dense,flashmla_dense_bf16_multiquery,ok,,660.399259999027,658.7505255600875,28307.087099999997,28.376256942749023
16,32,prefill,524288,dense,flashmla_dense_bf16_multiquery,ok,,628.6137920436144,643.7014297105435,59473.20519999999,58.0775032043457
16,32,prefill,2048,sparse,flashmla_sparse_bf16,ok,,526.4557969667001,572.1417551599134,277.3811000000002,0.2552320063114166
16,32,prefill,4096,sparse,flashmla_sparse_bf16,ok,,602.4985046304816,567.1641314860636,242.37219999999996,0.2574720084667206
16,32,prefill,8192,sparse,flashmla_sparse_bf16,ok,,558.2265671079225,531.3077794413886,261.5943,0.27484801411628723
16,32,prefill,16384,sparse,flashmla_sparse_bf16,ok,,479.1305699443104,459.7886732579998,304.7789,0.3176000118255615
16,32,prefill,32768,sparse,flashmla_sparse_bf16,ok,,387.98022134409626,384.41604085510806,376.38229999999993,0.37987199425697327
16,32,prefill,65536,sparse,flashmla_sparse_bf16,ok,,349.7254792482581,345.94821325141936,417.5529,0.42211198806762695
16,32,prefill,131072,sparse,flashmla_sparse_bf16,ok,,345.6886781751911,343.9664341001435,422.42890000000006,0.42454400658607483
16,32,prefill,262144,sparse,flashmla_sparse_bf16,ok,,326.5051100551728,322.7756913465456,447.2484000000001,0.45241600275039673
16,32,prefill,524288,sparse,flashmla_sparse_bf16,ok,,325.58161243386536,320.2837314252921,448.517,0.4559360146522522
32,32,prefill,2048,dense,flashmla_dense_bf16_multiquery,ok,,649.3643183365551,622.6541017193565,456.787,0.47283199429512024
32,32,prefill,4096,dense,flashmla_dense_bf16_multiquery,ok,,712.7470473673486,690.6520117417584,825.9297,0.8491520285606384
32,32,prefill,8192,dense,flashmla_dense_bf16_multiquery,ok,,737.6743444769143,717.0587639178116,1589.854,1.6324800252914429
32,32,prefill,16384,dense,flashmla_dense_bf16_multiquery,ok,,748.1033779281369,675.6082453383073,3129.2808999999997,3.4617919921875
32,32,prefill,32768,dense,flashmla_dense_bf16_multiquery,ok,,727.638128057177,639.8935759193595,6428.316000000001,7.306335926055908
32,32,prefill,65536,dense,flashmla_dense_bf16_multiquery,ok,,681.7141272504543,673.2066921132376,13716.031199999998,13.886079788208008
32,32,prefill,131072,dense,flashmla_dense_bf16_multiquery,ok,,621.0017987258574,656.8557245519602,30106.613400000002,28.459903717041016
32,32,prefill,262144,dense,flashmla_dense_bf16_multiquery,ok,,648.6367880814306,649.2301785162883,57640.82369999999,57.58473587036133
32,32,prefill,524288,dense,flashmla_dense_bf16_multiquery,ok,,622.998956977821,634.125037960882,120018.4258,117.90914916992188
32,32,prefill,2048,sparse,flashmla_sparse_bf16,ok,,625.0179788263544,602.7079014360314,467.279,0.4845759868621826
32,32,prefill,4096,sparse,flashmla_sparse_bf16,ok,,615.5075449626778,597.3822014835204,474.4990999999999,0.4888960123062134
32,32,prefill,8192,sparse,flashmla_sparse_bf16,ok,,564.6233974788753,550.1721051447471,517.2612,0.5308480262756348
32,32,prefill,16384,sparse,flashmla_sparse_bf16,ok,,467.9284501542497,470.86650183935126,624.1505,0.6202560067176819
32,32,prefill,32768,sparse,flashmla_sparse_bf16,ok,,394.17244430480196,397.2321360913847,740.9390999999998,0.7352319955825806
32,32,prefill,65536,sparse,flashmla_sparse_bf16,ok,,362.62441470464,359.45042427091016,805.4002,0.8125119805335999
32,32,prefill,131072,sparse,flashmla_sparse_bf16,ok,,343.53376930907143,349.41828668156637,850.1574,0.8358399868011475
32,32,prefill,262144,sparse,flashmla_sparse_bf16,ok,,336.07128471666044,332.86426260606316,869.0352000000003,0.8774080276489258
32,32,prefill,524288,sparse,flashmla_sparse_bf16,ok,,299.46829886437826,328.0899245935449,975.2544000000004,0.890175998210907
64,32,prefill,2048,dense,flashmla_dense_bf16_multiquery,ok,,652.2330545965403,638.0704008656566,909.5558000000001,0.9228159785270691
64,32,prefill,4096,dense,flashmla_dense_bf16_multiquery,ok,,704.2894399382759,641.5269761878908,1671.6961,1.8283519744873047
64,32,prefill,8192,dense,flashmla_dense_bf16_multiquery,ok,,697.8249467244036,633.1807671971238,3361.2857000000004,3.697472095489502
64,32,prefill,16384,dense,flashmla_dense_bf16_multiquery,ok,,663.2554982602131,653.6888935102525,7059.196999999998,7.1557440757751465
64,32,prefill,32768,dense,flashmla_dense_bf16_multiquery,ok,,668.0655714028629,674.4423283679757,14003.079999999998,13.864128112792969
64,32,prefill,65536,dense,flashmla_dense_bf16_multiquery,ok,,624.8003455059066,654.923618964979,29930.8805,28.547456741333008
64,32,prefill,131072,dense,flashmla_dense_bf16_multiquery,ok,,636.8082326486851,639.4689514975493,58718.65380000001,58.46742248535156
64,32,prefill,262144,dense,flashmla_dense_bf16_multiquery,ok,,618.640774514086,633.5320236832742,120871.30459999999,118.02323150634766
64,32,prefill,524288,dense,flashmla_dense_bf16_multiquery,ok,,611.8969040845856,608.4091739933776,244391.99999999994,245.7857208251953
64,32,prefill,2048,sparse,flashmla_sparse_bf16,ok,,624.5695463421258,618.8923386931083,935.2289999999999,0.9438080191612244
64,32,prefill,4096,sparse,flashmla_sparse_bf16,ok,,624.3116719617562,613.2575394047033,935.6152999999998,0.9524800181388855
64,32,prefill,8192,sparse,flashmla_sparse_bf16,ok,,554.0078305048643,562.4282985896812,1054.3452999999997,1.0385600328445435
64,32,prefill,16384,sparse,flashmla_sparse_bf16,ok,,475.60065253179977,481.8544667077233,1228.1639,1.212224006652832
64,32,prefill,32768,sparse,flashmla_sparse_bf16,ok,,401.51897592771894,399.94766265611077,1454.7645,1.460479974746704
64,32,prefill,65536,sparse,flashmla_sparse_bf16,ok,,360.9537826195339,360.3943130115599,1618.2558000000001,1.6207679510116577
64,32,prefill,131072,sparse,flashmla_sparse_bf16,ok,,354.8009327329071,353.2660795461434,1646.3191,1.6534719467163086
64,32,prefill,262144,sparse,flashmla_sparse_bf16,ok,,330.1991267938236,334.63392469932796,1768.9796999999999,1.745535969734192
64,32,prefill,524288,sparse,flashmla_sparse_bf16,ok,,334.25172510785075,332.2402484181772,1747.5318999999995,1.7581119537353516
128,32,prefill,2048,dense,flashmla_dense_bf16_multiquery,ok,,649.5292292301664,625.2140114839302,1826.6840999999997,1.8835840225219727
128,32,prefill,4096,dense,flashmla_dense_bf16_multiquery,ok,,694.1693556172377,608.2487441249879,3392.134499999999,3.8567678928375244
128,32,prefill,8192,dense,flashmla_dense_bf16_multiquery,ok,,665.259577038879,645.21154084821,7051.650500000001,7.25705623626709
128,32,prefill,16384,dense,flashmla_dense_bf16_multiquery,ok,,671.7572680237843,671.2508818923251,13939.7114,13.937055587768555
128,32,prefill,32768,dense,flashmla_dense_bf16_multiquery,ok,,600.7630597969157,633.4295137958572,31143.644700000004,29.523584365844727
128,32,prefill,65536,dense,flashmla_dense_bf16_multiquery,ok,,639.7945324312886,634.437435118974,58458.8443,58.93852615356445
128,32,prefill,131072,dense,flashmla_dense_bf16_multiquery,ok,,618.6942846759739,631.0667693350738,120875.6023,118.49174499511719
128,32,prefill,262144,dense,flashmla_dense_bf16_multiquery,ok,,606.7316578820352,608.8725443561242,246487.6079,245.6063995361328
128,32,prefill,524288,dense,flashmla_dense_bf16_multiquery,ok,,611.0781239838179,614.6076333776424,489438.91890000005,486.61383056640625
128,32,prefill,2048,sparse,flashmla_sparse_bf16,ok,,636.384898627816,597.7734869001927,1835.7304,1.9543039798736572
128,32,prefill,4096,sparse,flashmla_sparse_bf16,ok,,601.9433382006558,629.4674267310345,1940.7658999999996,1.85590398311615
128,32,prefill,8192,sparse,flashmla_sparse_bf16,ok,,559.0806209027508,522.330143289233,2089.557500000001,2.2365760803222656
128,32,prefill,16384,sparse,flashmla_sparse_bf16,ok,,468.9557716521576,479.1665952382446,2491.1328000000003,2.4380478858947754
128,32,prefill,32768,sparse,flashmla_sparse_bf16,ok,,395.9774428727416,393.92315686875423,2950.2465999999995,2.9656319618225098
128,32,prefill,65536,sparse,flashmla_sparse_bf16,ok,,362.2499084823943,361.3681953819233,3224.9314000000004,3.232800006866455
128,32,prefill,131072,sparse,flashmla_sparse_bf16,ok,,350.6798479731369,349.2578176515988,3331.332299999999,3.344896078109741
128,32,prefill,262144,sparse,flashmla_sparse_bf16,ok,,314.40785970516265,332.22209212764625,3715.6549,3.516416072845459
128,32,prefill,524288,sparse,flashmla_sparse_bf16,ok,,327.6836397463109,333.71318677756074,3565.1187999999993,3.500704050064087
256,32,prefill,2048,dense,flashmla_dense_bf16_multiquery,ok,,652.1780763818925,587.979608655405,3638.5299000000005,4.005727767944336
256,32,prefill,4096,dense,flashmla_dense_bf16_multiquery,ok,,685.5030870304907,632.3601964722795,6870.0371,7.419424057006836
256,32,prefill,8192,dense,flashmla_dense_bf16_multiquery,ok,,670.8587808490287,662.8929548481351,13985.5903,14.126976013183594
256,32,prefill,16384,dense,flashmla_dense_bf16_multiquery,ok,,649.2388353923936,637.0835316911352,28846.4027,29.3690242767334
256,32,prefill,32768,dense,flashmla_dense_bf16_multiquery,ok,,637.9918146084938,634.8828791267416,58652.637399999985,58.9119987487793
256,32,prefill,65536,dense,flashmla_dense_bf16_multiquery,ok,,614.9715412250763,623.482968263763,121637.0074,119.94812774658203
256,32,prefill,131072,dense,flashmla_dense_bf16_multiquery,ok,,603.867203084281,607.922466884674,247687.0541,246.00572204589844
256,32,prefill,262144,dense,flashmla_dense_bf16_multiquery,ok,,607.1618608307676,605.9399057102692,492625.91950000013,493.5901794433594
256,32,prefill,524288,dense,flashmla_dense_bf16_multiquery,skipped_memory_limit,skipped_memory_limit: estimated live tensors 146.1 GiB exceed current free GPU memory 78.6 GiB,,,,
256,32,prefill,2048,sparse,flashmla_sparse_bf16,ok,,621.3683726291914,585.0938464247051,3760.1885,3.993311882019043
256,32,prefill,4096,sparse,flashmla_sparse_bf16,ok,,608.2263598254539,546.3762476356669,3841.4352999999996,4.276288032531738
256,32,prefill,8192,sparse,flashmla_sparse_bf16,ok,,573.750223745088,495.0400079550346,4072.2637000000004,4.7197442054748535
256,32,prefill,16384,sparse,flashmla_sparse_bf16,ok,,452.5482479192564,451.5510115356756,5162.9019,5.174304008483887
256,32,prefill,32768,sparse,flashmla_sparse_bf16,ok,,399.79922431091006,398.54393916807004,5844.088900000001,5.8624958992004395
256,32,prefill,65536,sparse,flashmla_sparse_bf16,ok,,363.0745894419309,361.64920716868124,6435.212700000001,6.460576057434082
256,32,prefill,131072,sparse,flashmla_sparse_bf16,ok,,346.6494228388856,346.50969989690805,6740.1301,6.742847919464111
256,32,prefill,262144,sparse,flashmla_sparse_bf16,ok,,332.5622587931332,332.2901321153246,7025.638500000001,7.0313920974731445
256,32,prefill,524288,sparse,flashmla_sparse_bf16,skipped_memory_limit,skipped_memory_limit: estimated live tensors 145.1 GiB exceed current free GPU memory 78.6 GiB,,,,
1,64,prefill,2048,dense,flashmla_dense_bf16_multiquery,ok,,475.3736603499132,305.3095357577459,39.59839999999999,0.060736000537872314
1,64,prefill,4096,dense,flashmla_dense_bf16_multiquery,ok,,595.9379040877699,441.4214311207653,62.2173,0.08336000144481659
1,64,prefill,8192,dense,flashmla_dense_bf16_multiquery,ok,,670.23472489678,547.8960941763135,109.7897,0.1337919980287552
1,64,prefill,16384,dense,flashmla_dense_bf16_multiquery,ok,,717.1181372451185,642.9210944256101,204.42840000000004,0.22758400440216064
1,64,prefill,32768,dense,flashmla_dense_bf16_multiquery,ok,,738.5451393396387,706.1805402281203,396.2225,0.4139840006828308
1,64,prefill,65536,dense,flashmla_dense_bf16_multiquery,ok,,750.3053876478317,725.2844550914618,779.264,0.8057600259780884
1,64,prefill,131072,dense,flashmla_dense_bf16_multiquery,ok,,755.8916398002556,739.6000554915745,1546.2553999999998,1.5799360275268555
1,64,prefill,262144,dense,flashmla_dense_bf16_multiquery,ok,,761.5630373838156,654.6198160492474,3068.7317000000003,3.569632053375244
1,64,prefill,524288,dense,flashmla_dense_bf16_multiquery,ok,,754.8792199009607,655.1577732436725,6191.049800000001,7.132959842681885
1,64,prefill,2048,sparse,flashmla_sparse_bf16,ok,,317.16562166933375,259.284248677686,57.55230000000002,0.07039999961853027
1,64,prefill,4096,sparse,flashmla_sparse_bf16,ok,,321.3641278582545,261.18375371908553,56.8004,0.06988800317049026
1,64,prefill,8192,sparse,flashmla_sparse_bf16,ok,,319.95475959937323,261.4231540238191,57.050599999999996,0.06982400268316269
1,64,prefill,16384,sparse,flashmla_sparse_bf16,ok,,320.91947671464555,262.50590887198854,56.879100000000015,0.0695360004901886
1,64,prefill,32768,sparse,flashmla_sparse_bf16,ok,,300.77594742982177,256.0257415065198,60.68840000000002,0.07129599899053574
1,64,prefill,65536,sparse,flashmla_sparse_bf16,ok,,271.88884415733366,239.172052014029,67.1363,0.07631999999284744
1,64,prefill,131072,sparse,flashmla_sparse_bf16,ok,,273.48241306103364,229.36281709618626,66.74510000000001,0.07958400249481201
1,64,prefill,262144,sparse,flashmla_sparse_bf16,ok,,256.746685570737,214.93042735035036,71.09579999999998,0.084927998483181
1,64,prefill,524288,sparse,flashmla_sparse_bf16,ok,,249.88994707488095,221.43840502422034,73.04660000000001,0.08243200182914734
2,64,prefill,2048,dense,flashmla_dense_bf16_multiquery,ok,,608.5097569230621,500.41236528750545,61.869299999999996,0.07411199808120728
2,64,prefill,4096,dense,flashmla_dense_bf16_multiquery,ok,,651.6431370136753,588.6372126564586,113.7974,0.1250240057706833
2,64,prefill,8192,dense,flashmla_dense_bf16_multiquery,ok,,679.9798493849121,660.4450183583698,216.43250000000003,0.22198399901390076
2,64,prefill,16384,dense,flashmla_dense_bf16_multiquery,ok,,739.8062990713773,712.1094451739353,396.31809999999996,0.41094401478767395
2,64,prefill,32768,dense,flashmla_dense_bf16_multiquery,ok,,744.2746202066347,728.1888739353826,786.3446999999999,0.802944004535675
2,64,prefill,65536,dense,flashmla_dense_bf16_multiquery,ok,,740.96675936049,686.8244675597115,1578.1706,1.7017600536346436
2,64,prefill,131072,dense,flashmla_dense_bf16_multiquery,ok,,738.8885885141285,735.377539316218,3163.6746,3.178015947341919
2,64,prefill,262144,dense,flashmla_dense_bf16_multiquery,ok,,698.2511605329456,656.1226366633928,6693.9599,7.1229119300842285
2,64,prefill,524288,dense,flashmla_dense_bf16_multiquery,ok,,675.6991670047818,694.6050935890507,13833.063799999998,13.455743789672852
2,64,prefill,2048,sparse,flashmla_sparse_bf16,ok,,566.848881836165,505.2483198226011,64.40379999999999,0.07225599884986877
2,64,prefill,4096,sparse,flashmla_sparse_bf16,ok,,565.5842959171342,498.6235612382866,64.54780000000001,0.07321599870920181
2,64,prefill,8192,sparse,flashmla_sparse_bf16,ok,,551.1056466737919,493.87477929761536,66.24360000000001,0.07391999661922455
2,64,prefill,16384,sparse,flashmla_sparse_bf16,ok,,541.3529963669798,456.88855585404974,67.43699999999997,0.0799039974808693
2,64,prefill,32768,sparse,flashmla_sparse_bf16,ok,,460.2738909404497,396.8176298374291,79.31630000000003,0.09200000017881393
2,64,prefill,65536,sparse,flashmla_sparse_bf16,ok,,383.12024884247126,338.63184144427555,95.28919999999998,0.10780800133943558
2,64,prefill,131072,sparse,flashmla_sparse_bf16,ok,,352.05600552377496,316.55124803939026,103.69720000000002,0.11532799899578094
2,64,prefill,262144,sparse,flashmla_sparse_bf16,ok,,321.83469446298164,292.8261446921158,113.43470000000006,0.12467200309038162
2,64,prefill,524288,sparse,flashmla_sparse_bf16,ok,,314.0835780205638,285.14138916383126,116.23409999999998,0.12803199887275696
4,64,prefill,2048,dense,flashmla_dense_bf16_multiquery,ok,,582.8046444709674,556.387418213953,129.19619999999998,0.13331200182437897
4,64,prefill,4096,dense,flashmla_dense_bf16_multiquery,ok,,691.5894156603275,642.4935776580481,214.4489,0.22908799350261688
4,64,prefill,8192,dense,flashmla_dense_bf16_multiquery,ok,,741.8771877879649,699.6803677839735,396.7496000000001,0.4190720021724701
4,64,prefill,16384,dense,flashmla_dense_bf16_multiquery,ok,,742.8103922396725,722.7178202405194,789.4306,0.8098239898681641
4,64,prefill,32768,dense,flashmla_dense_bf16_multiquery,ok,,749.4448572049452,733.7596268791285,1561.8398000000002,1.5936959981918335
4,64,prefill,65536,dense,flashmla_dense_bf16_multiquery,ok,,728.9509463592316,671.7795659800005,3208.3694,3.4797439575195312
4,64,prefill,131072,dense,flashmla_dense_bf16_multiquery,ok,,729.8947785464172,676.7473715542151,6405.3152,6.906688213348389
4,64,prefill,262144,dense,flashmla_dense_bf16_multiquery,ok,,687.7449054596441,670.189325989953,13592.438800000004,13.946816444396973
4,64,prefill,524288,dense,flashmla_dense_bf16_multiquery,ok,,648.9272441704788,670.6332799359332,28807.512,27.87343978881836
4,64,prefill,2048,sparse,flashmla_sparse_bf16,ok,,587.5047496558144,540.815656039248,124.27890000000002,0.13500800728797913
4,64,prefill,4096,sparse,flashmla_sparse_bf16,ok,,568.2584148415301,528.0493722279333,128.4881,0.1382720023393631
4,64,prefill,8192,sparse,flashmla_sparse_bf16,ok,,571.0490366196831,522.9661732854609,127.86019999999999,0.139615997672081
4,64,prefill,16384,sparse,flashmla_sparse_bf16,ok,,539.2782341762382,493.5542621886664,135.3929,0.14793600142002106
4,64,prefill,32768,sparse,flashmla_sparse_bf16,ok,,481.37096359313887,442.79088397109405,151.68019999999996,0.16489599645137787
4,64,prefill,65536,sparse,flashmla_sparse_bf16,ok,,390.93470075585367,364.72207886342176,186.7689000000001,0.20019200444221497
4,64,prefill,131072,sparse,flashmla_sparse_bf16,ok,,355.8439413080868,341.82792985397487,205.18669999999997,0.21359999477863312
4,64,prefill,262144,sparse,flashmla_sparse_bf16,ok,,333.4670471031784,319.02983550079387,218.9555000000001,0.22886399924755096
4,64,prefill,524288,sparse,flashmla_sparse_bf16,ok,,325.3252788867342,310.26670376711996,224.43520000000007,0.23532800376415253
8,64,prefill,2048,dense,flashmla_dense_bf16_multiquery,ok,,659.6387343223747,594.1835617378034,228.29510000000005,0.24966399371623993
8,64,prefill,4096,dense,flashmla_dense_bf16_multiquery,ok,,720.7227970989456,680.6676009161566,411.5607,0.43248000741004944
8,64,prefill,8192,dense,flashmla_dense_bf16_multiquery,ok,,742.9366811666706,723.9483545542505,792.3676,0.81004798412323
8,64,prefill,16384,dense,flashmla_dense_bf16_multiquery,ok,,750.7736194173192,725.3259650957378,1562.1147,1.6138240098953247
8,64,prefill,32768,dense,flashmla_dense_bf16_multiquery,ok,,722.9811710635031,656.7303147453487,3238.0174000000006,3.5612480640411377
8,64,prefill,65536,dense,flashmla_dense_bf16_multiquery,ok,,677.4245716080405,691.3093054667584,6904.8098,6.762879848480225
8,64,prefill,131072,dense,flashmla_dense_bf16_multiquery,ok,,682.1687064130193,685.4105108650656,13706.891200000002,13.638784408569336
8,64,prefill,262144,dense,flashmla_dense_bf16_multiquery,ok,,658.7140948382847,666.5928334992989,28382.968,28.04412841796875
8,64,prefill,524288,dense,flashmla_dense_bf16_multiquery,ok,,640.5474067012839,656.3808990308198,58368.7614,56.95734405517578
8,64,prefill,2048,sparse,flashmla_sparse_bf16,ok,,608.306186016558,572.2852914890382,240.05819999999989,0.25516799092292786
8,64,prefill,4096,sparse,flashmla_sparse_bf16,ok,,611.9527953544373,574.0851205352227,238.62769999999992,0.25436800718307495
8,64,prefill,8192,sparse,flashmla_sparse_bf16,ok,,600.0477809157632,564.428270434305,243.36209999999997,0.2587200105190277
8,64,prefill,16384,sparse,flashmla_sparse_bf16,ok,,554.9915915036195,525.9800350221838,263.1191,0.2776319980621338
8,64,prefill,32768,sparse,flashmla_sparse_bf16,ok,,446.6716486111412,466.7487645310514,326.92670000000004,0.3128640055656433
8,64,prefill,65536,sparse,flashmla_sparse_bf16,ok,,386.61908150065364,381.30036807623367,377.70740000000006,0.3829759955406189
8,64,prefill,131072,sparse,flashmla_sparse_bf16,ok,,364.7374823355866,357.0178962703307,400.3670999999999,0.4090240001678467
8,64,prefill,262144,sparse,flashmla_sparse_bf16,ok,,341.78863820661064,333.67964386506907,427.2491,0.4376319944858551
8,64,prefill,524288,sparse,flashmla_sparse_bf16,ok,,332.9370526080116,325.0518479532164,438.60810000000004,0.44924798607826233
16,64,prefill,2048,dense,flashmla_dense_bf16_multiquery,ok,,603.473761637301,636.0894594738805,499.0848,0.46643200516700745
16,64,prefill,4096,dense,flashmla_dense_bf16_multiquery,ok,,717.8759622142497,688.7192102252702,826.3856,0.8548480272293091
16,64,prefill,8192,dense,flashmla_dense_bf16_multiquery,ok,,742.1938481290015,672.3544220347616,1586.3212999999998,1.7444159984588623
16,64,prefill,16384,dense,flashmla_dense_bf16_multiquery,ok,,733.7365173885203,654.2886002908054,3196.7728999999995,3.57807993888855
16,64,prefill,32768,dense,flashmla_dense_bf16_multiquery,ok,,688.2890795961596,669.6554142777552,6802.4488,6.9850239753723145
16,64,prefill,65536,dense,flashmla_dense_bf16_multiquery,ok,,622.5020181028982,674.4979187976026,15028.024599999999,13.862879753112793
16,64,prefill,131072,dense,flashmla_dense_bf16_multiquery,ok,,654.3474846835555,665.07876479522,28579.347999999998,28.1114559173584
16,64,prefill,262144,dense,flashmla_dense_bf16_multiquery,ok,,643.8604768576037,658.3582950629745,58075.504700000005,56.789791107177734
16,64,prefill,524288,dense,flashmla_dense_bf16_multiquery,ok,,629.4040057947018,635.4075498801724,118804.32409999997,117.67475128173828
16,64,prefill,2048,sparse,flashmla_sparse_bf16,ok,,571.1035294412115,612.4139927460324,511.392,0.4768959879875183
16,64,prefill,4096,sparse,flashmla_sparse_bf16,ok,,624.2402151065317,602.2703761475105,467.8612,0.4849280118942261
16,64,prefill,8192,sparse,flashmla_sparse_bf16,ok,,611.5933401614411,594.5801630693164,477.53590000000014,0.4912000000476837
16,64,prefill,16384,sparse,flashmla_sparse_bf16,ok,,544.4927089287156,538.232326409325,536.3851,0.5426239967346191
16,64,prefill,32768,sparse,flashmla_sparse_bf16,ok,,438.51985603178105,470.4781353633915,666.0080999999999,0.6207680106163025
16,64,prefill,65536,sparse,flashmla_sparse_bf16,ok,,379.9592615001129,386.5161306250474,768.6555,0.7556160092353821
16,64,prefill,131072,sparse,flashmla_sparse_bf16,ok,,362.55734116302267,362.793862087935,805.5492,0.8050240278244019
16,64,prefill,262144,sparse,flashmla_sparse_bf16,ok,,344.4608457081771,340.2731060894578,847.8692999999997,0.8583040237426758
16,64,prefill,524288,sparse,flashmla_sparse_bf16,ok,,336.5356773952681,332.3430738812683,867.8360000000002,0.8787840008735657
32,64,prefill,2048,dense,flashmla_dense_bf16_multiquery,ok,,646.6770149561378,642.013627096223,931.4838,0.9242560267448425
32,64,prefill,4096,dense,flashmla_dense_bf16_multiquery,ok,,717.1066471414516,666.7311230399798,1654.5443,1.7660800218582153
32,64,prefill,8192,dense,flashmla_dense_bf16_multiquery,ok,,715.7054980055848,663.4756895565878,3290.062500000001,3.535520076751709
32,64,prefill,16384,dense,flashmla_dense_bf16_multiquery,ok,,670.4024806059753,661.8652593687857,6997.554699999999,7.074240207672119
32,64,prefill,32768,dense,flashmla_dense_bf16_multiquery,ok,,656.8400325271147,671.4703381009267,14256.290699999998,13.93228816986084
32,64,prefill,65536,dense,flashmla_dense_bf16_multiquery,ok,,639.461305839301,657.541583217495,29258.926400000004,28.440736770629883
32,64,prefill,131072,dense,flashmla_dense_bf16_multiquery,ok,,643.0977572665995,647.8547975597629,58158.57470000001,57.7176628112793
32,64,prefill,262144,dense,flashmla_dense_bf16_multiquery,ok,,626.1369262761837,635.0564860914749,119438.8019,117.74710083007812
32,64,prefill,524288,dense,flashmla_dense_bf16_multiquery,ok,,615.4958499955317,619.6478907458446,242977.81209999992,241.335205078125
32,64,prefill,2048,sparse,flashmla_sparse_bf16,ok,,637.6301272333518,626.6688725675367,916.0726999999999,0.932096004486084
32,64,prefill,4096,sparse,flashmla_sparse_bf16,ok,,629.6281609041396,623.0964817883403,927.7151,0.9374399781227112
32,64,prefill,8192,sparse,flashmla_sparse_bf16,ok,,571.6589885634056,612.7634545865876,1021.7902000000001,0.9532480239868164
32,64,prefill,16384,sparse,flashmla_sparse_bf16,ok,,531.4595981868441,552.6038681328324,1099.0779999999997,1.0570240020751953
32,64,prefill,32768,sparse,flashmla_sparse_bf16,ok,,471.29566488599494,475.3049540308342,1239.3823999999997,1.2289279699325562
32,64,prefill,65536,sparse,flashmla_sparse_bf16,ok,,391.5664111437062,391.05384381195415,1491.7407,1.4936959743499756
32,64,prefill,131072,sparse,flashmla_sparse_bf16,ok,,358.35153862581336,361.8302182847523,1630.0070999999998,1.6143360137939453
32,64,prefill,262144,sparse,flashmla_sparse_bf16,ok,,344.39260646672017,341.9431716048825,1696.0746000000004,1.7082240581512451
32,64,prefill,524288,sparse,flashmla_sparse_bf16,ok,,338.701513079294,335.8406477872864,1724.5732000000003,1.7392640113830566
64,64,prefill,2048,dense,flashmla_dense_bf16_multiquery,ok,,668.0257390096988,610.1670140579187,1803.431,1.944991946220398
64,64,prefill,4096,dense,flashmla_dense_bf16_multiquery,ok,,659.4694815213604,628.5983547117092,3598.3006,3.746432065963745
64,64,prefill,8192,dense,flashmla_dense_bf16_multiquery,ok,,654.9410614112637,668.7416359179476,7190.619000000001,7.015359878540039
64,64,prefill,16384,dense,flashmla_dense_bf16_multiquery,ok,,658.5613021471071,674.067831677954,14246.7467,13.892352104187012
64,64,prefill,32768,dense,flashmla_dense_bf16_multiquery,ok,,622.9909077124379,655.6367497051499,30061.762800000004,28.537504196166992
64,64,prefill,65536,dense,flashmla_dense_bf16_multiquery,ok,,633.344008582575,638.0230744847757,59083.0608,58.62160110473633
64,64,prefill,131072,dense,flashmla_dense_bf16_multiquery,ok,,620.6448631408106,624.6107174295672,120525.12210000001,119.7311019897461
64,64,prefill,262144,dense,flashmla_dense_bf16_multiquery,ok,,612.3690359737093,614.0536048772503,244248.28790000002,243.54896545410156
64,64,prefill,524288,dense,flashmla_dense_bf16_multiquery,ok,,611.5587683051247,614.6820928215159,489084.10029999993,486.5697326660156
64,64,prefill,2048,sparse,flashmla_sparse_bf16,ok,,649.269629747206,615.5323179237339,1799.3004000000005,1.89792001247406
64,64,prefill,4096,sparse,flashmla_sparse_bf16,ok,,612.7021193212164,598.2240737262829,1906.6869,1.9528319835662842
64,64,prefill,8192,sparse,flashmla_sparse_bf16,ok,,612.7460823148575,593.5072223586827,1906.5501000000004,1.96835196018219
64,64,prefill,16384,sparse,flashmla_sparse_bf16,ok,,542.3123283556621,518.6126804846951,2154.1665999999996,2.252608060836792
64,64,prefill,32768,sparse,flashmla_sparse_bf16,ok,,449.6725966846362,475.67034692095274,2597.9593000000004,2.455967903137207
64,64,prefill,65536,sparse,flashmla_sparse_bf16,ok,,391.7128826088336,388.1764809188674,2982.3658,3.009536027908325
64,64,prefill,131072,sparse,flashmla_sparse_bf16,ok,,360.26225743719607,359.99981151697983,3242.7241000000004,3.2450881004333496
64,64,prefill,262144,sparse,flashmla_sparse_bf16,ok,,341.9310030502232,340.80360179765836,3416.5697,3.4278719425201416
64,64,prefill,524288,sparse,flashmla_sparse_bf16,ok,,330.53278375549036,337.15571648182186,3534.388,3.4649600982666016
128,64,prefill,2048,dense,flashmla_dense_bf16_multiquery,ok,,655.0058599210657,587.5610507308543,3678.5574,4.039648056030273
128,64,prefill,4096,dense,flashmla_dense_bf16_multiquery,ok,,655.4732865478298,632.7708467645457,7240.476400000001,7.443456172943115
128,64,prefill,8192,dense,flashmla_dense_bf16_multiquery,ok,,665.514369180869,666.879964276334,14152.757199999998,14.0698881149292
128,64,prefill,16384,dense,flashmla_dense_bf16_multiquery,ok,,613.3981287465771,640.8865093008715,30591.407499999994,29.22323226928711
128,64,prefill,32768,dense,flashmla_dense_bf16_multiquery,ok,,633.1469068599432,633.6136779953524,59159.113600000004,59.058815002441406
128,64,prefill,65536,dense,flashmla_dense_bf16_multiquery,ok,,617.3712245573543,624.7705707812037,121223.34530000002,119.73014068603516
128,64,prefill,131072,dense,flashmla_dense_bf16_multiquery,ok,,611.8339129305779,610.3152789695913,244521.58119999996,245.07113647460938
128,64,prefill,262144,dense,flashmla_dense_bf16_multiquery,ok,,607.4187780917482,610.2291457809152,492477.6579,490.15069580078125
128,64,prefill,524288,dense,flashmla_dense_bf16_multiquery,ok,,607.0652939131858,607.8311097636948,985408.5647,984.10791015625
128,64,prefill,2048,sparse,flashmla_sparse_bf16,ok,,645.5655310517899,563.1571258842118,3619.2487,4.148863792419434
128,64,prefill,4096,sparse,flashmla_sparse_bf16,ok,,630.9972434775126,559.0992090070707,3702.808899999999,4.178976058959961
128,64,prefill,8192,sparse,flashmla_sparse_bf16,ok,,592.7208814654235,549.8821037792358,3941.9266000000002,4.249023914337158
128,64,prefill,16384,sparse,flashmla_sparse_bf16,ok,,554.6219230920057,493.25417051796694,4212.7116,4.736832141876221
128,64,prefill,32768,sparse,flashmla_sparse_bf16,ok,,465.717060703558,444.49177255086744,5016.9135000000015,5.2564802169799805
128,64,prefill,65536,sparse,flashmla_sparse_bf16,ok,,390.98719999890227,387.4966454933647,5975.8023,6.029632091522217
128,64,prefill,131072,sparse,flashmla_sparse_bf16,ok,,360.73336991479493,360.09037059877363,6476.978300000002,6.48854398727417
128,64,prefill,262144,sparse,flashmla_sparse_bf16,ok,,341.1594432474022,340.4571663585546,6848.5931,6.862720012664795
128,64,prefill,524288,sparse,flashmla_sparse_bf16,ok,,338.24097473346114,337.7718037197375,6907.685299999997,6.917280197143555
256,64,prefill,2048,dense,flashmla_dense_bf16_multiquery,ok,,633.7321223885223,607.7372977903881,7604.085600000001,7.811071872711182
256,64,prefill,4096,dense,flashmla_dense_bf16_multiquery,ok,,655.7150655689319,635.0190334551855,14475.613299999997,14.834207534790039
256,64,prefill,8192,dense,flashmla_dense_bf16_multiquery,ok,,651.9525898460936,639.1346854133715,28894.3197,29.361343383789062
256,64,prefill,16384,dense,flashmla_dense_bf16_multiquery,ok,,652.1007520822722,637.8040969243924,57551.57329999999,58.72892761230469
256,64,prefill,32768,dense,flashmla_dense_bf16_multiquery,ok,,618.397216603315,624.662022175287,121140.29230000002,119.810302734375
256,64,prefill,65536,dense,flashmla_dense_bf16_multiquery,ok,,606.2025245603958,609.3061162613004,246913.53830000004,245.5378875732422
256,64,prefill,131072,dense,flashmla_dense_bf16_multiquery,ok,,609.8322300157437,609.768267510498,490648.3733,490.58197021484375
256,64,prefill,262144,dense,flashmla_dense_bf16_multiquery,ok,,608.7266389586907,604.7232070242871,982839.1204,989.2269287109375
256,64,prefill,524288,dense,flashmla_dense_bf16_multiquery,skipped_memory_limit,skipped_memory_limit: estimated live tensors 148.2 GiB exceed current free GPU memory 78.6 GiB,,,,
256,64,prefill,2048,sparse,flashmla_sparse_bf16,ok,,610.595898060431,594.6358675523211,7653.0557,7.858463764190674
256,64,prefill,4096,sparse,flashmla_sparse_bf16,ok,,607.1160607386244,595.0574528154317,7696.921100000001,7.852896213531494
256,64,prefill,8192,sparse,flashmla_sparse_bf16,ok,,506.71744022638137,572.3682519644364,9221.953000000003,8.164192199707031
256,64,prefill,16384,sparse,flashmla_sparse_bf16,ok,,484.77972132360975,523.8723502917378,9639.2737,8.919967651367188
256,64,prefill,32768,sparse,flashmla_sparse_bf16,ok,,446.13291955765885,463.8826976450072,10474.287400000001,10.073504447937012
256,64,prefill,65536,sparse,flashmla_sparse_bf16,ok,,390.72498190854714,389.60775884324113,11959.625399999999,11.99392032623291
256,64,prefill,131072,sparse,flashmla_sparse_bf16,ok,,357.0916650215706,357.0816136034893,13086.0641,13.086432456970215
256,64,prefill,262144,sparse,flashmla_sparse_bf16,ok,,339.11684721922813,338.9706306392687,13779.688199999999,13.785632133483887
256,64,prefill,524288,sparse,flashmla_sparse_bf16,skipped_memory_limit,skipped_memory_limit: estimated live tensors 146.3 GiB exceed current free GPU memory 78.6 GiB,,,,
1,128,prefill,2048,dense,flashmla_dense_bf16_multiquery,ok,,668.5497701979506,503.32794947124313,58.01950000000001,0.07481600344181061
1,128,prefill,4096,dense,flashmla_dense_bf16_multiquery,ok,,717.003717640337,589.5781095086958,105.01500000000001,0.125791996717453
1,128,prefill,8192,dense,flashmla_dense_bf16_multiquery,ok,,731.2334156220344,666.6665845779659,202.82249999999993,0.220768004655838
1,128,prefill,16384,dense,flashmla_dense_bf16_multiquery,ok,,739.9922805348551,714.4990421447147,397.7601999999999,0.4103679955005646
1,128,prefill,32768,dense,flashmla_dense_bf16_multiquery,ok,,739.1443074239604,733.3122845305677,793.3461,0.7981119751930237
1,128,prefill,65536,dense,flashmla_dense_bf16_multiquery,ok,,739.5999240302391,699.5377317766103,1582.6297,1.6716480255126953
1,128,prefill,131072,dense,flashmla_dense_bf16_multiquery,ok,,742.9204335941126,675.3668116149835,3148.0408999999995,3.4612479209899902
1,128,prefill,262144,dense,flashmla_dense_bf16_multiquery,ok,,682.1452165831573,685.8566006357494,6853.681599999999,6.814943790435791
1,128,prefill,524288,dense,flashmla_dense_bf16_multiquery,ok,,677.4034731988204,694.6788491679625,13799.944800000001,13.4551362991333
1,128,prefill,2048,sparse,flashmla_sparse_bf16,ok,,610.0469395237237,503.2424665195906,59.84329999999991,0.07254400104284286
1,128,prefill,4096,sparse,flashmla_sparse_bf16,ok,,605.4506649684237,504.13198715234745,60.29759999999997,0.07241600006818771
1,128,prefill,8192,sparse,flashmla_sparse_bf16,ok,,603.7774439631712,497.1026934882595,60.464700000000065,0.07344000041484833
1,128,prefill,16384,sparse,flashmla_sparse_bf16,ok,,585.502960070182,496.02202725425354,62.35190000000004,0.07360000163316727
1,128,prefill,32768,sparse,flashmla_sparse_bf16,ok,,524.7959740442697,442.53322574285886,69.5646,0.08249600231647491
1,128,prefill,65536,sparse,flashmla_sparse_bf16,ok,,464.7552499443042,399.8775533294047,78.55149999999999,0.0912960022687912
1,128,prefill,131072,sparse,flashmla_sparse_bf16,ok,,405.5844261504654,352.7676893393441,90.01140000000001,0.1034879982471466
1,128,prefill,262144,sparse,flashmla_sparse_bf16,ok,,341.79463812512637,310.85849762564123,106.8104,0.11744000017642975
1,128,prefill,524288,sparse,flashmla_sparse_bf16,ok,,325.6462309757646,295.1748151212746,112.1069999999999,0.1236800029873848
2,128,prefill,2048,dense,flashmla_dense_bf16_multiquery,ok,,604.5975533616183,562.3803148182677,128.3132,0.13391999900341034
2,128,prefill,4096,dense,flashmla_dense_bf16_multiquery,ok,,709.4932838076016,643.250489337889,212.2533,0.23059199750423431
2,128,prefill,8192,dense,flashmla_dense_bf16_multiquery,ok,,735.5652620753907,699.8376007836747,403.25610000000006,0.4206080138683319
2,128,prefill,16384,dense,flashmla_dense_bf16_multiquery,ok,,754.7774750143315,724.0979645629038,779.9370999999999,0.8098559975624084
2,128,prefill,32768,dense,flashmla_dense_bf16_multiquery,ok,,751.6943051480405,690.3927983737829,1560.2014,1.6954560279846191
2,128,prefill,65536,dense,flashmla_dense_bf16_multiquery,ok,,749.3534094394067,738.2976752814299,3124.0607999999993,3.167776107788086
2,128,prefill,131072,dense,flashmla_dense_bf16_multiquery,ok,,680.4738782673508,660.1931513078293,6873.868299999999,7.081600189208984
2,128,prefill,262144,dense,flashmla_dense_bf16_multiquery,ok,,686.3235177504616,686.1030163533652,13623.913499999995,13.624992370605469
2,128,prefill,524288,dense,flashmla_dense_bf16_multiquery,ok,,662.3864640050314,670.8960403158994,28225.608599999996,27.86422348022461
2,128,prefill,2048,sparse,flashmla_sparse_bf16,ok,,599.649841181717,545.2094128983726,121.76180000000002,0.13391999900341034
2,128,prefill,4096,sparse,flashmla_sparse_bf16,ok,,595.5034844906106,543.1329032954319,122.60960000000004,0.13443200290203094
2,128,prefill,8192,sparse,flashmla_sparse_bf16,ok,,595.6331921662809,526.222647589349,122.58290000000002,0.13875199854373932
2,128,prefill,16384,sparse,flashmla_sparse_bf16,ok,,578.2461228110193,518.6863540690844,126.26879999999997,0.14076800644397736
2,128,prefill,32768,sparse,flashmla_sparse_bf16,ok,,547.9688937721019,444.34299498809725,133.24560000000005,0.16432000696659088
2,128,prefill,65536,sparse,flashmla_sparse_bf16,ok,,468.3944052182928,432.87828461535804,155.88240000000002,0.16867199540138245
2,128,prefill,131072,sparse,flashmla_sparse_bf16,ok,,395.24566984135913,382.2585621199563,184.73180000000005,0.19100800156593323
2,128,prefill,262144,sparse,flashmla_sparse_bf16,ok,,351.25642675467185,336.2861172874191,207.8665,0.2171200066804886
2,128,prefill,524288,sparse,flashmla_sparse_bf16,ok,,335.56637238568527,321.0498689752883,217.5857,0.2274239957332611
4,128,prefill,2048,dense,flashmla_dense_bf16_multiquery,ok,,649.2829006459953,610.126156555475,238.9646999999999,0.24687999486923218
4,128,prefill,4096,dense,flashmla_dense_bf16_multiquery,ok,,709.2602089881432,683.7175456424534,424.6461000000001,0.4338879883289337
4,128,prefill,8192,dense,flashmla_dense_bf16_multiquery,ok,,737.648298139834,721.3791036201259,804.2347000000001,0.8160960078239441
4,128,prefill,16384,dense,flashmla_dense_bf16_multiquery,ok,,750.3794637851848,732.9748765962547,1569.0166999999997,1.6000959873199463
4,128,prefill,32768,dense,flashmla_dense_bf16_multiquery,ok,,723.0914346027383,657.4537221135304,3243.8346,3.560800075531006
4,128,prefill,65536,dense,flashmla_dense_bf16_multiquery,ok,,693.3092060151986,656.5041005352736,6753.193499999999,7.124896049499512
4,128,prefill,131072,dense,flashmla_dense_bf16_multiquery,ok,,651.7944806875092,687.9959154661955,14352.646299999999,13.590847969055176
4,128,prefill,262144,dense,flashmla_dense_bf16_multiquery,ok,,661.0111471432473,674.4602211625316,28291.239199999993,27.72038459777832
4,128,prefill,524288,dense,flashmla_dense_bf16_multiquery,ok,,646.2520683383145,649.969163136518,57860.584100000015,57.52272033691406
4,128,prefill,2048,sparse,flashmla_sparse_bf16,ok,,581.5694412422416,583.3315747267759,251.09449999999998,0.2503359913825989
4,128,prefill,4096,sparse,flashmla_sparse_bf16,ok,,600.3401037642924,584.6019534961612,243.24359999999996,0.24979199469089508
4,128,prefill,8192,sparse,flashmla_sparse_bf16,ok,,598.0988644677093,576.1144736156938,244.15510000000003,0.2534720003604889
4,128,prefill,16384,sparse,flashmla_sparse_bf16,ok,,576.4717672114828,561.4422384762129,253.3149,0.26009601354599
4,128,prefill,32768,sparse,flashmla_sparse_bf16,ok,,465.5512058068894,538.327589197086,313.6687999999999,0.271263986825943
4,128,prefill,65536,sparse,flashmla_sparse_bf16,ok,,450.7292593328798,452.13542541309266,323.9836,0.3229759931564331
4,128,prefill,131072,sparse,flashmla_sparse_bf16,ok,,396.27340078055846,394.9630227357572,368.5054,0.3697279989719391
4,128,prefill,262144,sparse,flashmla_sparse_bf16,ok,,353.2647862602344,348.2450173339498,413.3695000000001,0.4193280041217804
4,128,prefill,524288,sparse,flashmla_sparse_bf16,ok,,338.5167647722906,334.36422046490657,431.3785999999999,0.43673598766326904
8,128,prefill,2048,dense,flashmla_dense_bf16_multiquery,ok,,653.4077705209994,641.5159495496323,474.91229999999996,0.46959999203681946
8,128,prefill,4096,dense,flashmla_dense_bf16_multiquery,ok,,721.1149449074215,696.8486625903543,835.3303000000002,0.851423978805542
8,128,prefill,8192,dense,flashmla_dense_bf16_multiquery,ok,,746.3790340340644,728.6360248169489,1589.6544,1.615936040878296
8,128,prefill,16384,dense,flashmla_dense_bf16_multiquery,ok,,715.1808174139571,670.3541494499759,3292.476200000001,3.499135971069336
8,128,prefill,32768,dense,flashmla_dense_bf16_multiquery,ok,,690.1486249580463,670.136808243276,6797.344599999999,6.986815929412842
8,128,prefill,65536,dense,flashmla_dense_bf16_multiquery,ok,,669.5100211987261,686.0840688082477,13986.5008,13.63542366027832
8,128,prefill,131072,dense,flashmla_dense_bf16_multiquery,ok,,650.0817021475073,666.2877819629675,28780.9228,28.06729507446289
8,128,prefill,262144,dense,flashmla_dense_bf16_multiquery,ok,,647.6809383027032,649.9666582538182,57747.02749999999,57.5300178527832
8,128,prefill,524288,dense,flashmla_dense_bf16_multiquery,ok,,637.5960591672323,642.9837796747762,117292.19969999997,116.29529571533203
8,128,prefill,2048,sparse,flashmla_sparse_bf16,ok,,622.600745711087,613.3605980416813,469.09319999999997,0.4761599898338318
8,128,prefill,4096,sparse,flashmla_sparse_bf16,ok,,626.8861109476235,608.0888483325577,465.88650000000007,0.48028799891471863
8,128,prefill,8192,sparse,flashmla_sparse_bf16,ok,,625.4179002193241,606.069830402577,466.98019999999997,0.4818879961967468
8,128,prefill,16384,sparse,flashmla_sparse_bf16,ok,,570.3037089120836,590.5024133979209,512.1092000000001,0.49459201097488403
8,128,prefill,32768,sparse,flashmla_sparse_bf16,ok,,506.83708780430237,539.6006330591528,576.2360000000001,0.5412480235099792
8,128,prefill,65536,sparse,flashmla_sparse_bf16,ok,,450.64246453898534,452.24743069043114,648.0919999999999,0.6457920074462891
8,128,prefill,131072,sparse,flashmla_sparse_bf16,ok,,396.1618643053218,396.5762417948068,737.2183,0.7364479899406433
8,128,prefill,262144,sparse,flashmla_sparse_bf16,ok,,352.67038957538676,352.6041298836667,828.1324000000001,0.8282880187034607
8,128,prefill,524288,sparse,flashmla_sparse_bf16,ok,,342.2522518004825,341.48259880072743,853.3407,0.8552640080451965
16,128,prefill,2048,dense,flashmla_dense_bf16_multiquery,ok,,668.7545794936941,639.0555075653518,928.0276999999999,0.9428160190582275
16,128,prefill,4096,dense,flashmla_dense_bf16_multiquery,ok,,722.235523617885,659.8004525165209,1668.0685,1.7984639406204224
16,128,prefill,8192,dense,flashmla_dense_bf16_multiquery,ok,,725.1592937083628,640.553323668215,3272.3423000000003,3.676287889480591
16,128,prefill,16384,dense,flashmla_dense_bf16_multiquery,ok,,682.0318416772211,678.146594641502,6905.0026,6.917856216430664
16,128,prefill,32768,dense,flashmla_dense_bf16_multiquery,ok,,654.8697924462609,686.7844377216486,14327.055800000002,13.63491153717041
16,128,prefill,65536,dense,flashmla_dense_bf16_multiquery,ok,,660.4274246797252,661.507289554935,28357.7032,28.284032821655273
16,128,prefill,131072,dense,flashmla_dense_bf16_multiquery,ok,,640.6463699461168,643.2263747147857,58409.60679999997,58.14716720581055
16,128,prefill,262144,dense,flashmla_dense_bf16_multiquery,ok,,630.4375674552385,641.3787073038804,118652.98289999999,116.60066986083984
16,128,prefill,524288,dense,flashmla_dense_bf16_multiquery,ok,,623.5334147984461,625.6230611670728,239875.01720000003,239.04486083984375
16,128,prefill,2048,sparse,flashmla_sparse_bf16,ok,,633.4379444233462,631.1760284759407,922.1353999999999,0.9254400134086609
16,128,prefill,4096,sparse,flashmla_sparse_bf16,ok,,635.3644282579427,626.0670657779132,919.3394000000001,0.9329919815063477
16,128,prefill,8192,sparse,flashmla_sparse_bf16,ok,,583.3047586414882,619.5855855859046,1001.3900000000003,0.9427520036697388
16,128,prefill,16384,sparse,flashmla_sparse_bf16,ok,,565.2861531380482,597.5191186002522,1033.3094999999998,0.9775679707527161
16,128,prefill,32768,sparse,flashmla_sparse_bf16,ok,,530.901394263909,535.0140918105415,1100.2336000000003,1.0917760133743286
16,128,prefill,65536,sparse,flashmla_sparse_bf16,ok,,419.94215021766894,434.1343125130275,1390.9429,1.345471978187561
16,128,prefill,131072,sparse,flashmla_sparse_bf16,ok,,389.1895160932677,386.8191871731648,1500.8511999999998,1.5100480318069458
16,128,prefill,262144,sparse,flashmla_sparse_bf16,ok,,352.8520708174159,350.46485268059405,1655.4119999999998,1.6666879653930664
16,128,prefill,524288,sparse,flashmla_sparse_bf16,ok,,342.543096477823,342.1033890791544,1705.2323000000001,1.7074240446090698
32,128,prefill,2048,dense,flashmla_dense_bf16_multiquery,ok,,689.778136849361,642.2599395791267,1799.4852000000003,1.8762240409851074
32,128,prefill,4096,dense,flashmla_dense_bf16_multiquery,ok,,710.0184091054623,642.498163521093,3393.5410999999995,3.6937921047210693
32,128,prefill,8192,dense,flashmla_dense_bf16_multiquery,ok,,694.8805766722161,648.5840976369711,6829.862599999999,7.261536121368408
32,128,prefill,16384,dense,flashmla_dense_bf16_multiquery,ok,,648.16571224409,664.8033707965167,14531.566700000001,14.113408088684082
32,128,prefill,32768,dense,flashmla_dense_bf16_multiquery,ok,,607.995726105961,646.5598409476005,30863.230300000007,28.966367721557617
32,128,prefill,65536,dense,flashmla_dense_bf16_multiquery,ok,,644.6925447354606,635.6557108708325,58099.6478,58.8686408996582
32,128,prefill,131072,dense,flashmla_dense_bf16_multiquery,ok,,628.8545665633486,629.5549790115892,119009.7188,118.81977844238281
32,128,prefill,262144,dense,flashmla_dense_bf16_multiquery,ok,,613.6831147719602,622.1305414798743,243784.76810000004,240.4163818359375
32,128,prefill,524288,dense,flashmla_dense_bf16_multiquery,ok,,607.743692115572,613.5922453949963,492214.36779999983,487.4637145996094
32,128,prefill,2048,sparse,flashmla_sparse_bf16,ok,,647.9560003509806,603.2257362870107,1802.9482000000003,1.9366400241851807
32,128,prefill,4096,sparse,flashmla_sparse_bf16,ok,,636.2442527476993,643.9231403614888,1836.1362000000001,1.8142399787902832
32,128,prefill,8192,sparse,flashmla_sparse_bf16,ok,,638.2597665086994,597.4408725637606,1830.3380000000002,1.9553920030593872
32,128,prefill,16384,sparse,flashmla_sparse_bf16,ok,,599.1138584556578,608.2104089638214,1949.9316999999999,1.9207680225372314
32,128,prefill,32768,sparse,flashmla_sparse_bf16,ok,,463.1709245957037,541.1123045382427,2522.2462,2.1589438915252686
32,128,prefill,65536,sparse,flashmla_sparse_bf16,ok,,426.1851456695752,428.971852013313,2741.1351999999997,2.723328113555908
32,128,prefill,131072,sparse,flashmla_sparse_bf16,ok,,375.1698221301782,376.5377907904278,3113.8728,3.102560043334961
32,128,prefill,262144,sparse,flashmla_sparse_bf16,ok,,351.9246135347349,350.58263138069304,3319.549300000001,3.3322560787200928
32,128,prefill,524288,sparse,flashmla_sparse_bf16,ok,,343.7966441702948,341.9271604969347,3398.0293999999994,3.4166080951690674
64,128,prefill,2048,dense,flashmla_dense_bf16_multiquery,ok,,680.4745793625478,600.9301083919443,3648.1760999999997,4.010528087615967
64,128,prefill,4096,dense,flashmla_dense_bf16_multiquery,ok,,689.9525507505177,633.6952449159091,6984.470600000001,7.490208148956299
64,128,prefill,8192,dense,flashmla_dense_bf16_multiquery,ok,,669.7849176747383,664.473960306244,14171.530999999999,14.175775527954102
64,128,prefill,16384,dense,flashmla_dense_bf16_multiquery,ok,,604.2868457866712,639.2002141636101,31173.484400000005,29.357440948486328
64,128,prefill,32768,dense,flashmla_dense_bf16_multiquery,ok,,635.5587519023787,631.112812442794,59049.49639999999,59.35068893432617
64,128,prefill,65536,dense,flashmla_dense_bf16_multiquery,ok,,621.856563361961,628.7479043124885,120466.3969,119.03081512451172
64,128,prefill,131072,dense,flashmla_dense_bf16_multiquery,ok,,614.3283736667611,615.4975263824275,243647.5616,243.06704711914062
64,128,prefill,262144,dense,flashmla_dense_bf16_multiquery,ok,,607.5004773406995,608.075542054828,492531.6157000001,491.9466857910156
64,128,prefill,524288,dense,flashmla_dense_bf16_multiquery,ok,,604.7423943841558,604.8407063826801,989314.3923000001,989.0338134765625
64,128,prefill,2048,sparse,flashmla_sparse_bf16,ok,,623.3245854008111,575.7510206335179,3748.3877,4.058112144470215
64,128,prefill,4096,sparse,flashmla_sparse_bf16,ok,,630.5552530309511,597.8273114111319,3705.4044000000004,3.9082560539245605
64,128,prefill,8192,sparse,flashmla_sparse_bf16,ok,,630.4305928196776,571.5058637011188,3706.137099999999,4.088255882263184
64,128,prefill,16384,sparse,flashmla_sparse_bf16,ok,,548.0518497627307,522.4011453125265,4263.2137999999995,4.472544193267822
64,128,prefill,32768,sparse,flashmla_sparse_bf16,ok,,481.0607269308554,464.2322287050769,4856.8966,5.032959938049316
64,128,prefill,65536,sparse,flashmla_sparse_bf16,ok,,436.64574415244056,428.09661716466945,5350.9331999999995,5.457791805267334
64,128,prefill,131072,sparse,flashmla_sparse_bf16,ok,,377.0374932250761,375.6331362052969,6196.8962,6.220064163208008
64,128,prefill,262144,sparse,flashmla_sparse_bf16,ok,,350.35231017847735,349.27285458368925,6668.893399999998,6.689504146575928
64,128,prefill,524288,sparse,flashmla_sparse_bf16,ok,,342.6040636569673,342.18997039301604,6819.715399999999,6.827968120574951
128,128,prefill,2048,dense,flashmla_dense_bf16_multiquery,ok,,642.4329056551354,610.9006673919275,7728.405799999999,7.890143871307373
128,128,prefill,4096,dense,flashmla_dense_bf16_multiquery,ok,,663.7117786130241,637.3000965628648,14521.222800000003,14.89568042755127
128,128,prefill,8192,dense,flashmla_dense_bf16_multiquery,ok,,612.2695485591126,635.1189565926041,31005.5522,29.661951065063477
128,128,prefill,16384,dense,flashmla_dense_bf16_multiquery,ok,,617.6502896400253,626.2515484979028,60998.0336,59.928897857666016
128,128,prefill,32768,dense,flashmla_dense_bf16_multiquery,ok,,616.4434515258814,611.6308714043247,121761.1255,122.48230743408203
128,128,prefill,65536,dense,flashmla_dense_bf16_multiquery,ok,,606.8116969920368,607.0341556984451,246906.3136,246.5771484375
128,128,prefill,131072,dense,flashmla_dense_bf16_multiquery,ok,,608.3077430057216,607.257433445845,492118.05040000007,492.7306213378906
128,128,prefill,262144,dense,flashmla_dense_bf16_multiquery,ok,,605.5749363448653,606.4999696298407,988195.4278000003,986.4493408203125
128,128,prefill,524288,dense,flashmla_dense_bf16_multiquery,ok,,603.231438836753,602.7002416915077,1983584.7931,1985.0926513671875
128,128,prefill,2048,sparse,flashmla_sparse_bf16,ok,,611.2694477118027,574.0128912115838,7644.6229,8.140800476074219
128,128,prefill,4096,sparse,flashmla_sparse_bf16,ok,,582.820074365203,580.200382675809,8017.7822,8.053983688354492
128,128,prefill,8192,sparse,flashmla_sparse_bf16,ok,,604.3339056705516,579.5211009692124,7732.355200000001,8.063424110412598
128,128,prefill,16384,sparse,flashmla_sparse_bf16,ok,,554.1600629236219,561.3019672341945,8432.445300000001,8.325152397155762
128,128,prefill,32768,sparse,flashmla_sparse_bf16,ok,,488.6035552540774,506.0554591074496,9563.836299999999,9.234016418457031
128,128,prefill,65536,sparse,flashmla_sparse_bf16,ok,,436.2793660113139,436.02038248352545,10710.8536,10.717215538024902
128,128,prefill,131072,sparse,flashmla_sparse_bf16,ok,,377.6019710130003,376.88959666041654,12375.264899999998,12.398655891418457
128,128,prefill,262144,sparse,flashmla_sparse_bf16,ok,,347.64696727186026,347.69114555182256,13441.579699999998,13.439871788024902
128,128,prefill,524288,sparse,flashmla_sparse_bf16,ok,,339.7766032712866,339.32586535313686,13752.931699999997,13.771200180053711
256,128,prefill,2048,dense,flashmla_dense_bf16_multiquery,ok,,651.2765458518763,615.8662068592432,15246.924599999998,15.653056144714355
256,128,prefill,4096,dense,flashmla_dense_bf16_multiquery,ok,,656.6489539191587,622.8132149480541,29354.8221,30.48431968688965
256,128,prefill,8192,dense,flashmla_dense_bf16_multiquery,ok,,644.9987078987991,638.5793332590904,58864.475900000005,59.00243377685547
256,128,prefill,16384,dense,flashmla_dense_bf16_multiquery,ok,,619.6002522684544,622.1534544481477,121612.1297,120.64729309082031
256,128,prefill,32768,dense,flashmla_dense_bf16_multiquery,ok,,603.0470059760103,596.5042831957202,248931.99940000003,251.17660522460938
256,128,prefill,65536,dense,flashmla_dense_bf16_multiquery,ok,,603.9264965237272,602.9091457371716,496171.7693,496.52838134765625
256,128,prefill,131072,dense,flashmla_dense_bf16_multiquery,ok,,603.0564429153873,601.7798854925517,992806.6404000001,994.43115234375
256,128,prefill,262144,dense,flashmla_dense_bf16_multiquery,skipped_memory_limit,skipped_memory_limit: estimated live tensors 80.3 GiB exceed current free GPU memory 78.6 GiB,,,,
256,128,prefill,524288,dense,flashmla_dense_bf16_multiquery,skipped_memory_limit,skipped_memory_limit: estimated live tensors 152.3 GiB exceed current free GPU memory 78.6 GiB,,,,
256,128,prefill,2048,sparse,flashmla_sparse_bf16,ok,,570.8736561274758,577.789941069031,16371.133500000002,16.175167083740234
256,128,prefill,4096,sparse,flashmla_sparse_bf16,ok,,548.2710668129553,582.3777098353507,17046.0369,16.047744750976562
256,128,prefill,8192,sparse,flashmla_sparse_bf16,ok,,545.7069125598958,572.9251972099586,17126.132400000002,16.312511444091797
256,128,prefill,16384,sparse,flashmla_sparse_bf16,ok,,530.8812099824846,564.0783693872784,17604.406899999998,16.56835174560547
256,128,prefill,32768,sparse,flashmla_sparse_bf16,ok,,489.9842211149905,507.4217805898848,19073.7751,18.418304443359375
256,128,prefill,65536,sparse,flashmla_sparse_bf16,ok,,423.16478041798257,434.0420559008847,22085.6018,21.532127380371094
256,128,prefill,131072,sparse,flashmla_sparse_bf16,ok,,377.11887759665586,376.79525969473065,24782.2355,24.80352020263672
256,128,prefill,262144,sparse,flashmla_sparse_bf16,ok,,347.7951341325112,347.0173382437195,26871.706700000002,26.931936264038086
256,128,prefill,524288,sparse,flashmla_sparse_bf16,skipped_memory_limit,skipped_memory_limit: estimated live tensors 148.5 GiB exceed current free GPU memory 78.6 GiB,,,,
1,256,prefill,2048,dense,flashmla_dense_bf16_multiquery,ok,,680.2565418913728,560.5327869141332,120.75039999999998,0.13843199610710144
1,256,prefill,4096,dense,flashmla_dense_bf16_multiquery,ok,,723.9589351778404,637.7461029399452,214.31560000000005,0.23615999519824982
1,256,prefill,8192,dense,flashmla_dense_bf16_multiquery,ok,,746.7825750540034,709.3640189074098,403.30959999999993,0.41817599534988403
1,256,prefill,16384,dense,flashmla_dense_bf16_multiquery,ok,,749.2459233739828,742.9737861333668,791.7859000000001,0.792352020740509
1,256,prefill,32768,dense,flashmla_dense_bf16_multiquery,ok,,753.731539841392,706.5951634338104,1562.0387999999998,1.6598080396652222
1,256,prefill,65536,dense,flashmla_dense_bf16_multiquery,ok,,747.0394377355351,684.0803970200473,3139.8462999999997,3.422175884246826
1,256,prefill,131072,dense,flashmla_dense_bf16_multiquery,ok,,703.1799114108134,695.1040920555773,6658.397300000001,6.7292160987854
1,256,prefill,262144,dense,flashmla_dense_bf16_multiquery,ok,,680.5990647547791,697.7716067567827,13745.2079,13.400416374206543
1,256,prefill,524288,dense,flashmla_dense_bf16_multiquery,ok,,681.7507322507961,678.4090030311102,27430.589500000002,27.55900764465332
1,256,prefill,2048,sparse,flashmla_sparse_bf16,ok,,603.1868735491271,535.3593272471517,121.04779999999997,0.1363839954137802
1,256,prefill,4096,sparse,flashmla_sparse_bf16,ok,,608.8707767487397,540.3034544371524,119.91779999999999,0.13513599336147308
1,256,prefill,8192,sparse,flashmla_sparse_bf16,ok,,604.8718507902369,539.0270368011147,120.71060000000004,0.13545599579811096
1,256,prefill,16384,sparse,flashmla_sparse_bf16,ok,,594.7942503083359,536.4922089687152,122.75579999999998,0.13609600067138672
1,256,prefill,32768,sparse,flashmla_sparse_bf16,ok,,545.8179110373197,507.0447720493837,133.77070000000003,0.14399999380111694
1,256,prefill,65536,sparse,flashmla_sparse_bf16,ok,,462.57872756461836,439.97327741498714,157.8422,0.16595199704170227
1,256,prefill,131072,sparse,flashmla_sparse_bf16,ok,,400.6310283426046,389.10323947307694,182.24859999999998,0.1876479983329773
1,256,prefill,262144,sparse,flashmla_sparse_bf16,ok,,358.99091407556006,340.29848676953156,203.38799999999998,0.21456000208854675
1,256,prefill,524288,sparse,flashmla_sparse_bf16,ok,,338.65242087188994,322.6387768502003,215.60290000000003,0.22630399465560913
2,256,prefill,2048,dense,flashmla_dense_bf16_multiquery,ok,,659.6098655384785,612.1849762568372,249.06009999999998,0.2535040080547333
2,256,prefill,4096,dense,flashmla_dense_bf16_multiquery,ok,,697.1134029926926,686.6388557817178,445.1376,0.4386880099773407
2,256,prefill,8192,dense,flashmla_dense_bf16_multiquery,ok,,757.4990628411845,726.0313777807145,795.2077999999999,0.8171520233154297
2,256,prefill,16384,dense,flashmla_dense_bf16_multiquery,ok,,763.8388036140952,746.3951364982206,1553.3182000000002,1.5774400234222412
2,256,prefill,32768,dense,flashmla_dense_bf16_multiquery,ok,,754.6842930161706,661.9296867242929,3120.133600000001,3.5436160564422607
2,256,prefill,65536,dense,flashmla_dense_bf16_multiquery,ok,,681.0443146101502,667.3746499844805,6888.212599999999,7.015679836273193
2,256,prefill,131072,dense,flashmla_dense_bf16_multiquery,ok,,697.6115474623435,689.3672576960163,13423.089800000002,13.57043170928955
2,256,prefill,262144,dense,flashmla_dense_bf16_multiquery,ok,,647.6825697452699,677.4676182285242,28887.5325,27.60406494140625
2,256,prefill,524288,dense,flashmla_dense_bf16_multiquery,ok,,650.2450670892499,657.8323374574319,57519.3121,56.842079162597656
2,256,prefill,2048,sparse,flashmla_sparse_bf16,ok,,579.488222898511,575.5331959209622,251.99629999999996,0.2537280023097992
2,256,prefill,4096,sparse,flashmla_sparse_bf16,ok,,581.9926757718548,580.2902583921588,250.91189999999992,0.2516480088233948
2,256,prefill,8192,sparse,flashmla_sparse_bf16,ok,,617.605063291996,573.9407472881833,236.44379999999995,0.25443199276924133
2,256,prefill,16384,sparse,flashmla_sparse_bf16,ok,,577.9412898680815,565.6877286475619,252.67079999999996,0.25814399123191833
2,256,prefill,32768,sparse,flashmla_sparse_bf16,ok,,563.405878957288,550.9359543541885,259.1895,0.2650560140609741
2,256,prefill,65536,sparse,flashmla_sparse_bf16,ok,,449.13848002851785,463.2896180205623,325.13109999999995,0.31520000100135803
2,256,prefill,131072,sparse,flashmla_sparse_bf16,ok,,408.14236113956514,405.85225703501806,357.7891000000001,0.3598079979419708
2,256,prefill,262144,sparse,flashmla_sparse_bf16,ok,,359.3085516824617,353.9991236984422,406.4164,0.41251200437545776
2,256,prefill,524288,sparse,flashmla_sparse_bf16,ok,,340.43057828878904,334.53579802890187,428.9534999999998,0.4365119934082031
4,256,prefill,2048,dense,flashmla_dense_bf16_multiquery,ok,,664.20497483899,636.5309765772573,494.6741,0.48761600255966187
4,256,prefill,4096,dense,flashmla_dense_bf16_multiquery,ok,,742.4496257226982,701.1644156157519,835.9123000000002,0.8592000007629395
4,256,prefill,8192,dense,flashmla_dense_bf16_multiquery,ok,,757.4610091811011,734.5749720990169,1590.4955,1.6152960062026978
4,256,prefill,16384,dense,flashmla_dense_bf16_multiquery,ok,,755.6648705855492,726.2123719189244,3140.2404999999994,3.2425599098205566
4,256,prefill,32768,dense,flashmla_dense_bf16_multiquery,ok,,661.7820842519069,670.5585641441666,7116.287600000001,6.996032238006592
4,256,prefill,65536,dense,flashmla_dense_bf16_multiquery,ok,,667.2675681239789,690.499934168667,14060.8603,13.561440467834473
4,256,prefill,131072,dense,flashmla_dense_bf16_multiquery,ok,,659.014426072206,670.4217201256574,28418.505199999996,27.907840728759766
4,256,prefill,262144,dense,flashmla_dense_bf16_multiquery,ok,,650.8166412022251,655.0290899454722,57496.84350000002,57.099327087402344
4,256,prefill,524288,dense,flashmla_dense_bf16_multiquery,ok,,631.7920769785316,644.2730721933401,118398.60079999999,116.07673645019531
4,256,prefill,2048,sparse,flashmla_sparse_bf16,ok,,594.1264643550903,609.2253958048396,491.5751,0.47939199209213257
4,256,prefill,4096,sparse,flashmla_sparse_bf16,ok,,630.9359187256061,608.8189796938135,462.89609999999993,0.47971200942993164
4,256,prefill,8192,sparse,flashmla_sparse_bf16,ok,,622.2534672646503,603.504944893405,469.355,0.48393601179122925
4,256,prefill,16384,sparse,flashmla_sparse_bf16,ok,,606.9861847096757,598.832463870275,481.16050000000007,0.48771199584007263
4,256,prefill,32768,sparse,flashmla_sparse_bf16,ok,,530.0772509678803,564.6028958606872,550.9720999999998,0.5172799825668335
4,256,prefill,65536,sparse,flashmla_sparse_bf16,ok,,456.4829261144108,469.8242457781831,639.8,0.6216319799423218
4,256,prefill,131072,sparse,flashmla_sparse_bf16,ok,,403.21572181630967,409.18203404511894,724.3214,0.7137600183486938
4,256,prefill,262144,sparse,flashmla_sparse_bf16,ok,,360.1605309195841,359.0544597141423,810.9100000000001,0.8134080171585083
4,256,prefill,524288,sparse,flashmla_sparse_bf16,ok,,343.73402806598057,343.6555952910174,849.6621000000001,0.8498560190200806
8,256,prefill,2048,dense,flashmla_dense_bf16_multiquery,ok,,676.1868346104596,649.0754535368369,971.8172000000001,0.956384003162384
8,256,prefill,4096,dense,flashmla_dense_bf16_multiquery,ok,,736.1654509355012,705.3809493031674,1686.0959000000003,1.7081279754638672
8,256,prefill,8192,dense,flashmla_dense_bf16_multiquery,ok,,735.1592736110535,649.8002176683156,3277.4893,3.652064085006714
8,256,prefill,16384,dense,flashmla_dense_bf16_multiquery,ok,,708.496546345355,688.7630262850554,6698.6055,6.837728023529053
8,256,prefill,32768,dense,flashmla_dense_bf16_multiquery,ok,,675.1250606962295,672.1249285192739,13951.286700000002,13.959456443786621
8,256,prefill,65536,dense,flashmla_dense_bf16_multiquery,ok,,642.214102223771,658.228096299207,29218.779299999995,28.45267105102539
8,256,prefill,131072,dense,flashmla_dense_bf16_multiquery,ok,,650.1157018059514,657.3408063439691,57614.990199999986,56.92639923095703
8,256,prefill,262144,dense,flashmla_dense_bf16_multiquery,ok,,626.569610107112,645.0987491963076,119443.72009999999,115.95657348632812
8,256,prefill,524288,dense,flashmla_dense_bf16_multiquery,ok,,621.2365472488063,621.2820104253389,240820.66080000004,240.7445068359375
8,256,prefill,2048,sparse,flashmla_sparse_bf16,ok,,636.5043127233182,625.6378767351181,917.693,0.9336320161819458
8,256,prefill,4096,sparse,flashmla_sparse_bf16,ok,,626.5997012611793,622.225630429016,932.1989,0.9387519955635071
8,256,prefill,8192,sparse,flashmla_sparse_bf16,ok,,585.5478608784949,626.7979759937524,997.5539000000001,0.9319040179252625
8,256,prefill,16384,sparse,flashmla_sparse_bf16,ok,,571.2317625898439,613.31937043058,1022.5543999999998,0.9523839950561523
8,256,prefill,32768,sparse,flashmla_sparse_bf16,ok,,534.3650933362119,560.8384969980435,1093.102,1.0415040254592896
8,256,prefill,65536,sparse,flashmla_sparse_bf16,ok,,447.8433228430432,466.3195345041991,1304.2855000000002,1.2526079416275024
8,256,prefill,131072,sparse,flashmla_sparse_bf16,ok,,401.9707758001456,401.33704807789445,1453.1294,1.4554239511489868
8,256,prefill,262144,sparse,flashmla_sparse_bf16,ok,,362.14167915684305,361.0644179814253,1612.9476,1.6177599430084229
8,256,prefill,524288,sparse,flashmla_sparse_bf16,ok,,347.812399390901,346.3617571768335,1679.3982999999996,1.6864320039749146
16,256,prefill,2048,dense,flashmla_dense_bf16_multiquery,ok,,710.0506000474894,665.3491057937637,1850.9385000000002,1.8659839630126953
16,256,prefill,4096,dense,flashmla_dense_bf16_multiquery,ok,,715.702304566226,624.1716430127902,3468.6085,3.8607358932495117
16,256,prefill,8192,dense,flashmla_dense_bf16_multiquery,ok,,698.7807363167032,651.6902976097074,6896.2309,7.282944202423096
16,256,prefill,16384,dense,flashmla_dense_bf16_multiquery,ok,,669.0981062482125,676.7080729586362,14186.077700000003,13.919072151184082
16,256,prefill,32768,dense,flashmla_dense_bf16_multiquery,ok,,638.4141267465508,647.7872427757966,29507.064100000007,28.96784019470215
16,256,prefill,65536,dense,flashmla_dense_bf16_multiquery,ok,,642.7861662136659,641.5733488348573,58385.550599999995,58.38256072998047
16,256,prefill,131072,dense,flashmla_dense_bf16_multiquery,ok,,629.0130521621116,628.1160075284546,119095.81100000002,119.15010833740234
16,256,prefill,262144,dense,flashmla_dense_bf16_multiquery,ok,,617.5193446239899,615.485341236024,242388.53660000005,243.07139587402344
16,256,prefill,524288,dense,flashmla_dense_bf16_multiquery,ok,,608.4052594496698,610.0543709802972,491799.1536,490.3504943847656
16,256,prefill,2048,sparse,flashmla_sparse_bf16,ok,,648.8924766314389,582.7542236819064,1800.3462000000004,2.004672050476074
16,256,prefill,4096,sparse,flashmla_sparse_bf16,ok,,628.2049210505854,645.1977271243843,1859.6338,1.810655951499939
16,256,prefill,8192,sparse,flashmla_sparse_bf16,ok,,621.5265729648886,544.3071218224668,1879.6156999999998,2.1462719440460205
16,256,prefill,16384,sparse,flashmla_sparse_bf16,ok,,579.4661189308406,624.4820638463641,2016.0472999999997,1.8707200288772583
16,256,prefill,32768,sparse,flashmla_sparse_bf16,ok,,552.7828266333346,519.9126101733885,2113.3636,2.246975898742676
16,256,prefill,65536,sparse,flashmla_sparse_bf16,ok,,440.0130412867534,451.4309494712179,2654.992,2.5878400802612305
16,256,prefill,131072,sparse,flashmla_sparse_bf16,ok,,402.2912651406613,397.5825589871744,2903.9435000000003,2.93833589553833
16,256,prefill,262144,sparse,flashmla_sparse_bf16,ok,,362.05447349501446,359.96786347340094,3226.6722,3.2453761100769043
16,256,prefill,524288,sparse,flashmla_sparse_bf16,ok,,347.7206034604511,346.0433012486232,3359.6833000000006,3.3759679794311523
32,256,prefill,2048,dense,flashmla_dense_bf16_multiquery,ok,,699.8392805158425,608.0165144364894,3755.8908999999994,4.083871841430664
32,256,prefill,4096,dense,flashmla_dense_bf16_multiquery,ok,,676.9015817393902,649.1143898711879,7334.865700000002,7.424767971038818
32,256,prefill,8192,dense,flashmla_dense_bf16_multiquery,ok,,667.5786182030465,677.2240047707385,14437.110999999995,14.016703605651855
32,256,prefill,16384,dense,flashmla_dense_bf16_multiquery,ok,,615.9299208178535,634.8750696466324,30821.291199999996,29.672447204589844
32,256,prefill,32768,dense,flashmla_dense_bf16_multiquery,ok,,632.9996382597506,632.173962298059,59518.917299999994,59.36656188964844
32,256,prefill,65536,dense,flashmla_dense_bf16_multiquery,ok,,624.1875912112558,629.9147322195557,120250.46560000003,118.92623901367188
32,256,prefill,131072,dense,flashmla_dense_bf16_multiquery,ok,,613.7155916753918,613.5425077095424,244128.78079999998,243.9605712890625
32,256,prefill,262144,dense,flashmla_dense_bf16_multiquery,ok,,607.8573668623847,607.1944499106671,492482.67249999987,492.7807922363281
32,256,prefill,524288,dense,flashmla_dense_bf16_multiquery,ok,,603.3728335950727,604.0632524686737,991802.0002999998,990.4276123046875
32,256,prefill,2048,sparse,flashmla_sparse_bf16,ok,,608.1127928684355,574.8263519183455,3842.1527,4.064640045166016
32,256,prefill,4096,sparse,flashmla_sparse_bf16,ok,,643.389020365788,554.1346665866474,3631.4921999999997,4.216415882110596
32,256,prefill,8192,sparse,flashmla_sparse_bf16,ok,,636.0764636505892,598.28780473642,3673.2411,3.905247926712036
32,256,prefill,16384,sparse,flashmla_sparse_bf16,ok,,549.647397555442,544.9611635785674,4250.838300000001,4.2873921394348145
32,256,prefill,32768,sparse,flashmla_sparse_bf16,ok,,536.0619413185194,517.3925961312417,4358.5676,4.51584005355835
32,256,prefill,65536,sparse,flashmla_sparse_bf16,ok,,464.3473927617912,434.1910934703634,5031.711700000001,5.381184101104736
32,256,prefill,131072,sparse,flashmla_sparse_bf16,ok,,395.5564584967122,395.5792852566941,5906.773,5.906432151794434
32,256,prefill,262144,sparse,flashmla_sparse_bf16,ok,,362.09051228693795,360.3213793998914,6452.7020999999995,6.484384059906006
32,256,prefill,524288,sparse,flashmla_sparse_bf16,ok,,344.9969194922455,344.16749376530646,6772.414700000001,6.788735866546631
64,256,prefill,2048,dense,flashmla_dense_bf16_multiquery,ok,,662.5214885016848,607.6807627441191,7934.897300000001,8.172256469726562
64,256,prefill,4096,dense,flashmla_dense_bf16_multiquery,ok,,677.9090321565902,645.0001641633409,14647.930500000002,14.944255828857422
64,256,prefill,8192,dense,flashmla_dense_bf16_multiquery,ok,,634.4642825074715,647.455106289092,30381.242500000004,29.322336196899414
64,256,prefill,16384,dense,flashmla_dense_bf16_multiquery,ok,,628.5702042147232,629.584537146722,60402.9759,59.84358215332031
64,256,prefill,32768,dense,flashmla_dense_bf16_multiquery,ok,,615.6481428889425,620.2599372955414,122392.8101,121.01376342773438
64,256,prefill,65536,dense,flashmla_dense_bf16_multiquery,ok,,606.7624510123586,606.0573500878073,247407.6909,247.21551513671875
64,256,prefill,131072,dense,flashmla_dense_bf16_multiquery,ok,,605.1239237969494,604.9319830038152,495189.9379999999,494.86614990234375
64,256,prefill,262144,dense,flashmla_dense_bf16_multiquery,ok,,603.4128820151424,602.3293196498014,992220.1844,993.5221557617188
64,256,prefill,524288,dense,flashmla_dense_bf16_multiquery,ok,,602.3910373074117,602.3341809341694,1986836.9422,1986.54150390625
64,256,prefill,2048,sparse,flashmla_sparse_bf16,ok,,601.476572031106,578.9513328253165,7769.087999999999,8.071359634399414
64,256,prefill,4096,sparse,flashmla_sparse_bf16,ok,,603.8757871186212,574.1731788092616,7738.221199999998,8.138527870178223
64,256,prefill,8192,sparse,flashmla_sparse_bf16,ok,,578.7130704278944,602.1685682404242,8074.682699999999,7.760159969329834
64,256,prefill,16384,sparse,flashmla_sparse_bf16,ok,,568.5888755044115,570.6504564907822,8218.459100000004,8.18876838684082
64,256,prefill,32768,sparse,flashmla_sparse_bf16,ok,,504.38581167589246,527.5438457869468,9264.583400000001,8.857888221740723
64,256,prefill,65536,sparse,flashmla_sparse_bf16,ok,,455.02784425441024,451.8514046159621,10269.535100000001,10.341728210449219
64,256,prefill,131072,sparse,flashmla_sparse_bf16,ok,,391.52444683650873,391.1931806822877,11935.204700000002,11.945311546325684
64,256,prefill,262144,sparse,flashmla_sparse_bf16,ok,,357.46942908393686,356.98647526952936,13072.2351,13.089920043945312
64,256,prefill,524288,sparse,flashmla_sparse_bf16,ok,,342.0534825299159,341.61761311320186,13661.3853,13.678815841674805
128,256,prefill,2048,dense,flashmla_dense_bf16_multiquery,ok,,647.5987671527986,618.2047481194919,16235.4848,16.066272735595703
128,256,prefill,4096,dense,flashmla_dense_bf16_multiquery,ok,,604.7201130827012,632.4422793930279,32841.5218,30.481983184814453
128,256,prefill,8192,dense,flashmla_dense_bf16_multiquery,ok,,629.9947634020645,631.6793817878869,61193.5665,60.10927963256836
128,256,prefill,16384,dense,flashmla_dense_bf16_multiquery,ok,,610.3442567627844,623.4096264321685,124413.42889999997,120.87267303466797
128,256,prefill,32768,dense,flashmla_dense_bf16_multiquery,ok,,606.3162006530853,597.9290086502436,248553.168,251.06655883789062
128,256,prefill,65536,dense,flashmla_dense_bf16_multiquery,ok,,602.2613888813884,600.6436107078355,498513.4352,498.887451171875
128,256,prefill,131072,dense,flashmla_dense_bf16_multiquery,ok,,601.2593640534807,599.8857841438698,996745.4853000001,998.057861328125
128,256,prefill,262144,dense,flashmla_dense_bf16_multiquery,ok,,599.5939661331281,599.0876028360809,1997079.6068,1997.79638671875
128,256,prefill,524288,dense,flashmla_dense_bf16_multiquery,skipped_memory_limit,skipped_memory_limit: estimated live tensors 80.3 GiB exceed current free GPU memory 78.6 GiB,,,,
128,256,prefill,2048,sparse,flashmla_sparse_bf16,ok,,577.1596351548568,576.2565540986063,16192.831700000004,16.21820831298828
128,256,prefill,4096,sparse,flashmla_sparse_bf16,ok,,591.9088160991265,599.0314467631487,15789.338799999998,15.60159969329834
128,256,prefill,8192,sparse,flashmla_sparse_bf16,ok,,571.6076969374801,592.3071639600204,16350.1102,15.778719902038574
128,256,prefill,16384,sparse,flashmla_sparse_bf16,ok,,579.3035204946007,572.5208657713728,16132.905299999999,16.324031829833984
128,256,prefill,32768,sparse,flashmla_sparse_bf16,ok,,516.8698939176239,526.0036933151948,18081.627399999998,17.767648696899414
128,256,prefill,65536,sparse,flashmla_sparse_bf16,ok,,440.2955215655463,448.60878042881507,21226.3091,20.83296012878418
128,256,prefill,131072,sparse,flashmla_sparse_bf16,ok,,390.3814485302431,389.9885830549059,23940.299600000002,23.96441650390625
128,256,prefill,262144,sparse,flashmla_sparse_bf16,ok,,353.5696612899565,352.9527046527884,26432.835899999995,26.479040145874023
128,256,prefill,524288,sparse,flashmla_sparse_bf16,ok,,339.23121725465177,338.6985992485809,27550.084899999998,27.593408584594727
256,256,prefill,2048,dense,flashmla_dense_bf16_multiquery,ok,,662.4224953370261,611.2428374805838,31744.332399999996,32.49852752685547
256,256,prefill,4096,dense,flashmla_dense_bf16_multiquery,ok,,654.5024740885009,626.8969807649755,60687.10070000001,61.503231048583984
256,256,prefill,8192,dense,flashmla_dense_bf16_multiquery,ok,,645.032070175163,635.6227364942821,119533.98360000004,119.47273254394531
256,256,prefill,16384,dense,flashmla_dense_bf16_multiquery,ok,,612.8322583425598,608.5050573958337,247816.66030000002,247.66659545898438
256,256,prefill,32768,dense,flashmla_dense_bf16_multiquery,ok,,599.3149593143917,596.433421007889,502913.5687,503.3922424316406
256,256,prefill,65536,dense,flashmla_dense_bf16_multiquery,ok,,598.1891962608765,596.2225127741956,1003814.1636,1005.173583984375
256,256,prefill,131072,dense,flashmla_dense_bf16_multiquery,ok,,598.4785370421125,597.9279864526355,2002753.7146999997,2002.651611328125
256,256,prefill,262144,dense,flashmla_dense_bf16_multiquery,skipped_memory_limit,skipped_memory_limit: estimated live tensors 88.6 GiB exceed current free GPU memory 78.6 GiB,,,,
256,256,prefill,524288,dense,flashmla_dense_bf16_multiquery,skipped_memory_limit,skipped_memory_limit: estimated live tensors 160.6 GiB exceed current free GPU memory 78.6 GiB,,,,
256,256,prefill,2048,sparse,flashmla_sparse_bf16,ok,,575.1781289253764,571.2929039056231,32497.233000000007,32.718238830566406
256,256,prefill,4096,sparse,flashmla_sparse_bf16,ok,,550.8631719978364,577.8321860117295,33931.652400000006,32.34796905517578
256,256,prefill,8192,sparse,flashmla_sparse_bf16,ok,,560.8381085238633,570.8378650182024,33328.1519,32.744319915771484
256,256,prefill,16384,sparse,flashmla_sparse_bf16,ok,,551.4880231705664,561.1515478116835,33893.206900000005,33.30953598022461
256,256,prefill,32768,sparse,flashmla_sparse_bf16,ok,,503.2556978823071,522.3567598253358,37141.552,35.78339385986328
256,256,prefill,65536,sparse,flashmla_sparse_bf16,ok,,443.49496120388443,450.1635540613944,42146.3586,41.52201461791992
256,256,prefill,131072,sparse,flashmla_sparse_bf16,ok,,391.41448289787246,389.60388651449006,47754.231100000005,47.976158142089844
256,256,prefill,262144,sparse,flashmla_sparse_bf16,skipped_memory_limit,skipped_memory_limit: estimated live tensors 81.1 GiB exceed current free GPU memory 78.6 GiB,,,,
256,256,prefill,524288,sparse,flashmla_sparse_bf16,skipped_memory_limit,skipped_memory_limit: estimated live tensors 153.1 GiB exceed current free GPU memory 78.6 GiB,,,,
1,512,prefill,2048,dense,flashmla_dense_bf16_multiquery,ok,,689.7692132820625,617.4031579138182,264.6336,0.2661440074443817
1,512,prefill,4096,dense,flashmla_dense_bf16_multiquery,ok,,745.9458950987542,683.5596954685201,440.46759999999995,0.4540160000324249
1,512,prefill,8192,dense,flashmla_dense_bf16_multiquery,ok,,757.0821352397211,728.2456698648372,819.7562000000001,0.8271999955177307
1,512,prefill,16384,dense,flashmla_dense_bf16_multiquery,ok,,767.3186575669022,738.4294951499597,1570.0626,1.606816053390503
1,512,prefill,32768,dense,flashmla_dense_bf16_multiquery,ok,,745.6761401143831,682.6348196207642,3182.3057,3.4495038986206055
1,512,prefill,65536,dense,flashmla_dense_bf16_multiquery,ok,,711.0048403931373,694.0388055213574,6623.6281,6.75929594039917
1,512,prefill,131072,dense,flashmla_dense_bf16_multiquery,ok,,670.028785086168,695.8318921100916,14002.9149,13.45747184753418
1,512,prefill,262144,dense,flashmla_dense_bf16_multiquery,ok,,675.9785163545596,678.1331828446131,27705.3256,27.590431213378906
1,512,prefill,524288,dense,flashmla_dense_bf16_multiquery,ok,,647.25850191218,657.5161181140418,57812.917799999996,56.883296966552734
1,512,prefill,2048,sparse,flashmla_sparse_bf16,ok,,607.2185166008148,576.4783857599291,240.48819999999986,0.25331199169158936
1,512,prefill,4096,sparse,flashmla_sparse_bf16,ok,,611.4946120143296,578.304727955397,238.8065,0.25251200795173645
1,512,prefill,8192,sparse,flashmla_sparse_bf16,ok,,617.9584156649395,571.9266523743764,236.30860000000013,0.2553279995918274
1,512,prefill,16384,sparse,flashmla_sparse_bf16,ok,,577.3526739741369,579.9952433161924,252.92839999999987,0.2517760097980499
1,512,prefill,32768,sparse,flashmla_sparse_bf16,ok,,464.03027187112417,542.4872640172354,314.6969,0.2691839933395386
1,512,prefill,65536,sparse,flashmla_sparse_bf16,ok,,479.1681451132878,474.31688921986125,304.755,0.3078719973564148
1,512,prefill,131072,sparse,flashmla_sparse_bf16,ok,,414.69669252233956,404.6287339676836,352.13419999999996,0.3608959913253784
1,512,prefill,262144,sparse,flashmla_sparse_bf16,ok,,362.7971194240916,356.54368473804726,402.5084,0.40956801176071167
1,512,prefill,524288,sparse,flashmla_sparse_bf16,ok,,340.2812032386498,334.7075517718832,429.1418,0.4362879991531372
2,512,prefill,2048,dense,flashmla_dense_bf16_multiquery,ok,,643.5155370502606,650.3631116956566,567.3091000000001,0.5053120255470276
2,512,prefill,4096,dense,flashmla_dense_bf16_multiquery,ok,,768.0992990849858,703.1607779888758,855.5273999999997,0.8827199935913086
2,512,prefill,8192,dense,flashmla_dense_bf16_multiquery,ok,,769.3220765603567,680.4681072027779,1613.4276999999997,1.7705600261688232
2,512,prefill,16384,dense,flashmla_dense_bf16_multiquery,ok,,764.4160130434525,655.2291349874171,3152.0489000000002,3.6216959953308105
2,512,prefill,32768,dense,flashmla_dense_bf16_multiquery,ok,,708.5819852728313,690.2093789935388,6697.7977999999985,6.823296070098877
2,512,prefill,65536,dense,flashmla_dense_bf16_multiquery,ok,,670.4298272878226,690.9801738403153,14048.991999999998,13.578432083129883
2,512,prefill,131072,dense,flashmla_dense_bf16_multiquery,ok,,660.0545683810578,671.0504255667457,28429.0315,27.90889549255371
2,512,prefill,262144,dense,flashmla_dense_bf16_multiquery,ok,,643.9024793617986,661.150082777638,58170.9358,56.598304748535156
2,512,prefill,524288,dense,flashmla_dense_bf16_multiquery,ok,,628.352352871134,644.3919541080261,119104.83789999997,116.08364868164062
2,512,prefill,2048,sparse,flashmla_sparse_bf16,ok,,626.3378645803735,613.2781483614117,466.2942999999999,0.47622400522232056
2,512,prefill,4096,sparse,flashmla_sparse_bf16,ok,,631.7284177165633,613.5667424345742,462.31539999999995,0.47600001096725464
2,512,prefill,8192,sparse,flashmla_sparse_bf16,ok,,630.2898287634132,611.7161871328049,463.3705999999999,0.4774399995803833
2,512,prefill,16384,sparse,flashmla_sparse_bf16,ok,,624.2427501772435,608.575420433939,467.85929999999996,0.4799039959907532
2,512,prefill,32768,sparse,flashmla_sparse_bf16,ok,,530.6987103992193,569.4999222536937,550.3268999999999,0.51283198595047
2,512,prefill,65536,sparse,flashmla_sparse_bf16,ok,,483.70625912649336,479.9035391706499,603.7915999999999,0.6085759997367859
2,512,prefill,131072,sparse,flashmla_sparse_bf16,ok,,409.5011497807499,411.15438889030975,713.2038,0.7103360295295715
2,512,prefill,262144,sparse,flashmla_sparse_bf16,ok,,366.45145181175656,362.43371100648596,796.9889999999999,0.8058239817619324
2,512,prefill,524288,sparse,flashmla_sparse_bf16,ok,,340.90424018255777,340.6541432126876,856.7150000000001,0.8573439717292786
4,512,prefill,2048,dense,flashmla_dense_bf16_multiquery,ok,,730.5992383458703,646.3722189191708,999.3775000000002,1.0168639421463013
4,512,prefill,4096,dense,flashmla_dense_bf16_multiquery,ok,,766.9475251262761,672.8070159643415,1713.6244000000002,1.845088005065918
4,512,prefill,8192,dense,flashmla_dense_bf16_multiquery,ok,,697.714133335462,677.3403320585342,3558.0346999999992,3.557471990585327
4,512,prefill,16384,dense,flashmla_dense_bf16_multiquery,ok,,728.6936333775707,664.964662747768,6613.140399999999,7.137343883514404
4,512,prefill,32768,dense,flashmla_dense_bf16_multiquery,ok,,663.5964233761408,691.5309703827952,14303.690300000002,13.620512008666992
4,512,prefill,65536,dense,flashmla_dense_bf16_multiquery,ok,,640.1240049536353,675.4558108604418,29428.245800000004,27.781024932861328
4,512,prefill,131072,dense,flashmla_dense_bf16_multiquery,ok,,646.5899040707739,653.6431109071789,58042.08200000002,57.30428695678711
4,512,prefill,262144,dense,flashmla_dense_bf16_multiquery,ok,,629.1169520248674,639.6235551097873,119076.14210000003,117.00624084472656
4,512,prefill,524288,dense,flashmla_dense_bf16_multiquery,ok,,614.9288962952629,620.3319721328511,243409.62209999998,241.17205810546875
4,512,prefill,2048,sparse,flashmla_sparse_bf16,ok,,633.8244380787592,626.2603890164706,921.5731,0.932703971862793
4,512,prefill,4096,sparse,flashmla_sparse_bf16,ok,,607.839339317771,627.3149622393605,960.9702999999997,0.9311360120773315
4,512,prefill,8192,sparse,flashmla_sparse_bf16,ok,,608.2991542627868,630.0866891374545,960.2438999999998,0.9270399808883667
4,512,prefill,16384,sparse,flashmla_sparse_bf16,ok,,545.0268785580695,621.8017297523752,1071.7188,0.9393919706344604
4,512,prefill,32768,sparse,flashmla_sparse_bf16,ok,,542.235454678455,572.1238515823638,1077.2359999999999,1.0209599733352661
4,512,prefill,65536,sparse,flashmla_sparse_bf16,ok,,468.94609580134625,484.360512574767,1245.5920999999998,1.2059520483016968
4,512,prefill,131072,sparse,flashmla_sparse_bf16,ok,,409.38121182723467,408.30339914872286,1426.8255,1.4305919408798218
4,512,prefill,262144,sparse,flashmla_sparse_bf16,ok,,364.3648513467169,363.5960256479892,1603.1061999999997,1.606495976448059
4,512,prefill,524288,sparse,flashmla_sparse_bf16,ok,,345.80969100734626,343.75914578597764,1689.1243,1.6992000341415405
8,512,prefill,2048,dense,flashmla_dense_bf16_multiquery,ok,,739.3680942643526,659.6897167786858,1975.0499,1.9926719665527344
8,512,prefill,4096,dense,flashmla_dense_bf16_multiquery,ok,,732.9147358691292,626.8927891614417,3586.3926000000006,3.9604480266571045
8,512,prefill,8192,dense,flashmla_dense_bf16_multiquery,ok,,694.7615816227863,651.5076338261927,7146.310800000002,7.3970561027526855
8,512,prefill,16384,dense,flashmla_dense_bf16_multiquery,ok,,670.4742300318086,686.1402617173605,14374.760699999999,13.83414363861084
8,512,prefill,32768,dense,flashmla_dense_bf16_multiquery,ok,,637.8196787538009,660.7462031532153,29763.514800000004,28.510208129882812
8,512,prefill,65536,dense,flashmla_dense_bf16_multiquery,ok,,638.3359136225923,652.5032021178913,59021.35899999998,57.51651382446289
8,512,prefill,131072,dense,flashmla_dense_bf16_multiquery,ok,,630.5383621136075,619.0247279260215,119039.3051,121.01795196533203
8,512,prefill,262144,dense,flashmla_dense_bf16_multiquery,ok,,613.967869775299,616.9215541493493,244028.46879999997,242.62387084960938
8,512,prefill,524288,dense,flashmla_dense_bf16_multiquery,ok,,607.8507730848439,607.937215686227,492488.0148,492.1782531738281
8,512,prefill,2048,sparse,flashmla_sparse_bf16,ok,,648.9056324653476,587.0366316005054,1800.3096999999998,1.9900480508804321
8,512,prefill,4096,sparse,flashmla_sparse_bf16,ok,,601.9173171009938,593.9127383764416,1940.8497999999993,1.9670079946517944
8,512,prefill,8192,sparse,flashmla_sparse_bf16,ok,,645.6165310745941,598.3711320543481,1809.4814,1.9523520469665527
8,512,prefill,16384,sparse,flashmla_sparse_bf16,ok,,631.586954055408,583.9847430285155,1849.6758000000002,2.000447988510132
8,512,prefill,32768,sparse,flashmla_sparse_bf16,ok,,513.3014132294139,531.6714946060572,2275.9164,2.197279930114746
8,512,prefill,65536,sparse,flashmla_sparse_bf16,ok,,470.9668118387311,476.6204808267483,2480.4955999999997,2.4510719776153564
8,512,prefill,131072,sparse,flashmla_sparse_bf16,ok,,408.33132569788296,401.8804384130356,2860.9882000000007,2.906912088394165
8,512,prefill,262144,sparse,flashmla_sparse_bf16,ok,,362.87078516381945,362.16764690706134,3219.4134999999997,3.225663900375366
8,512,prefill,524288,sparse,flashmla_sparse_bf16,ok,,345.26088106918684,343.56827081516536,3383.6184999999996,3.4002881050109863
16,512,prefill,2048,dense,flashmla_dense_bf16_multiquery,ok,,737.5659394375112,620.8885644832095,3959.7513999999996,4.234399795532227
16,512,prefill,4096,dense,flashmla_dense_bf16_multiquery,ok,,705.8599559660597,637.2759926798368,7447.7096,7.791840076446533
16,512,prefill,8192,dense,flashmla_dense_bf16_multiquery,ok,,678.719825402834,650.5353168041879,14630.432200000001,14.816224098205566
16,512,prefill,16384,dense,flashmla_dense_bf16_multiquery,ok,,627.1189801837821,642.8921024050999,30737.09109999999,29.52956771850586
16,512,prefill,32768,dense,flashmla_dense_bf16_multiquery,ok,,633.4991204820592,640.2017105464106,59933.012800000004,58.85023880004883
16,512,prefill,65536,dense,flashmla_dense_bf16_multiquery,ok,,624.1316861252285,622.434753489205,120729.17929999996,120.59001922607422
16,512,prefill,131072,dense,flashmla_dense_bf16_multiquery,ok,,613.3076056315492,610.2267575708133,244767.3819,245.5254669189453
16,512,prefill,262144,dense,flashmla_dense_bf16_multiquery,ok,,605.4364905263376,603.9988950087068,494934.2879,495.62969970703125
16,512,prefill,524288,dense,flashmla_dense_bf16_multiquery,ok,,601.7823087506879,601.4394738790896,994908.6777000001,994.9911499023438
16,512,prefill,2048,sparse,flashmla_sparse_bf16,ok,,605.4332505390945,564.9479765788287,3859.157399999999,4.135712146759033
16,512,prefill,4096,sparse,flashmla_sparse_bf16,ok,,628.4996474195791,552.3070648131112,3717.5235000000002,4.230368137359619
16,512,prefill,8192,sparse,flashmla_sparse_bf16,ok,,630.3104368967711,572.1103578353426,3706.8436,4.0839362144470215
16,512,prefill,16384,sparse,flashmla_sparse_bf16,ok,,596.258764469079,552.2151920799608,3918.537299999999,4.231071949005127
16,512,prefill,32768,sparse,flashmla_sparse_bf16,ok,,545.5125222712328,499.0291064791582,4283.058800000001,4.682015895843506
16,512,prefill,65536,sparse,flashmla_sparse_bf16,ok,,482.53626422952556,446.3312895486192,4842.0448,5.234816074371338
16,512,prefill,131072,sparse,flashmla_sparse_bf16,ok,,403.44156137327764,401.9269192997444,5791.3274999999985,5.813151836395264
16,512,prefill,262144,sparse,flashmla_sparse_bf16,ok,,364.19498256738063,363.0680839539693,6415.4157,6.435328006744385
16,512,prefill,524288,sparse,flashmla_sparse_bf16,ok,,343.3763301178348,342.42587817866433,6804.377599999998,6.823264122009277
32,512,prefill,2048,dense,flashmla_dense_bf16_multiquery,ok,,718.0149685798451,617.4936697911487,8135.1445,8.515359878540039
32,512,prefill,4096,dense,flashmla_dense_bf16_multiquery,ok,,675.5535100593326,653.88116928774,15563.652299999996,15.187935829162598
32,512,prefill,8192,dense,flashmla_dense_bf16_multiquery,ok,,629.4709224580484,639.587199450654,31550.192499999997,30.139680862426758
32,512,prefill,16384,dense,flashmla_dense_bf16_multiquery,ok,,621.0413928098437,638.4671639556005,62075.77609999998,59.468448638916016
32,512,prefill,32768,dense,flashmla_dense_bf16_multiquery,ok,,612.0971097293827,615.0286213814103,124057.14810000002,122.51795196533203
32,512,prefill,65536,dense,flashmla_dense_bf16_multiquery,ok,,605.1691493509312,605.508306302412,249024.2813,247.92201232910156
32,512,prefill,131072,dense,flashmla_dense_bf16_multiquery,ok,,603.8624710216242,602.5541956677062,497191.6757,497.3036804199219
32,512,prefill,262144,dense,flashmla_dense_bf16_multiquery,ok,,601.1315420718623,599.6630336965105,996957.4288999999,998.4266967773438
32,512,prefill,524288,dense,flashmla_dense_bf16_multiquery,ok,,599.0351527747292,598.8766229141972,1998942.5939,1998.498291015625
32,512,prefill,2048,sparse,flashmla_sparse_bf16,ok,,617.1948264696255,586.614532255712,7571.230699999998,7.9659199714660645
32,512,prefill,4096,sparse,flashmla_sparse_bf16,ok,,580.08900221824,574.1415581388709,8055.530100000001,8.138976097106934
32,512,prefill,8192,sparse,flashmla_sparse_bf16,ok,,576.1226924773149,595.7444753123957,8110.988300000002,7.8438401222229
32,512,prefill,16384,sparse,flashmla_sparse_bf16,ok,,592.7736486258528,577.8082010282212,7883.1514,8.08732795715332
32,512,prefill,32768,sparse,flashmla_sparse_bf16,ok,,512.4887532011874,536.6026052149573,9118.1014,8.708352088928223
32,512,prefill,65536,sparse,flashmla_sparse_bf16,ok,,459.4681043201596,462.9591316872966,10170.291199999998,10.093600273132324
32,512,prefill,131072,sparse,flashmla_sparse_bf16,ok,,404.3038296340449,403.9392493509327,11557.952399999998,11.568384170532227
32,512,prefill,262144,sparse,flashmla_sparse_bf16,ok,,363.3945722101308,362.81280047458944,12859.092499999999,12.879712104797363
32,512,prefill,524288,sparse,flashmla_sparse_bf16,ok,,340.92599537303494,340.93409426801384,13706.565299999997,13.706239700317383
64,512,prefill,2048,dense,flashmla_dense_bf16_multiquery,ok,,655.4735306933917,609.4366717175789,17822.7045,17.25587272644043
64,512,prefill,4096,dense,flashmla_dense_bf16_multiquery,ok,,656.2037810561337,627.5272173818014,32045.167200000004,31.651552200317383
64,512,prefill,8192,dense,flashmla_dense_bf16_multiquery,ok,,655.6176066259027,632.1884705280067,60583.8787,60.984832763671875
64,512,prefill,16384,dense,flashmla_dense_bf16_multiquery,ok,,626.0280393825664,619.0706355454245,123162.61899999998,122.66339111328125
64,512,prefill,32768,dense,flashmla_dense_bf16_multiquery,ok,,604.857087228855,596.7235611152967,251084.1764,252.5526123046875
64,512,prefill,65536,dense,flashmla_dense_bf16_multiquery,ok,,600.5933178552322,598.8367737656769,501843.1208,501.3681335449219
64,512,prefill,131072,dense,flashmla_dense_bf16_multiquery,ok,,599.7086628377755,597.4934310763474,1001270.8252000001,1003.0316772460938
64,512,prefill,262144,dense,flashmla_dense_bf16_multiquery,ok,,598.7674382150001,597.6533703431563,2001787.3997999995,2003.5679931640625
64,512,prefill,524288,dense,flashmla_dense_bf16_multiquery,ok,,598.1226398561338,597.022398757995,4003984.4751999998,4009.410400390625
64,512,prefill,2048,sparse,flashmla_sparse_bf16,ok,,573.287786995937,577.7773369197528,16302.194200000002,16.175519943237305
64,512,prefill,4096,sparse,flashmla_sparse_bf16,ok,,574.5088310244213,598.8692781820438,16267.546000000002,15.60582447052002
64,512,prefill,8192,sparse,flashmla_sparse_bf16,ok,,562.5082024150555,597.3907592410276,16614.6001,15.644448280334473
64,512,prefill,16384,sparse,flashmla_sparse_bf16,ok,,566.2724695440035,574.3798080459206,16504.1554,16.27120018005371
64,512,prefill,32768,sparse,flashmla_sparse_bf16,ok,,516.4700170073686,537.8229799632386,18095.6271,17.37718391418457
64,512,prefill,65536,sparse,flashmla_sparse_bf16,ok,,450.22060328628976,463.8871332534834,20758.3766,20.14681625366211
64,512,prefill,131072,sparse,flashmla_sparse_bf16,ok,,401.37710202092995,397.1500347049481,23284.4594,23.53228759765625
64,512,prefill,262144,sparse,flashmla_sparse_bf16,ok,,362.0960803393623,362.12048623553585,25810.4115,25.808671951293945
64,512,prefill,524288,sparse,flashmla_sparse_bf16,ok,,339.7971671182074,339.5570627465798,27504.198800000002,27.52364730834961
128,512,prefill,2048,dense,flashmla_dense_bf16_multiquery,ok,,673.9155372117705,615.2918776898651,34669.9561,34.183326721191406
128,512,prefill,4096,dense,flashmla_dense_bf16_multiquery,ok,,643.9476986769794,628.7435552697176,65310.14839999999,63.180641174316406
128,512,prefill,8192,dense,flashmla_dense_bf16_multiquery,ok,,641.9060396000044,636.7015507078092,123755.98640000001,121.10511779785156
128,512,prefill,16384,dense,flashmla_dense_bf16_multiquery,ok,,615.9769878516595,602.7135066173595,250344.5889,251.9847412109375
128,512,prefill,32768,dense,flashmla_dense_bf16_multiquery,ok,,600.145601345229,598.1563140872702,506110.6613,503.8953552246094
128,512,prefill,65536,dense,flashmla_dense_bf16_multiquery,ok,,595.9768217346735,594.6385369041791,1011460.8956999999,1009.8157348632812
128,512,prefill,131072,dense,flashmla_dense_bf16_multiquery,ok,,596.6471553018747,595.5849045724585,2012817.0640999998,2012.49169921875
128,512,prefill,262144,dense,flashmla_dense_bf16_multiquery,ok,,596.624502647933,595.4990746493927,4017954.7032000013,4021.63232421875
128,512,prefill,524288,dense,flashmla_dense_bf16_multiquery,skipped_memory_limit,skipped_memory_limit: estimated live tensors 88.6 GiB exceed current free GPU memory 78.6 GiB,,,,
128,512,prefill,2048,sparse,flashmla_sparse_bf16,ok,,582.2902905539722,583.1265750879435,32100.308,32.05427169799805
128,512,prefill,4096,sparse,flashmla_sparse_bf16,ok,,594.0875701782298,576.7310695482565,31462.866100000003,32.40972900390625
128,512,prefill,8192,sparse,flashmla_sparse_bf16,ok,,583.2382416476746,587.3223462920149,32048.134599999998,31.825279235839844
128,512,prefill,16384,sparse,flashmla_sparse_bf16,ok,,553.792744737644,574.6448071076918,33752.153399999996,32.52739334106445
128,512,prefill,32768,sparse,flashmla_sparse_bf16,ok,,504.91367183664005,535.2086923065605,37019.5911,34.924129486083984
128,512,prefill,65536,sparse,flashmla_sparse_bf16,ok,,452.2722026758499,455.72257764241755,41328.4247,41.01551818847656
128,512,prefill,131072,sparse,flashmla_sparse_bf16,ok,,396.571541398542,397.9991829164058,47133.23,46.96416091918945
128,512,prefill,262144,sparse,flashmla_sparse_bf16,ok,,358.96206326834425,357.46645591196864,52071.512800000004,52.28937530517578
128,512,prefill,524288,sparse,flashmla_sparse_bf16,skipped_memory_limit,skipped_memory_limit: estimated live tensors 81.1 GiB exceed current free GPU memory 78.6 GiB,,,,
256,512,prefill,2048,dense,flashmla_dense_bf16_multiquery,ok,,681.1954380648848,607.168476030698,68598.8801,69.28134155273438
256,512,prefill,4096,dense,flashmla_dense_bf16_multiquery,ok,,659.4480437447061,623.3805204714664,127550.06299999997,127.4483871459961
256,512,prefill,8192,dense,flashmla_dense_bf16_multiquery,ok,,638.0699570386978,620.1592841379066,249000.0171,248.67100524902344
256,512,prefill,16384,dense,flashmla_dense_bf16_multiquery,ok,,614.96205793368,604.4377608458555,501515.51240000007,502.5318298339844
256,512,prefill,32768,dense,flashmla_dense_bf16_multiquery,ok,,596.9592976019098,592.3548989633385,1017624.1106999997,1017.6608276367188
256,512,prefill,65536,dense,flashmla_dense_bf16_multiquery,ok,,594.7876417320742,593.126612311726,2026966.2905999995,2024.7796630859375
256,512,prefill,131072,dense,flashmla_dense_bf16_multiquery,ok,,595.5172459234644,593.2691287985886,4033272.1970999995,4040.694580078125
256,512,prefill,262144,dense,flashmla_dense_bf16_multiquery,skipped_memory_limit,skipped_memory_limit: estimated live tensors 105.2 GiB exceed current free GPU memory 78.6 GiB,,,,
256,512,prefill,524288,dense,flashmla_dense_bf16_multiquery,skipped_memory_limit,skipped_memory_limit: estimated live tensors 177.2 GiB exceed current free GPU memory 78.6 GiB,,,,
256,512,prefill,2048,sparse,flashmla_sparse_bf16,ok,,580.0146250078004,579.2263194739567,64452.50470000001,64.54022216796875
256,512,prefill,4096,sparse,flashmla_sparse_bf16,ok,,571.8577501089442,580.6773580174128,65371.8435,64.37894439697266
256,512,prefill,8192,sparse,flashmla_sparse_bf16,ok,,573.5455020692319,580.6932546443927,65179.47609999999,64.37718200683594
256,512,prefill,16384,sparse,flashmla_sparse_bf16,ok,,563.1813491336198,568.5403827872622,66378.96549999999,65.75328063964844
256,512,prefill,32768,sparse,flashmla_sparse_bf16,ok,,509.927384360975,521.8224987906398,73311.2135,71.64006042480469
256,512,prefill,65536,sparse,flashmla_sparse_bf16,ok,,442.49574625540765,458.9703820964682,84483.06150000001,81.4505615234375
256,512,prefill,131072,sparse,flashmla_sparse_bf16,ok,,385.95512660966955,398.2087771571114,96859.43459999998,93.8788833618164
256,512,prefill,262144,sparse,flashmla_sparse_bf16,skipped_memory_limit,skipped_memory_limit: estimated live tensors 90.1 GiB exceed current free GPU memory 78.6 GiB,,,,
256,512,prefill,524288,sparse,flashmla_sparse_bf16,skipped_memory_limit,skipped_memory_limit: estimated live tensors 162.1 GiB exceed current free GPU memory 78.6 GiB,,,,
1,1024,prefill,2048,dense,flashmla_dense_bf16_multiquery,ok,,805.2717294734017,659.8851995627216,544.0233999999998,0.5533440113067627
1,1024,prefill,4096,dense,flashmla_dense_bf16_multiquery,ok,,804.5732597768267,706.9721376789065,907.4928000000002,0.9296000003814697
1,1024,prefill,8192,dense,flashmla_dense_bf16_multiquery,ok,,789.2182601564277,729.540957581917,1665.2680999999998,1.7015039920806885
1,1024,prefill,16384,dense,flashmla_dense_bf16_multiquery,ok,,757.3767222985382,669.9918372884856,3277.7493999999997,3.596384048461914
1,1024,prefill,32768,dense,flashmla_dense_bf16_multiquery,ok,,709.0917845751517,665.017273033601,6795.9514,7.136672019958496
1,1024,prefill,65536,dense,flashmla_dense_bf16_multiquery,ok,,673.7482928249731,682.2230040546125,14088.165899999998,13.80624008178711
1,1024,prefill,131072,dense,flashmla_dense_bf16_multiquery,ok,,681.7000079101945,670.8209541253045,27633.455099999992,27.972864151000977
1,1024,prefill,262144,dense,flashmla_dense_bf16_multiquery,ok,,657.2159483706484,667.1251264761453,57103.642000000014,56.14611053466797
1,1024,prefill,524288,dense,flashmla_dense_bf16_multiquery,ok,,648.4434102539672,653.5886655615092,115527.15070000003,114.5060806274414
1,1024,prefill,2048,sparse,flashmla_sparse_bf16,ok,,628.2455285683312,612.0033126904549,464.8783999999998,0.4772160053253174
1,1024,prefill,4096,sparse,flashmla_sparse_bf16,ok,,631.2600746641584,609.428769506139,462.6583999999999,0.4792320132255554
1,1024,prefill,8192,sparse,flashmla_sparse_bf16,ok,,630.4619446378273,608.3725780170874,463.2440999999999,0.4800640046596527
1,1024,prefill,16384,sparse,flashmla_sparse_bf16,ok,,584.4674016317824,616.8427629109407,499.69899999999996,0.473471999168396
1,1024,prefill,32768,sparse,flashmla_sparse_bf16,ok,,543.7245398347442,575.8600286711614,537.1429,0.5071679949760437
1,1024,prefill,65536,sparse,flashmla_sparse_bf16,ok,,490.33900255899596,492.3295648625728,595.6242000000002,0.5932160019874573
1,1024,prefill,131072,sparse,flashmla_sparse_bf16,ok,,414.21117971379414,417.0728709027722,705.0939000000001,0.7002559900283813
1,1024,prefill,262144,sparse,flashmla_sparse_bf16,ok,,366.8482702041596,365.2913878162881,796.1269000000002,0.7995200157165527
1,1024,prefill,524288,sparse,flashmla_sparse_bf16,ok,,347.8106804248596,346.6445995018632,839.7033000000001,0.8425279855728149
2,1024,prefill,2048,dense,flashmla_dense_bf16_multiquery,ok,,800.8189847075661,669.3298620196932,1094.0965999999999,1.0910719633102417
2,1024,prefill,4096,dense,flashmla_dense_bf16_multiquery,ok,,805.4325277531062,702.3182061212595,1813.0493000000001,1.8715200424194336
2,1024,prefill,8192,dense,flashmla_dense_bf16_multiquery,ok,,765.8038855262274,650.4435250926512,3432.3669999999997,3.8168320655822754
2,1024,prefill,16384,dense,flashmla_dense_bf16_multiquery,ok,,701.3713213473421,677.3081236336909,7078.963799999998,7.115071773529053
2,1024,prefill,32768,dense,flashmla_dense_bf16_multiquery,ok,,689.2176321673786,688.0573096744606,13983.8364,13.795392036437988
2,1024,prefill,65536,dense,flashmla_dense_bf16_multiquery,ok,,676.8710009916516,664.2880116578617,28046.341800000002,28.35798454284668
2,1024,prefill,131072,dense,flashmla_dense_bf16_multiquery,ok,,659.2124314955204,660.7865381472571,57152.21880000001,56.79529571533203
2,1024,prefill,262144,dense,flashmla_dense_bf16_multiquery,ok,,640.6743906702865,646.8132860969871,117155.99929999998,115.81852722167969
2,1024,prefill,524288,dense,flashmla_dense_bf16_multiquery,ok,,627.2594411595002,630.1307849738528,238857.52740000002,237.53759765625
2,1024,prefill,2048,sparse,flashmla_sparse_bf16,ok,,635.7127310747724,623.7778623670622,918.8356999999996,0.93641597032547
2,1024,prefill,4096,sparse,flashmla_sparse_bf16,ok,,633.5994816966647,625.9382232605295,921.9003000000005,0.933184027671814
2,1024,prefill,8192,sparse,flashmla_sparse_bf16,ok,,572.6422636541056,627.5306350096093,1020.0356999999998,0.9308159947395325
2,1024,prefill,16384,sparse,flashmla_sparse_bf16,ok,,634.5515496192304,622.650109471267,920.5171,0.9381120204925537
2,1024,prefill,32768,sparse,flashmla_sparse_bf16,ok,,567.3756996145715,577.3718450749517,1029.5040000000004,1.011680006980896
2,1024,prefill,65536,sparse,flashmla_sparse_bf16,ok,,445.08823595982506,492.5687096901377,1312.359,1.1858559846878052
2,1024,prefill,131072,sparse,flashmla_sparse_bf16,ok,,418.1538154113031,416.20746262343096,1396.8916000000004,1.4034240245819092
2,1024,prefill,262144,sparse,flashmla_sparse_bf16,ok,,363.32065130008226,367.0764554327193,1607.7136000000003,1.591264009475708
2,1024,prefill,524288,sparse,flashmla_sparse_bf16,ok,,348.6119824888168,348.40455682391115,1675.5464,1.676543951034546
4,1024,prefill,2048,dense,flashmla_dense_bf16_multiquery,ok,,822.4189948564399,638.9257615967456,2130.7224999999994,2.2859840393066406
4,1024,prefill,4096,dense,flashmla_dense_bf16_multiquery,ok,,753.3903173980756,631.3512657223009,3876.5798999999997,4.16377592086792
4,1024,prefill,8192,dense,flashmla_dense_bf16_multiquery,ok,,702.2628682986738,669.2225688025309,7485.857800000001,7.4194560050964355
4,1024,prefill,16384,dense,flashmla_dense_bf16_multiquery,ok,,698.1823897683472,679.4808942607617,14222.593599999998,14.184639930725098
4,1024,prefill,32768,dense,flashmla_dense_bf16_multiquery,ok,,660.4262844385444,666.5871951956248,29186.926199999998,28.479455947875977
4,1024,prefill,65536,dense,flashmla_dense_bf16_multiquery,ok,,655.935571796094,649.811500421192,57882.988099999995,57.979488372802734
4,1024,prefill,131072,dense,flashmla_dense_bf16_multiquery,ok,,635.9844502838508,636.1637012925598,118479.16440000001,117.98713684082031
4,1024,prefill,262144,dense,flashmla_dense_bf16_multiquery,ok,,623.6074412127967,626.3272087682691,240724.67229999998,239.2135009765625
4,1024,prefill,524288,dense,flashmla_dense_bf16_multiquery,ok,,615.9307059508543,615.7320673275375,486501.60709999985,486.1846923828125
4,1024,prefill,2048,sparse,flashmla_sparse_bf16,ok,,646.5831461880477,602.8173450215172,1806.7763,1.9379520416259766
4,1024,prefill,4096,sparse,flashmla_sparse_bf16,ok,,627.8357079666802,586.7819007721822,1860.7274000000002,1.9909119606018066
4,1024,prefill,8192,sparse,flashmla_sparse_bf16,ok,,613.8800804486239,626.7011334184552,1903.0282000000002,1.8640960454940796
4,1024,prefill,16384,sparse,flashmla_sparse_bf16,ok,,629.8451440146088,569.0560609428909,1854.7909999999997,2.0529279708862305
4,1024,prefill,32768,sparse,flashmla_sparse_bf16,ok,,550.3718418531048,584.3492959310527,2122.6215,1.9991999864578247
4,1024,prefill,65536,sparse,flashmla_sparse_bf16,ok,,481.3254665284175,492.79475458091713,2427.1125999999995,2.37062406539917
4,1024,prefill,131072,sparse,flashmla_sparse_bf16,ok,,406.829760769436,407.6104324578488,2871.5477999999994,2.8660480976104736
4,1024,prefill,262144,sparse,flashmla_sparse_bf16,ok,,366.5211814744509,364.25264597481316,3187.3494999999994,3.207200050354004
4,1024,prefill,524288,sparse,flashmla_sparse_bf16,ok,,347.7943821574383,346.7861816922435,3358.9706000000006,3.3687360286712646
8,1024,prefill,2048,dense,flashmla_dense_bf16_multiquery,ok,,824.6385522437531,602.7539679847483,4249.975100000001,4.8463358879089355
8,1024,prefill,4096,dense,flashmla_dense_bf16_multiquery,ok,,737.5819400098317,638.237996518462,7919.331,8.237695693969727
8,1024,prefill,8192,dense,flashmla_dense_bf16_multiquery,ok,,706.5569871918736,672.1185174039294,14880.724600000001,14.774975776672363
8,1024,prefill,16384,dense,flashmla_dense_bf16_multiquery,ok,,645.6592718216264,665.9550472043549,30759.147500000003,28.945472717285156
8,1024,prefill,32768,dense,flashmla_dense_bf16_multiquery,ok,,650.373639985159,642.3026206723226,59276.12080000001,59.112449645996094
8,1024,prefill,65536,dense,flashmla_dense_bf16_multiquery,ok,,629.3671594664398,632.3147132198457,120652.97760000001,119.16767883300781
8,1024,prefill,131072,dense,flashmla_dense_bf16_multiquery,ok,,622.6760776752332,615.4597240637056,242022.80750000002,243.91241455078125
8,1024,prefill,262144,dense,flashmla_dense_bf16_multiquery,ok,,614.3147356821706,612.5070679015834,488732.20259999996,489.22186279296875
8,1024,prefill,524288,dense,flashmla_dense_bf16_multiquery,ok,,610.0833567552196,608.2453800322965,982328.9719000002,984.3379516601562
8,1024,prefill,2048,sparse,flashmla_sparse_bf16,ok,,632.0673923842884,569.6465067551462,3696.5397000000003,4.101600170135498
8,1024,prefill,4096,sparse,flashmla_sparse_bf16,ok,,639.7495659678722,576.7834796244933,3652.1513000000004,4.050848007202148
8,1024,prefill,8192,sparse,flashmla_sparse_bf16,ok,,639.1645061583054,568.3030627046259,3655.4943,4.1112961769104
8,1024,prefill,16384,sparse,flashmla_sparse_bf16,ok,,604.220474973334,563.183146442886,3866.9034,4.148672103881836
8,1024,prefill,32768,sparse,flashmla_sparse_bf16,ok,,564.900189848218,520.8100535677266,4136.062,4.486207962036133
8,1024,prefill,65536,sparse,flashmla_sparse_bf16,ok,,470.9898344626891,473.9966692536137,4960.7487,4.929279804229736
8,1024,prefill,131072,sparse,flashmla_sparse_bf16,ok,,412.9632742583923,406.17058200339346,5657.796600000001,5.752416133880615
8,1024,prefill,262144,sparse,flashmla_sparse_bf16,ok,,366.04849437252244,364.87884360468166,6382.9308,6.4033918380737305
8,1024,prefill,524288,sparse,flashmla_sparse_bf16,ok,,346.0857606571105,345.0881563568365,6751.107600000001,6.770624160766602
16,1024,prefill,2048,dense,flashmla_dense_bf16_multiquery,ok,,763.6852998113337,625.6249913193939,9178.370499999999,9.338335990905762
16,1024,prefill,4096,dense,flashmla_dense_bf16_multiquery,ok,,727.3397274136271,650.6956676574038,16061.698,16.15996742248535
16,1024,prefill,8192,dense,flashmla_dense_bf16_multiquery,ok,,642.8370449344446,660.598172490085,32711.493600000005,30.06528091430664
16,1024,prefill,16384,dense,flashmla_dense_bf16_multiquery,ok,,651.9218948518561,646.2228849382574,60927.3256,59.65862274169922
16,1024,prefill,32768,dense,flashmla_dense_bf16_multiquery,ok,,627.0242429296446,623.6863801041923,122966.9407,121.7537612915039
16,1024,prefill,65536,dense,flashmla_dense_bf16_multiquery,ok,,614.4612636699067,604.2415024229196,247159.67070000005,249.40847778320312
16,1024,prefill,131072,dense,flashmla_dense_bf16_multiquery,ok,,611.9893086308883,611.5964804079639,492498.18700000003,490.90625
16,1024,prefill,262144,dense,flashmla_dense_bf16_multiquery,ok,,607.8284708211861,607.0078136648395,987895.1325,987.3080444335938
16,1024,prefill,524288,dense,flashmla_dense_bf16_multiquery,ok,,607.8595341422877,608.2823053045269,1971845.5431000001,1968.556396484375
16,1024,prefill,2048,sparse,flashmla_sparse_bf16,ok,,619.2026880546858,585.5184471426271,7546.679800000001,7.980832099914551
16,1024,prefill,4096,sparse,flashmla_sparse_bf16,ok,,604.3367974753031,591.3561082430776,7732.3182,7.902048110961914
16,1024,prefill,8192,sparse,flashmla_sparse_bf16,ok,,591.3468669862852,591.001902163526,7902.1716,7.9067840576171875
16,1024,prefill,16384,sparse,flashmla_sparse_bf16,ok,,581.6890074768598,584.4615495961183,8033.3724,7.995264053344727
16,1024,prefill,32768,sparse,flashmla_sparse_bf16,ok,,553.7283588511675,542.1609704027173,8439.019499999999,8.619071960449219
16,1024,prefill,65536,sparse,flashmla_sparse_bf16,ok,,483.536457427548,472.8577796689398,9664.0581,9.882304191589355
16,1024,prefill,131072,sparse,flashmla_sparse_bf16,ok,,407.13876778264836,405.26432407035736,11477.473499999998,11.530559539794922
16,1024,prefill,262144,sparse,flashmla_sparse_bf16,ok,,363.9282373346428,363.5697755414796,12840.2359,12.852895736694336
16,1024,prefill,524288,sparse,flashmla_sparse_bf16,ok,,343.5794569165715,343.4260780331401,13600.709599999998,13.606783866882324
32,1024,prefill,2048,dense,flashmla_dense_bf16_multiquery,ok,,725.1562866208299,626.0765843787437,19332.071599999996,18.66320037841797
32,1024,prefill,4096,dense,flashmla_dense_bf16_multiquery,ok,,686.4196804267948,648.5464451172237,34038.3919,32.427040100097656
32,1024,prefill,8192,dense,flashmla_dense_bf16_multiquery,ok,,667.7517947095342,650.5778349135419,62981.96440000001,61.056705474853516
32,1024,prefill,16384,dense,flashmla_dense_bf16_multiquery,ok,,636.2302345852559,623.0524022646641,124860.01259999999,123.7544937133789
32,1024,prefill,32768,dense,flashmla_dense_bf16_multiquery,ok,,619.0379800926411,606.0994600437214,249106.69580000002,250.57327270507812
32,1024,prefill,65536,dense,flashmla_dense_bf16_multiquery,ok,,610.3760750688036,606.153017258043,497627.7734,497.2439270019531
32,1024,prefill,131072,dense,flashmla_dense_bf16_multiquery,ok,,607.3128358994236,604.3784742943242,992581.1118999999,993.5381469726562
32,1024,prefill,262144,dense,flashmla_dense_bf16_multiquery,ok,,606.4586232163956,606.3532198051217,1980253.1112,1976.747802734375
32,1024,prefill,524288,dense,flashmla_dense_bf16_multiquery,ok,,607.4358020063405,606.7518444855167,3946442.1071999995,3947.043701171875
32,1024,prefill,2048,sparse,flashmla_sparse_bf16,ok,,568.3267807120221,593.3757662266792,16444.498400000004,15.750304222106934
32,1024,prefill,4096,sparse,flashmla_sparse_bf16,ok,,573.6713877771755,580.2337736134426,16291.2933,16.107040405273438
32,1024,prefill,8192,sparse,flashmla_sparse_bf16,ok,,572.9144025124585,575.36309489791,16312.8188,16.243392944335938
32,1024,prefill,16384,sparse,flashmla_sparse_bf16,ok,,572.6113395137393,586.0565667358304,16321.452599999999,15.94700813293457
32,1024,prefill,32768,sparse,flashmla_sparse_bf16,ok,,527.3168146231595,539.8141062860442,17723.4038,17.313087463378906
32,1024,prefill,65536,sparse,flashmla_sparse_bf16,ok,,465.1456319125523,459.7720631327639,20092.307000000004,20.32713508605957
32,1024,prefill,131072,sparse,flashmla_sparse_bf16,ok,,405.8129822826074,401.9794457494132,23029.940499999997,23.249568939208984
32,1024,prefill,262144,sparse,flashmla_sparse_bf16,ok,,362.6759394758186,362.3792984245993,25769.1449,25.790239334106445
32,1024,prefill,524288,sparse,flashmla_sparse_bf16,ok,,342.2969685522411,342.4335120502732,27303.335100000004,27.292448043823242
64,1024,prefill,2048,dense,flashmla_dense_bf16_multiquery,ok,,750.5979108686303,619.5052609502837,37353.61650000001,37.72233581542969
64,1024,prefill,4096,dense,flashmla_dense_bf16_multiquery,ok,,681.345583855043,636.3099541895258,68583.76319999999,66.10124969482422
64,1024,prefill,8192,dense,flashmla_dense_bf16_multiquery,ok,,668.425965324985,634.1485270142817,125836.88229999998,125.27708435058594
64,1024,prefill,16384,dense,flashmla_dense_bf16_multiquery,ok,,634.4035354347816,606.5314285408642,250439.06809999997,254.25074768066406
64,1024,prefill,32768,dense,flashmla_dense_bf16_multiquery,ok,,612.9674755517535,604.1282478043404,503147.43259999994,502.78173828125
64,1024,prefill,65536,dense,flashmla_dense_bf16_multiquery,ok,,605.5685946754975,599.5957928788804,1003156.6690999999,1005.3636474609375
64,1024,prefill,131072,dense,flashmla_dense_bf16_multiquery,ok,,604.7714781404723,602.0099879860642,1993504.23,1994.89404296875
64,1024,prefill,262144,dense,flashmla_dense_bf16_multiquery,ok,,604.7742491966637,603.7896288712037,3971536.7413000003,3970.281494140625
64,1024,prefill,524288,dense,flashmla_dense_bf16_multiquery,ok,,604.3885789553534,603.9205648636432,7932678.7763,7931.09619140625
64,1024,prefill,2048,sparse,flashmla_sparse_bf16,ok,,595.2888410401237,589.0036898199672,31399.375200000002,31.734432220458984
64,1024,prefill,4096,sparse,flashmla_sparse_bf16,ok,,587.8796815576736,589.1439117465517,31795.107500000002,31.726879119873047
64,1024,prefill,8192,sparse,flashmla_sparse_bf16,ok,,585.4926694374734,590.0085636483019,31924.733900000003,31.680383682250977
64,1024,prefill,16384,sparse,flashmla_sparse_bf16,ok,,572.0247246413065,581.5723628512179,32676.380699999998,32.13993453979492
64,1024,prefill,32768,sparse,flashmla_sparse_bf16,ok,,533.9035729812888,538.0964386939122,35009.501,34.7367057800293
64,1024,prefill,65536,sparse,flashmla_sparse_bf16,ok,,471.88564096684956,467.6819478062908,39610.6515,39.9666862487793
64,1024,prefill,131072,sparse,flashmla_sparse_bf16,ok,,401.4587896175246,403.2240032794274,46559.44309999999,46.35561752319336
64,1024,prefill,262144,sparse,flashmla_sparse_bf16,ok,,360.82945493678784,360.7914334119405,51802.028399999996,51.80748748779297
64,1024,prefill,524288,sparse,flashmla_sparse_bf16,ok,,342.4743134557296,341.62340080597306,54578.393000000004,54.71433639526367
128,1024,prefill,2048,dense,flashmla_dense_bf16_multiquery,ok,,738.7022462074973,601.5164902868122,75910.27819999999,77.70089721679688
128,1024,prefill,4096,dense,flashmla_dense_bf16_multiquery,ok,,696.5779987558943,630.9540684807257,134168.0164,133.32470703125
128,1024,prefill,8192,dense,flashmla_dense_bf16_multiquery,ok,,660.3604152088332,624.5588062508237,254747.67290000003,254.40127563476562
128,1024,prefill,16384,dense,flashmla_dense_bf16_multiquery,ok,,632.6315111545514,611.8498433188892,502281.11439999996,504.0814208984375
128,1024,prefill,32768,dense,flashmla_dense_bf16_multiquery,ok,,607.1646409097752,598.4626118472448,1015912.294,1015.0831298828125
128,1024,prefill,65536,dense,flashmla_dense_bf16_multiquery,ok,,603.4177646843893,598.9385990701601,2013464.6670999997,2012.93359375
128,1024,prefill,131072,dense,flashmla_dense_bf16_multiquery,ok,,602.2460679632043,599.9807146409818,4003727.2603000007,4003.282470703125
128,1024,prefill,262144,dense,flashmla_dense_bf16_multiquery,ok,,602.9520039670947,600.605718578165,7967079.087800002,7982.6572265625
128,1024,prefill,524288,dense,flashmla_dense_bf16_multiquery,skipped_memory_limit,skipped_memory_limit: estimated live tensors 105.3 GiB exceed current free GPU memory 78.6 GiB,,,,
128,1024,prefill,2048,sparse,flashmla_sparse_bf16,ok,,589.5729276119865,583.9041564054604,63407.58469999999,64.0231704711914
128,1024,prefill,4096,sparse,flashmla_sparse_bf16,ok,,576.5900289311472,589.3225080453336,64835.313599999994,63.43452835083008
128,1024,prefill,8192,sparse,flashmla_sparse_bf16,ok,,575.6846239529917,584.2242332094935,64937.282999999996,63.988094329833984
128,1024,prefill,16384,sparse,flashmla_sparse_bf16,ok,,576.6018721793795,582.4218744485142,64833.98189999999,64.18611145019531
128,1024,prefill,32768,sparse,flashmla_sparse_bf16,ok,,514.8321025040353,531.1428334199363,72612.79000000001,70.38294219970703
128,1024,prefill,65536,sparse,flashmla_sparse_bf16,ok,,447.84366781577734,463.0964341607968,83474.2077,80.72486114501953
128,1024,prefill,131072,sparse,flashmla_sparse_bf16,ok,,395.2747224202123,402.6479563031669,94575.7298,92.8438720703125
128,1024,prefill,262144,sparse,flashmla_sparse_bf16,ok,,354.88452514387654,359.7625845505398,105339.604,103.91129302978516
128,1024,prefill,524288,sparse,flashmla_sparse_bf16,skipped_memory_limit,skipped_memory_limit: estimated live tensors 90.1 GiB exceed current free GPU memory 78.6 GiB,,,,
256,1024,prefill,2048,dense,flashmla_dense_bf16_multiquery,ok,,714.6620477791156,597.0166534428608,156927.58049999998,156.57308959960938
256,1024,prefill,4096,dense,flashmla_dense_bf16_multiquery,ok,,683.3024562543758,621.1298085108801,273549.39970000007,270.866943359375
256,1024,prefill,8192,dense,flashmla_dense_bf16_multiquery,ok,,655.5812061753236,618.0425448237754,513209.584,514.1670532226562
256,1024,prefill,16384,dense,flashmla_dense_bf16_multiquery,ok,,629.7792559717764,609.8058282486185,1009111.8671,1011.5421142578125
256,1024,prefill,32768,dense,flashmla_dense_bf16_multiquery,ok,,609.1399588368582,599.5125712343712,2025235.791,2026.6107177734375
256,1024,prefill,65536,dense,flashmla_dense_bf16_multiquery,skipped_memory_limit,skipped_memory_limit: estimated live tensors 84.5 GiB exceed current free GPU memory 78.6 GiB,,,,
256,1024,prefill,131072,dense,flashmla_dense_bf16_multiquery,skipped_memory_limit,skipped_memory_limit: estimated live tensors 102.5 GiB exceed current free GPU memory 78.6 GiB,,,,
256,1024,prefill,262144,dense,flashmla_dense_bf16_multiquery,skipped_memory_limit,skipped_memory_limit: estimated live tensors 138.5 GiB exceed current free GPU memory 78.6 GiB,,,,
256,1024,prefill,524288,dense,flashmla_dense_bf16_multiquery,skipped_memory_limit,skipped_memory_limit: estimated live tensors 210.5 GiB exceed current free GPU memory 78.6 GiB,,,,
256,1024,prefill,2048,sparse,flashmla_sparse_bf16,ok,,574.0420938649338,578.5788272879787,130246.18140000003,129.2248992919922
256,1024,prefill,4096,sparse,flashmla_sparse_bf16,ok,,572.6890820674914,574.9949886077585,130553.8957,130.03033447265625
256,1024,prefill,8192,sparse,flashmla_sparse_bf16,ok,,570.4381652801735,575.6229838407066,131069.05400000003,129.8884735107422
256,1024,prefill,16384,sparse,flashmla_sparse_bf16,ok,,566.5681925958175,574.616032034933,131964.3278,130.1160888671875
256,1024,prefill,32768,sparse,flashmla_sparse_bf16,ok,,517.7459181912154,524.1141992210353,144408.26679999998,142.65362548828125
256,1024,prefill,65536,sparse,flashmla_sparse_bf16,ok,,446.81965610515874,459.5357685373655,167331.0242,162.70069885253906
256,1024,prefill,131072,sparse,flashmla_sparse_bf16,ok,,390.9967938783328,400.25535049072954,191220.98150000002,186.7977294921875
256,1024,prefill,262144,sparse,flashmla_sparse_bf16,skipped_memory_limit,skipped_memory_limit: estimated live tensors 108.3 GiB exceed current free GPU memory 78.6 GiB,,,,
256,1024,prefill,524288,sparse,flashmla_sparse_bf16,skipped_memory_limit,skipped_memory_limit: estimated live tensors 180.3 GiB exceed current free GPU memory 78.6 GiB,,,,
1,2048,prefill,2048,dense,flashmla_dense_bf16_multiquery,ok,,938.8268035325374,641.6925628731898,1244.3520999999996,1.3656320571899414
1,2048,prefill,4096,dense,flashmla_dense_bf16_multiquery,ok,,863.465618529539,699.3974622709055,2029.4341999999997,2.088128089904785
1,2048,prefill,8192,dense,flashmla_dense_bf16_multiquery,ok,,816.9820095812471,652.0173537281402,3574.8373000000006,4.031583786010742
1,2048,prefill,16384,dense,flashmla_dense_bf16_multiquery,ok,,733.9192827978069,678.2749995826722,7162.967500000001,7.320223808288574
1,2048,prefill,32768,dense,flashmla_dense_bf16_multiquery,ok,,676.9919735906462,678.5003731400167,14667.772699999998,14.204928398132324
1,2048,prefill,65536,dense,flashmla_dense_bf16_multiquery,ok,,676.5471596248467,672.1741566245144,28491.4554,28.242528915405273
1,2048,prefill,131072,dense,flashmla_dense_bf16_multiquery,ok,,647.97832291803,664.7708489188349,58593.79790000002,56.674560546875
1,2048,prefill,262144,dense,flashmla_dense_bf16_multiquery,ok,,646.798774971021,652.5566989861974,116498.22039999999,115.02294158935547
1,2048,prefill,524288,dense,flashmla_dense_bf16_multiquery,ok,,630.2128241072118,629.3365466637226,238201.59029999998,238.0694122314453
1,2048,prefill,2048,sparse,flashmla_sparse_bf16,ok,,637.654768267624,621.886447889513,916.0373,0.9392639994621277
1,2048,prefill,4096,sparse,flashmla_sparse_bf16,ok,,633.6077291099149,625.4449375787772,921.8883000000002,0.9339200258255005
1,2048,prefill,8192,sparse,flashmla_sparse_bf16,ok,,637.3840302461824,628.6111465150935,916.4264,0.9292160272598267
1,2048,prefill,16384,sparse,flashmla_sparse_bf16,ok,,603.1239691418562,623.436985900363,968.4834000000003,0.9369279742240906
1,2048,prefill,32768,sparse,flashmla_sparse_bf16,ok,,540.2929827476214,580.567137820234,1081.1089,1.006111979484558
1,2048,prefill,65536,sparse,flashmla_sparse_bf16,ok,,487.8380332791723,498.9233655479494,1197.3555,1.1707520484924316
1,2048,prefill,131072,sparse,flashmla_sparse_bf16,ok,,415.7211076405741,417.8366415541793,1405.0659,1.3979519605636597
1,2048,prefill,262144,sparse,flashmla_sparse_bf16,ok,,368.5551120381495,366.53101754928844,1584.8798000000002,1.5936319828033447
1,2048,prefill,524288,sparse,flashmla_sparse_bf16,ok,,347.96860624918537,348.39789300853045,1678.6444,1.676576018333435
2,2048,prefill,2048,dense,flashmla_dense_bf16_multiquery,ok,,890.1257038684275,611.2763187234077,2624.8677,2.8671679496765137
2,2048,prefill,4096,dense,flashmla_dense_bf16_multiquery,ok,,853.676124042371,646.707686718168,4105.4133,4.516511917114258
2,2048,prefill,8192,dense,flashmla_dense_bf16_multiquery,ok,,803.2809077423918,661.2362362051,7271.6224999999995,7.950751781463623
2,2048,prefill,16384,dense,flashmla_dense_bf16_multiquery,ok,,705.4528886628887,662.3486852662829,14904.0143,14.992480278015137
2,2048,prefill,32768,dense,flashmla_dense_bf16_multiquery,ok,,682.0959561162203,664.0021172821604,29116.033600000002,29.030176162719727
2,2048,prefill,65536,dense,flashmla_dense_bf16_multiquery,ok,,650.6996203346637,645.0785569079023,59246.42529999999,58.85763168334961
2,2048,prefill,131072,dense,flashmla_dense_bf16_multiquery,ok,,643.502640307736,638.8490563299014,118002.65770000001,117.94834899902344
2,2048,prefill,262144,dense,flashmla_dense_bf16_multiquery,ok,,622.6590065916645,622.6019626879565,242029.44290000005,241.1138916015625
2,2048,prefill,524288,dense,flashmla_dense_bf16_multiquery,ok,,619.4429363152171,616.5873685847301,484686.1208,485.98394775390625
2,2048,prefill,2048,sparse,flashmla_sparse_bf16,ok,,643.3199317488876,607.1483138186463,1815.9411,1.9241280555725098
2,2048,prefill,4096,sparse,flashmla_sparse_bf16,ok,,622.4349508389646,571.157121661585,1876.8726000000006,2.0453760623931885
2,2048,prefill,8192,sparse,flashmla_sparse_bf16,ok,,629.0954355295585,639.1544331176215,1857.0014000000003,1.8277759552001953
2,2048,prefill,16384,sparse,flashmla_sparse_bf16,ok,,630.8004978407189,575.3427597900761,1851.9818999999995,2.0304958820343018
2,2048,prefill,32768,sparse,flashmla_sparse_bf16,ok,,577.3573249565869,562.6536940141812,2023.4109,2.0762879848480225
2,2048,prefill,65536,sparse,flashmla_sparse_bf16,ok,,503.8612394432193,498.8143179436751,2318.5571999999997,2.3420159816741943
2,2048,prefill,131072,sparse,flashmla_sparse_bf16,ok,,414.1643648145649,414.17706596348063,2820.6943999999994,2.820607900619507
2,2048,prefill,262144,sparse,flashmla_sparse_bf16,ok,,366.9137948947449,365.33891500536646,3183.9389000000006,3.1976640224456787
2,2048,prefill,524288,sparse,flashmla_sparse_bf16,ok,,348.75372806435666,346.9740650574089,3349.7308,3.3669118881225586
4,2048,prefill,2048,dense,flashmla_dense_bf16_multiquery,ok,,869.954469731555,612.1131673607243,5371.4586,5.72649621963501
4,2048,prefill,4096,dense,flashmla_dense_bf16_multiquery,ok,,769.4345665007768,642.7276767239988,9109.789099999998,9.088959693908691
4,2048,prefill,8192,dense,flashmla_dense_bf16_multiquery,ok,,721.3461764968541,661.7769236331519,16195.152100000003,15.888511657714844
4,2048,prefill,16384,dense,flashmla_dense_bf16_multiquery,ok,,655.5595092469197,659.8095477997432,32076.660599999996,30.100351333618164
4,2048,prefill,32768,dense,flashmla_dense_bf16_multiquery,ok,,654.5686038841409,638.2661917819088,60680.96960000001,60.40143966674805
4,2048,prefill,65536,dense,flashmla_dense_bf16_multiquery,ok,,637.9514965966115,633.9344775804225,120860.68190000001,119.78460693359375
4,2048,prefill,131072,dense,flashmla_dense_bf16_multiquery,ok,,623.8218960785181,617.4476846734899,243450.9666,244.0731201171875
4,2048,prefill,262144,dense,flashmla_dense_bf16_multiquery,ok,,614.5792013403046,615.0257101856542,490422.75479999994,488.16815185546875
4,2048,prefill,524288,dense,flashmla_dense_bf16_multiquery,ok,,610.4061993670992,610.1177850319466,983723.2785999998,982.2744750976562
4,2048,prefill,2048,sparse,flashmla_sparse_bf16,ok,,627.7364058276053,568.7501727554849,3722.0434999999998,4.1080641746521
4,2048,prefill,4096,sparse,flashmla_sparse_bf16,ok,,638.9543876336028,569.3400497912753,3656.6964000000007,4.1038079261779785
4,2048,prefill,8192,sparse,flashmla_sparse_bf16,ok,,634.4472003288914,583.1358743550556,3682.6740000000004,4.006720066070557
4,2048,prefill,16384,sparse,flashmla_sparse_bf16,ok,,634.3798980843319,569.1004093271224,3683.0647,4.105535984039307
4,2048,prefill,32768,sparse,flashmla_sparse_bf16,ok,,581.711252393171,522.947419789874,4016.5326000000014,4.467872142791748
4,2048,prefill,65536,sparse,flashmla_sparse_bf16,ok,,485.5574424730335,466.3969445128653,4811.917199999999,5.0096001625061035
4,2048,prefill,131072,sparse,flashmla_sparse_bf16,ok,,368.1556270805699,407.21487321847513,6346.3982000000005,5.737664222717285
4,2048,prefill,262144,sparse,flashmla_sparse_bf16,ok,,366.0084010232423,365.30236291135895,6383.629999999999,6.395967960357666
4,2048,prefill,524288,sparse,flashmla_sparse_bf16,ok,,346.23466329368046,345.20726101468426,6748.2042,6.7682881355285645
8,2048,prefill,2048,dense,flashmla_dense_bf16_multiquery,ok,,813.7991460627215,624.6068830080075,11484.2205,11.22390365600586
8,2048,prefill,4096,dense,flashmla_dense_bf16_multiquery,ok,,782.7740671877478,644.4987106381785,17909.092600000004,18.127967834472656
8,2048,prefill,8192,dense,flashmla_dense_bf16_multiquery,ok,,669.4461664442745,648.3915853798212,34901.4204,32.43302536010742
8,2048,prefill,16384,dense,flashmla_dense_bf16_multiquery,ok,,662.3914304140151,646.7155404409627,63491.64230000002,61.41958236694336
8,2048,prefill,32768,dense,flashmla_dense_bf16_multiquery,ok,,633.7365611553148,617.4278943329305,125351.32100000003,124.87999725341797
8,2048,prefill,65536,dense,flashmla_dense_bf16_multiquery,ok,,618.4760638844479,608.193158051009,249333.0216,249.70880126953125
8,2048,prefill,131072,dense,flashmla_dense_bf16_multiquery,ok,,613.8051266963005,610.6519213623276,494847.7521,493.57867431640625
8,2048,prefill,262144,dense,flashmla_dense_bf16_multiquery,ok,,610.049948617382,607.2272576872051,988127.6956,988.8751220703125
8,2048,prefill,524288,dense,flashmla_dense_bf16_multiquery,ok,,612.2498510316439,610.881919556516,1961522.0377999991,1962.091552734375
8,2048,prefill,2048,sparse,flashmla_sparse_bf16,ok,,593.9906014559095,590.4427491916188,7867.000599999999,7.914271831512451
8,2048,prefill,4096,sparse,flashmla_sparse_bf16,ok,,615.7338064789421,596.1433363,7589.1957999999995,7.838592052459717
8,2048,prefill,8192,sparse,flashmla_sparse_bf16,ok,,593.4825843253266,590.911029660634,7873.734699999999,7.9079999923706055
8,2048,prefill,16384,sparse,flashmla_sparse_bf16,ok,,587.2450397975854,595.477248167506,7957.367199999999,7.847360134124756
8,2048,prefill,32768,sparse,flashmla_sparse_bf16,ok,,564.3022444519335,545.8044570460826,8280.889299999999,8.561535835266113
8,2048,prefill,65536,sparse,flashmla_sparse_bf16,ok,,476.4623067150144,473.5539656886998,9807.5427,9.867775917053223
8,2048,prefill,131072,sparse,flashmla_sparse_bf16,ok,,409.00176756285543,407.44668881377606,11425.1937,11.468799591064453
8,2048,prefill,262144,sparse,flashmla_sparse_bf16,ok,,363.815923982123,363.1240491141141,12844.199800000004,12.868672370910645
8,2048,prefill,524288,sparse,flashmla_sparse_bf16,ok,,343.72050638727336,343.4680854929853,13595.128399999998,13.605119705200195
16,2048,prefill,2048,dense,flashmla_dense_bf16_multiquery,ok,,816.9695373737702,618.0003983646872,22879.307999999997,22.687776565551758
16,2048,prefill,4096,dense,flashmla_dense_bf16_multiquery,ok,,731.5544429255099,639.2386636688408,38325.9876,36.55427169799805
16,2048,prefill,8192,dense,flashmla_dense_bf16_multiquery,ok,,682.7946867778192,634.5104703356803,68438.20709999999,66.28511810302734
16,2048,prefill,16384,dense,flashmla_dense_bf16_multiquery,ok,,649.508663156804,616.9007814504847,129501.9517,128.77597045898438
16,2048,prefill,32768,dense,flashmla_dense_bf16_multiquery,ok,,625.8622076134624,608.4414872514487,253856.88460000005,253.44883728027344
16,2048,prefill,65536,dense,flashmla_dense_bf16_multiquery,ok,,615.4349421660763,605.1276429585884,501130.1609,501.9476013183594
16,2048,prefill,131072,dense,flashmla_dense_bf16_multiquery,ok,,608.9829991456863,606.1215582865947,997532.2384999997,994.5357055664062
16,2048,prefill,262144,dense,flashmla_dense_bf16_multiquery,ok,,608.816888681286,610.639766458471,1980257.9762,1966.69775390625
16,2048,prefill,524288,dense,flashmla_dense_bf16_multiquery,ok,,608.6431686531055,610.099436843682,3946291.151499999,3929.216064453125
16,2048,prefill,2048,sparse,flashmla_sparse_bf16,ok,,561.465655732744,589.0137793204311,16645.450600000004,15.866944313049316
16,2048,prefill,4096,sparse,flashmla_sparse_bf16,ok,,595.4289934022775,598.7207312458803,15695.992200000002,15.609696388244629
16,2048,prefill,8192,sparse,flashmla_sparse_bf16,ok,,580.8473348599022,596.5159338003442,16090.026200000002,15.667391777038574
16,2048,prefill,16384,sparse,flashmla_sparse_bf16,ok,,578.5333669623518,585.0563310896357,16154.381700000004,15.974271774291992
16,2048,prefill,32768,sparse,flashmla_sparse_bf16,ok,,530.0261215398024,551.4425809145055,17632.808,16.947999954223633
16,2048,prefill,65536,sparse,flashmla_sparse_bf16,ok,,471.39597915806957,475.48446576216656,19825.898499999996,19.655424118041992
16,2048,prefill,131072,sparse,flashmla_sparse_bf16,ok,,407.3339797825535,405.76880543427274,22943.946000000004,23.032447814941406
16,2048,prefill,262144,sparse,flashmla_sparse_bf16,ok,,362.95664935029424,362.5466357302391,25749.215099999998,25.778335571289062
16,2048,prefill,524288,sparse,flashmla_sparse_bf16,ok,,342.5525693775562,341.96118887690835,27282.962300000003,27.33014488220215
32,2048,prefill,2048,dense,flashmla_dense_bf16_multiquery,ok,,770.9321522143872,615.7783028924606,48491.1613,45.5392951965332
32,2048,prefill,4096,dense,flashmla_dense_bf16_multiquery,ok,,727.0233970349725,622.208464740727,77129.69519999999,75.10956573486328
32,2048,prefill,8192,dense,flashmla_dense_bf16_multiquery,ok,,682.4118744980573,620.9922158424731,136953.1977,135.4561309814453
32,2048,prefill,16384,dense,flashmla_dense_bf16_multiquery,ok,,644.4971253069084,606.1152638588111,261017.8889,262.13494873046875
32,2048,prefill,32768,dense,flashmla_dense_bf16_multiquery,ok,,619.4149166363128,600.1654662479402,512998.3988000001,513.8875732421875
32,2048,prefill,65536,dense,flashmla_dense_bf16_multiquery,ok,,608.4831314725966,597.3262898262781,1013710.9663000002,1017.0065307617188
32,2048,prefill,131072,dense,flashmla_dense_bf16_multiquery,ok,,607.2804828212624,601.6574442882804,2000657.6582999998,2003.8297119140625
32,2048,prefill,262144,dense,flashmla_dense_bf16_multiquery,ok,,605.9173446466416,603.9348965748376,3979468.521599999,3977.06396484375
32,2048,prefill,524288,dense,flashmla_dense_bf16_multiquery,ok,,606.7869302579404,604.5516642269695,7916726.7161,7930.54638671875
32,2048,prefill,2048,sparse,flashmla_sparse_bf16,ok,,593.9896501060913,593.0769544493512,31468.052799999998,31.5164794921875
32,2048,prefill,4096,sparse,flashmla_sparse_bf16,ok,,575.9904527327061,589.1599565407881,32451.401900000004,31.726015090942383
32,2048,prefill,8192,sparse,flashmla_sparse_bf16,ok,,581.5996810780855,582.8862156453017,32138.4249,32.06748962402344
32,2048,prefill,16384,sparse,flashmla_sparse_bf16,ok,,572.8040997168166,584.5475202390029,32631.9202,31.97635269165039
32,2048,prefill,32768,sparse,flashmla_sparse_bf16,ok,,532.5522233693263,541.4443367579461,35098.3375,34.52191925048828
32,2048,prefill,65536,sparse,flashmla_sparse_bf16,ok,,473.2207706120834,472.2056363984531,39498.8953,39.58380889892578
32,2048,prefill,131072,sparse,flashmla_sparse_bf16,ok,,406.60176703110875,405.9642295151387,45970.5274,46.042720794677734
32,2048,prefill,262144,sparse,flashmla_sparse_bf16,ok,,361.3822665324675,360.5653669127285,51722.78609999999,51.839969635009766
32,2048,prefill,524288,sparse,flashmla_sparse_bf16,ok,,341.21130058175174,341.3195859471383,54780.41799999999,54.763038635253906
64,2048,prefill,2048,dense,flashmla_dense_bf16_multiquery,ok,,791.2839833040103,603.1796360541938,94487.9364,92.98095703125
64,2048,prefill,4096,dense,flashmla_dense_bf16_multiquery,ok,,730.8812166456256,613.0008992173018,153445.1611,152.47549438476562
64,2048,prefill,8192,dense,flashmla_dense_bf16_multiquery,ok,,678.0502685874301,614.832499764587,275668.31750000006,273.62640380859375
64,2048,prefill,16384,dense,flashmla_dense_bf16_multiquery,ok,,644.3146500072264,607.5687512198404,522183.6227,523.0156860351562
64,2048,prefill,32768,dense,flashmla_dense_bf16_multiquery,ok,,615.4875884560518,597.7649026433303,1032543.5196,1031.902587890625
64,2048,prefill,65536,dense,flashmla_dense_bf16_multiquery,ok,,609.8579959387906,599.0220522434663,2022851.3106,2028.2550048828125
64,2048,prefill,131072,dense,flashmla_dense_bf16_multiquery,ok,,605.8962774543082,601.3979862462002,4010456.5546999997,4009.388427734375
64,2048,prefill,262144,dense,flashmla_dense_bf16_multiquery,ok,,605.6613802299446,603.2182208997727,7962300.646599999,7963.578125
64,2048,prefill,524288,dense,flashmla_dense_bf16_multiquery,ok,,606.6441912702444,604.5459693060374,15837178.9292,15861.2421875
64,2048,prefill,2048,sparse,flashmla_sparse_bf16,ok,,577.2888428887235,589.2354106676038,64756.82979999999,63.443904876708984
64,2048,prefill,4096,sparse,flashmla_sparse_bf16,ok,,582.7783191414005,584.2119388464049,64146.8533,63.98944091796875
64,2048,prefill,8192,sparse,flashmla_sparse_bf16,ok,,572.4077179800411,587.2494223379468,65309.03439999999,63.65846252441406
64,2048,prefill,16384,sparse,flashmla_sparse_bf16,ok,,573.4893422472646,580.2139172223217,65185.85890000001,64.43036651611328
64,2048,prefill,32768,sparse,flashmla_sparse_bf16,ok,,522.639970958173,534.3260038089479,71528.0067,69.9636459350586
64,2048,prefill,65536,sparse,flashmla_sparse_bf16,ok,,450.32567013846426,464.5393870780855,83014.1336,80.47411346435547
64,2048,prefill,131072,sparse,flashmla_sparse_bf16,ok,,396.23804624323935,404.7167648420925,94345.7997,92.36927795410156
64,2048,prefill,262144,sparse,flashmla_sparse_bf16,ok,,358.9175107473286,361.04286835173156,104155.95289999999,103.54281616210938
64,2048,prefill,524288,sparse,flashmla_sparse_bf16,ok,,338.43007312908304,341.98071172000454,110461.20990000002,109.31433868408203
128,2048,prefill,2048,dense,flashmla_dense_bf16_multiquery,ok,,792.8394207082677,597.146628466737,188605.12920000002,187.8406982421875
128,2048,prefill,4096,dense,flashmla_dense_bf16_multiquery,ok,,728.8895463986455,609.2366991271048,307728.89139999996,306.83514404296875
128,2048,prefill,8192,dense,flashmla_dense_bf16_multiquery,ok,,677.4505637773926,612.4916780408198,551824.699,549.3442993164062
128,2048,prefill,16384,dense,flashmla_dense_bf16_multiquery,ok,,642.2683852955745,606.1477248255504,1047694.5956000002,1048.483642578125
128,2048,prefill,32768,dense,flashmla_dense_bf16_multiquery,ok,,617.227050138862,598.9863511349529,2059267.2363000002,2059.5966796875
128,2048,prefill,65536,dense,flashmla_dense_bf16_multiquery,ok,,607.7570176439702,597.948330479544,4059688.3640999994,4063.794189453125
128,2048,prefill,131072,dense,flashmla_dense_bf16_multiquery,skipped_memory_limit,skipped_memory_limit: estimated live tensors 84.6 GiB exceed current free GPU memory 78.6 GiB,,,,
128,2048,prefill,262144,dense,flashmla_dense_bf16_multiquery,skipped_memory_limit,skipped_memory_limit: estimated live tensors 102.6 GiB exceed current free GPU memory 78.6 GiB,,,,
128,2048,prefill,524288,dense,flashmla_dense_bf16_multiquery,skipped_memory_limit,skipped_memory_limit: estimated live tensors 138.6 GiB exceed current free GPU memory 78.6 GiB,,,,
128,2048,prefill,2048,sparse,flashmla_sparse_bf16,ok,,574.124977461483,577.8972007808468,130227.3784,129.3773193359375
128,2048,prefill,4096,sparse,flashmla_sparse_bf16,ok,,574.3919919731508,578.0071594579215,130166.84030000001,129.3527069091797
128,2048,prefill,8192,sparse,flashmla_sparse_bf16,ok,,572.7000948647766,576.8444556625195,130551.38520000002,129.61343383789062
128,2048,prefill,16384,sparse,flashmla_sparse_bf16,ok,,568.4130204461894,572.0832386650688,131536.02749999997,130.69215393066406
128,2048,prefill,32768,sparse,flashmla_sparse_bf16,ok,,519.0097643655685,527.2627916758956,144056.61669999998,141.8017578125
128,2048,prefill,65536,sparse,flashmla_sparse_bf16,ok,,448.644231397415,460.10315450030816,166650.51160000003,162.50006103515625
128,2048,prefill,131072,sparse,flashmla_sparse_bf16,ok,,394.1537328484618,402.7960105563209,189689.41419999997,185.61949157714844
128,2048,prefill,262144,sparse,flashmla_sparse_bf16,ok,,356.33985808039006,359.79481319605236,209818.76989999996,207.80397033691406
128,2048,prefill,524288,sparse,flashmla_sparse_bf16,skipped_memory_limit,skipped_memory_limit: estimated live tensors 108.3 GiB exceed current free GPU memory 78.6 GiB,,,,
256,2048,prefill,2048,dense,flashmla_dense_bf16_multiquery,skipped_memory_limit,skipped_memory_limit: estimated live tensors 133.5 GiB exceed current free GPU memory 78.6 GiB,,,,
256,2048,prefill,4096,dense,flashmla_dense_bf16_multiquery,skipped_memory_limit,skipped_memory_limit: estimated live tensors 134.1 GiB exceed current free GPU memory 78.6 GiB,,,,
256,2048,prefill,8192,dense,flashmla_dense_bf16_multiquery,skipped_memory_limit,skipped_memory_limit: estimated live tensors 135.2 GiB exceed current free GPU memory 78.6 GiB,,,,
256,2048,prefill,16384,dense,flashmla_dense_bf16_multiquery,skipped_memory_limit,skipped_memory_limit: estimated live tensors 137.4 GiB exceed current free GPU memory 78.6 GiB,,,,
256,2048,prefill,32768,dense,flashmla_dense_bf16_multiquery,skipped_memory_limit,skipped_memory_limit: estimated live tensors 141.9 GiB exceed current free GPU memory 78.6 GiB,,,,
256,2048,prefill,65536,dense,flashmla_dense_bf16_multiquery,skipped_memory_limit,skipped_memory_limit: estimated live tensors 150.9 GiB exceed current free GPU memory 78.6 GiB,,,,
256,2048,prefill,131072,dense,flashmla_dense_bf16_multiquery,skipped_memory_limit,skipped_memory_limit: estimated live tensors 168.9 GiB exceed current free GPU memory 78.6 GiB,,,,
256,2048,prefill,262144,dense,flashmla_dense_bf16_multiquery,skipped_memory_limit,skipped_memory_limit: estimated live tensors 204.9 GiB exceed current free GPU memory 78.6 GiB,,,,
256,2048,prefill,524288,dense,flashmla_dense_bf16_multiquery,skipped_memory_limit,skipped_memory_limit: estimated live tensors 276.9 GiB exceed current free GPU memory 78.6 GiB,,,,
256,2048,prefill,2048,sparse,flashmla_sparse_bf16,ok,,566.0481477681507,574.0532405482396,264171.13450000004,260.4873046875
256,2048,prefill,4096,sparse,flashmla_sparse_bf16,ok,,566.3850183743466,574.6699455366735,264014.0126,260.207763671875
256,2048,prefill,8192,sparse,flashmla_sparse_bf16,ok,,565.1583573888765,573.4307442508023,264587.04790000006,260.77008056640625
256,2048,prefill,16384,sparse,flashmla_sparse_bf16,ok,,560.8298378022791,567.6020206257466,266629.1472,263.44793701171875
256,2048,prefill,32768,sparse,flashmla_sparse_bf16,skipped_memory_limit,skipped_memory_limit: estimated live tensors 81.6 GiB exceed current free GPU memory 78.6 GiB,,,,
256,2048,prefill,65536,sparse,flashmla_sparse_bf16,skipped_memory_limit,skipped_memory_limit: estimated live tensors 90.6 GiB exceed current free GPU memory 78.6 GiB,,,,
256,2048,prefill,131072,sparse,flashmla_sparse_bf16,skipped_memory_limit,skipped_memory_limit: estimated live tensors 108.6 GiB exceed current free GPU memory 78.6 GiB,,,,
256,2048,prefill,262144,sparse,flashmla_sparse_bf16,skipped_memory_limit,skipped_memory_limit: estimated live tensors 144.6 GiB exceed current free GPU memory 78.6 GiB,,,,
256,2048,prefill,524288,sparse,flashmla_sparse_bf16,skipped_memory_limit,skipped_memory_limit: estimated live tensors 216.6 GiB exceed current free GPU memory 78.6 GiB,,,,
1,4096,prefill,2048,dense,flashmla_dense_bf16_multiquery,ok,,1018.9826812260098,625.7035430260227,3439.404200000001,3.7345919609069824
1,4096,prefill,4096,dense,flashmla_dense_bf16_multiquery,ok,,946.8546234998531,638.1450711884622,4935.207899999999,5.492447853088379
1,4096,prefill,8192,dense,flashmla_dense_bf16_multiquery,ok,,806.173968275233,645.4893070201217,8694.6328,9.04963207244873
1,4096,prefill,16384,dense,flashmla_dense_bf16_multiquery,ok,,680.7938951022094,667.7327038660233,17159.8352,15.746368408203125
1,4096,prefill,32768,dense,flashmla_dense_bf16_multiquery,ok,,705.7812892719721,653.6336651067696,29794.1589,30.384319305419922
1,4096,prefill,65536,dense,flashmla_dense_bf16_multiquery,ok,,652.7228626334585,655.9689176033468,60852.56059999999,58.77094268798828
1,4096,prefill,131072,dense,flashmla_dense_bf16_multiquery,ok,,639.5971231872337,639.6509571207407,120549.71810000001,118.71366119384766
1,4096,prefill,262144,dense,flashmla_dense_bf16_multiquery,ok,,626.1243654814438,625.4441316066137,242555.71570000006,240.95213317871094
1,4096,prefill,524288,dense,flashmla_dense_bf16_multiquery,ok,,616.8572388555795,618.5010954298372,488611.6364999999,485.4246520996094
1,4096,prefill,2048,sparse,flashmla_sparse_bf16,ok,,640.8511279776676,597.9203237536442,1822.9368000000002,1.9538240432739258
1,4096,prefill,4096,sparse,flashmla_sparse_bf16,ok,,615.7870829800811,582.6612274407083,1897.1348000000005,2.0049920082092285
1,4096,prefill,8192,sparse,flashmla_sparse_bf16,ok,,632.0671359009879,584.6019534961612,1848.2705999999994,1.9983359575271606
1,4096,prefill,16384,sparse,flashmla_sparse_bf16,ok,,641.6275136261205,636.9353261836035,1820.7310000000002,1.8341439962387085
1,4096,prefill,32768,sparse,flashmla_sparse_bf16,ok,,553.6010617332627,518.4285880556565,2110.24,2.2534079551696777
1,4096,prefill,65536,sparse,flashmla_sparse_bf16,ok,,504.14066803462583,500.33879585788986,2317.2720999999997,2.3348801136016846
1,4096,prefill,131072,sparse,flashmla_sparse_bf16,ok,,412.83196299834964,407.0287585327227,2829.7981,2.8701438903808594
1,4096,prefill,262144,sparse,flashmla_sparse_bf16,ok,,367.46454063547276,365.1817819907383,3179.1669,3.199039936065674
1,4096,prefill,524288,sparse,flashmla_sparse_bf16,ok,,347.76009244301895,347.0070411464671,3359.3018,3.3665919303894043
2,4096,prefill,2048,dense,flashmla_dense_bf16_multiquery,ok,,936.6621379662104,611.6140589947918,7483.3671,7.6412482261657715
2,4096,prefill,4096,dense,flashmla_dense_bf16_multiquery,ok,,857.4957892106568,651.5120867834656,10899.002600000002,10.759519577026367
2,4096,prefill,8192,dense,flashmla_dense_bf16_multiquery,ok,,777.8965563375765,644.5298370361104,18021.3849,18.12620735168457
2,4096,prefill,16384,dense,flashmla_dense_bf16_multiquery,ok,,680.976177031931,636.7100604008402,34310.4838,33.02716827392578
2,4096,prefill,32768,dense,flashmla_dense_bf16_multiquery,ok,,667.1179168752334,642.9457604898445,63041.80819999999,61.77881622314453
2,4096,prefill,65536,dense,flashmla_dense_bf16_multiquery,ok,,644.6026934597484,634.779416259849,123238.2612,121.46553802490234
2,4096,prefill,131072,dense,flashmla_dense_bf16_multiquery,ok,,625.3156394709564,618.945220283791,246605.8676,245.3700408935547
2,4096,prefill,262144,dense,flashmla_dense_bf16_multiquery,ok,,617.9794284186775,613.7777576334903,491505.1751,491.0640563964844
2,4096,prefill,524288,dense,flashmla_dense_bf16_multiquery,ok,,613.6990801260304,609.049574570726,982252.1647,985.9154052734375
2,4096,prefill,2048,sparse,flashmla_sparse_bf16,ok,,617.4487221945051,575.2294229680231,3784.0587,4.061791896820068
2,4096,prefill,4096,sparse,flashmla_sparse_bf16,ok,,649.484656659873,578.1307339399443,3597.4094000000005,4.041408061981201
2,4096,prefill,8192,sparse,flashmla_sparse_bf16,ok,,648.2549504697739,533.727397302463,3604.2335000000007,4.377632141113281
2,4096,prefill,16384,sparse,flashmla_sparse_bf16,ok,,618.0923842099008,569.0604888613915,3780.1180999999997,4.105823993682861
2,4096,prefill,32768,sparse,flashmla_sparse_bf16,ok,,541.754319293759,519.1805955568295,4312.7708,4.500288009643555
2,4096,prefill,65536,sparse,flashmla_sparse_bf16,ok,,494.55942160864026,471.8890323970927,4724.330599999999,4.951295852661133
2,4096,prefill,131072,sparse,flashmla_sparse_bf16,ok,,411.0204463196592,406.88359090852924,5684.5401,5.742335796356201
2,4096,prefill,262144,sparse,flashmla_sparse_bf16,ok,,366.2598979986132,365.6572707994329,6379.2466,6.3897600173950195
2,4096,prefill,524288,sparse,flashmla_sparse_bf16,ok,,346.5086422824351,345.90066442856414,6742.8685,6.754720211029053
4,4096,prefill,2048,dense,flashmla_dense_bf16_multiquery,ok,,913.6499413152743,627.3847917799982,15343.702899999998,14.898336410522461
4,4096,prefill,4096,dense,flashmla_dense_bf16_multiquery,ok,,845.7432816048795,642.92471225233,22100.911799999994,21.80646324157715
4,4096,prefill,8192,dense,flashmla_dense_bf16_multiquery,ok,,753.1228419064183,646.1347453947752,37228.38419999999,36.16236877441406
4,4096,prefill,16384,dense,flashmla_dense_bf16_multiquery,ok,,684.8165264560921,645.898544798822,68236.15139999999,65.11465454101562
4,4096,prefill,32768,dense,flashmla_dense_bf16_multiquery,ok,,649.9839503579738,625.0198084281029,129407.2561,127.1013412475586
4,4096,prefill,65536,dense,flashmla_dense_bf16_multiquery,ok,,630.5674898704842,613.7307667359102,251962.60949999996,251.2626953125
4,4096,prefill,131072,dense,flashmla_dense_bf16_multiquery,ok,,619.2244860663146,610.4691495344557,498063.3332999999,497.55377197265625
4,4096,prefill,262144,dense,flashmla_dense_bf16_multiquery,ok,,612.1394109734305,607.3132733925238,992388.6020999998,992.582275390625
4,4096,prefill,524288,dense,flashmla_dense_bf16_multiquery,ok,,612.4717236666398,609.1430960602397,1968441.0777999996,1971.528076171875
4,4096,prefill,2048,sparse,flashmla_sparse_bf16,ok,,614.8499571509884,590.7556489958308,7600.105300000001,7.9100799560546875
4,4096,prefill,4096,sparse,flashmla_sparse_bf16,ok,,606.3016058751355,590.9564624186704,7707.260500000001,7.9073920249938965
4,4096,prefill,8192,sparse,flashmla_sparse_bf16,ok,,637.1064599819707,590.4164609205834,7334.6053,7.914624214172363
4,4096,prefill,16384,sparse,flashmla_sparse_bf16,ok,,604.6262273021481,584.403064969567,7728.616799999999,7.996064186096191
4,4096,prefill,32768,sparse,flashmla_sparse_bf16,ok,,540.8539997145107,544.1205323698497,8639.8999,8.588031768798828
4,4096,prefill,65536,sparse,flashmla_sparse_bf16,ok,,476.62814780325965,474.41861133164315,9804.130199999998,9.849791526794434
4,4096,prefill,131072,sparse,flashmla_sparse_bf16,ok,,408.4652410298144,406.10958321249433,11440.2009,11.506560325622559
4,4096,prefill,262144,sparse,flashmla_sparse_bf16,ok,,364.2500224881453,360.69072381698413,12828.892599999997,12.955488204956055
4,4096,prefill,524288,sparse,flashmla_sparse_bf16,ok,,344.7690814031486,344.1171947325784,13553.7804,13.579456329345703
8,4096,prefill,2048,dense,flashmla_dense_bf16_multiquery,ok,,920.5719768691501,622.3300752362015,30456.6587,30.03868865966797
8,4096,prefill,4096,dense,flashmla_dense_bf16_multiquery,ok,,837.1417643209726,633.1622262476636,44655.9913,44.285377502441406
8,4096,prefill,8192,dense,flashmla_dense_bf16_multiquery,ok,,749.2960312537023,623.0327600447624,74837.03460000001,75.00653076171875
8,4096,prefill,16384,dense,flashmla_dense_bf16_multiquery,ok,,681.2371987855284,624.6490643539981,137189.3498,134.65948486328125
8,4096,prefill,32768,dense,flashmla_dense_bf16_multiquery,ok,,642.0288169233307,609.16520839456,262021.3838,260.8187561035156
8,4096,prefill,65536,dense,flashmla_dense_bf16_multiquery,ok,,623.5973056503849,604.8274347055403,509557.78280000004,509.92279052734375
8,4096,prefill,131072,dense,flashmla_dense_bf16_multiquery,ok,,612.5492041489289,605.4078330747169,1006982.0007999999,1003.4268188476562
8,4096,prefill,262144,dense,flashmla_dense_bf16_multiquery,ok,,611.3237006684611,607.857271679378,1987425.5609000002,1983.387939453125
8,4096,prefill,524288,dense,flashmla_dense_bf16_multiquery,ok,,610.1267907164289,610.2305022274367,3952012.9855000004,3936.02978515625
8,4096,prefill,2048,sparse,flashmla_sparse_bf16,ok,,579.836467842659,587.5893841627329,16118.077,15.905407905578613
8,4096,prefill,4096,sparse,flashmla_sparse_bf16,ok,,593.3899817716616,593.1299364782224,15749.926899999997,15.756832122802734
8,4096,prefill,8192,sparse,flashmla_sparse_bf16,ok,,560.6889953379571,587.4227519402185,16668.5077,15.909919738769531
8,4096,prefill,16384,sparse,flashmla_sparse_bf16,ok,,580.0103297685125,586.4461010727299,16113.2455,15.936415672302246
8,4096,prefill,32768,sparse,flashmla_sparse_bf16,ok,,527.093223696771,544.5852184356467,17730.922000000002,17.161407470703125
8,4096,prefill,65536,sparse,flashmla_sparse_bf16,ok,,475.8998835725151,474.3669411503014,19638.2667,19.70172882080078
8,4096,prefill,131072,sparse,flashmla_sparse_bf16,ok,,406.03569422967064,405.32560564777924,23017.308500000003,23.057632446289062
8,4096,prefill,262144,sparse,flashmla_sparse_bf16,ok,,362.748921012004,361.9634083158818,25763.960400000004,25.81987190246582
8,4096,prefill,524288,sparse,flashmla_sparse_bf16,ok,,343.29797609772146,342.8230035207194,27223.722499999996,27.26144027709961
16,4096,prefill,2048,dense,flashmla_dense_bf16_multiquery,ok,,931.2081304788035,605.3091188464032,60217.572400000005,61.766719818115234
16,4096,prefill,4096,dense,flashmla_dense_bf16_multiquery,ok,,803.5368389685345,608.1381460519985,93047.1225,92.21532440185547
16,4096,prefill,8192,dense,flashmla_dense_bf16_multiquery,ok,,734.6998645591202,610.591452468349,152647.62039999999,153.0697021484375
16,4096,prefill,16384,dense,flashmla_dense_bf16_multiquery,ok,,672.7639158206335,606.3426907136584,277834.4265,277.4501037597656
16,4096,prefill,32768,dense,flashmla_dense_bf16_multiquery,ok,,634.9392270827389,599.8054045744877,529894.1122999999,529.7775268554688
16,4096,prefill,65536,dense,flashmla_dense_bf16_multiquery,ok,,615.790215806675,596.1040375565885,1032036.0807,1034.77001953125
16,4096,prefill,131072,dense,flashmla_dense_bf16_multiquery,ok,,614.0410883354365,599.8620406609577,2009070.8420000002,2025.4072265625
16,4096,prefill,262144,dense,flashmla_dense_bf16_multiquery,ok,,612.8333279467378,601.9794198517135,3965059.6443999996,4005.50830078125
16,4096,prefill,524288,dense,flashmla_dense_bf16_multiquery,ok,,608.2447570771884,604.0743089222335,7928482.643399999,7952.28466796875
16,4096,prefill,2048,sparse,flashmla_sparse_bf16,ok,,575.9052259907053,583.1067977821451,32456.2043,32.05535888671875
16,4096,prefill,4096,sparse,flashmla_sparse_bf16,ok,,572.1698298843503,590.5495982843278,32668.09380000001,31.65135955810547
16,4096,prefill,8192,sparse,flashmla_sparse_bf16,ok,,579.8315591915677,592.3666326729983,32236.426900000002,31.554271697998047
16,4096,prefill,16384,sparse,flashmla_sparse_bf16,ok,,580.0713797940597,587.7496247729298,32223.0993,31.802143096923828
16,4096,prefill,32768,sparse,flashmla_sparse_bf16,ok,,529.05694035977,540.7696380897153,35330.2192,34.56499099731445
16,4096,prefill,65536,sparse,flashmla_sparse_bf16,ok,,473.8019235166587,472.1442105825222,39450.44700000001,39.588958740234375
16,4096,prefill,131072,sparse,flashmla_sparse_bf16,ok,,405.643344369317,404.54631912124927,46079.143,46.204097747802734
16,4096,prefill,262144,sparse,flashmla_sparse_bf16,ok,,362.21831198428276,361.2922031206962,51603.40340000001,51.735679626464844
16,4096,prefill,524288,sparse,flashmla_sparse_bf16,ok,,342.9923382598029,342.1597192915036,54495.9627,54.62857437133789
32,4096,prefill,2048,dense,flashmla_dense_bf16_multiquery,ok,,899.708331193086,596.069181879941,124651.7145,125.4483871459961
32,4096,prefill,4096,dense,flashmla_dense_bf16_multiquery,ok,,803.9070195762807,605.5087809350117,186008.55290000007,185.2315216064453
32,4096,prefill,8192,dense,flashmla_dense_bf16_multiquery,ok,,729.6477357116164,605.623344143569,307409.12509999995,308.6507568359375
32,4096,prefill,16384,dense,flashmla_dense_bf16_multiquery,ok,,670.4712210708522,603.36821952103,557568.9779,557.6357421875
32,4096,prefill,32768,dense,flashmla_dense_bf16_multiquery,ok,,633.9862113879938,596.7542824900537,1061381.3110000002,1064.972412109375
32,4096,prefill,65536,dense,flashmla_dense_bf16_multiquery,ok,,617.8854911318982,597.1310919103654,2057072.8070999999,2065.98046875
32,4096,prefill,131072,dense,flashmla_dense_bf16_multiquery,ok,,611.7337938514382,598.6973831728158,4033297.0280999998,4058.694580078125
32,4096,prefill,262144,dense,flashmla_dense_bf16_multiquery,ok,,609.299907209936,601.6590911831306,7976107.2294000015,8015.28173828125
32,4096,prefill,524288,dense,flashmla_dense_bf16_multiquery,ok,,604.7434824065314,601.3979382320847,15948772.131399998,15975.3486328125
32,4096,prefill,2048,sparse,flashmla_sparse_bf16,ok,,575.9102990655781,590.7813264073811,64911.836800000005,63.277889251708984
32,4096,prefill,4096,sparse,flashmla_sparse_bf16,ok,,583.2884901893835,590.260166977705,64090.7475,63.33375930786133
32,4096,prefill,8192,sparse,flashmla_sparse_bf16,ok,,582.0742170672543,588.4812079226174,64224.448099999994,63.52521514892578
32,4096,prefill,16384,sparse,flashmla_sparse_bf16,ok,,578.8416392545064,582.6019249233389,64583.1136,64.16627502441406
32,4096,prefill,32768,sparse,flashmla_sparse_bf16,ok,,522.1730813383953,531.3116970026352,71591.96190000001,70.3605728149414
32,4096,prefill,65536,sparse,flashmla_sparse_bf16,ok,,450.4842998974595,465.584843888553,82984.9017,80.29341125488281
32,4096,prefill,131072,sparse,flashmla_sparse_bf16,ok,,391.6673898554741,403.68366763407676,95446.79060000002,92.60566711425781
32,4096,prefill,262144,sparse,flashmla_sparse_bf16,ok,,355.6830118585915,360.385618792967,105103.12299999999,103.73165130615234
32,4096,prefill,524288,sparse,flashmla_sparse_bf16,ok,,339.0484150346588,342.11483039885263,110259.75550000001,109.271484375
64,4096,prefill,2048,dense,flashmla_dense_bf16_multiquery,ok,,878.2386014835497,584.646984135374,255397.9883,255.79852294921875
64,4096,prefill,4096,dense,flashmla_dense_bf16_multiquery,ok,,806.9126831695395,597.6461027722703,370631.38180000003,375.3368835449219
64,4096,prefill,8192,dense,flashmla_dense_bf16_multiquery,ok,,729.8260594033512,606.0007663946326,614668.0272000001,616.9170532226562
64,4096,prefill,16384,dense,flashmla_dense_bf16_multiquery,ok,,670.4455392693258,599.6455657168339,1115180.6718000001,1122.1951904296875
64,4096,prefill,32768,dense,flashmla_dense_bf16_multiquery,ok,,635.2627209844748,596.6702969567735,2118497.1004,2130.24462890625
64,4096,prefill,65536,dense,flashmla_dense_bf16_multiquery,ok,,615.8230303739005,595.8776179576435,4127924.3516999995,4140.65283203125
64,4096,prefill,131072,dense,flashmla_dense_bf16_multiquery,ok,,610.7514050121342,598.1078169249158,8079569.1093999995,8125.390625
64,4096,prefill,262144,dense,flashmla_dense_bf16_multiquery,skipped_memory_limit,skipped_memory_limit: estimated live tensors 84.8 GiB exceed current free GPU memory 78.6 GiB,,,,
64,4096,prefill,524288,dense,flashmla_dense_bf16_multiquery,skipped_memory_limit,skipped_memory_limit: estimated live tensors 102.8 GiB exceed current free GPU memory 78.6 GiB,,,,
64,4096,prefill,2048,sparse,flashmla_sparse_bf16,ok,,574.4999945914464,577.7071725195218,130142.3697,129.4198760986328
64,4096,prefill,4096,sparse,flashmla_sparse_bf16,ok,,573.3810262502908,580.2744525406861,130396.34599999999,128.8472900390625
64,4096,prefill,8192,sparse,flashmla_sparse_bf16,ok,,573.8577961783863,577.2493428173993,130288.01069999998,129.52252197265625
64,4096,prefill,16384,sparse,flashmla_sparse_bf16,ok,,567.373355660781,564.1811829214952,131777.0564,132.5226593017578
64,4096,prefill,32768,sparse,flashmla_sparse_bf16,ok,,518.6043801677885,527.3806037921142,144169.2233,141.77008056640625
64,4096,prefill,65536,sparse,flashmla_sparse_bf16,ok,,449.083200052506,461.14520821758776,166487.6145,162.1328582763672
64,4096,prefill,131072,sparse,flashmla_sparse_bf16,ok,,394.62791421330405,402.1127194181165,189461.48510000002,185.93490600585938
64,4096,prefill,262144,sparse,flashmla_sparse_bf16,ok,,357.3369139597352,360.5692141766975,209233.32509999996,207.357666015625
64,4096,prefill,524288,sparse,flashmla_sparse_bf16,ok,,339.49538852328,341.4140968369395,220229.17900000006,218.99151611328125
128,4096,prefill,2048,dense,flashmla_dense_bf16_multiquery,skipped_memory_limit,skipped_memory_limit: estimated live tensors 133.5 GiB exceed current free GPU memory 78.6 GiB,,,,
128,4096,prefill,4096,dense,flashmla_dense_bf16_multiquery,skipped_memory_limit,skipped_memory_limit: estimated live tensors 133.8 GiB exceed current free GPU memory 78.6 GiB,,,,
128,4096,prefill,8192,dense,flashmla_dense_bf16_multiquery,skipped_memory_limit,skipped_memory_limit: estimated live tensors 134.3 GiB exceed current free GPU memory 78.6 GiB,,,,
128,4096,prefill,16384,dense,flashmla_dense_bf16_multiquery,skipped_memory_limit,skipped_memory_limit: estimated live tensors 135.4 GiB exceed current free GPU memory 78.6 GiB,,,,
128,4096,prefill,32768,dense,flashmla_dense_bf16_multiquery,skipped_memory_limit,skipped_memory_limit: estimated live tensors 137.7 GiB exceed current free GPU memory 78.6 GiB,,,,
128,4096,prefill,65536,dense,flashmla_dense_bf16_multiquery,skipped_memory_limit,skipped_memory_limit: estimated live tensors 142.2 GiB exceed current free GPU memory 78.6 GiB,,,,
128,4096,prefill,131072,dense,flashmla_dense_bf16_multiquery,skipped_memory_limit,skipped_memory_limit: estimated live tensors 151.2 GiB exceed current free GPU memory 78.6 GiB,,,,
128,4096,prefill,262144,dense,flashmla_dense_bf16_multiquery,skipped_memory_limit,skipped_memory_limit: estimated live tensors 169.2 GiB exceed current free GPU memory 78.6 GiB,,,,
128,4096,prefill,524288,dense,flashmla_dense_bf16_multiquery,skipped_memory_limit,skipped_memory_limit: estimated live tensors 205.2 GiB exceed current free GPU memory 78.6 GiB,,,,
128,4096,prefill,2048,sparse,flashmla_sparse_bf16,ok,,566.0422692418363,572.5476250411716,264173.87799999997,261.17230224609375
128,4096,prefill,4096,sparse,flashmla_sparse_bf16,ok,,565.3255577226711,574.0077807003458,264508.7938,260.5079345703125
128,4096,prefill,8192,sparse,flashmla_sparse_bf16,ok,,564.9920859155877,571.9139689661464,264664.9132,261.461669921875
128,4096,prefill,16384,sparse,flashmla_sparse_bf16,ok,,560.3141991465343,565.7553302657825,266874.5172,264.307861328125
128,4096,prefill,32768,sparse,flashmla_sparse_bf16,ok,,519.4370947036285,522.5481669208461,287876.20849999995,286.16229248046875
128,4096,prefill,65536,sparse,flashmla_sparse_bf16,skipped_memory_limit,skipped_memory_limit: estimated live tensors 81.6 GiB exceed current free GPU memory 78.6 GiB,,,,
128,4096,prefill,131072,sparse,flashmla_sparse_bf16,skipped_memory_limit,skipped_memory_limit: estimated live tensors 90.6 GiB exceed current free GPU memory 78.6 GiB,,,,
128,4096,prefill,262144,sparse,flashmla_sparse_bf16,skipped_memory_limit,skipped_memory_limit: estimated live tensors 108.6 GiB exceed current free GPU memory 78.6 GiB,,,,
128,4096,prefill,524288,sparse,flashmla_sparse_bf16,skipped_memory_limit,skipped_memory_limit: estimated live tensors 144.6 GiB exceed current free GPU memory 78.6 GiB,,,,
256,4096,prefill,2048,dense,flashmla_dense_bf16_multiquery,skipped_memory_limit,skipped_memory_limit: estimated live tensors 266.4 GiB exceed current free GPU memory 78.6 GiB,,,,
256,4096,prefill,4096,dense,flashmla_dense_bf16_multiquery,skipped_memory_limit,skipped_memory_limit: estimated live tensors 267.0 GiB exceed current free GPU memory 78.6 GiB,,,,
256,4096,prefill,8192,dense,flashmla_dense_bf16_multiquery,skipped_memory_limit,skipped_memory_limit: estimated live tensors 268.1 GiB exceed current free GPU memory 78.6 GiB,,,,
256,4096,prefill,16384,dense,flashmla_dense_bf16_multiquery,skipped_memory_limit,skipped_memory_limit: estimated live tensors 270.4 GiB exceed current free GPU memory 78.6 GiB,,,,
256,4096,prefill,32768,dense,flashmla_dense_bf16_multiquery,skipped_memory_limit,skipped_memory_limit: estimated live tensors 274.9 GiB exceed current free GPU memory 78.6 GiB,,,,
256,4096,prefill,65536,dense,flashmla_dense_bf16_multiquery,skipped_memory_limit,skipped_memory_limit: estimated live tensors 283.9 GiB exceed current free GPU memory 78.6 GiB,,,,
256,4096,prefill,131072,dense,flashmla_dense_bf16_multiquery,skipped_memory_limit,skipped_memory_limit: estimated live tensors 301.9 GiB exceed current free GPU memory 78.6 GiB,,,,
256,4096,prefill,262144,dense,flashmla_dense_bf16_multiquery,skipped_memory_limit,skipped_memory_limit: estimated live tensors 337.9 GiB exceed current free GPU memory 78.6 GiB,,,,
256,4096,prefill,524288,dense,flashmla_dense_bf16_multiquery,skipped_memory_limit,skipped_memory_limit: estimated live tensors 409.9 GiB exceed current free GPU memory 78.6 GiB,,,,
256,4096,prefill,2048,sparse,flashmla_sparse_bf16,skipped_memory_limit,skipped_memory_limit: estimated live tensors 145.7 GiB exceed current free GPU memory 78.6 GiB,,,,
256,4096,prefill,4096,sparse,flashmla_sparse_bf16,skipped_memory_limit,skipped_memory_limit: estimated live tensors 146.2 GiB exceed current free GPU memory 78.6 GiB,,,,
256,4096,prefill,8192,sparse,flashmla_sparse_bf16,skipped_memory_limit,skipped_memory_limit: estimated live tensors 147.4 GiB exceed current free GPU memory 78.6 GiB,,,,
256,4096,prefill,16384,sparse,flashmla_sparse_bf16,skipped_memory_limit,skipped_memory_limit: estimated live tensors 149.6 GiB exceed current free GPU memory 78.6 GiB,,,,
256,4096,prefill,32768,sparse,flashmla_sparse_bf16,skipped_memory_limit,skipped_memory_limit: estimated live tensors 154.1 GiB exceed current free GPU memory 78.6 GiB,,,,
256,4096,prefill,65536,sparse,flashmla_sparse_bf16,skipped_memory_limit,skipped_memory_limit: estimated live tensors 163.1 GiB exceed current free GPU memory 78.6 GiB,,,,
256,4096,prefill,131072,sparse,flashmla_sparse_bf16,skipped_memory_limit,skipped_memory_limit: estimated live tensors 181.1 GiB exceed current free GPU memory 78.6 GiB,,,,
256,4096,prefill,262144,sparse,flashmla_sparse_bf16,skipped_memory_limit,skipped_memory_limit: estimated live tensors 217.1 GiB exceed current free GPU memory 78.6 GiB,,,,
256,4096,prefill,524288,sparse,flashmla_sparse_bf16,skipped_memory_limit,skipped_memory_limit: estimated live tensors 289.1 GiB exceed current free GPU memory 78.6 GiB,,,,
1,8192,prefill,2048,dense,flashmla_dense_bf16_multiquery,ok,,1071.6715476284594,648.8643905197529,10901.018199999999,10.803423881530762
1,8192,prefill,4096,dense,flashmla_dense_bf16_multiquery,ok,,943.7000255342338,657.5095441018359,14855.115899999999,14.214879989624023
1,8192,prefill,8192,dense,flashmla_dense_bf16_multiquery,ok,,885.6889336420381,647.0182852758055,21104.133700000002,21.66761589050293
1,8192,prefill,16384,dense,flashmla_dense_bf16_multiquery,ok,,779.9874610853112,660.2784195007677,35946.1503,35.386878967285156
1,8192,prefill,32768,dense,flashmla_dense_bf16_multiquery,ok,,708.5328853865338,652.3101576368098,65952.1176,64.47376251220703
1,8192,prefill,65536,dense,flashmla_dense_bf16_multiquery,ok,,667.2997323128659,628.703704021985,126049.26310000001,126.35568237304688
1,8192,prefill,131072,dense,flashmla_dense_bf16_multiquery,ok,,643.1631848051821,621.7265263203225,247028.17880000005,248.0303955078125
1,8192,prefill,262144,dense,flashmla_dense_bf16_multiquery,ok,,632.4959040228304,624.092678488057,487612.6622,486.69158935546875
1,8192,prefill,524288,dense,flashmla_dense_bf16_multiquery,ok,,622.5056573285094,618.2306835634681,975862.8973,975.05322265625
1,8192,prefill,2048,sparse,flashmla_sparse_bf16,ok,,641.2745667913703,569.5310337035735,3643.4662000000003,4.102431774139404
1,8192,prefill,4096,sparse,flashmla_sparse_bf16,ok,,617.1278011456075,563.2656902437728,3786.0265,4.148064136505127
1,8192,prefill,8192,sparse,flashmla_sparse_bf16,ok,,645.5695622398391,575.2611635828932,3619.2261,4.061567783355713
1,8192,prefill,16384,sparse,flashmla_sparse_bf16,ok,,633.683873184042,557.5664647155793,3687.1100999999994,4.190464019775391
1,8192,prefill,32768,sparse,flashmla_sparse_bf16,ok,,590.245487744421,516.5214736481638,3958.4583999999995,4.52345609664917
1,8192,prefill,65536,sparse,flashmla_sparse_bf16,ok,,502.0231568289629,460.83047155038986,4654.092500000001,5.070112228393555
1,8192,prefill,131072,sparse,flashmla_sparse_bf16,ok,,408.198664151803,404.22773280380517,5723.836000000001,5.780064105987549
1,8192,prefill,262144,sparse,flashmla_sparse_bf16,ok,,366.3152192778145,364.28354460621057,6378.283199999999,6.413856029510498
1,8192,prefill,524288,sparse,flashmla_sparse_bf16,ok,,345.9116137670697,345.5503494193597,6754.5064,6.761568069458008
2,8192,prefill,2048,dense,flashmla_dense_bf16_multiquery,ok,,1055.6234590281106,643.9102166731675,22133.481300000003,21.773088455200195
2,8192,prefill,4096,dense,flashmla_dense_bf16_multiquery,ok,,939.862282381279,650.9983300291335,29831.547700000006,28.714111328125
2,8192,prefill,8192,dense,flashmla_dense_bf16_multiquery,ok,,843.5593164831395,654.6890491130247,44316.2616,42.82748794555664
2,8192,prefill,16384,dense,flashmla_dense_bf16_multiquery,ok,,754.0806022969686,632.6980086743811,74362.20060000001,73.8589096069336
2,8192,prefill,32768,dense,flashmla_dense_bf16_multiquery,ok,,684.8218275008003,628.9397391693261,136471.2464,133.739013671875
2,8192,prefill,65536,dense,flashmla_dense_bf16_multiquery,ok,,652.8784001201699,616.0403831416362,257667.09240000002,257.9060974121094
2,8192,prefill,131072,dense,flashmla_dense_bf16_multiquery,ok,,635.8560821307927,616.8024040015127,499733.9325,500.02099609375
2,8192,prefill,262144,dense,flashmla_dense_bf16_multiquery,ok,,623.664562676321,614.9157000559294,989034.9077,987.909912109375
2,8192,prefill,524288,dense,flashmla_dense_bf16_multiquery,ok,,620.0098260672221,613.3343051311884,1959582.4092,1965.674560546875
2,8192,prefill,2048,sparse,flashmla_sparse_bf16,ok,,614.5866670187914,590.9301640177689,7603.361200000001,7.90774393081665
2,8192,prefill,4096,sparse,flashmla_sparse_bf16,ok,,601.4620717646599,596.7231175855172,7769.275300000001,7.8309760093688965
2,8192,prefill,8192,sparse,flashmla_sparse_bf16,ok,,599.5964736495094,574.076107690443,7793.448799999998,8.139904022216797
2,8192,prefill,16384,sparse,flashmla_sparse_bf16,ok,,594.7733782013291,583.853992375821,7856.6469,8.003583908081055
2,8192,prefill,32768,sparse,flashmla_sparse_bf16,ok,,543.7555102155138,537.0822012392671,8593.796899999998,8.700575828552246
2,8192,prefill,65536,sparse,flashmla_sparse_bf16,ok,,474.4923507760883,472.47837791925264,9848.2608,9.890239715576172
2,8192,prefill,131072,sparse,flashmla_sparse_bf16,ok,,405.8990108879372,404.5524982351385,11512.5297,11.550848007202148
2,8192,prefill,262144,sparse,flashmla_sparse_bf16,ok,,364.07058234752213,363.2758337881723,12835.2156,12.863295555114746
2,8192,prefill,524288,sparse,flashmla_sparse_bf16,ok,,344.0320605996252,343.6661283112077,13582.8167,13.59727954864502
4,8192,prefill,2048,dense,flashmla_dense_bf16_multiquery,ok,,1040.686773615914,634.1965178892019,44902.313899999994,44.21315383911133
4,8192,prefill,4096,dense,flashmla_dense_bf16_multiquery,ok,,936.0226299696105,623.4550476221553,59907.839,59.96531295776367
4,8192,prefill,8192,dense,flashmla_dense_bf16_multiquery,ok,,778.669448978537,637.4656749349999,96018.65179999999,87.96924591064453
4,8192,prefill,16384,dense,flashmla_dense_bf16_multiquery,ok,,739.2764386814706,628.026233852821,151702.63810000004,148.81666564941406
4,8192,prefill,32768,dense,flashmla_dense_bf16_multiquery,ok,,683.1549074568837,608.8801614377172,273608.4813,276.29010009765625
4,8192,prefill,65536,dense,flashmla_dense_bf16_multiquery,ok,,646.4091615922757,611.4644570342377,520491.6298999999,519.6723022460938
4,8192,prefill,131072,dense,flashmla_dense_bf16_multiquery,ok,,630.5706207928727,612.0808675977871,1007845.4338,1007.7562255859375
4,8192,prefill,262144,dense,flashmla_dense_bf16_multiquery,ok,,622.5941175468564,612.5205528901142,1981470.7714000004,1983.5458984375
4,8192,prefill,524288,dense,flashmla_dense_bf16_multiquery,ok,,621.2518331116341,615.7696128529946,3911329.621700001,3915.801025390625
4,8192,prefill,2048,sparse,flashmla_sparse_bf16,ok,,578.1803073561205,592.9095991740628,16164.246199999998,15.762687683105469
4,8192,prefill,4096,sparse,flashmla_sparse_bf16,ok,,574.6013815873665,598.5428280677279,16264.925799999997,15.614336013793945
4,8192,prefill,8192,sparse,flashmla_sparse_bf16,ok,,597.5078886795262,598.3576505243625,15641.3815,15.619168281555176
4,8192,prefill,16384,sparse,flashmla_sparse_bf16,ok,,576.3679743198937,585.9824851126936,16215.073100000003,15.949024200439453
4,8192,prefill,32768,sparse,flashmla_sparse_bf16,ok,,507.5949807579504,542.5406632394969,18412.0198,17.2260799407959
4,8192,prefill,65536,sparse,flashmla_sparse_bf16,ok,,466.1031098046669,470.41675167073754,20051.033000000003,19.867168426513672
4,8192,prefill,131072,sparse,flashmla_sparse_bf16,ok,,404.80812218212867,402.95169575896796,23087.108,23.193471908569336
4,8192,prefill,262144,sparse,flashmla_sparse_bf16,ok,,362.62283886701795,362.1694404326875,25772.918399999995,25.80518341064453
4,8192,prefill,524288,sparse,flashmla_sparse_bf16,ok,,343.0811550158897,342.79283224601556,27240.927400000008,27.263839721679688
8,8192,prefill,2048,dense,flashmla_dense_bf16_multiquery,ok,,1007.2072313562137,615.0106089781558,92789.7313,91.18486022949219
8,8192,prefill,4096,dense,flashmla_dense_bf16_multiquery,ok,,904.9382666634627,619.7479648645995,123931.31129999999,120.64800262451172
8,8192,prefill,8192,dense,flashmla_dense_bf16_multiquery,ok,,828.1154300131054,624.508256741378,180570.9397,179.58889770507812
8,8192,prefill,16384,dense,flashmla_dense_bf16_multiquery,ok,,739.0740077848444,614.8090529345451,303488.37830000004,304.0318603515625
8,8192,prefill,32768,dense,flashmla_dense_bf16_multiquery,ok,,673.4565757071874,604.0193048743105,555097.3395,557.027099609375
8,8192,prefill,65536,dense,flashmla_dense_bf16_multiquery,ok,,640.6180674146383,606.2229630777763,1050393.5971,1048.3309326171875
8,8192,prefill,131072,dense,flashmla_dense_bf16_multiquery,ok,,626.6856403687631,607.343639020029,2028186.6375000004,2031.2332763671875
8,8192,prefill,262144,dense,flashmla_dense_bf16_multiquery,ok,,615.2434707322398,609.9502661062235,4010288.9508,3983.808837890625
8,8192,prefill,524288,dense,flashmla_dense_bf16_multiquery,ok,,608.8708305206807,610.4689749770688,7981728.0631,7899.60302734375
8,8192,prefill,2048,sparse,flashmla_sparse_bf16,ok,,587.0828266403498,593.4203929707912,31838.263400000007,31.498239517211914
8,8192,prefill,4096,sparse,flashmla_sparse_bf16,ok,,590.2365934706298,576.5677225738351,31668.144399999997,32.41891098022461
8,8192,prefill,8192,sparse,flashmla_sparse_bf16,ok,,578.3910032154939,592.2543288128971,32316.715799999998,31.56025505065918
8,8192,prefill,16384,sparse,flashmla_sparse_bf16,ok,,572.2212750006453,581.6777170990763,32665.156800000004,32.13411331176758
8,8192,prefill,32768,sparse,flashmla_sparse_bf16,ok,,533.094219050754,535.2911333824171,35062.6531,34.91875076293945
8,8192,prefill,65536,sparse,flashmla_sparse_bf16,ok,,470.2991157849157,470.5895612598589,39744.2756,39.71974563598633
8,8192,prefill,131072,sparse,flashmla_sparse_bf16,ok,,403.8741865189785,402.9694912825602,46280.9912,46.38489532470703
8,8192,prefill,262144,sparse,flashmla_sparse_bf16,ok,,362.3435755868901,360.94034332046033,51585.5639,51.78611373901367
8,8192,prefill,524288,sparse,flashmla_sparse_bf16,ok,,342.56858661251425,341.52913109039423,54563.373300000014,54.72943878173828
16,8192,prefill,2048,dense,flashmla_dense_bf16_multiquery,ok,,992.4908591221549,601.6232901958292,188331.1821,186.4278106689453
16,8192,prefill,4096,dense,flashmla_dense_bf16_multiquery,ok,,896.0617496911902,603.8073879660755,250317.98550000004,247.66624450683594
16,8192,prefill,8192,dense,flashmla_dense_bf16_multiquery,ok,,808.9769247122348,610.818432405305,369685.6531,367.227783203125
16,8192,prefill,16384,dense,flashmla_dense_bf16_multiquery,ok,,719.4253979030761,607.1427040326719,623554.2218,615.74169921875
16,8192,prefill,32768,dense,flashmla_dense_bf16_multiquery,ok,,659.9183362613966,602.9899777729379,1132970.3477,1115.9559326171875
16,8192,prefill,65536,dense,flashmla_dense_bf16_multiquery,ok,,632.8406552476575,604.5608290453619,2126605.2066,2102.42626953125
16,8192,prefill,131072,dense,flashmla_dense_bf16_multiquery,ok,,617.5106256623012,606.1467443353416,4116643.1439000005,4070.48828125
16,8192,prefill,262144,dense,flashmla_dense_bf16_multiquery,ok,,611.4381791462579,609.0740005855441,8070494.047900001,7979.08056640625
16,8192,prefill,524288,dense,flashmla_dense_bf16_multiquery,ok,,604.4585950928177,608.2747940179845,16079981.107800001,15856.197265625
16,8192,prefill,2048,sparse,flashmla_sparse_bf16,ok,,583.2889015538843,588.7952862142587,64090.70229999999,63.491329193115234
16,8192,prefill,4096,sparse,flashmla_sparse_bf16,ok,,585.7770723105418,589.3456863795257,63818.46799999999,63.43203353881836
16,8192,prefill,8192,sparse,flashmla_sparse_bf16,ok,,576.6099093592629,585.9331194456523,64833.07819999999,63.80147171020508
16,8192,prefill,16384,sparse,flashmla_sparse_bf16,ok,,569.7006846595694,572.1778997512151,65619.3618,65.33526611328125
16,8192,prefill,32768,sparse,flashmla_sparse_bf16,ok,,512.5329655636496,528.9258158716398,72938.51879999999,70.6779556274414
16,8192,prefill,65536,sparse,flashmla_sparse_bf16,ok,,445.58045526055236,462.42387048014007,83898.19369999999,80.84226989746094
16,8192,prefill,131072,sparse,flashmla_sparse_bf16,ok,,389.3569025730816,402.07879882563907,96013.18250000001,92.97529602050781
16,8192,prefill,262144,sparse,flashmla_sparse_bf16,ok,,354.74970728793625,360.7086466487939,105379.6369,103.63875579833984
16,8192,prefill,524288,sparse,flashmla_sparse_bf16,ok,,337.5299146019161,341.4267054157122,110755.79890000001,109.49171447753906
32,8192,prefill,2048,dense,flashmla_dense_bf16_multiquery,ok,,989.5267203037029,596.4081439766619,377790.6607,376.115966796875
32,8192,prefill,4096,dense,flashmla_dense_bf16_multiquery,ok,,896.4135464948937,602.0385926310344,500439.49679999996,496.78778076171875
32,8192,prefill,8192,dense,flashmla_dense_bf16_multiquery,ok,,806.0115695957654,606.7665718508077,742091.4886,739.360107421875
32,8192,prefill,16384,dense,flashmla_dense_bf16_multiquery,ok,,717.2020209008887,605.8385220067372,1250974.5679999997,1234.1343994140625
32,8192,prefill,32768,dense,flashmla_dense_bf16_multiquery,ok,,661.9683880789881,603.3943787081848,2258923.2970999996,2230.416015625
32,8192,prefill,65536,dense,flashmla_dense_bf16_multiquery,ok,,630.5458150200108,603.7379710882046,4268689.761600001,4210.58349609375
32,8192,prefill,131072,dense,flashmla_dense_bf16_multiquery,ok,,615.1981689459528,604.6150368558951,8264234.231299999,8161.6005859375
32,8192,prefill,262144,dense,flashmla_dense_bf16_multiquery,ok,,606.8524835167599,606.4401805900167,16262957.866999999,16027.46875
32,8192,prefill,524288,dense,flashmla_dense_bf16_multiquery,skipped_memory_limit,skipped_memory_limit: estimated live tensors 85.3 GiB exceed current free GPU memory 78.6 GiB,,,,
32,8192,prefill,2048,sparse,flashmla_sparse_bf16,ok,,572.7431569718772,577.1493933796182,130541.56959999997,129.54495239257812
32,8192,prefill,4096,sparse,flashmla_sparse_bf16,ok,,571.8294201148093,575.6822267508938,130750.16440000004,129.87510681152344
32,8192,prefill,8192,sparse,flashmla_sparse_bf16,ok,,570.6495640174829,574.076376726488,131020.49909999999,130.2384033203125
32,8192,prefill,16384,sparse,flashmla_sparse_bf16,ok,,558.2216707586214,563.1632100780695,133937.4564,132.76220703125
32,8192,prefill,32768,sparse,flashmla_sparse_bf16,ok,,510.1883363995865,519.7328861057118,146547.43229999996,143.85618591308594
32,8192,prefill,65536,sparse,flashmla_sparse_bf16,ok,,445.06354234733874,460.73908460668895,167991.2722,162.27577209472656
32,8192,prefill,131072,sparse,flashmla_sparse_bf16,ok,,391.19681058209596,400.351497828677,191123.21130000002,186.75286865234375
32,8192,prefill,262144,sparse,flashmla_sparse_bf16,ok,,355.9542882114253,359.7937035893338,210046.04569999996,207.8046112060547
32,8192,prefill,524288,sparse,flashmla_sparse_bf16,ok,,338.69963043755473,341.01220514496674,220746.59660000005,219.24960327148438
64,8192,prefill,2048,dense,flashmla_dense_bf16_multiquery,skipped_memory_limit,skipped_memory_limit: estimated live tensors 133.8 GiB exceed current free GPU memory 78.6 GiB,,,,
64,8192,prefill,4096,dense,flashmla_dense_bf16_multiquery,skipped_memory_limit,skipped_memory_limit: estimated live tensors 134.0 GiB exceed current free GPU memory 78.6 GiB,,,,
64,8192,prefill,8192,dense,flashmla_dense_bf16_multiquery,skipped_memory_limit,skipped_memory_limit: estimated live tensors 134.3 GiB exceed current free GPU memory 78.6 GiB,,,,
64,8192,prefill,16384,dense,flashmla_dense_bf16_multiquery,skipped_memory_limit,skipped_memory_limit: estimated live tensors 134.8 GiB exceed current free GPU memory 78.6 GiB,,,,
64,8192,prefill,32768,dense,flashmla_dense_bf16_multiquery,skipped_memory_limit,skipped_memory_limit: estimated live tensors 135.9 GiB exceed current free GPU memory 78.6 GiB,,,,
64,8192,prefill,65536,dense,flashmla_dense_bf16_multiquery,skipped_memory_limit,skipped_memory_limit: estimated live tensors 138.2 GiB exceed current free GPU memory 78.6 GiB,,,,
64,8192,prefill,131072,dense,flashmla_dense_bf16_multiquery,skipped_memory_limit,skipped_memory_limit: estimated live tensors 142.7 GiB exceed current free GPU memory 78.6 GiB,,,,
64,8192,prefill,262144,dense,flashmla_dense_bf16_multiquery,skipped_memory_limit,skipped_memory_limit: estimated live tensors 151.7 GiB exceed current free GPU memory 78.6 GiB,,,,
64,8192,prefill,524288,dense,flashmla_dense_bf16_multiquery,skipped_memory_limit,skipped_memory_limit: estimated live tensors 169.7 GiB exceed current free GPU memory 78.6 GiB,,,,
64,8192,prefill,2048,sparse,flashmla_sparse_bf16,ok,,561.6029959159728,572.3011330096193,266262.0792,261.2847900390625
64,8192,prefill,4096,sparse,flashmla_sparse_bf16,ok,,563.7391345151387,571.0575402243013,265253.1503,261.8537902832031
64,8192,prefill,8192,sparse,flashmla_sparse_bf16,ok,,561.5019590394826,571.9641718540149,266309.9905,261.438720703125
64,8192,prefill,16384,sparse,flashmla_sparse_bf16,ok,,552.8060495090402,561.2623618230501,270499.17689999996,266.4236755371094
64,8192,prefill,32768,sparse,flashmla_sparse_bf16,ok,,511.2166778401035,518.5683875929973,292505.2876,288.35845947265625
64,8192,prefill,65536,sparse,flashmla_sparse_bf16,ok,,451.55750210653787,455.339442721837,331150.6966,328.4002380371094
64,8192,prefill,131072,sparse,flashmla_sparse_bf16,skipped_memory_limit,skipped_memory_limit: estimated live tensors 81.6 GiB exceed current free GPU memory 78.6 GiB,,,,
64,8192,prefill,262144,sparse,flashmla_sparse_bf16,skipped_memory_limit,skipped_memory_limit: estimated live tensors 90.6 GiB exceed current free GPU memory 78.6 GiB,,,,
64,8192,prefill,524288,sparse,flashmla_sparse_bf16,skipped_memory_limit,skipped_memory_limit: estimated live tensors 108.6 GiB exceed current free GPU memory 78.6 GiB,,,,
128,8192,prefill,2048,dense,flashmla_dense_bf16_multiquery,skipped_memory_limit,skipped_memory_limit: estimated live tensors 266.7 GiB exceed current free GPU memory 78.6 GiB,,,,
128,8192,prefill,4096,dense,flashmla_dense_bf16_multiquery,skipped_memory_limit,skipped_memory_limit: estimated live tensors 266.9 GiB exceed current free GPU memory 78.6 GiB,,,,
128,8192,prefill,8192,dense,flashmla_dense_bf16_multiquery,skipped_memory_limit,skipped_memory_limit: estimated live tensors 267.5 GiB exceed current free GPU memory 78.6 GiB,,,,
128,8192,prefill,16384,dense,flashmla_dense_bf16_multiquery,skipped_memory_limit,skipped_memory_limit: estimated live tensors 268.6 GiB exceed current free GPU memory 78.6 GiB,,,,
128,8192,prefill,32768,dense,flashmla_dense_bf16_multiquery,skipped_memory_limit,skipped_memory_limit: estimated live tensors 270.9 GiB exceed current free GPU memory 78.6 GiB,,,,
128,8192,prefill,65536,dense,flashmla_dense_bf16_multiquery,skipped_memory_limit,skipped_memory_limit: estimated live tensors 275.4 GiB exceed current free GPU memory 78.6 GiB,,,,
128,8192,prefill,131072,dense,flashmla_dense_bf16_multiquery,skipped_memory_limit,skipped_memory_limit: estimated live tensors 284.4 GiB exceed current free GPU memory 78.6 GiB,,,,
128,8192,prefill,262144,dense,flashmla_dense_bf16_multiquery,skipped_memory_limit,skipped_memory_limit: estimated live tensors 302.4 GiB exceed current free GPU memory 78.6 GiB,,,,
128,8192,prefill,524288,dense,flashmla_dense_bf16_multiquery,skipped_memory_limit,skipped_memory_limit: estimated live tensors 338.4 GiB exceed current free GPU memory 78.6 GiB,,,,
128,8192,prefill,2048,sparse,flashmla_sparse_bf16,skipped_memory_limit,skipped_memory_limit: estimated live tensors 145.4 GiB exceed current free GPU memory 78.6 GiB,,,,
128,8192,prefill,4096,sparse,flashmla_sparse_bf16,skipped_memory_limit,skipped_memory_limit: estimated live tensors 145.7 GiB exceed current free GPU memory 78.6 GiB,,,,
128,8192,prefill,8192,sparse,flashmla_sparse_bf16,skipped_memory_limit,skipped_memory_limit: estimated live tensors 146.2 GiB exceed current free GPU memory 78.6 GiB,,,,
128,8192,prefill,16384,sparse,flashmla_sparse_bf16,skipped_memory_limit,skipped_memory_limit: estimated live tensors 147.4 GiB exceed current free GPU memory 78.6 GiB,,,,
128,8192,prefill,32768,sparse,flashmla_sparse_bf16,skipped_memory_limit,skipped_memory_limit: estimated live tensors 149.6 GiB exceed current free GPU memory 78.6 GiB,,,,
128,8192,prefill,65536,sparse,flashmla_sparse_bf16,skipped_memory_limit,skipped_memory_limit: estimated live tensors 154.1 GiB exceed current free GPU memory 78.6 GiB,,,,
128,8192,prefill,131072,sparse,flashmla_sparse_bf16,skipped_memory_limit,skipped_memory_limit: estimated live tensors 163.1 GiB exceed current free GPU memory 78.6 GiB,,,,
128,8192,prefill,262144,sparse,flashmla_sparse_bf16,skipped_memory_limit,skipped_memory_limit: estimated live tensors 181.1 GiB exceed current free GPU memory 78.6 GiB,,,,
128,8192,prefill,524288,sparse,flashmla_sparse_bf16,skipped_memory_limit,skipped_memory_limit: estimated live tensors 217.1 GiB exceed current free GPU memory 78.6 GiB,,,,
256,8192,prefill,2048,dense,flashmla_dense_bf16_multiquery,skipped_memory_limit,skipped_memory_limit: estimated live tensors 532.3 GiB exceed current free GPU memory 78.6 GiB,,,,
256,8192,prefill,4096,dense,flashmla_dense_bf16_multiquery,skipped_memory_limit,skipped_memory_limit: estimated live tensors 532.9 GiB exceed current free GPU memory 78.6 GiB,,,,
256,8192,prefill,8192,dense,flashmla_dense_bf16_multiquery,skipped_memory_limit,skipped_memory_limit: estimated live tensors 534.0 GiB exceed current free GPU memory 78.6 GiB,,,,
256,8192,prefill,16384,dense,flashmla_dense_bf16_multiquery,skipped_memory_limit,skipped_memory_limit: estimated live tensors 536.3 GiB exceed current free GPU memory 78.6 GiB,,,,
256,8192,prefill,32768,dense,flashmla_dense_bf16_multiquery,skipped_memory_limit,skipped_memory_limit: estimated live tensors 540.8 GiB exceed current free GPU memory 78.6 GiB,,,,
256,8192,prefill,65536,dense,flashmla_dense_bf16_multiquery,skipped_memory_limit,skipped_memory_limit: estimated live tensors 549.8 GiB exceed current free GPU memory 78.6 GiB,,,,
256,8192,prefill,131072,dense,flashmla_dense_bf16_multiquery,skipped_memory_limit,skipped_memory_limit: estimated live tensors 567.8 GiB exceed current free GPU memory 78.6 GiB,,,,
256,8192,prefill,262144,dense,flashmla_dense_bf16_multiquery,skipped_memory_limit,skipped_memory_limit: estimated live tensors 603.8 GiB exceed current free GPU memory 78.6 GiB,,,,
256,8192,prefill,524288,dense,flashmla_dense_bf16_multiquery,skipped_memory_limit,skipped_memory_limit: estimated live tensors 675.8 GiB exceed current free GPU memory 78.6 GiB,,,,
256,8192,prefill,2048,sparse,flashmla_sparse_bf16,skipped_memory_limit,skipped_memory_limit: estimated live tensors 290.8 GiB exceed current free GPU memory 78.6 GiB,,,,
256,8192,prefill,4096,sparse,flashmla_sparse_bf16,skipped_memory_limit,skipped_memory_limit: estimated live tensors 291.4 GiB exceed current free GPU memory 78.6 GiB,,,,
256,8192,prefill,8192,sparse,flashmla_sparse_bf16,skipped_memory_limit,skipped_memory_limit: estimated live tensors 292.5 GiB exceed current free GPU memory 78.6 GiB,,,,
256,8192,prefill,16384,sparse,flashmla_sparse_bf16,skipped_memory_limit,skipped_memory_limit: estimated live tensors 294.8 GiB exceed current free GPU memory 78.6 GiB,,,,
256,8192,prefill,32768,sparse,flashmla_sparse_bf16,skipped_memory_limit,skipped_memory_limit: estimated live tensors 299.2 GiB exceed current free GPU memory 78.6 GiB,,,,
256,8192,prefill,65536,sparse,flashmla_sparse_bf16,skipped_memory_limit,skipped_memory_limit: estimated live tensors 308.2 GiB exceed current free GPU memory 78.6 GiB,,,,
256,8192,prefill,131072,sparse,flashmla_sparse_bf16,skipped_memory_limit,skipped_memory_limit: estimated live tensors 326.2 GiB exceed current free GPU memory 78.6 GiB,,,,
256,8192,prefill,262144,sparse,flashmla_sparse_bf16,skipped_memory_limit,skipped_memory_limit: estimated live tensors 362.2 GiB exceed current free GPU memory 78.6 GiB,,,,
256,8192,prefill,524288,sparse,flashmla_sparse_bf16,skipped_memory_limit,skipped_memory_limit: estimated live tensors 434.2 GiB exceed current free GPU memory 78.6 GiB,,,,
1,16384,prefill,2048,dense,flashmla_dense_bf16_multiquery,ok,,1123.7633726866543,653.8367749019442,37424.533299999996,35.736385345458984
1,16384,prefill,4096,dense,flashmla_dense_bf16_multiquery,ok,,1099.3832482672276,641.6161482878161,42504.9629,43.700096130371094
1,16384,prefill,8192,dense,flashmla_dense_bf16_multiquery,ok,,986.423623369854,650.9566713340708,56846.867500000015,57.430145263671875
1,16384,prefill,16384,dense,flashmla_dense_bf16_multiquery,ok,,838.4238982572381,630.1506934378402,89175.405,88.98860931396484
1,16384,prefill,32768,dense,flashmla_dense_bf16_multiquery,ok,,740.9352427143978,624.0023183469048,151363.00660000002,149.7744903564453
1,16384,prefill,65536,dense,flashmla_dense_bf16_multiquery,ok,,692.9410084410896,621.3954693065618,269744.4291,270.7236022949219
1,16384,prefill,131072,dense,flashmla_dense_bf16_multiquery,ok,,655.9961501203885,620.990292732412,512884.95830000006,511.6988220214844
1,16384,prefill,262144,dense,flashmla_dense_bf16_multiquery,ok,,640.4167595921363,620.4417751094383,992350.2333999999,994.1741333007812
1,16384,prefill,524288,dense,flashmla_dense_bf16_multiquery,ok,,628.2648910265037,619.0913141693813,1963585.8441000003,1962.4915771484375
1,16384,prefill,2048,sparse,flashmla_sparse_bf16,ok,,598.1847989078323,590.700669091928,7811.840800000001,7.910816192626953
1,16384,prefill,4096,sparse,flashmla_sparse_bf16,ok,,610.0403293764535,591.0042901708217,7660.0254,7.906752109527588
1,16384,prefill,8192,sparse,flashmla_sparse_bf16,ok,,635.5733675909249,573.5755324164202,7352.297399999998,8.147007942199707
1,16384,prefill,16384,sparse,flashmla_sparse_bf16,ok,,586.5948319755215,572.1328032310757,7966.187500000002,8.16755199432373
1,16384,prefill,32768,sparse,flashmla_sparse_bf16,ok,,552.7984817667597,512.4629877310188,8453.215000000002,9.118559837341309
1,16384,prefill,65536,sparse,flashmla_sparse_bf16,ok,,478.6706293458974,469.2927775642714,9762.296100000001,9.957375526428223
1,16384,prefill,131072,sparse,flashmla_sparse_bf16,ok,,406.1462046772878,402.5052018178348,11505.522799999997,11.609600067138672
1,16384,prefill,262144,sparse,flashmla_sparse_bf16,ok,,364.1563867620957,363.21257924315137,12832.191300000002,12.865535736083984
1,16384,prefill,524288,sparse,flashmla_sparse_bf16,ok,,343.957871762423,343.69119805003817,13585.7464,13.596287727355957
2,16384,prefill,2048,dense,flashmla_dense_bf16_multiquery,ok,,1082.291686543355,631.2799601504048,77717.1631,74.02662658691406
2,16384,prefill,4096,dense,flashmla_dense_bf16_multiquery,ok,,1028.5896467775156,641.5879773121874,90860.80990000001,87.4040298461914
2,16384,prefill,8192,dense,flashmla_dense_bf16_multiquery,ok,,935.9269381038945,639.6878584779469,119827.92829999999,116.88368225097656
2,16384,prefill,16384,dense,flashmla_dense_bf16_multiquery,ok,,823.5069269005186,632.4705280844843,181581.44939999998,177.3244171142578
2,16384,prefill,32768,dense,flashmla_dense_bf16_multiquery,ok,,741.0121314766835,617.5764689432204,302694.60180000006,302.665771484375
2,16384,prefill,65536,dense,flashmla_dense_bf16_multiquery,ok,,682.8267114562155,612.0946853086806,547479.9787000001,549.6744995117188
2,16384,prefill,131072,dense,flashmla_dense_bf16_multiquery,ok,,651.333252655174,613.4375246704437,1033113.4077000001,1035.9979248046875
2,16384,prefill,262144,dense,flashmla_dense_bf16_multiquery,ok,,628.58377818525,614.0680555140589,2022062.1114000003,2008.986328125
2,16384,prefill,524288,dense,flashmla_dense_bf16_multiquery,ok,,626.053171313886,615.8752400710806,3941045.5945,3945.479248046875
2,16384,prefill,2048,sparse,flashmla_sparse_bf16,ok,,581.7223429015382,597.673157049974,16065.824100000003,15.637056350708008
2,16384,prefill,4096,sparse,flashmla_sparse_bf16,ok,,584.4618458996957,593.0034916495031,15990.519999999995,15.760191917419434
2,16384,prefill,8192,sparse,flashmla_sparse_bf16,ok,,581.5172821565623,592.5102517605835,16071.4894,15.773311614990234
2,16384,prefill,16384,sparse,flashmla_sparse_bf16,ok,,561.1174958812343,572.808324260296,16655.778700000003,16.315839767456055
2,16384,prefill,32768,sparse,flashmla_sparse_bf16,ok,,516.7433889170075,533.0007491049894,18086.054,17.534400939941406
2,16384,prefill,65536,sparse,flashmla_sparse_bf16,ok,,467.61522724386185,471.0723380045054,19986.1944,19.839519500732422
2,16384,prefill,131072,sparse,flashmla_sparse_bf16,ok,,402.3545741767379,401.52352050841773,23227.892599999996,23.275968551635742
2,16384,prefill,262144,sparse,flashmla_sparse_bf16,ok,,362.5541273766198,362.258817979515,25777.802900000002,25.798816680908203
2,16384,prefill,524288,sparse,flashmla_sparse_bf16,ok,,342.8177694389962,342.38974754258487,27261.8565,27.295936584472656
4,16384,prefill,2048,dense,flashmla_dense_bf16_multiquery,ok,,1088.4835337766453,611.515103632457,154550.13680000004,152.8385009765625
4,16384,prefill,4096,dense,flashmla_dense_bf16_multiquery,ok,,1018.8104109753415,621.3887837182236,183465.90759999998,180.49046325683594
4,16384,prefill,8192,dense,flashmla_dense_bf16_multiquery,ok,,923.6699116707335,614.8181126693584,242836.07080000004,243.223388671875
4,16384,prefill,16384,dense,flashmla_dense_bf16_multiquery,ok,,808.0787482512258,613.7157868516148,370096.5573,365.4866638183594
4,16384,prefill,32768,dense,flashmla_dense_bf16_multiquery,ok,,720.95589185977,609.4108475871058,622230.4987,613.4425048828125
4,16384,prefill,65536,dense,flashmla_dense_bf16_multiquery,ok,,667.5429126535469,609.6575759894782,1120029.7280000004,1103.74365234375
4,16384,prefill,131072,dense,flashmla_dense_bf16_multiquery,ok,,636.4864297567008,611.0911992101356,2114424.078,2079.951416015625
4,16384,prefill,262144,dense,flashmla_dense_bf16_multiquery,ok,,621.0611255979121,611.290071404428,4093109.0011,4036.232177734375
4,16384,prefill,524288,dense,flashmla_dense_bf16_multiquery,ok,,615.3847879167262,613.9314087168475,8018736.053200001,7915.94287109375
4,16384,prefill,2048,sparse,flashmla_sparse_bf16,ok,,592.471041754828,588.9823083018113,31548.711,31.735584259033203
4,16384,prefill,4096,sparse,flashmla_sparse_bf16,ok,,590.3340704761953,591.6981634074932,31662.9153,31.589920043945312
4,16384,prefill,8192,sparse,flashmla_sparse_bf16,ok,,583.2040080364641,582.1246885525246,32050.0158,32.109439849853516
4,16384,prefill,16384,sparse,flashmla_sparse_bf16,ok,,567.8910659945574,572.8454237438074,32914.2309,32.62956619262695
4,16384,prefill,32768,sparse,flashmla_sparse_bf16,ok,,521.8307561858117,525.5352152225803,35819.46339999999,35.56697463989258
4,16384,prefill,65536,sparse,flashmla_sparse_bf16,ok,,465.98896349643877,466.6208857338419,40111.88920000001,40.05756759643555
4,16384,prefill,131072,sparse,flashmla_sparse_bf16,ok,,401.3008151794466,400.7887653048995,46577.77150000001,46.63727951049805
4,16384,prefill,262144,sparse,flashmla_sparse_bf16,ok,,362.02808158092733,360.9532920370503,51630.5188,51.78425598144531
4,16384,prefill,524288,sparse,flashmla_sparse_bf16,ok,,342.21294798848623,341.3295482662566,54620.077300000004,54.76144027709961
8,16384,prefill,2048,dense,flashmla_dense_bf16_multiquery,ok,,1083.3691809209379,607.4188385674444,310559.4695,307.7384033203125
8,16384,prefill,4096,dense,flashmla_dense_bf16_multiquery,ok,,1010.8906397930886,608.6743955473087,369806.5238,368.5213317871094
8,16384,prefill,8192,dense,flashmla_dense_bf16_multiquery,ok,,911.8784111161526,614.2505242414127,491952.3685,486.8962707519531
8,16384,prefill,16384,dense,flashmla_dense_bf16_multiquery,ok,,805.8473566314756,612.1259610720837,742242.7096000001,732.871826171875
8,16384,prefill,32768,dense,flashmla_dense_bf16_multiquery,ok,,716.9147852445877,605.3716802505711,1251475.7775,1235.071044921875
8,16384,prefill,65536,dense,flashmla_dense_bf16_multiquery,ok,,665.6206020808268,606.5376382118824,2246528.7419,2218.84228515625
8,16384,prefill,131072,dense,flashmla_dense_bf16_multiquery,ok,,636.224252954253,608.9451799768485,4230590.7898,4174.56298828125
8,16384,prefill,262144,dense,flashmla_dense_bf16_multiquery,ok,,621.343514431546,610.3660534084574,8182497.521499999,8084.68505859375
8,16384,prefill,524288,dense,flashmla_dense_bf16_multiquery,ok,,614.8503780046334,611.1245525360305,16051411.406699996,15904.6005859375
8,16384,prefill,2048,sparse,flashmla_sparse_bf16,ok,,588.9138140527108,589.3784014124033,63478.55060000002,63.42851257324219
8,16384,prefill,4096,sparse,flashmla_sparse_bf16,ok,,586.3523205310604,584.6806398471189,63755.85809999999,63.93814468383789
8,16384,prefill,8192,sparse,flashmla_sparse_bf16,ok,,579.0537126077537,583.238949525771,64559.46059999999,64.09619140625
8,16384,prefill,16384,sparse,flashmla_sparse_bf16,ok,,555.4386455300796,562.1468403744307,67304.27500000001,66.5011215209961
8,16384,prefill,32768,sparse,flashmla_sparse_bf16,ok,,503.3458803054998,516.297568500327,74269.79499999998,72.40668487548828
8,16384,prefill,65536,sparse,flashmla_sparse_bf16,ok,,441.2794803341552,459.97552274332395,84715.9159,81.27257537841797
8,16384,prefill,131072,sparse,flashmla_sparse_bf16,ok,,386.6284312196418,399.53799529116867,96690.75609999997,93.56655883789062
8,16384,prefill,262144,sparse,flashmla_sparse_bf16,ok,,354.37828340047804,360.7030970186497,105490.0853,103.64035034179688
8,16384,prefill,524288,sparse,flashmla_sparse_bf16,ok,,337.1332326000506,341.150933010049,110886.11779999998,109.5802230834961
16,16384,prefill,2048,dense,flashmla_dense_bf16_multiquery,ok,,1076.4538241631146,606.2886278106529,625109.1325,616.6241455078125
16,16384,prefill,4096,dense,flashmla_dense_bf16_multiquery,ok,,1005.3623758964987,607.5346618464604,743680.0151,738.4253540039062
16,16384,prefill,8192,dense,flashmla_dense_bf16_multiquery,ok,,905.8962264363156,610.8548859144714,990402.0594000003,979.2056884765625
16,16384,prefill,16384,dense,flashmla_dense_bf16_multiquery,ok,,798.315514673506,606.8341792202517,1498491.0465,1478.525390625
16,16384,prefill,32768,dense,flashmla_dense_bf16_multiquery,ok,,712.6539813960169,603.2357288274866,2517916.1604000004,2478.888427734375
16,16384,prefill,65536,dense,flashmla_dense_bf16_multiquery,ok,,665.1400693548634,605.0246734393722,4496303.5086,4448.78173828125
16,16384,prefill,131072,dense,flashmla_dense_bf16_multiquery,ok,,635.8724700231643,608.1774804002671,8465862.548500001,8359.6650390625
16,16384,prefill,262144,dense,flashmla_dense_bf16_multiquery,ok,,621.2834304022,609.9462819955944,16366577.694000002,16180.498046875
16,16384,prefill,524288,dense,flashmla_dense_bf16_multiquery,ok,,610.8114725694621,609.3062462186136,32315098.239400007,31904.126953125
16,16384,prefill,2048,sparse,flashmla_sparse_bf16,ok,,571.8962927499662,574.1468055835558,130734.8756,130.22242736816406
16,16384,prefill,4096,sparse,flashmla_sparse_bf16,ok,,571.5202536172236,576.5620237271205,130820.8943,129.6769256591797
16,16384,prefill,8192,sparse,flashmla_sparse_bf16,ok,,566.5513292737111,573.4336299025579,131968.25569999998,130.38438415527344
16,16384,prefill,16384,sparse,flashmla_sparse_bf16,ok,,546.2137977405316,559.0889381429532,136881.91509999998,133.7296905517578
16,16384,prefill,32768,sparse,flashmla_sparse_bf16,ok,,498.46122866392034,511.02203591514757,149995.198,146.308349609375
16,16384,prefill,65536,sparse,flashmla_sparse_bf16,ok,,441.262250639826,457.8266183423142,169438.4475,163.30809020996094
16,16384,prefill,131072,sparse,flashmla_sparse_bf16,ok,,389.38582003118023,398.69768424127017,192012.1043,187.52752685546875
16,16384,prefill,262144,sparse,flashmla_sparse_bf16,ok,,356.1311328161843,360.2830957712851,209941.74280000004,207.5223388671875
16,16384,prefill,524288,sparse,flashmla_sparse_bf16,ok,,338.64744095576987,340.6564641730072,220780.61620000005,219.4785614013672
32,16384,prefill,2048,dense,flashmla_dense_bf16_multiquery,skipped_memory_limit,skipped_memory_limit: estimated live tensors 134.8 GiB exceed current free GPU memory 78.6 GiB,,,,
32,16384,prefill,4096,dense,flashmla_dense_bf16_multiquery,skipped_memory_limit,skipped_memory_limit: estimated live tensors 134.8 GiB exceed current free GPU memory 78.6 GiB,,,,
32,16384,prefill,8192,dense,flashmla_dense_bf16_multiquery,skipped_memory_limit,skipped_memory_limit: estimated live tensors 135.0 GiB exceed current free GPU memory 78.6 GiB,,,,
32,16384,prefill,16384,dense,flashmla_dense_bf16_multiquery,skipped_memory_limit,skipped_memory_limit: estimated live tensors 135.3 GiB exceed current free GPU memory 78.6 GiB,,,,
32,16384,prefill,32768,dense,flashmla_dense_bf16_multiquery,skipped_memory_limit,skipped_memory_limit: estimated live tensors 135.8 GiB exceed current free GPU memory 78.6 GiB,,,,
32,16384,prefill,65536,dense,flashmla_dense_bf16_multiquery,skipped_memory_limit,skipped_memory_limit: estimated live tensors 136.9 GiB exceed current free GPU memory 78.6 GiB,,,,
32,16384,prefill,131072,dense,flashmla_dense_bf16_multiquery,skipped_memory_limit,skipped_memory_limit: estimated live tensors 139.2 GiB exceed current free GPU memory 78.6 GiB,,,,
32,16384,prefill,262144,dense,flashmla_dense_bf16_multiquery,skipped_memory_limit,skipped_memory_limit: estimated live tensors 143.7 GiB exceed current free GPU memory 78.6 GiB,,,,
32,16384,prefill,524288,dense,flashmla_dense_bf16_multiquery,skipped_memory_limit,skipped_memory_limit: estimated live tensors 152.7 GiB exceed current free GPU memory 78.6 GiB,,,,
32,16384,prefill,2048,sparse,flashmla_sparse_bf16,ok,,562.0830185806566,573.4753073211926,266034.6896,260.74981689453125
32,16384,prefill,4096,sparse,flashmla_sparse_bf16,ok,,561.2637586159567,570.4338834403361,266423.01249999995,262.14007568359375
32,16384,prefill,8192,sparse,flashmla_sparse_bf16,ok,,556.5083971649799,566.0371449822723,268699.59580000007,264.17626953125
32,16384,prefill,16384,sparse,flashmla_sparse_bf16,ok,,542.0183834949032,548.8489985999743,275882.8592,272.44940185546875
32,16384,prefill,32768,sparse,flashmla_sparse_bf16,ok,,500.61332175870825,509.6578581979812,298700.76340000005,293.3999328613281
32,16384,prefill,65536,sparse,flashmla_sparse_bf16,ok,,447.7652412374795,452.3124726257759,333955.3132,330.59796142578125
32,16384,prefill,131072,sparse,flashmla_sparse_bf16,ok,,394.35694736356345,397.30631408987364,379183.3322,376.3684997558594
32,16384,prefill,262144,sparse,flashmla_sparse_bf16,skipped_memory_limit,skipped_memory_limit: estimated live tensors 81.6 GiB exceed current free GPU memory 78.6 GiB,,,,
32,16384,prefill,524288,sparse,flashmla_sparse_bf16,skipped_memory_limit,skipped_memory_limit: estimated live tensors 90.6 GiB exceed current free GPU memory 78.6 GiB,,,,
64,16384,prefill,2048,dense,flashmla_dense_bf16_multiquery,skipped_memory_limit,skipped_memory_limit: estimated live tensors 267.5 GiB exceed current free GPU memory 78.6 GiB,,,,
64,16384,prefill,4096,dense,flashmla_dense_bf16_multiquery,skipped_memory_limit,skipped_memory_limit: estimated live tensors 267.7 GiB exceed current free GPU memory 78.6 GiB,,,,
64,16384,prefill,8192,dense,flashmla_dense_bf16_multiquery,skipped_memory_limit,skipped_memory_limit: estimated live tensors 267.9 GiB exceed current free GPU memory 78.6 GiB,,,,
64,16384,prefill,16384,dense,flashmla_dense_bf16_multiquery,skipped_memory_limit,skipped_memory_limit: estimated live tensors 268.5 GiB exceed current free GPU memory 78.6 GiB,,,,
64,16384,prefill,32768,dense,flashmla_dense_bf16_multiquery,skipped_memory_limit,skipped_memory_limit: estimated live tensors 269.6 GiB exceed current free GPU memory 78.6 GiB,,,,
64,16384,prefill,65536,dense,flashmla_dense_bf16_multiquery,skipped_memory_limit,skipped_memory_limit: estimated live tensors 271.9 GiB exceed current free GPU memory 78.6 GiB,,,,
64,16384,prefill,131072,dense,flashmla_dense_bf16_multiquery,skipped_memory_limit,skipped_memory_limit: estimated live tensors 276.4 GiB exceed current free GPU memory 78.6 GiB,,,,
64,16384,prefill,262144,dense,flashmla_dense_bf16_multiquery,skipped_memory_limit,skipped_memory_limit: estimated live tensors 285.4 GiB exceed current free GPU memory 78.6 GiB,,,,
64,16384,prefill,524288,dense,flashmla_dense_bf16_multiquery,skipped_memory_limit,skipped_memory_limit: estimated live tensors 303.4 GiB exceed current free GPU memory 78.6 GiB,,,,
64,16384,prefill,2048,sparse,flashmla_sparse_bf16,skipped_memory_limit,skipped_memory_limit: estimated live tensors 145.3 GiB exceed current free GPU memory 78.6 GiB,,,,
64,16384,prefill,4096,sparse,flashmla_sparse_bf16,skipped_memory_limit,skipped_memory_limit: estimated live tensors 145.4 GiB exceed current free GPU memory 78.6 GiB,,,,
64,16384,prefill,8192,sparse,flashmla_sparse_bf16,skipped_memory_limit,skipped_memory_limit: estimated live tensors 145.7 GiB exceed current free GPU memory 78.6 GiB,,,,
64,16384,prefill,16384,sparse,flashmla_sparse_bf16,skipped_memory_limit,skipped_memory_limit: estimated live tensors 146.2 GiB exceed current free GPU memory 78.6 GiB,,,,
64,16384,prefill,32768,sparse,flashmla_sparse_bf16,skipped_memory_limit,skipped_memory_limit: estimated live tensors 147.4 GiB exceed current free GPU memory 78.6 GiB,,,,
64,16384,prefill,65536,sparse,flashmla_sparse_bf16,skipped_memory_limit,skipped_memory_limit: estimated live tensors 149.6 GiB exceed current free GPU memory 78.6 GiB,,,,
64,16384,prefill,131072,sparse,flashmla_sparse_bf16,skipped_memory_limit,skipped_memory_limit: estimated live tensors 154.1 GiB exceed current free GPU memory 78.6 GiB,,,,
64,16384,prefill,262144,sparse,flashmla_sparse_bf16,skipped_memory_limit,skipped_memory_limit: estimated live tensors 163.1 GiB exceed current free GPU memory 78.6 GiB,,,,
64,16384,prefill,524288,sparse,flashmla_sparse_bf16,skipped_memory_limit,skipped_memory_limit: estimated live tensors 181.1 GiB exceed current free GPU memory 78.6 GiB,,,,
128,16384,prefill,2048,dense,flashmla_dense_bf16_multiquery,skipped_memory_limit,skipped_memory_limit: estimated live tensors 533.0 GiB exceed current free GPU memory 78.6 GiB,,,,
128,16384,prefill,4096,dense,flashmla_dense_bf16_multiquery,skipped_memory_limit,skipped_memory_limit: estimated live tensors 533.3 GiB exceed current free GPU memory 78.6 GiB,,,,
128,16384,prefill,8192,dense,flashmla_dense_bf16_multiquery,skipped_memory_limit,skipped_memory_limit: estimated live tensors 533.9 GiB exceed current free GPU memory 78.6 GiB,,,,
128,16384,prefill,16384,dense,flashmla_dense_bf16_multiquery,skipped_memory_limit,skipped_memory_limit: estimated live tensors 535.0 GiB exceed current free GPU memory 78.6 GiB,,,,
128,16384,prefill,32768,dense,flashmla_dense_bf16_multiquery,skipped_memory_limit,skipped_memory_limit: estimated live tensors 537.3 GiB exceed current free GPU memory 78.6 GiB,,,,
128,16384,prefill,65536,dense,flashmla_dense_bf16_multiquery,skipped_memory_limit,skipped_memory_limit: estimated live tensors 541.8 GiB exceed current free GPU memory 78.6 GiB,,,,
128,16384,prefill,131072,dense,flashmla_dense_bf16_multiquery,skipped_memory_limit,skipped_memory_limit: estimated live tensors 550.8 GiB exceed current free GPU memory 78.6 GiB,,,,
128,16384,prefill,262144,dense,flashmla_dense_bf16_multiquery,skipped_memory_limit,skipped_memory_limit: estimated live tensors 568.8 GiB exceed current free GPU memory 78.6 GiB,,,,
128,16384,prefill,524288,dense,flashmla_dense_bf16_multiquery,skipped_memory_limit,skipped_memory_limit: estimated live tensors 604.8 GiB exceed current free GPU memory 78.6 GiB,,,,
128,16384,prefill,2048,sparse,flashmla_sparse_bf16,skipped_memory_limit,skipped_memory_limit: estimated live tensors 290.5 GiB exceed current free GPU memory 78.6 GiB,,,,
128,16384,prefill,4096,sparse,flashmla_sparse_bf16,skipped_memory_limit,skipped_memory_limit: estimated live tensors 290.8 GiB exceed current free GPU memory 78.6 GiB,,,,
128,16384,prefill,8192,sparse,flashmla_sparse_bf16,skipped_memory_limit,skipped_memory_limit: estimated live tensors 291.4 GiB exceed current free GPU memory 78.6 GiB,,,,
128,16384,prefill,16384,sparse,flashmla_sparse_bf16,skipped_memory_limit,skipped_memory_limit: estimated live tensors 292.5 GiB exceed current free GPU memory 78.6 GiB,,,,
128,16384,prefill,32768,sparse,flashmla_sparse_bf16,skipped_memory_limit,skipped_memory_limit: estimated live tensors 294.8 GiB exceed current free GPU memory 78.6 GiB,,,,
128,16384,prefill,65536,sparse,flashmla_sparse_bf16,skipped_memory_limit,skipped_memory_limit: estimated live tensors 299.2 GiB exceed current free GPU memory 78.6 GiB,,,,
128,16384,prefill,131072,sparse,flashmla_sparse_bf16,skipped_memory_limit,skipped_memory_limit: estimated live tensors 308.2 GiB exceed current free GPU memory 78.6 GiB,,,,
128,16384,prefill,262144,sparse,flashmla_sparse_bf16,skipped_memory_limit,skipped_memory_limit: estimated live tensors 326.2 GiB exceed current free GPU memory 78.6 GiB,,,,
128,16384,prefill,524288,sparse,flashmla_sparse_bf16,skipped_memory_limit,skipped_memory_limit: estimated live tensors 362.2 GiB exceed current free GPU memory 78.6 GiB,,,,
256,16384,prefill,2048,dense,flashmla_dense_bf16_multiquery,skipped_memory_limit,skipped_memory_limit: estimated live tensors 1064.1 GiB exceed current free GPU memory 78.6 GiB,,,,
256,16384,prefill,4096,dense,flashmla_dense_bf16_multiquery,skipped_memory_limit,skipped_memory_limit: estimated live tensors 1064.6 GiB exceed current free GPU memory 78.6 GiB,,,,
256,16384,prefill,8192,dense,flashmla_dense_bf16_multiquery,skipped_memory_limit,skipped_memory_limit: estimated live tensors 1065.8 GiB exceed current free GPU memory 78.6 GiB,,,,
256,16384,prefill,16384,dense,flashmla_dense_bf16_multiquery,skipped_memory_limit,skipped_memory_limit: estimated live tensors 1068.0 GiB exceed current free GPU memory 78.6 GiB,,,,
256,16384,prefill,32768,dense,flashmla_dense_bf16_multiquery,skipped_memory_limit,skipped_memory_limit: estimated live tensors 1072.5 GiB exceed current free GPU memory 78.6 GiB,,,,
256,16384,prefill,65536,dense,flashmla_dense_bf16_multiquery,skipped_memory_limit,skipped_memory_limit: estimated live tensors 1081.5 GiB exceed current free GPU memory 78.6 GiB,,,,
256,16384,prefill,131072,dense,flashmla_dense_bf16_multiquery,skipped_memory_limit,skipped_memory_limit: estimated live tensors 1099.5 GiB exceed current free GPU memory 78.6 GiB,,,,
256,16384,prefill,262144,dense,flashmla_dense_bf16_multiquery,skipped_memory_limit,skipped_memory_limit: estimated live tensors 1135.5 GiB exceed current free GPU memory 78.6 GiB,,,,
256,16384,prefill,524288,dense,flashmla_dense_bf16_multiquery,skipped_memory_limit,skipped_memory_limit: estimated live tensors 1207.5 GiB exceed current free GPU memory 78.6 GiB,,,,
256,16384,prefill,2048,sparse,flashmla_sparse_bf16,skipped_memory_limit,skipped_memory_limit: estimated live tensors 581.1 GiB exceed current free GPU memory 78.6 GiB,,,,
256,16384,prefill,4096,sparse,flashmla_sparse_bf16,skipped_memory_limit,skipped_memory_limit: estimated live tensors 581.6 GiB exceed current free GPU memory 78.6 GiB,,,,
256,16384,prefill,8192,sparse,flashmla_sparse_bf16,skipped_memory_limit,skipped_memory_limit: estimated live tensors 582.8 GiB exceed current free GPU memory 78.6 GiB,,,,
256,16384,prefill,16384,sparse,flashmla_sparse_bf16,skipped_memory_limit,skipped_memory_limit: estimated live tensors 585.0 GiB exceed current free GPU memory 78.6 GiB,,,,
256,16384,prefill,32768,sparse,flashmla_sparse_bf16,skipped_memory_limit,skipped_memory_limit: estimated live tensors 589.5 GiB exceed current free GPU memory 78.6 GiB,,,,
256,16384,prefill,65536,sparse,flashmla_sparse_bf16,skipped_memory_limit,skipped_memory_limit: estimated live tensors 598.5 GiB exceed current free GPU memory 78.6 GiB,,,,
256,16384,prefill,131072,sparse,flashmla_sparse_bf16,skipped_memory_limit,skipped_memory_limit: estimated live tensors 616.5 GiB exceed current free GPU memory 78.6 GiB,,,,
256,16384,prefill,262144,sparse,flashmla_sparse_bf16,skipped_memory_limit,skipped_memory_limit: estimated live tensors 652.5 GiB exceed current free GPU memory 78.6 GiB,,,,
256,16384,prefill,524288,sparse,flashmla_sparse_bf16,skipped_memory_limit,skipped_memory_limit: estimated live tensors 724.5 GiB exceed current free GPU memory 78.6 GiB,,,,
1,32768,prefill,2048,dense,flashmla_dense_bf16_multiquery,ok,,1144.8580941475213,640.9598682912368,138776.527,131.2327423095703
1,32768,prefill,4096,dense,flashmla_dense_bf16_multiquery,ok,,1095.08525024997,631.7558730487656,153618.432,147.9381103515625
1,32768,prefill,8192,dense,flashmla_dense_bf16_multiquery,ok,,1029.3024675005584,627.9952284011172,181595.7725,178.5880889892578
1,32768,prefill,16384,dense,flashmla_dense_bf16_multiquery,ok,,929.394747186798,623.3902633478483,241340.26229999997,239.8751983642578
1,32768,prefill,32768,dense,flashmla_dense_bf16_multiquery,ok,,824.1905361575626,615.2643669956976,362861.6802,364.56304931640625
1,32768,prefill,65536,dense,flashmla_dense_bf16_multiquery,ok,,739.4463599638339,614.3266226017523,606671.1102000001,608.5300903320312
1,32768,prefill,131072,dense,flashmla_dense_bf16_multiquery,ok,,685.9211711839572,615.5596438380894,1090020.1631,1093.1571044921875
1,32768,prefill,262144,dense,flashmla_dense_bf16_multiquery,ok,,652.4001291186931,615.8218829727313,2062847.894,2063.9697265625
1,32768,prefill,524288,dense,flashmla_dense_bf16_multiquery,ok,,632.63103960755,614.5872737540851,4018251.910299999,4014.574462890625
1,32768,prefill,2048,sparse,flashmla_sparse_bf16,ok,,575.326235818773,578.8572211991881,16244.4336,16.145343780517578
1,32768,prefill,4096,sparse,flashmla_sparse_bf16,ok,,559.897873125653,578.9271864449212,16692.0599,16.14339256286621
1,32768,prefill,8192,sparse,flashmla_sparse_bf16,ok,,559.2693942213815,569.784354405764,16710.817600000002,16.40243148803711
1,32768,prefill,16384,sparse,flashmla_sparse_bf16,ok,,548.6196806185815,553.665059079793,17035.205200000004,16.879968643188477
1,32768,prefill,32768,sparse,flashmla_sparse_bf16,ok,,496.0798645710851,510.8146939687288,18839.403700000003,18.29596710205078
1,32768,prefill,65536,sparse,flashmla_sparse_bf16,ok,,452.7797000924986,459.0277396675402,20641.050900000002,20.360095977783203
1,32768,prefill,131072,sparse,flashmla_sparse_bf16,ok,,398.1727213223335,397.68378474966227,23471.8461,23.500703811645508
1,32768,prefill,262144,sparse,flashmla_sparse_bf16,ok,,361.76647022574133,361.1769168763015,25833.927699999993,25.876096725463867
1,32768,prefill,524288,sparse,flashmla_sparse_bf16,ok,,342.00319988931585,341.71314704342643,27326.787700000004,27.34998321533203
2,32768,prefill,2048,dense,flashmla_dense_bf16_multiquery,ok,,1151.453387271465,619.8842329332114,275963.28599999996,271.3891296386719
2,32768,prefill,4096,dense,flashmla_dense_bf16_multiquery,ok,,1106.0222159841455,618.5368451162055,304198.73419999995,302.19952392578125
2,32768,prefill,8192,dense,flashmla_dense_bf16_multiquery,ok,,1021.1571848873527,618.8151106450438,366088.5503,362.4748840332031
2,32768,prefill,16384,dense,flashmla_dense_bf16_multiquery,ok,,910.9376221562874,617.7730554101558,492460.4421,484.11260986328125
2,32768,prefill,32768,dense,flashmla_dense_bf16_multiquery,ok,,802.7877091828803,612.4441304332782,745071.6032,732.483642578125
2,32768,prefill,65536,dense,flashmla_dense_bf16_multiquery,ok,,722.4909066440074,611.0818718624811,1241816.9973000002,1223.5225830078125
2,32768,prefill,131072,dense,flashmla_dense_bf16_multiquery,ok,,672.9558576282767,611.4499193317828,2222041.4560999996,2201.009033203125
2,32768,prefill,262144,dense,flashmla_dense_bf16_multiquery,ok,,641.1206431436767,612.5874376491639,4198280.766,4149.73486328125
2,32768,prefill,524288,dense,flashmla_dense_bf16_multiquery,ok,,623.0455874318162,614.8252967387607,8160144.088000002,8026.04052734375
2,32768,prefill,2048,sparse,flashmla_sparse_bf16,ok,,584.1441096011581,579.407276885855,31998.435600000004,32.260032653808594
2,32768,prefill,4096,sparse,flashmla_sparse_bf16,ok,,572.1047213736999,577.89679183721,32671.81159999998,32.34435272216797
2,32768,prefill,8192,sparse,flashmla_sparse_bf16,ok,,563.3420891424794,569.8688447246167,33180.01270000001,32.79999923706055
2,32768,prefill,16384,sparse,flashmla_sparse_bf16,ok,,542.4058477296602,546.4989170302451,34460.723,34.2026252746582
2,32768,prefill,32768,sparse,flashmla_sparse_bf16,ok,,506.1489336129497,508.7777490643625,36929.24440000001,36.738433837890625
2,32768,prefill,65536,sparse,flashmla_sparse_bf16,ok,,456.1060976796338,454.7798122376189,40981.03,41.10054397583008
2,32768,prefill,131072,sparse,flashmla_sparse_bf16,ok,,397.99597041069717,178.72590020953962,46964.53999999999,104.58303833007812
2,32768,prefill,262144,sparse,flashmla_sparse_bf16,ok,,361.19294304978837,360.09346676266625,51749.89719999999,51.90790557861328
2,32768,prefill,524288,sparse,flashmla_sparse_bf16,ok,,341.5339429538498,340.67598043729356,54728.66769999999,54.86649703979492
4,32768,prefill,2048,dense,flashmla_dense_bf16_multiquery,ok,,1145.7312613806148,614.6382075203825,554683.059,547.4109497070312
4,32768,prefill,4096,dense,flashmla_dense_bf16_multiquery,ok,,1093.7433813805917,614.2374508004685,615227.6005999999,608.6295776367188
4,32768,prefill,8192,dense,flashmla_dense_bf16_multiquery,ok,,1014.6420224861839,615.2017206717167,736878.5151000001,729.207763671875
4,32768,prefill,16384,dense,flashmla_dense_bf16_multiquery,ok,,905.7087952193784,613.889585290501,990607.0174000002,974.3502197265625
4,32768,prefill,32768,dense,flashmla_dense_bf16_multiquery,ok,,797.8577749963277,607.7185047226534,1499350.7471000003,1476.35888671875
4,32768,prefill,65536,dense,flashmla_dense_bf16_multiquery,ok,,718.8238028248204,608.5887042531743,2496304.3370000003,2457.06982421875
4,32768,prefill,131072,dense,flashmla_dense_bf16_multiquery,ok,,667.8884562523818,610.3069308010602,4477801.045300001,4410.26220703125
4,32768,prefill,262144,dense,flashmla_dense_bf16_multiquery,ok,,637.762812620534,611.0890262861947,8440769.551099997,8319.8203125
4,32768,prefill,524288,dense,flashmla_dense_bf16_multiquery,ok,,623.6090477675044,613.6464115302495,16305542.022,16082.9189453125
4,32768,prefill,2048,sparse,flashmla_sparse_bf16,ok,,574.2385540186192,570.7899208637642,65100.810600000004,65.494140625
4,32768,prefill,4096,sparse,flashmla_sparse_bf16,ok,,566.9612914837306,566.2212734093562,65936.4156,66.02259063720703
4,32768,prefill,8192,sparse,flashmla_sparse_bf16,ok,,552.1035995325789,558.8790741359012,67710.8343,66.88995361328125
4,32768,prefill,16384,sparse,flashmla_sparse_bf16,ok,,530.9907114663947,537.5128848511584,70403.106,69.54883575439453
4,32768,prefill,32768,sparse,flashmla_sparse_bf16,ok,,486.16028225072745,491.7492989772444,76895.2066,76.02124786376953
4,32768,prefill,65536,sparse,flashmla_sparse_bf16,ok,,431.1707734101943,450.8816261478906,86702.0625,82.91177368164062
4,32768,prefill,131072,sparse,flashmla_sparse_bf16,ok,,383.41472165889667,395.6929136875744,97501.1997,94.47577667236328
4,32768,prefill,262144,sparse,flashmla_sparse_bf16,ok,,353.6849069802449,359.4745269127471,105696.89179999998,103.99456024169922
4,32768,prefill,524288,sparse,flashmla_sparse_bf16,ok,,336.61581876047535,340.2786592666439,111056.56139999998,109.86112213134766
8,32768,prefill,2048,dense,flashmla_dense_bf16_multiquery,ok,,1140.9786534046416,610.1590180133583,1113987.0478,1102.8590087890625
8,32768,prefill,4096,dense,flashmla_dense_bf16_multiquery,ok,,1089.9378849882623,612.1859823139273,1234751.311,1221.3382568359375
8,32768,prefill,8192,dense,flashmla_dense_bf16_multiquery,ok,,1008.0554631493508,612.0501134537355,1483386.4488999997,1465.92529296875
8,32768,prefill,16384,dense,flashmla_dense_bf16_multiquery,ok,,901.3413769709581,609.446292960962,1990813.9383999999,1962.9078369140625
8,32768,prefill,32768,dense,flashmla_dense_bf16_multiquery,ok,,795.2121795920216,604.6306437032129,3008677.8893,2967.79736328125
8,32768,prefill,65536,dense,flashmla_dense_bf16_multiquery,ok,,716.2178584580056,606.3207004035338,5010774.180899999,4932.521484375
8,32768,prefill,131072,dense,flashmla_dense_bf16_multiquery,ok,,666.045951891485,608.1520558246715,8980376.261,8851.7783203125
8,32768,prefill,262144,dense,flashmla_dense_bf16_multiquery,ok,,637.6141022824901,610.6152697478931,16885476.373,16652.55078125
8,32768,prefill,524288,dense,flashmla_dense_bf16_multiquery,ok,,621.7369354365073,610.635154171859,32709279.292000003,32324.458984375
8,32768,prefill,2048,sparse,flashmla_sparse_bf16,ok,,556.0023295807132,564.5336831403978,134472.08170000004,132.43991088867188
8,32768,prefill,4096,sparse,flashmla_sparse_bf16,ok,,550.2409244935346,561.4507946530982,135880.0979,133.16712951660156
8,32768,prefill,8192,sparse,flashmla_sparse_bf16,ok,,545.8692784099005,555.7241350322789,136968.30659999998,134.53939819335938
8,32768,prefill,16384,sparse,flashmla_sparse_bf16,ok,,522.0041411762677,534.6819618775186,143230.26349999997,139.83413696289062
8,32768,prefill,32768,sparse,flashmla_sparse_bf16,ok,,481.1543423329733,493.7831036409063,155390.4519,151.416259765625
8,32768,prefill,65536,sparse,flashmla_sparse_bf16,ok,,432.2633861104969,443.9737190780936,172965.8192,168.4036407470703
8,32768,prefill,131072,sparse,flashmla_sparse_bf16,ok,,385.5369978313652,393.8191200177896,193928.9643,189.8505859375
8,32768,prefill,262144,sparse,flashmla_sparse_bf16,ok,,354.8070200310245,358.74497113914083,210725.22939999992,208.41209411621094
8,32768,prefill,524288,sparse,flashmla_sparse_bf16,ok,,337.54540598198764,339.7894472342088,221501.4317,220.03858947753906
16,32768,prefill,2048,dense,flashmla_dense_bf16_multiquery,skipped_memory_limit,skipped_memory_limit: estimated live tensors 136.7 GiB exceed current free GPU memory 78.6 GiB,,,,
16,32768,prefill,4096,dense,flashmla_dense_bf16_multiquery,skipped_memory_limit,skipped_memory_limit: estimated live tensors 136.8 GiB exceed current free GPU memory 78.6 GiB,,,,
16,32768,prefill,8192,dense,flashmla_dense_bf16_multiquery,skipped_memory_limit,skipped_memory_limit: estimated live tensors 136.8 GiB exceed current free GPU memory 78.6 GiB,,,,
16,32768,prefill,16384,dense,flashmla_dense_bf16_multiquery,skipped_memory_limit,skipped_memory_limit: estimated live tensors 137.0 GiB exceed current free GPU memory 78.6 GiB,,,,
16,32768,prefill,32768,dense,flashmla_dense_bf16_multiquery,skipped_memory_limit,skipped_memory_limit: estimated live tensors 137.3 GiB exceed current free GPU memory 78.6 GiB,,,,
16,32768,prefill,65536,dense,flashmla_dense_bf16_multiquery,skipped_memory_limit,skipped_memory_limit: estimated live tensors 137.8 GiB exceed current free GPU memory 78.6 GiB,,,,
16,32768,prefill,131072,dense,flashmla_dense_bf16_multiquery,skipped_memory_limit,skipped_memory_limit: estimated live tensors 138.9 GiB exceed current free GPU memory 78.6 GiB,,,,
16,32768,prefill,262144,dense,flashmla_dense_bf16_multiquery,skipped_memory_limit,skipped_memory_limit: estimated live tensors 141.2 GiB exceed current free GPU memory 78.6 GiB,,,,
16,32768,prefill,524288,dense,flashmla_dense_bf16_multiquery,skipped_memory_limit,skipped_memory_limit: estimated live tensors 145.7 GiB exceed current free GPU memory 78.6 GiB,,,,
16,32768,prefill,2048,sparse,flashmla_sparse_bf16,ok,,547.3473525234411,557.1573477378513,273196.8660999999,268.3866271972656
16,32768,prefill,4096,sparse,flashmla_sparse_bf16,ok,,544.3989682697086,553.9548067568152,274676.4599,269.938232421875
16,32768,prefill,8192,sparse,flashmla_sparse_bf16,ok,,537.5987834779135,545.1961275926576,278150.8924,274.27484130859375
16,32768,prefill,16384,sparse,flashmla_sparse_bf16,ok,,519.9603095790053,528.9080598089832,287586.5304,282.7213134765625
16,32768,prefill,32768,sparse,flashmla_sparse_bf16,ok,,484.03426416053617,491.444053212775,308931.8101,304.27386474609375
16,32768,prefill,65536,sparse,flashmla_sparse_bf16,ok,,439.6484360039693,442.9831532059961,340120.80819999997,337.5604248046875
16,32768,prefill,131072,sparse,flashmla_sparse_bf16,ok,,390.3031255855803,393.0526040563641,383121.66,380.441650390625
16,32768,prefill,262144,sparse,flashmla_sparse_bf16,ok,,358.05192808730504,358.62920463900645,417630.9905,416.958740234375
16,32768,prefill,524288,sparse,flashmla_sparse_bf16,skipped_memory_limit,skipped_memory_limit: estimated live tensors 81.6 GiB exceed current free GPU memory 78.6 GiB,,,,
32,32768,prefill,2048,dense,flashmla_dense_bf16_multiquery,skipped_memory_limit,skipped_memory_limit: estimated live tensors 269.5 GiB exceed current free GPU memory 78.6 GiB,,,,
32,32768,prefill,4096,dense,flashmla_dense_bf16_multiquery,skipped_memory_limit,skipped_memory_limit: estimated live tensors 269.5 GiB exceed current free GPU memory 78.6 GiB,,,,
32,32768,prefill,8192,dense,flashmla_dense_bf16_multiquery,skipped_memory_limit,skipped_memory_limit: estimated live tensors 269.7 GiB exceed current free GPU memory 78.6 GiB,,,,
32,32768,prefill,16384,dense,flashmla_dense_bf16_multiquery,skipped_memory_limit,skipped_memory_limit: estimated live tensors 269.9 GiB exceed current free GPU memory 78.6 GiB,,,,
32,32768,prefill,32768,dense,flashmla_dense_bf16_multiquery,skipped_memory_limit,skipped_memory_limit: estimated live tensors 270.5 GiB exceed current free GPU memory 78.6 GiB,,,,
32,32768,prefill,65536,dense,flashmla_dense_bf16_multiquery,skipped_memory_limit,skipped_memory_limit: estimated live tensors 271.6 GiB exceed current free GPU memory 78.6 GiB,,,,
32,32768,prefill,131072,dense,flashmla_dense_bf16_multiquery,skipped_memory_limit,skipped_memory_limit: estimated live tensors 273.9 GiB exceed current free GPU memory 78.6 GiB,,,,
32,32768,prefill,262144,dense,flashmla_dense_bf16_multiquery,skipped_memory_limit,skipped_memory_limit: estimated live tensors 278.4 GiB exceed current free GPU memory 78.6 GiB,,,,
32,32768,prefill,524288,dense,flashmla_dense_bf16_multiquery,skipped_memory_limit,skipped_memory_limit: estimated live tensors 287.4 GiB exceed current free GPU memory 78.6 GiB,,,,
32,32768,prefill,2048,sparse,flashmla_sparse_bf16,skipped_memory_limit,skipped_memory_limit: estimated live tensors 145.2 GiB exceed current free GPU memory 78.6 GiB,,,,
32,32768,prefill,4096,sparse,flashmla_sparse_bf16,skipped_memory_limit,skipped_memory_limit: estimated live tensors 145.3 GiB exceed current free GPU memory 78.6 GiB,,,,
32,32768,prefill,8192,sparse,flashmla_sparse_bf16,skipped_memory_limit,skipped_memory_limit: estimated live tensors 145.4 GiB exceed current free GPU memory 78.6 GiB,,,,
32,32768,prefill,16384,sparse,flashmla_sparse_bf16,skipped_memory_limit,skipped_memory_limit: estimated live tensors 145.7 GiB exceed current free GPU memory 78.6 GiB,,,,
32,32768,prefill,32768,sparse,flashmla_sparse_bf16,skipped_memory_limit,skipped_memory_limit: estimated live tensors 146.2 GiB exceed current free GPU memory 78.6 GiB,,,,
32,32768,prefill,65536,sparse,flashmla_sparse_bf16,skipped_memory_limit,skipped_memory_limit: estimated live tensors 147.4 GiB exceed current free GPU memory 78.6 GiB,,,,
32,32768,prefill,131072,sparse,flashmla_sparse_bf16,skipped_memory_limit,skipped_memory_limit: estimated live tensors 149.6 GiB exceed current free GPU memory 78.6 GiB,,,,
32,32768,prefill,262144,sparse,flashmla_sparse_bf16,skipped_memory_limit,skipped_memory_limit: estimated live tensors 154.1 GiB exceed current free GPU memory 78.6 GiB,,,,
32,32768,prefill,524288,sparse,flashmla_sparse_bf16,skipped_memory_limit,skipped_memory_limit: estimated live tensors 163.1 GiB exceed current free GPU memory 78.6 GiB,,,,
64,32768,prefill,2048,dense,flashmla_dense_bf16_multiquery,skipped_memory_limit,skipped_memory_limit: estimated live tensors 534.9 GiB exceed current free GPU memory 78.6 GiB,,,,
64,32768,prefill,4096,dense,flashmla_dense_bf16_multiquery,skipped_memory_limit,skipped_memory_limit: estimated live tensors 535.0 GiB exceed current free GPU memory 78.6 GiB,,,,
64,32768,prefill,8192,dense,flashmla_dense_bf16_multiquery,skipped_memory_limit,skipped_memory_limit: estimated live tensors 535.3 GiB exceed current free GPU memory 78.6 GiB,,,,
64,32768,prefill,16384,dense,flashmla_dense_bf16_multiquery,skipped_memory_limit,skipped_memory_limit: estimated live tensors 535.9 GiB exceed current free GPU memory 78.6 GiB,,,,
64,32768,prefill,32768,dense,flashmla_dense_bf16_multiquery,skipped_memory_limit,skipped_memory_limit: estimated live tensors 537.0 GiB exceed current free GPU memory 78.6 GiB,,,,
64,32768,prefill,65536,dense,flashmla_dense_bf16_multiquery,skipped_memory_limit,skipped_memory_limit: estimated live tensors 539.3 GiB exceed current free GPU memory 78.6 GiB,,,,
64,32768,prefill,131072,dense,flashmla_dense_bf16_multiquery,skipped_memory_limit,skipped_memory_limit: estimated live tensors 543.8 GiB exceed current free GPU memory 78.6 GiB,,,,
64,32768,prefill,262144,dense,flashmla_dense_bf16_multiquery,skipped_memory_limit,skipped_memory_limit: estimated live tensors 552.8 GiB exceed current free GPU memory 78.6 GiB,,,,
64,32768,prefill,524288,dense,flashmla_dense_bf16_multiquery,skipped_memory_limit,skipped_memory_limit: estimated live tensors 570.8 GiB exceed current free GPU memory 78.6 GiB,,,,
64,32768,prefill,2048,sparse,flashmla_sparse_bf16,skipped_memory_limit,skipped_memory_limit: estimated live tensors 290.4 GiB exceed current free GPU memory 78.6 GiB,,,,
64,32768,prefill,4096,sparse,flashmla_sparse_bf16,skipped_memory_limit,skipped_memory_limit: estimated live tensors 290.5 GiB exceed current free GPU memory 78.6 GiB,,,,
64,32768,prefill,8192,sparse,flashmla_sparse_bf16,skipped_memory_limit,skipped_memory_limit: estimated live tensors 290.8 GiB exceed current free GPU memory 78.6 GiB,,,,
64,32768,prefill,16384,sparse,flashmla_sparse_bf16,skipped_memory_limit,skipped_memory_limit: estimated live tensors 291.4 GiB exceed current free GPU memory 78.6 GiB,,,,
64,32768,prefill,32768,sparse,flashmla_sparse_bf16,skipped_memory_limit,skipped_memory_limit: estimated live tensors 292.5 GiB exceed current free GPU memory 78.6 GiB,,,,
64,32768,prefill,65536,sparse,flashmla_sparse_bf16,skipped_memory_limit,skipped_memory_limit: estimated live tensors 294.8 GiB exceed current free GPU memory 78.6 GiB,,,,
64,32768,prefill,131072,sparse,flashmla_sparse_bf16,skipped_memory_limit,skipped_memory_limit: estimated live tensors 299.2 GiB exceed current free GPU memory 78.6 GiB,,,,
64,32768,prefill,262144,sparse,flashmla_sparse_bf16,skipped_memory_limit,skipped_memory_limit: estimated live tensors 308.2 GiB exceed current free GPU memory 78.6 GiB,,,,
64,32768,prefill,524288,sparse,flashmla_sparse_bf16,skipped_memory_limit,skipped_memory_limit: estimated live tensors 326.2 GiB exceed current free GPU memory 78.6 GiB,,,,
128,32768,prefill,2048,dense,flashmla_dense_bf16_multiquery,skipped_memory_limit,skipped_memory_limit: estimated live tensors 1065.8 GiB exceed current free GPU memory 78.6 GiB,,,,
128,32768,prefill,4096,dense,flashmla_dense_bf16_multiquery,skipped_memory_limit,skipped_memory_limit: estimated live tensors 1066.1 GiB exceed current free GPU memory 78.6 GiB,,,,
128,32768,prefill,8192,dense,flashmla_dense_bf16_multiquery,skipped_memory_limit,skipped_memory_limit: estimated live tensors 1066.6 GiB exceed current free GPU memory 78.6 GiB,,,,
128,32768,prefill,16384,dense,flashmla_dense_bf16_multiquery,skipped_memory_limit,skipped_memory_limit: estimated live tensors 1067.8 GiB exceed current free GPU memory 78.6 GiB,,,,
128,32768,prefill,32768,dense,flashmla_dense_bf16_multiquery,skipped_memory_limit,skipped_memory_limit: estimated live tensors 1070.0 GiB exceed current free GPU memory 78.6 GiB,,,,
128,32768,prefill,65536,dense,flashmla_dense_bf16_multiquery,skipped_memory_limit,skipped_memory_limit: estimated live tensors 1074.5 GiB exceed current free GPU memory 78.6 GiB,,,,
128,32768,prefill,131072,dense,flashmla_dense_bf16_multiquery,skipped_memory_limit,skipped_memory_limit: estimated live tensors 1083.5 GiB exceed current free GPU memory 78.6 GiB,,,,
128,32768,prefill,262144,dense,flashmla_dense_bf16_multiquery,skipped_memory_limit,skipped_memory_limit: estimated live tensors 1101.5 GiB exceed current free GPU memory 78.6 GiB,,,,
128,32768,prefill,524288,dense,flashmla_dense_bf16_multiquery,skipped_memory_limit,skipped_memory_limit: estimated live tensors 1137.5 GiB exceed current free GPU memory 78.6 GiB,,,,
128,32768,prefill,2048,sparse,flashmla_sparse_bf16,skipped_memory_limit,skipped_memory_limit: estimated live tensors 580.8 GiB exceed current free GPU memory 78.6 GiB,,,,
128,32768,prefill,4096,sparse,flashmla_sparse_bf16,skipped_memory_limit,skipped_memory_limit: estimated live tensors 581.1 GiB exceed current free GPU memory 78.6 GiB,,,,
128,32768,prefill,8192,sparse,flashmla_sparse_bf16,skipped_memory_limit,skipped_memory_limit: estimated live tensors 581.6 GiB exceed current free GPU memory 78.6 GiB,,,,
128,32768,prefill,16384,sparse,flashmla_sparse_bf16,skipped_memory_limit,skipped_memory_limit: estimated live tensors 582.8 GiB exceed current free GPU memory 78.6 GiB,,,,
128,32768,prefill,32768,sparse,flashmla_sparse_bf16,skipped_memory_limit,skipped_memory_limit: estimated live tensors 585.0 GiB exceed current free GPU memory 78.6 GiB,,,,
128,32768,prefill,65536,sparse,flashmla_sparse_bf16,skipped_memory_limit,skipped_memory_limit: estimated live tensors 589.5 GiB exceed current free GPU memory 78.6 GiB,,,,
128,32768,prefill,131072,sparse,flashmla_sparse_bf16,skipped_memory_limit,skipped_memory_limit: estimated live tensors 598.5 GiB exceed current free GPU memory 78.6 GiB,,,,
128,32768,prefill,262144,sparse,flashmla_sparse_bf16,skipped_memory_limit,skipped_memory_limit: estimated live tensors 616.5 GiB exceed current free GPU memory 78.6 GiB,,,,
128,32768,prefill,524288,sparse,flashmla_sparse_bf16,skipped_memory_limit,skipped_memory_limit: estimated live tensors 652.5 GiB exceed current free GPU memory 78.6 GiB,,,,
256,32768,prefill,2048,dense,flashmla_dense_bf16_multiquery,skipped_memory_limit,skipped_memory_limit: estimated live tensors 2127.6 GiB exceed current free GPU memory 78.6 GiB,,,,
256,32768,prefill,4096,dense,flashmla_dense_bf16_multiquery,skipped_memory_limit,skipped_memory_limit: estimated live tensors 2128.1 GiB exceed current free GPU memory 78.6 GiB,,,,
256,32768,prefill,8192,dense,flashmla_dense_bf16_multiquery,skipped_memory_limit,skipped_memory_limit: estimated live tensors 2129.3 GiB exceed current free GPU memory 78.6 GiB,,,,
256,32768,prefill,16384,dense,flashmla_dense_bf16_multiquery,skipped_memory_limit,skipped_memory_limit: estimated live tensors 2131.5 GiB exceed current free GPU memory 78.6 GiB,,,,
256,32768,prefill,32768,dense,flashmla_dense_bf16_multiquery,skipped_memory_limit,skipped_memory_limit: estimated live tensors 2136.0 GiB exceed current free GPU memory 78.6 GiB,,,,
256,32768,prefill,65536,dense,flashmla_dense_bf16_multiquery,skipped_memory_limit,skipped_memory_limit: estimated live tensors 2145.0 GiB exceed current free GPU memory 78.6 GiB,,,,
256,32768,prefill,131072,dense,flashmla_dense_bf16_multiquery,skipped_memory_limit,skipped_memory_limit: estimated live tensors 2163.0 GiB exceed current free GPU memory 78.6 GiB,,,,
256,32768,prefill,262144,dense,flashmla_dense_bf16_multiquery,skipped_memory_limit,skipped_memory_limit: estimated live tensors 2199.0 GiB exceed current free GPU memory 78.6 GiB,,,,
256,32768,prefill,524288,dense,flashmla_dense_bf16_multiquery,skipped_memory_limit,skipped_memory_limit: estimated live tensors 2271.0 GiB exceed current free GPU memory 78.6 GiB,,,,
256,32768,prefill,2048,sparse,flashmla_sparse_bf16,skipped_memory_limit,skipped_memory_limit: estimated live tensors 1161.6 GiB exceed current free GPU memory 78.6 GiB,,,,
256,32768,prefill,4096,sparse,flashmla_sparse_bf16,skipped_memory_limit,skipped_memory_limit: estimated live tensors 1162.1 GiB exceed current free GPU memory 78.6 GiB,,,,
256,32768,prefill,8192,sparse,flashmla_sparse_bf16,skipped_memory_limit,skipped_memory_limit: estimated live tensors 1163.2 GiB exceed current free GPU memory 78.6 GiB,,,,
256,32768,prefill,16384,sparse,flashmla_sparse_bf16,skipped_memory_limit,skipped_memory_limit: estimated live tensors 1165.5 GiB exceed current free GPU memory 78.6 GiB,,,,
256,32768,prefill,32768,sparse,flashmla_sparse_bf16,skipped_memory_limit,skipped_memory_limit: estimated live tensors 1170.0 GiB exceed current free GPU memory 78.6 GiB,,,,
256,32768,prefill,65536,sparse,flashmla_sparse_bf16,skipped_memory_limit,skipped_memory_limit: estimated live tensors 1179.0 GiB exceed current free GPU memory 78.6 GiB,,,,
256,32768,prefill,131072,sparse,flashmla_sparse_bf16,skipped_memory_limit,skipped_memory_limit: estimated live tensors 1197.0 GiB exceed current free GPU memory 78.6 GiB,,,,
256,32768,prefill,262144,sparse,flashmla_sparse_bf16,skipped_memory_limit,skipped_memory_limit: estimated live tensors 1233.0 GiB exceed current free GPU memory 78.6 GiB,,,,
256,32768,prefill,524288,sparse,flashmla_sparse_bf16,skipped_memory_limit,skipped_memory_limit: estimated live tensors 1305.0 GiB exceed current free GPU memory 78.6 GiB,,,,
