case_id,kind,backend,cache_state,figure2_hardware_tflops,observed_utilization_vs_platform_max
decode_b128_h32768_dense_l2-cold,decode,flashmla_dense_bf16,l2-cold,365.372,0.9772
decode_b128_h65536_dense_l2-cold,decode,flashmla_dense_bf16,l2-cold,373.908,1.0000
decode_b1_h32768_dense_l2-cold,decode,flashmla_dense_bf16,l2-cold,58.904,0.1575
decode_b1_h65536_dense_l2-cold,decode,flashmla_dense_bf16,l2-cold,99.481,0.2661
decode_b32_h32768_dense_l2-cold,decode,flashmla_dense_bf16,l2-cold,346.816,0.9275
decode_b32_h65536_dense_l2-cold,decode,flashmla_dense_bf16,l2-cold,365.438,0.9773
decode_b128_h131072_dense_steady,decode,flashmla_dense_bf16,steady,368.476,0.9615
decode_b128_h16384_dense_steady,decode,flashmla_dense_bf16,steady,348.657,0.9098
decode_b128_h2048_dense_steady,decode,flashmla_dense_bf16,steady,291.449,0.7605
decode_b128_h262144_dense_steady,decode,flashmla_dense_bf16,steady,380.936,0.9940
decode_b128_h32768_dense_steady,decode,flashmla_dense_bf16,steady,359.398,0.9378
decode_b128_h4096_dense_steady,decode,flashmla_dense_bf16,steady,354.938,0.9262
decode_b128_h524288_dense_steady,decode,flashmla_dense_bf16,steady,383.239,1.0000
decode_b128_h65536_dense_steady,decode,flashmla_dense_bf16,steady,362.425,0.9457
decode_b128_h8192_dense_steady,decode,flashmla_dense_bf16,steady,365.381,0.9534
decode_b16_h131072_dense_steady,decode,flashmla_dense_bf16,steady,361.658,0.9437
decode_b16_h16384_dense_steady,decode,flashmla_dense_bf16,steady,323.329,0.8437
decode_b16_h2048_dense_steady,decode,flashmla_dense_bf16,steady,190.549,0.4972
decode_b16_h262144_dense_steady,decode,flashmla_dense_bf16,steady,365.645,0.9541
decode_b16_h32768_dense_steady,decode,flashmla_dense_bf16,steady,337.658,0.8811
decode_b16_h4096_dense_steady,decode,flashmla_dense_bf16,steady,254.108,0.6631
decode_b16_h524288_dense_steady,decode,flashmla_dense_bf16,steady,366.519,0.9564
decode_b16_h65536_dense_steady,decode,flashmla_dense_bf16,steady,348.158,0.9085
decode_b16_h8192_dense_steady,decode,flashmla_dense_bf16,steady,296.492,0.7736
decode_b1_h131072_dense_steady,decode,flashmla_dense_bf16,steady,300.096,0.7831
decode_b1_h16384_dense_steady,decode,flashmla_dense_bf16,steady,153.305,0.4000
decode_b1_h2048_dense_steady,decode,flashmla_dense_bf16,steady,28.116,0.0734
decode_b1_h262144_dense_steady,decode,flashmla_dense_bf16,steady,325.687,0.8498
decode_b1_h32768_dense_steady,decode,flashmla_dense_bf16,steady,194.974,0.5088
decode_b1_h4096_dense_steady,decode,flashmla_dense_bf16,steady,52.816,0.1378
decode_b1_h524288_dense_steady,decode,flashmla_dense_bf16,steady,343.748,0.8970
decode_b1_h65536_dense_steady,decode,flashmla_dense_bf16,steady,255.929,0.6678
decode_b1_h8192_dense_steady,decode,flashmla_dense_bf16,steady,91.508,0.2388
decode_b256_h131072_dense_steady,decode,flashmla_dense_bf16,steady,379.592,0.9905
decode_b256_h16384_dense_steady,decode,flashmla_dense_bf16,steady,358.526,0.9355
decode_b256_h2048_dense_steady,decode,flashmla_dense_bf16,steady,296.363,0.7733
decode_b256_h262144_dense_steady,decode,flashmla_dense_bf16,steady,382.450,0.9979
decode_b256_h32768_dense_steady,decode,flashmla_dense_bf16,steady,361.028,0.9420
decode_b256_h4096_dense_steady,decode,flashmla_dense_bf16,steady,354.315,0.9245
decode_b256_h65536_dense_steady,decode,flashmla_dense_bf16,steady,364.583,0.9513
decode_b256_h8192_dense_steady,decode,flashmla_dense_bf16,steady,345.216,0.9008
decode_b2_h131072_dense_steady,decode,flashmla_dense_bf16,steady,325.463,0.8492
decode_b2_h16384_dense_steady,decode,flashmla_dense_bf16,steady,197.188,0.5145
decode_b2_h2048_dense_steady,decode,flashmla_dense_bf16,steady,53.740,0.1402
decode_b2_h262144_dense_steady,decode,flashmla_dense_bf16,steady,344.702,0.8994
decode_b2_h32768_dense_steady,decode,flashmla_dense_bf16,steady,255.912,0.6678
decode_b2_h4096_dense_steady,decode,flashmla_dense_bf16,steady,93.597,0.2442
decode_b2_h524288_dense_steady,decode,flashmla_dense_bf16,steady,350.931,0.9157
decode_b2_h65536_dense_steady,decode,flashmla_dense_bf16,steady,298.336,0.7785
decode_b2_h8192_dense_steady,decode,flashmla_dense_bf16,steady,146.082,0.3812
decode_b32_h131072_dense_steady,decode,flashmla_dense_bf16,steady,367.198,0.9581
decode_b32_h16384_dense_steady,decode,flashmla_dense_bf16,steady,337.169,0.8798
decode_b32_h2048_dense_steady,decode,flashmla_dense_bf16,steady,231.884,0.6051
decode_b32_h262144_dense_steady,decode,flashmla_dense_bf16,steady,369.038,0.9629
decode_b32_h32768_dense_steady,decode,flashmla_dense_bf16,steady,347.217,0.9060
decode_b32_h4096_dense_steady,decode,flashmla_dense_bf16,steady,265.780,0.6935
decode_b32_h524288_dense_steady,decode,flashmla_dense_bf16,steady,371.962,0.9706
decode_b32_h65536_dense_steady,decode,flashmla_dense_bf16,steady,358.059,0.9343
decode_b32_h8192_dense_steady,decode,flashmla_dense_bf16,steady,321.584,0.8391
decode_b4_h131072_dense_steady,decode,flashmla_dense_bf16,steady,340.122,0.8875
decode_b4_h16384_dense_steady,decode,flashmla_dense_bf16,steady,254.357,0.6637
decode_b4_h2048_dense_steady,decode,flashmla_dense_bf16,steady,90.484,0.2361
decode_b4_h262144_dense_steady,decode,flashmla_dense_bf16,steady,351.487,0.9171
decode_b4_h32768_dense_steady,decode,flashmla_dense_bf16,steady,297.824,0.7771
decode_b4_h4096_dense_steady,decode,flashmla_dense_bf16,steady,149.075,0.3890
decode_b4_h524288_dense_steady,decode,flashmla_dense_bf16,steady,361.886,0.9443
decode_b4_h65536_dense_steady,decode,flashmla_dense_bf16,steady,326.628,0.8523
decode_b4_h8192_dense_steady,decode,flashmla_dense_bf16,steady,205.335,0.5358
decode_b64_h131072_dense_steady,decode,flashmla_dense_bf16,steady,366.715,0.9569
decode_b64_h16384_dense_steady,decode,flashmla_dense_bf16,steady,342.267,0.8931
decode_b64_h2048_dense_steady,decode,flashmla_dense_bf16,steady,256.334,0.6689
decode_b64_h262144_dense_steady,decode,flashmla_dense_bf16,steady,369.692,0.9647
decode_b64_h32768_dense_steady,decode,flashmla_dense_bf16,steady,354.719,0.9256
decode_b64_h4096_dense_steady,decode,flashmla_dense_bf16,steady,281.913,0.7356
decode_b64_h524288_dense_steady,decode,flashmla_dense_bf16,steady,382.361,0.9977
decode_b64_h65536_dense_steady,decode,flashmla_dense_bf16,steady,365.683,0.9542
decode_b64_h8192_dense_steady,decode,flashmla_dense_bf16,steady,297.293,0.7757
decode_b8_h131072_dense_steady,decode,flashmla_dense_bf16,steady,350.597,0.9148
decode_b8_h16384_dense_steady,decode,flashmla_dense_bf16,steady,301.523,0.7868
decode_b8_h2048_dense_steady,decode,flashmla_dense_bf16,steady,136.128,0.3552
decode_b8_h262144_dense_steady,decode,flashmla_dense_bf16,steady,362.196,0.9451
decode_b8_h32768_dense_steady,decode,flashmla_dense_bf16,steady,326.000,0.8506
decode_b8_h4096_dense_steady,decode,flashmla_dense_bf16,steady,197.787,0.5161
decode_b8_h524288_dense_steady,decode,flashmla_dense_bf16,steady,366.967,0.9575
decode_b8_h65536_dense_steady,decode,flashmla_dense_bf16,steady,338.220,0.8825
decode_b8_h8192_dense_steady,decode,flashmla_dense_bf16,steady,258.558,0.6747
decode_b128_h32768_sparse_l2-cold,decode,flashmla_sparse_fp8,l2-cold,281.831,1.0000
decode_b128_h65536_sparse_l2-cold,decode,flashmla_sparse_fp8,l2-cold,279.689,0.9924
decode_b1_h32768_sparse_l2-cold,decode,flashmla_sparse_fp8,l2-cold,8.307,0.0295
decode_b1_h65536_sparse_l2-cold,decode,flashmla_sparse_fp8,l2-cold,8.207,0.0291
decode_b32_h32768_sparse_l2-cold,decode,flashmla_sparse_fp8,l2-cold,149.326,0.5298
decode_b32_h65536_sparse_l2-cold,decode,flashmla_sparse_fp8,l2-cold,148.009,0.5252
decode_b128_h131072_sparse_steady,decode,flashmla_sparse_fp8,steady,312.635,0.9217
decode_b128_h16384_sparse_steady,decode,flashmla_sparse_fp8,steady,316.274,0.9324
decode_b128_h2048_sparse_steady,decode,flashmla_sparse_fp8,steady,303.343,0.8943
decode_b128_h262144_sparse_steady,decode,flashmla_sparse_fp8,steady,314.145,0.9261
decode_b128_h32768_sparse_steady,decode,flashmla_sparse_fp8,steady,315.429,0.9299
decode_b128_h4096_sparse_steady,decode,flashmla_sparse_fp8,steady,317.346,0.9356
decode_b128_h524288_sparse_steady,decode,flashmla_sparse_fp8,steady,314.205,0.9263
decode_b128_h65536_sparse_steady,decode,flashmla_sparse_fp8,steady,313.417,0.9240
decode_b128_h8192_sparse_steady,decode,flashmla_sparse_fp8,steady,316.007,0.9316
decode_b16_h131072_sparse_steady,decode,flashmla_sparse_fp8,steady,144.747,0.4267
decode_b16_h16384_sparse_steady,decode,flashmla_sparse_fp8,steady,147.017,0.4334
decode_b16_h2048_sparse_steady,decode,flashmla_sparse_fp8,steady,149.922,0.4420
decode_b16_h262144_sparse_steady,decode,flashmla_sparse_fp8,steady,147.168,0.4339
decode_b16_h32768_sparse_steady,decode,flashmla_sparse_fp8,steady,146.400,0.4316
decode_b16_h4096_sparse_steady,decode,flashmla_sparse_fp8,steady,148.252,0.4371
decode_b16_h524288_sparse_steady,decode,flashmla_sparse_fp8,steady,147.136,0.4338
decode_b16_h65536_sparse_steady,decode,flashmla_sparse_fp8,steady,146.248,0.4312
decode_b16_h8192_sparse_steady,decode,flashmla_sparse_fp8,steady,148.026,0.4364
decode_b1_h131072_sparse_steady,decode,flashmla_sparse_fp8,steady,16.610,0.0490
decode_b1_h16384_sparse_steady,decode,flashmla_sparse_fp8,steady,16.378,0.0483
decode_b1_h2048_sparse_steady,decode,flashmla_sparse_fp8,steady,16.158,0.0476
decode_b1_h262144_sparse_steady,decode,flashmla_sparse_fp8,steady,16.423,0.0484
decode_b1_h32768_sparse_steady,decode,flashmla_sparse_fp8,steady,16.530,0.0487
decode_b1_h4096_sparse_steady,decode,flashmla_sparse_fp8,steady,16.478,0.0486
decode_b1_h524288_sparse_steady,decode,flashmla_sparse_fp8,steady,16.508,0.0487
decode_b1_h65536_sparse_steady,decode,flashmla_sparse_fp8,steady,16.490,0.0486
decode_b1_h8192_sparse_steady,decode,flashmla_sparse_fp8,steady,16.357,0.0482
decode_b256_h131072_sparse_steady,decode,flashmla_sparse_fp8,steady,319.457,0.9418
decode_b256_h16384_sparse_steady,decode,flashmla_sparse_fp8,steady,321.167,0.9468
decode_b256_h2048_sparse_steady,decode,flashmla_sparse_fp8,steady,339.201,1.0000
decode_b256_h262144_sparse_steady,decode,flashmla_sparse_fp8,steady,319.082,0.9407
decode_b256_h32768_sparse_steady,decode,flashmla_sparse_fp8,steady,318.192,0.9381
decode_b256_h4096_sparse_steady,decode,flashmla_sparse_fp8,steady,322.542,0.9509
decode_b256_h65536_sparse_steady,decode,flashmla_sparse_fp8,steady,317.000,0.9345
decode_b256_h8192_sparse_steady,decode,flashmla_sparse_fp8,steady,320.440,0.9447
decode_b2_h131072_sparse_steady,decode,flashmla_sparse_fp8,steady,30.829,0.0909
decode_b2_h16384_sparse_steady,decode,flashmla_sparse_fp8,steady,30.857,0.0910
decode_b2_h2048_sparse_steady,decode,flashmla_sparse_fp8,steady,30.793,0.0908
decode_b2_h262144_sparse_steady,decode,flashmla_sparse_fp8,steady,30.814,0.0908
decode_b2_h32768_sparse_steady,decode,flashmla_sparse_fp8,steady,30.883,0.0910
decode_b2_h4096_sparse_steady,decode,flashmla_sparse_fp8,steady,30.808,0.0908
decode_b2_h524288_sparse_steady,decode,flashmla_sparse_fp8,steady,30.932,0.0912
decode_b2_h65536_sparse_steady,decode,flashmla_sparse_fp8,steady,30.841,0.0909
decode_b2_h8192_sparse_steady,decode,flashmla_sparse_fp8,steady,30.808,0.0908
decode_b32_h131072_sparse_steady,decode,flashmla_sparse_fp8,steady,177.702,0.5239
decode_b32_h16384_sparse_steady,decode,flashmla_sparse_fp8,steady,177.679,0.5238
decode_b32_h2048_sparse_steady,decode,flashmla_sparse_fp8,steady,175.131,0.5163
decode_b32_h262144_sparse_steady,decode,flashmla_sparse_fp8,steady,176.833,0.5213
decode_b32_h32768_sparse_steady,decode,flashmla_sparse_fp8,steady,176.962,0.5217
decode_b32_h4096_sparse_steady,decode,flashmla_sparse_fp8,steady,180.023,0.5307
decode_b32_h524288_sparse_steady,decode,flashmla_sparse_fp8,steady,177.846,0.5243
decode_b32_h65536_sparse_steady,decode,flashmla_sparse_fp8,steady,176.558,0.5205
decode_b32_h8192_sparse_steady,decode,flashmla_sparse_fp8,steady,179.741,0.5299
decode_b4_h131072_sparse_steady,decode,flashmla_sparse_fp8,steady,67.598,0.1993
decode_b4_h16384_sparse_steady,decode,flashmla_sparse_fp8,steady,67.328,0.1985
decode_b4_h2048_sparse_steady,decode,flashmla_sparse_fp8,steady,66.688,0.1966
decode_b4_h262144_sparse_steady,decode,flashmla_sparse_fp8,steady,67.331,0.1985
decode_b4_h32768_sparse_steady,decode,flashmla_sparse_fp8,steady,67.265,0.1983
decode_b4_h4096_sparse_steady,decode,flashmla_sparse_fp8,steady,66.901,0.1972
decode_b4_h524288_sparse_steady,decode,flashmla_sparse_fp8,steady,67.101,0.1978
decode_b4_h65536_sparse_steady,decode,flashmla_sparse_fp8,steady,67.688,0.1996
decode_b4_h8192_sparse_steady,decode,flashmla_sparse_fp8,steady,67.244,0.1982
decode_b64_h131072_sparse_steady,decode,flashmla_sparse_fp8,steady,229.500,0.6766
decode_b64_h16384_sparse_steady,decode,flashmla_sparse_fp8,steady,230.723,0.6802
decode_b64_h2048_sparse_steady,decode,flashmla_sparse_fp8,steady,222.611,0.6563
decode_b64_h262144_sparse_steady,decode,flashmla_sparse_fp8,steady,229.277,0.6759
decode_b64_h32768_sparse_steady,decode,flashmla_sparse_fp8,steady,229.507,0.6766
decode_b64_h4096_sparse_steady,decode,flashmla_sparse_fp8,steady,212.582,0.6267
decode_b64_h524288_sparse_steady,decode,flashmla_sparse_fp8,steady,228.700,0.6742
decode_b64_h65536_sparse_steady,decode,flashmla_sparse_fp8,steady,229.979,0.6780
decode_b64_h8192_sparse_steady,decode,flashmla_sparse_fp8,steady,231.667,0.6830
decode_b8_h131072_sparse_steady,decode,flashmla_sparse_fp8,steady,115.451,0.3404
decode_b8_h16384_sparse_steady,decode,flashmla_sparse_fp8,steady,115.169,0.3395
decode_b8_h2048_sparse_steady,decode,flashmla_sparse_fp8,steady,116.968,0.3448
decode_b8_h262144_sparse_steady,decode,flashmla_sparse_fp8,steady,114.893,0.3387
decode_b8_h32768_sparse_steady,decode,flashmla_sparse_fp8,steady,115.994,0.3420
decode_b8_h4096_sparse_steady,decode,flashmla_sparse_fp8,steady,116.547,0.3436
decode_b8_h524288_sparse_steady,decode,flashmla_sparse_fp8,steady,114.395,0.3372
decode_b8_h65536_sparse_steady,decode,flashmla_sparse_fp8,steady,115.693,0.3411
decode_b8_h8192_sparse_steady,decode,flashmla_sparse_fp8,steady,115.979,0.3419
prefillq1024_b1_h32768_dense_l2-cold,prefill,flashinfer_fa3_dense_bf16,l2-cold,597.291,0.9876
prefillq1024_b1_h65536_dense_l2-cold,prefill,flashinfer_fa3_dense_bf16,l2-cold,604.801,1.0000
prefillq16_b64_h32768_dense_l2-cold,prefill,flashinfer_fa3_dense_bf16,l2-cold,580.979,0.9606
prefillq16_b64_h65536_dense_l2-cold,prefill,flashinfer_fa3_dense_bf16,l2-cold,589.354,0.9745
prefillq256_b8_h32768_dense_l2-cold,prefill,flashinfer_fa3_dense_bf16,l2-cold,603.878,0.9985
prefillq256_b8_h65536_dense_l2-cold,prefill,flashinfer_fa3_dense_bf16,l2-cold,592.625,0.9799
prefillq1024_b1_h131072_dense_steady,prefill,flashinfer_fa3_dense_bf16,steady,600.167,0.9157
prefillq1024_b1_h16384_dense_steady,prefill,flashinfer_fa3_dense_bf16,steady,573.802,0.8755
prefillq1024_b1_h2048_dense_steady,prefill,flashinfer_fa3_dense_bf16,steady,582.775,0.8892
prefillq1024_b1_h262144_dense_steady,prefill,flashinfer_fa3_dense_bf16,steady,595.604,0.9088
prefillq1024_b1_h32768_dense_steady,prefill,flashinfer_fa3_dense_bf16,steady,597.898,0.9123
prefillq1024_b1_h4096_dense_steady,prefill,flashinfer_fa3_dense_bf16,steady,610.111,0.9309
prefillq1024_b1_h524288_dense_steady,prefill,flashinfer_fa3_dense_bf16,steady,581.586,0.8874
prefillq1024_b1_h65536_dense_steady,prefill,flashinfer_fa3_dense_bf16,steady,603.905,0.9215
prefillq1024_b1_h8192_dense_steady,prefill,flashinfer_fa3_dense_bf16,steady,618.402,0.9436
prefillq1024_b2_h131072_dense_steady,prefill,flashinfer_fa3_dense_bf16,steady,594.320,0.9068
prefillq1024_b2_h16384_dense_steady,prefill,flashinfer_fa3_dense_bf16,steady,593.845,0.9061
prefillq1024_b2_h2048_dense_steady,prefill,flashinfer_fa3_dense_bf16,steady,581.913,0.8879
prefillq1024_b2_h262144_dense_steady,prefill,flashinfer_fa3_dense_bf16,steady,581.340,0.8870
prefillq1024_b2_h32768_dense_steady,prefill,flashinfer_fa3_dense_bf16,steady,603.321,0.9206
prefillq1024_b2_h4096_dense_steady,prefill,flashinfer_fa3_dense_bf16,steady,621.690,0.9486
prefillq1024_b2_h524288_dense_steady,prefill,flashinfer_fa3_dense_bf16,steady,580.426,0.8856
prefillq1024_b2_h65536_dense_steady,prefill,flashinfer_fa3_dense_bf16,steady,601.765,0.9182
prefillq1024_b2_h8192_dense_steady,prefill,flashinfer_fa3_dense_bf16,steady,573.371,0.8749
prefillq1024_b4_h131072_dense_steady,prefill,flashinfer_fa3_dense_bf16,steady,584.232,0.8914
prefillq1024_b4_h32768_dense_steady,prefill,flashinfer_fa3_dense_bf16,steady,595.023,0.9079
prefillq1024_b4_h65536_dense_steady,prefill,flashinfer_fa3_dense_bf16,steady,582.973,0.8895
prefillq1024_b4_h8192_dense_steady,prefill,flashinfer_fa3_dense_bf16,steady,589.944,0.9001
prefillq1024_b8_h131072_dense_steady,prefill,flashinfer_fa3_dense_bf16,steady,592.253,0.9037
prefillq1024_b8_h32768_dense_steady,prefill,flashinfer_fa3_dense_bf16,steady,595.635,0.9088
prefillq1024_b8_h65536_dense_steady,prefill,flashinfer_fa3_dense_bf16,steady,585.593,0.8935
prefillq1024_b8_h8192_dense_steady,prefill,flashinfer_fa3_dense_bf16,steady,601.015,0.9170
prefillq16384_b1_h131072_dense_steady,prefill,flashinfer_fa3_dense_bf16,steady,585.726,0.8937
prefillq16384_b1_h16384_dense_steady,prefill,flashinfer_fa3_dense_bf16,steady,584.219,0.8914
prefillq16384_b1_h2048_dense_steady,prefill,flashinfer_fa3_dense_bf16,steady,594.415,0.9070
prefillq16384_b1_h262144_dense_steady,prefill,flashinfer_fa3_dense_bf16,steady,583.685,0.8906
prefillq16384_b1_h32768_dense_steady,prefill,flashinfer_fa3_dense_bf16,steady,583.346,0.8901
prefillq16384_b1_h4096_dense_steady,prefill,flashinfer_fa3_dense_bf16,steady,587.442,0.8963
prefillq16384_b1_h524288_dense_steady,prefill,flashinfer_fa3_dense_bf16,steady,582.698,0.8891
prefillq16384_b1_h65536_dense_steady,prefill,flashinfer_fa3_dense_bf16,steady,586.711,0.8952
prefillq16384_b1_h8192_dense_steady,prefill,flashinfer_fa3_dense_bf16,steady,583.610,0.8905
prefillq16_b128_h131072_dense_steady,prefill,flashinfer_fa3_dense_bf16,steady,560.982,0.8560
prefillq16_b128_h32768_dense_steady,prefill,flashinfer_fa3_dense_bf16,steady,582.080,0.8882
prefillq16_b128_h65536_dense_steady,prefill,flashinfer_fa3_dense_bf16,steady,571.667,0.8723
prefillq16_b128_h8192_dense_steady,prefill,flashinfer_fa3_dense_bf16,steady,556.967,0.8498
prefillq16_b16_h131072_dense_steady,prefill,flashinfer_fa3_dense_bf16,steady,583.808,0.8908
prefillq16_b16_h32768_dense_steady,prefill,flashinfer_fa3_dense_bf16,steady,587.085,0.8958
prefillq16_b16_h65536_dense_steady,prefill,flashinfer_fa3_dense_bf16,steady,575.685,0.8784
prefillq16_b16_h8192_dense_steady,prefill,flashinfer_fa3_dense_bf16,steady,618.612,0.9439
prefillq16_b1_h131072_dense_steady,prefill,flashinfer_fa3_dense_bf16,steady,549.611,0.8386
prefillq16_b1_h32768_dense_steady,prefill,flashinfer_fa3_dense_bf16,steady,514.494,0.7850
prefillq16_b1_h4096_dense_steady,prefill,flashinfer_fa3_dense_bf16,steady,220.019,0.3357
prefillq16_b1_h65536_dense_steady,prefill,flashinfer_fa3_dense_bf16,steady,574.376,0.8764
prefillq16_b1_h8192_dense_steady,prefill,flashinfer_fa3_dense_bf16,steady,325.551,0.4967
prefillq16_b2_h131072_dense_steady,prefill,flashinfer_fa3_dense_bf16,steady,589.835,0.9000
prefillq16_b2_h32768_dense_steady,prefill,flashinfer_fa3_dense_bf16,steady,567.029,0.8652
prefillq16_b2_h65536_dense_steady,prefill,flashinfer_fa3_dense_bf16,steady,584.753,0.8922
prefillq16_b2_h8192_dense_steady,prefill,flashinfer_fa3_dense_bf16,steady,420.639,0.6418
prefillq16_b32_h131072_dense_steady,prefill,flashinfer_fa3_dense_bf16,steady,576.599,0.8798
prefillq16_b32_h32768_dense_steady,prefill,flashinfer_fa3_dense_bf16,steady,573.796,0.8755
prefillq16_b32_h65536_dense_steady,prefill,flashinfer_fa3_dense_bf16,steady,588.274,0.8976
prefillq16_b32_h8192_dense_steady,prefill,flashinfer_fa3_dense_bf16,steady,624.639,0.9531
prefillq16_b4_h131072_dense_steady,prefill,flashinfer_fa3_dense_bf16,steady,570.489,0.8705
prefillq16_b4_h32768_dense_steady,prefill,flashinfer_fa3_dense_bf16,steady,574.813,0.8771
prefillq16_b4_h65536_dense_steady,prefill,flashinfer_fa3_dense_bf16,steady,588.523,0.8980
prefillq16_b4_h8192_dense_steady,prefill,flashinfer_fa3_dense_bf16,steady,477.240,0.7282
prefillq16_b64_h131072_dense_steady,prefill,flashinfer_fa3_dense_bf16,steady,585.273,0.8930
prefillq16_b64_h32768_dense_steady,prefill,flashinfer_fa3_dense_bf16,steady,580.279,0.8854
prefillq16_b64_h65536_dense_steady,prefill,flashinfer_fa3_dense_bf16,steady,589.409,0.8993
prefillq16_b64_h8192_dense_steady,prefill,flashinfer_fa3_dense_bf16,steady,585.190,0.8929
prefillq16_b8_h131072_dense_steady,prefill,flashinfer_fa3_dense_bf16,steady,538.931,0.8223
prefillq16_b8_h32768_dense_steady,prefill,flashinfer_fa3_dense_bf16,steady,573.765,0.8755
prefillq16_b8_h65536_dense_steady,prefill,flashinfer_fa3_dense_bf16,steady,580.753,0.8861
prefillq16_b8_h8192_dense_steady,prefill,flashinfer_fa3_dense_bf16,steady,510.749,0.7793
prefillq1_b128_h131072_dense_steady,prefill,flashinfer_fa3_dense_bf16,steady,365.042,0.5570
prefillq1_b128_h32768_dense_steady,prefill,flashinfer_fa3_dense_bf16,steady,357.665,0.5457
prefillq1_b128_h65536_dense_steady,prefill,flashinfer_fa3_dense_bf16,steady,363.193,0.5542
prefillq1_b128_h8192_dense_steady,prefill,flashinfer_fa3_dense_bf16,steady,333.550,0.5089
prefillq1_b16_h131072_dense_steady,prefill,flashinfer_fa3_dense_bf16,steady,347.664,0.5305
prefillq1_b16_h32768_dense_steady,prefill,flashinfer_fa3_dense_bf16,steady,327.511,0.4997
prefillq1_b16_h65536_dense_steady,prefill,flashinfer_fa3_dense_bf16,steady,355.632,0.5426
prefillq1_b16_h8192_dense_steady,prefill,flashinfer_fa3_dense_bf16,steady,224.339,0.3423
prefillq1_b1_h131072_dense_steady,prefill,flashinfer_fa3_dense_bf16,steady,182.246,0.2781
prefillq1_b1_h32768_dense_steady,prefill,flashinfer_fa3_dense_bf16,steady,73.853,0.1127
prefillq1_b1_h65536_dense_steady,prefill,flashinfer_fa3_dense_bf16,steady,119.738,0.1827
prefillq1_b1_h8192_dense_steady,prefill,flashinfer_fa3_dense_bf16,steady,34.351,0.0524
prefillq1_b2_h131072_dense_steady,prefill,flashinfer_fa3_dense_bf16,steady,272.607,0.4159
prefillq1_b2_h32768_dense_steady,prefill,flashinfer_fa3_dense_bf16,steady,147.707,0.2254
prefillq1_b2_h65536_dense_steady,prefill,flashinfer_fa3_dense_bf16,steady,214.853,0.3278
prefillq1_b2_h8192_dense_steady,prefill,flashinfer_fa3_dense_bf16,steady,62.173,0.0949
prefillq1_b32_h131072_dense_steady,prefill,flashinfer_fa3_dense_bf16,steady,345.172,0.5267
prefillq1_b32_h32768_dense_steady,prefill,flashinfer_fa3_dense_bf16,steady,351.610,0.5365
prefillq1_b32_h65536_dense_steady,prefill,flashinfer_fa3_dense_bf16,steady,344.595,0.5258
prefillq1_b32_h8192_dense_steady,prefill,flashinfer_fa3_dense_bf16,steady,271.794,0.4147
prefillq1_b4_h131072_dense_steady,prefill,flashinfer_fa3_dense_bf16,steady,331.693,0.5061
prefillq1_b4_h32768_dense_steady,prefill,flashinfer_fa3_dense_bf16,steady,233.119,0.3557
prefillq1_b4_h65536_dense_steady,prefill,flashinfer_fa3_dense_bf16,steady,291.409,0.4446
prefillq1_b4_h8192_dense_steady,prefill,flashinfer_fa3_dense_bf16,steady,110.305,0.1683
prefillq1_b64_h131072_dense_steady,prefill,flashinfer_fa3_dense_bf16,steady,355.076,0.5418
prefillq1_b64_h32768_dense_steady,prefill,flashinfer_fa3_dense_bf16,steady,350.880,0.5354
prefillq1_b64_h65536_dense_steady,prefill,flashinfer_fa3_dense_bf16,steady,352.378,0.5377
prefillq1_b64_h8192_dense_steady,prefill,flashinfer_fa3_dense_bf16,steady,313.029,0.4776
prefillq1_b8_h131072_dense_steady,prefill,flashinfer_fa3_dense_bf16,steady,358.563,0.5471
prefillq1_b8_h32768_dense_steady,prefill,flashinfer_fa3_dense_bf16,steady,286.799,0.4376
prefillq1_b8_h65536_dense_steady,prefill,flashinfer_fa3_dense_bf16,steady,329.683,0.5030
prefillq1_b8_h8192_dense_steady,prefill,flashinfer_fa3_dense_bf16,steady,159.534,0.2434
prefillq2048_b1_h131072_dense_steady,prefill,flashinfer_fa3_dense_bf16,steady,584.754,0.8922
prefillq2048_b1_h16384_dense_steady,prefill,flashinfer_fa3_dense_bf16,steady,598.806,0.9137
prefillq2048_b1_h2048_dense_steady,prefill,flashinfer_fa3_dense_bf16,steady,578.118,0.8821
prefillq2048_b1_h262144_dense_steady,prefill,flashinfer_fa3_dense_bf16,steady,581.222,0.8868
prefillq2048_b1_h32768_dense_steady,prefill,flashinfer_fa3_dense_bf16,steady,598.300,0.9129
prefillq2048_b1_h4096_dense_steady,prefill,flashinfer_fa3_dense_bf16,steady,569.399,0.8688
prefillq2048_b1_h524288_dense_steady,prefill,flashinfer_fa3_dense_bf16,steady,579.835,0.8847
prefillq2048_b1_h65536_dense_steady,prefill,flashinfer_fa3_dense_bf16,steady,594.735,0.9075
prefillq2048_b1_h8192_dense_steady,prefill,flashinfer_fa3_dense_bf16,steady,583.973,0.8910
prefillq2048_b2_h131072_dense_steady,prefill,flashinfer_fa3_dense_bf16,steady,583.404,0.8902
prefillq2048_b2_h16384_dense_steady,prefill,flashinfer_fa3_dense_bf16,steady,596.276,0.9098
prefillq2048_b2_h2048_dense_steady,prefill,flashinfer_fa3_dense_bf16,steady,619.574,0.9454
prefillq2048_b2_h262144_dense_steady,prefill,flashinfer_fa3_dense_bf16,steady,582.936,0.8895
prefillq2048_b2_h32768_dense_steady,prefill,flashinfer_fa3_dense_bf16,steady,592.614,0.9042
prefillq2048_b2_h4096_dense_steady,prefill,flashinfer_fa3_dense_bf16,steady,578.332,0.8824
prefillq2048_b2_h524288_dense_steady,prefill,flashinfer_fa3_dense_bf16,steady,578.720,0.8830
prefillq2048_b2_h65536_dense_steady,prefill,flashinfer_fa3_dense_bf16,steady,592.205,0.9036
prefillq2048_b2_h8192_dense_steady,prefill,flashinfer_fa3_dense_bf16,steady,590.195,0.9005
prefillq256_b16_h131072_dense_steady,prefill,flashinfer_fa3_dense_bf16,steady,583.070,0.8897
prefillq256_b16_h32768_dense_steady,prefill,flashinfer_fa3_dense_bf16,steady,590.313,0.9007
prefillq256_b16_h65536_dense_steady,prefill,flashinfer_fa3_dense_bf16,steady,588.456,0.8979
prefillq256_b16_h8192_dense_steady,prefill,flashinfer_fa3_dense_bf16,steady,587.502,0.8964
prefillq256_b1_h131072_dense_steady,prefill,flashinfer_fa3_dense_bf16,steady,610.546,0.9316
prefillq256_b1_h32768_dense_steady,prefill,flashinfer_fa3_dense_bf16,steady,655.384,1.0000
prefillq256_b1_h65536_dense_steady,prefill,flashinfer_fa3_dense_bf16,steady,590.695,0.9013
prefillq256_b1_h8192_dense_steady,prefill,flashinfer_fa3_dense_bf16,steady,606.435,0.9253
prefillq256_b2_h131072_dense_steady,prefill,flashinfer_fa3_dense_bf16,steady,606.507,0.9254
prefillq256_b2_h32768_dense_steady,prefill,flashinfer_fa3_dense_bf16,steady,609.114,0.9294
prefillq256_b2_h65536_dense_steady,prefill,flashinfer_fa3_dense_bf16,steady,603.636,0.9210
prefillq256_b2_h8192_dense_steady,prefill,flashinfer_fa3_dense_bf16,steady,632.633,0.9653
prefillq256_b32_h131072_dense_steady,prefill,flashinfer_fa3_dense_bf16,steady,585.548,0.8934
prefillq256_b32_h32768_dense_steady,prefill,flashinfer_fa3_dense_bf16,steady,595.898,0.9092
prefillq256_b32_h65536_dense_steady,prefill,flashinfer_fa3_dense_bf16,steady,586.438,0.8948
prefillq256_b32_h8192_dense_steady,prefill,flashinfer_fa3_dense_bf16,steady,598.253,0.9128
prefillq256_b4_h131072_dense_steady,prefill,flashinfer_fa3_dense_bf16,steady,590.281,0.9007
prefillq256_b4_h32768_dense_steady,prefill,flashinfer_fa3_dense_bf16,steady,589.635,0.8997
prefillq256_b4_h65536_dense_steady,prefill,flashinfer_fa3_dense_bf16,steady,605.570,0.9240
prefillq256_b4_h8192_dense_steady,prefill,flashinfer_fa3_dense_bf16,steady,597.253,0.9113
prefillq256_b8_h131072_dense_steady,prefill,flashinfer_fa3_dense_bf16,steady,591.132,0.9020
prefillq256_b8_h32768_dense_steady,prefill,flashinfer_fa3_dense_bf16,steady,598.767,0.9136
prefillq256_b8_h4096_dense_steady,prefill,flashinfer_fa3_dense_bf16,steady,584.095,0.8912
prefillq256_b8_h65536_dense_steady,prefill,flashinfer_fa3_dense_bf16,steady,600.132,0.9157
prefillq256_b8_h8192_dense_steady,prefill,flashinfer_fa3_dense_bf16,steady,573.592,0.8752
prefillq32768_b1_h131072_dense_steady,prefill,flashinfer_fa3_dense_bf16,steady,582.906,0.8894
prefillq32768_b1_h16384_dense_steady,prefill,flashinfer_fa3_dense_bf16,steady,582.383,0.8886
prefillq32768_b1_h2048_dense_steady,prefill,flashinfer_fa3_dense_bf16,steady,584.052,0.8912
prefillq32768_b1_h262144_dense_steady,prefill,flashinfer_fa3_dense_bf16,steady,581.039,0.8866
prefillq32768_b1_h32768_dense_steady,prefill,flashinfer_fa3_dense_bf16,steady,582.623,0.8890
prefillq32768_b1_h4096_dense_steady,prefill,flashinfer_fa3_dense_bf16,steady,585.030,0.8927
prefillq32768_b1_h524288_dense_steady,prefill,flashinfer_fa3_dense_bf16,steady,580.183,0.8853
prefillq32768_b1_h65536_dense_steady,prefill,flashinfer_fa3_dense_bf16,steady,585.778,0.8938
prefillq32768_b1_h8192_dense_steady,prefill,flashinfer_fa3_dense_bf16,steady,588.535,0.8980
prefillq4096_b1_h131072_dense_steady,prefill,flashinfer_fa3_dense_bf16,steady,586.233,0.8945
prefillq4096_b1_h16384_dense_steady,prefill,flashinfer_fa3_dense_bf16,steady,597.316,0.9114
prefillq4096_b1_h2048_dense_steady,prefill,flashinfer_fa3_dense_bf16,steady,562.987,0.8590
prefillq4096_b1_h262144_dense_steady,prefill,flashinfer_fa3_dense_bf16,steady,582.536,0.8888
prefillq4096_b1_h32768_dense_steady,prefill,flashinfer_fa3_dense_bf16,steady,594.712,0.9074
prefillq4096_b1_h4096_dense_steady,prefill,flashinfer_fa3_dense_bf16,steady,579.999,0.8850
prefillq4096_b1_h524288_dense_steady,prefill,flashinfer_fa3_dense_bf16,steady,578.759,0.8831
prefillq4096_b1_h65536_dense_steady,prefill,flashinfer_fa3_dense_bf16,steady,593.663,0.9058
prefillq4096_b1_h8192_dense_steady,prefill,flashinfer_fa3_dense_bf16,steady,600.384,0.9161
prefillq4096_b2_h131072_dense_steady,prefill,flashinfer_fa3_dense_bf16,steady,587.331,0.8962
prefillq4096_b2_h16384_dense_steady,prefill,flashinfer_fa3_dense_bf16,steady,587.395,0.8963
prefillq4096_b2_h2048_dense_steady,prefill,flashinfer_fa3_dense_bf16,steady,583.571,0.8904
prefillq4096_b2_h262144_dense_steady,prefill,flashinfer_fa3_dense_bf16,steady,584.254,0.8915
prefillq4096_b2_h32768_dense_steady,prefill,flashinfer_fa3_dense_bf16,steady,598.832,0.9137
prefillq4096_b2_h4096_dense_steady,prefill,flashinfer_fa3_dense_bf16,steady,593.734,0.9059
prefillq4096_b2_h524288_dense_steady,prefill,flashinfer_fa3_dense_bf16,steady,582.817,0.8893
prefillq4096_b2_h65536_dense_steady,prefill,flashinfer_fa3_dense_bf16,steady,592.573,0.9042
prefillq4096_b2_h8192_dense_steady,prefill,flashinfer_fa3_dense_bf16,steady,602.587,0.9194
prefillq64_b128_h131072_dense_steady,prefill,flashinfer_fa3_dense_bf16,steady,580.660,0.8860
prefillq64_b128_h32768_dense_steady,prefill,flashinfer_fa3_dense_bf16,steady,592.623,0.9042
prefillq64_b128_h65536_dense_steady,prefill,flashinfer_fa3_dense_bf16,steady,575.394,0.8779
prefillq64_b128_h8192_dense_steady,prefill,flashinfer_fa3_dense_bf16,steady,590.851,0.9015
prefillq64_b16_h131072_dense_steady,prefill,flashinfer_fa3_dense_bf16,steady,595.829,0.9091
prefillq64_b16_h32768_dense_steady,prefill,flashinfer_fa3_dense_bf16,steady,594.171,0.9066
prefillq64_b16_h65536_dense_steady,prefill,flashinfer_fa3_dense_bf16,steady,604.775,0.9228
prefillq64_b16_h8192_dense_steady,prefill,flashinfer_fa3_dense_bf16,steady,590.001,0.9002
prefillq64_b1_h131072_dense_steady,prefill,flashinfer_fa3_dense_bf16,steady,587.957,0.8971
prefillq64_b1_h32768_dense_steady,prefill,flashinfer_fa3_dense_bf16,steady,573.860,0.8756
prefillq64_b1_h65536_dense_steady,prefill,flashinfer_fa3_dense_bf16,steady,592.597,0.9042
prefillq64_b1_h8192_dense_steady,prefill,flashinfer_fa3_dense_bf16,steady,478.636,0.7303
prefillq64_b2_h131072_dense_steady,prefill,flashinfer_fa3_dense_bf16,steady,554.937,0.8467
prefillq64_b2_h32768_dense_steady,prefill,flashinfer_fa3_dense_bf16,steady,582.106,0.8882
prefillq64_b2_h65536_dense_steady,prefill,flashinfer_fa3_dense_bf16,steady,560.540,0.8553
prefillq64_b2_h8192_dense_steady,prefill,flashinfer_fa3_dense_bf16,steady,510.987,0.7797
prefillq64_b32_h131072_dense_steady,prefill,flashinfer_fa3_dense_bf16,steady,589.382,0.8993
prefillq64_b32_h32768_dense_steady,prefill,flashinfer_fa3_dense_bf16,steady,602.797,0.9198
prefillq64_b32_h65536_dense_steady,prefill,flashinfer_fa3_dense_bf16,steady,588.691,0.8982
prefillq64_b32_h8192_dense_steady,prefill,flashinfer_fa3_dense_bf16,steady,572.639,0.8737
prefillq64_b4_h131072_dense_steady,prefill,flashinfer_fa3_dense_bf16,steady,600.513,0.9163
prefillq64_b4_h32768_dense_steady,prefill,flashinfer_fa3_dense_bf16,steady,640.136,0.9767
prefillq64_b4_h65536_dense_steady,prefill,flashinfer_fa3_dense_bf16,steady,623.917,0.9520
prefillq64_b4_h8192_dense_steady,prefill,flashinfer_fa3_dense_bf16,steady,619.667,0.9455
prefillq64_b64_h131072_dense_steady,prefill,flashinfer_fa3_dense_bf16,steady,581.720,0.8876
prefillq64_b64_h32768_dense_steady,prefill,flashinfer_fa3_dense_bf16,steady,594.158,0.9066
prefillq64_b64_h65536_dense_steady,prefill,flashinfer_fa3_dense_bf16,steady,593.849,0.9061
prefillq64_b64_h8192_dense_steady,prefill,flashinfer_fa3_dense_bf16,steady,575.288,0.8778
prefillq64_b8_h131072_dense_steady,prefill,flashinfer_fa3_dense_bf16,steady,601.204,0.9173
prefillq64_b8_h32768_dense_steady,prefill,flashinfer_fa3_dense_bf16,steady,583.747,0.8907
prefillq64_b8_h65536_dense_steady,prefill,flashinfer_fa3_dense_bf16,steady,593.746,0.9060
prefillq64_b8_h8192_dense_steady,prefill,flashinfer_fa3_dense_bf16,steady,626.552,0.9560
prefillq8192_b1_h131072_dense_steady,prefill,flashinfer_fa3_dense_bf16,steady,585.952,0.8941
prefillq8192_b1_h16384_dense_steady,prefill,flashinfer_fa3_dense_bf16,steady,592.845,0.9046
prefillq8192_b1_h2048_dense_steady,prefill,flashinfer_fa3_dense_bf16,steady,590.740,0.9014
prefillq8192_b1_h262144_dense_steady,prefill,flashinfer_fa3_dense_bf16,steady,583.267,0.8900
prefillq8192_b1_h32768_dense_steady,prefill,flashinfer_fa3_dense_bf16,steady,577.710,0.8815
prefillq8192_b1_h4096_dense_steady,prefill,flashinfer_fa3_dense_bf16,steady,596.127,0.9096
prefillq8192_b1_h524288_dense_steady,prefill,flashinfer_fa3_dense_bf16,steady,583.470,0.8903
prefillq8192_b1_h65536_dense_steady,prefill,flashinfer_fa3_dense_bf16,steady,590.836,0.9015
prefillq8192_b1_h8192_dense_steady,prefill,flashinfer_fa3_dense_bf16,steady,598.481,0.9132
prefillq8192_b2_h131072_dense_steady,prefill,flashinfer_fa3_dense_bf16,steady,585.867,0.8939
prefillq8192_b2_h16384_dense_steady,prefill,flashinfer_fa3_dense_bf16,steady,590.695,0.9013
prefillq8192_b2_h2048_dense_steady,prefill,flashinfer_fa3_dense_bf16,steady,578.506,0.8827
prefillq8192_b2_h262144_dense_steady,prefill,flashinfer_fa3_dense_bf16,steady,583.593,0.8905
prefillq8192_b2_h32768_dense_steady,prefill,flashinfer_fa3_dense_bf16,steady,580.910,0.8864
prefillq8192_b2_h4096_dense_steady,prefill,flashinfer_fa3_dense_bf16,steady,586.121,0.8943
prefillq8192_b2_h65536_dense_steady,prefill,flashinfer_fa3_dense_bf16,steady,584.648,0.8921
prefillq8192_b2_h8192_dense_steady,prefill,flashinfer_fa3_dense_bf16,steady,592.073,0.9034
prefillq1024_b128_h131072_dense_flashmla_multiquery_steady,prefill,flashmla_dense_bf16_multiquery,steady,602.246,0.5230
prefillq1024_b128_h16384_dense_flashmla_multiquery_steady,prefill,flashmla_dense_bf16_multiquery,steady,632.632,0.5494
prefillq1024_b128_h2048_dense_flashmla_multiquery_steady,prefill,flashmla_dense_bf16_multiquery,steady,738.702,0.6415
prefillq1024_b128_h262144_dense_flashmla_multiquery_steady,prefill,flashmla_dense_bf16_multiquery,steady,602.952,0.5236
prefillq1024_b128_h32768_dense_flashmla_multiquery_steady,prefill,flashmla_dense_bf16_multiquery,steady,607.165,0.5273
prefillq1024_b128_h4096_dense_flashmla_multiquery_steady,prefill,flashmla_dense_bf16_multiquery,steady,696.578,0.6050
prefillq1024_b128_h65536_dense_flashmla_multiquery_steady,prefill,flashmla_dense_bf16_multiquery,steady,603.418,0.5240
prefillq1024_b128_h8192_dense_flashmla_multiquery_steady,prefill,flashmla_dense_bf16_multiquery,steady,660.360,0.5735
prefillq1024_b16_h131072_dense_flashmla_multiquery_steady,prefill,flashmla_dense_bf16_multiquery,steady,611.989,0.5315
prefillq1024_b16_h16384_dense_flashmla_multiquery_steady,prefill,flashmla_dense_bf16_multiquery,steady,651.922,0.5662
prefillq1024_b16_h2048_dense_flashmla_multiquery_steady,prefill,flashmla_dense_bf16_multiquery,steady,763.685,0.6632
prefillq1024_b16_h262144_dense_flashmla_multiquery_steady,prefill,flashmla_dense_bf16_multiquery,steady,607.828,0.5279
prefillq1024_b16_h32768_dense_flashmla_multiquery_steady,prefill,flashmla_dense_bf16_multiquery,steady,627.024,0.5446
prefillq1024_b16_h4096_dense_flashmla_multiquery_steady,prefill,flashmla_dense_bf16_multiquery,steady,727.340,0.6317
prefillq1024_b16_h524288_dense_flashmla_multiquery_steady,prefill,flashmla_dense_bf16_multiquery,steady,607.860,0.5279
prefillq1024_b16_h65536_dense_flashmla_multiquery_steady,prefill,flashmla_dense_bf16_multiquery,steady,614.461,0.5336
prefillq1024_b16_h8192_dense_flashmla_multiquery_steady,prefill,flashmla_dense_bf16_multiquery,steady,642.837,0.5583
prefillq1024_b1_h131072_dense_flashmla_multiquery_steady,prefill,flashmla_dense_bf16_multiquery,steady,681.700,0.5920
prefillq1024_b1_h16384_dense_flashmla_multiquery_steady,prefill,flashmla_dense_bf16_multiquery,steady,757.377,0.6578
prefillq1024_b1_h2048_dense_flashmla_multiquery_steady,prefill,flashmla_dense_bf16_multiquery,steady,805.272,0.6994
prefillq1024_b1_h262144_dense_flashmla_multiquery_steady,prefill,flashmla_dense_bf16_multiquery,steady,657.216,0.5708
prefillq1024_b1_h32768_dense_flashmla_multiquery_steady,prefill,flashmla_dense_bf16_multiquery,steady,709.092,0.6158
prefillq1024_b1_h4096_dense_flashmla_multiquery_steady,prefill,flashmla_dense_bf16_multiquery,steady,804.573,0.6987
prefillq1024_b1_h524288_dense_flashmla_multiquery_steady,prefill,flashmla_dense_bf16_multiquery,steady,648.443,0.5632
prefillq1024_b1_h65536_dense_flashmla_multiquery_steady,prefill,flashmla_dense_bf16_multiquery,steady,673.748,0.5851
prefillq1024_b1_h8192_dense_flashmla_multiquery_steady,prefill,flashmla_dense_bf16_multiquery,steady,789.218,0.6854
prefillq1024_b256_h16384_dense_flashmla_multiquery_steady,prefill,flashmla_dense_bf16_multiquery,steady,629.779,0.5469
prefillq1024_b256_h2048_dense_flashmla_multiquery_steady,prefill,flashmla_dense_bf16_multiquery,steady,714.662,0.6207
prefillq1024_b256_h32768_dense_flashmla_multiquery_steady,prefill,flashmla_dense_bf16_multiquery,steady,609.140,0.5290
prefillq1024_b256_h4096_dense_flashmla_multiquery_steady,prefill,flashmla_dense_bf16_multiquery,steady,683.302,0.5934
prefillq1024_b256_h8192_dense_flashmla_multiquery_steady,prefill,flashmla_dense_bf16_multiquery,steady,655.581,0.5694
prefillq1024_b2_h131072_dense_flashmla_multiquery_steady,prefill,flashmla_dense_bf16_multiquery,steady,659.212,0.5725
prefillq1024_b2_h16384_dense_flashmla_multiquery_steady,prefill,flashmla_dense_bf16_multiquery,steady,701.371,0.6091
prefillq1024_b2_h2048_dense_flashmla_multiquery_steady,prefill,flashmla_dense_bf16_multiquery,steady,800.819,0.6955
prefillq1024_b2_h262144_dense_flashmla_multiquery_steady,prefill,flashmla_dense_bf16_multiquery,steady,640.674,0.5564
prefillq1024_b2_h32768_dense_flashmla_multiquery_steady,prefill,flashmla_dense_bf16_multiquery,steady,689.218,0.5986
prefillq1024_b2_h4096_dense_flashmla_multiquery_steady,prefill,flashmla_dense_bf16_multiquery,steady,805.433,0.6995
prefillq1024_b2_h524288_dense_flashmla_multiquery_steady,prefill,flashmla_dense_bf16_multiquery,steady,627.259,0.5448
prefillq1024_b2_h65536_dense_flashmla_multiquery_steady,prefill,flashmla_dense_bf16_multiquery,steady,676.871,0.5878
prefillq1024_b2_h8192_dense_flashmla_multiquery_steady,prefill,flashmla_dense_bf16_multiquery,steady,765.804,0.6651
prefillq1024_b32_h131072_dense_flashmla_multiquery_steady,prefill,flashmla_dense_bf16_multiquery,steady,607.313,0.5274
prefillq1024_b32_h16384_dense_flashmla_multiquery_steady,prefill,flashmla_dense_bf16_multiquery,steady,636.230,0.5525
prefillq1024_b32_h2048_dense_flashmla_multiquery_steady,prefill,flashmla_dense_bf16_multiquery,steady,725.156,0.6298
prefillq1024_b32_h262144_dense_flashmla_multiquery_steady,prefill,flashmla_dense_bf16_multiquery,steady,606.459,0.5267
prefillq1024_b32_h32768_dense_flashmla_multiquery_steady,prefill,flashmla_dense_bf16_multiquery,steady,619.038,0.5376
prefillq1024_b32_h4096_dense_flashmla_multiquery_steady,prefill,flashmla_dense_bf16_multiquery,steady,686.420,0.5961
prefillq1024_b32_h524288_dense_flashmla_multiquery_steady,prefill,flashmla_dense_bf16_multiquery,steady,607.436,0.5275
prefillq1024_b32_h65536_dense_flashmla_multiquery_steady,prefill,flashmla_dense_bf16_multiquery,steady,610.376,0.5301
prefillq1024_b32_h8192_dense_flashmla_multiquery_steady,prefill,flashmla_dense_bf16_multiquery,steady,667.752,0.5799
prefillq1024_b4_h131072_dense_flashmla_multiquery_steady,prefill,flashmla_dense_bf16_multiquery,steady,635.984,0.5523
prefillq1024_b4_h16384_dense_flashmla_multiquery_steady,prefill,flashmla_dense_bf16_multiquery,steady,698.182,0.6063
prefillq1024_b4_h2048_dense_flashmla_multiquery_steady,prefill,flashmla_dense_bf16_multiquery,steady,822.419,0.7142
prefillq1024_b4_h262144_dense_flashmla_multiquery_steady,prefill,flashmla_dense_bf16_multiquery,steady,623.607,0.5416
prefillq1024_b4_h32768_dense_flashmla_multiquery_steady,prefill,flashmla_dense_bf16_multiquery,steady,660.426,0.5736
prefillq1024_b4_h4096_dense_flashmla_multiquery_steady,prefill,flashmla_dense_bf16_multiquery,steady,753.390,0.6543
prefillq1024_b4_h524288_dense_flashmla_multiquery_steady,prefill,flashmla_dense_bf16_multiquery,steady,615.931,0.5349
prefillq1024_b4_h65536_dense_flashmla_multiquery_steady,prefill,flashmla_dense_bf16_multiquery,steady,655.936,0.5697
prefillq1024_b4_h8192_dense_flashmla_multiquery_steady,prefill,flashmla_dense_bf16_multiquery,steady,702.263,0.6099
prefillq1024_b64_h131072_dense_flashmla_multiquery_steady,prefill,flashmla_dense_bf16_multiquery,steady,604.771,0.5252
prefillq1024_b64_h16384_dense_flashmla_multiquery_steady,prefill,flashmla_dense_bf16_multiquery,steady,634.404,0.5510
prefillq1024_b64_h2048_dense_flashmla_multiquery_steady,prefill,flashmla_dense_bf16_multiquery,steady,750.598,0.6519
prefillq1024_b64_h262144_dense_flashmla_multiquery_steady,prefill,flashmla_dense_bf16_multiquery,steady,604.774,0.5252
prefillq1024_b64_h32768_dense_flashmla_multiquery_steady,prefill,flashmla_dense_bf16_multiquery,steady,612.967,0.5323
prefillq1024_b64_h4096_dense_flashmla_multiquery_steady,prefill,flashmla_dense_bf16_multiquery,steady,681.346,0.5917
prefillq1024_b64_h524288_dense_flashmla_multiquery_steady,prefill,flashmla_dense_bf16_multiquery,steady,604.389,0.5249
prefillq1024_b64_h65536_dense_flashmla_multiquery_steady,prefill,flashmla_dense_bf16_multiquery,steady,605.569,0.5259
prefillq1024_b64_h8192_dense_flashmla_multiquery_steady,prefill,flashmla_dense_bf16_multiquery,steady,668.426,0.5805
prefillq1024_b8_h131072_dense_flashmla_multiquery_steady,prefill,flashmla_dense_bf16_multiquery,steady,622.676,0.5408
prefillq1024_b8_h16384_dense_flashmla_multiquery_steady,prefill,flashmla_dense_bf16_multiquery,steady,645.659,0.5607
prefillq1024_b8_h2048_dense_flashmla_multiquery_steady,prefill,flashmla_dense_bf16_multiquery,steady,824.639,0.7162
prefillq1024_b8_h262144_dense_flashmla_multiquery_steady,prefill,flashmla_dense_bf16_multiquery,steady,614.315,0.5335
prefillq1024_b8_h32768_dense_flashmla_multiquery_steady,prefill,flashmla_dense_bf16_multiquery,steady,650.374,0.5648
prefillq1024_b8_h4096_dense_flashmla_multiquery_steady,prefill,flashmla_dense_bf16_multiquery,steady,737.582,0.6406
prefillq1024_b8_h524288_dense_flashmla_multiquery_steady,prefill,flashmla_dense_bf16_multiquery,steady,610.083,0.5298
prefillq1024_b8_h65536_dense_flashmla_multiquery_steady,prefill,flashmla_dense_bf16_multiquery,steady,629.367,0.5466
prefillq1024_b8_h8192_dense_flashmla_multiquery_steady,prefill,flashmla_dense_bf16_multiquery,steady,706.557,0.6136
prefillq128_b128_h131072_dense_flashmla_multiquery_steady,prefill,flashmla_dense_bf16_multiquery,steady,608.308,0.5283
prefillq128_b128_h16384_dense_flashmla_multiquery_steady,prefill,flashmla_dense_bf16_multiquery,steady,617.650,0.5364
prefillq128_b128_h2048_dense_flashmla_multiquery_steady,prefill,flashmla_dense_bf16_multiquery,steady,642.433,0.5579
prefillq128_b128_h262144_dense_flashmla_multiquery_steady,prefill,flashmla_dense_bf16_multiquery,steady,605.575,0.5259
prefillq128_b128_h32768_dense_flashmla_multiquery_steady,prefill,flashmla_dense_bf16_multiquery,steady,616.443,0.5354
prefillq128_b128_h4096_dense_flashmla_multiquery_steady,prefill,flashmla_dense_bf16_multiquery,steady,663.712,0.5764
prefillq128_b128_h524288_dense_flashmla_multiquery_steady,prefill,flashmla_dense_bf16_multiquery,steady,603.231,0.5239
prefillq128_b128_h65536_dense_flashmla_multiquery_steady,prefill,flashmla_dense_bf16_multiquery,steady,606.812,0.5270
prefillq128_b128_h8192_dense_flashmla_multiquery_steady,prefill,flashmla_dense_bf16_multiquery,steady,612.270,0.5317
prefillq128_b16_h131072_dense_flashmla_multiquery_steady,prefill,flashmla_dense_bf16_multiquery,steady,640.646,0.5564
prefillq128_b16_h16384_dense_flashmla_multiquery_steady,prefill,flashmla_dense_bf16_multiquery,steady,682.032,0.5923
prefillq128_b16_h2048_dense_flashmla_multiquery_steady,prefill,flashmla_dense_bf16_multiquery,steady,668.755,0.5808
prefillq128_b16_h262144_dense_flashmla_multiquery_steady,prefill,flashmla_dense_bf16_multiquery,steady,630.438,0.5475
prefillq128_b16_h32768_dense_flashmla_multiquery_steady,prefill,flashmla_dense_bf16_multiquery,steady,654.870,0.5687
prefillq128_b16_h4096_dense_flashmla_multiquery_steady,prefill,flashmla_dense_bf16_multiquery,steady,722.236,0.6272
prefillq128_b16_h524288_dense_flashmla_multiquery_steady,prefill,flashmla_dense_bf16_multiquery,steady,623.533,0.5415
prefillq128_b16_h65536_dense_flashmla_multiquery_steady,prefill,flashmla_dense_bf16_multiquery,steady,660.427,0.5736
prefillq128_b16_h8192_dense_flashmla_multiquery_steady,prefill,flashmla_dense_bf16_multiquery,steady,725.159,0.6298
prefillq128_b1_h131072_dense_flashmla_multiquery_steady,prefill,flashmla_dense_bf16_multiquery,steady,742.920,0.6452
prefillq128_b1_h16384_dense_flashmla_multiquery_steady,prefill,flashmla_dense_bf16_multiquery,steady,739.992,0.6427
prefillq128_b1_h2048_dense_flashmla_multiquery_steady,prefill,flashmla_dense_bf16_multiquery,steady,668.550,0.5806
prefillq128_b1_h262144_dense_flashmla_multiquery_steady,prefill,flashmla_dense_bf16_multiquery,steady,682.145,0.5924
prefillq128_b1_h32768_dense_flashmla_multiquery_steady,prefill,flashmla_dense_bf16_multiquery,steady,739.144,0.6419
prefillq128_b1_h4096_dense_flashmla_multiquery_steady,prefill,flashmla_dense_bf16_multiquery,steady,717.004,0.6227
prefillq128_b1_h524288_dense_flashmla_multiquery_steady,prefill,flashmla_dense_bf16_multiquery,steady,677.403,0.5883
prefillq128_b1_h65536_dense_flashmla_multiquery_steady,prefill,flashmla_dense_bf16_multiquery,steady,739.600,0.6423
prefillq128_b1_h8192_dense_flashmla_multiquery_steady,prefill,flashmla_dense_bf16_multiquery,steady,731.233,0.6351
prefillq128_b256_h131072_dense_flashmla_multiquery_steady,prefill,flashmla_dense_bf16_multiquery,steady,603.056,0.5237
prefillq128_b256_h16384_dense_flashmla_multiquery_steady,prefill,flashmla_dense_bf16_multiquery,steady,619.600,0.5381
prefillq128_b256_h2048_dense_flashmla_multiquery_steady,prefill,flashmla_dense_bf16_multiquery,steady,651.277,0.5656
prefillq128_b256_h32768_dense_flashmla_multiquery_steady,prefill,flashmla_dense_bf16_multiquery,steady,603.047,0.5237
prefillq128_b256_h4096_dense_flashmla_multiquery_steady,prefill,flashmla_dense_bf16_multiquery,steady,656.649,0.5703
prefillq128_b256_h65536_dense_flashmla_multiquery_steady,prefill,flashmla_dense_bf16_multiquery,steady,603.926,0.5245
prefillq128_b256_h8192_dense_flashmla_multiquery_steady,prefill,flashmla_dense_bf16_multiquery,steady,644.999,0.5602
prefillq128_b2_h131072_dense_flashmla_multiquery_steady,prefill,flashmla_dense_bf16_multiquery,steady,680.474,0.5910
prefillq128_b2_h16384_dense_flashmla_multiquery_steady,prefill,flashmla_dense_bf16_multiquery,steady,754.777,0.6555
prefillq128_b2_h2048_dense_flashmla_multiquery_steady,prefill,flashmla_dense_bf16_multiquery,steady,604.598,0.5251
prefillq128_b2_h262144_dense_flashmla_multiquery_steady,prefill,flashmla_dense_bf16_multiquery,steady,686.324,0.5960
prefillq128_b2_h32768_dense_flashmla_multiquery_steady,prefill,flashmla_dense_bf16_multiquery,steady,751.694,0.6528
prefillq128_b2_h4096_dense_flashmla_multiquery_steady,prefill,flashmla_dense_bf16_multiquery,steady,709.493,0.6162
prefillq128_b2_h524288_dense_flashmla_multiquery_steady,prefill,flashmla_dense_bf16_multiquery,steady,662.386,0.5753
prefillq128_b2_h65536_dense_flashmla_multiquery_steady,prefill,flashmla_dense_bf16_multiquery,steady,749.353,0.6508
prefillq128_b2_h8192_dense_flashmla_multiquery_steady,prefill,flashmla_dense_bf16_multiquery,steady,735.565,0.6388
prefillq128_b32_h131072_dense_flashmla_multiquery_steady,prefill,flashmla_dense_bf16_multiquery,steady,628.855,0.5461
prefillq128_b32_h16384_dense_flashmla_multiquery_steady,prefill,flashmla_dense_bf16_multiquery,steady,648.166,0.5629
prefillq128_b32_h2048_dense_flashmla_multiquery_steady,prefill,flashmla_dense_bf16_multiquery,steady,689.778,0.5990
prefillq128_b32_h262144_dense_flashmla_multiquery_steady,prefill,flashmla_dense_bf16_multiquery,steady,613.683,0.5330
prefillq128_b32_h32768_dense_flashmla_multiquery_steady,prefill,flashmla_dense_bf16_multiquery,steady,607.996,0.5280
prefillq128_b32_h4096_dense_flashmla_multiquery_steady,prefill,flashmla_dense_bf16_multiquery,steady,710.018,0.6166
prefillq128_b32_h524288_dense_flashmla_multiquery_steady,prefill,flashmla_dense_bf16_multiquery,steady,607.744,0.5278
prefillq128_b32_h65536_dense_flashmla_multiquery_steady,prefill,flashmla_dense_bf16_multiquery,steady,644.693,0.5599
prefillq128_b32_h8192_dense_flashmla_multiquery_steady,prefill,flashmla_dense_bf16_multiquery,steady,694.881,0.6035
prefillq128_b4_h131072_dense_flashmla_multiquery_steady,prefill,flashmla_dense_bf16_multiquery,steady,651.794,0.5661
prefillq128_b4_h16384_dense_flashmla_multiquery_steady,prefill,flashmla_dense_bf16_multiquery,steady,750.379,0.6517
prefillq128_b4_h2048_dense_flashmla_multiquery_steady,prefill,flashmla_dense_bf16_multiquery,steady,649.283,0.5639
prefillq128_b4_h262144_dense_flashmla_multiquery_steady,prefill,flashmla_dense_bf16_multiquery,steady,661.011,0.5741
prefillq128_b4_h32768_dense_flashmla_multiquery_steady,prefill,flashmla_dense_bf16_multiquery,steady,723.091,0.6280
prefillq128_b4_h4096_dense_flashmla_multiquery_steady,prefill,flashmla_dense_bf16_multiquery,steady,709.260,0.6160
prefillq128_b4_h524288_dense_flashmla_multiquery_steady,prefill,flashmla_dense_bf16_multiquery,steady,646.252,0.5612
prefillq128_b4_h65536_dense_flashmla_multiquery_steady,prefill,flashmla_dense_bf16_multiquery,steady,693.309,0.6021
prefillq128_b4_h8192_dense_flashmla_multiquery_steady,prefill,flashmla_dense_bf16_multiquery,steady,737.648,0.6406
prefillq128_b64_h131072_dense_flashmla_multiquery_steady,prefill,flashmla_dense_bf16_multiquery,steady,614.328,0.5335
prefillq128_b64_h16384_dense_flashmla_multiquery_steady,prefill,flashmla_dense_bf16_multiquery,steady,604.287,0.5248
prefillq128_b64_h2048_dense_flashmla_multiquery_steady,prefill,flashmla_dense_bf16_multiquery,steady,680.475,0.5910
prefillq128_b64_h262144_dense_flashmla_multiquery_steady,prefill,flashmla_dense_bf16_multiquery,steady,607.500,0.5276
prefillq128_b64_h32768_dense_flashmla_multiquery_steady,prefill,flashmla_dense_bf16_multiquery,steady,635.559,0.5520
prefillq128_b64_h4096_dense_flashmla_multiquery_steady,prefill,flashmla_dense_bf16_multiquery,steady,689.953,0.5992
prefillq128_b64_h524288_dense_flashmla_multiquery_steady,prefill,flashmla_dense_bf16_multiquery,steady,604.742,0.5252
prefillq128_b64_h65536_dense_flashmla_multiquery_steady,prefill,flashmla_dense_bf16_multiquery,steady,621.857,0.5401
prefillq128_b64_h8192_dense_flashmla_multiquery_steady,prefill,flashmla_dense_bf16_multiquery,steady,669.785,0.5817
prefillq128_b8_h131072_dense_flashmla_multiquery_steady,prefill,flashmla_dense_bf16_multiquery,steady,650.082,0.5646
prefillq128_b8_h16384_dense_flashmla_multiquery_steady,prefill,flashmla_dense_bf16_multiquery,steady,715.181,0.6211
prefillq128_b8_h2048_dense_flashmla_multiquery_steady,prefill,flashmla_dense_bf16_multiquery,steady,653.408,0.5675
prefillq128_b8_h262144_dense_flashmla_multiquery_steady,prefill,flashmla_dense_bf16_multiquery,steady,647.681,0.5625
prefillq128_b8_h32768_dense_flashmla_multiquery_steady,prefill,flashmla_dense_bf16_multiquery,steady,690.149,0.5994
prefillq128_b8_h4096_dense_flashmla_multiquery_steady,prefill,flashmla_dense_bf16_multiquery,steady,721.115,0.6263
prefillq128_b8_h524288_dense_flashmla_multiquery_steady,prefill,flashmla_dense_bf16_multiquery,steady,637.596,0.5537
prefillq128_b8_h65536_dense_flashmla_multiquery_steady,prefill,flashmla_dense_bf16_multiquery,steady,669.510,0.5814
prefillq128_b8_h8192_dense_flashmla_multiquery_steady,prefill,flashmla_dense_bf16_multiquery,steady,746.379,0.6482
prefillq16384_b16_h131072_dense_flashmla_multiquery_steady,prefill,flashmla_dense_bf16_multiquery,steady,635.872,0.5522
prefillq16384_b16_h16384_dense_flashmla_multiquery_steady,prefill,flashmla_dense_bf16_multiquery,steady,798.316,0.6933
prefillq16384_b16_h2048_dense_flashmla_multiquery_steady,prefill,flashmla_dense_bf16_multiquery,steady,1076.454,0.9349
prefillq16384_b16_h262144_dense_flashmla_multiquery_steady,prefill,flashmla_dense_bf16_multiquery,steady,621.283,0.5396
prefillq16384_b16_h32768_dense_flashmla_multiquery_steady,prefill,flashmla_dense_bf16_multiquery,steady,712.654,0.6189
prefillq16384_b16_h4096_dense_flashmla_multiquery_steady,prefill,flashmla_dense_bf16_multiquery,steady,1005.362,0.8731
prefillq16384_b16_h524288_dense_flashmla_multiquery_steady,prefill,flashmla_dense_bf16_multiquery,steady,610.811,0.5305
prefillq16384_b16_h65536_dense_flashmla_multiquery_steady,prefill,flashmla_dense_bf16_multiquery,steady,665.140,0.5777
prefillq16384_b16_h8192_dense_flashmla_multiquery_steady,prefill,flashmla_dense_bf16_multiquery,steady,905.896,0.7867
prefillq16384_b1_h131072_dense_flashmla_multiquery_steady,prefill,flashmla_dense_bf16_multiquery,steady,655.996,0.5697
prefillq16384_b1_h16384_dense_flashmla_multiquery_steady,prefill,flashmla_dense_bf16_multiquery,steady,838.424,0.7281
prefillq16384_b1_h2048_dense_flashmla_multiquery_steady,prefill,flashmla_dense_bf16_multiquery,steady,1123.763,0.9760
prefillq16384_b1_h262144_dense_flashmla_multiquery_steady,prefill,flashmla_dense_bf16_multiquery,steady,640.417,0.5562
prefillq16384_b1_h32768_dense_flashmla_multiquery_steady,prefill,flashmla_dense_bf16_multiquery,steady,740.935,0.6435
prefillq16384_b1_h4096_dense_flashmla_multiquery_steady,prefill,flashmla_dense_bf16_multiquery,steady,1099.383,0.9548
prefillq16384_b1_h524288_dense_flashmla_multiquery_steady,prefill,flashmla_dense_bf16_multiquery,steady,628.265,0.5456
prefillq16384_b1_h65536_dense_flashmla_multiquery_steady,prefill,flashmla_dense_bf16_multiquery,steady,692.941,0.6018
prefillq16384_b1_h8192_dense_flashmla_multiquery_steady,prefill,flashmla_dense_bf16_multiquery,steady,986.424,0.8567
prefillq16384_b2_h131072_dense_flashmla_multiquery_steady,prefill,flashmla_dense_bf16_multiquery,steady,651.333,0.5657
prefillq16384_b2_h16384_dense_flashmla_multiquery_steady,prefill,flashmla_dense_bf16_multiquery,steady,823.507,0.7152
prefillq16384_b2_h2048_dense_flashmla_multiquery_steady,prefill,flashmla_dense_bf16_multiquery,steady,1082.292,0.9399
prefillq16384_b2_h262144_dense_flashmla_multiquery_steady,prefill,flashmla_dense_bf16_multiquery,steady,628.584,0.5459
prefillq16384_b2_h32768_dense_flashmla_multiquery_steady,prefill,flashmla_dense_bf16_multiquery,steady,741.012,0.6435
prefillq16384_b2_h4096_dense_flashmla_multiquery_steady,prefill,flashmla_dense_bf16_multiquery,steady,1028.590,0.8933
prefillq16384_b2_h524288_dense_flashmla_multiquery_steady,prefill,flashmla_dense_bf16_multiquery,steady,626.053,0.5437
prefillq16384_b2_h65536_dense_flashmla_multiquery_steady,prefill,flashmla_dense_bf16_multiquery,steady,682.827,0.5930
prefillq16384_b2_h8192_dense_flashmla_multiquery_steady,prefill,flashmla_dense_bf16_multiquery,steady,935.927,0.8128
prefillq16384_b4_h131072_dense_flashmla_multiquery_steady,prefill,flashmla_dense_bf16_multiquery,steady,636.486,0.5528
prefillq16384_b4_h16384_dense_flashmla_multiquery_steady,prefill,flashmla_dense_bf16_multiquery,steady,808.079,0.7018
prefillq16384_b4_h2048_dense_flashmla_multiquery_steady,prefill,flashmla_dense_bf16_multiquery,steady,1088.484,0.9453
prefillq16384_b4_h262144_dense_flashmla_multiquery_steady,prefill,flashmla_dense_bf16_multiquery,steady,621.061,0.5394
prefillq16384_b4_h32768_dense_flashmla_multiquery_steady,prefill,flashmla_dense_bf16_multiquery,steady,720.956,0.6261
prefillq16384_b4_h4096_dense_flashmla_multiquery_steady,prefill,flashmla_dense_bf16_multiquery,steady,1018.810,0.8848
prefillq16384_b4_h524288_dense_flashmla_multiquery_steady,prefill,flashmla_dense_bf16_multiquery,steady,615.385,0.5344
prefillq16384_b4_h65536_dense_flashmla_multiquery_steady,prefill,flashmla_dense_bf16_multiquery,steady,667.543,0.5797
prefillq16384_b4_h8192_dense_flashmla_multiquery_steady,prefill,flashmla_dense_bf16_multiquery,steady,923.670,0.8022
prefillq16384_b8_h131072_dense_flashmla_multiquery_steady,prefill,flashmla_dense_bf16_multiquery,steady,636.224,0.5525
prefillq16384_b8_h16384_dense_flashmla_multiquery_steady,prefill,flashmla_dense_bf16_multiquery,steady,805.847,0.6999
prefillq16384_b8_h2048_dense_flashmla_multiquery_steady,prefill,flashmla_dense_bf16_multiquery,steady,1083.369,0.9409
prefillq16384_b8_h262144_dense_flashmla_multiquery_steady,prefill,flashmla_dense_bf16_multiquery,steady,621.344,0.5396
prefillq16384_b8_h32768_dense_flashmla_multiquery_steady,prefill,flashmla_dense_bf16_multiquery,steady,716.915,0.6226
prefillq16384_b8_h4096_dense_flashmla_multiquery_steady,prefill,flashmla_dense_bf16_multiquery,steady,1010.891,0.8779
prefillq16384_b8_h524288_dense_flashmla_multiquery_steady,prefill,flashmla_dense_bf16_multiquery,steady,614.850,0.5340
prefillq16384_b8_h65536_dense_flashmla_multiquery_steady,prefill,flashmla_dense_bf16_multiquery,steady,665.621,0.5781
prefillq16384_b8_h8192_dense_flashmla_multiquery_steady,prefill,flashmla_dense_bf16_multiquery,steady,911.878,0.7919
prefillq16_b128_h131072_dense_flashmla_multiquery_steady,prefill,flashmla_dense_bf16_multiquery,steady,634.973,0.5515
prefillq16_b128_h16384_dense_flashmla_multiquery_steady,prefill,flashmla_dense_bf16_multiquery,steady,670.592,0.5824
prefillq16_b128_h2048_dense_flashmla_multiquery_steady,prefill,flashmla_dense_bf16_multiquery,steady,636.051,0.5524
prefillq16_b128_h262144_dense_flashmla_multiquery_steady,prefill,flashmla_dense_bf16_multiquery,steady,619.778,0.5383
prefillq16_b128_h32768_dense_flashmla_multiquery_steady,prefill,flashmla_dense_bf16_multiquery,steady,651.944,0.5662
prefillq16_b128_h4096_dense_flashmla_multiquery_steady,prefill,flashmla_dense_bf16_multiquery,steady,687.445,0.5970
prefillq16_b128_h524288_dense_flashmla_multiquery_steady,prefill,flashmla_dense_bf16_multiquery,steady,603.744,0.5243
prefillq16_b128_h65536_dense_flashmla_multiquery_steady,prefill,flashmla_dense_bf16_multiquery,steady,631.810,0.5487
prefillq16_b128_h8192_dense_flashmla_multiquery_steady,prefill,flashmla_dense_bf16_multiquery,steady,708.947,0.6157
prefillq16_b16_h131072_dense_flashmla_multiquery_steady,prefill,flashmla_dense_bf16_multiquery,steady,684.480,0.5944
prefillq16_b16_h16384_dense_flashmla_multiquery_steady,prefill,flashmla_dense_bf16_multiquery,steady,735.759,0.6390
prefillq16_b16_h2048_dense_flashmla_multiquery_steady,prefill,flashmla_dense_bf16_multiquery,steady,614.423,0.5336
prefillq16_b16_h262144_dense_flashmla_multiquery_steady,prefill,flashmla_dense_bf16_multiquery,steady,666.237,0.5786
prefillq16_b16_h32768_dense_flashmla_multiquery_steady,prefill,flashmla_dense_bf16_multiquery,steady,738.722,0.6416
prefillq16_b16_h4096_dense_flashmla_multiquery_steady,prefill,flashmla_dense_bf16_multiquery,steady,696.779,0.6051
prefillq16_b16_h524288_dense_flashmla_multiquery_steady,prefill,flashmla_dense_bf16_multiquery,steady,649.306,0.5639
prefillq16_b16_h65536_dense_flashmla_multiquery_steady,prefill,flashmla_dense_bf16_multiquery,steady,741.008,0.6435
prefillq16_b16_h8192_dense_flashmla_multiquery_steady,prefill,flashmla_dense_bf16_multiquery,steady,726.123,0.6306
prefillq16_b1_h131072_dense_flashmla_multiquery_steady,prefill,flashmla_dense_bf16_multiquery,steady,742.008,0.6444
prefillq16_b1_h16384_dense_flashmla_multiquery_steady,prefill,flashmla_dense_bf16_multiquery,steady,608.913,0.5288
prefillq16_b1_h2048_dense_flashmla_multiquery_steady,prefill,flashmla_dense_bf16_multiquery,steady,250.946,0.2179
prefillq16_b1_h262144_dense_flashmla_multiquery_steady,prefill,flashmla_dense_bf16_multiquery,steady,751.557,0.6527
prefillq16_b1_h32768_dense_flashmla_multiquery_steady,prefill,flashmla_dense_bf16_multiquery,steady,676.843,0.5878
prefillq16_b1_h4096_dense_flashmla_multiquery_steady,prefill,flashmla_dense_bf16_multiquery,steady,357.994,0.3109
prefillq16_b1_h524288_dense_flashmla_multiquery_steady,prefill,flashmla_dense_bf16_multiquery,steady,761.039,0.6609
prefillq16_b1_h65536_dense_flashmla_multiquery_steady,prefill,flashmla_dense_bf16_multiquery,steady,725.174,0.6298
prefillq16_b1_h8192_dense_flashmla_multiquery_steady,prefill,flashmla_dense_bf16_multiquery,steady,500.560,0.4347
prefillq16_b256_h131072_dense_flashmla_multiquery_steady,prefill,flashmla_dense_bf16_multiquery,steady,616.849,0.5357
prefillq16_b256_h16384_dense_flashmla_multiquery_steady,prefill,flashmla_dense_bf16_multiquery,steady,658.800,0.5721
prefillq16_b256_h2048_dense_flashmla_multiquery_steady,prefill,flashmla_dense_bf16_multiquery,steady,640.591,0.5563
prefillq16_b256_h262144_dense_flashmla_multiquery_steady,prefill,flashmla_dense_bf16_multiquery,steady,599.183,0.5204
prefillq16_b256_h32768_dense_flashmla_multiquery_steady,prefill,flashmla_dense_bf16_multiquery,steady,644.883,0.5601
prefillq16_b256_h4096_dense_flashmla_multiquery_steady,prefill,flashmla_dense_bf16_multiquery,steady,673.324,0.5848
prefillq16_b256_h65536_dense_flashmla_multiquery_steady,prefill,flashmla_dense_bf16_multiquery,steady,633.199,0.5499
prefillq16_b256_h8192_dense_flashmla_multiquery_steady,prefill,flashmla_dense_bf16_multiquery,steady,670.015,0.5819
prefillq16_b2_h131072_dense_flashmla_multiquery_steady,prefill,flashmla_dense_bf16_multiquery,steady,761.431,0.6613
prefillq16_b2_h16384_dense_flashmla_multiquery_steady,prefill,flashmla_dense_bf16_multiquery,steady,669.035,0.5810
prefillq16_b2_h2048_dense_flashmla_multiquery_steady,prefill,flashmla_dense_bf16_multiquery,steady,343.049,0.2979
prefillq16_b2_h262144_dense_flashmla_multiquery_steady,prefill,flashmla_dense_bf16_multiquery,steady,762.063,0.6618
prefillq16_b2_h32768_dense_flashmla_multiquery_steady,prefill,flashmla_dense_bf16_multiquery,steady,718.225,0.6238
prefillq16_b2_h4096_dense_flashmla_multiquery_steady,prefill,flashmla_dense_bf16_multiquery,steady,478.406,0.4155
prefillq16_b2_h524288_dense_flashmla_multiquery_steady,prefill,flashmla_dense_bf16_multiquery,steady,737.643,0.6406
prefillq16_b2_h65536_dense_flashmla_multiquery_steady,prefill,flashmla_dense_bf16_multiquery,steady,742.021,0.6444
prefillq16_b2_h8192_dense_flashmla_multiquery_steady,prefill,flashmla_dense_bf16_multiquery,steady,592.776,0.5148
prefillq16_b32_h131072_dense_flashmla_multiquery_steady,prefill,flashmla_dense_bf16_multiquery,steady,664.655,0.5772
prefillq16_b32_h16384_dense_flashmla_multiquery_steady,prefill,flashmla_dense_bf16_multiquery,steady,741.345,0.6438
prefillq16_b32_h2048_dense_flashmla_multiquery_steady,prefill,flashmla_dense_bf16_multiquery,steady,558.669,0.4852
prefillq16_b32_h262144_dense_flashmla_multiquery_steady,prefill,flashmla_dense_bf16_multiquery,steady,634.295,0.5509
prefillq16_b32_h32768_dense_flashmla_multiquery_steady,prefill,flashmla_dense_bf16_multiquery,steady,729.194,0.6333
prefillq16_b32_h4096_dense_flashmla_multiquery_steady,prefill,flashmla_dense_bf16_multiquery,steady,698.590,0.6067
prefillq16_b32_h524288_dense_flashmla_multiquery_steady,prefill,flashmla_dense_bf16_multiquery,steady,631.745,0.5487
prefillq16_b32_h65536_dense_flashmla_multiquery_steady,prefill,flashmla_dense_bf16_multiquery,steady,677.487,0.5884
prefillq16_b32_h8192_dense_flashmla_multiquery_steady,prefill,flashmla_dense_bf16_multiquery,steady,728.757,0.6329
prefillq16_b4_h131072_dense_flashmla_multiquery_steady,prefill,flashmla_dense_bf16_multiquery,steady,752.065,0.6531
prefillq16_b4_h16384_dense_flashmla_multiquery_steady,prefill,flashmla_dense_bf16_multiquery,steady,706.133,0.6133
prefillq16_b4_h2048_dense_flashmla_multiquery_steady,prefill,flashmla_dense_bf16_multiquery,steady,418.091,0.3631
prefillq16_b4_h262144_dense_flashmla_multiquery_steady,prefill,flashmla_dense_bf16_multiquery,steady,749.367,0.6508
prefillq16_b4_h32768_dense_flashmla_multiquery_steady,prefill,flashmla_dense_bf16_multiquery,steady,734.886,0.6382
prefillq16_b4_h4096_dense_flashmla_multiquery_steady,prefill,flashmla_dense_bf16_multiquery,steady,521.854,0.4532
prefillq16_b4_h524288_dense_flashmla_multiquery_steady,prefill,flashmla_dense_bf16_multiquery,steady,692.277,0.6012
prefillq16_b4_h65536_dense_flashmla_multiquery_steady,prefill,flashmla_dense_bf16_multiquery,steady,750.701,0.6520
prefillq16_b4_h8192_dense_flashmla_multiquery_steady,prefill,flashmla_dense_bf16_multiquery,steady,650.651,0.5651
prefillq16_b64_h131072_dense_flashmla_multiquery_steady,prefill,flashmla_dense_bf16_multiquery,steady,634.587,0.5511
prefillq16_b64_h16384_dense_flashmla_multiquery_steady,prefill,flashmla_dense_bf16_multiquery,steady,736.750,0.6398
prefillq16_b64_h2048_dense_flashmla_multiquery_steady,prefill,flashmla_dense_bf16_multiquery,steady,634.083,0.5507
prefillq16_b64_h262144_dense_flashmla_multiquery_steady,prefill,flashmla_dense_bf16_multiquery,steady,638.370,0.5544
prefillq16_b64_h32768_dense_flashmla_multiquery_steady,prefill,flashmla_dense_bf16_multiquery,steady,698.017,0.6062
prefillq16_b64_h4096_dense_flashmla_multiquery_steady,prefill,flashmla_dense_bf16_multiquery,steady,701.769,0.6095
prefillq16_b64_h524288_dense_flashmla_multiquery_steady,prefill,flashmla_dense_bf16_multiquery,steady,622.622,0.5407
prefillq16_b64_h65536_dense_flashmla_multiquery_steady,prefill,flashmla_dense_bf16_multiquery,steady,642.874,0.5583
prefillq16_b64_h8192_dense_flashmla_multiquery_steady,prefill,flashmla_dense_bf16_multiquery,steady,726.933,0.6313
prefillq16_b8_h131072_dense_flashmla_multiquery_steady,prefill,flashmla_dense_bf16_multiquery,steady,745.736,0.6476
prefillq16_b8_h16384_dense_flashmla_multiquery_steady,prefill,flashmla_dense_bf16_multiquery,steady,738.018,0.6409
prefillq16_b8_h2048_dense_flashmla_multiquery_steady,prefill,flashmla_dense_bf16_multiquery,steady,552.344,0.4797
prefillq16_b8_h262144_dense_flashmla_multiquery_steady,prefill,flashmla_dense_bf16_multiquery,steady,684.299,0.5943
prefillq16_b8_h32768_dense_flashmla_multiquery_steady,prefill,flashmla_dense_bf16_multiquery,steady,741.321,0.6438
prefillq16_b8_h4096_dense_flashmla_multiquery_steady,prefill,flashmla_dense_bf16_multiquery,steady,611.286,0.5309
prefillq16_b8_h524288_dense_flashmla_multiquery_steady,prefill,flashmla_dense_bf16_multiquery,steady,648.772,0.5634
prefillq16_b8_h65536_dense_flashmla_multiquery_steady,prefill,flashmla_dense_bf16_multiquery,steady,743.654,0.6458
prefillq16_b8_h8192_dense_flashmla_multiquery_steady,prefill,flashmla_dense_bf16_multiquery,steady,646.741,0.5617
prefillq2048_b128_h16384_dense_flashmla_multiquery_steady,prefill,flashmla_dense_bf16_multiquery,steady,642.268,0.5578
prefillq2048_b128_h2048_dense_flashmla_multiquery_steady,prefill,flashmla_dense_bf16_multiquery,steady,792.839,0.6886
prefillq2048_b128_h32768_dense_flashmla_multiquery_steady,prefill,flashmla_dense_bf16_multiquery,steady,617.227,0.5360
prefillq2048_b128_h4096_dense_flashmla_multiquery_steady,prefill,flashmla_dense_bf16_multiquery,steady,728.890,0.6330
prefillq2048_b128_h65536_dense_flashmla_multiquery_steady,prefill,flashmla_dense_bf16_multiquery,steady,607.757,0.5278
prefillq2048_b128_h8192_dense_flashmla_multiquery_steady,prefill,flashmla_dense_bf16_multiquery,steady,677.451,0.5883
prefillq2048_b16_h131072_dense_flashmla_multiquery_steady,prefill,flashmla_dense_bf16_multiquery,steady,608.983,0.5289
prefillq2048_b16_h16384_dense_flashmla_multiquery_steady,prefill,flashmla_dense_bf16_multiquery,steady,649.509,0.5641
prefillq2048_b16_h2048_dense_flashmla_multiquery_steady,prefill,flashmla_dense_bf16_multiquery,steady,816.970,0.7095
prefillq2048_b16_h262144_dense_flashmla_multiquery_steady,prefill,flashmla_dense_bf16_multiquery,steady,608.817,0.5287
prefillq2048_b16_h32768_dense_flashmla_multiquery_steady,prefill,flashmla_dense_bf16_multiquery,steady,625.862,0.5435
prefillq2048_b16_h4096_dense_flashmla_multiquery_steady,prefill,flashmla_dense_bf16_multiquery,steady,731.554,0.6353
prefillq2048_b16_h524288_dense_flashmla_multiquery_steady,prefill,flashmla_dense_bf16_multiquery,steady,608.643,0.5286
prefillq2048_b16_h65536_dense_flashmla_multiquery_steady,prefill,flashmla_dense_bf16_multiquery,steady,615.435,0.5345
prefillq2048_b16_h8192_dense_flashmla_multiquery_steady,prefill,flashmla_dense_bf16_multiquery,steady,682.795,0.5930
prefillq2048_b1_h131072_dense_flashmla_multiquery_steady,prefill,flashmla_dense_bf16_multiquery,steady,647.978,0.5627
prefillq2048_b1_h16384_dense_flashmla_multiquery_steady,prefill,flashmla_dense_bf16_multiquery,steady,733.919,0.6374
prefillq2048_b1_h2048_dense_flashmla_multiquery_steady,prefill,flashmla_dense_bf16_multiquery,steady,938.827,0.8153
prefillq2048_b1_h262144_dense_flashmla_multiquery_steady,prefill,flashmla_dense_bf16_multiquery,steady,646.799,0.5617
prefillq2048_b1_h32768_dense_flashmla_multiquery_steady,prefill,flashmla_dense_bf16_multiquery,steady,676.992,0.5879
prefillq2048_b1_h4096_dense_flashmla_multiquery_steady,prefill,flashmla_dense_bf16_multiquery,steady,863.466,0.7499
prefillq2048_b1_h524288_dense_flashmla_multiquery_steady,prefill,flashmla_dense_bf16_multiquery,steady,630.213,0.5473
prefillq2048_b1_h65536_dense_flashmla_multiquery_steady,prefill,flashmla_dense_bf16_multiquery,steady,676.547,0.5876
prefillq2048_b1_h8192_dense_flashmla_multiquery_steady,prefill,flashmla_dense_bf16_multiquery,steady,816.982,0.7095
prefillq2048_b2_h131072_dense_flashmla_multiquery_steady,prefill,flashmla_dense_bf16_multiquery,steady,643.503,0.5589
prefillq2048_b2_h16384_dense_flashmla_multiquery_steady,prefill,flashmla_dense_bf16_multiquery,steady,705.453,0.6127
prefillq2048_b2_h2048_dense_flashmla_multiquery_steady,prefill,flashmla_dense_bf16_multiquery,steady,890.126,0.7730
prefillq2048_b2_h262144_dense_flashmla_multiquery_steady,prefill,flashmla_dense_bf16_multiquery,steady,622.659,0.5408
prefillq2048_b2_h32768_dense_flashmla_multiquery_steady,prefill,flashmla_dense_bf16_multiquery,steady,682.096,0.5924
prefillq2048_b2_h4096_dense_flashmla_multiquery_steady,prefill,flashmla_dense_bf16_multiquery,steady,853.676,0.7414
prefillq2048_b2_h524288_dense_flashmla_multiquery_steady,prefill,flashmla_dense_bf16_multiquery,steady,619.443,0.5380
prefillq2048_b2_h65536_dense_flashmla_multiquery_steady,prefill,flashmla_dense_bf16_multiquery,steady,650.700,0.5651
prefillq2048_b2_h8192_dense_flashmla_multiquery_steady,prefill,flashmla_dense_bf16_multiquery,steady,803.281,0.6976
prefillq2048_b32_h131072_dense_flashmla_multiquery_steady,prefill,flashmla_dense_bf16_multiquery,steady,607.280,0.5274
prefillq2048_b32_h16384_dense_flashmla_multiquery_steady,prefill,flashmla_dense_bf16_multiquery,steady,644.497,0.5597
prefillq2048_b32_h2048_dense_flashmla_multiquery_steady,prefill,flashmla_dense_bf16_multiquery,steady,770.932,0.6695
prefillq2048_b32_h262144_dense_flashmla_multiquery_steady,prefill,flashmla_dense_bf16_multiquery,steady,605.917,0.5262
prefillq2048_b32_h32768_dense_flashmla_multiquery_steady,prefill,flashmla_dense_bf16_multiquery,steady,619.415,0.5379
prefillq2048_b32_h4096_dense_flashmla_multiquery_steady,prefill,flashmla_dense_bf16_multiquery,steady,727.023,0.6314
prefillq2048_b32_h524288_dense_flashmla_multiquery_steady,prefill,flashmla_dense_bf16_multiquery,steady,606.787,0.5270
prefillq2048_b32_h65536_dense_flashmla_multiquery_steady,prefill,flashmla_dense_bf16_multiquery,steady,608.483,0.5284
prefillq2048_b32_h8192_dense_flashmla_multiquery_steady,prefill,flashmla_dense_bf16_multiquery,steady,682.412,0.5927
prefillq2048_b4_h131072_dense_flashmla_multiquery_steady,prefill,flashmla_dense_bf16_multiquery,steady,623.822,0.5418
prefillq2048_b4_h16384_dense_flashmla_multiquery_steady,prefill,flashmla_dense_bf16_multiquery,steady,655.560,0.5693
prefillq2048_b4_h2048_dense_flashmla_multiquery_steady,prefill,flashmla_dense_bf16_multiquery,steady,869.954,0.7555
prefillq2048_b4_h262144_dense_flashmla_multiquery_steady,prefill,flashmla_dense_bf16_multiquery,steady,614.579,0.5337
prefillq2048_b4_h32768_dense_flashmla_multiquery_steady,prefill,flashmla_dense_bf16_multiquery,steady,654.569,0.5685
prefillq2048_b4_h4096_dense_flashmla_multiquery_steady,prefill,flashmla_dense_bf16_multiquery,steady,769.435,0.6682
prefillq2048_b4_h524288_dense_flashmla_multiquery_steady,prefill,flashmla_dense_bf16_multiquery,steady,610.406,0.5301
prefillq2048_b4_h65536_dense_flashmla_multiquery_steady,prefill,flashmla_dense_bf16_multiquery,steady,637.951,0.5540
prefillq2048_b4_h8192_dense_flashmla_multiquery_steady,prefill,flashmla_dense_bf16_multiquery,steady,721.346,0.6265
prefillq2048_b64_h131072_dense_flashmla_multiquery_steady,prefill,flashmla_dense_bf16_multiquery,steady,605.896,0.5262
prefillq2048_b64_h16384_dense_flashmla_multiquery_steady,prefill,flashmla_dense_bf16_multiquery,steady,644.315,0.5596
prefillq2048_b64_h2048_dense_flashmla_multiquery_steady,prefill,flashmla_dense_bf16_multiquery,steady,791.284,0.6872
prefillq2048_b64_h262144_dense_flashmla_multiquery_steady,prefill,flashmla_dense_bf16_multiquery,steady,605.661,0.5260
prefillq2048_b64_h32768_dense_flashmla_multiquery_steady,prefill,flashmla_dense_bf16_multiquery,steady,615.488,0.5345
prefillq2048_b64_h4096_dense_flashmla_multiquery_steady,prefill,flashmla_dense_bf16_multiquery,steady,730.881,0.6347
prefillq2048_b64_h524288_dense_flashmla_multiquery_steady,prefill,flashmla_dense_bf16_multiquery,steady,606.644,0.5269
prefillq2048_b64_h65536_dense_flashmla_multiquery_steady,prefill,flashmla_dense_bf16_multiquery,steady,609.858,0.5296
prefillq2048_b64_h8192_dense_flashmla_multiquery_steady,prefill,flashmla_dense_bf16_multiquery,steady,678.050,0.5889
prefillq2048_b8_h131072_dense_flashmla_multiquery_steady,prefill,flashmla_dense_bf16_multiquery,steady,613.805,0.5331
prefillq2048_b8_h16384_dense_flashmla_multiquery_steady,prefill,flashmla_dense_bf16_multiquery,steady,662.391,0.5753
prefillq2048_b8_h2048_dense_flashmla_multiquery_steady,prefill,flashmla_dense_bf16_multiquery,steady,813.799,0.7068
prefillq2048_b8_h262144_dense_flashmla_multiquery_steady,prefill,flashmla_dense_bf16_multiquery,steady,610.050,0.5298
prefillq2048_b8_h32768_dense_flashmla_multiquery_steady,prefill,flashmla_dense_bf16_multiquery,steady,633.737,0.5504
prefillq2048_b8_h4096_dense_flashmla_multiquery_steady,prefill,flashmla_dense_bf16_multiquery,steady,782.774,0.6798
prefillq2048_b8_h524288_dense_flashmla_multiquery_steady,prefill,flashmla_dense_bf16_multiquery,steady,612.250,0.5317
prefillq2048_b8_h65536_dense_flashmla_multiquery_steady,prefill,flashmla_dense_bf16_multiquery,steady,618.476,0.5371
prefillq2048_b8_h8192_dense_flashmla_multiquery_steady,prefill,flashmla_dense_bf16_multiquery,steady,669.446,0.5814
prefillq256_b128_h131072_dense_flashmla_multiquery_steady,prefill,flashmla_dense_bf16_multiquery,steady,601.259,0.5222
prefillq256_b128_h16384_dense_flashmla_multiquery_steady,prefill,flashmla_dense_bf16_multiquery,steady,610.344,0.5301
prefillq256_b128_h2048_dense_flashmla_multiquery_steady,prefill,flashmla_dense_bf16_multiquery,steady,647.599,0.5624
prefillq256_b128_h262144_dense_flashmla_multiquery_steady,prefill,flashmla_dense_bf16_multiquery,steady,599.594,0.5207
prefillq256_b128_h32768_dense_flashmla_multiquery_steady,prefill,flashmla_dense_bf16_multiquery,steady,606.316,0.5266
prefillq256_b128_h4096_dense_flashmla_multiquery_steady,prefill,flashmla_dense_bf16_multiquery,steady,604.720,0.5252
prefillq256_b128_h65536_dense_flashmla_multiquery_steady,prefill,flashmla_dense_bf16_multiquery,steady,602.261,0.5230
prefillq256_b128_h8192_dense_flashmla_multiquery_steady,prefill,flashmla_dense_bf16_multiquery,steady,629.995,0.5471
prefillq256_b16_h131072_dense_flashmla_multiquery_steady,prefill,flashmla_dense_bf16_multiquery,steady,629.013,0.5463
prefillq256_b16_h16384_dense_flashmla_multiquery_steady,prefill,flashmla_dense_bf16_multiquery,steady,669.098,0.5811
prefillq256_b16_h2048_dense_flashmla_multiquery_steady,prefill,flashmla_dense_bf16_multiquery,steady,710.051,0.6167
prefillq256_b16_h262144_dense_flashmla_multiquery_steady,prefill,flashmla_dense_bf16_multiquery,steady,617.519,0.5363
prefillq256_b16_h32768_dense_flashmla_multiquery_steady,prefill,flashmla_dense_bf16_multiquery,steady,638.414,0.5544
prefillq256_b16_h4096_dense_flashmla_multiquery_steady,prefill,flashmla_dense_bf16_multiquery,steady,715.702,0.6216
prefillq256_b16_h524288_dense_flashmla_multiquery_steady,prefill,flashmla_dense_bf16_multiquery,steady,608.405,0.5284
prefillq256_b16_h65536_dense_flashmla_multiquery_steady,prefill,flashmla_dense_bf16_multiquery,steady,642.786,0.5582
prefillq256_b16_h8192_dense_flashmla_multiquery_steady,prefill,flashmla_dense_bf16_multiquery,steady,698.781,0.6069
prefillq256_b1_h131072_dense_flashmla_multiquery_steady,prefill,flashmla_dense_bf16_multiquery,steady,703.180,0.6107
prefillq256_b1_h16384_dense_flashmla_multiquery_steady,prefill,flashmla_dense_bf16_multiquery,steady,749.246,0.6507
prefillq256_b1_h2048_dense_flashmla_multiquery_steady,prefill,flashmla_dense_bf16_multiquery,steady,680.257,0.5908
prefillq256_b1_h262144_dense_flashmla_multiquery_steady,prefill,flashmla_dense_bf16_multiquery,steady,680.599,0.5911
prefillq256_b1_h32768_dense_flashmla_multiquery_steady,prefill,flashmla_dense_bf16_multiquery,steady,753.732,0.6546
prefillq256_b1_h4096_dense_flashmla_multiquery_steady,prefill,flashmla_dense_bf16_multiquery,steady,723.959,0.6287
prefillq256_b1_h524288_dense_flashmla_multiquery_steady,prefill,flashmla_dense_bf16_multiquery,steady,681.751,0.5921
prefillq256_b1_h65536_dense_flashmla_multiquery_steady,prefill,flashmla_dense_bf16_multiquery,steady,747.039,0.6488
prefillq256_b1_h8192_dense_flashmla_multiquery_steady,prefill,flashmla_dense_bf16_multiquery,steady,746.783,0.6486
prefillq256_b256_h131072_dense_flashmla_multiquery_steady,prefill,flashmla_dense_bf16_multiquery,steady,598.479,0.5198
prefillq256_b256_h16384_dense_flashmla_multiquery_steady,prefill,flashmla_dense_bf16_multiquery,steady,612.832,0.5322
prefillq256_b256_h2048_dense_flashmla_multiquery_steady,prefill,flashmla_dense_bf16_multiquery,steady,662.422,0.5753
prefillq256_b256_h32768_dense_flashmla_multiquery_steady,prefill,flashmla_dense_bf16_multiquery,steady,599.315,0.5205
prefillq256_b256_h4096_dense_flashmla_multiquery_steady,prefill,flashmla_dense_bf16_multiquery,steady,654.502,0.5684
prefillq256_b256_h65536_dense_flashmla_multiquery_steady,prefill,flashmla_dense_bf16_multiquery,steady,598.189,0.5195
prefillq256_b256_h8192_dense_flashmla_multiquery_steady,prefill,flashmla_dense_bf16_multiquery,steady,645.032,0.5602
prefillq256_b2_h131072_dense_flashmla_multiquery_steady,prefill,flashmla_dense_bf16_multiquery,steady,697.612,0.6059
prefillq256_b2_h16384_dense_flashmla_multiquery_steady,prefill,flashmla_dense_bf16_multiquery,steady,763.839,0.6634
prefillq256_b2_h2048_dense_flashmla_multiquery_steady,prefill,flashmla_dense_bf16_multiquery,steady,659.610,0.5728
prefillq256_b2_h262144_dense_flashmla_multiquery_steady,prefill,flashmla_dense_bf16_multiquery,steady,647.683,0.5625
prefillq256_b2_h32768_dense_flashmla_multiquery_steady,prefill,flashmla_dense_bf16_multiquery,steady,754.684,0.6554
prefillq256_b2_h4096_dense_flashmla_multiquery_steady,prefill,flashmla_dense_bf16_multiquery,steady,697.113,0.6054
prefillq256_b2_h524288_dense_flashmla_multiquery_steady,prefill,flashmla_dense_bf16_multiquery,steady,650.245,0.5647
prefillq256_b2_h65536_dense_flashmla_multiquery_steady,prefill,flashmla_dense_bf16_multiquery,steady,681.044,0.5915
prefillq256_b2_h8192_dense_flashmla_multiquery_steady,prefill,flashmla_dense_bf16_multiquery,steady,757.499,0.6579
prefillq256_b32_h131072_dense_flashmla_multiquery_steady,prefill,flashmla_dense_bf16_multiquery,steady,613.716,0.5330
prefillq256_b32_h16384_dense_flashmla_multiquery_steady,prefill,flashmla_dense_bf16_multiquery,steady,615.930,0.5349
prefillq256_b32_h2048_dense_flashmla_multiquery_steady,prefill,flashmla_dense_bf16_multiquery,steady,699.839,0.6078
prefillq256_b32_h262144_dense_flashmla_multiquery_steady,prefill,flashmla_dense_bf16_multiquery,steady,607.857,0.5279
prefillq256_b32_h32768_dense_flashmla_multiquery_steady,prefill,flashmla_dense_bf16_multiquery,steady,633.000,0.5497
prefillq256_b32_h4096_dense_flashmla_multiquery_steady,prefill,flashmla_dense_bf16_multiquery,steady,676.902,0.5879
prefillq256_b32_h524288_dense_flashmla_multiquery_steady,prefill,flashmla_dense_bf16_multiquery,steady,603.373,0.5240
prefillq256_b32_h65536_dense_flashmla_multiquery_steady,prefill,flashmla_dense_bf16_multiquery,steady,624.188,0.5421
prefillq256_b32_h8192_dense_flashmla_multiquery_steady,prefill,flashmla_dense_bf16_multiquery,steady,667.579,0.5798
prefillq256_b4_h131072_dense_flashmla_multiquery_steady,prefill,flashmla_dense_bf16_multiquery,steady,659.014,0.5723
prefillq256_b4_h16384_dense_flashmla_multiquery_steady,prefill,flashmla_dense_bf16_multiquery,steady,755.665,0.6563
prefillq256_b4_h2048_dense_flashmla_multiquery_steady,prefill,flashmla_dense_bf16_multiquery,steady,664.205,0.5768
prefillq256_b4_h262144_dense_flashmla_multiquery_steady,prefill,flashmla_dense_bf16_multiquery,steady,650.817,0.5652
prefillq256_b4_h32768_dense_flashmla_multiquery_steady,prefill,flashmla_dense_bf16_multiquery,steady,661.782,0.5747
prefillq256_b4_h4096_dense_flashmla_multiquery_steady,prefill,flashmla_dense_bf16_multiquery,steady,742.450,0.6448
prefillq256_b4_h524288_dense_flashmla_multiquery_steady,prefill,flashmla_dense_bf16_multiquery,steady,631.792,0.5487
prefillq256_b4_h65536_dense_flashmla_multiquery_steady,prefill,flashmla_dense_bf16_multiquery,steady,667.268,0.5795
prefillq256_b4_h8192_dense_flashmla_multiquery_steady,prefill,flashmla_dense_bf16_multiquery,steady,757.461,0.6578
prefillq256_b64_h131072_dense_flashmla_multiquery_steady,prefill,flashmla_dense_bf16_multiquery,steady,605.124,0.5255
prefillq256_b64_h16384_dense_flashmla_multiquery_steady,prefill,flashmla_dense_bf16_multiquery,steady,628.570,0.5459
prefillq256_b64_h2048_dense_flashmla_multiquery_steady,prefill,flashmla_dense_bf16_multiquery,steady,662.521,0.5754
prefillq256_b64_h262144_dense_flashmla_multiquery_steady,prefill,flashmla_dense_bf16_multiquery,steady,603.413,0.5240
prefillq256_b64_h32768_dense_flashmla_multiquery_steady,prefill,flashmla_dense_bf16_multiquery,steady,615.648,0.5347
prefillq256_b64_h4096_dense_flashmla_multiquery_steady,prefill,flashmla_dense_bf16_multiquery,steady,677.909,0.5887
prefillq256_b64_h524288_dense_flashmla_multiquery_steady,prefill,flashmla_dense_bf16_multiquery,steady,602.391,0.5232
prefillq256_b64_h65536_dense_flashmla_multiquery_steady,prefill,flashmla_dense_bf16_multiquery,steady,606.762,0.5270
prefillq256_b64_h8192_dense_flashmla_multiquery_steady,prefill,flashmla_dense_bf16_multiquery,steady,634.464,0.5510
prefillq256_b8_h131072_dense_flashmla_multiquery_steady,prefill,flashmla_dense_bf16_multiquery,steady,650.116,0.5646
prefillq256_b8_h16384_dense_flashmla_multiquery_steady,prefill,flashmla_dense_bf16_multiquery,steady,708.497,0.6153
prefillq256_b8_h2048_dense_flashmla_multiquery_steady,prefill,flashmla_dense_bf16_multiquery,steady,676.187,0.5872
prefillq256_b8_h262144_dense_flashmla_multiquery_steady,prefill,flashmla_dense_bf16_multiquery,steady,626.570,0.5442
prefillq256_b8_h32768_dense_flashmla_multiquery_steady,prefill,flashmla_dense_bf16_multiquery,steady,675.125,0.5863
prefillq256_b8_h4096_dense_flashmla_multiquery_steady,prefill,flashmla_dense_bf16_multiquery,steady,736.165,0.6393
prefillq256_b8_h524288_dense_flashmla_multiquery_steady,prefill,flashmla_dense_bf16_multiquery,steady,621.237,0.5395
prefillq256_b8_h65536_dense_flashmla_multiquery_steady,prefill,flashmla_dense_bf16_multiquery,steady,642.214,0.5577
prefillq256_b8_h8192_dense_flashmla_multiquery_steady,prefill,flashmla_dense_bf16_multiquery,steady,735.159,0.6385
prefillq2_b128_h131072_dense_flashmla_multiquery_steady,prefill,flashmla_dense_bf16_multiquery,steady,610.542,0.5302
prefillq2_b128_h16384_dense_flashmla_multiquery_steady,prefill,flashmla_dense_bf16_multiquery,steady,619.055,0.5376
prefillq2_b128_h2048_dense_flashmla_multiquery_steady,prefill,flashmla_dense_bf16_multiquery,steady,483.921,0.4203
prefillq2_b128_h262144_dense_flashmla_multiquery_steady,prefill,flashmla_dense_bf16_multiquery,steady,609.072,0.5290
prefillq2_b128_h32768_dense_flashmla_multiquery_steady,prefill,flashmla_dense_bf16_multiquery,steady,636.895,0.5531
prefillq2_b128_h4096_dense_flashmla_multiquery_steady,prefill,flashmla_dense_bf16_multiquery,steady,525.055,0.4560
prefillq2_b128_h524288_dense_flashmla_multiquery_steady,prefill,flashmla_dense_bf16_multiquery,steady,616.074,0.5350
prefillq2_b128_h65536_dense_flashmla_multiquery_steady,prefill,flashmla_dense_bf16_multiquery,steady,638.644,0.5546
prefillq2_b128_h8192_dense_flashmla_multiquery_steady,prefill,flashmla_dense_bf16_multiquery,steady,539.073,0.4682
prefillq2_b16_h131072_dense_flashmla_multiquery_steady,prefill,flashmla_dense_bf16_multiquery,steady,650.382,0.5648
prefillq2_b16_h16384_dense_flashmla_multiquery_steady,prefill,flashmla_dense_bf16_multiquery,steady,581.601,0.5051
prefillq2_b16_h2048_dense_flashmla_multiquery_steady,prefill,flashmla_dense_bf16_multiquery,steady,299.103,0.2598
prefillq2_b16_h262144_dense_flashmla_multiquery_steady,prefill,flashmla_dense_bf16_multiquery,steady,657.370,0.5709
prefillq2_b16_h32768_dense_flashmla_multiquery_steady,prefill,flashmla_dense_bf16_multiquery,steady,615.863,0.5349
prefillq2_b16_h4096_dense_flashmla_multiquery_steady,prefill,flashmla_dense_bf16_multiquery,steady,441.509,0.3834
prefillq2_b16_h524288_dense_flashmla_multiquery_steady,prefill,flashmla_dense_bf16_multiquery,steady,656.086,0.5698
prefillq2_b16_h65536_dense_flashmla_multiquery_steady,prefill,flashmla_dense_bf16_multiquery,steady,638.839,0.5548
prefillq2_b16_h8192_dense_flashmla_multiquery_steady,prefill,flashmla_dense_bf16_multiquery,steady,533.395,0.4632
prefillq2_b1_h131072_dense_flashmla_multiquery_steady,prefill,flashmla_dense_bf16_multiquery,steady,542.750,0.4714
prefillq2_b1_h16384_dense_flashmla_multiquery_steady,prefill,flashmla_dense_bf16_multiquery,steady,250.788,0.2178
prefillq2_b1_h2048_dense_flashmla_multiquery_steady,prefill,flashmla_dense_bf16_multiquery,steady,54.399,0.0472
prefillq2_b1_h262144_dense_flashmla_multiquery_steady,prefill,flashmla_dense_bf16_multiquery,steady,597.370,0.5188
prefillq2_b1_h32768_dense_flashmla_multiquery_steady,prefill,flashmla_dense_bf16_multiquery,steady,354.543,0.3079
prefillq2_b1_h4096_dense_flashmla_multiquery_steady,prefill,flashmla_dense_bf16_multiquery,steady,95.372,0.0828
prefillq2_b1_h524288_dense_flashmla_multiquery_steady,prefill,flashmla_dense_bf16_multiquery,steady,633.456,0.5501
prefillq2_b1_h65536_dense_flashmla_multiquery_steady,prefill,flashmla_dense_bf16_multiquery,steady,463.434,0.4025
prefillq2_b1_h8192_dense_flashmla_multiquery_steady,prefill,flashmla_dense_bf16_multiquery,steady,155.585,0.1351
prefillq2_b256_h131072_dense_flashmla_multiquery_steady,prefill,flashmla_dense_bf16_multiquery,steady,603.495,0.5241
prefillq2_b256_h16384_dense_flashmla_multiquery_steady,prefill,flashmla_dense_bf16_multiquery,steady,626.861,0.5444
prefillq2_b256_h2048_dense_flashmla_multiquery_steady,prefill,flashmla_dense_bf16_multiquery,steady,479.464,0.4164
prefillq2_b256_h262144_dense_flashmla_multiquery_steady,prefill,flashmla_dense_bf16_multiquery,steady,614.335,0.5335
prefillq2_b256_h32768_dense_flashmla_multiquery_steady,prefill,flashmla_dense_bf16_multiquery,steady,633.391,0.5501
prefillq2_b256_h4096_dense_flashmla_multiquery_steady,prefill,flashmla_dense_bf16_multiquery,steady,519.100,0.4508
prefillq2_b256_h65536_dense_flashmla_multiquery_steady,prefill,flashmla_dense_bf16_multiquery,steady,610.975,0.5306
prefillq2_b256_h8192_dense_flashmla_multiquery_steady,prefill,flashmla_dense_bf16_multiquery,steady,548.049,0.4760
prefillq2_b2_h131072_dense_flashmla_multiquery_steady,prefill,flashmla_dense_bf16_multiquery,steady,598.675,0.5199
prefillq2_b2_h16384_dense_flashmla_multiquery_steady,prefill,flashmla_dense_bf16_multiquery,steady,352.640,0.3063
prefillq2_b2_h2048_dense_flashmla_multiquery_steady,prefill,flashmla_dense_bf16_multiquery,steady,96.111,0.0835
prefillq2_b2_h262144_dense_flashmla_multiquery_steady,prefill,flashmla_dense_bf16_multiquery,steady,629.954,0.5471
prefillq2_b2_h32768_dense_flashmla_multiquery_steady,prefill,flashmla_dense_bf16_multiquery,steady,468.463,0.4068
prefillq2_b2_h4096_dense_flashmla_multiquery_steady,prefill,flashmla_dense_bf16_multiquery,steady,157.725,0.1370
prefillq2_b2_h524288_dense_flashmla_multiquery_steady,prefill,flashmla_dense_bf16_multiquery,steady,650.422,0.5649
prefillq2_b2_h65536_dense_flashmla_multiquery_steady,prefill,flashmla_dense_bf16_multiquery,steady,547.837,0.4758
prefillq2_b2_h8192_dense_flashmla_multiquery_steady,prefill,flashmla_dense_bf16_multiquery,steady,237.503,0.2063
prefillq2_b32_h131072_dense_flashmla_multiquery_steady,prefill,flashmla_dense_bf16_multiquery,steady,650.758,0.5652
prefillq2_b32_h16384_dense_flashmla_multiquery_steady,prefill,flashmla_dense_bf16_multiquery,steady,595.296,0.5170
prefillq2_b32_h2048_dense_flashmla_multiquery_steady,prefill,flashmla_dense_bf16_multiquery,steady,338.959,0.2944
prefillq2_b32_h262144_dense_flashmla_multiquery_steady,prefill,flashmla_dense_bf16_multiquery,steady,650.050,0.5645
prefillq2_b32_h32768_dense_flashmla_multiquery_steady,prefill,flashmla_dense_bf16_multiquery,steady,625.576,0.5433
prefillq2_b32_h4096_dense_flashmla_multiquery_steady,prefill,flashmla_dense_bf16_multiquery,steady,514.122,0.4465
prefillq2_b32_h524288_dense_flashmla_multiquery_steady,prefill,flashmla_dense_bf16_multiquery,steady,623.551,0.5415
prefillq2_b32_h65536_dense_flashmla_multiquery_steady,prefill,flashmla_dense_bf16_multiquery,steady,640.366,0.5561
prefillq2_b32_h8192_dense_flashmla_multiquery_steady,prefill,flashmla_dense_bf16_multiquery,steady,577.242,0.5013
prefillq2_b4_h131072_dense_flashmla_multiquery_steady,prefill,flashmla_dense_bf16_multiquery,steady,625.534,0.5433
prefillq2_b4_h16384_dense_flashmla_multiquery_steady,prefill,flashmla_dense_bf16_multiquery,steady,464.126,0.4031
prefillq2_b4_h2048_dense_flashmla_multiquery_steady,prefill,flashmla_dense_bf16_multiquery,steady,154.552,0.1342
prefillq2_b4_h262144_dense_flashmla_multiquery_steady,prefill,flashmla_dense_bf16_multiquery,steady,646.838,0.5618
prefillq2_b4_h32768_dense_flashmla_multiquery_steady,prefill,flashmla_dense_bf16_multiquery,steady,541.102,0.4699
prefillq2_b4_h4096_dense_flashmla_multiquery_steady,prefill,flashmla_dense_bf16_multiquery,steady,239.717,0.2082
prefillq2_b4_h524288_dense_flashmla_multiquery_steady,prefill,flashmla_dense_bf16_multiquery,steady,658.299,0.5717
prefillq2_b4_h65536_dense_flashmla_multiquery_steady,prefill,flashmla_dense_bf16_multiquery,steady,593.854,0.5157
prefillq2_b4_h8192_dense_flashmla_multiquery_steady,prefill,flashmla_dense_bf16_multiquery,steady,335.234,0.2911
prefillq2_b64_h131072_dense_flashmla_multiquery_steady,prefill,flashmla_dense_bf16_multiquery,steady,653.484,0.5675
prefillq2_b64_h16384_dense_flashmla_multiquery_steady,prefill,flashmla_dense_bf16_multiquery,steady,607.735,0.5278
prefillq2_b64_h2048_dense_flashmla_multiquery_steady,prefill,flashmla_dense_bf16_multiquery,steady,459.229,0.3988
prefillq2_b64_h262144_dense_flashmla_multiquery_steady,prefill,flashmla_dense_bf16_multiquery,steady,619.469,0.5380
prefillq2_b64_h32768_dense_flashmla_multiquery_steady,prefill,flashmla_dense_bf16_multiquery,steady,629.110,0.5464
prefillq2_b64_h4096_dense_flashmla_multiquery_steady,prefill,flashmla_dense_bf16_multiquery,steady,517.024,0.4490
prefillq2_b64_h524288_dense_flashmla_multiquery_steady,prefill,flashmla_dense_bf16_multiquery,steady,587.627,0.5103
prefillq2_b64_h65536_dense_flashmla_multiquery_steady,prefill,flashmla_dense_bf16_multiquery,steady,644.674,0.5599
prefillq2_b64_h8192_dense_flashmla_multiquery_steady,prefill,flashmla_dense_bf16_multiquery,steady,618.738,0.5374
prefillq2_b8_h131072_dense_flashmla_multiquery_steady,prefill,flashmla_dense_bf16_multiquery,steady,644.463,0.5597
prefillq2_b8_h16384_dense_flashmla_multiquery_steady,prefill,flashmla_dense_bf16_multiquery,steady,539.396,0.4684
prefillq2_b8_h2048_dense_flashmla_multiquery_steady,prefill,flashmla_dense_bf16_multiquery,steady,222.449,0.1932
prefillq2_b8_h262144_dense_flashmla_multiquery_steady,prefill,flashmla_dense_bf16_multiquery,steady,655.941,0.5697
prefillq2_b8_h32768_dense_flashmla_multiquery_steady,prefill,flashmla_dense_bf16_multiquery,steady,591.202,0.5134
prefillq2_b8_h4096_dense_flashmla_multiquery_steady,prefill,flashmla_dense_bf16_multiquery,steady,329.654,0.2863
prefillq2_b8_h524288_dense_flashmla_multiquery_steady,prefill,flashmla_dense_bf16_multiquery,steady,660.632,0.5737
prefillq2_b8_h65536_dense_flashmla_multiquery_steady,prefill,flashmla_dense_bf16_multiquery,steady,620.324,0.5387
prefillq2_b8_h8192_dense_flashmla_multiquery_steady,prefill,flashmla_dense_bf16_multiquery,steady,441.655,0.3836
prefillq32768_b1_h131072_dense_flashmla_multiquery_steady,prefill,flashmla_dense_bf16_multiquery,steady,685.921,0.5957
prefillq32768_b1_h16384_dense_flashmla_multiquery_steady,prefill,flashmla_dense_bf16_multiquery,steady,929.395,0.8071
prefillq32768_b1_h2048_dense_flashmla_multiquery_steady,prefill,flashmla_dense_bf16_multiquery,steady,1144.858,0.9943
prefillq32768_b1_h262144_dense_flashmla_multiquery_steady,prefill,flashmla_dense_bf16_multiquery,steady,652.400,0.5666
prefillq32768_b1_h32768_dense_flashmla_multiquery_steady,prefill,flashmla_dense_bf16_multiquery,steady,824.191,0.7158
prefillq32768_b1_h4096_dense_flashmla_multiquery_steady,prefill,flashmla_dense_bf16_multiquery,steady,1095.085,0.9510
prefillq32768_b1_h524288_dense_flashmla_multiquery_steady,prefill,flashmla_dense_bf16_multiquery,steady,632.631,0.5494
prefillq32768_b1_h65536_dense_flashmla_multiquery_steady,prefill,flashmla_dense_bf16_multiquery,steady,739.446,0.6422
prefillq32768_b1_h8192_dense_flashmla_multiquery_steady,prefill,flashmla_dense_bf16_multiquery,steady,1029.302,0.8939
prefillq32768_b2_h131072_dense_flashmla_multiquery_steady,prefill,flashmla_dense_bf16_multiquery,steady,672.956,0.5844
prefillq32768_b2_h16384_dense_flashmla_multiquery_steady,prefill,flashmla_dense_bf16_multiquery,steady,910.938,0.7911
prefillq32768_b2_h2048_dense_flashmla_multiquery_steady,prefill,flashmla_dense_bf16_multiquery,steady,1151.453,1.0000
prefillq32768_b2_h262144_dense_flashmla_multiquery_steady,prefill,flashmla_dense_bf16_multiquery,steady,641.121,0.5568
prefillq32768_b2_h32768_dense_flashmla_multiquery_steady,prefill,flashmla_dense_bf16_multiquery,steady,802.788,0.6972
prefillq32768_b2_h4096_dense_flashmla_multiquery_steady,prefill,flashmla_dense_bf16_multiquery,steady,1106.022,0.9605
prefillq32768_b2_h524288_dense_flashmla_multiquery_steady,prefill,flashmla_dense_bf16_multiquery,steady,623.046,0.5411
prefillq32768_b2_h65536_dense_flashmla_multiquery_steady,prefill,flashmla_dense_bf16_multiquery,steady,722.491,0.6275
prefillq32768_b2_h8192_dense_flashmla_multiquery_steady,prefill,flashmla_dense_bf16_multiquery,steady,1021.157,0.8868
prefillq32768_b4_h131072_dense_flashmla_multiquery_steady,prefill,flashmla_dense_bf16_multiquery,steady,667.888,0.5800
prefillq32768_b4_h16384_dense_flashmla_multiquery_steady,prefill,flashmla_dense_bf16_multiquery,steady,905.709,0.7866
prefillq32768_b4_h2048_dense_flashmla_multiquery_steady,prefill,flashmla_dense_bf16_multiquery,steady,1145.731,0.9950
prefillq32768_b4_h262144_dense_flashmla_multiquery_steady,prefill,flashmla_dense_bf16_multiquery,steady,637.763,0.5539
prefillq32768_b4_h32768_dense_flashmla_multiquery_steady,prefill,flashmla_dense_bf16_multiquery,steady,797.858,0.6929
prefillq32768_b4_h4096_dense_flashmla_multiquery_steady,prefill,flashmla_dense_bf16_multiquery,steady,1093.743,0.9499
prefillq32768_b4_h524288_dense_flashmla_multiquery_steady,prefill,flashmla_dense_bf16_multiquery,steady,623.609,0.5416
prefillq32768_b4_h65536_dense_flashmla_multiquery_steady,prefill,flashmla_dense_bf16_multiquery,steady,718.824,0.6243
prefillq32768_b4_h8192_dense_flashmla_multiquery_steady,prefill,flashmla_dense_bf16_multiquery,steady,1014.642,0.8812
prefillq32768_b8_h131072_dense_flashmla_multiquery_steady,prefill,flashmla_dense_bf16_multiquery,steady,666.046,0.5784
prefillq32768_b8_h16384_dense_flashmla_multiquery_steady,prefill,flashmla_dense_bf16_multiquery,steady,901.341,0.7828
prefillq32768_b8_h2048_dense_flashmla_multiquery_steady,prefill,flashmla_dense_bf16_multiquery,steady,1140.979,0.9909
prefillq32768_b8_h262144_dense_flashmla_multiquery_steady,prefill,flashmla_dense_bf16_multiquery,steady,637.614,0.5537
prefillq32768_b8_h32768_dense_flashmla_multiquery_steady,prefill,flashmla_dense_bf16_multiquery,steady,795.212,0.6906
prefillq32768_b8_h4096_dense_flashmla_multiquery_steady,prefill,flashmla_dense_bf16_multiquery,steady,1089.938,0.9466
prefillq32768_b8_h524288_dense_flashmla_multiquery_steady,prefill,flashmla_dense_bf16_multiquery,steady,621.737,0.5400
prefillq32768_b8_h65536_dense_flashmla_multiquery_steady,prefill,flashmla_dense_bf16_multiquery,steady,716.218,0.6220
prefillq32768_b8_h8192_dense_flashmla_multiquery_steady,prefill,flashmla_dense_bf16_multiquery,steady,1008.055,0.8755
prefillq32_b128_h131072_dense_flashmla_multiquery_steady,prefill,flashmla_dense_bf16_multiquery,steady,618.694,0.5373
prefillq32_b128_h16384_dense_flashmla_multiquery_steady,prefill,flashmla_dense_bf16_multiquery,steady,671.757,0.5834
prefillq32_b128_h2048_dense_flashmla_multiquery_steady,prefill,flashmla_dense_bf16_multiquery,steady,649.529,0.5641
prefillq32_b128_h262144_dense_flashmla_multiquery_steady,prefill,flashmla_dense_bf16_multiquery,steady,606.732,0.5269
prefillq32_b128_h32768_dense_flashmla_multiquery_steady,prefill,flashmla_dense_bf16_multiquery,steady,600.763,0.5217
prefillq32_b128_h4096_dense_flashmla_multiquery_steady,prefill,flashmla_dense_bf16_multiquery,steady,694.169,0.6029
prefillq32_b128_h524288_dense_flashmla_multiquery_steady,prefill,flashmla_dense_bf16_multiquery,steady,611.078,0.5307
prefillq32_b128_h65536_dense_flashmla_multiquery_steady,prefill,flashmla_dense_bf16_multiquery,steady,639.795,0.5556
prefillq32_b128_h8192_dense_flashmla_multiquery_steady,prefill,flashmla_dense_bf16_multiquery,steady,665.260,0.5778
prefillq32_b16_h131072_dense_flashmla_multiquery_steady,prefill,flashmla_dense_bf16_multiquery,steady,635.559,0.5520
prefillq32_b16_h16384_dense_flashmla_multiquery_steady,prefill,flashmla_dense_bf16_multiquery,steady,746.303,0.6481
prefillq32_b16_h2048_dense_flashmla_multiquery_steady,prefill,flashmla_dense_bf16_multiquery,steady,554.778,0.4818
prefillq32_b16_h262144_dense_flashmla_multiquery_steady,prefill,flashmla_dense_bf16_multiquery,steady,660.399,0.5735
prefillq32_b16_h32768_dense_flashmla_multiquery_steady,prefill,flashmla_dense_bf16_multiquery,steady,717.058,0.6227
prefillq32_b16_h4096_dense_flashmla_multiquery_steady,prefill,flashmla_dense_bf16_multiquery,steady,613.704,0.5330
prefillq32_b16_h524288_dense_flashmla_multiquery_steady,prefill,flashmla_dense_bf16_multiquery,steady,628.614,0.5459
prefillq32_b16_h65536_dense_flashmla_multiquery_steady,prefill,flashmla_dense_bf16_multiquery,steady,693.399,0.6022
prefillq32_b16_h8192_dense_flashmla_multiquery_steady,prefill,flashmla_dense_bf16_multiquery,steady,739.399,0.6421
prefillq32_b1_h131072_dense_flashmla_multiquery_steady,prefill,flashmla_dense_bf16_multiquery,steady,758.124,0.6584
prefillq32_b1_h16384_dense_flashmla_multiquery_steady,prefill,flashmla_dense_bf16_multiquery,steady,681.494,0.5919
prefillq32_b1_h2048_dense_flashmla_multiquery_steady,prefill,flashmla_dense_bf16_multiquery,steady,373.819,0.3247
prefillq32_b1_h262144_dense_flashmla_multiquery_steady,prefill,flashmla_dense_bf16_multiquery,steady,756.485,0.6570
prefillq32_b1_h32768_dense_flashmla_multiquery_steady,prefill,flashmla_dense_bf16_multiquery,steady,722.871,0.6278
prefillq32_b1_h4096_dense_flashmla_multiquery_steady,prefill,flashmla_dense_bf16_multiquery,steady,502.470,0.4364
prefillq32_b1_h524288_dense_flashmla_multiquery_steady,prefill,flashmla_dense_bf16_multiquery,steady,755.149,0.6558
prefillq32_b1_h65536_dense_flashmla_multiquery_steady,prefill,flashmla_dense_bf16_multiquery,steady,735.415,0.6387
prefillq32_b1_h8192_dense_flashmla_multiquery_steady,prefill,flashmla_dense_bf16_multiquery,steady,607.770,0.5278
prefillq32_b256_h131072_dense_flashmla_multiquery_steady,prefill,flashmla_dense_bf16_multiquery,steady,603.867,0.5244
prefillq32_b256_h16384_dense_flashmla_multiquery_steady,prefill,flashmla_dense_bf16_multiquery,steady,649.239,0.5638
prefillq32_b256_h2048_dense_flashmla_multiquery_steady,prefill,flashmla_dense_bf16_multiquery,steady,652.178,0.5664
prefillq32_b256_h262144_dense_flashmla_multiquery_steady,prefill,flashmla_dense_bf16_multiquery,steady,607.162,0.5273
prefillq32_b256_h32768_dense_flashmla_multiquery_steady,prefill,flashmla_dense_bf16_multiquery,steady,637.992,0.5541
prefillq32_b256_h4096_dense_flashmla_multiquery_steady,prefill,flashmla_dense_bf16_multiquery,steady,685.503,0.5953
prefillq32_b256_h65536_dense_flashmla_multiquery_steady,prefill,flashmla_dense_bf16_multiquery,steady,614.972,0.5341
prefillq32_b256_h8192_dense_flashmla_multiquery_steady,prefill,flashmla_dense_bf16_multiquery,steady,670.859,0.5826
prefillq32_b2_h131072_dense_flashmla_multiquery_steady,prefill,flashmla_dense_bf16_multiquery,steady,746.985,0.6487
prefillq32_b2_h16384_dense_flashmla_multiquery_steady,prefill,flashmla_dense_bf16_multiquery,steady,705.915,0.6131
prefillq32_b2_h2048_dense_flashmla_multiquery_steady,prefill,flashmla_dense_bf16_multiquery,steady,413.747,0.3593
prefillq32_b2_h262144_dense_flashmla_multiquery_steady,prefill,flashmla_dense_bf16_multiquery,steady,721.881,0.6269
prefillq32_b2_h32768_dense_flashmla_multiquery_steady,prefill,flashmla_dense_bf16_multiquery,steady,736.045,0.6392
prefillq32_b2_h4096_dense_flashmla_multiquery_steady,prefill,flashmla_dense_bf16_multiquery,steady,553.352,0.4806
prefillq32_b2_h524288_dense_flashmla_multiquery_steady,prefill,flashmla_dense_bf16_multiquery,steady,689.216,0.5986
prefillq32_b2_h65536_dense_flashmla_multiquery_steady,prefill,flashmla_dense_bf16_multiquery,steady,736.659,0.6398
prefillq32_b2_h8192_dense_flashmla_multiquery_steady,prefill,flashmla_dense_bf16_multiquery,steady,650.398,0.5648
prefillq32_b32_h131072_dense_flashmla_multiquery_steady,prefill,flashmla_dense_bf16_multiquery,steady,621.002,0.5393
prefillq32_b32_h16384_dense_flashmla_multiquery_steady,prefill,flashmla_dense_bf16_multiquery,steady,748.103,0.6497
prefillq32_b32_h2048_dense_flashmla_multiquery_steady,prefill,flashmla_dense_bf16_multiquery,steady,649.364,0.5640
prefillq32_b32_h262144_dense_flashmla_multiquery_steady,prefill,flashmla_dense_bf16_multiquery,steady,648.637,0.5633
prefillq32_b32_h32768_dense_flashmla_multiquery_steady,prefill,flashmla_dense_bf16_multiquery,steady,727.638,0.6319
prefillq32_b32_h4096_dense_flashmla_multiquery_steady,prefill,flashmla_dense_bf16_multiquery,steady,712.747,0.6190
prefillq32_b32_h524288_dense_flashmla_multiquery_steady,prefill,flashmla_dense_bf16_multiquery,steady,622.999,0.5411
prefillq32_b32_h65536_dense_flashmla_multiquery_steady,prefill,flashmla_dense_bf16_multiquery,steady,681.714,0.5920
prefillq32_b32_h8192_dense_flashmla_multiquery_steady,prefill,flashmla_dense_bf16_multiquery,steady,737.674,0.6406
prefillq32_b4_h131072_dense_flashmla_multiquery_steady,prefill,flashmla_dense_bf16_multiquery,steady,741.311,0.6438
prefillq32_b4_h16384_dense_flashmla_multiquery_steady,prefill,flashmla_dense_bf16_multiquery,steady,742.639,0.6450
prefillq32_b4_h2048_dense_flashmla_multiquery_steady,prefill,flashmla_dense_bf16_multiquery,steady,548.634,0.4765
prefillq32_b4_h262144_dense_flashmla_multiquery_steady,prefill,flashmla_dense_bf16_multiquery,steady,687.046,0.5967
prefillq32_b4_h32768_dense_flashmla_multiquery_steady,prefill,flashmla_dense_bf16_multiquery,steady,741.573,0.6440
prefillq32_b4_h4096_dense_flashmla_multiquery_steady,prefill,flashmla_dense_bf16_multiquery,steady,692.893,0.6018
prefillq32_b4_h524288_dense_flashmla_multiquery_steady,prefill,flashmla_dense_bf16_multiquery,steady,672.791,0.5843
prefillq32_b4_h65536_dense_flashmla_multiquery_steady,prefill,flashmla_dense_bf16_multiquery,steady,743.155,0.6454
prefillq32_b4_h8192_dense_flashmla_multiquery_steady,prefill,flashmla_dense_bf16_multiquery,steady,725.680,0.6302
prefillq32_b64_h131072_dense_flashmla_multiquery_steady,prefill,flashmla_dense_bf16_multiquery,steady,636.808,0.5530
prefillq32_b64_h16384_dense_flashmla_multiquery_steady,prefill,flashmla_dense_bf16_multiquery,steady,663.255,0.5760
prefillq32_b64_h2048_dense_flashmla_multiquery_steady,prefill,flashmla_dense_bf16_multiquery,steady,652.233,0.5664
prefillq32_b64_h262144_dense_flashmla_multiquery_steady,prefill,flashmla_dense_bf16_multiquery,steady,618.641,0.5373
prefillq32_b64_h32768_dense_flashmla_multiquery_steady,prefill,flashmla_dense_bf16_multiquery,steady,668.066,0.5802
prefillq32_b64_h4096_dense_flashmla_multiquery_steady,prefill,flashmla_dense_bf16_multiquery,steady,704.289,0.6117
prefillq32_b64_h524288_dense_flashmla_multiquery_steady,prefill,flashmla_dense_bf16_multiquery,steady,611.897,0.5314
prefillq32_b64_h65536_dense_flashmla_multiquery_steady,prefill,flashmla_dense_bf16_multiquery,steady,624.800,0.5426
prefillq32_b64_h8192_dense_flashmla_multiquery_steady,prefill,flashmla_dense_bf16_multiquery,steady,697.825,0.6060
prefillq32_b8_h131072_dense_flashmla_multiquery_steady,prefill,flashmla_dense_bf16_multiquery,steady,706.773,0.6138
prefillq32_b8_h16384_dense_flashmla_multiquery_steady,prefill,flashmla_dense_bf16_multiquery,steady,745.274,0.6472
prefillq32_b8_h2048_dense_flashmla_multiquery_steady,prefill,flashmla_dense_bf16_multiquery,steady,611.391,0.5310
prefillq32_b8_h262144_dense_flashmla_multiquery_steady,prefill,flashmla_dense_bf16_multiquery,steady,663.418,0.5762
prefillq32_b8_h32768_dense_flashmla_multiquery_steady,prefill,flashmla_dense_bf16_multiquery,steady,749.748,0.6511
prefillq32_b8_h4096_dense_flashmla_multiquery_steady,prefill,flashmla_dense_bf16_multiquery,steady,678.930,0.5896
prefillq32_b8_h524288_dense_flashmla_multiquery_steady,prefill,flashmla_dense_bf16_multiquery,steady,657.439,0.5710
prefillq32_b8_h65536_dense_flashmla_multiquery_steady,prefill,flashmla_dense_bf16_multiquery,steady,728.037,0.6323
prefillq32_b8_h8192_dense_flashmla_multiquery_steady,prefill,flashmla_dense_bf16_multiquery,steady,706.131,0.6133
prefillq4096_b16_h131072_dense_flashmla_multiquery_steady,prefill,flashmla_dense_bf16_multiquery,steady,614.041,0.5333
prefillq4096_b16_h16384_dense_flashmla_multiquery_steady,prefill,flashmla_dense_bf16_multiquery,steady,672.764,0.5843
prefillq4096_b16_h2048_dense_flashmla_multiquery_steady,prefill,flashmla_dense_bf16_multiquery,steady,931.208,0.8087
prefillq4096_b16_h262144_dense_flashmla_multiquery_steady,prefill,flashmla_dense_bf16_multiquery,steady,612.833,0.5322
prefillq4096_b16_h32768_dense_flashmla_multiquery_steady,prefill,flashmla_dense_bf16_multiquery,steady,634.939,0.5514
prefillq4096_b16_h4096_dense_flashmla_multiquery_steady,prefill,flashmla_dense_bf16_multiquery,steady,803.537,0.6978
prefillq4096_b16_h524288_dense_flashmla_multiquery_steady,prefill,flashmla_dense_bf16_multiquery,steady,608.245,0.5282
prefillq4096_b16_h65536_dense_flashmla_multiquery_steady,prefill,flashmla_dense_bf16_multiquery,steady,615.790,0.5348
prefillq4096_b16_h8192_dense_flashmla_multiquery_steady,prefill,flashmla_dense_bf16_multiquery,steady,734.700,0.6381
prefillq4096_b1_h131072_dense_flashmla_multiquery_steady,prefill,flashmla_dense_bf16_multiquery,steady,639.597,0.5555
prefillq4096_b1_h16384_dense_flashmla_multiquery_steady,prefill,flashmla_dense_bf16_multiquery,steady,680.794,0.5912
prefillq4096_b1_h2048_dense_flashmla_multiquery_steady,prefill,flashmla_dense_bf16_multiquery,steady,1018.983,0.8850
prefillq4096_b1_h262144_dense_flashmla_multiquery_steady,prefill,flashmla_dense_bf16_multiquery,steady,626.124,0.5438
prefillq4096_b1_h32768_dense_flashmla_multiquery_steady,prefill,flashmla_dense_bf16_multiquery,steady,705.781,0.6129
prefillq4096_b1_h4096_dense_flashmla_multiquery_steady,prefill,flashmla_dense_bf16_multiquery,steady,946.855,0.8223
prefillq4096_b1_h524288_dense_flashmla_multiquery_steady,prefill,flashmla_dense_bf16_multiquery,steady,616.857,0.5357
prefillq4096_b1_h65536_dense_flashmla_multiquery_steady,prefill,flashmla_dense_bf16_multiquery,steady,652.723,0.5669
prefillq4096_b1_h8192_dense_flashmla_multiquery_steady,prefill,flashmla_dense_bf16_multiquery,steady,806.174,0.7001
prefillq4096_b2_h131072_dense_flashmla_multiquery_steady,prefill,flashmla_dense_bf16_multiquery,steady,625.316,0.5431
prefillq4096_b2_h16384_dense_flashmla_multiquery_steady,prefill,flashmla_dense_bf16_multiquery,steady,680.976,0.5914
prefillq4096_b2_h2048_dense_flashmla_multiquery_steady,prefill,flashmla_dense_bf16_multiquery,steady,936.662,0.8135
prefillq4096_b2_h262144_dense_flashmla_multiquery_steady,prefill,flashmla_dense_bf16_multiquery,steady,617.979,0.5367
prefillq4096_b2_h32768_dense_flashmla_multiquery_steady,prefill,flashmla_dense_bf16_multiquery,steady,667.118,0.5794
prefillq4096_b2_h4096_dense_flashmla_multiquery_steady,prefill,flashmla_dense_bf16_multiquery,steady,857.496,0.7447
prefillq4096_b2_h524288_dense_flashmla_multiquery_steady,prefill,flashmla_dense_bf16_multiquery,steady,613.699,0.5330
prefillq4096_b2_h65536_dense_flashmla_multiquery_steady,prefill,flashmla_dense_bf16_multiquery,steady,644.603,0.5598
prefillq4096_b2_h8192_dense_flashmla_multiquery_steady,prefill,flashmla_dense_bf16_multiquery,steady,777.897,0.6756
prefillq4096_b32_h131072_dense_flashmla_multiquery_steady,prefill,flashmla_dense_bf16_multiquery,steady,611.734,0.5313
prefillq4096_b32_h16384_dense_flashmla_multiquery_steady,prefill,flashmla_dense_bf16_multiquery,steady,670.471,0.5823
prefillq4096_b32_h2048_dense_flashmla_multiquery_steady,prefill,flashmla_dense_bf16_multiquery,steady,899.708,0.7814
prefillq4096_b32_h262144_dense_flashmla_multiquery_steady,prefill,flashmla_dense_bf16_multiquery,steady,609.300,0.5292
prefillq4096_b32_h32768_dense_flashmla_multiquery_steady,prefill,flashmla_dense_bf16_multiquery,steady,633.986,0.5506
prefillq4096_b32_h4096_dense_flashmla_multiquery_steady,prefill,flashmla_dense_bf16_multiquery,steady,803.907,0.6982
prefillq4096_b32_h524288_dense_flashmla_multiquery_steady,prefill,flashmla_dense_bf16_multiquery,steady,604.743,0.5252
prefillq4096_b32_h65536_dense_flashmla_multiquery_steady,prefill,flashmla_dense_bf16_multiquery,steady,617.885,0.5366
prefillq4096_b32_h8192_dense_flashmla_multiquery_steady,prefill,flashmla_dense_bf16_multiquery,steady,729.648,0.6337
prefillq4096_b4_h131072_dense_flashmla_multiquery_steady,prefill,flashmla_dense_bf16_multiquery,steady,619.224,0.5378
prefillq4096_b4_h16384_dense_flashmla_multiquery_steady,prefill,flashmla_dense_bf16_multiquery,steady,684.817,0.5947
prefillq4096_b4_h2048_dense_flashmla_multiquery_steady,prefill,flashmla_dense_bf16_multiquery,steady,913.650,0.7935
prefillq4096_b4_h262144_dense_flashmla_multiquery_steady,prefill,flashmla_dense_bf16_multiquery,steady,612.139,0.5316
prefillq4096_b4_h32768_dense_flashmla_multiquery_steady,prefill,flashmla_dense_bf16_multiquery,steady,649.984,0.5645
prefillq4096_b4_h4096_dense_flashmla_multiquery_steady,prefill,flashmla_dense_bf16_multiquery,steady,845.743,0.7345
prefillq4096_b4_h524288_dense_flashmla_multiquery_steady,prefill,flashmla_dense_bf16_multiquery,steady,612.472,0.5319
prefillq4096_b4_h65536_dense_flashmla_multiquery_steady,prefill,flashmla_dense_bf16_multiquery,steady,630.567,0.5476
prefillq4096_b4_h8192_dense_flashmla_multiquery_steady,prefill,flashmla_dense_bf16_multiquery,steady,753.123,0.6541
prefillq4096_b64_h131072_dense_flashmla_multiquery_steady,prefill,flashmla_dense_bf16_multiquery,steady,610.751,0.5304
prefillq4096_b64_h16384_dense_flashmla_multiquery_steady,prefill,flashmla_dense_bf16_multiquery,steady,670.446,0.5823
prefillq4096_b64_h2048_dense_flashmla_multiquery_steady,prefill,flashmla_dense_bf16_multiquery,steady,878.239,0.7627
prefillq4096_b64_h32768_dense_flashmla_multiquery_steady,prefill,flashmla_dense_bf16_multiquery,steady,635.263,0.5517
prefillq4096_b64_h4096_dense_flashmla_multiquery_steady,prefill,flashmla_dense_bf16_multiquery,steady,806.913,0.7008
prefillq4096_b64_h65536_dense_flashmla_multiquery_steady,prefill,flashmla_dense_bf16_multiquery,steady,615.823,0.5348
prefillq4096_b64_h8192_dense_flashmla_multiquery_steady,prefill,flashmla_dense_bf16_multiquery,steady,729.826,0.6338
prefillq4096_b8_h131072_dense_flashmla_multiquery_steady,prefill,flashmla_dense_bf16_multiquery,steady,612.549,0.5320
prefillq4096_b8_h16384_dense_flashmla_multiquery_steady,prefill,flashmla_dense_bf16_multiquery,steady,681.237,0.5916
prefillq4096_b8_h2048_dense_flashmla_multiquery_steady,prefill,flashmla_dense_bf16_multiquery,steady,920.572,0.7995
prefillq4096_b8_h262144_dense_flashmla_multiquery_steady,prefill,flashmla_dense_bf16_multiquery,steady,611.324,0.5309
prefillq4096_b8_h32768_dense_flashmla_multiquery_steady,prefill,flashmla_dense_bf16_multiquery,steady,642.029,0.5576
prefillq4096_b8_h4096_dense_flashmla_multiquery_steady,prefill,flashmla_dense_bf16_multiquery,steady,837.142,0.7270
prefillq4096_b8_h524288_dense_flashmla_multiquery_steady,prefill,flashmla_dense_bf16_multiquery,steady,610.127,0.5299
prefillq4096_b8_h65536_dense_flashmla_multiquery_steady,prefill,flashmla_dense_bf16_multiquery,steady,623.597,0.5416
prefillq4096_b8_h8192_dense_flashmla_multiquery_steady,prefill,flashmla_dense_bf16_multiquery,steady,749.296,0.6507
prefillq4_b128_h131072_dense_flashmla_multiquery_steady,prefill,flashmla_dense_bf16_multiquery,steady,637.048,0.5533
prefillq4_b128_h16384_dense_flashmla_multiquery_steady,prefill,flashmla_dense_bf16_multiquery,steady,721.924,0.6270
prefillq4_b128_h2048_dense_flashmla_multiquery_steady,prefill,flashmla_dense_bf16_multiquery,steady,585.612,0.5086
prefillq4_b128_h262144_dense_flashmla_multiquery_steady,prefill,flashmla_dense_bf16_multiquery,steady,656.766,0.5704
prefillq4_b128_h32768_dense_flashmla_multiquery_steady,prefill,flashmla_dense_bf16_multiquery,steady,731.143,0.6350
prefillq4_b128_h4096_dense_flashmla_multiquery_steady,prefill,flashmla_dense_bf16_multiquery,steady,644.179,0.5594
prefillq4_b128_h524288_dense_flashmla_multiquery_steady,prefill,flashmla_dense_bf16_multiquery,steady,668.886,0.5809
prefillq4_b128_h65536_dense_flashmla_multiquery_steady,prefill,flashmla_dense_bf16_multiquery,steady,678.399,0.5892
prefillq4_b128_h8192_dense_flashmla_multiquery_steady,prefill,flashmla_dense_bf16_multiquery,steady,679.460,0.5901
prefillq4_b16_h131072_dense_flashmla_multiquery_steady,prefill,flashmla_dense_bf16_multiquery,steady,742.427,0.6448
prefillq4_b16_h16384_dense_flashmla_multiquery_steady,prefill,flashmla_dense_bf16_multiquery,steady,692.975,0.6018
prefillq4_b16_h2048_dense_flashmla_multiquery_steady,prefill,flashmla_dense_bf16_multiquery,steady,377.282,0.3277
prefillq4_b16_h262144_dense_flashmla_multiquery_steady,prefill,flashmla_dense_bf16_multiquery,steady,748.489,0.6500
prefillq4_b16_h32768_dense_flashmla_multiquery_steady,prefill,flashmla_dense_bf16_multiquery,steady,721.735,0.6268
prefillq4_b16_h4096_dense_flashmla_multiquery_steady,prefill,flashmla_dense_bf16_multiquery,steady,492.838,0.4280
prefillq4_b16_h524288_dense_flashmla_multiquery_steady,prefill,flashmla_dense_bf16_multiquery,steady,699.272,0.6073
prefillq4_b16_h65536_dense_flashmla_multiquery_steady,prefill,flashmla_dense_bf16_multiquery,steady,735.494,0.6388
prefillq4_b16_h8192_dense_flashmla_multiquery_steady,prefill,flashmla_dense_bf16_multiquery,steady,651.214,0.5656
prefillq4_b1_h131072_dense_flashmla_multiquery_steady,prefill,flashmla_dense_bf16_multiquery,steady,646.977,0.5619
prefillq4_b1_h16384_dense_flashmla_multiquery_steady,prefill,flashmla_dense_bf16_multiquery,steady,374.191,0.3250
prefillq4_b1_h2048_dense_flashmla_multiquery_steady,prefill,flashmla_dense_bf16_multiquery,steady,96.024,0.0834
prefillq4_b1_h262144_dense_flashmla_multiquery_steady,prefill,flashmla_dense_bf16_multiquery,steady,689.660,0.5989
prefillq4_b1_h32768_dense_flashmla_multiquery_steady,prefill,flashmla_dense_bf16_multiquery,steady,498.776,0.4332
prefillq4_b1_h4096_dense_flashmla_multiquery_steady,prefill,flashmla_dense_bf16_multiquery,steady,151.922,0.1319
prefillq4_b1_h524288_dense_flashmla_multiquery_steady,prefill,flashmla_dense_bf16_multiquery,steady,706.862,0.6139
prefillq4_b1_h65536_dense_flashmla_multiquery_steady,prefill,flashmla_dense_bf16_multiquery,steady,588.409,0.5110
prefillq4_b1_h8192_dense_flashmla_multiquery_steady,prefill,flashmla_dense_bf16_multiquery,steady,250.035,0.2171
prefillq4_b256_h131072_dense_flashmla_multiquery_steady,prefill,flashmla_dense_bf16_multiquery,steady,655.117,0.5689
prefillq4_b256_h16384_dense_flashmla_multiquery_steady,prefill,flashmla_dense_bf16_multiquery,steady,699.097,0.6071
prefillq4_b256_h2048_dense_flashmla_multiquery_steady,prefill,flashmla_dense_bf16_multiquery,steady,597.672,0.5191
prefillq4_b256_h262144_dense_flashmla_multiquery_steady,prefill,flashmla_dense_bf16_multiquery,steady,665.720,0.5782
prefillq4_b256_h32768_dense_flashmla_multiquery_steady,prefill,flashmla_dense_bf16_multiquery,steady,691.795,0.6008
prefillq4_b256_h4096_dense_flashmla_multiquery_steady,prefill,flashmla_dense_bf16_multiquery,steady,653.631,0.5677
prefillq4_b256_h65536_dense_flashmla_multiquery_steady,prefill,flashmla_dense_bf16_multiquery,steady,658.246,0.5717
prefillq4_b256_h8192_dense_flashmla_multiquery_steady,prefill,flashmla_dense_bf16_multiquery,steady,713.588,0.6197
prefillq4_b2_h131072_dense_flashmla_multiquery_steady,prefill,flashmla_dense_bf16_multiquery,steady,723.356,0.6282
prefillq4_b2_h16384_dense_flashmla_multiquery_steady,prefill,flashmla_dense_bf16_multiquery,steady,514.853,0.4471
prefillq4_b2_h2048_dense_flashmla_multiquery_steady,prefill,flashmla_dense_bf16_multiquery,steady,158.303,0.1375
prefillq4_b2_h262144_dense_flashmla_multiquery_steady,prefill,flashmla_dense_bf16_multiquery,steady,739.889,0.6426
prefillq4_b2_h32768_dense_flashmla_multiquery_steady,prefill,flashmla_dense_bf16_multiquery,steady,619.138,0.5377
prefillq4_b2_h4096_dense_flashmla_multiquery_steady,prefill,flashmla_dense_bf16_multiquery,steady,259.537,0.2254
prefillq4_b2_h524288_dense_flashmla_multiquery_steady,prefill,flashmla_dense_bf16_multiquery,steady,748.266,0.6498
prefillq4_b2_h65536_dense_flashmla_multiquery_steady,prefill,flashmla_dense_bf16_multiquery,steady,679.935,0.5905
prefillq4_b2_h8192_dense_flashmla_multiquery_steady,prefill,flashmla_dense_bf16_multiquery,steady,374.825,0.3255
prefillq4_b32_h131072_dense_flashmla_multiquery_steady,prefill,flashmla_dense_bf16_multiquery,steady,738.158,0.6411
prefillq4_b32_h16384_dense_flashmla_multiquery_steady,prefill,flashmla_dense_bf16_multiquery,steady,711.420,0.6178
prefillq4_b32_h2048_dense_flashmla_multiquery_steady,prefill,flashmla_dense_bf16_multiquery,steady,540.021,0.4690
prefillq4_b32_h262144_dense_flashmla_multiquery_steady,prefill,flashmla_dense_bf16_multiquery,steady,672.473,0.5840
prefillq4_b32_h32768_dense_flashmla_multiquery_steady,prefill,flashmla_dense_bf16_multiquery,steady,727.211,0.6316
prefillq4_b32_h4096_dense_flashmla_multiquery_steady,prefill,flashmla_dense_bf16_multiquery,steady,635.634,0.5520
prefillq4_b32_h524288_dense_flashmla_multiquery_steady,prefill,flashmla_dense_bf16_multiquery,steady,625.373,0.5431
prefillq4_b32_h65536_dense_flashmla_multiquery_steady,prefill,flashmla_dense_bf16_multiquery,steady,732.802,0.6364
prefillq4_b32_h8192_dense_flashmla_multiquery_steady,prefill,flashmla_dense_bf16_multiquery,steady,679.424,0.5901
prefillq4_b4_h131072_dense_flashmla_multiquery_steady,prefill,flashmla_dense_bf16_multiquery,steady,739.689,0.6424
prefillq4_b4_h16384_dense_flashmla_multiquery_steady,prefill,flashmla_dense_bf16_multiquery,steady,613.399,0.5327
prefillq4_b4_h2048_dense_flashmla_multiquery_steady,prefill,flashmla_dense_bf16_multiquery,steady,253.022,0.2197
prefillq4_b4_h262144_dense_flashmla_multiquery_steady,prefill,flashmla_dense_bf16_multiquery,steady,747.891,0.6495
prefillq4_b4_h32768_dense_flashmla_multiquery_steady,prefill,flashmla_dense_bf16_multiquery,steady,674.731,0.5860
prefillq4_b4_h4096_dense_flashmla_multiquery_steady,prefill,flashmla_dense_bf16_multiquery,steady,365.344,0.3173
prefillq4_b4_h524288_dense_flashmla_multiquery_steady,prefill,flashmla_dense_bf16_multiquery,steady,750.395,0.6517
prefillq4_b4_h65536_dense_flashmla_multiquery_steady,prefill,flashmla_dense_bf16_multiquery,steady,720.886,0.6261
prefillq4_b4_h8192_dense_flashmla_multiquery_steady,prefill,flashmla_dense_bf16_multiquery,steady,482.497,0.4190
prefillq4_b64_h131072_dense_flashmla_multiquery_steady,prefill,flashmla_dense_bf16_multiquery,steady,663.119,0.5759
prefillq4_b64_h16384_dense_flashmla_multiquery_steady,prefill,flashmla_dense_bf16_multiquery,steady,717.763,0.6234
prefillq4_b64_h2048_dense_flashmla_multiquery_steady,prefill,flashmla_dense_bf16_multiquery,steady,580.965,0.5045
prefillq4_b64_h262144_dense_flashmla_multiquery_steady,prefill,flashmla_dense_bf16_multiquery,steady,632.208,0.5491
prefillq4_b64_h32768_dense_flashmla_multiquery_steady,prefill,flashmla_dense_bf16_multiquery,steady,728.423,0.6326
prefillq4_b64_h4096_dense_flashmla_multiquery_steady,prefill,flashmla_dense_bf16_multiquery,steady,642.473,0.5580
prefillq4_b64_h524288_dense_flashmla_multiquery_steady,prefill,flashmla_dense_bf16_multiquery,steady,661.034,0.5741
prefillq4_b64_h65536_dense_flashmla_multiquery_steady,prefill,flashmla_dense_bf16_multiquery,steady,712.549,0.6188
prefillq4_b64_h8192_dense_flashmla_multiquery_steady,prefill,flashmla_dense_bf16_multiquery,steady,698.494,0.6066
prefillq4_b8_h131072_dense_flashmla_multiquery_steady,prefill,flashmla_dense_bf16_multiquery,steady,745.202,0.6472
prefillq4_b8_h16384_dense_flashmla_multiquery_steady,prefill,flashmla_dense_bf16_multiquery,steady,666.150,0.5785
prefillq4_b8_h2048_dense_flashmla_multiquery_steady,prefill,flashmla_dense_bf16_multiquery,steady,334.154,0.2902
prefillq4_b8_h262144_dense_flashmla_multiquery_steady,prefill,flashmla_dense_bf16_multiquery,steady,749.442,0.6509
prefillq4_b8_h32768_dense_flashmla_multiquery_steady,prefill,flashmla_dense_bf16_multiquery,steady,716.165,0.6220
prefillq4_b8_h4096_dense_flashmla_multiquery_steady,prefill,flashmla_dense_bf16_multiquery,steady,491.755,0.4271
prefillq4_b8_h524288_dense_flashmla_multiquery_steady,prefill,flashmla_dense_bf16_multiquery,steady,741.368,0.6439
prefillq4_b8_h65536_dense_flashmla_multiquery_steady,prefill,flashmla_dense_bf16_multiquery,steady,738.434,0.6413
prefillq4_b8_h8192_dense_flashmla_multiquery_steady,prefill,flashmla_dense_bf16_multiquery,steady,602.069,0.5229
prefillq512_b128_h131072_dense_flashmla_multiquery_steady,prefill,flashmla_dense_bf16_multiquery,steady,596.647,0.5182
prefillq512_b128_h16384_dense_flashmla_multiquery_steady,prefill,flashmla_dense_bf16_multiquery,steady,615.977,0.5350
prefillq512_b128_h2048_dense_flashmla_multiquery_steady,prefill,flashmla_dense_bf16_multiquery,steady,673.916,0.5853
prefillq512_b128_h262144_dense_flashmla_multiquery_steady,prefill,flashmla_dense_bf16_multiquery,steady,596.625,0.5181
prefillq512_b128_h32768_dense_flashmla_multiquery_steady,prefill,flashmla_dense_bf16_multiquery,steady,600.146,0.5212
prefillq512_b128_h4096_dense_flashmla_multiquery_steady,prefill,flashmla_dense_bf16_multiquery,steady,643.948,0.5592
prefillq512_b128_h65536_dense_flashmla_multiquery_steady,prefill,flashmla_dense_bf16_multiquery,steady,595.977,0.5176
prefillq512_b128_h8192_dense_flashmla_multiquery_steady,prefill,flashmla_dense_bf16_multiquery,steady,641.906,0.5575
prefillq512_b16_h131072_dense_flashmla_multiquery_steady,prefill,flashmla_dense_bf16_multiquery,steady,613.308,0.5326
prefillq512_b16_h16384_dense_flashmla_multiquery_steady,prefill,flashmla_dense_bf16_multiquery,steady,627.119,0.5446
prefillq512_b16_h2048_dense_flashmla_multiquery_steady,prefill,flashmla_dense_bf16_multiquery,steady,737.566,0.6406
prefillq512_b16_h262144_dense_flashmla_multiquery_steady,prefill,flashmla_dense_bf16_multiquery,steady,605.436,0.5258
prefillq512_b16_h32768_dense_flashmla_multiquery_steady,prefill,flashmla_dense_bf16_multiquery,steady,633.499,0.5502
prefillq512_b16_h4096_dense_flashmla_multiquery_steady,prefill,flashmla_dense_bf16_multiquery,steady,705.860,0.6130
prefillq512_b16_h524288_dense_flashmla_multiquery_steady,prefill,flashmla_dense_bf16_multiquery,steady,601.782,0.5226
prefillq512_b16_h65536_dense_flashmla_multiquery_steady,prefill,flashmla_dense_bf16_multiquery,steady,624.132,0.5420
prefillq512_b16_h8192_dense_flashmla_multiquery_steady,prefill,flashmla_dense_bf16_multiquery,steady,678.720,0.5894
prefillq512_b1_h131072_dense_flashmla_multiquery_steady,prefill,flashmla_dense_bf16_multiquery,steady,670.029,0.5819
prefillq512_b1_h16384_dense_flashmla_multiquery_steady,prefill,flashmla_dense_bf16_multiquery,steady,767.319,0.6664
prefillq512_b1_h2048_dense_flashmla_multiquery_steady,prefill,flashmla_dense_bf16_multiquery,steady,689.769,0.5990
prefillq512_b1_h262144_dense_flashmla_multiquery_steady,prefill,flashmla_dense_bf16_multiquery,steady,675.979,0.5871
prefillq512_b1_h32768_dense_flashmla_multiquery_steady,prefill,flashmla_dense_bf16_multiquery,steady,745.676,0.6476
prefillq512_b1_h4096_dense_flashmla_multiquery_steady,prefill,flashmla_dense_bf16_multiquery,steady,745.946,0.6478
prefillq512_b1_h524288_dense_flashmla_multiquery_steady,prefill,flashmla_dense_bf16_multiquery,steady,647.259,0.5621
prefillq512_b1_h65536_dense_flashmla_multiquery_steady,prefill,flashmla_dense_bf16_multiquery,steady,711.005,0.6175
prefillq512_b1_h8192_dense_flashmla_multiquery_steady,prefill,flashmla_dense_bf16_multiquery,steady,757.082,0.6575
prefillq512_b256_h131072_dense_flashmla_multiquery_steady,prefill,flashmla_dense_bf16_multiquery,steady,595.517,0.5172
prefillq512_b256_h16384_dense_flashmla_multiquery_steady,prefill,flashmla_dense_bf16_multiquery,steady,614.962,0.5341
prefillq512_b256_h2048_dense_flashmla_multiquery_steady,prefill,flashmla_dense_bf16_multiquery,steady,681.195,0.5916
prefillq512_b256_h32768_dense_flashmla_multiquery_steady,prefill,flashmla_dense_bf16_multiquery,steady,596.959,0.5184
prefillq512_b256_h4096_dense_flashmla_multiquery_steady,prefill,flashmla_dense_bf16_multiquery,steady,659.448,0.5727
prefillq512_b256_h65536_dense_flashmla_multiquery_steady,prefill,flashmla_dense_bf16_multiquery,steady,594.788,0.5166
prefillq512_b256_h8192_dense_flashmla_multiquery_steady,prefill,flashmla_dense_bf16_multiquery,steady,638.070,0.5541
prefillq512_b2_h131072_dense_flashmla_multiquery_steady,prefill,flashmla_dense_bf16_multiquery,steady,660.055,0.5732
prefillq512_b2_h16384_dense_flashmla_multiquery_steady,prefill,flashmla_dense_bf16_multiquery,steady,764.416,0.6639
prefillq512_b2_h2048_dense_flashmla_multiquery_steady,prefill,flashmla_dense_bf16_multiquery,steady,643.516,0.5589
prefillq512_b2_h262144_dense_flashmla_multiquery_steady,prefill,flashmla_dense_bf16_multiquery,steady,643.902,0.5592
prefillq512_b2_h32768_dense_flashmla_multiquery_steady,prefill,flashmla_dense_bf16_multiquery,steady,708.582,0.6154
prefillq512_b2_h4096_dense_flashmla_multiquery_steady,prefill,flashmla_dense_bf16_multiquery,steady,768.099,0.6671
prefillq512_b2_h524288_dense_flashmla_multiquery_steady,prefill,flashmla_dense_bf16_multiquery,steady,628.352,0.5457
prefillq512_b2_h65536_dense_flashmla_multiquery_steady,prefill,flashmla_dense_bf16_multiquery,steady,670.430,0.5822
prefillq512_b2_h8192_dense_flashmla_multiquery_steady,prefill,flashmla_dense_bf16_multiquery,steady,769.322,0.6681
prefillq512_b32_h131072_dense_flashmla_multiquery_steady,prefill,flashmla_dense_bf16_multiquery,steady,603.862,0.5244
prefillq512_b32_h16384_dense_flashmla_multiquery_steady,prefill,flashmla_dense_bf16_multiquery,steady,621.041,0.5394
prefillq512_b32_h2048_dense_flashmla_multiquery_steady,prefill,flashmla_dense_bf16_multiquery,steady,718.015,0.6236
prefillq512_b32_h262144_dense_flashmla_multiquery_steady,prefill,flashmla_dense_bf16_multiquery,steady,601.132,0.5221
prefillq512_b32_h32768_dense_flashmla_multiquery_steady,prefill,flashmla_dense_bf16_multiquery,steady,612.097,0.5316
prefillq512_b32_h4096_dense_flashmla_multiquery_steady,prefill,flashmla_dense_bf16_multiquery,steady,675.554,0.5867
prefillq512_b32_h524288_dense_flashmla_multiquery_steady,prefill,flashmla_dense_bf16_multiquery,steady,599.035,0.5202
prefillq512_b32_h65536_dense_flashmla_multiquery_steady,prefill,flashmla_dense_bf16_multiquery,steady,605.169,0.5256
prefillq512_b32_h8192_dense_flashmla_multiquery_steady,prefill,flashmla_dense_bf16_multiquery,steady,629.471,0.5467
prefillq512_b4_h131072_dense_flashmla_multiquery_steady,prefill,flashmla_dense_bf16_multiquery,steady,646.590,0.5615
prefillq512_b4_h16384_dense_flashmla_multiquery_steady,prefill,flashmla_dense_bf16_multiquery,steady,728.694,0.6328
prefillq512_b4_h2048_dense_flashmla_multiquery_steady,prefill,flashmla_dense_bf16_multiquery,steady,730.599,0.6345
prefillq512_b4_h262144_dense_flashmla_multiquery_steady,prefill,flashmla_dense_bf16_multiquery,steady,629.117,0.5464
prefillq512_b4_h32768_dense_flashmla_multiquery_steady,prefill,flashmla_dense_bf16_multiquery,steady,663.596,0.5763
prefillq512_b4_h4096_dense_flashmla_multiquery_steady,prefill,flashmla_dense_bf16_multiquery,steady,766.948,0.6661
prefillq512_b4_h524288_dense_flashmla_multiquery_steady,prefill,flashmla_dense_bf16_multiquery,steady,614.929,0.5340
prefillq512_b4_h65536_dense_flashmla_multiquery_steady,prefill,flashmla_dense_bf16_multiquery,steady,640.124,0.5559
prefillq512_b4_h8192_dense_flashmla_multiquery_steady,prefill,flashmla_dense_bf16_multiquery,steady,697.714,0.6059
prefillq512_b64_h131072_dense_flashmla_multiquery_steady,prefill,flashmla_dense_bf16_multiquery,steady,599.709,0.5208
prefillq512_b64_h16384_dense_flashmla_multiquery_steady,prefill,flashmla_dense_bf16_multiquery,steady,626.028,0.5437
prefillq512_b64_h2048_dense_flashmla_multiquery_steady,prefill,flashmla_dense_bf16_multiquery,steady,655.474,0.5693
prefillq512_b64_h262144_dense_flashmla_multiquery_steady,prefill,flashmla_dense_bf16_multiquery,steady,598.767,0.5200
prefillq512_b64_h32768_dense_flashmla_multiquery_steady,prefill,flashmla_dense_bf16_multiquery,steady,604.857,0.5253
prefillq512_b64_h4096_dense_flashmla_multiquery_steady,prefill,flashmla_dense_bf16_multiquery,steady,656.204,0.5699
prefillq512_b64_h524288_dense_flashmla_multiquery_steady,prefill,flashmla_dense_bf16_multiquery,steady,598.123,0.5195
prefillq512_b64_h65536_dense_flashmla_multiquery_steady,prefill,flashmla_dense_bf16_multiquery,steady,600.593,0.5216
prefillq512_b64_h8192_dense_flashmla_multiquery_steady,prefill,flashmla_dense_bf16_multiquery,steady,655.618,0.5694
prefillq512_b8_h131072_dense_flashmla_multiquery_steady,prefill,flashmla_dense_bf16_multiquery,steady,630.538,0.5476
prefillq512_b8_h16384_dense_flashmla_multiquery_steady,prefill,flashmla_dense_bf16_multiquery,steady,670.474,0.5823
prefillq512_b8_h2048_dense_flashmla_multiquery_steady,prefill,flashmla_dense_bf16_multiquery,steady,739.368,0.6421
prefillq512_b8_h262144_dense_flashmla_multiquery_steady,prefill,flashmla_dense_bf16_multiquery,steady,613.968,0.5332
prefillq512_b8_h32768_dense_flashmla_multiquery_steady,prefill,flashmla_dense_bf16_multiquery,steady,637.820,0.5539
prefillq512_b8_h4096_dense_flashmla_multiquery_steady,prefill,flashmla_dense_bf16_multiquery,steady,732.915,0.6365
prefillq512_b8_h524288_dense_flashmla_multiquery_steady,prefill,flashmla_dense_bf16_multiquery,steady,607.851,0.5279
prefillq512_b8_h65536_dense_flashmla_multiquery_steady,prefill,flashmla_dense_bf16_multiquery,steady,638.336,0.5544
prefillq512_b8_h8192_dense_flashmla_multiquery_steady,prefill,flashmla_dense_bf16_multiquery,steady,694.762,0.6034
prefillq64_b128_h131072_dense_flashmla_multiquery_steady,prefill,flashmla_dense_bf16_multiquery,steady,611.834,0.5314
prefillq64_b128_h16384_dense_flashmla_multiquery_steady,prefill,flashmla_dense_bf16_multiquery,steady,613.398,0.5327
prefillq64_b128_h2048_dense_flashmla_multiquery_steady,prefill,flashmla_dense_bf16_multiquery,steady,655.006,0.5689
prefillq64_b128_h262144_dense_flashmla_multiquery_steady,prefill,flashmla_dense_bf16_multiquery,steady,607.419,0.5275
prefillq64_b128_h32768_dense_flashmla_multiquery_steady,prefill,flashmla_dense_bf16_multiquery,steady,633.147,0.5499
prefillq64_b128_h4096_dense_flashmla_multiquery_steady,prefill,flashmla_dense_bf16_multiquery,steady,655.473,0.5693
prefillq64_b128_h524288_dense_flashmla_multiquery_steady,prefill,flashmla_dense_bf16_multiquery,steady,607.065,0.5272
prefillq64_b128_h65536_dense_flashmla_multiquery_steady,prefill,flashmla_dense_bf16_multiquery,steady,617.371,0.5362
prefillq64_b128_h8192_dense_flashmla_multiquery_steady,prefill,flashmla_dense_bf16_multiquery,steady,665.514,0.5780
prefillq64_b16_h131072_dense_flashmla_multiquery_steady,prefill,flashmla_dense_bf16_multiquery,steady,654.347,0.5683
prefillq64_b16_h16384_dense_flashmla_multiquery_steady,prefill,flashmla_dense_bf16_multiquery,steady,733.737,0.6372
prefillq64_b16_h2048_dense_flashmla_multiquery_steady,prefill,flashmla_dense_bf16_multiquery,steady,603.474,0.5241
prefillq64_b16_h262144_dense_flashmla_multiquery_steady,prefill,flashmla_dense_bf16_multiquery,steady,643.860,0.5592
prefillq64_b16_h32768_dense_flashmla_multiquery_steady,prefill,flashmla_dense_bf16_multiquery,steady,688.289,0.5978
prefillq64_b16_h4096_dense_flashmla_multiquery_steady,prefill,flashmla_dense_bf16_multiquery,steady,717.876,0.6235
prefillq64_b16_h524288_dense_flashmla_multiquery_steady,prefill,flashmla_dense_bf16_multiquery,steady,629.404,0.5466
prefillq64_b16_h65536_dense_flashmla_multiquery_steady,prefill,flashmla_dense_bf16_multiquery,steady,622.502,0.5406
prefillq64_b16_h8192_dense_flashmla_multiquery_steady,prefill,flashmla_dense_bf16_multiquery,steady,742.194,0.6446
prefillq64_b1_h131072_dense_flashmla_multiquery_steady,prefill,flashmla_dense_bf16_multiquery,steady,755.892,0.6565
prefillq64_b1_h16384_dense_flashmla_multiquery_steady,prefill,flashmla_dense_bf16_multiquery,steady,717.118,0.6228
prefillq64_b1_h2048_dense_flashmla_multiquery_steady,prefill,flashmla_dense_bf16_multiquery,steady,475.374,0.4128
prefillq64_b1_h262144_dense_flashmla_multiquery_steady,prefill,flashmla_dense_bf16_multiquery,steady,761.563,0.6614
prefillq64_b1_h32768_dense_flashmla_multiquery_steady,prefill,flashmla_dense_bf16_multiquery,steady,738.545,0.6414
prefillq64_b1_h4096_dense_flashmla_multiquery_steady,prefill,flashmla_dense_bf16_multiquery,steady,595.938,0.5176
prefillq64_b1_h524288_dense_flashmla_multiquery_steady,prefill,flashmla_dense_bf16_multiquery,steady,754.879,0.6556
prefillq64_b1_h65536_dense_flashmla_multiquery_steady,prefill,flashmla_dense_bf16_multiquery,steady,750.305,0.6516
prefillq64_b1_h8192_dense_flashmla_multiquery_steady,prefill,flashmla_dense_bf16_multiquery,steady,670.235,0.5821
prefillq64_b256_h131072_dense_flashmla_multiquery_steady,prefill,flashmla_dense_bf16_multiquery,steady,609.832,0.5296
prefillq64_b256_h16384_dense_flashmla_multiquery_steady,prefill,flashmla_dense_bf16_multiquery,steady,652.101,0.5663
prefillq64_b256_h2048_dense_flashmla_multiquery_steady,prefill,flashmla_dense_bf16_multiquery,steady,633.732,0.5504
prefillq64_b256_h262144_dense_flashmla_multiquery_steady,prefill,flashmla_dense_bf16_multiquery,steady,608.727,0.5287
prefillq64_b256_h32768_dense_flashmla_multiquery_steady,prefill,flashmla_dense_bf16_multiquery,steady,618.397,0.5371
prefillq64_b256_h4096_dense_flashmla_multiquery_steady,prefill,flashmla_dense_bf16_multiquery,steady,655.715,0.5695
prefillq64_b256_h65536_dense_flashmla_multiquery_steady,prefill,flashmla_dense_bf16_multiquery,steady,606.203,0.5265
prefillq64_b256_h8192_dense_flashmla_multiquery_steady,prefill,flashmla_dense_bf16_multiquery,steady,651.953,0.5662
prefillq64_b2_h131072_dense_flashmla_multiquery_steady,prefill,flashmla_dense_bf16_multiquery,steady,738.889,0.6417
prefillq64_b2_h16384_dense_flashmla_multiquery_steady,prefill,flashmla_dense_bf16_multiquery,steady,739.806,0.6425
prefillq64_b2_h2048_dense_flashmla_multiquery_steady,prefill,flashmla_dense_bf16_multiquery,steady,608.510,0.5285
prefillq64_b2_h262144_dense_flashmla_multiquery_steady,prefill,flashmla_dense_bf16_multiquery,steady,698.251,0.6064
prefillq64_b2_h32768_dense_flashmla_multiquery_steady,prefill,flashmla_dense_bf16_multiquery,steady,744.275,0.6464
prefillq64_b2_h4096_dense_flashmla_multiquery_steady,prefill,flashmla_dense_bf16_multiquery,steady,651.643,0.5659
prefillq64_b2_h524288_dense_flashmla_multiquery_steady,prefill,flashmla_dense_bf16_multiquery,steady,675.699,0.5868
prefillq64_b2_h65536_dense_flashmla_multiquery_steady,prefill,flashmla_dense_bf16_multiquery,steady,740.967,0.6435
prefillq64_b2_h8192_dense_flashmla_multiquery_steady,prefill,flashmla_dense_bf16_multiquery,steady,679.980,0.5905
prefillq64_b32_h131072_dense_flashmla_multiquery_steady,prefill,flashmla_dense_bf16_multiquery,steady,643.098,0.5585
prefillq64_b32_h16384_dense_flashmla_multiquery_steady,prefill,flashmla_dense_bf16_multiquery,steady,670.402,0.5822
prefillq64_b32_h2048_dense_flashmla_multiquery_steady,prefill,flashmla_dense_bf16_multiquery,steady,646.677,0.5616
prefillq64_b32_h262144_dense_flashmla_multiquery_steady,prefill,flashmla_dense_bf16_multiquery,steady,626.137,0.5438
prefillq64_b32_h32768_dense_flashmla_multiquery_steady,prefill,flashmla_dense_bf16_multiquery,steady,656.840,0.5704
prefillq64_b32_h4096_dense_flashmla_multiquery_steady,prefill,flashmla_dense_bf16_multiquery,steady,717.107,0.6228
prefillq64_b32_h524288_dense_flashmla_multiquery_steady,prefill,flashmla_dense_bf16_multiquery,steady,615.496,0.5345
prefillq64_b32_h65536_dense_flashmla_multiquery_steady,prefill,flashmla_dense_bf16_multiquery,steady,639.461,0.5554
prefillq64_b32_h8192_dense_flashmla_multiquery_steady,prefill,flashmla_dense_bf16_multiquery,steady,715.705,0.6216
prefillq64_b4_h131072_dense_flashmla_multiquery_steady,prefill,flashmla_dense_bf16_multiquery,steady,729.895,0.6339
prefillq64_b4_h16384_dense_flashmla_multiquery_steady,prefill,flashmla_dense_bf16_multiquery,steady,742.810,0.6451
prefillq64_b4_h2048_dense_flashmla_multiquery_steady,prefill,flashmla_dense_bf16_multiquery,steady,582.805,0.5061
prefillq64_b4_h262144_dense_flashmla_multiquery_steady,prefill,flashmla_dense_bf16_multiquery,steady,687.745,0.5973
prefillq64_b4_h32768_dense_flashmla_multiquery_steady,prefill,flashmla_dense_bf16_multiquery,steady,749.445,0.6509
prefillq64_b4_h4096_dense_flashmla_multiquery_steady,prefill,flashmla_dense_bf16_multiquery,steady,691.589,0.6006
prefillq64_b4_h524288_dense_flashmla_multiquery_steady,prefill,flashmla_dense_bf16_multiquery,steady,648.927,0.5636
prefillq64_b4_h65536_dense_flashmla_multiquery_steady,prefill,flashmla_dense_bf16_multiquery,steady,728.951,0.6331
prefillq64_b4_h8192_dense_flashmla_multiquery_steady,prefill,flashmla_dense_bf16_multiquery,steady,741.877,0.6443
prefillq64_b64_h131072_dense_flashmla_multiquery_steady,prefill,flashmla_dense_bf16_multiquery,steady,620.645,0.5390
prefillq64_b64_h16384_dense_flashmla_multiquery_steady,prefill,flashmla_dense_bf16_multiquery,steady,658.561,0.5719
prefillq64_b64_h2048_dense_flashmla_multiquery_steady,prefill,flashmla_dense_bf16_multiquery,steady,668.026,0.5802
prefillq64_b64_h262144_dense_flashmla_multiquery_steady,prefill,flashmla_dense_bf16_multiquery,steady,612.369,0.5318
prefillq64_b64_h32768_dense_flashmla_multiquery_steady,prefill,flashmla_dense_bf16_multiquery,steady,622.991,0.5410
prefillq64_b64_h4096_dense_flashmla_multiquery_steady,prefill,flashmla_dense_bf16_multiquery,steady,659.469,0.5727
prefillq64_b64_h524288_dense_flashmla_multiquery_steady,prefill,flashmla_dense_bf16_multiquery,steady,611.559,0.5311
prefillq64_b64_h65536_dense_flashmla_multiquery_steady,prefill,flashmla_dense_bf16_multiquery,steady,633.344,0.5500
prefillq64_b64_h8192_dense_flashmla_multiquery_steady,prefill,flashmla_dense_bf16_multiquery,steady,654.941,0.5688
prefillq64_b8_h131072_dense_flashmla_multiquery_steady,prefill,flashmla_dense_bf16_multiquery,steady,682.169,0.5924
prefillq64_b8_h16384_dense_flashmla_multiquery_steady,prefill,flashmla_dense_bf16_multiquery,steady,750.774,0.6520
prefillq64_b8_h2048_dense_flashmla_multiquery_steady,prefill,flashmla_dense_bf16_multiquery,steady,659.639,0.5729
prefillq64_b8_h262144_dense_flashmla_multiquery_steady,prefill,flashmla_dense_bf16_multiquery,steady,658.714,0.5721
prefillq64_b8_h32768_dense_flashmla_multiquery_steady,prefill,flashmla_dense_bf16_multiquery,steady,722.981,0.6279
prefillq64_b8_h4096_dense_flashmla_multiquery_steady,prefill,flashmla_dense_bf16_multiquery,steady,720.723,0.6259
prefillq64_b8_h524288_dense_flashmla_multiquery_steady,prefill,flashmla_dense_bf16_multiquery,steady,640.547,0.5563
prefillq64_b8_h65536_dense_flashmla_multiquery_steady,prefill,flashmla_dense_bf16_multiquery,steady,677.425,0.5883
prefillq64_b8_h8192_dense_flashmla_multiquery_steady,prefill,flashmla_dense_bf16_multiquery,steady,742.937,0.6452
prefillq8192_b16_h131072_dense_flashmla_multiquery_steady,prefill,flashmla_dense_bf16_multiquery,steady,617.511,0.5363
prefillq8192_b16_h16384_dense_flashmla_multiquery_steady,prefill,flashmla_dense_bf16_multiquery,steady,719.425,0.6248
prefillq8192_b16_h2048_dense_flashmla_multiquery_steady,prefill,flashmla_dense_bf16_multiquery,steady,992.491,0.8619
prefillq8192_b16_h262144_dense_flashmla_multiquery_steady,prefill,flashmla_dense_bf16_multiquery,steady,611.438,0.5310
prefillq8192_b16_h32768_dense_flashmla_multiquery_steady,prefill,flashmla_dense_bf16_multiquery,steady,659.918,0.5731
prefillq8192_b16_h4096_dense_flashmla_multiquery_steady,prefill,flashmla_dense_bf16_multiquery,steady,896.062,0.7782
prefillq8192_b16_h524288_dense_flashmla_multiquery_steady,prefill,flashmla_dense_bf16_multiquery,steady,604.459,0.5250
prefillq8192_b16_h65536_dense_flashmla_multiquery_steady,prefill,flashmla_dense_bf16_multiquery,steady,632.841,0.5496
prefillq8192_b16_h8192_dense_flashmla_multiquery_steady,prefill,flashmla_dense_bf16_multiquery,steady,808.977,0.7026
prefillq8192_b1_h131072_dense_flashmla_multiquery_steady,prefill,flashmla_dense_bf16_multiquery,steady,643.163,0.5586
prefillq8192_b1_h16384_dense_flashmla_multiquery_steady,prefill,flashmla_dense_bf16_multiquery,steady,779.987,0.6774
prefillq8192_b1_h2048_dense_flashmla_multiquery_steady,prefill,flashmla_dense_bf16_multiquery,steady,1071.672,0.9307
prefillq8192_b1_h262144_dense_flashmla_multiquery_steady,prefill,flashmla_dense_bf16_multiquery,steady,632.496,0.5493
prefillq8192_b1_h32768_dense_flashmla_multiquery_steady,prefill,flashmla_dense_bf16_multiquery,steady,708.533,0.6153
prefillq8192_b1_h4096_dense_flashmla_multiquery_steady,prefill,flashmla_dense_bf16_multiquery,steady,943.700,0.8196
prefillq8192_b1_h524288_dense_flashmla_multiquery_steady,prefill,flashmla_dense_bf16_multiquery,steady,622.506,0.5406
prefillq8192_b1_h65536_dense_flashmla_multiquery_steady,prefill,flashmla_dense_bf16_multiquery,steady,667.300,0.5795
prefillq8192_b1_h8192_dense_flashmla_multiquery_steady,prefill,flashmla_dense_bf16_multiquery,steady,885.689,0.7692
prefillq8192_b2_h131072_dense_flashmla_multiquery_steady,prefill,flashmla_dense_bf16_multiquery,steady,635.856,0.5522
prefillq8192_b2_h16384_dense_flashmla_multiquery_steady,prefill,flashmla_dense_bf16_multiquery,steady,754.081,0.6549
prefillq8192_b2_h2048_dense_flashmla_multiquery_steady,prefill,flashmla_dense_bf16_multiquery,steady,1055.623,0.9168
prefillq8192_b2_h262144_dense_flashmla_multiquery_steady,prefill,flashmla_dense_bf16_multiquery,steady,623.665,0.5416
prefillq8192_b2_h32768_dense_flashmla_multiquery_steady,prefill,flashmla_dense_bf16_multiquery,steady,684.822,0.5947
prefillq8192_b2_h4096_dense_flashmla_multiquery_steady,prefill,flashmla_dense_bf16_multiquery,steady,939.862,0.8162
prefillq8192_b2_h524288_dense_flashmla_multiquery_steady,prefill,flashmla_dense_bf16_multiquery,steady,620.010,0.5385
prefillq8192_b2_h65536_dense_flashmla_multiquery_steady,prefill,flashmla_dense_bf16_multiquery,steady,652.878,0.5670
prefillq8192_b2_h8192_dense_flashmla_multiquery_steady,prefill,flashmla_dense_bf16_multiquery,steady,843.559,0.7326
prefillq8192_b32_h131072_dense_flashmla_multiquery_steady,prefill,flashmla_dense_bf16_multiquery,steady,615.198,0.5343
prefillq8192_b32_h16384_dense_flashmla_multiquery_steady,prefill,flashmla_dense_bf16_multiquery,steady,717.202,0.6229
prefillq8192_b32_h2048_dense_flashmla_multiquery_steady,prefill,flashmla_dense_bf16_multiquery,steady,989.527,0.8594
prefillq8192_b32_h262144_dense_flashmla_multiquery_steady,prefill,flashmla_dense_bf16_multiquery,steady,606.852,0.5270
prefillq8192_b32_h32768_dense_flashmla_multiquery_steady,prefill,flashmla_dense_bf16_multiquery,steady,661.968,0.5749
prefillq8192_b32_h4096_dense_flashmla_multiquery_steady,prefill,flashmla_dense_bf16_multiquery,steady,896.414,0.7785
prefillq8192_b32_h65536_dense_flashmla_multiquery_steady,prefill,flashmla_dense_bf16_multiquery,steady,630.546,0.5476
prefillq8192_b32_h8192_dense_flashmla_multiquery_steady,prefill,flashmla_dense_bf16_multiquery,steady,806.012,0.7000
prefillq8192_b4_h131072_dense_flashmla_multiquery_steady,prefill,flashmla_dense_bf16_multiquery,steady,630.571,0.5476
prefillq8192_b4_h16384_dense_flashmla_multiquery_steady,prefill,flashmla_dense_bf16_multiquery,steady,739.276,0.6420
prefillq8192_b4_h2048_dense_flashmla_multiquery_steady,prefill,flashmla_dense_bf16_multiquery,steady,1040.687,0.9038
prefillq8192_b4_h262144_dense_flashmla_multiquery_steady,prefill,flashmla_dense_bf16_multiquery,steady,622.594,0.5407
prefillq8192_b4_h32768_dense_flashmla_multiquery_steady,prefill,flashmla_dense_bf16_multiquery,steady,683.155,0.5933
prefillq8192_b4_h4096_dense_flashmla_multiquery_steady,prefill,flashmla_dense_bf16_multiquery,steady,936.023,0.8129
prefillq8192_b4_h524288_dense_flashmla_multiquery_steady,prefill,flashmla_dense_bf16_multiquery,steady,621.252,0.5395
prefillq8192_b4_h65536_dense_flashmla_multiquery_steady,prefill,flashmla_dense_bf16_multiquery,steady,646.409,0.5614
prefillq8192_b4_h8192_dense_flashmla_multiquery_steady,prefill,flashmla_dense_bf16_multiquery,steady,778.669,0.6762
prefillq8192_b8_h131072_dense_flashmla_multiquery_steady,prefill,flashmla_dense_bf16_multiquery,steady,626.686,0.5443
prefillq8192_b8_h16384_dense_flashmla_multiquery_steady,prefill,flashmla_dense_bf16_multiquery,steady,739.074,0.6419
prefillq8192_b8_h2048_dense_flashmla_multiquery_steady,prefill,flashmla_dense_bf16_multiquery,steady,1007.207,0.8747
prefillq8192_b8_h262144_dense_flashmla_multiquery_steady,prefill,flashmla_dense_bf16_multiquery,steady,615.243,0.5343
prefillq8192_b8_h32768_dense_flashmla_multiquery_steady,prefill,flashmla_dense_bf16_multiquery,steady,673.457,0.5849
prefillq8192_b8_h4096_dense_flashmla_multiquery_steady,prefill,flashmla_dense_bf16_multiquery,steady,904.938,0.7859
prefillq8192_b8_h524288_dense_flashmla_multiquery_steady,prefill,flashmla_dense_bf16_multiquery,steady,608.871,0.5288
prefillq8192_b8_h65536_dense_flashmla_multiquery_steady,prefill,flashmla_dense_bf16_multiquery,steady,640.618,0.5564
prefillq8192_b8_h8192_dense_flashmla_multiquery_steady,prefill,flashmla_dense_bf16_multiquery,steady,828.115,0.7192
prefillq8_b128_h131072_dense_flashmla_multiquery_steady,prefill,flashmla_dense_bf16_multiquery,steady,651.947,0.5662
prefillq8_b128_h16384_dense_flashmla_multiquery_steady,prefill,flashmla_dense_bf16_multiquery,steady,724.978,0.6296
prefillq8_b128_h2048_dense_flashmla_multiquery_steady,prefill,flashmla_dense_bf16_multiquery,steady,616.478,0.5354
prefillq8_b128_h262144_dense_flashmla_multiquery_steady,prefill,flashmla_dense_bf16_multiquery,steady,639.838,0.5557
prefillq8_b128_h32768_dense_flashmla_multiquery_steady,prefill,flashmla_dense_bf16_multiquery,steady,666.596,0.5789
prefillq8_b128_h4096_dense_flashmla_multiquery_steady,prefill,flashmla_dense_bf16_multiquery,steady,676.625,0.5876
prefillq8_b128_h524288_dense_flashmla_multiquery_steady,prefill,flashmla_dense_bf16_multiquery,steady,617.854,0.5366
prefillq8_b128_h65536_dense_flashmla_multiquery_steady,prefill,flashmla_dense_bf16_multiquery,steady,635.749,0.5521
prefillq8_b128_h8192_dense_flashmla_multiquery_steady,prefill,flashmla_dense_bf16_multiquery,steady,720.912,0.6261
prefillq8_b16_h131072_dense_flashmla_multiquery_steady,prefill,flashmla_dense_bf16_multiquery,steady,741.531,0.6440
prefillq8_b16_h16384_dense_flashmla_multiquery_steady,prefill,flashmla_dense_bf16_multiquery,steady,711.991,0.6183
prefillq8_b16_h2048_dense_flashmla_multiquery_steady,prefill,flashmla_dense_bf16_multiquery,steady,490.971,0.4264
prefillq8_b16_h262144_dense_flashmla_multiquery_steady,prefill,flashmla_dense_bf16_multiquery,steady,696.178,0.6046
prefillq8_b16_h32768_dense_flashmla_multiquery_steady,prefill,flashmla_dense_bf16_multiquery,steady,733.815,0.6373
prefillq8_b16_h4096_dense_flashmla_multiquery_steady,prefill,flashmla_dense_bf16_multiquery,steady,649.197,0.5638
prefillq8_b16_h524288_dense_flashmla_multiquery_steady,prefill,flashmla_dense_bf16_multiquery,steady,661.171,0.5742
prefillq8_b16_h65536_dense_flashmla_multiquery_steady,prefill,flashmla_dense_bf16_multiquery,steady,740.378,0.6430
prefillq8_b16_h8192_dense_flashmla_multiquery_steady,prefill,flashmla_dense_bf16_multiquery,steady,689.376,0.5987
prefillq8_b1_h131072_dense_flashmla_multiquery_steady,prefill,flashmla_dense_bf16_multiquery,steady,709.600,0.6163
prefillq8_b1_h16384_dense_flashmla_multiquery_steady,prefill,flashmla_dense_bf16_multiquery,steady,497.998,0.4325
prefillq8_b1_h2048_dense_flashmla_multiquery_steady,prefill,flashmla_dense_bf16_multiquery,steady,155.846,0.1353
prefillq8_b1_h262144_dense_flashmla_multiquery_steady,prefill,flashmla_dense_bf16_multiquery,steady,728.451,0.6326
prefillq8_b1_h32768_dense_flashmla_multiquery_steady,prefill,flashmla_dense_bf16_multiquery,steady,600.407,0.5214
prefillq8_b1_h4096_dense_flashmla_multiquery_steady,prefill,flashmla_dense_bf16_multiquery,steady,251.651,0.2186
prefillq8_b1_h524288_dense_flashmla_multiquery_steady,prefill,flashmla_dense_bf16_multiquery,steady,750.623,0.6519
prefillq8_b1_h65536_dense_flashmla_multiquery_steady,prefill,flashmla_dense_bf16_multiquery,steady,664.208,0.5768
prefillq8_b1_h8192_dense_flashmla_multiquery_steady,prefill,flashmla_dense_bf16_multiquery,steady,368.138,0.3197
prefillq8_b256_h131072_dense_flashmla_multiquery_steady,prefill,flashmla_dense_bf16_multiquery,steady,625.752,0.5434
prefillq8_b256_h16384_dense_flashmla_multiquery_steady,prefill,flashmla_dense_bf16_multiquery,steady,699.326,0.6073
prefillq8_b256_h2048_dense_flashmla_multiquery_steady,prefill,flashmla_dense_bf16_multiquery,steady,622.112,0.5403
prefillq8_b256_h262144_dense_flashmla_multiquery_steady,prefill,flashmla_dense_bf16_multiquery,steady,615.103,0.5342
prefillq8_b256_h32768_dense_flashmla_multiquery_steady,prefill,flashmla_dense_bf16_multiquery,steady,631.952,0.5488
prefillq8_b256_h4096_dense_flashmla_multiquery_steady,prefill,flashmla_dense_bf16_multiquery,steady,679.959,0.5905
prefillq8_b256_h65536_dense_flashmla_multiquery_steady,prefill,flashmla_dense_bf16_multiquery,steady,633.120,0.5498
prefillq8_b256_h8192_dense_flashmla_multiquery_steady,prefill,flashmla_dense_bf16_multiquery,steady,715.340,0.6213
prefillq8_b2_h131072_dense_flashmla_multiquery_steady,prefill,flashmla_dense_bf16_multiquery,steady,748.728,0.6502
prefillq8_b2_h16384_dense_flashmla_multiquery_steady,prefill,flashmla_dense_bf16_multiquery,steady,613.231,0.5326
prefillq8_b2_h2048_dense_flashmla_multiquery_steady,prefill,flashmla_dense_bf16_multiquery,steady,260.623,0.2263
prefillq8_b2_h262144_dense_flashmla_multiquery_steady,prefill,flashmla_dense_bf16_multiquery,steady,753.872,0.6547
prefillq8_b2_h32768_dense_flashmla_multiquery_steady,prefill,flashmla_dense_bf16_multiquery,steady,676.641,0.5876
prefillq8_b2_h4096_dense_flashmla_multiquery_steady,prefill,flashmla_dense_bf16_multiquery,steady,375.854,0.3264
prefillq8_b2_h524288_dense_flashmla_multiquery_steady,prefill,flashmla_dense_bf16_multiquery,steady,755.281,0.6559
prefillq8_b2_h65536_dense_flashmla_multiquery_steady,prefill,flashmla_dense_bf16_multiquery,steady,725.340,0.6299
prefillq8_b2_h8192_dense_flashmla_multiquery_steady,prefill,flashmla_dense_bf16_multiquery,steady,503.420,0.4372
prefillq8_b32_h131072_dense_flashmla_multiquery_steady,prefill,flashmla_dense_bf16_multiquery,steady,683.191,0.5933
prefillq8_b32_h16384_dense_flashmla_multiquery_steady,prefill,flashmla_dense_bf16_multiquery,steady,730.584,0.6345
prefillq8_b32_h2048_dense_flashmla_multiquery_steady,prefill,flashmla_dense_bf16_multiquery,steady,581.842,0.5053
prefillq8_b32_h262144_dense_flashmla_multiquery_steady,prefill,flashmla_dense_bf16_multiquery,steady,646.147,0.5612
prefillq8_b32_h32768_dense_flashmla_multiquery_steady,prefill,flashmla_dense_bf16_multiquery,steady,737.758,0.6407
prefillq8_b32_h4096_dense_flashmla_multiquery_steady,prefill,flashmla_dense_bf16_multiquery,steady,680.576,0.5911
prefillq8_b32_h524288_dense_flashmla_multiquery_steady,prefill,flashmla_dense_bf16_multiquery,steady,638.844,0.5548
prefillq8_b32_h65536_dense_flashmla_multiquery_steady,prefill,flashmla_dense_bf16_multiquery,steady,733.017,0.6366
prefillq8_b32_h8192_dense_flashmla_multiquery_steady,prefill,flashmla_dense_bf16_multiquery,steady,711.745,0.6181
prefillq8_b4_h131072_dense_flashmla_multiquery_steady,prefill,flashmla_dense_bf16_multiquery,steady,752.073,0.6532
prefillq8_b4_h16384_dense_flashmla_multiquery_steady,prefill,flashmla_dense_bf16_multiquery,steady,669.229,0.5812
prefillq8_b4_h2048_dense_flashmla_multiquery_steady,prefill,flashmla_dense_bf16_multiquery,steady,353.564,0.3071
prefillq8_b4_h262144_dense_flashmla_multiquery_steady,prefill,flashmla_dense_bf16_multiquery,steady,754.439,0.6552
prefillq8_b4_h32768_dense_flashmla_multiquery_steady,prefill,flashmla_dense_bf16_multiquery,steady,714.826,0.6208
prefillq8_b4_h4096_dense_flashmla_multiquery_steady,prefill,flashmla_dense_bf16_multiquery,steady,492.457,0.4277
prefillq8_b4_h524288_dense_flashmla_multiquery_steady,prefill,flashmla_dense_bf16_multiquery,steady,754.108,0.6549
prefillq8_b4_h65536_dense_flashmla_multiquery_steady,prefill,flashmla_dense_bf16_multiquery,steady,744.489,0.6466
prefillq8_b4_h8192_dense_flashmla_multiquery_steady,prefill,flashmla_dense_bf16_multiquery,steady,602.626,0.5234
prefillq8_b64_h131072_dense_flashmla_multiquery_steady,prefill,flashmla_dense_bf16_multiquery,steady,634.214,0.5508
prefillq8_b64_h16384_dense_flashmla_multiquery_steady,prefill,flashmla_dense_bf16_multiquery,steady,732.829,0.6364
prefillq8_b64_h2048_dense_flashmla_multiquery_steady,prefill,flashmla_dense_bf16_multiquery,steady,600.080,0.5212
prefillq8_b64_h262144_dense_flashmla_multiquery_steady,prefill,flashmla_dense_bf16_multiquery,steady,638.966,0.5549
prefillq8_b64_h32768_dense_flashmla_multiquery_steady,prefill,flashmla_dense_bf16_multiquery,steady,721.611,0.6267
prefillq8_b64_h4096_dense_flashmla_multiquery_steady,prefill,flashmla_dense_bf16_multiquery,steady,674.073,0.5854
prefillq8_b64_h524288_dense_flashmla_multiquery_steady,prefill,flashmla_dense_bf16_multiquery,steady,627.300,0.5448
prefillq8_b64_h65536_dense_flashmla_multiquery_steady,prefill,flashmla_dense_bf16_multiquery,steady,671.704,0.5834
prefillq8_b64_h8192_dense_flashmla_multiquery_steady,prefill,flashmla_dense_bf16_multiquery,steady,722.169,0.6272
prefillq8_b8_h131072_dense_flashmla_multiquery_steady,prefill,flashmla_dense_bf16_multiquery,steady,751.989,0.6531
prefillq8_b8_h16384_dense_flashmla_multiquery_steady,prefill,flashmla_dense_bf16_multiquery,steady,686.926,0.5966
prefillq8_b8_h2048_dense_flashmla_multiquery_steady,prefill,flashmla_dense_bf16_multiquery,steady,433.757,0.3767
prefillq8_b8_h262144_dense_flashmla_multiquery_steady,prefill,flashmla_dense_bf16_multiquery,steady,738.111,0.6410
prefillq8_b8_h32768_dense_flashmla_multiquery_steady,prefill,flashmla_dense_bf16_multiquery,steady,736.081,0.6393
prefillq8_b8_h4096_dense_flashmla_multiquery_steady,prefill,flashmla_dense_bf16_multiquery,steady,569.829,0.4949
prefillq8_b8_h524288_dense_flashmla_multiquery_steady,prefill,flashmla_dense_bf16_multiquery,steady,724.479,0.6292
prefillq8_b8_h65536_dense_flashmla_multiquery_steady,prefill,flashmla_dense_bf16_multiquery,steady,744.252,0.6464
prefillq8_b8_h8192_dense_flashmla_multiquery_steady,prefill,flashmla_dense_bf16_multiquery,steady,639.764,0.5556
prefillq1024_b1_h32768_sparse_l2-cold,prefill,flashmla_sparse_bf16,l2-cold,573.220,1.0000
prefillq1024_b1_h65536_sparse_l2-cold,prefill,flashmla_sparse_bf16,l2-cold,492.197,0.8587
prefillq16_b64_h32768_sparse_l2-cold,prefill,flashmla_sparse_bf16,l2-cold,362.981,0.6332
prefillq16_b64_h65536_sparse_l2-cold,prefill,flashmla_sparse_bf16,l2-cold,345.215,0.6022
prefillq256_b8_h32768_sparse_l2-cold,prefill,flashmla_sparse_bf16,l2-cold,562.169,0.9807
prefillq256_b8_h65536_sparse_l2-cold,prefill,flashmla_sparse_bf16,l2-cold,465.618,0.8123
prefillq1024_b128_h131072_sparse_steady,prefill,flashmla_sparse_bf16,steady,395.275,0.6086
prefillq1024_b128_h16384_sparse_steady,prefill,flashmla_sparse_bf16,steady,576.602,0.8878
prefillq1024_b128_h2048_sparse_steady,prefill,flashmla_sparse_bf16,steady,589.573,0.9078
prefillq1024_b128_h262144_sparse_steady,prefill,flashmla_sparse_bf16,steady,354.885,0.5464
prefillq1024_b128_h32768_sparse_steady,prefill,flashmla_sparse_bf16,steady,514.832,0.7927
prefillq1024_b128_h4096_sparse_steady,prefill,flashmla_sparse_bf16,steady,576.590,0.8878
prefillq1024_b128_h65536_sparse_steady,prefill,flashmla_sparse_bf16,steady,447.844,0.6895
prefillq1024_b128_h8192_sparse_steady,prefill,flashmla_sparse_bf16,steady,575.685,0.8864
prefillq1024_b16_h131072_sparse_steady,prefill,flashmla_sparse_bf16,steady,407.139,0.6269
prefillq1024_b16_h16384_sparse_steady,prefill,flashmla_sparse_bf16,steady,581.689,0.8956
prefillq1024_b16_h2048_sparse_steady,prefill,flashmla_sparse_bf16,steady,619.203,0.9534
prefillq1024_b16_h262144_sparse_steady,prefill,flashmla_sparse_bf16,steady,363.928,0.5603
prefillq1024_b16_h32768_sparse_steady,prefill,flashmla_sparse_bf16,steady,553.728,0.8526
prefillq1024_b16_h4096_sparse_steady,prefill,flashmla_sparse_bf16,steady,604.337,0.9305
prefillq1024_b16_h524288_sparse_steady,prefill,flashmla_sparse_bf16,steady,343.579,0.5290
prefillq1024_b16_h65536_sparse_steady,prefill,flashmla_sparse_bf16,steady,483.536,0.7445
prefillq1024_b16_h8192_sparse_steady,prefill,flashmla_sparse_bf16,steady,591.347,0.9105
prefillq1024_b1_h131072_sparse_steady,prefill,flashmla_sparse_bf16,steady,414.211,0.6378
prefillq1024_b1_h16384_sparse_steady,prefill,flashmla_sparse_bf16,steady,584.467,0.8999
prefillq1024_b1_h2048_sparse_steady,prefill,flashmla_sparse_bf16,steady,628.246,0.9673
prefillq1024_b1_h262144_sparse_steady,prefill,flashmla_sparse_bf16,steady,366.848,0.5648
prefillq1024_b1_h32768_sparse_steady,prefill,flashmla_sparse_bf16,steady,543.725,0.8372
prefillq1024_b1_h4096_sparse_steady,prefill,flashmla_sparse_bf16,steady,631.260,0.9719
prefillq1024_b1_h524288_sparse_steady,prefill,flashmla_sparse_bf16,steady,347.811,0.5355
prefillq1024_b1_h65536_sparse_steady,prefill,flashmla_sparse_bf16,steady,490.339,0.7550
prefillq1024_b1_h8192_sparse_steady,prefill,flashmla_sparse_bf16,steady,630.462,0.9707
prefillq1024_b256_h131072_sparse_steady,prefill,flashmla_sparse_bf16,steady,390.997,0.6020
prefillq1024_b256_h16384_sparse_steady,prefill,flashmla_sparse_bf16,steady,566.568,0.8723
prefillq1024_b256_h2048_sparse_steady,prefill,flashmla_sparse_bf16,steady,574.042,0.8838
prefillq1024_b256_h32768_sparse_steady,prefill,flashmla_sparse_bf16,steady,517.746,0.7972
prefillq1024_b256_h4096_sparse_steady,prefill,flashmla_sparse_bf16,steady,572.689,0.8818
prefillq1024_b256_h65536_sparse_steady,prefill,flashmla_sparse_bf16,steady,446.820,0.6880
prefillq1024_b256_h8192_sparse_steady,prefill,flashmla_sparse_bf16,steady,570.438,0.8783
prefillq1024_b2_h131072_sparse_steady,prefill,flashmla_sparse_bf16,steady,418.154,0.6438
prefillq1024_b2_h16384_sparse_steady,prefill,flashmla_sparse_bf16,steady,634.552,0.9770
prefillq1024_b2_h2048_sparse_steady,prefill,flashmla_sparse_bf16,steady,635.713,0.9788
prefillq1024_b2_h262144_sparse_steady,prefill,flashmla_sparse_bf16,steady,363.321,0.5594
prefillq1024_b2_h32768_sparse_steady,prefill,flashmla_sparse_bf16,steady,567.376,0.8736
prefillq1024_b2_h4096_sparse_steady,prefill,flashmla_sparse_bf16,steady,633.599,0.9755
prefillq1024_b2_h524288_sparse_steady,prefill,flashmla_sparse_bf16,steady,348.612,0.5368
prefillq1024_b2_h65536_sparse_steady,prefill,flashmla_sparse_bf16,steady,445.088,0.6853
prefillq1024_b2_h8192_sparse_steady,prefill,flashmla_sparse_bf16,steady,572.642,0.8817
prefillq1024_b32_h131072_sparse_steady,prefill,flashmla_sparse_bf16,steady,405.813,0.6248
prefillq1024_b32_h16384_sparse_steady,prefill,flashmla_sparse_bf16,steady,572.611,0.8816
prefillq1024_b32_h2048_sparse_steady,prefill,flashmla_sparse_bf16,steady,568.327,0.8750
prefillq1024_b32_h262144_sparse_steady,prefill,flashmla_sparse_bf16,steady,362.676,0.5584
prefillq1024_b32_h32768_sparse_steady,prefill,flashmla_sparse_bf16,steady,527.317,0.8119
prefillq1024_b32_h4096_sparse_steady,prefill,flashmla_sparse_bf16,steady,573.671,0.8833
prefillq1024_b32_h524288_sparse_steady,prefill,flashmla_sparse_bf16,steady,342.297,0.5270
prefillq1024_b32_h65536_sparse_steady,prefill,flashmla_sparse_bf16,steady,465.146,0.7162
prefillq1024_b32_h8192_sparse_steady,prefill,flashmla_sparse_bf16,steady,572.914,0.8821
prefillq1024_b4_h131072_sparse_steady,prefill,flashmla_sparse_bf16,steady,406.830,0.6264
prefillq1024_b4_h16384_sparse_steady,prefill,flashmla_sparse_bf16,steady,629.845,0.9698
prefillq1024_b4_h2048_sparse_steady,prefill,flashmla_sparse_bf16,steady,646.583,0.9955
prefillq1024_b4_h262144_sparse_steady,prefill,flashmla_sparse_bf16,steady,366.521,0.5643
prefillq1024_b4_h32768_sparse_steady,prefill,flashmla_sparse_bf16,steady,550.372,0.8474
prefillq1024_b4_h4096_sparse_steady,prefill,flashmla_sparse_bf16,steady,627.836,0.9667
prefillq1024_b4_h524288_sparse_steady,prefill,flashmla_sparse_bf16,steady,347.794,0.5355
prefillq1024_b4_h65536_sparse_steady,prefill,flashmla_sparse_bf16,steady,481.325,0.7411
prefillq1024_b4_h8192_sparse_steady,prefill,flashmla_sparse_bf16,steady,613.880,0.9452
prefillq1024_b64_h131072_sparse_steady,prefill,flashmla_sparse_bf16,steady,401.459,0.6181
prefillq1024_b64_h16384_sparse_steady,prefill,flashmla_sparse_bf16,steady,572.025,0.8807
prefillq1024_b64_h2048_sparse_steady,prefill,flashmla_sparse_bf16,steady,595.289,0.9166
prefillq1024_b64_h262144_sparse_steady,prefill,flashmla_sparse_bf16,steady,360.829,0.5556
prefillq1024_b64_h32768_sparse_steady,prefill,flashmla_sparse_bf16,steady,533.904,0.8220
prefillq1024_b64_h4096_sparse_steady,prefill,flashmla_sparse_bf16,steady,587.880,0.9051
prefillq1024_b64_h524288_sparse_steady,prefill,flashmla_sparse_bf16,steady,342.474,0.5273
prefillq1024_b64_h65536_sparse_steady,prefill,flashmla_sparse_bf16,steady,471.886,0.7266
prefillq1024_b64_h8192_sparse_steady,prefill,flashmla_sparse_bf16,steady,585.493,0.9015
prefillq1024_b8_h131072_sparse_steady,prefill,flashmla_sparse_bf16,steady,412.963,0.6358
prefillq1024_b8_h16384_sparse_steady,prefill,flashmla_sparse_bf16,steady,604.220,0.9303
prefillq1024_b8_h2048_sparse_steady,prefill,flashmla_sparse_bf16,steady,632.067,0.9732
prefillq1024_b8_h262144_sparse_steady,prefill,flashmla_sparse_bf16,steady,366.048,0.5636
prefillq1024_b8_h32768_sparse_steady,prefill,flashmla_sparse_bf16,steady,564.900,0.8698
prefillq1024_b8_h4096_sparse_steady,prefill,flashmla_sparse_bf16,steady,639.750,0.9850
prefillq1024_b8_h524288_sparse_steady,prefill,flashmla_sparse_bf16,steady,346.086,0.5329
prefillq1024_b8_h65536_sparse_steady,prefill,flashmla_sparse_bf16,steady,470.990,0.7252
prefillq1024_b8_h8192_sparse_steady,prefill,flashmla_sparse_bf16,steady,639.165,0.9841
prefillq128_b128_h131072_sparse_steady,prefill,flashmla_sparse_bf16,steady,377.602,0.5814
prefillq128_b128_h16384_sparse_steady,prefill,flashmla_sparse_bf16,steady,554.160,0.8532
prefillq128_b128_h2048_sparse_steady,prefill,flashmla_sparse_bf16,steady,611.269,0.9412
prefillq128_b128_h262144_sparse_steady,prefill,flashmla_sparse_bf16,steady,347.647,0.5353
prefillq128_b128_h32768_sparse_steady,prefill,flashmla_sparse_bf16,steady,488.604,0.7523
prefillq128_b128_h4096_sparse_steady,prefill,flashmla_sparse_bf16,steady,582.820,0.8974
prefillq128_b128_h524288_sparse_steady,prefill,flashmla_sparse_bf16,steady,339.777,0.5231
prefillq128_b128_h65536_sparse_steady,prefill,flashmla_sparse_bf16,steady,436.279,0.6717
prefillq128_b128_h8192_sparse_steady,prefill,flashmla_sparse_bf16,steady,604.334,0.9305
prefillq128_b16_h131072_sparse_steady,prefill,flashmla_sparse_bf16,steady,389.190,0.5992
prefillq128_b16_h16384_sparse_steady,prefill,flashmla_sparse_bf16,steady,565.286,0.8704
prefillq128_b16_h2048_sparse_steady,prefill,flashmla_sparse_bf16,steady,633.438,0.9753
prefillq128_b16_h262144_sparse_steady,prefill,flashmla_sparse_bf16,steady,352.852,0.5433
prefillq128_b16_h32768_sparse_steady,prefill,flashmla_sparse_bf16,steady,530.901,0.8174
prefillq128_b16_h4096_sparse_steady,prefill,flashmla_sparse_bf16,steady,635.364,0.9783
prefillq128_b16_h524288_sparse_steady,prefill,flashmla_sparse_bf16,steady,342.543,0.5274
prefillq128_b16_h65536_sparse_steady,prefill,flashmla_sparse_bf16,steady,419.942,0.6466
prefillq128_b16_h8192_sparse_steady,prefill,flashmla_sparse_bf16,steady,583.305,0.8981
prefillq128_b1_h131072_sparse_steady,prefill,flashmla_sparse_bf16,steady,405.584,0.6245
prefillq128_b1_h16384_sparse_steady,prefill,flashmla_sparse_bf16,steady,585.503,0.9015
prefillq128_b1_h2048_sparse_steady,prefill,flashmla_sparse_bf16,steady,610.047,0.9393
prefillq128_b1_h262144_sparse_steady,prefill,flashmla_sparse_bf16,steady,341.795,0.5263
prefillq128_b1_h32768_sparse_steady,prefill,flashmla_sparse_bf16,steady,524.796,0.8080
prefillq128_b1_h4096_sparse_steady,prefill,flashmla_sparse_bf16,steady,605.451,0.9322
prefillq128_b1_h524288_sparse_steady,prefill,flashmla_sparse_bf16,steady,325.646,0.5014
prefillq128_b1_h65536_sparse_steady,prefill,flashmla_sparse_bf16,steady,464.755,0.7156
prefillq128_b1_h8192_sparse_steady,prefill,flashmla_sparse_bf16,steady,603.777,0.9296
prefillq128_b256_h131072_sparse_steady,prefill,flashmla_sparse_bf16,steady,377.119,0.5806
prefillq128_b256_h16384_sparse_steady,prefill,flashmla_sparse_bf16,steady,530.881,0.8174
prefillq128_b256_h2048_sparse_steady,prefill,flashmla_sparse_bf16,steady,570.874,0.8790
prefillq128_b256_h262144_sparse_steady,prefill,flashmla_sparse_bf16,steady,347.795,0.5355
prefillq128_b256_h32768_sparse_steady,prefill,flashmla_sparse_bf16,steady,489.984,0.7544
prefillq128_b256_h4096_sparse_steady,prefill,flashmla_sparse_bf16,steady,548.271,0.8442
prefillq128_b256_h65536_sparse_steady,prefill,flashmla_sparse_bf16,steady,423.165,0.6515
prefillq128_b256_h8192_sparse_steady,prefill,flashmla_sparse_bf16,steady,545.707,0.8402
prefillq128_b2_h131072_sparse_steady,prefill,flashmla_sparse_bf16,steady,395.246,0.6086
prefillq128_b2_h16384_sparse_steady,prefill,flashmla_sparse_bf16,steady,578.246,0.8903
prefillq128_b2_h2048_sparse_steady,prefill,flashmla_sparse_bf16,steady,599.650,0.9233
prefillq128_b2_h262144_sparse_steady,prefill,flashmla_sparse_bf16,steady,351.256,0.5408
prefillq128_b2_h32768_sparse_steady,prefill,flashmla_sparse_bf16,steady,547.969,0.8437
prefillq128_b2_h4096_sparse_steady,prefill,flashmla_sparse_bf16,steady,595.503,0.9169
prefillq128_b2_h524288_sparse_steady,prefill,flashmla_sparse_bf16,steady,335.566,0.5167
prefillq128_b2_h65536_sparse_steady,prefill,flashmla_sparse_bf16,steady,468.394,0.7212
prefillq128_b2_h8192_sparse_steady,prefill,flashmla_sparse_bf16,steady,595.633,0.9171
prefillq128_b32_h131072_sparse_steady,prefill,flashmla_sparse_bf16,steady,375.170,0.5776
prefillq128_b32_h16384_sparse_steady,prefill,flashmla_sparse_bf16,steady,599.114,0.9224
prefillq128_b32_h2048_sparse_steady,prefill,flashmla_sparse_bf16,steady,647.956,0.9976
prefillq128_b32_h262144_sparse_steady,prefill,flashmla_sparse_bf16,steady,351.925,0.5419
prefillq128_b32_h32768_sparse_steady,prefill,flashmla_sparse_bf16,steady,463.171,0.7131
prefillq128_b32_h4096_sparse_steady,prefill,flashmla_sparse_bf16,steady,636.244,0.9796
prefillq128_b32_h524288_sparse_steady,prefill,flashmla_sparse_bf16,steady,343.797,0.5293
prefillq128_b32_h65536_sparse_steady,prefill,flashmla_sparse_bf16,steady,426.185,0.6562
prefillq128_b32_h8192_sparse_steady,prefill,flashmla_sparse_bf16,steady,638.260,0.9827
prefillq128_b4_h131072_sparse_steady,prefill,flashmla_sparse_bf16,steady,396.273,0.6101
prefillq128_b4_h16384_sparse_steady,prefill,flashmla_sparse_bf16,steady,576.472,0.8876
prefillq128_b4_h2048_sparse_steady,prefill,flashmla_sparse_bf16,steady,581.569,0.8954
prefillq128_b4_h262144_sparse_steady,prefill,flashmla_sparse_bf16,steady,353.265,0.5439
prefillq128_b4_h32768_sparse_steady,prefill,flashmla_sparse_bf16,steady,465.551,0.7168
prefillq128_b4_h4096_sparse_steady,prefill,flashmla_sparse_bf16,steady,600.340,0.9243
prefillq128_b4_h524288_sparse_steady,prefill,flashmla_sparse_bf16,steady,338.517,0.5212
prefillq128_b4_h65536_sparse_steady,prefill,flashmla_sparse_bf16,steady,450.729,0.6940
prefillq128_b4_h8192_sparse_steady,prefill,flashmla_sparse_bf16,steady,598.099,0.9209
prefillq128_b64_h131072_sparse_steady,prefill,flashmla_sparse_bf16,steady,377.037,0.5805
prefillq128_b64_h16384_sparse_steady,prefill,flashmla_sparse_bf16,steady,548.052,0.8438
prefillq128_b64_h2048_sparse_steady,prefill,flashmla_sparse_bf16,steady,623.325,0.9597
prefillq128_b64_h262144_sparse_steady,prefill,flashmla_sparse_bf16,steady,350.352,0.5394
prefillq128_b64_h32768_sparse_steady,prefill,flashmla_sparse_bf16,steady,481.061,0.7407
prefillq128_b64_h4096_sparse_steady,prefill,flashmla_sparse_bf16,steady,630.555,0.9709
prefillq128_b64_h524288_sparse_steady,prefill,flashmla_sparse_bf16,steady,342.604,0.5275
prefillq128_b64_h65536_sparse_steady,prefill,flashmla_sparse_bf16,steady,436.646,0.6723
prefillq128_b64_h8192_sparse_steady,prefill,flashmla_sparse_bf16,steady,630.431,0.9707
prefillq128_b8_h131072_sparse_steady,prefill,flashmla_sparse_bf16,steady,396.162,0.6100
prefillq128_b8_h16384_sparse_steady,prefill,flashmla_sparse_bf16,steady,570.304,0.8781
prefillq128_b8_h2048_sparse_steady,prefill,flashmla_sparse_bf16,steady,622.601,0.9586
prefillq128_b8_h262144_sparse_steady,prefill,flashmla_sparse_bf16,steady,352.670,0.5430
prefillq128_b8_h32768_sparse_steady,prefill,flashmla_sparse_bf16,steady,506.837,0.7804
prefillq128_b8_h4096_sparse_steady,prefill,flashmla_sparse_bf16,steady,626.886,0.9652
prefillq128_b8_h524288_sparse_steady,prefill,flashmla_sparse_bf16,steady,342.252,0.5270
prefillq128_b8_h65536_sparse_steady,prefill,flashmla_sparse_bf16,steady,450.642,0.6938
prefillq128_b8_h8192_sparse_steady,prefill,flashmla_sparse_bf16,steady,625.418,0.9629
prefillq16384_b16_h131072_sparse_steady,prefill,flashmla_sparse_bf16,steady,389.386,0.5995
prefillq16384_b16_h16384_sparse_steady,prefill,flashmla_sparse_bf16,steady,546.214,0.8410
prefillq16384_b16_h2048_sparse_steady,prefill,flashmla_sparse_bf16,steady,571.896,0.8805
prefillq16384_b16_h262144_sparse_steady,prefill,flashmla_sparse_bf16,steady,356.131,0.5483
prefillq16384_b16_h32768_sparse_steady,prefill,flashmla_sparse_bf16,steady,498.461,0.7675
prefillq16384_b16_h4096_sparse_steady,prefill,flashmla_sparse_bf16,steady,571.520,0.8800
prefillq16384_b16_h524288_sparse_steady,prefill,flashmla_sparse_bf16,steady,338.647,0.5214
prefillq16384_b16_h65536_sparse_steady,prefill,flashmla_sparse_bf16,steady,441.262,0.6794
prefillq16384_b16_h8192_sparse_steady,prefill,flashmla_sparse_bf16,steady,566.551,0.8723
prefillq16384_b1_h131072_sparse_steady,prefill,flashmla_sparse_bf16,steady,406.146,0.6253
prefillq16384_b1_h16384_sparse_steady,prefill,flashmla_sparse_bf16,steady,586.595,0.9032
prefillq16384_b1_h2048_sparse_steady,prefill,flashmla_sparse_bf16,steady,598.185,0.9210
prefillq16384_b1_h262144_sparse_steady,prefill,flashmla_sparse_bf16,steady,364.156,0.5607
prefillq16384_b1_h32768_sparse_steady,prefill,flashmla_sparse_bf16,steady,552.798,0.8511
prefillq16384_b1_h4096_sparse_steady,prefill,flashmla_sparse_bf16,steady,610.040,0.9393
prefillq16384_b1_h524288_sparse_steady,prefill,flashmla_sparse_bf16,steady,343.958,0.5296
prefillq16384_b1_h65536_sparse_steady,prefill,flashmla_sparse_bf16,steady,478.671,0.7370
prefillq16384_b1_h8192_sparse_steady,prefill,flashmla_sparse_bf16,steady,635.573,0.9786
prefillq16384_b2_h131072_sparse_steady,prefill,flashmla_sparse_bf16,steady,402.355,0.6195
prefillq16384_b2_h16384_sparse_steady,prefill,flashmla_sparse_bf16,steady,561.117,0.8639
prefillq16384_b2_h2048_sparse_steady,prefill,flashmla_sparse_bf16,steady,581.722,0.8957
prefillq16384_b2_h262144_sparse_steady,prefill,flashmla_sparse_bf16,steady,362.554,0.5582
prefillq16384_b2_h32768_sparse_steady,prefill,flashmla_sparse_bf16,steady,516.743,0.7956
prefillq16384_b2_h4096_sparse_steady,prefill,flashmla_sparse_bf16,steady,584.462,0.8999
prefillq16384_b2_h524288_sparse_steady,prefill,flashmla_sparse_bf16,steady,342.818,0.5278
prefillq16384_b2_h65536_sparse_steady,prefill,flashmla_sparse_bf16,steady,467.615,0.7200
prefillq16384_b2_h8192_sparse_steady,prefill,flashmla_sparse_bf16,steady,581.517,0.8954
prefillq16384_b32_h131072_sparse_steady,prefill,flashmla_sparse_bf16,steady,394.357,0.6072
prefillq16384_b32_h16384_sparse_steady,prefill,flashmla_sparse_bf16,steady,542.018,0.8345
prefillq16384_b32_h2048_sparse_steady,prefill,flashmla_sparse_bf16,steady,562.083,0.8654
prefillq16384_b32_h32768_sparse_steady,prefill,flashmla_sparse_bf16,steady,500.613,0.7708
prefillq16384_b32_h4096_sparse_steady,prefill,flashmla_sparse_bf16,steady,561.264,0.8642
prefillq16384_b32_h65536_sparse_steady,prefill,flashmla_sparse_bf16,steady,447.765,0.6894
prefillq16384_b32_h8192_sparse_steady,prefill,flashmla_sparse_bf16,steady,556.508,0.8568
prefillq16384_b4_h131072_sparse_steady,prefill,flashmla_sparse_bf16,steady,401.301,0.6179
prefillq16384_b4_h16384_sparse_steady,prefill,flashmla_sparse_bf16,steady,567.891,0.8744
prefillq16384_b4_h2048_sparse_steady,prefill,flashmla_sparse_bf16,steady,592.471,0.9122
prefillq16384_b4_h262144_sparse_steady,prefill,flashmla_sparse_bf16,steady,362.028,0.5574
prefillq16384_b4_h32768_sparse_steady,prefill,flashmla_sparse_bf16,steady,521.831,0.8035
prefillq16384_b4_h4096_sparse_steady,prefill,flashmla_sparse_bf16,steady,590.334,0.9089
prefillq16384_b4_h524288_sparse_steady,prefill,flashmla_sparse_bf16,steady,342.213,0.5269
prefillq16384_b4_h65536_sparse_steady,prefill,flashmla_sparse_bf16,steady,465.989,0.7175
prefillq16384_b4_h8192_sparse_steady,prefill,flashmla_sparse_bf16,steady,583.204,0.8979
prefillq16384_b8_h131072_sparse_steady,prefill,flashmla_sparse_bf16,steady,386.628,0.5953
prefillq16384_b8_h16384_sparse_steady,prefill,flashmla_sparse_bf16,steady,555.439,0.8552
prefillq16384_b8_h2048_sparse_steady,prefill,flashmla_sparse_bf16,steady,588.914,0.9067
prefillq16384_b8_h262144_sparse_steady,prefill,flashmla_sparse_bf16,steady,354.378,0.5456
prefillq16384_b8_h32768_sparse_steady,prefill,flashmla_sparse_bf16,steady,503.346,0.7750
prefillq16384_b8_h4096_sparse_steady,prefill,flashmla_sparse_bf16,steady,586.352,0.9028
prefillq16384_b8_h524288_sparse_steady,prefill,flashmla_sparse_bf16,steady,337.133,0.5191
prefillq16384_b8_h65536_sparse_steady,prefill,flashmla_sparse_bf16,steady,441.279,0.6794
prefillq16384_b8_h8192_sparse_steady,prefill,flashmla_sparse_bf16,steady,579.054,0.8916
prefillq16_b128_h131072_sparse_steady,prefill,flashmla_sparse_bf16,steady,323.652,0.4983
prefillq16_b128_h16384_sparse_steady,prefill,flashmla_sparse_bf16,steady,390.486,0.6012
prefillq16_b128_h2048_sparse_steady,prefill,flashmla_sparse_bf16,steady,611.113,0.9409
prefillq16_b128_h262144_sparse_steady,prefill,flashmla_sparse_bf16,steady,285.514,0.4396
prefillq16_b128_h32768_sparse_steady,prefill,flashmla_sparse_bf16,steady,366.512,0.5643
prefillq16_b128_h4096_sparse_steady,prefill,flashmla_sparse_bf16,steady,584.266,0.8996
prefillq16_b128_h524288_sparse_steady,prefill,flashmla_sparse_bf16,steady,330.274,0.5085
prefillq16_b128_h65536_sparse_steady,prefill,flashmla_sparse_bf16,steady,341.137,0.5252
prefillq16_b128_h8192_sparse_steady,prefill,flashmla_sparse_bf16,steady,489.161,0.7532
prefillq16_b16_h131072_sparse_steady,prefill,flashmla_sparse_bf16,steady,320.295,0.4932
prefillq16_b16_h16384_sparse_steady,prefill,flashmla_sparse_bf16,steady,379.730,0.5847
prefillq16_b16_h2048_sparse_steady,prefill,flashmla_sparse_bf16,steady,580.481,0.8938
prefillq16_b16_h262144_sparse_steady,prefill,flashmla_sparse_bf16,steady,318.073,0.4897
prefillq16_b16_h32768_sparse_steady,prefill,flashmla_sparse_bf16,steady,356.213,0.5485
prefillq16_b16_h4096_sparse_steady,prefill,flashmla_sparse_bf16,steady,555.493,0.8553
prefillq16_b16_h524288_sparse_steady,prefill,flashmla_sparse_bf16,steady,296.878,0.4571
prefillq16_b16_h65536_sparse_steady,prefill,flashmla_sparse_bf16,steady,344.478,0.5304
prefillq16_b16_h8192_sparse_steady,prefill,flashmla_sparse_bf16,steady,462.675,0.7124
prefillq16_b1_h131072_sparse_steady,prefill,flashmla_sparse_bf16,steady,79.701,0.1227
prefillq16_b1_h16384_sparse_steady,prefill,flashmla_sparse_bf16,steady,82.751,0.1274
prefillq16_b1_h2048_sparse_steady,prefill,flashmla_sparse_bf16,steady,82.925,0.1277
prefillq16_b1_h262144_sparse_steady,prefill,flashmla_sparse_bf16,steady,77.964,0.1200
prefillq16_b1_h32768_sparse_steady,prefill,flashmla_sparse_bf16,steady,82.674,0.1273
prefillq16_b1_h4096_sparse_steady,prefill,flashmla_sparse_bf16,steady,82.713,0.1274
prefillq16_b1_h524288_sparse_steady,prefill,flashmla_sparse_bf16,steady,77.587,0.1195
prefillq16_b1_h65536_sparse_steady,prefill,flashmla_sparse_bf16,steady,81.527,0.1255
prefillq16_b1_h8192_sparse_steady,prefill,flashmla_sparse_bf16,steady,82.862,0.1276
prefillq16_b256_h131072_sparse_steady,prefill,flashmla_sparse_bf16,steady,333.973,0.5142
prefillq16_b256_h16384_sparse_steady,prefill,flashmla_sparse_bf16,steady,395.850,0.6095
prefillq16_b256_h2048_sparse_steady,prefill,flashmla_sparse_bf16,steady,629.594,0.9694
prefillq16_b256_h262144_sparse_steady,prefill,flashmla_sparse_bf16,steady,330.441,0.5088
prefillq16_b256_h32768_sparse_steady,prefill,flashmla_sparse_bf16,steady,360.871,0.5556
prefillq16_b256_h4096_sparse_steady,prefill,flashmla_sparse_bf16,steady,592.495,0.9123
prefillq16_b256_h65536_sparse_steady,prefill,flashmla_sparse_bf16,steady,349.851,0.5387
prefillq16_b256_h8192_sparse_steady,prefill,flashmla_sparse_bf16,steady,494.890,0.7620
prefillq16_b2_h131072_sparse_steady,prefill,flashmla_sparse_bf16,steady,148.856,0.2292
prefillq16_b2_h16384_sparse_steady,prefill,flashmla_sparse_bf16,steady,159.005,0.2448
prefillq16_b2_h2048_sparse_steady,prefill,flashmla_sparse_bf16,steady,159.630,0.2458
prefillq16_b2_h262144_sparse_steady,prefill,flashmla_sparse_bf16,steady,146.775,0.2260
prefillq16_b2_h32768_sparse_steady,prefill,flashmla_sparse_bf16,steady,154.034,0.2372
prefillq16_b2_h4096_sparse_steady,prefill,flashmla_sparse_bf16,steady,160.612,0.2473
prefillq16_b2_h524288_sparse_steady,prefill,flashmla_sparse_bf16,steady,133.986,0.2063
prefillq16_b2_h65536_sparse_steady,prefill,flashmla_sparse_bf16,steady,151.201,0.2328
prefillq16_b2_h8192_sparse_steady,prefill,flashmla_sparse_bf16,steady,160.383,0.2469
prefillq16_b32_h131072_sparse_steady,prefill,flashmla_sparse_bf16,steady,330.288,0.5085
prefillq16_b32_h16384_sparse_steady,prefill,flashmla_sparse_bf16,steady,388.170,0.5977
prefillq16_b32_h2048_sparse_steady,prefill,flashmla_sparse_bf16,steady,567.991,0.8745
prefillq16_b32_h262144_sparse_steady,prefill,flashmla_sparse_bf16,steady,324.789,0.5001
prefillq16_b32_h32768_sparse_steady,prefill,flashmla_sparse_bf16,steady,358.565,0.5521
prefillq16_b32_h4096_sparse_steady,prefill,flashmla_sparse_bf16,steady,566.210,0.8718
prefillq16_b32_h524288_sparse_steady,prefill,flashmla_sparse_bf16,steady,281.221,0.4330
prefillq16_b32_h65536_sparse_steady,prefill,flashmla_sparse_bf16,steady,347.574,0.5352
prefillq16_b32_h8192_sparse_steady,prefill,flashmla_sparse_bf16,steady,478.443,0.7367
prefillq16_b4_h131072_sparse_steady,prefill,flashmla_sparse_bf16,steady,257.086,0.3958
prefillq16_b4_h16384_sparse_steady,prefill,flashmla_sparse_bf16,steady,281.368,0.4332
prefillq16_b4_h2048_sparse_steady,prefill,flashmla_sparse_bf16,steady,282.318,0.4347
prefillq16_b4_h262144_sparse_steady,prefill,flashmla_sparse_bf16,steady,251.807,0.3877
prefillq16_b4_h32768_sparse_steady,prefill,flashmla_sparse_bf16,steady,275.313,0.4239
prefillq16_b4_h4096_sparse_steady,prefill,flashmla_sparse_bf16,steady,278.894,0.4294
prefillq16_b4_h524288_sparse_steady,prefill,flashmla_sparse_bf16,steady,228.516,0.3518
prefillq16_b4_h65536_sparse_steady,prefill,flashmla_sparse_bf16,steady,265.138,0.4082
prefillq16_b4_h8192_sparse_steady,prefill,flashmla_sparse_bf16,steady,301.079,0.4636
prefillq16_b64_h131072_sparse_steady,prefill,flashmla_sparse_bf16,steady,333.705,0.5138
prefillq16_b64_h16384_sparse_steady,prefill,flashmla_sparse_bf16,steady,388.766,0.5986
prefillq16_b64_h2048_sparse_steady,prefill,flashmla_sparse_bf16,steady,605.864,0.9328
prefillq16_b64_h262144_sparse_steady,prefill,flashmla_sparse_bf16,steady,296.275,0.4562
prefillq16_b64_h32768_sparse_steady,prefill,flashmla_sparse_bf16,steady,363.520,0.5597
prefillq16_b64_h4096_sparse_steady,prefill,flashmla_sparse_bf16,steady,574.123,0.8840
prefillq16_b64_h524288_sparse_steady,prefill,flashmla_sparse_bf16,steady,329.633,0.5075
prefillq16_b64_h65536_sparse_steady,prefill,flashmla_sparse_bf16,steady,348.173,0.5361
prefillq16_b64_h8192_sparse_steady,prefill,flashmla_sparse_bf16,steady,485.283,0.7472
prefillq16_b8_h131072_sparse_steady,prefill,flashmla_sparse_bf16,steady,313.712,0.4830
prefillq16_b8_h16384_sparse_steady,prefill,flashmla_sparse_bf16,steady,364.617,0.5614
prefillq16_b8_h2048_sparse_steady,prefill,flashmla_sparse_bf16,steady,535.276,0.8242
prefillq16_b8_h262144_sparse_steady,prefill,flashmla_sparse_bf16,steady,308.275,0.4746
prefillq16_b8_h32768_sparse_steady,prefill,flashmla_sparse_bf16,steady,359.194,0.5530
prefillq16_b8_h4096_sparse_steady,prefill,flashmla_sparse_bf16,steady,506.458,0.7798
prefillq16_b8_h524288_sparse_steady,prefill,flashmla_sparse_bf16,steady,309.777,0.4770
prefillq16_b8_h65536_sparse_steady,prefill,flashmla_sparse_bf16,steady,340.013,0.5235
prefillq16_b8_h8192_sparse_steady,prefill,flashmla_sparse_bf16,steady,462.945,0.7128
prefillq1_b128_h131072_sparse_steady,prefill,flashmla_sparse_bf16,steady,285.284,0.4392
prefillq1_b128_h32768_sparse_steady,prefill,flashmla_sparse_bf16,steady,283.230,0.4361
prefillq1_b128_h65536_sparse_steady,prefill,flashmla_sparse_bf16,steady,284.430,0.4379
prefillq1_b128_h8192_sparse_steady,prefill,flashmla_sparse_bf16,steady,282.319,0.4347
prefillq1_b16_h131072_sparse_steady,prefill,flashmla_sparse_bf16,steady,66.421,0.1023
prefillq1_b16_h32768_sparse_steady,prefill,flashmla_sparse_bf16,steady,66.083,0.1017
prefillq1_b16_h65536_sparse_steady,prefill,flashmla_sparse_bf16,steady,66.267,0.1020
prefillq1_b16_h8192_sparse_steady,prefill,flashmla_sparse_bf16,steady,66.329,0.1021
prefillq1_b1_h131072_sparse_steady,prefill,flashmla_sparse_bf16,steady,4.250,0.0065
prefillq1_b1_h32768_sparse_steady,prefill,flashmla_sparse_bf16,steady,4.232,0.0065
prefillq1_b1_h65536_sparse_steady,prefill,flashmla_sparse_bf16,steady,4.236,0.0065
prefillq1_b1_h8192_sparse_steady,prefill,flashmla_sparse_bf16,steady,4.252,0.0065
prefillq1_b2_h131072_sparse_steady,prefill,flashmla_sparse_bf16,steady,8.365,0.0129
prefillq1_b2_h32768_sparse_steady,prefill,flashmla_sparse_bf16,steady,8.404,0.0129
prefillq1_b2_h65536_sparse_steady,prefill,flashmla_sparse_bf16,steady,8.377,0.0129
prefillq1_b2_h8192_sparse_steady,prefill,flashmla_sparse_bf16,steady,8.307,0.0128
prefillq1_b32_h131072_sparse_steady,prefill,flashmla_sparse_bf16,steady,123.522,0.1902
prefillq1_b32_h32768_sparse_steady,prefill,flashmla_sparse_bf16,steady,123.683,0.1904
prefillq1_b32_h65536_sparse_steady,prefill,flashmla_sparse_bf16,steady,121.938,0.1877
prefillq1_b32_h8192_sparse_steady,prefill,flashmla_sparse_bf16,steady,123.362,0.1899
prefillq1_b4_h131072_sparse_steady,prefill,flashmla_sparse_bf16,steady,16.865,0.0260
prefillq1_b4_h32768_sparse_steady,prefill,flashmla_sparse_bf16,steady,16.921,0.0261
prefillq1_b4_h65536_sparse_steady,prefill,flashmla_sparse_bf16,steady,16.969,0.0261
prefillq1_b4_h8192_sparse_steady,prefill,flashmla_sparse_bf16,steady,16.613,0.0256
prefillq1_b64_h131072_sparse_steady,prefill,flashmla_sparse_bf16,steady,218.053,0.3357
prefillq1_b64_h32768_sparse_steady,prefill,flashmla_sparse_bf16,steady,217.222,0.3345
prefillq1_b64_h65536_sparse_steady,prefill,flashmla_sparse_bf16,steady,219.479,0.3379
prefillq1_b64_h8192_sparse_steady,prefill,flashmla_sparse_bf16,steady,216.892,0.3339
prefillq1_b8_h131072_sparse_steady,prefill,flashmla_sparse_bf16,steady,33.288,0.0513
prefillq1_b8_h32768_sparse_steady,prefill,flashmla_sparse_bf16,steady,33.366,0.0514
prefillq1_b8_h65536_sparse_steady,prefill,flashmla_sparse_bf16,steady,33.413,0.0514
prefillq1_b8_h8192_sparse_steady,prefill,flashmla_sparse_bf16,steady,33.273,0.0512
prefillq2048_b128_h131072_sparse_steady,prefill,flashmla_sparse_bf16,steady,394.154,0.6069
prefillq2048_b128_h16384_sparse_steady,prefill,flashmla_sparse_bf16,steady,568.413,0.8752
prefillq2048_b128_h2048_sparse_steady,prefill,flashmla_sparse_bf16,steady,574.125,0.8840
prefillq2048_b128_h262144_sparse_steady,prefill,flashmla_sparse_bf16,steady,356.340,0.5487
prefillq2048_b128_h32768_sparse_steady,prefill,flashmla_sparse_bf16,steady,519.010,0.7991
prefillq2048_b128_h4096_sparse_steady,prefill,flashmla_sparse_bf16,steady,574.392,0.8844
prefillq2048_b128_h65536_sparse_steady,prefill,flashmla_sparse_bf16,steady,448.644,0.6908
prefillq2048_b128_h8192_sparse_steady,prefill,flashmla_sparse_bf16,steady,572.700,0.8818
prefillq2048_b16_h131072_sparse_steady,prefill,flashmla_sparse_bf16,steady,407.334,0.6272
prefillq2048_b16_h16384_sparse_steady,prefill,flashmla_sparse_bf16,steady,578.533,0.8908
prefillq2048_b16_h2048_sparse_steady,prefill,flashmla_sparse_bf16,steady,561.466,0.8645
prefillq2048_b16_h262144_sparse_steady,prefill,flashmla_sparse_bf16,steady,362.957,0.5588
prefillq2048_b16_h32768_sparse_steady,prefill,flashmla_sparse_bf16,steady,530.026,0.8161
prefillq2048_b16_h4096_sparse_steady,prefill,flashmla_sparse_bf16,steady,595.429,0.9168
prefillq2048_b16_h524288_sparse_steady,prefill,flashmla_sparse_bf16,steady,342.553,0.5274
prefillq2048_b16_h65536_sparse_steady,prefill,flashmla_sparse_bf16,steady,471.396,0.7258
prefillq2048_b16_h8192_sparse_steady,prefill,flashmla_sparse_bf16,steady,580.847,0.8943
prefillq2048_b1_h131072_sparse_steady,prefill,flashmla_sparse_bf16,steady,415.721,0.6401
prefillq2048_b1_h16384_sparse_steady,prefill,flashmla_sparse_bf16,steady,603.124,0.9286
prefillq2048_b1_h2048_sparse_steady,prefill,flashmla_sparse_bf16,steady,637.655,0.9818
prefillq2048_b1_h262144_sparse_steady,prefill,flashmla_sparse_bf16,steady,368.555,0.5675
prefillq2048_b1_h32768_sparse_steady,prefill,flashmla_sparse_bf16,steady,540.293,0.8319
prefillq2048_b1_h4096_sparse_steady,prefill,flashmla_sparse_bf16,steady,633.608,0.9756
prefillq2048_b1_h524288_sparse_steady,prefill,flashmla_sparse_bf16,steady,347.969,0.5358
prefillq2048_b1_h65536_sparse_steady,prefill,flashmla_sparse_bf16,steady,487.838,0.7511
prefillq2048_b1_h8192_sparse_steady,prefill,flashmla_sparse_bf16,steady,637.384,0.9814
prefillq2048_b256_h16384_sparse_steady,prefill,flashmla_sparse_bf16,steady,560.830,0.8635
prefillq2048_b256_h2048_sparse_steady,prefill,flashmla_sparse_bf16,steady,566.048,0.8715
prefillq2048_b256_h4096_sparse_steady,prefill,flashmla_sparse_bf16,steady,566.385,0.8721
prefillq2048_b256_h8192_sparse_steady,prefill,flashmla_sparse_bf16,steady,565.158,0.8702
prefillq2048_b2_h131072_sparse_steady,prefill,flashmla_sparse_bf16,steady,414.164,0.6377
prefillq2048_b2_h16384_sparse_steady,prefill,flashmla_sparse_bf16,steady,630.800,0.9712
prefillq2048_b2_h2048_sparse_steady,prefill,flashmla_sparse_bf16,steady,643.320,0.9905
prefillq2048_b2_h262144_sparse_steady,prefill,flashmla_sparse_bf16,steady,366.914,0.5649
prefillq2048_b2_h32768_sparse_steady,prefill,flashmla_sparse_bf16,steady,577.357,0.8889
prefillq2048_b2_h4096_sparse_steady,prefill,flashmla_sparse_bf16,steady,622.435,0.9584
prefillq2048_b2_h524288_sparse_steady,prefill,flashmla_sparse_bf16,steady,348.754,0.5370
prefillq2048_b2_h65536_sparse_steady,prefill,flashmla_sparse_bf16,steady,503.861,0.7758
prefillq2048_b2_h8192_sparse_steady,prefill,flashmla_sparse_bf16,steady,629.095,0.9686
prefillq2048_b32_h131072_sparse_steady,prefill,flashmla_sparse_bf16,steady,406.602,0.6260
prefillq2048_b32_h16384_sparse_steady,prefill,flashmla_sparse_bf16,steady,572.804,0.8819
prefillq2048_b32_h2048_sparse_steady,prefill,flashmla_sparse_bf16,steady,593.990,0.9146
prefillq2048_b32_h262144_sparse_steady,prefill,flashmla_sparse_bf16,steady,361.382,0.5564
prefillq2048_b32_h32768_sparse_steady,prefill,flashmla_sparse_bf16,steady,532.552,0.8200
prefillq2048_b32_h4096_sparse_steady,prefill,flashmla_sparse_bf16,steady,575.990,0.8868
prefillq2048_b32_h524288_sparse_steady,prefill,flashmla_sparse_bf16,steady,341.211,0.5254
prefillq2048_b32_h65536_sparse_steady,prefill,flashmla_sparse_bf16,steady,473.221,0.7286
prefillq2048_b32_h8192_sparse_steady,prefill,flashmla_sparse_bf16,steady,581.600,0.8955
prefillq2048_b4_h131072_sparse_steady,prefill,flashmla_sparse_bf16,steady,368.156,0.5668
prefillq2048_b4_h16384_sparse_steady,prefill,flashmla_sparse_bf16,steady,634.380,0.9767
prefillq2048_b4_h2048_sparse_steady,prefill,flashmla_sparse_bf16,steady,627.736,0.9665
prefillq2048_b4_h262144_sparse_steady,prefill,flashmla_sparse_bf16,steady,366.008,0.5635
prefillq2048_b4_h32768_sparse_steady,prefill,flashmla_sparse_bf16,steady,581.711,0.8957
prefillq2048_b4_h4096_sparse_steady,prefill,flashmla_sparse_bf16,steady,638.954,0.9838
prefillq2048_b4_h524288_sparse_steady,prefill,flashmla_sparse_bf16,steady,346.235,0.5331
prefillq2048_b4_h65536_sparse_steady,prefill,flashmla_sparse_bf16,steady,485.557,0.7476
prefillq2048_b4_h8192_sparse_steady,prefill,flashmla_sparse_bf16,steady,634.447,0.9768
prefillq2048_b64_h131072_sparse_steady,prefill,flashmla_sparse_bf16,steady,396.238,0.6101
prefillq2048_b64_h16384_sparse_steady,prefill,flashmla_sparse_bf16,steady,573.489,0.8830
prefillq2048_b64_h2048_sparse_steady,prefill,flashmla_sparse_bf16,steady,577.289,0.8888
prefillq2048_b64_h262144_sparse_steady,prefill,flashmla_sparse_bf16,steady,358.918,0.5526
prefillq2048_b64_h32768_sparse_steady,prefill,flashmla_sparse_bf16,steady,522.640,0.8047
prefillq2048_b64_h4096_sparse_steady,prefill,flashmla_sparse_bf16,steady,582.778,0.8973
prefillq2048_b64_h524288_sparse_steady,prefill,flashmla_sparse_bf16,steady,338.430,0.5211
prefillq2048_b64_h65536_sparse_steady,prefill,flashmla_sparse_bf16,steady,450.326,0.6934
prefillq2048_b64_h8192_sparse_steady,prefill,flashmla_sparse_bf16,steady,572.408,0.8813
prefillq2048_b8_h131072_sparse_steady,prefill,flashmla_sparse_bf16,steady,409.002,0.6297
prefillq2048_b8_h16384_sparse_steady,prefill,flashmla_sparse_bf16,steady,587.245,0.9042
prefillq2048_b8_h2048_sparse_steady,prefill,flashmla_sparse_bf16,steady,593.991,0.9146
prefillq2048_b8_h262144_sparse_steady,prefill,flashmla_sparse_bf16,steady,363.816,0.5602
prefillq2048_b8_h32768_sparse_steady,prefill,flashmla_sparse_bf16,steady,564.302,0.8688
prefillq2048_b8_h4096_sparse_steady,prefill,flashmla_sparse_bf16,steady,615.734,0.9480
prefillq2048_b8_h524288_sparse_steady,prefill,flashmla_sparse_bf16,steady,343.721,0.5292
prefillq2048_b8_h65536_sparse_steady,prefill,flashmla_sparse_bf16,steady,476.462,0.7336
prefillq2048_b8_h8192_sparse_steady,prefill,flashmla_sparse_bf16,steady,593.483,0.9138
prefillq256_b128_h131072_sparse_steady,prefill,flashmla_sparse_bf16,steady,390.381,0.6011
prefillq256_b128_h16384_sparse_steady,prefill,flashmla_sparse_bf16,steady,579.304,0.8919
prefillq256_b128_h2048_sparse_steady,prefill,flashmla_sparse_bf16,steady,577.160,0.8886
prefillq256_b128_h262144_sparse_steady,prefill,flashmla_sparse_bf16,steady,353.570,0.5444
prefillq256_b128_h32768_sparse_steady,prefill,flashmla_sparse_bf16,steady,516.870,0.7958
prefillq256_b128_h4096_sparse_steady,prefill,flashmla_sparse_bf16,steady,591.909,0.9114
prefillq256_b128_h524288_sparse_steady,prefill,flashmla_sparse_bf16,steady,339.231,0.5223
prefillq256_b128_h65536_sparse_steady,prefill,flashmla_sparse_bf16,steady,440.296,0.6779
prefillq256_b128_h8192_sparse_steady,prefill,flashmla_sparse_bf16,steady,571.608,0.8801
prefillq256_b16_h131072_sparse_steady,prefill,flashmla_sparse_bf16,steady,402.291,0.6194
prefillq256_b16_h16384_sparse_steady,prefill,flashmla_sparse_bf16,steady,579.466,0.8922
prefillq256_b16_h2048_sparse_steady,prefill,flashmla_sparse_bf16,steady,648.892,0.9991
prefillq256_b16_h262144_sparse_steady,prefill,flashmla_sparse_bf16,steady,362.054,0.5574
prefillq256_b16_h32768_sparse_steady,prefill,flashmla_sparse_bf16,steady,552.783,0.8511
prefillq256_b16_h4096_sparse_steady,prefill,flashmla_sparse_bf16,steady,628.205,0.9672
prefillq256_b16_h524288_sparse_steady,prefill,flashmla_sparse_bf16,steady,347.721,0.5354
prefillq256_b16_h65536_sparse_steady,prefill,flashmla_sparse_bf16,steady,440.013,0.6775
prefillq256_b16_h8192_sparse_steady,prefill,flashmla_sparse_bf16,steady,621.527,0.9570
prefillq256_b1_h131072_sparse_steady,prefill,flashmla_sparse_bf16,steady,400.631,0.6168
prefillq256_b1_h16384_sparse_steady,prefill,flashmla_sparse_bf16,steady,594.794,0.9158
prefillq256_b1_h2048_sparse_steady,prefill,flashmla_sparse_bf16,steady,603.187,0.9287
prefillq256_b1_h262144_sparse_steady,prefill,flashmla_sparse_bf16,steady,358.991,0.5527
prefillq256_b1_h32768_sparse_steady,prefill,flashmla_sparse_bf16,steady,545.818,0.8404
prefillq256_b1_h4096_sparse_steady,prefill,flashmla_sparse_bf16,steady,608.871,0.9375
prefillq256_b1_h524288_sparse_steady,prefill,flashmla_sparse_bf16,steady,338.652,0.5214
prefillq256_b1_h65536_sparse_steady,prefill,flashmla_sparse_bf16,steady,462.579,0.7122
prefillq256_b1_h8192_sparse_steady,prefill,flashmla_sparse_bf16,steady,604.872,0.9313
prefillq256_b256_h131072_sparse_steady,prefill,flashmla_sparse_bf16,steady,391.414,0.6027
prefillq256_b256_h16384_sparse_steady,prefill,flashmla_sparse_bf16,steady,551.488,0.8491
prefillq256_b256_h2048_sparse_steady,prefill,flashmla_sparse_bf16,steady,575.178,0.8856
prefillq256_b256_h32768_sparse_steady,prefill,flashmla_sparse_bf16,steady,503.256,0.7749
prefillq256_b256_h4096_sparse_steady,prefill,flashmla_sparse_bf16,steady,550.863,0.8482
prefillq256_b256_h65536_sparse_steady,prefill,flashmla_sparse_bf16,steady,443.495,0.6828
prefillq256_b256_h8192_sparse_steady,prefill,flashmla_sparse_bf16,steady,560.838,0.8635
prefillq256_b2_h131072_sparse_steady,prefill,flashmla_sparse_bf16,steady,408.142,0.6284
prefillq256_b2_h16384_sparse_steady,prefill,flashmla_sparse_bf16,steady,577.941,0.8898
prefillq256_b2_h2048_sparse_steady,prefill,flashmla_sparse_bf16,steady,579.488,0.8922
prefillq256_b2_h262144_sparse_steady,prefill,flashmla_sparse_bf16,steady,359.309,0.5532
prefillq256_b2_h32768_sparse_steady,prefill,flashmla_sparse_bf16,steady,563.406,0.8675
prefillq256_b2_h4096_sparse_steady,prefill,flashmla_sparse_bf16,steady,581.993,0.8961
prefillq256_b2_h524288_sparse_steady,prefill,flashmla_sparse_bf16,steady,340.431,0.5242
prefillq256_b2_h65536_sparse_steady,prefill,flashmla_sparse_bf16,steady,449.138,0.6915
prefillq256_b2_h8192_sparse_steady,prefill,flashmla_sparse_bf16,steady,617.605,0.9509
prefillq256_b32_h131072_sparse_steady,prefill,flashmla_sparse_bf16,steady,395.556,0.6090
prefillq256_b32_h16384_sparse_steady,prefill,flashmla_sparse_bf16,steady,549.647,0.8463
prefillq256_b32_h2048_sparse_steady,prefill,flashmla_sparse_bf16,steady,608.113,0.9363
prefillq256_b32_h262144_sparse_steady,prefill,flashmla_sparse_bf16,steady,362.091,0.5575
prefillq256_b32_h32768_sparse_steady,prefill,flashmla_sparse_bf16,steady,536.062,0.8254
prefillq256_b32_h4096_sparse_steady,prefill,flashmla_sparse_bf16,steady,643.389,0.9906
prefillq256_b32_h524288_sparse_steady,prefill,flashmla_sparse_bf16,steady,344.997,0.5312
prefillq256_b32_h65536_sparse_steady,prefill,flashmla_sparse_bf16,steady,464.347,0.7149
prefillq256_b32_h8192_sparse_steady,prefill,flashmla_sparse_bf16,steady,636.076,0.9794
prefillq256_b4_h131072_sparse_steady,prefill,flashmla_sparse_bf16,steady,403.216,0.6208
prefillq256_b4_h16384_sparse_steady,prefill,flashmla_sparse_bf16,steady,606.986,0.9346
prefillq256_b4_h2048_sparse_steady,prefill,flashmla_sparse_bf16,steady,594.126,0.9148
prefillq256_b4_h262144_sparse_steady,prefill,flashmla_sparse_bf16,steady,360.161,0.5545
prefillq256_b4_h32768_sparse_steady,prefill,flashmla_sparse_bf16,steady,530.077,0.8162
prefillq256_b4_h4096_sparse_steady,prefill,flashmla_sparse_bf16,steady,630.936,0.9714
prefillq256_b4_h524288_sparse_steady,prefill,flashmla_sparse_bf16,steady,343.734,0.5292
prefillq256_b4_h65536_sparse_steady,prefill,flashmla_sparse_bf16,steady,456.483,0.7028
prefillq256_b4_h8192_sparse_steady,prefill,flashmla_sparse_bf16,steady,622.253,0.9581
prefillq256_b64_h131072_sparse_steady,prefill,flashmla_sparse_bf16,steady,391.524,0.6028
prefillq256_b64_h16384_sparse_steady,prefill,flashmla_sparse_bf16,steady,568.589,0.8754
prefillq256_b64_h2048_sparse_steady,prefill,flashmla_sparse_bf16,steady,601.477,0.9261
prefillq256_b64_h262144_sparse_steady,prefill,flashmla_sparse_bf16,steady,357.469,0.5504
prefillq256_b64_h32768_sparse_steady,prefill,flashmla_sparse_bf16,steady,504.386,0.7766
prefillq256_b64_h4096_sparse_steady,prefill,flashmla_sparse_bf16,steady,603.876,0.9298
prefillq256_b64_h524288_sparse_steady,prefill,flashmla_sparse_bf16,steady,342.053,0.5267
prefillq256_b64_h65536_sparse_steady,prefill,flashmla_sparse_bf16,steady,455.028,0.7006
prefillq256_b64_h8192_sparse_steady,prefill,flashmla_sparse_bf16,steady,578.713,0.8910
prefillq256_b8_h131072_sparse_steady,prefill,flashmla_sparse_bf16,steady,401.971,0.6189
prefillq256_b8_h16384_sparse_steady,prefill,flashmla_sparse_bf16,steady,571.232,0.8795
prefillq256_b8_h2048_sparse_steady,prefill,flashmla_sparse_bf16,steady,636.504,0.9800
prefillq256_b8_h262144_sparse_steady,prefill,flashmla_sparse_bf16,steady,362.142,0.5576
prefillq256_b8_h32768_sparse_steady,prefill,flashmla_sparse_bf16,steady,534.365,0.8228
prefillq256_b8_h4096_sparse_steady,prefill,flashmla_sparse_bf16,steady,626.600,0.9648
prefillq256_b8_h524288_sparse_steady,prefill,flashmla_sparse_bf16,steady,347.812,0.5355
prefillq256_b8_h65536_sparse_steady,prefill,flashmla_sparse_bf16,steady,447.843,0.6895
prefillq256_b8_h8192_sparse_steady,prefill,flashmla_sparse_bf16,steady,585.548,0.9016
prefillq2_b128_h131072_sparse_steady,prefill,flashmla_sparse_bf16,steady,276.279,0.4254
prefillq2_b128_h16384_sparse_steady,prefill,flashmla_sparse_bf16,steady,320.946,0.4942
prefillq2_b128_h2048_sparse_steady,prefill,flashmla_sparse_bf16,steady,313.653,0.4829
prefillq2_b128_h262144_sparse_steady,prefill,flashmla_sparse_bf16,steady,319.433,0.4918
prefillq2_b128_h32768_sparse_steady,prefill,flashmla_sparse_bf16,steady,317.904,0.4895
prefillq2_b128_h4096_sparse_steady,prefill,flashmla_sparse_bf16,steady,292.826,0.4509
prefillq2_b128_h524288_sparse_steady,prefill,flashmla_sparse_bf16,steady,320.497,0.4935
prefillq2_b128_h65536_sparse_steady,prefill,flashmla_sparse_bf16,steady,274.828,0.4231
prefillq2_b128_h8192_sparse_steady,prefill,flashmla_sparse_bf16,steady,295.519,0.4550
prefillq2_b16_h131072_sparse_steady,prefill,flashmla_sparse_bf16,steady,146.461,0.2255
prefillq2_b16_h16384_sparse_steady,prefill,flashmla_sparse_bf16,steady,148.009,0.2279
prefillq2_b16_h2048_sparse_steady,prefill,flashmla_sparse_bf16,steady,156.819,0.2415
prefillq2_b16_h262144_sparse_steady,prefill,flashmla_sparse_bf16,steady,132.565,0.2041
prefillq2_b16_h32768_sparse_steady,prefill,flashmla_sparse_bf16,steady,146.617,0.2257
prefillq2_b16_h4096_sparse_steady,prefill,flashmla_sparse_bf16,steady,151.506,0.2333
prefillq2_b16_h524288_sparse_steady,prefill,flashmla_sparse_bf16,steady,118.552,0.1825
prefillq2_b16_h65536_sparse_steady,prefill,flashmla_sparse_bf16,steady,146.572,0.2257
prefillq2_b16_h8192_sparse_steady,prefill,flashmla_sparse_bf16,steady,149.551,0.2303
prefillq2_b1_h131072_sparse_steady,prefill,flashmla_sparse_bf16,steady,10.361,0.0160
prefillq2_b1_h16384_sparse_steady,prefill,flashmla_sparse_bf16,steady,10.353,0.0159
prefillq2_b1_h2048_sparse_steady,prefill,flashmla_sparse_bf16,steady,10.366,0.0160
prefillq2_b1_h262144_sparse_steady,prefill,flashmla_sparse_bf16,steady,10.357,0.0159
prefillq2_b1_h32768_sparse_steady,prefill,flashmla_sparse_bf16,steady,10.355,0.0159
prefillq2_b1_h4096_sparse_steady,prefill,flashmla_sparse_bf16,steady,10.369,0.0160
prefillq2_b1_h524288_sparse_steady,prefill,flashmla_sparse_bf16,steady,10.358,0.0159
prefillq2_b1_h65536_sparse_steady,prefill,flashmla_sparse_bf16,steady,10.357,0.0159
prefillq2_b1_h8192_sparse_steady,prefill,flashmla_sparse_bf16,steady,10.364,0.0160
prefillq2_b256_h131072_sparse_steady,prefill,flashmla_sparse_bf16,steady,281.548,0.4335
prefillq2_b256_h16384_sparse_steady,prefill,flashmla_sparse_bf16,steady,327.205,0.5038
prefillq2_b256_h2048_sparse_steady,prefill,flashmla_sparse_bf16,steady,317.085,0.4882
prefillq2_b256_h262144_sparse_steady,prefill,flashmla_sparse_bf16,steady,324.634,0.4998
prefillq2_b256_h32768_sparse_steady,prefill,flashmla_sparse_bf16,steady,322.738,0.4969
prefillq2_b256_h4096_sparse_steady,prefill,flashmla_sparse_bf16,steady,299.521,0.4612
prefillq2_b256_h65536_sparse_steady,prefill,flashmla_sparse_bf16,steady,281.566,0.4335
prefillq2_b256_h8192_sparse_steady,prefill,flashmla_sparse_bf16,steady,352.403,0.5426
prefillq2_b2_h131072_sparse_steady,prefill,flashmla_sparse_bf16,steady,20.609,0.0317
prefillq2_b2_h16384_sparse_steady,prefill,flashmla_sparse_bf16,steady,20.607,0.0317
prefillq2_b2_h2048_sparse_steady,prefill,flashmla_sparse_bf16,steady,20.610,0.0317
prefillq2_b2_h262144_sparse_steady,prefill,flashmla_sparse_bf16,steady,20.765,0.0320
prefillq2_b2_h32768_sparse_steady,prefill,flashmla_sparse_bf16,steady,20.591,0.0317
prefillq2_b2_h4096_sparse_steady,prefill,flashmla_sparse_bf16,steady,20.600,0.0317
prefillq2_b2_h524288_sparse_steady,prefill,flashmla_sparse_bf16,steady,20.786,0.0320
prefillq2_b2_h65536_sparse_steady,prefill,flashmla_sparse_bf16,steady,20.576,0.0317
prefillq2_b2_h8192_sparse_steady,prefill,flashmla_sparse_bf16,steady,20.609,0.0317
prefillq2_b32_h131072_sparse_steady,prefill,flashmla_sparse_bf16,steady,246.775,0.3800
prefillq2_b32_h16384_sparse_steady,prefill,flashmla_sparse_bf16,steady,250.044,0.3850
prefillq2_b32_h2048_sparse_steady,prefill,flashmla_sparse_bf16,steady,252.169,0.3883
prefillq2_b32_h262144_sparse_steady,prefill,flashmla_sparse_bf16,steady,211.300,0.3253
prefillq2_b32_h32768_sparse_steady,prefill,flashmla_sparse_bf16,steady,253.373,0.3901
prefillq2_b32_h4096_sparse_steady,prefill,flashmla_sparse_bf16,steady,261.077,0.4020
prefillq2_b32_h524288_sparse_steady,prefill,flashmla_sparse_bf16,steady,221.594,0.3412
prefillq2_b32_h65536_sparse_steady,prefill,flashmla_sparse_bf16,steady,254.101,0.3912
prefillq2_b32_h8192_sparse_steady,prefill,flashmla_sparse_bf16,steady,261.864,0.4032
prefillq2_b4_h131072_sparse_steady,prefill,flashmla_sparse_bf16,steady,41.126,0.0633
prefillq2_b4_h16384_sparse_steady,prefill,flashmla_sparse_bf16,steady,41.128,0.0633
prefillq2_b4_h2048_sparse_steady,prefill,flashmla_sparse_bf16,steady,41.472,0.0639
prefillq2_b4_h262144_sparse_steady,prefill,flashmla_sparse_bf16,steady,41.106,0.0633
prefillq2_b4_h32768_sparse_steady,prefill,flashmla_sparse_bf16,steady,41.132,0.0633
prefillq2_b4_h4096_sparse_steady,prefill,flashmla_sparse_bf16,steady,41.523,0.0639
prefillq2_b4_h524288_sparse_steady,prefill,flashmla_sparse_bf16,steady,41.248,0.0635
prefillq2_b4_h65536_sparse_steady,prefill,flashmla_sparse_bf16,steady,41.205,0.0634
prefillq2_b4_h8192_sparse_steady,prefill,flashmla_sparse_bf16,steady,41.493,0.0639
prefillq2_b64_h131072_sparse_steady,prefill,flashmla_sparse_bf16,steady,269.195,0.4145
prefillq2_b64_h16384_sparse_steady,prefill,flashmla_sparse_bf16,steady,312.092,0.4805
prefillq2_b64_h2048_sparse_steady,prefill,flashmla_sparse_bf16,steady,305.703,0.4707
prefillq2_b64_h262144_sparse_steady,prefill,flashmla_sparse_bf16,steady,265.116,0.4082
prefillq2_b64_h32768_sparse_steady,prefill,flashmla_sparse_bf16,steady,309.982,0.4773
prefillq2_b64_h4096_sparse_steady,prefill,flashmla_sparse_bf16,steady,332.374,0.5118
prefillq2_b64_h524288_sparse_steady,prefill,flashmla_sparse_bf16,steady,307.705,0.4738
prefillq2_b64_h65536_sparse_steady,prefill,flashmla_sparse_bf16,steady,313.067,0.4820
prefillq2_b64_h8192_sparse_steady,prefill,flashmla_sparse_bf16,steady,332.680,0.5122
prefillq2_b8_h131072_sparse_steady,prefill,flashmla_sparse_bf16,steady,80.017,0.1232
prefillq2_b8_h16384_sparse_steady,prefill,flashmla_sparse_bf16,steady,80.785,0.1244
prefillq2_b8_h2048_sparse_steady,prefill,flashmla_sparse_bf16,steady,81.915,0.1261
prefillq2_b8_h262144_sparse_steady,prefill,flashmla_sparse_bf16,steady,79.761,0.1228
prefillq2_b8_h32768_sparse_steady,prefill,flashmla_sparse_bf16,steady,80.016,0.1232
prefillq2_b8_h4096_sparse_steady,prefill,flashmla_sparse_bf16,steady,82.318,0.1267
prefillq2_b8_h524288_sparse_steady,prefill,flashmla_sparse_bf16,steady,76.546,0.1179
prefillq2_b8_h65536_sparse_steady,prefill,flashmla_sparse_bf16,steady,80.283,0.1236
prefillq2_b8_h8192_sparse_steady,prefill,flashmla_sparse_bf16,steady,81.690,0.1258
prefillq32768_b16_h131072_sparse_steady,prefill,flashmla_sparse_bf16,steady,390.303,0.6009
prefillq32768_b16_h16384_sparse_steady,prefill,flashmla_sparse_bf16,steady,519.960,0.8006
prefillq32768_b16_h2048_sparse_steady,prefill,flashmla_sparse_bf16,steady,547.347,0.8427
prefillq32768_b16_h262144_sparse_steady,prefill,flashmla_sparse_bf16,steady,358.052,0.5513
prefillq32768_b16_h32768_sparse_steady,prefill,flashmla_sparse_bf16,steady,484.034,0.7453
prefillq32768_b16_h4096_sparse_steady,prefill,flashmla_sparse_bf16,steady,544.399,0.8382
prefillq32768_b16_h65536_sparse_steady,prefill,flashmla_sparse_bf16,steady,439.648,0.6769
prefillq32768_b16_h8192_sparse_steady,prefill,flashmla_sparse_bf16,steady,537.599,0.8277
prefillq32768_b1_h131072_sparse_steady,prefill,flashmla_sparse_bf16,steady,398.173,0.6131
prefillq32768_b1_h16384_sparse_steady,prefill,flashmla_sparse_bf16,steady,548.620,0.8447
prefillq32768_b1_h2048_sparse_steady,prefill,flashmla_sparse_bf16,steady,575.326,0.8858
prefillq32768_b1_h262144_sparse_steady,prefill,flashmla_sparse_bf16,steady,361.766,0.5570
prefillq32768_b1_h32768_sparse_steady,prefill,flashmla_sparse_bf16,steady,496.080,0.7638
prefillq32768_b1_h4096_sparse_steady,prefill,flashmla_sparse_bf16,steady,559.898,0.8621
prefillq32768_b1_h524288_sparse_steady,prefill,flashmla_sparse_bf16,steady,342.003,0.5266
prefillq32768_b1_h65536_sparse_steady,prefill,flashmla_sparse_bf16,steady,452.780,0.6971
prefillq32768_b1_h8192_sparse_steady,prefill,flashmla_sparse_bf16,steady,559.269,0.8611
prefillq32768_b2_h131072_sparse_steady,prefill,flashmla_sparse_bf16,steady,397.996,0.6128
prefillq32768_b2_h16384_sparse_steady,prefill,flashmla_sparse_bf16,steady,542.406,0.8351
prefillq32768_b2_h2048_sparse_steady,prefill,flashmla_sparse_bf16,steady,584.144,0.8994
prefillq32768_b2_h262144_sparse_steady,prefill,flashmla_sparse_bf16,steady,361.193,0.5561
prefillq32768_b2_h32768_sparse_steady,prefill,flashmla_sparse_bf16,steady,506.149,0.7793
prefillq32768_b2_h4096_sparse_steady,prefill,flashmla_sparse_bf16,steady,572.105,0.8809
prefillq32768_b2_h524288_sparse_steady,prefill,flashmla_sparse_bf16,steady,341.534,0.5259
prefillq32768_b2_h65536_sparse_steady,prefill,flashmla_sparse_bf16,steady,456.106,0.7023
prefillq32768_b2_h8192_sparse_steady,prefill,flashmla_sparse_bf16,steady,563.342,0.8674
prefillq32768_b4_h131072_sparse_steady,prefill,flashmla_sparse_bf16,steady,383.415,0.5903
prefillq32768_b4_h16384_sparse_steady,prefill,flashmla_sparse_bf16,steady,530.991,0.8176
prefillq32768_b4_h2048_sparse_steady,prefill,flashmla_sparse_bf16,steady,574.239,0.8841
prefillq32768_b4_h262144_sparse_steady,prefill,flashmla_sparse_bf16,steady,353.685,0.5446
prefillq32768_b4_h32768_sparse_steady,prefill,flashmla_sparse_bf16,steady,486.160,0.7485
prefillq32768_b4_h4096_sparse_steady,prefill,flashmla_sparse_bf16,steady,566.961,0.8729
prefillq32768_b4_h524288_sparse_steady,prefill,flashmla_sparse_bf16,steady,336.616,0.5183
prefillq32768_b4_h65536_sparse_steady,prefill,flashmla_sparse_bf16,steady,431.171,0.6639
prefillq32768_b4_h8192_sparse_steady,prefill,flashmla_sparse_bf16,steady,552.104,0.8501
prefillq32768_b8_h131072_sparse_steady,prefill,flashmla_sparse_bf16,steady,385.537,0.5936
prefillq32768_b8_h16384_sparse_steady,prefill,flashmla_sparse_bf16,steady,522.004,0.8037
prefillq32768_b8_h2048_sparse_steady,prefill,flashmla_sparse_bf16,steady,556.002,0.8561
prefillq32768_b8_h262144_sparse_steady,prefill,flashmla_sparse_bf16,steady,354.807,0.5463
prefillq32768_b8_h32768_sparse_steady,prefill,flashmla_sparse_bf16,steady,481.154,0.7408
prefillq32768_b8_h4096_sparse_steady,prefill,flashmla_sparse_bf16,steady,550.241,0.8472
prefillq32768_b8_h524288_sparse_steady,prefill,flashmla_sparse_bf16,steady,337.545,0.5197
prefillq32768_b8_h65536_sparse_steady,prefill,flashmla_sparse_bf16,steady,432.263,0.6655
prefillq32768_b8_h8192_sparse_steady,prefill,flashmla_sparse_bf16,steady,545.869,0.8405
prefillq32_b128_h131072_sparse_steady,prefill,flashmla_sparse_bf16,steady,350.680,0.5399
prefillq32_b128_h16384_sparse_steady,prefill,flashmla_sparse_bf16,steady,468.956,0.7220
prefillq32_b128_h2048_sparse_steady,prefill,flashmla_sparse_bf16,steady,636.385,0.9798
prefillq32_b128_h262144_sparse_steady,prefill,flashmla_sparse_bf16,steady,314.408,0.4841
prefillq32_b128_h32768_sparse_steady,prefill,flashmla_sparse_bf16,steady,395.977,0.6097
prefillq32_b128_h4096_sparse_steady,prefill,flashmla_sparse_bf16,steady,601.943,0.9268
prefillq32_b128_h524288_sparse_steady,prefill,flashmla_sparse_bf16,steady,327.684,0.5045
prefillq32_b128_h65536_sparse_steady,prefill,flashmla_sparse_bf16,steady,362.250,0.5577
prefillq32_b128_h8192_sparse_steady,prefill,flashmla_sparse_bf16,steady,559.081,0.8608
prefillq32_b16_h131072_sparse_steady,prefill,flashmla_sparse_bf16,steady,345.689,0.5323
prefillq32_b16_h16384_sparse_steady,prefill,flashmla_sparse_bf16,steady,479.131,0.7377
prefillq32_b16_h2048_sparse_steady,prefill,flashmla_sparse_bf16,steady,526.456,0.8106
prefillq32_b16_h262144_sparse_steady,prefill,flashmla_sparse_bf16,steady,326.505,0.5027
prefillq32_b16_h32768_sparse_steady,prefill,flashmla_sparse_bf16,steady,387.980,0.5974
prefillq32_b16_h4096_sparse_steady,prefill,flashmla_sparse_bf16,steady,602.499,0.9277
prefillq32_b16_h524288_sparse_steady,prefill,flashmla_sparse_bf16,steady,325.582,0.5013
prefillq32_b16_h65536_sparse_steady,prefill,flashmla_sparse_bf16,steady,349.725,0.5385
prefillq32_b16_h8192_sparse_steady,prefill,flashmla_sparse_bf16,steady,558.227,0.8595
prefillq32_b1_h131072_sparse_steady,prefill,flashmla_sparse_bf16,steady,145.889,0.2246
prefillq32_b1_h16384_sparse_steady,prefill,flashmla_sparse_bf16,steady,164.826,0.2538
prefillq32_b1_h2048_sparse_steady,prefill,flashmla_sparse_bf16,steady,164.795,0.2537
prefillq32_b1_h262144_sparse_steady,prefill,flashmla_sparse_bf16,steady,146.803,0.2260
prefillq32_b1_h32768_sparse_steady,prefill,flashmla_sparse_bf16,steady,157.663,0.2428
prefillq32_b1_h4096_sparse_steady,prefill,flashmla_sparse_bf16,steady,164.776,0.2537
prefillq32_b1_h524288_sparse_steady,prefill,flashmla_sparse_bf16,steady,131.042,0.2018
prefillq32_b1_h65536_sparse_steady,prefill,flashmla_sparse_bf16,steady,149.890,0.2308
prefillq32_b1_h8192_sparse_steady,prefill,flashmla_sparse_bf16,steady,165.100,0.2542
prefillq32_b256_h131072_sparse_steady,prefill,flashmla_sparse_bf16,steady,346.649,0.5337
prefillq32_b256_h16384_sparse_steady,prefill,flashmla_sparse_bf16,steady,452.548,0.6968
prefillq32_b256_h2048_sparse_steady,prefill,flashmla_sparse_bf16,steady,621.368,0.9567
prefillq32_b256_h262144_sparse_steady,prefill,flashmla_sparse_bf16,steady,332.562,0.5120
prefillq32_b256_h32768_sparse_steady,prefill,flashmla_sparse_bf16,steady,399.799,0.6156
prefillq32_b256_h4096_sparse_steady,prefill,flashmla_sparse_bf16,steady,608.226,0.9365
prefillq32_b256_h65536_sparse_steady,prefill,flashmla_sparse_bf16,steady,363.075,0.5590
prefillq32_b256_h8192_sparse_steady,prefill,flashmla_sparse_bf16,steady,573.750,0.8834
prefillq32_b2_h131072_sparse_steady,prefill,flashmla_sparse_bf16,steady,254.706,0.3922
prefillq32_b2_h16384_sparse_steady,prefill,flashmla_sparse_bf16,steady,302.802,0.4662
prefillq32_b2_h2048_sparse_steady,prefill,flashmla_sparse_bf16,steady,295.101,0.4544
prefillq32_b2_h262144_sparse_steady,prefill,flashmla_sparse_bf16,steady,239.238,0.3684
prefillq32_b2_h32768_sparse_steady,prefill,flashmla_sparse_bf16,steady,282.551,0.4350
prefillq32_b2_h4096_sparse_steady,prefill,flashmla_sparse_bf16,steady,306.039,0.4712
prefillq32_b2_h524288_sparse_steady,prefill,flashmla_sparse_bf16,steady,233.929,0.3602
prefillq32_b2_h65536_sparse_steady,prefill,flashmla_sparse_bf16,steady,271.297,0.4177
prefillq32_b2_h8192_sparse_steady,prefill,flashmla_sparse_bf16,steady,313.341,0.4824
prefillq32_b32_h131072_sparse_steady,prefill,flashmla_sparse_bf16,steady,343.534,0.5289
prefillq32_b32_h16384_sparse_steady,prefill,flashmla_sparse_bf16,steady,467.928,0.7205
prefillq32_b32_h2048_sparse_steady,prefill,flashmla_sparse_bf16,steady,625.018,0.9623
prefillq32_b32_h262144_sparse_steady,prefill,flashmla_sparse_bf16,steady,336.071,0.5174
prefillq32_b32_h32768_sparse_steady,prefill,flashmla_sparse_bf16,steady,394.172,0.6069
prefillq32_b32_h4096_sparse_steady,prefill,flashmla_sparse_bf16,steady,615.508,0.9477
prefillq32_b32_h524288_sparse_steady,prefill,flashmla_sparse_bf16,steady,299.468,0.4611
prefillq32_b32_h65536_sparse_steady,prefill,flashmla_sparse_bf16,steady,362.624,0.5583
prefillq32_b32_h8192_sparse_steady,prefill,flashmla_sparse_bf16,steady,564.623,0.8693
prefillq32_b4_h131072_sparse_steady,prefill,flashmla_sparse_bf16,steady,333.491,0.5135
prefillq32_b4_h16384_sparse_steady,prefill,flashmla_sparse_bf16,steady,462.796,0.7126
prefillq32_b4_h2048_sparse_steady,prefill,flashmla_sparse_bf16,steady,601.705,0.9264
prefillq32_b4_h262144_sparse_steady,prefill,flashmla_sparse_bf16,steady,311.038,0.4789
prefillq32_b4_h32768_sparse_steady,prefill,flashmla_sparse_bf16,steady,382.775,0.5894
prefillq32_b4_h4096_sparse_steady,prefill,flashmla_sparse_bf16,steady,598.046,0.9208
prefillq32_b4_h524288_sparse_steady,prefill,flashmla_sparse_bf16,steady,309.871,0.4771
prefillq32_b4_h65536_sparse_steady,prefill,flashmla_sparse_bf16,steady,343.891,0.5295
prefillq32_b4_h8192_sparse_steady,prefill,flashmla_sparse_bf16,steady,547.321,0.8427
prefillq32_b64_h131072_sparse_steady,prefill,flashmla_sparse_bf16,steady,354.801,0.5463
prefillq32_b64_h16384_sparse_steady,prefill,flashmla_sparse_bf16,steady,475.601,0.7323
prefillq32_b64_h2048_sparse_steady,prefill,flashmla_sparse_bf16,steady,624.570,0.9616
prefillq32_b64_h262144_sparse_steady,prefill,flashmla_sparse_bf16,steady,330.199,0.5084
prefillq32_b64_h32768_sparse_steady,prefill,flashmla_sparse_bf16,steady,401.519,0.6182
prefillq32_b64_h4096_sparse_steady,prefill,flashmla_sparse_bf16,steady,624.312,0.9612
prefillq32_b64_h524288_sparse_steady,prefill,flashmla_sparse_bf16,steady,334.252,0.5146
prefillq32_b64_h65536_sparse_steady,prefill,flashmla_sparse_bf16,steady,360.954,0.5558
prefillq32_b64_h8192_sparse_steady,prefill,flashmla_sparse_bf16,steady,554.008,0.8530
prefillq32_b8_h131072_sparse_steady,prefill,flashmla_sparse_bf16,steady,336.899,0.5187
prefillq32_b8_h16384_sparse_steady,prefill,flashmla_sparse_bf16,steady,472.122,0.7269
prefillq32_b8_h2048_sparse_steady,prefill,flashmla_sparse_bf16,steady,561.111,0.8639
prefillq32_b8_h262144_sparse_steady,prefill,flashmla_sparse_bf16,steady,319.693,0.4922
prefillq32_b8_h32768_sparse_steady,prefill,flashmla_sparse_bf16,steady,393.588,0.6060
prefillq32_b8_h4096_sparse_steady,prefill,flashmla_sparse_bf16,steady,560.270,0.8626
prefillq32_b8_h524288_sparse_steady,prefill,flashmla_sparse_bf16,steady,316.821,0.4878
prefillq32_b8_h65536_sparse_steady,prefill,flashmla_sparse_bf16,steady,350.103,0.5390
prefillq32_b8_h8192_sparse_steady,prefill,flashmla_sparse_bf16,steady,548.642,0.8447
prefillq4096_b128_h16384_sparse_steady,prefill,flashmla_sparse_bf16,steady,560.314,0.8627
prefillq4096_b128_h2048_sparse_steady,prefill,flashmla_sparse_bf16,steady,566.042,0.8715
prefillq4096_b128_h32768_sparse_steady,prefill,flashmla_sparse_bf16,steady,519.437,0.7998
prefillq4096_b128_h4096_sparse_steady,prefill,flashmla_sparse_bf16,steady,565.326,0.8704
prefillq4096_b128_h8192_sparse_steady,prefill,flashmla_sparse_bf16,steady,564.992,0.8699
prefillq4096_b16_h131072_sparse_steady,prefill,flashmla_sparse_bf16,steady,405.643,0.6246
prefillq4096_b16_h16384_sparse_steady,prefill,flashmla_sparse_bf16,steady,580.071,0.8931
prefillq4096_b16_h2048_sparse_steady,prefill,flashmla_sparse_bf16,steady,575.905,0.8867
prefillq4096_b16_h262144_sparse_steady,prefill,flashmla_sparse_bf16,steady,362.218,0.5577
prefillq4096_b16_h32768_sparse_steady,prefill,flashmla_sparse_bf16,steady,529.057,0.8146
prefillq4096_b16_h4096_sparse_steady,prefill,flashmla_sparse_bf16,steady,572.170,0.8810
prefillq4096_b16_h524288_sparse_steady,prefill,flashmla_sparse_bf16,steady,342.992,0.5281
prefillq4096_b16_h65536_sparse_steady,prefill,flashmla_sparse_bf16,steady,473.802,0.7295
prefillq4096_b16_h8192_sparse_steady,prefill,flashmla_sparse_bf16,steady,579.832,0.8928
prefillq4096_b1_h131072_sparse_steady,prefill,flashmla_sparse_bf16,steady,412.832,0.6356
prefillq4096_b1_h16384_sparse_steady,prefill,flashmla_sparse_bf16,steady,641.628,0.9879
prefillq4096_b1_h2048_sparse_steady,prefill,flashmla_sparse_bf16,steady,640.851,0.9867
prefillq4096_b1_h262144_sparse_steady,prefill,flashmla_sparse_bf16,steady,367.465,0.5658
prefillq4096_b1_h32768_sparse_steady,prefill,flashmla_sparse_bf16,steady,553.601,0.8524
prefillq4096_b1_h4096_sparse_steady,prefill,flashmla_sparse_bf16,steady,615.787,0.9481
prefillq4096_b1_h524288_sparse_steady,prefill,flashmla_sparse_bf16,steady,347.760,0.5354
prefillq4096_b1_h65536_sparse_steady,prefill,flashmla_sparse_bf16,steady,504.141,0.7762
prefillq4096_b1_h8192_sparse_steady,prefill,flashmla_sparse_bf16,steady,632.067,0.9732
prefillq4096_b2_h131072_sparse_steady,prefill,flashmla_sparse_bf16,steady,411.020,0.6328
prefillq4096_b2_h16384_sparse_steady,prefill,flashmla_sparse_bf16,steady,618.092,0.9517
prefillq4096_b2_h2048_sparse_steady,prefill,flashmla_sparse_bf16,steady,617.449,0.9507
prefillq4096_b2_h262144_sparse_steady,prefill,flashmla_sparse_bf16,steady,366.260,0.5639
prefillq4096_b2_h32768_sparse_steady,prefill,flashmla_sparse_bf16,steady,541.754,0.8341
prefillq4096_b2_h4096_sparse_steady,prefill,flashmla_sparse_bf16,steady,649.485,1.0000
prefillq4096_b2_h524288_sparse_steady,prefill,flashmla_sparse_bf16,steady,346.509,0.5335
prefillq4096_b2_h65536_sparse_steady,prefill,flashmla_sparse_bf16,steady,494.559,0.7615
prefillq4096_b2_h8192_sparse_steady,prefill,flashmla_sparse_bf16,steady,648.255,0.9981
prefillq4096_b32_h131072_sparse_steady,prefill,flashmla_sparse_bf16,steady,391.667,0.6030
prefillq4096_b32_h16384_sparse_steady,prefill,flashmla_sparse_bf16,steady,578.842,0.8912
prefillq4096_b32_h2048_sparse_steady,prefill,flashmla_sparse_bf16,steady,575.910,0.8867
prefillq4096_b32_h262144_sparse_steady,prefill,flashmla_sparse_bf16,steady,355.683,0.5476
prefillq4096_b32_h32768_sparse_steady,prefill,flashmla_sparse_bf16,steady,522.173,0.8040
prefillq4096_b32_h4096_sparse_steady,prefill,flashmla_sparse_bf16,steady,583.288,0.8981
prefillq4096_b32_h524288_sparse_steady,prefill,flashmla_sparse_bf16,steady,339.048,0.5220
prefillq4096_b32_h65536_sparse_steady,prefill,flashmla_sparse_bf16,steady,450.484,0.6936
prefillq4096_b32_h8192_sparse_steady,prefill,flashmla_sparse_bf16,steady,582.074,0.8962
prefillq4096_b4_h131072_sparse_steady,prefill,flashmla_sparse_bf16,steady,408.465,0.6289
prefillq4096_b4_h16384_sparse_steady,prefill,flashmla_sparse_bf16,steady,604.626,0.9309
prefillq4096_b4_h2048_sparse_steady,prefill,flashmla_sparse_bf16,steady,614.850,0.9467
prefillq4096_b4_h262144_sparse_steady,prefill,flashmla_sparse_bf16,steady,364.250,0.5608
prefillq4096_b4_h32768_sparse_steady,prefill,flashmla_sparse_bf16,steady,540.854,0.8327
prefillq4096_b4_h4096_sparse_steady,prefill,flashmla_sparse_bf16,steady,606.302,0.9335
prefillq4096_b4_h524288_sparse_steady,prefill,flashmla_sparse_bf16,steady,344.769,0.5308
prefillq4096_b4_h65536_sparse_steady,prefill,flashmla_sparse_bf16,steady,476.628,0.7339
prefillq4096_b4_h8192_sparse_steady,prefill,flashmla_sparse_bf16,steady,637.106,0.9809
prefillq4096_b64_h131072_sparse_steady,prefill,flashmla_sparse_bf16,steady,394.628,0.6076
prefillq4096_b64_h16384_sparse_steady,prefill,flashmla_sparse_bf16,steady,567.373,0.8736
prefillq4096_b64_h2048_sparse_steady,prefill,flashmla_sparse_bf16,steady,574.500,0.8845
prefillq4096_b64_h262144_sparse_steady,prefill,flashmla_sparse_bf16,steady,357.337,0.5502
prefillq4096_b64_h32768_sparse_steady,prefill,flashmla_sparse_bf16,steady,518.604,0.7985
prefillq4096_b64_h4096_sparse_steady,prefill,flashmla_sparse_bf16,steady,573.381,0.8828
prefillq4096_b64_h524288_sparse_steady,prefill,flashmla_sparse_bf16,steady,339.495,0.5227
prefillq4096_b64_h65536_sparse_steady,prefill,flashmla_sparse_bf16,steady,449.083,0.6914
prefillq4096_b64_h8192_sparse_steady,prefill,flashmla_sparse_bf16,steady,573.858,0.8836
prefillq4096_b8_h131072_sparse_steady,prefill,flashmla_sparse_bf16,steady,406.036,0.6252
prefillq4096_b8_h16384_sparse_steady,prefill,flashmla_sparse_bf16,steady,580.010,0.8930
prefillq4096_b8_h2048_sparse_steady,prefill,flashmla_sparse_bf16,steady,579.836,0.8928
prefillq4096_b8_h262144_sparse_steady,prefill,flashmla_sparse_bf16,steady,362.749,0.5585
prefillq4096_b8_h32768_sparse_steady,prefill,flashmla_sparse_bf16,steady,527.093,0.8116
prefillq4096_b8_h4096_sparse_steady,prefill,flashmla_sparse_bf16,steady,593.390,0.9136
prefillq4096_b8_h524288_sparse_steady,prefill,flashmla_sparse_bf16,steady,343.298,0.5286
prefillq4096_b8_h65536_sparse_steady,prefill,flashmla_sparse_bf16,steady,475.900,0.7327
prefillq4096_b8_h8192_sparse_steady,prefill,flashmla_sparse_bf16,steady,560.689,0.8633
prefillq4_b128_h131072_sparse_steady,prefill,flashmla_sparse_bf16,steady,286.226,0.4407
prefillq4_b128_h16384_sparse_steady,prefill,flashmla_sparse_bf16,steady,332.590,0.5121
prefillq4_b128_h2048_sparse_steady,prefill,flashmla_sparse_bf16,steady,388.635,0.5984
prefillq4_b128_h262144_sparse_steady,prefill,flashmla_sparse_bf16,steady,279.538,0.4304
prefillq4_b128_h32768_sparse_steady,prefill,flashmla_sparse_bf16,steady,328.551,0.5059
prefillq4_b128_h4096_sparse_steady,prefill,flashmla_sparse_bf16,steady,345.888,0.5326
prefillq4_b128_h524288_sparse_steady,prefill,flashmla_sparse_bf16,steady,327.603,0.5044
prefillq4_b128_h65536_sparse_steady,prefill,flashmla_sparse_bf16,steady,334.122,0.5144
prefillq4_b128_h8192_sparse_steady,prefill,flashmla_sparse_bf16,steady,367.659,0.5661
prefillq4_b16_h131072_sparse_steady,prefill,flashmla_sparse_bf16,steady,253.083,0.3897
prefillq4_b16_h16384_sparse_steady,prefill,flashmla_sparse_bf16,steady,256.518,0.3950
prefillq4_b16_h2048_sparse_steady,prefill,flashmla_sparse_bf16,steady,248.904,0.3832
prefillq4_b16_h262144_sparse_steady,prefill,flashmla_sparse_bf16,steady,227.106,0.3497
prefillq4_b16_h32768_sparse_steady,prefill,flashmla_sparse_bf16,steady,252.186,0.3883
prefillq4_b16_h4096_sparse_steady,prefill,flashmla_sparse_bf16,steady,274.669,0.4229
prefillq4_b16_h524288_sparse_steady,prefill,flashmla_sparse_bf16,steady,216.196,0.3329
prefillq4_b16_h65536_sparse_steady,prefill,flashmla_sparse_bf16,steady,254.062,0.3912
prefillq4_b16_h8192_sparse_steady,prefill,flashmla_sparse_bf16,steady,269.625,0.4151
prefillq4_b1_h131072_sparse_steady,prefill,flashmla_sparse_bf16,steady,20.723,0.0319
prefillq4_b1_h16384_sparse_steady,prefill,flashmla_sparse_bf16,steady,20.658,0.0318
prefillq4_b1_h2048_sparse_steady,prefill,flashmla_sparse_bf16,steady,20.418,0.0314
prefillq4_b1_h262144_sparse_steady,prefill,flashmla_sparse_bf16,steady,20.729,0.0319
prefillq4_b1_h32768_sparse_steady,prefill,flashmla_sparse_bf16,steady,20.644,0.0318
prefillq4_b1_h4096_sparse_steady,prefill,flashmla_sparse_bf16,steady,20.453,0.0315
prefillq4_b1_h524288_sparse_steady,prefill,flashmla_sparse_bf16,steady,20.782,0.0320
prefillq4_b1_h65536_sparse_steady,prefill,flashmla_sparse_bf16,steady,20.668,0.0318
prefillq4_b1_h8192_sparse_steady,prefill,flashmla_sparse_bf16,steady,20.681,0.0318
prefillq4_b256_h131072_sparse_steady,prefill,flashmla_sparse_bf16,steady,283.013,0.4358
prefillq4_b256_h16384_sparse_steady,prefill,flashmla_sparse_bf16,steady,334.137,0.5145
prefillq4_b256_h2048_sparse_steady,prefill,flashmla_sparse_bf16,steady,418.534,0.6444
prefillq4_b256_h262144_sparse_steady,prefill,flashmla_sparse_bf16,steady,329.595,0.5075
prefillq4_b256_h32768_sparse_steady,prefill,flashmla_sparse_bf16,steady,328.190,0.5053
prefillq4_b256_h4096_sparse_steady,prefill,flashmla_sparse_bf16,steady,369.969,0.5696
prefillq4_b256_h65536_sparse_steady,prefill,flashmla_sparse_bf16,steady,307.980,0.4742
prefillq4_b256_h8192_sparse_steady,prefill,flashmla_sparse_bf16,steady,373.139,0.5745
prefillq4_b2_h131072_sparse_steady,prefill,flashmla_sparse_bf16,steady,41.629,0.0641
prefillq4_b2_h16384_sparse_steady,prefill,flashmla_sparse_bf16,steady,41.557,0.0640
prefillq4_b2_h2048_sparse_steady,prefill,flashmla_sparse_bf16,steady,41.494,0.0639
prefillq4_b2_h262144_sparse_steady,prefill,flashmla_sparse_bf16,steady,41.648,0.0641
prefillq4_b2_h32768_sparse_steady,prefill,flashmla_sparse_bf16,steady,41.571,0.0640
prefillq4_b2_h4096_sparse_steady,prefill,flashmla_sparse_bf16,steady,41.552,0.0640
prefillq4_b2_h524288_sparse_steady,prefill,flashmla_sparse_bf16,steady,41.304,0.0636
prefillq4_b2_h65536_sparse_steady,prefill,flashmla_sparse_bf16,steady,41.521,0.0639
prefillq4_b2_h8192_sparse_steady,prefill,flashmla_sparse_bf16,steady,41.542,0.0640
prefillq4_b32_h131072_sparse_steady,prefill,flashmla_sparse_bf16,steady,306.194,0.4714
prefillq4_b32_h16384_sparse_steady,prefill,flashmla_sparse_bf16,steady,315.571,0.4859
prefillq4_b32_h2048_sparse_steady,prefill,flashmla_sparse_bf16,steady,365.885,0.5633
prefillq4_b32_h262144_sparse_steady,prefill,flashmla_sparse_bf16,steady,307.248,0.4731
prefillq4_b32_h32768_sparse_steady,prefill,flashmla_sparse_bf16,steady,315.854,0.4863
prefillq4_b32_h4096_sparse_steady,prefill,flashmla_sparse_bf16,steady,347.815,0.5355
prefillq4_b32_h524288_sparse_steady,prefill,flashmla_sparse_bf16,steady,266.864,0.4109
prefillq4_b32_h65536_sparse_steady,prefill,flashmla_sparse_bf16,steady,326.990,0.5035
prefillq4_b32_h8192_sparse_steady,prefill,flashmla_sparse_bf16,steady,345.991,0.5327
prefillq4_b4_h131072_sparse_steady,prefill,flashmla_sparse_bf16,steady,80.281,0.1236
prefillq4_b4_h16384_sparse_steady,prefill,flashmla_sparse_bf16,steady,81.666,0.1257
prefillq4_b4_h2048_sparse_steady,prefill,flashmla_sparse_bf16,steady,82.135,0.1265
prefillq4_b4_h262144_sparse_steady,prefill,flashmla_sparse_bf16,steady,80.206,0.1235
prefillq4_b4_h32768_sparse_steady,prefill,flashmla_sparse_bf16,steady,80.085,0.1233
prefillq4_b4_h4096_sparse_steady,prefill,flashmla_sparse_bf16,steady,82.208,0.1266
prefillq4_b4_h524288_sparse_steady,prefill,flashmla_sparse_bf16,steady,80.267,0.1236
prefillq4_b4_h65536_sparse_steady,prefill,flashmla_sparse_bf16,steady,80.237,0.1235
prefillq4_b4_h8192_sparse_steady,prefill,flashmla_sparse_bf16,steady,82.213,0.1266
prefillq4_b64_h131072_sparse_steady,prefill,flashmla_sparse_bf16,steady,275.059,0.4235
prefillq4_b64_h16384_sparse_steady,prefill,flashmla_sparse_bf16,steady,327.980,0.5050
prefillq4_b64_h2048_sparse_steady,prefill,flashmla_sparse_bf16,steady,377.132,0.5807
prefillq4_b64_h262144_sparse_steady,prefill,flashmla_sparse_bf16,steady,273.890,0.4217
prefillq4_b64_h32768_sparse_steady,prefill,flashmla_sparse_bf16,steady,323.094,0.4975
prefillq4_b64_h4096_sparse_steady,prefill,flashmla_sparse_bf16,steady,370.974,0.5712
prefillq4_b64_h524288_sparse_steady,prefill,flashmla_sparse_bf16,steady,321.889,0.4956
prefillq4_b64_h65536_sparse_steady,prefill,flashmla_sparse_bf16,steady,329.565,0.5074
prefillq4_b64_h8192_sparse_steady,prefill,flashmla_sparse_bf16,steady,358.148,0.5514
prefillq4_b8_h131072_sparse_steady,prefill,flashmla_sparse_bf16,steady,146.519,0.2256
prefillq4_b8_h16384_sparse_steady,prefill,flashmla_sparse_bf16,steady,150.251,0.2313
prefillq4_b8_h2048_sparse_steady,prefill,flashmla_sparse_bf16,steady,161.465,0.2486
prefillq4_b8_h262144_sparse_steady,prefill,flashmla_sparse_bf16,steady,146.788,0.2260
prefillq4_b8_h32768_sparse_steady,prefill,flashmla_sparse_bf16,steady,147.472,0.2271
prefillq4_b8_h4096_sparse_steady,prefill,flashmla_sparse_bf16,steady,158.557,0.2441
prefillq4_b8_h524288_sparse_steady,prefill,flashmla_sparse_bf16,steady,124.563,0.1918
prefillq4_b8_h65536_sparse_steady,prefill,flashmla_sparse_bf16,steady,147.329,0.2268
prefillq4_b8_h8192_sparse_steady,prefill,flashmla_sparse_bf16,steady,154.042,0.2372
prefillq512_b128_h131072_sparse_steady,prefill,flashmla_sparse_bf16,steady,396.572,0.6106
prefillq512_b128_h16384_sparse_steady,prefill,flashmla_sparse_bf16,steady,553.793,0.8527
prefillq512_b128_h2048_sparse_steady,prefill,flashmla_sparse_bf16,steady,582.290,0.8965
prefillq512_b128_h262144_sparse_steady,prefill,flashmla_sparse_bf16,steady,358.962,0.5527
prefillq512_b128_h32768_sparse_steady,prefill,flashmla_sparse_bf16,steady,504.914,0.7774
prefillq512_b128_h4096_sparse_steady,prefill,flashmla_sparse_bf16,steady,594.088,0.9147
prefillq512_b128_h65536_sparse_steady,prefill,flashmla_sparse_bf16,steady,452.272,0.6964
prefillq512_b128_h8192_sparse_steady,prefill,flashmla_sparse_bf16,steady,583.238,0.8980
prefillq512_b16_h131072_sparse_steady,prefill,flashmla_sparse_bf16,steady,403.442,0.6212
prefillq512_b16_h16384_sparse_steady,prefill,flashmla_sparse_bf16,steady,596.259,0.9180
prefillq512_b16_h2048_sparse_steady,prefill,flashmla_sparse_bf16,steady,605.433,0.9322
prefillq512_b16_h262144_sparse_steady,prefill,flashmla_sparse_bf16,steady,364.195,0.5607
prefillq512_b16_h32768_sparse_steady,prefill,flashmla_sparse_bf16,steady,545.513,0.8399
prefillq512_b16_h4096_sparse_steady,prefill,flashmla_sparse_bf16,steady,628.500,0.9677
prefillq512_b16_h524288_sparse_steady,prefill,flashmla_sparse_bf16,steady,343.376,0.5287
prefillq512_b16_h65536_sparse_steady,prefill,flashmla_sparse_bf16,steady,482.536,0.7430
prefillq512_b16_h8192_sparse_steady,prefill,flashmla_sparse_bf16,steady,630.310,0.9705
prefillq512_b1_h131072_sparse_steady,prefill,flashmla_sparse_bf16,steady,414.697,0.6385
prefillq512_b1_h16384_sparse_steady,prefill,flashmla_sparse_bf16,steady,577.353,0.8889
prefillq512_b1_h2048_sparse_steady,prefill,flashmla_sparse_bf16,steady,607.219,0.9349
prefillq512_b1_h262144_sparse_steady,prefill,flashmla_sparse_bf16,steady,362.797,0.5586
prefillq512_b1_h32768_sparse_steady,prefill,flashmla_sparse_bf16,steady,464.030,0.7145
prefillq512_b1_h4096_sparse_steady,prefill,flashmla_sparse_bf16,steady,611.495,0.9415
prefillq512_b1_h524288_sparse_steady,prefill,flashmla_sparse_bf16,steady,340.281,0.5239
prefillq512_b1_h65536_sparse_steady,prefill,flashmla_sparse_bf16,steady,479.168,0.7378
prefillq512_b1_h8192_sparse_steady,prefill,flashmla_sparse_bf16,steady,617.958,0.9515
prefillq512_b256_h131072_sparse_steady,prefill,flashmla_sparse_bf16,steady,385.955,0.5942
prefillq512_b256_h16384_sparse_steady,prefill,flashmla_sparse_bf16,steady,563.181,0.8671
prefillq512_b256_h2048_sparse_steady,prefill,flashmla_sparse_bf16,steady,580.015,0.8930
prefillq512_b256_h32768_sparse_steady,prefill,flashmla_sparse_bf16,steady,509.927,0.7851
prefillq512_b256_h4096_sparse_steady,prefill,flashmla_sparse_bf16,steady,571.858,0.8805
prefillq512_b256_h65536_sparse_steady,prefill,flashmla_sparse_bf16,steady,442.496,0.6813
prefillq512_b256_h8192_sparse_steady,prefill,flashmla_sparse_bf16,steady,573.546,0.8831
prefillq512_b2_h131072_sparse_steady,prefill,flashmla_sparse_bf16,steady,409.501,0.6305
prefillq512_b2_h16384_sparse_steady,prefill,flashmla_sparse_bf16,steady,624.243,0.9611
prefillq512_b2_h2048_sparse_steady,prefill,flashmla_sparse_bf16,steady,626.338,0.9644
prefillq512_b2_h262144_sparse_steady,prefill,flashmla_sparse_bf16,steady,366.451,0.5642
prefillq512_b2_h32768_sparse_steady,prefill,flashmla_sparse_bf16,steady,530.699,0.8171
prefillq512_b2_h4096_sparse_steady,prefill,flashmla_sparse_bf16,steady,631.728,0.9727
prefillq512_b2_h524288_sparse_steady,prefill,flashmla_sparse_bf16,steady,340.904,0.5249
prefillq512_b2_h65536_sparse_steady,prefill,flashmla_sparse_bf16,steady,483.706,0.7448
prefillq512_b2_h8192_sparse_steady,prefill,flashmla_sparse_bf16,steady,630.290,0.9704
prefillq512_b32_h131072_sparse_steady,prefill,flashmla_sparse_bf16,steady,404.304,0.6225
prefillq512_b32_h16384_sparse_steady,prefill,flashmla_sparse_bf16,steady,592.774,0.9127
prefillq512_b32_h2048_sparse_steady,prefill,flashmla_sparse_bf16,steady,617.195,0.9503
prefillq512_b32_h262144_sparse_steady,prefill,flashmla_sparse_bf16,steady,363.395,0.5595
prefillq512_b32_h32768_sparse_steady,prefill,flashmla_sparse_bf16,steady,512.489,0.7891
prefillq512_b32_h4096_sparse_steady,prefill,flashmla_sparse_bf16,steady,580.089,0.8932
prefillq512_b32_h524288_sparse_steady,prefill,flashmla_sparse_bf16,steady,340.926,0.5249
prefillq512_b32_h65536_sparse_steady,prefill,flashmla_sparse_bf16,steady,459.468,0.7074
prefillq512_b32_h8192_sparse_steady,prefill,flashmla_sparse_bf16,steady,576.123,0.8870
prefillq512_b4_h131072_sparse_steady,prefill,flashmla_sparse_bf16,steady,409.381,0.6303
prefillq512_b4_h16384_sparse_steady,prefill,flashmla_sparse_bf16,steady,545.027,0.8392
prefillq512_b4_h2048_sparse_steady,prefill,flashmla_sparse_bf16,steady,633.824,0.9759
prefillq512_b4_h262144_sparse_steady,prefill,flashmla_sparse_bf16,steady,364.365,0.5610
prefillq512_b4_h32768_sparse_steady,prefill,flashmla_sparse_bf16,steady,542.235,0.8349
prefillq512_b4_h4096_sparse_steady,prefill,flashmla_sparse_bf16,steady,607.839,0.9359
prefillq512_b4_h524288_sparse_steady,prefill,flashmla_sparse_bf16,steady,345.810,0.5324
prefillq512_b4_h65536_sparse_steady,prefill,flashmla_sparse_bf16,steady,468.946,0.7220
prefillq512_b4_h8192_sparse_steady,prefill,flashmla_sparse_bf16,steady,608.299,0.9366
prefillq512_b64_h131072_sparse_steady,prefill,flashmla_sparse_bf16,steady,401.377,0.6180
prefillq512_b64_h16384_sparse_steady,prefill,flashmla_sparse_bf16,steady,566.272,0.8719
prefillq512_b64_h2048_sparse_steady,prefill,flashmla_sparse_bf16,steady,573.288,0.8827
prefillq512_b64_h262144_sparse_steady,prefill,flashmla_sparse_bf16,steady,362.096,0.5575
prefillq512_b64_h32768_sparse_steady,prefill,flashmla_sparse_bf16,steady,516.470,0.7952
prefillq512_b64_h4096_sparse_steady,prefill,flashmla_sparse_bf16,steady,574.509,0.8846
prefillq512_b64_h524288_sparse_steady,prefill,flashmla_sparse_bf16,steady,339.797,0.5232
prefillq512_b64_h65536_sparse_steady,prefill,flashmla_sparse_bf16,steady,450.221,0.6932
prefillq512_b64_h8192_sparse_steady,prefill,flashmla_sparse_bf16,steady,562.508,0.8661
prefillq512_b8_h131072_sparse_steady,prefill,flashmla_sparse_bf16,steady,408.331,0.6287
prefillq512_b8_h16384_sparse_steady,prefill,flashmla_sparse_bf16,steady,631.587,0.9724
prefillq512_b8_h2048_sparse_steady,prefill,flashmla_sparse_bf16,steady,648.906,0.9991
prefillq512_b8_h262144_sparse_steady,prefill,flashmla_sparse_bf16,steady,362.871,0.5587
prefillq512_b8_h32768_sparse_steady,prefill,flashmla_sparse_bf16,steady,513.301,0.7903
prefillq512_b8_h4096_sparse_steady,prefill,flashmla_sparse_bf16,steady,601.917,0.9268
prefillq512_b8_h524288_sparse_steady,prefill,flashmla_sparse_bf16,steady,345.261,0.5316
prefillq512_b8_h65536_sparse_steady,prefill,flashmla_sparse_bf16,steady,470.967,0.7251
prefillq512_b8_h8192_sparse_steady,prefill,flashmla_sparse_bf16,steady,645.617,0.9940
prefillq64_b128_h131072_sparse_steady,prefill,flashmla_sparse_bf16,steady,360.733,0.5554
prefillq64_b128_h16384_sparse_steady,prefill,flashmla_sparse_bf16,steady,554.622,0.8539
prefillq64_b128_h2048_sparse_steady,prefill,flashmla_sparse_bf16,steady,645.566,0.9940
prefillq64_b128_h262144_sparse_steady,prefill,flashmla_sparse_bf16,steady,341.159,0.5253
prefillq64_b128_h32768_sparse_steady,prefill,flashmla_sparse_bf16,steady,465.717,0.7171
prefillq64_b128_h4096_sparse_steady,prefill,flashmla_sparse_bf16,steady,630.997,0.9715
prefillq64_b128_h524288_sparse_steady,prefill,flashmla_sparse_bf16,steady,338.241,0.5208
prefillq64_b128_h65536_sparse_steady,prefill,flashmla_sparse_bf16,steady,390.987,0.6020
prefillq64_b128_h8192_sparse_steady,prefill,flashmla_sparse_bf16,steady,592.721,0.9126
prefillq64_b16_h131072_sparse_steady,prefill,flashmla_sparse_bf16,steady,362.557,0.5582
prefillq64_b16_h16384_sparse_steady,prefill,flashmla_sparse_bf16,steady,544.493,0.8383
prefillq64_b16_h2048_sparse_steady,prefill,flashmla_sparse_bf16,steady,571.104,0.8793
prefillq64_b16_h262144_sparse_steady,prefill,flashmla_sparse_bf16,steady,344.461,0.5304
prefillq64_b16_h32768_sparse_steady,prefill,flashmla_sparse_bf16,steady,438.520,0.6752
prefillq64_b16_h4096_sparse_steady,prefill,flashmla_sparse_bf16,steady,624.240,0.9611
prefillq64_b16_h524288_sparse_steady,prefill,flashmla_sparse_bf16,steady,336.536,0.5182
prefillq64_b16_h65536_sparse_steady,prefill,flashmla_sparse_bf16,steady,379.959,0.5850
prefillq64_b16_h8192_sparse_steady,prefill,flashmla_sparse_bf16,steady,611.593,0.9417
prefillq64_b1_h131072_sparse_steady,prefill,flashmla_sparse_bf16,steady,273.482,0.4211
prefillq64_b1_h16384_sparse_steady,prefill,flashmla_sparse_bf16,steady,320.919,0.4941
prefillq64_b1_h2048_sparse_steady,prefill,flashmla_sparse_bf16,steady,317.166,0.4883
prefillq64_b1_h262144_sparse_steady,prefill,flashmla_sparse_bf16,steady,256.747,0.3953
prefillq64_b1_h32768_sparse_steady,prefill,flashmla_sparse_bf16,steady,300.776,0.4631
prefillq64_b1_h4096_sparse_steady,prefill,flashmla_sparse_bf16,steady,321.364,0.4948
prefillq64_b1_h524288_sparse_steady,prefill,flashmla_sparse_bf16,steady,249.890,0.3848
prefillq64_b1_h65536_sparse_steady,prefill,flashmla_sparse_bf16,steady,271.889,0.4186
prefillq64_b1_h8192_sparse_steady,prefill,flashmla_sparse_bf16,steady,319.955,0.4926
prefillq64_b256_h131072_sparse_steady,prefill,flashmla_sparse_bf16,steady,357.092,0.5498
prefillq64_b256_h16384_sparse_steady,prefill,flashmla_sparse_bf16,steady,484.780,0.7464
prefillq64_b256_h2048_sparse_steady,prefill,flashmla_sparse_bf16,steady,610.596,0.9401
prefillq64_b256_h262144_sparse_steady,prefill,flashmla_sparse_bf16,steady,339.117,0.5221
prefillq64_b256_h32768_sparse_steady,prefill,flashmla_sparse_bf16,steady,446.133,0.6869
prefillq64_b256_h4096_sparse_steady,prefill,flashmla_sparse_bf16,steady,607.116,0.9348
prefillq64_b256_h65536_sparse_steady,prefill,flashmla_sparse_bf16,steady,390.725,0.6016
prefillq64_b256_h8192_sparse_steady,prefill,flashmla_sparse_bf16,steady,506.717,0.7802
prefillq64_b2_h131072_sparse_steady,prefill,flashmla_sparse_bf16,steady,352.056,0.5421
prefillq64_b2_h16384_sparse_steady,prefill,flashmla_sparse_bf16,steady,541.353,0.8335
prefillq64_b2_h2048_sparse_steady,prefill,flashmla_sparse_bf16,steady,566.849,0.8728
prefillq64_b2_h262144_sparse_steady,prefill,flashmla_sparse_bf16,steady,321.835,0.4955
prefillq64_b2_h32768_sparse_steady,prefill,flashmla_sparse_bf16,steady,460.274,0.7087
prefillq64_b2_h4096_sparse_steady,prefill,flashmla_sparse_bf16,steady,565.584,0.8708
prefillq64_b2_h524288_sparse_steady,prefill,flashmla_sparse_bf16,steady,314.084,0.4836
prefillq64_b2_h65536_sparse_steady,prefill,flashmla_sparse_bf16,steady,383.120,0.5899
prefillq64_b2_h8192_sparse_steady,prefill,flashmla_sparse_bf16,steady,551.106,0.8485
prefillq64_b32_h131072_sparse_steady,prefill,flashmla_sparse_bf16,steady,358.352,0.5517
prefillq64_b32_h16384_sparse_steady,prefill,flashmla_sparse_bf16,steady,531.460,0.8183
prefillq64_b32_h2048_sparse_steady,prefill,flashmla_sparse_bf16,steady,637.630,0.9817
prefillq64_b32_h262144_sparse_steady,prefill,flashmla_sparse_bf16,steady,344.393,0.5303
prefillq64_b32_h32768_sparse_steady,prefill,flashmla_sparse_bf16,steady,471.296,0.7256
prefillq64_b32_h4096_sparse_steady,prefill,flashmla_sparse_bf16,steady,629.628,0.9694
prefillq64_b32_h524288_sparse_steady,prefill,flashmla_sparse_bf16,steady,338.702,0.5215
prefillq64_b32_h65536_sparse_steady,prefill,flashmla_sparse_bf16,steady,391.566,0.6029
prefillq64_b32_h8192_sparse_steady,prefill,flashmla_sparse_bf16,steady,571.659,0.8802
prefillq64_b4_h131072_sparse_steady,prefill,flashmla_sparse_bf16,steady,355.844,0.5479
prefillq64_b4_h16384_sparse_steady,prefill,flashmla_sparse_bf16,steady,539.278,0.8303
prefillq64_b4_h2048_sparse_steady,prefill,flashmla_sparse_bf16,steady,587.505,0.9046
prefillq64_b4_h262144_sparse_steady,prefill,flashmla_sparse_bf16,steady,333.467,0.5134
prefillq64_b4_h32768_sparse_steady,prefill,flashmla_sparse_bf16,steady,481.371,0.7412
prefillq64_b4_h4096_sparse_steady,prefill,flashmla_sparse_bf16,steady,568.258,0.8749
prefillq64_b4_h524288_sparse_steady,prefill,flashmla_sparse_bf16,steady,325.325,0.5009
prefillq64_b4_h65536_sparse_steady,prefill,flashmla_sparse_bf16,steady,390.935,0.6019
prefillq64_b4_h8192_sparse_steady,prefill,flashmla_sparse_bf16,steady,571.049,0.8792
prefillq64_b64_h131072_sparse_steady,prefill,flashmla_sparse_bf16,steady,360.262,0.5547
prefillq64_b64_h16384_sparse_steady,prefill,flashmla_sparse_bf16,steady,542.312,0.8350
prefillq64_b64_h2048_sparse_steady,prefill,flashmla_sparse_bf16,steady,649.270,0.9997
prefillq64_b64_h262144_sparse_steady,prefill,flashmla_sparse_bf16,steady,341.931,0.5265
prefillq64_b64_h32768_sparse_steady,prefill,flashmla_sparse_bf16,steady,449.673,0.6924
prefillq64_b64_h4096_sparse_steady,prefill,flashmla_sparse_bf16,steady,612.702,0.9434
prefillq64_b64_h524288_sparse_steady,prefill,flashmla_sparse_bf16,steady,330.533,0.5089
prefillq64_b64_h65536_sparse_steady,prefill,flashmla_sparse_bf16,steady,391.713,0.6031
prefillq64_b64_h8192_sparse_steady,prefill,flashmla_sparse_bf16,steady,612.746,0.9434
prefillq64_b8_h131072_sparse_steady,prefill,flashmla_sparse_bf16,steady,364.737,0.5616
prefillq64_b8_h16384_sparse_steady,prefill,flashmla_sparse_bf16,steady,554.992,0.8545
prefillq64_b8_h2048_sparse_steady,prefill,flashmla_sparse_bf16,steady,608.306,0.9366
prefillq64_b8_h262144_sparse_steady,prefill,flashmla_sparse_bf16,steady,341.789,0.5262
prefillq64_b8_h32768_sparse_steady,prefill,flashmla_sparse_bf16,steady,446.672,0.6877
prefillq64_b8_h4096_sparse_steady,prefill,flashmla_sparse_bf16,steady,611.953,0.9422
prefillq64_b8_h524288_sparse_steady,prefill,flashmla_sparse_bf16,steady,332.937,0.5126
prefillq64_b8_h65536_sparse_steady,prefill,flashmla_sparse_bf16,steady,386.619,0.5953
prefillq64_b8_h8192_sparse_steady,prefill,flashmla_sparse_bf16,steady,600.048,0.9239
prefillq8192_b16_h131072_sparse_steady,prefill,flashmla_sparse_bf16,steady,389.357,0.5995
prefillq8192_b16_h16384_sparse_steady,prefill,flashmla_sparse_bf16,steady,569.701,0.8772
prefillq8192_b16_h2048_sparse_steady,prefill,flashmla_sparse_bf16,steady,583.289,0.8981
prefillq8192_b16_h262144_sparse_steady,prefill,flashmla_sparse_bf16,steady,354.750,0.5462
prefillq8192_b16_h32768_sparse_steady,prefill,flashmla_sparse_bf16,steady,512.533,0.7891
prefillq8192_b16_h4096_sparse_steady,prefill,flashmla_sparse_bf16,steady,585.777,0.9019
prefillq8192_b16_h524288_sparse_steady,prefill,flashmla_sparse_bf16,steady,337.530,0.5197
prefillq8192_b16_h65536_sparse_steady,prefill,flashmla_sparse_bf16,steady,445.580,0.6861
prefillq8192_b16_h8192_sparse_steady,prefill,flashmla_sparse_bf16,steady,576.610,0.8878
prefillq8192_b1_h131072_sparse_steady,prefill,flashmla_sparse_bf16,steady,408.199,0.6285
prefillq8192_b1_h16384_sparse_steady,prefill,flashmla_sparse_bf16,steady,633.684,0.9757
prefillq8192_b1_h2048_sparse_steady,prefill,flashmla_sparse_bf16,steady,641.275,0.9874
prefillq8192_b1_h262144_sparse_steady,prefill,flashmla_sparse_bf16,steady,366.315,0.5640
prefillq8192_b1_h32768_sparse_steady,prefill,flashmla_sparse_bf16,steady,590.245,0.9088
prefillq8192_b1_h4096_sparse_steady,prefill,flashmla_sparse_bf16,steady,617.128,0.9502
prefillq8192_b1_h524288_sparse_steady,prefill,flashmla_sparse_bf16,steady,345.912,0.5326
prefillq8192_b1_h65536_sparse_steady,prefill,flashmla_sparse_bf16,steady,502.023,0.7730
prefillq8192_b1_h8192_sparse_steady,prefill,flashmla_sparse_bf16,steady,645.570,0.9940
prefillq8192_b2_h131072_sparse_steady,prefill,flashmla_sparse_bf16,steady,405.899,0.6250
prefillq8192_b2_h16384_sparse_steady,prefill,flashmla_sparse_bf16,steady,594.773,0.9158
prefillq8192_b2_h2048_sparse_steady,prefill,flashmla_sparse_bf16,steady,614.587,0.9463
prefillq8192_b2_h262144_sparse_steady,prefill,flashmla_sparse_bf16,steady,364.071,0.5606
prefillq8192_b2_h32768_sparse_steady,prefill,flashmla_sparse_bf16,steady,543.756,0.8372
prefillq8192_b2_h4096_sparse_steady,prefill,flashmla_sparse_bf16,steady,601.462,0.9261
prefillq8192_b2_h524288_sparse_steady,prefill,flashmla_sparse_bf16,steady,344.032,0.5297
prefillq8192_b2_h65536_sparse_steady,prefill,flashmla_sparse_bf16,steady,474.492,0.7306
prefillq8192_b2_h8192_sparse_steady,prefill,flashmla_sparse_bf16,steady,599.596,0.9232
prefillq8192_b32_h131072_sparse_steady,prefill,flashmla_sparse_bf16,steady,391.197,0.6023
prefillq8192_b32_h16384_sparse_steady,prefill,flashmla_sparse_bf16,steady,558.222,0.8595
prefillq8192_b32_h2048_sparse_steady,prefill,flashmla_sparse_bf16,steady,572.743,0.8818
prefillq8192_b32_h262144_sparse_steady,prefill,flashmla_sparse_bf16,steady,355.954,0.5481
prefillq8192_b32_h32768_sparse_steady,prefill,flashmla_sparse_bf16,steady,510.188,0.7855
prefillq8192_b32_h4096_sparse_steady,prefill,flashmla_sparse_bf16,steady,571.829,0.8804
prefillq8192_b32_h524288_sparse_steady,prefill,flashmla_sparse_bf16,steady,338.700,0.5215
prefillq8192_b32_h65536_sparse_steady,prefill,flashmla_sparse_bf16,steady,445.064,0.6853
prefillq8192_b32_h8192_sparse_steady,prefill,flashmla_sparse_bf16,steady,570.650,0.8786
prefillq8192_b4_h131072_sparse_steady,prefill,flashmla_sparse_bf16,steady,404.808,0.6233
prefillq8192_b4_h16384_sparse_steady,prefill,flashmla_sparse_bf16,steady,576.368,0.8874
prefillq8192_b4_h2048_sparse_steady,prefill,flashmla_sparse_bf16,steady,578.180,0.8902
prefillq8192_b4_h262144_sparse_steady,prefill,flashmla_sparse_bf16,steady,362.623,0.5583
prefillq8192_b4_h32768_sparse_steady,prefill,flashmla_sparse_bf16,steady,507.595,0.7815
prefillq8192_b4_h4096_sparse_steady,prefill,flashmla_sparse_bf16,steady,574.601,0.8847
prefillq8192_b4_h524288_sparse_steady,prefill,flashmla_sparse_bf16,steady,343.081,0.5282
prefillq8192_b4_h65536_sparse_steady,prefill,flashmla_sparse_bf16,steady,466.103,0.7177
prefillq8192_b4_h8192_sparse_steady,prefill,flashmla_sparse_bf16,steady,597.508,0.9200
prefillq8192_b64_h16384_sparse_steady,prefill,flashmla_sparse_bf16,steady,552.806,0.8511
prefillq8192_b64_h2048_sparse_steady,prefill,flashmla_sparse_bf16,steady,561.603,0.8647
prefillq8192_b64_h32768_sparse_steady,prefill,flashmla_sparse_bf16,steady,511.217,0.7871
prefillq8192_b64_h4096_sparse_steady,prefill,flashmla_sparse_bf16,steady,563.739,0.8680
prefillq8192_b64_h65536_sparse_steady,prefill,flashmla_sparse_bf16,steady,451.558,0.6953
prefillq8192_b64_h8192_sparse_steady,prefill,flashmla_sparse_bf16,steady,561.502,0.8645
prefillq8192_b8_h131072_sparse_steady,prefill,flashmla_sparse_bf16,steady,403.874,0.6218
prefillq8192_b8_h16384_sparse_steady,prefill,flashmla_sparse_bf16,steady,572.221,0.8810
prefillq8192_b8_h2048_sparse_steady,prefill,flashmla_sparse_bf16,steady,587.083,0.9039
prefillq8192_b8_h262144_sparse_steady,prefill,flashmla_sparse_bf16,steady,362.344,0.5579
prefillq8192_b8_h32768_sparse_steady,prefill,flashmla_sparse_bf16,steady,533.094,0.8208
prefillq8192_b8_h4096_sparse_steady,prefill,flashmla_sparse_bf16,steady,590.237,0.9088
prefillq8192_b8_h524288_sparse_steady,prefill,flashmla_sparse_bf16,steady,342.569,0.5274
prefillq8192_b8_h65536_sparse_steady,prefill,flashmla_sparse_bf16,steady,470.299,0.7241
prefillq8192_b8_h8192_sparse_steady,prefill,flashmla_sparse_bf16,steady,578.391,0.8905
prefillq8_b128_h131072_sparse_steady,prefill,flashmla_sparse_bf16,steady,329.495,0.5073
prefillq8_b128_h16384_sparse_steady,prefill,flashmla_sparse_bf16,steady,361.850,0.5571
prefillq8_b128_h2048_sparse_steady,prefill,flashmla_sparse_bf16,steady,536.200,0.8256
prefillq8_b128_h262144_sparse_steady,prefill,flashmla_sparse_bf16,steady,283.829,0.4370
prefillq8_b128_h32768_sparse_steady,prefill,flashmla_sparse_bf16,steady,340.952,0.5250
prefillq8_b128_h4096_sparse_steady,prefill,flashmla_sparse_bf16,steady,454.280,0.6994
prefillq8_b128_h524288_sparse_steady,prefill,flashmla_sparse_bf16,steady,330.703,0.5092
prefillq8_b128_h65536_sparse_steady,prefill,flashmla_sparse_bf16,steady,340.951,0.5250
prefillq8_b128_h8192_sparse_steady,prefill,flashmla_sparse_bf16,steady,449.241,0.6917
prefillq8_b16_h131072_sparse_steady,prefill,flashmla_sparse_bf16,steady,311.417,0.4795
prefillq8_b16_h16384_sparse_steady,prefill,flashmla_sparse_bf16,steady,343.958,0.5296
prefillq8_b16_h2048_sparse_steady,prefill,flashmla_sparse_bf16,steady,508.423,0.7828
prefillq8_b16_h262144_sparse_steady,prefill,flashmla_sparse_bf16,steady,302.123,0.4652
prefillq8_b16_h32768_sparse_steady,prefill,flashmla_sparse_bf16,steady,315.602,0.4859
prefillq8_b16_h4096_sparse_steady,prefill,flashmla_sparse_bf16,steady,470.744,0.7248
prefillq8_b16_h524288_sparse_steady,prefill,flashmla_sparse_bf16,steady,266.296,0.4100
prefillq8_b16_h65536_sparse_steady,prefill,flashmla_sparse_bf16,steady,316.969,0.4880
prefillq8_b16_h8192_sparse_steady,prefill,flashmla_sparse_bf16,steady,424.819,0.6541
prefillq8_b1_h131072_sparse_steady,prefill,flashmla_sparse_bf16,steady,41.310,0.0636
prefillq8_b1_h16384_sparse_steady,prefill,flashmla_sparse_bf16,steady,41.376,0.0637
prefillq8_b1_h2048_sparse_steady,prefill,flashmla_sparse_bf16,steady,40.761,0.0628
prefillq8_b1_h262144_sparse_steady,prefill,flashmla_sparse_bf16,steady,41.462,0.0638
prefillq8_b1_h32768_sparse_steady,prefill,flashmla_sparse_bf16,steady,41.199,0.0634
prefillq8_b1_h4096_sparse_steady,prefill,flashmla_sparse_bf16,steady,41.249,0.0635
prefillq8_b1_h524288_sparse_steady,prefill,flashmla_sparse_bf16,steady,41.578,0.0640
prefillq8_b1_h65536_sparse_steady,prefill,flashmla_sparse_bf16,steady,41.287,0.0636
prefillq8_b1_h8192_sparse_steady,prefill,flashmla_sparse_bf16,steady,41.273,0.0635
prefillq8_b256_h131072_sparse_steady,prefill,flashmla_sparse_bf16,steady,329.774,0.5077
prefillq8_b256_h16384_sparse_steady,prefill,flashmla_sparse_bf16,steady,361.323,0.5563
prefillq8_b256_h2048_sparse_steady,prefill,flashmla_sparse_bf16,steady,545.109,0.8393
prefillq8_b256_h262144_sparse_steady,prefill,flashmla_sparse_bf16,steady,329.844,0.5079
prefillq8_b256_h32768_sparse_steady,prefill,flashmla_sparse_bf16,steady,344.639,0.5306
prefillq8_b256_h4096_sparse_steady,prefill,flashmla_sparse_bf16,steady,456.698,0.7032
prefillq8_b256_h65536_sparse_steady,prefill,flashmla_sparse_bf16,steady,331.265,0.5100
prefillq8_b256_h8192_sparse_steady,prefill,flashmla_sparse_bf16,steady,434.655,0.6692
prefillq8_b2_h131072_sparse_steady,prefill,flashmla_sparse_bf16,steady,80.828,0.1245
prefillq8_b2_h16384_sparse_steady,prefill,flashmla_sparse_bf16,steady,81.805,0.1260
prefillq8_b2_h2048_sparse_steady,prefill,flashmla_sparse_bf16,steady,81.793,0.1259
prefillq8_b2_h262144_sparse_steady,prefill,flashmla_sparse_bf16,steady,80.354,0.1237
prefillq8_b2_h32768_sparse_steady,prefill,flashmla_sparse_bf16,steady,80.631,0.1241
prefillq8_b2_h4096_sparse_steady,prefill,flashmla_sparse_bf16,steady,81.781,0.1259
prefillq8_b2_h524288_sparse_steady,prefill,flashmla_sparse_bf16,steady,79.999,0.1232
prefillq8_b2_h65536_sparse_steady,prefill,flashmla_sparse_bf16,steady,80.912,0.1246
prefillq8_b2_h8192_sparse_steady,prefill,flashmla_sparse_bf16,steady,81.765,0.1259
prefillq8_b32_h131072_sparse_steady,prefill,flashmla_sparse_bf16,steady,317.015,0.4881
prefillq8_b32_h16384_sparse_steady,prefill,flashmla_sparse_bf16,steady,353.850,0.5448
prefillq8_b32_h2048_sparse_steady,prefill,flashmla_sparse_bf16,steady,542.649,0.8355
prefillq8_b32_h262144_sparse_steady,prefill,flashmla_sparse_bf16,steady,297.967,0.4588
prefillq8_b32_h32768_sparse_steady,prefill,flashmla_sparse_bf16,steady,328.498,0.5058
prefillq8_b32_h4096_sparse_steady,prefill,flashmla_sparse_bf16,steady,481.610,0.7415
prefillq8_b32_h524288_sparse_steady,prefill,flashmla_sparse_bf16,steady,275.183,0.4237
prefillq8_b32_h65536_sparse_steady,prefill,flashmla_sparse_bf16,steady,327.566,0.5043
prefillq8_b32_h8192_sparse_steady,prefill,flashmla_sparse_bf16,steady,439.100,0.6761
prefillq8_b4_h131072_sparse_steady,prefill,flashmla_sparse_bf16,steady,148.148,0.2281
prefillq8_b4_h16384_sparse_steady,prefill,flashmla_sparse_bf16,steady,156.169,0.2405
prefillq8_b4_h2048_sparse_steady,prefill,flashmla_sparse_bf16,steady,163.753,0.2521
prefillq8_b4_h262144_sparse_steady,prefill,flashmla_sparse_bf16,steady,146.077,0.2249
prefillq8_b4_h32768_sparse_steady,prefill,flashmla_sparse_bf16,steady,147.873,0.2277
prefillq8_b4_h4096_sparse_steady,prefill,flashmla_sparse_bf16,steady,164.340,0.2530
prefillq8_b4_h524288_sparse_steady,prefill,flashmla_sparse_bf16,steady,146.992,0.2263
prefillq8_b4_h65536_sparse_steady,prefill,flashmla_sparse_bf16,steady,149.147,0.2296
prefillq8_b4_h8192_sparse_steady,prefill,flashmla_sparse_bf16,steady,161.237,0.2483
prefillq8_b64_h131072_sparse_steady,prefill,flashmla_sparse_bf16,steady,313.473,0.4826
prefillq8_b64_h16384_sparse_steady,prefill,flashmla_sparse_bf16,steady,359.149,0.5530
prefillq8_b64_h2048_sparse_steady,prefill,flashmla_sparse_bf16,steady,531.881,0.8189
prefillq8_b64_h262144_sparse_steady,prefill,flashmla_sparse_bf16,steady,278.344,0.4286
prefillq8_b64_h32768_sparse_steady,prefill,flashmla_sparse_bf16,steady,339.316,0.5224
prefillq8_b64_h4096_sparse_steady,prefill,flashmla_sparse_bf16,steady,499.151,0.7685
prefillq8_b64_h524288_sparse_steady,prefill,flashmla_sparse_bf16,steady,327.687,0.5045
prefillq8_b64_h65536_sparse_steady,prefill,flashmla_sparse_bf16,steady,335.255,0.5162
prefillq8_b64_h8192_sparse_steady,prefill,flashmla_sparse_bf16,steady,450.041,0.6929
prefillq8_b8_h131072_sparse_steady,prefill,flashmla_sparse_bf16,steady,244.061,0.3758
prefillq8_b8_h16384_sparse_steady,prefill,flashmla_sparse_bf16,steady,272.888,0.4202
prefillq8_b8_h2048_sparse_steady,prefill,flashmla_sparse_bf16,steady,305.727,0.4707
prefillq8_b8_h262144_sparse_steady,prefill,flashmla_sparse_bf16,steady,236.862,0.3647
prefillq8_b8_h32768_sparse_steady,prefill,flashmla_sparse_bf16,steady,256.998,0.3957
prefillq8_b8_h4096_sparse_steady,prefill,flashmla_sparse_bf16,steady,292.790,0.4508
prefillq8_b8_h524288_sparse_steady,prefill,flashmla_sparse_bf16,steady,225.499,0.3472
prefillq8_b8_h65536_sparse_steady,prefill,flashmla_sparse_bf16,steady,257.229,0.3961
prefillq8_b8_h8192_sparse_steady,prefill,flashmla_sparse_bf16,steady,275.077,0.4235
prefillq1024_b1_h2048_sparse_fulltopk_steady,prefill,flashmla_sparse_bf16_fulltopk,steady,610.918,0.9380
prefillq1024_b1_h4096_sparse_fulltopk_steady,prefill,flashmla_sparse_bf16_fulltopk,steady,642.863,0.9871
prefillq1024_b2_h2048_sparse_fulltopk_steady,prefill,flashmla_sparse_bf16_fulltopk,steady,626.740,0.9623
prefillq1024_b2_h4096_sparse_fulltopk_steady,prefill,flashmla_sparse_bf16_fulltopk,steady,595.766,0.9148
prefillq16_b1_h4096_sparse_fulltopk_steady,prefill,flashmla_sparse_bf16_fulltopk,steady,74.896,0.1150
prefillq2048_b1_h2048_sparse_fulltopk_steady,prefill,flashmla_sparse_bf16_fulltopk,steady,628.036,0.9643
prefillq2048_b1_h4096_sparse_fulltopk_steady,prefill,flashmla_sparse_bf16_fulltopk,steady,586.424,0.9004
prefillq2048_b2_h2048_sparse_fulltopk_steady,prefill,flashmla_sparse_bf16_fulltopk,steady,585.366,0.8988
prefillq2048_b2_h4096_sparse_fulltopk_steady,prefill,flashmla_sparse_bf16_fulltopk,steady,585.146,0.8985
prefillq256_b8_h4096_sparse_fulltopk_steady,prefill,flashmla_sparse_bf16_fulltopk,steady,651.270,1.0000
prefillq4096_b1_h2048_sparse_fulltopk_steady,prefill,flashmla_sparse_bf16_fulltopk,steady,572.382,0.8789
prefillq4096_b1_h4096_sparse_fulltopk_steady,prefill,flashmla_sparse_bf16_fulltopk,steady,595.764,0.9148
prefillq4096_b2_h2048_sparse_fulltopk_steady,prefill,flashmla_sparse_bf16_fulltopk,steady,602.839,0.9256
prefillq4096_b2_h4096_sparse_fulltopk_steady,prefill,flashmla_sparse_bf16_fulltopk,steady,614.610,0.9437
