B,H,Q,bf16_status,bf16_tflops,bf16_latency_ms,q8kv8_status,q8kv8_skip_reason,q8kv8_tflops,q8kv8_latency_ms,q8kv8_vs_bf16_tflops
1,2048,2,ok,8.353229806828947,0.06828799843788147,ok,,8.899547190903172,0.06409599632024765,1.0654019339474652
1,4096,2,ok,8.400467116765487,0.06790400296449661,ok,,8.912895576660178,0.06400000303983688,1.0609999959254643
1,8192,2,ok,8.384662709344813,0.06803199648857117,ok,,8.833395444422521,0.06457599997520447,1.0535182810129726
1,16384,2,ok,8.396510201699371,0.0679360032081604,ok,,8.890669769058517,0.06415999680757523,1.0588529705185297
1,32768,2,ok,8.384662709344813,0.06803199648857117,ok,,8.846547001955711,0.0644799992442131,1.0550868065445402
1,65536,2,ok,8.400467116765487,0.06790400296449661,ok,,8.864143450691301,0.06435199826955795,1.0551964941330962
1,131072,2,ok,8.400467116765487,0.06790400296449661,ok,,8.881810040267805,0.0642239972949028,1.057299542610156
1,262144,2,ok,8.396510201699371,0.0679360032081604,ok,,8.802860018575682,0.06480000168085098,1.0483950840426621
1,524288,2,ok,8.400467116765487,0.06790400296449661,ok,,8.824649441805645,0.06464000046253204,1.0504950878497676
2,2048,2,ok,16.582131529881035,0.06880000233650208,ok,,18.13407057475496,0.0629120022058487,1.093591046608051
2,4096,2,ok,16.753564653789883,0.06809599697589874,ok,,18.033174226176296,0.06326399743556976,1.076378346867032
2,8192,2,ok,16.706459613657895,0.06828799843788147,ok,,18.09724984837607,0.06304000318050385,1.083248651532439
2,16384,2,ok,16.706459613657895,0.06828799843788147,ok,,17.807983035531894,0.06406400352716446,1.0659339828633398
2,32768,2,ok,16.667407283342797,0.06844799965620041,ok,,17.924375967124742,0.06364800035953522,1.0754147698207475
2,65536,2,ok,16.745695375768534,0.06812799721956253,ok,,17.996761683032613,0.06339199841022491,1.0747097256453384
2,131072,2,ok,16.690816741853038,0.06835199892520905,ok,,17.781339538117034,0.06415999680757523,1.0653366946106033
2,262144,2,ok,16.81678429159762,0.06784000247716904,ok,,17.97861049893587,0.06345599889755249,1.0690872991644869
2,524288,2,ok,16.737833486797175,0.06815999746322632,ok,,17.879429848747293,0.06380800157785416,1.0682045476704383
4,2048,2,ok,33.42858410051491,0.06825599819421768,ok,,36.17613603701874,0.06307200342416763,1.0821916934394331
4,4096,2,ok,33.63356858319524,0.06784000247716904,ok,,35.848751934249485,0.06364800035953522,1.0658622752318065
4,8192,2,ok,33.63356858319524,0.06784000247716904,ok,,35.70514042254548,0.06390400230884552,1.061592388991553
4,16384,2,ok,33.522882662566175,0.06806399673223495,ok,,35.56267907623407,0.06415999680757523,1.0608478821526188
4,32768,2,ok,33.61771105215447,0.06787200272083282,ok,,35.56267907623407,0.06415999680757523,1.0578554566389775
4,65536,2,ok,33.681231063807665,0.06774400174617767,ok,,35.56267907623407,0.06415999680757523,1.0558604288798732
4,131072,2,ok,33.66532856780178,0.06777600198984146,ok,,35.54495078535587,0.06419199705123901,1.055832581992139
4,262144,2,ok,33.47566697359435,0.06815999746322632,ok,,35.54495078535587,0.06419199705123901,1.0618145655886042
4,524288,2,ok,32.42526995608974,0.07036799937486649,ok,,35.49187180675702,0.06428799778223038,1.0945744431679385
8,2048,2,ok,66.82583845463158,0.06828799843788147,ok,,70.14575899778009,0.06505600363016129,1.0496801928703434
8,4096,2,ok,67.39429718128446,0.06771200150251389,ok,,71.23193214212758,0.06406400352716446,1.0569430222043896
8,8192,2,ok,67.01425861515953,0.06809599697589874,ok,,71.12535815246814,0.06415999680757523,1.061346639092395
8,16384,2,ok,66.60734969698711,0.06851200014352798,ok,,70.31870350102277,0.06489600241184235,1.0557198840806532
8,32768,2,ok,65.92988442454312,0.06921599805355072,ok,,69.53014859639649,0.06563200056552887,1.0546074697882093
8,65536,2,ok,66.23610294968051,0.06889600306749344,ok,,68.99194118952104,0.06614399701356888,1.0416062859545667
8,131072,2,ok,65.71720575784684,0.06943999975919724,ok,,68.62672601372508,0.06649599969387054,1.0442733409359972
8,262144,2,ok,64.968719475174,0.07023999840021133,ok,,68.92524958088653,0.06620799750089645,1.0608990008988004
8,524288,2,ok,64.41116978384056,0.0708480030298233,ok,,68.49487731462258,0.0666240006685257,1.0634006111748422
16,2048,2,ok,130.95163682662047,0.06969600170850754,ok,,147.24454167428493,0.061983998864889145,1.1244192531112551
16,4096,2,ok,126.59240185069623,0.07209599763154984,ok,,139.67320230335585,0.06534399837255478,1.1033300597936928
16,8192,2,ok,125.75514415530161,0.07257600128650665,ok,,134.72492425523066,0.06774400174617767,1.0713273413996631
16,16384,2,ok,124.05944611269803,0.07356800138950348,ok,,132.41070487417792,0.06892800331115723,1.067316589128517
16,32768,2,ok,123.30855262025833,0.07401599735021591,ok,,129.46557902219953,0.07049600034952164,1.0499318682370915
16,65536,2,ok,123.41526789224736,0.07395199686288834,ok,,130.41275101234223,0.06998399645090103,1.0566986827448634
16,131072,2,ok,108.81826751830997,0.0838719978928566,ok,,129.0555039418727,0.07072000205516815,1.1859727864180303
16,262144,2,ok,115.33064104451,0.07913599908351898,ok,,130.53210895799873,0.06992000341415405,1.1318077119472696
16,524288,2,ok,116.1289345765606,0.07859200239181519,ok,,129.81915180386258,0.07030399888753891,1.117888080840666
32,2048,2,ok,236.98602390151714,0.07702399790287018,ok,,254.08700183729297,0.07184000313282013,1.0721602804006805
32,4096,2,ok,227.08014965759898,0.08038400113582611,ok,,248.11889222539605,0.07356800138950348,1.0926489726183473
32,8192,2,ok,226.00054197603208,0.08076799660921097,ok,,246.8305357844947,0.07395199686288834,1.0921678931666974
32,16384,2,ok,217.55353038480368,0.08390399813652039,ok,,236.39674624620164,0.0772159993648529,1.0866141580330528
32,32768,2,ok,217.38771087984162,0.08396799862384796,ok,,236.98602390151714,0.07702399790287018,1.0901537301366049
32,65536,2,ok,216.97426590725706,0.0841279998421669,ok,,235.81039185902705,0.07740800082683563,1.086812718886309
32,131072,2,ok,215.9066327375692,0.08454400300979614,ok,,235.12997749043603,0.07763200253248215,1.089035452543195
32,262144,2,ok,215.9883852062138,0.08451200276613235,ok,,234.4535008370659,0.07785599678754807,1.0854912434908137
32,524288,2,ok,214.20403284787898,0.08521600067615509,ok,,233.01688757262167,0.07833600044250488,1.0878267998721713
64,2048,2,ok,316.37567751258223,0.11539199948310852,ok,,406.1412248897121,0.08988799899816513,1.2837308736337985
64,4096,2,ok,300.77792901649275,0.12137600034475327,ok,,407.5922585911807,0.08956799656152725,1.355126886882817
64,8192,2,ok,295.4041085371254,0.12358400225639343,ok,,416.6730212863255,0.08761599659919739,1.4105187072371386
64,16384,2,ok,282.109463712222,0.12940800189971924,ok,,388.83800007039673,0.09388799965381622,1.378323133700498
64,32768,2,ok,280.1696321458112,0.1303039938211441,ok,,387.12271933061544,0.09430400282144547,1.3817440397292655
64,65536,2,ok,277.91735360193275,0.1313599944114685,ok,,391.6411478461847,0.09321600198745728,1.4092000473174522
64,131072,2,ok,284.359606282847,0.12838399410247803,ok,,386.20539041413195,0.09452799707651138,1.3581584088633916
64,262144,2,ok,279.41480614549135,0.13065600395202637,ok,,385.94408571784027,0.09459199756383896,1.3812585347280384
64,524288,2,ok,281.4135791478341,0.12972800433635712,ok,,384.38365301229743,0.09497600048780441,1.3659030036015793
128,2048,2,ok,342.0328949522343,0.21347199380397797,ok,,444.34299498809725,0.16432000696659088,1.2991235683636535
128,4096,2,ok,324.1513618578013,0.22524799406528473,ok,,455.1568473644576,0.16041600704193115,1.4041491134136457
128,8192,2,ok,324.2434902759769,0.22518399357795715,ok,,456.34028540000025,0.1599999964237213,1.4073999913200737
128,16384,2,ok,302.9745619193864,0.2409919947385788,ok,,429.6180205019935,0.16995200514793396,1.4180003026666759
128,32768,2,ok,303.7004294074486,0.2404160052537918,ok,,427.92598243911135,0.1706240028142929,1.4090397674907469
128,65536,2,ok,304.6330184791117,0.23968000710010529,ok,,430.5909315105405,0.1695680022239685,1.4134742637560334
128,131072,2,ok,305.53044448199483,0.23897600173950195,ok,,426.88520029787514,0.17103999853134155,1.3971936610822162
128,262144,2,ok,300.6986511520146,0.2428160011768341,ok,,428.64953362389554,0.17033599317073822,1.4255119934249287
128,524288,2,ok,303.6196036630223,0.24048000574111938,ok,,426.4065363649702,0.17123199999332428,1.4044104241642617
256,2048,2,ok,358.5044107461774,0.4073280096054077,ok,,476.2474245343047,0.30662399530410767,1.3284283547392386
256,4096,2,ok,338.73238610475994,0.43110400438308716,ok,,489.11070217222755,0.2985599935054779,1.4439443118998372
256,8192,2,ok,342.21243517698656,0.42671999335289,ok,,491.64001008371866,0.2970240116119385,1.4366515051665223
256,16384,2,ok,318.27331795066806,0.4588159918785095,ok,,458.67955833264136,0.31836798787117004,1.4411498937015388
256,32768,2,ok,318.51767888300964,0.45846399664878845,ok,,458.1729485193795,0.3187200129032135,1.4384537465113976
256,65536,2,ok,320.5086935593594,0.4556159973144531,ok,,460.8566506868104,0.316864013671875,1.4378912645670812
256,131072,2,ok,319.94690061359677,0.4564160108566284,ok,,458.7256341923725,0.31833600997924805,1.4337555179082053
256,262144,2,ok,315.5443803085033,0.4627839922904968,ok,,456.9800410635375,0.3195520043373108,1.4482274747430284
256,524288,2,skipped_memory_limit,,,ok,,455.747798126612,0.32041600346565247,
1,2048,4,ok,16.83266428390089,0.06777600198984146,ok,,17.85257021127274,0.06390400230884552,1.060590879148425
1,4096,4,ok,16.824720540672168,0.06780800223350525,ok,,17.879429848747293,0.06380800157785416,1.0626880729177917
1,8192,4,ok,16.864514411059837,0.06764800101518631,ok,,17.76362008053561,0.0642239972949028,1.0533134632614227
1,16384,4,ok,16.824720540672168,0.06780800223350525,ok,,17.74593590337851,0.06428799778223038,1.0547536798890293
1,32768,4,ok,16.83266428390089,0.06777600198984146,ok,,17.64929888361129,0.06464000046253204,1.0485148747659303
1,65536,4,ok,16.793020403398742,0.0679360032081604,ok,,17.71947555828981,0.06438399851322174,1.0551690602783739
1,131072,4,ok,16.722131834414693,0.0682239979505539,ok,,17.74593590337851,0.06428799778223038,1.0612244945262777
1,262144,4,ok,16.761441331283088,0.06806399673223495,ok,,17.728286901382603,0.06435199826955795,1.0576827225648562
1,524288,4,ok,16.824720540672168,0.06780800223350525,ok,,17.728286901382603,0.06435199826955795,1.0537046876069145
2,2048,4,ok,33.41291922731579,0.06828799843788147,ok,,35.68726984653266,0.06393600255250931,1.068068000995182
2,4096,4,ok,33.41291922731579,0.06828799843788147,ok,,35.72302890508288,0.06387200206518173,1.0691382175275042
2,8192,4,ok,33.42858410051491,0.06825599819421768,ok,,35.65158230664071,0.06400000303983688,1.0664999211286235
2,16384,4,ok,33.381633483706075,0.06835199892520905,ok,,35.421345939406166,0.06441599875688553,1.0611028353868812
2,32768,4,ok,33.19514249616488,0.0687360018491745,ok,,35.61596607106379,0.06406400352716446,1.0729270427195363
2,65536,4,ok,33.42858410051491,0.06825599819421768,ok,,35.580425060153,0.06412799656391144,1.064371286356844
2,131072,4,ok,33.381633483706075,0.06835199892520905,ok,,35.72302890508288,0.06387200206518173,1.0701402291328752
2,262144,4,ok,33.649441081344335,0.06780800223350525,ok,,35.56267907623407,0.06415999680757523,1.0568579427594254
2,524288,4,ok,32.64796921488569,0.06988800317049026,ok,,35.456573802765206,0.06435199826955795,1.0860269307837667
4,2048,4,ok,65.9909028315469,0.06915199756622314,ok,,71.01909435397117,0.06425599753856659,1.0761952224727034
4,4096,4,ok,66.17463046347206,0.06896000355482101,ok,,71.12535815246814,0.06415999680757523,1.0748130764663484
4,8192,4,ok,66.73202514422671,0.06838399916887283,ok,,71.08990157071175,0.06419199705123901,1.065304123725699
4,16384,4,ok,66.48313924329364,0.06864000111818314,ok,,71.01909435397117,0.06425599753856659,1.0682271499556948
4,32768,4,ok,65.71720575784684,0.06943999975919724,ok,,69.70006716610935,0.06547199934720993,1.0606060675029072
4,65536,4,ok,65.96037951637213,0.06918399780988693,ok,,69.0587619838601,0.0660799965262413,1.0469733875124068
4,131072,4,ok,65.53599885065417,0.06963200122117996,ok,,68.75908329414138,0.0663679987192154,1.0491803665163033
4,262144,4,ok,63.52175045932324,0.07184000313282013,ok,,68.99194118952104,0.06614399701356888,1.0861152391211368
4,524288,4,ok,62.93306903278365,0.07251200079917908,ok,,68.56073827489368,0.06656000018119812,1.0894230859642078
8,2048,4,ok,130.53210895799873,0.06992000341415405,ok,,145.81425002639878,0.06259199976921082,1.1170757232867308
8,4096,4,ok,129.8782684444893,0.07027199864387512,ok,,146.63890399432339,0.06224000081419945,1.1290488066292452
8,8192,4,ok,127.61193253857435,0.07152000069618225,ok,,141.2643244347716,0.06460800021886826,1.1069836623003135
8,16384,4,ok,124.00550681356339,0.07360000163316727,ok,,134.72492425523066,0.06774400174617767,1.0864430759335828
8,32768,4,ok,123.25526416063896,0.0740479975938797,ok,,131.3133844329534,0.06950400024652481,1.0653774938311136
8,65536,4,ok,122.93649811515311,0.07423999905586243,ok,,130.47239573930327,0.06995200365781784,1.0612991075855387
8,131072,4,ok,121.93786146057522,0.0748480036854744,ok,,129.58322242528024,0.07043199986219406,1.062698827690831
8,262144,4,ok,120.85282495533795,0.07552000135183334,ok,,130.17466110120026,0.07011199742555618,1.077133787723268
8,524288,4,ok,121.93786146057522,0.0748480036854744,ok,,129.8782684444893,0.07027199864387512,1.065118470086351
16,2048,4,ok,248.98531137308595,0.07331199944019318,ok,,282.6686542215207,0.06457599997520447,1.1352824496460465
16,4096,4,ok,239.47327855748512,0.07622399926185608,ok,,263.35427239289066,0.06931199878454208,1.0997230003249525
16,8192,4,ok,229.54741633786637,0.07952000200748444,ok,,252.96024783604818,0.07215999811887741,1.1019956219577784
16,16384,4,ok,222.64846019055307,0.08198399841785431,ok,,243.14806464132616,0.07507199794054031,1.0920716201370921
16,32768,4,ok,215.9883852062138,0.08451200276613235,ok,,236.29881809894164,0.0772479996085167,1.0940348383702974
16,65536,4,ok,214.44561818326363,0.08511999994516373,ok,,236.29881809894164,0.0772479996085167,1.1019055558272235
16,131072,4,ok,211.50364628058014,0.08630400151014328,ok,,235.51830410176544,0.077504001557827,1.1135425239398828
16,262144,4,ok,213.80259795441964,0.08537600189447403,ok,,235.51830410176544,0.077504001557827,1.101568953582011
16,524288,4,ok,215.49881590524063,0.08470399677753448,ok,,234.164762790828,0.07795199751853943,1.0866173988343175
32,2048,4,ok,370.4060751396738,0.09855999797582626,ok,,478.94655711497023,0.07622399926185608,1.2930310522967736
32,4096,4,ok,312.13426044602835,0.11695999652147293,ok,,449.8622612628932,0.08115199953317642,1.4412460222087016
32,8192,4,ok,309.9295464090476,0.11779200285673141,ok,,428.2472506345028,0.08524800091981888,1.3817567753585471
32,16384,4,ok,286.5739115140052,0.1273919939994812,ok,,399.8775533294047,0.0912960022687912,1.3953731908700358
32,32768,4,ok,286.3580995186822,0.12748800218105316,ok,,396.1287051058547,0.09216000139713287,1.3833333360281328
32,65536,4,ok,289.77665849280095,0.12598399817943573,ok,,402.2745809421136,0.0907519981265068,1.3882228576809525
32,131072,4,ok,278.3241642651293,0.13116799294948578,ok,,388.70551592685354,0.09391999989748001,1.3965927714295618
32,262144,4,ok,280.0320907723565,0.13036799430847168,ok,,385.16228890125706,0.09478399902582169,1.375421966243015
32,524288,4,ok,281.62199996063543,0.12963199615478516,ok,,385.8135659229707,0.09462399780750275,1.3699695548533104
64,2048,4,ok,403.19868691409494,0.18108800053596497,ok,,527.1953401354635,0.13849599659442902,1.3075323835263064
64,4096,4,ok,348.7240251025159,0.2093760073184967,ok,,498.95064760104,0.14633600413799286,1.4307894256908777
64,8192,4,ok,337.7796273344141,0.21615999937057495,ok,,477.4432840881905,0.15292799472808838,1.4134756671263193
64,16384,4,ok,310.05590432315785,0.23548799753189087,ok,,438.873143933868,0.16636799275875092,1.4154645591797843
64,32768,4,ok,307.6313074176384,0.23734399676322937,ok,,438.3672344226766,0.16655999422073364,1.424976014640642
64,65536,4,ok,314.97809351557675,0.23180800676345825,ok,,439.8884347208878,0.16598400473594666,1.3965683448367618
64,131072,4,ok,302.532661093,0.24134400486946106,ok,,430.0228841529387,0.16979199647903442,1.4214097829944634
64,262144,4,ok,303.37738435190516,0.2406720072031021,ok,,427.0449938429607,0.17097599804401398,1.407636217693822
64,524288,4,ok,304.3485878499548,0.2399040013551712,ok,,427.36494008974813,0.17084799706935883,1.4041955742552712
128,2048,4,ok,431.772437114056,0.33820798993110657,ok,,573.2197677366406,0.2547520101070404,1.3275969433528714
128,4096,4,ok,388.47389348094794,0.37590399384498596,ok,,543.3916015708388,0.26873600482940674,1.3987853770603211
128,8192,4,ok,356.404471758035,0.4097279906272888,ok,,513.8967277098053,0.28415998816490173,1.4418919189619277
128,16384,4,ok,320.75650039385636,0.45526400208473206,ok,,469.92098523388125,0.3107520043849945,1.4650396317981587
128,32768,4,ok,322.3652748108292,0.4529919922351837,ok,,466.22422766774963,0.3132160007953644,1.4462606989581615
128,65536,4,ok,330.8731746599966,0.4413439929485321,ok,,470.0178096219946,0.31068798899650574,1.4205376730978032
128,131072,4,ok,316.8809634185792,0.46083199977874756,ok,,459.4646259255651,0.31782400608062744,1.4499596977008748
128,262144,4,ok,317.9628379834959,0.45926401019096375,ok,,457.20897844793,0.31939199566841125,1.437932122343372
128,524288,4,ok,318.6066323445023,0.4583359956741333,ok,,455.3839611756337,0.32067200541496277,1.4292984355807041
256,2048,4,ok,464.96538886422104,0.6281279921531677,ok,,571.568462481326,0.5109760165214539,1.2292709869814313
256,4096,4,ok,420.28022143648394,0.6949120163917542,ok,,573.6160888922383,0.5091519951820374,1.364841978363066
256,8192,4,ok,369.5661456684977,0.7902719974517822,ok,,539.8559765917869,0.540992021560669,1.4607830909816069
256,16384,4,ok,332.040795809594,0.879584014415741,ok,,487.62116668032695,0.5989440083503723,1.468557998999464
256,32768,4,ok,329.74946046879865,0.8856959939002991,ok,,484.46337938936,0.6028479933738708,1.4691862685707127
256,65536,4,ok,339.3242909423799,0.8607040047645569,ok,,491.084498901766,0.5947200059890747,1.4472423932218759
256,131072,4,ok,324.60098038979805,0.8997439742088318,ok,,476.27228295674286,0.613215982913971,1.4672546040520575
256,262144,4,ok,324.9823856262414,0.898688018321991,ok,,474.46482549022494,0.6155520081520081,1.459970898348631
256,524288,4,skipped_memory_limit,,,ok,,472.9159680175082,0.6175680160522461,
1,2048,8,ok,33.649441081344335,0.06780800223350525,ok,,35.63376528917584,0.06403200328350067,1.0589704953206975
1,4096,8,ok,33.55443017647068,0.06800000369548798,ok,,35.56267907623407,0.06415999680757523,1.0598504843980818
1,8192,8,ok,33.47566697359435,0.06815999746322632,ok,,35.386188007822845,0.0644799992442131,1.0570719333459588
1,16384,8,ok,33.53865083737925,0.06803199648857117,ok,,35.4037582451637,0.06444799900054932,1.0556106868111035
1,32768,8,ok,33.60186846706195,0.06790400296449661,ok,,35.246251451012945,0.06473600119352341,1.04893724840221
1,65536,8,ok,33.50712930757977,0.06809599697589874,ok,,35.246251451012945,0.06473600119352341,1.051903048078779
1,131072,8,ok,33.50712930757977,0.06809599697589874,ok,,35.228837162944146,0.0647680014371872,1.0513833291882424
1,262144,8,ok,33.586040806797484,0.0679360032081604,ok,,35.35109979998656,0.06454399973154068,1.0525533510586291
1,524288,8,ok,32.85860287892342,0.06943999975919724,ok,,35.2811317275577,0.06467200070619583,1.0737258628299187
2,2048,8,ok,66.02145440926685,0.06911999732255936,ok,,71.55360412277142,0.06377600133419037,1.0837932118127962
2,4096,8,ok,66.20535243708896,0.06892800331115723,ok,,71.30316461328142,0.06400000303983688,1.077000000582077
2,8192,8,ok,66.57625359217762,0.06854400038719177,ok,,70.94842804819194,0.06431999802589417,1.0656716805183528
2,16384,8,ok,66.5141484059015,0.06860800087451935,ok,,70.94842804819194,0.06431999802589417,1.0666667130011247
2,32768,8,ok,65.89941751693294,0.06924799829721451,ok,,71.160850120306,0.06412799656391144,1.0798403506680634
2,65536,8,ok,66.14394413213155,0.0689919963479042,ok,,70.31870350102277,0.06489600241184235,1.063116275022118
2,131072,8,ok,65.89941751693294,0.06924799829721451,ok,,69.59801651045242,0.0655680000782013,1.0561249117652538
2,262144,8,ok,65.71720575784684,0.06943999975919724,ok,,68.99194118952104,0.06614399701356888,1.0498307162319236
2,524288,8,ok,64.26603985196078,0.07100799679756165,ok,,68.62672601372508,0.06649599969387054,1.0678536622422867
4,2048,8,ok,132.10406857760796,0.06908799707889557,ok,,146.5635494115463,0.062272001057863235,1.1094552271525515
4,4096,8,ok,133.33925826674238,0.06844799965620041,ok,,146.63890399432339,0.06224000081419945,1.099742910681079
4,8192,8,ok,131.25295443599427,0.0695360004901886,ok,,146.2629126857332,0.06239999830722809,1.1143590124446194
4,16384,8,ok,128.47418192745133,0.07103999704122543,ok,,142.03818870794234,0.06425599753856659,1.1055776855473618
4,32768,8,ok,124.27567337206487,0.07344000041484833,ok,,132.90431796080884,0.06867200136184692,1.0694314852989044
4,65536,8,ok,124.92890135596319,0.07305599749088287,ok,,133.46405028845342,0.06838399916887283,1.0683200511639082
4,131072,8,ok,122.14675017240684,0.07472000271081924,ok,,131.49500875554594,0.06940799951553345,1.0765330110702436
4,262144,8,ok,121.10941464742767,0.0753600001335144,ok,,130.17466110120026,0.07011199742555618,1.0748517072777803
4,524288,8,ok,120.44453529343444,0.07577600330114365,ok,,129.8782684444893,0.07027199864387512,1.0783242936516115
8,2048,8,ok,260.3493222024005,0.07011199742555618,ok,,290.88492352024605,0.06275200098752975,1.1172870398107146
8,4096,8,ok,254.31356352005352,0.07177600264549255,ok,,284.643400481224,0.06412799656391144,1.1192615782711834
8,8192,8,ok,241.91066050237012,0.07545600086450577,ok,,266.42939878794846,0.06851200014352798,1.1013545175506563
8,16384,8,ok,233.49379846945064,0.07817599922418594,ok,,250.9570278733559,0.07273600250482559,1.0747909773980147
8,32768,8,ok,219.14150497232063,0.08329600095748901,ok,,241.29666939808158,0.0756480023264885,1.1010998095890567
8,65536,8,ok,216.6446405127217,0.08425600081682205,ok,,237.87544641628696,0.07673600316047668,1.0979982973653049
8,131072,8,ok,216.80932792382322,0.08419200032949448,ok,,235.7129488077147,0.07744000107049942,1.0871900718705854
8,262144,8,ok,215.7433133216592,0.08460800349712372,ok,,236.00551985770358,0.07734400033950806,1.0939181206781354
8,524288,8,ok,216.72695293243206,0.08422400057315826,ok,,232.7316750164506,0.07843200117349625,1.0738474004615763
16,2048,8,ok,458.5412575398897,0.0796160027384758,ok,,538.6452570848285,0.06777600198984146,1.1746931126213225
16,4096,8,ok,409.05366362885707,0.08924800157546997,ok,,495.8064575925555,0.07363200187683105,1.2120816941085046
16,8192,8,ok,372.5834996360861,0.09798400104045868,ok,,458.5412575398897,0.0796160027384758,1.230707366235384
16,16384,8,ok,307.83882180025455,0.11859200149774551,ok,,428.2472506345028,0.08524800091981888,1.3911411437001175
16,32768,8,ok,285.64112338036387,0.12780800461769104,ok,,404.4135638809855,0.09027200192213058,1.4158100174618853
16,65536,8,ok,284.14711524746093,0.12848000228405,ok,,396.266298616263,0.09212800115346909,1.3945814592245942
16,131072,8,ok,282.4587144715119,0.1292479932308197,ok,,392.99024923057607,0.0928959995508194,1.3913192586954584
16,262144,8,ok,280.44512062259764,0.13017599284648895,ok,,386.4670491845366,0.09446399658918381,1.3780487545176994
16,524288,8,ok,279.3464046067117,0.13068799674510956,ok,,386.33617549510615,0.0944959968328476,1.3830003505469275
32,2048,8,ok,493.02105664255583,0.1480959951877594,ok,,576.0417327700449,0.12675200402736664,1.1683917451576102
32,4096,8,ok,447.39241052287645,0.1632000058889389,ok,,537.7566357918596,0.13577599823474884,1.2019797903218177
32,8192,8,ok,406.5754490436186,0.17958399653434753,ok,,510.1054015023901,0.14313599467277527,1.2546389672625424
32,16384,8,ok,333.5820759738039,0.21887999773025513,ok,,471.8158310180197,0.1547520011663437,1.4143920342262972
32,32768,8,ok,314.8477129251239,0.23190400004386902,ok,,449.7735621874514,0.16233600676059723,1.4285432090606136
32,65536,8,ok,313.16241497202,0.23315200209617615,ok,,443.91077155899404,0.16448000073432922,1.4175097340421774
32,131072,8,ok,305.3668830433046,0.2391040027141571,ok,,431.9767704124276,0.1690240055322647,1.4146156456368852
32,262144,8,ok,299.78995956799037,0.24355199933052063,ok,,430.0228841529387,0.16979199647903442,1.4344138968917415
32,524288,8,ok,303.82175816213095,0.24031999707221985,ok,,425.1353315248086,0.17174400389194489,1.3992919206857464
64,2048,8,ok,533.5440971462199,0.27369600534439087,ok,,620.5334075342399,0.23532800376415253,1.163040526271965
64,4096,8,ok,479.3490362845139,0.304639995098114,ok,,584.6768375816517,0.2497600018978119,1.219730912809474
64,8192,8,ok,430.0228841529387,0.33958399295806885,ok,,553.0056363046832,0.2640640139579773,1.2859911801996227
64,16384,8,ok,350.33032026808445,0.41683200001716614,ok,,508.34386984713115,0.28726398944854736,1.451041603987144
64,32768,8,ok,330.6573962188142,0.4416320025920868,ok,,483.2577329045252,0.30217599868774414,1.4615058922944126
64,65536,8,ok,327.47777888878477,0.4459199905395508,ok,,472.1087273946726,0.30931198596954346,1.4416511831631977
64,131072,8,ok,318.78468840471174,0.458079993724823,ok,,460.99635191171865,0.31676799058914185,1.446105690391449
64,262144,8,ok,316.77097517534054,0.4609920084476471,ok,,457.62163576554354,0.31910398602485657,1.4446450957580275
64,524288,8,ok,317.65298377375586,0.4597119987010956,ok,,456.4315511531194,0.31993600726127625,1.4368873408039722
128,2048,8,ok,554.1136111260561,0.527072012424469,ok,,646.7407366277107,0.45158401131629944,1.1671626966777084
128,4096,8,ok,495.5103863862872,0.5894079804420471,ok,,616.3428865275271,0.47385600209236145,1.2438546263832337
128,8192,8,ok,444.88448963470455,0.6564800143241882,ok,,575.8236880725253,0.5072000026702881,1.294321787988912
128,16384,8,ok,359.2382022019991,0.8129919767379761,ok,,531.1531971229975,0.5498560070991516,1.4785543237529366
128,32768,8,ok,339.66526834805,0.8598399758338928,ok,,502.1073389136958,0.5816640257835388,1.478241626986701
128,65536,8,ok,335.1131148877704,0.8715199828147888,ok,,490.79403863166885,0.5950719714164734,1.4645623129254017
128,131072,8,ok,325.67819617588117,0.8967679738998413,ok,,478.3942622345415,0.6104959845542908,1.4689170716733724
128,262144,8,ok,325.62008555840976,0.8969280123710632,ok,,476.4463182740116,0.612991988658905,1.4631969568368246
128,524288,8,ok,325.88750122154033,0.8961920142173767,ok,,473.45567906530715,0.616864025592804,1.4528193848816837
256,2048,8,ok,564.0968769543382,1.0354880094528198,ok,,654.7206255520174,0.8921599984169006,1.1606528103594074
256,4096,8,ok,502.1488128619414,1.1632319688796997,ok,,626.9917509611658,0.9316160082817078,1.2486174116148876
256,8192,8,ok,442.86608247528227,1.318943977355957,ok,,594.7545269122336,0.9821119904518127,1.3429669835811566
256,16384,8,ok,361.5793668503767,1.615455985069275,ok,,542.100568737268,1.07750403881073,1.499257475500785
256,32768,8,ok,341.988039328116,1.7079999446868896,ok,,513.6942633083523,1.1370879411697388,1.5020825415929095
256,65536,8,ok,338.7135367501195,1.724511981010437,ok,,501.9692790152772,1.163648009300232,1.4819876519597062
256,131072,8,ok,327.3661742380138,1.7842880487442017,ok,,487.16568873072083,1.1990079879760742,1.4881369153812565
256,262144,8,ok,327.665891349961,1.782655954360962,ok,,486.89281016759827,1.199679970741272,1.4859429163091504
256,524288,8,skipped_memory_limit,,,ok,,489.2286873200344,1.193951964378357,
1,2048,16,ok,66.0826425095031,0.06905599683523178,ok,,71.23193214212758,0.06406400352716446,1.077921969174946
1,4096,16,ok,66.05203428880398,0.06908799707889557,ok,,70.73727040281173,0.06451199948787689,1.070932502904031
1,8192,16,ok,66.29768975100191,0.06883200258016586,ok,,70.5273659280555,0.06470400094985962,1.0637982438443818
1,16384,16,ok,66.17463046347206,0.06896000355482101,ok,,70.42288014860546,0.06480000168085098,1.064197558118264
1,32768,16,ok,66.54518650868525,0.06857600063085556,ok,,70.49250290202589,0.06473600119352341,1.0593178349996126
1,65536,16,ok,67.04576532513235,0.06806399673223495,ok,,70.73727040281173,0.06451199948787689,1.055059481531425
1,131072,16,ok,66.32852611952414,0.06880000233650208,ok,,69.80241753229457,0.06537599861621857,1.0523740178774736
1,262144,16,ok,65.1170510203604,0.0700799971818924,ok,,69.0587619838601,0.0660799965262413,1.060532700755555
1,524288,16,ok,57.922966088753064,0.07878399640321732,ok,,68.29805146208133,0.06681600213050842,1.1791186825175861
2,2048,16,ok,131.67713619644533,0.06931199878454208,ok,,146.78984585722029,0.06217600032687187,1.1147709473133494
2,4096,16,ok,131.61637101845895,0.06934399902820587,ok,,147.01684219414255,0.06207999959588051,1.1170103008958037
2,8192,16,ok,133.2769497275963,0.0684799998998642,ok,,146.63890399432339,0.06224000081419945,1.1002570534067404
2,16384,16,ok,131.37387010053166,0.06947200000286102,ok,,146.1879439364771,0.062431998550891876,1.1127627116762961
2,32768,16,ok,127.6690555929302,0.07148800045251846,ok,,141.54475203129138,0.0644799992442131,1.108684883536724
2,65536,16,ok,125.9773280796403,0.0724480003118515,ok,,137.71737356736634,0.06627199798822403,1.0931917327243534
2,131072,16,ok,123.09567477073163,0.07414399832487106,ok,,134.28091220112256,0.06796800345182419,1.0908662099722324
2,262144,16,ok,118.69025526153432,0.07689599692821503,ok,,130.95163682662047,0.06969600170850754,1.1033057140038005
2,524288,16,ok,116.22357990339283,0.07852800190448761,ok,,130.77150941344345,0.0697920024394989,1.1251719274362666
4,2048,16,ok,256.94836385490265,0.07103999704122543,ok,,291.33061372035417,0.06265600025653839,1.1338099583497134
4,4096,16,ok,260.706293843518,0.07001599669456482,ok,,292.22610400010086,0.062463998794555664,1.1209016080582306
4,8192,16,ok,252.96024783604818,0.07215999811887741,ok,,286.7900154739959,0.06364800035953522,1.1337355095409056
4,16384,16,ok,238.47212848762192,0.07654400169849396,ok,,264.5757765285262,0.0689919963479042,1.1094620499529748
4,32768,16,ok,233.20741795856736,0.07827199995517731,ok,,254.42699594265616,0.07174400240182877,1.0909901501840682
4,65536,16,ok,225.64294344817498,0.08089599758386612,ok,,246.8305357844947,0.07395199686288834,1.0938987588645157
4,131072,16,ok,218.4700590404943,0.08355200290679932,ok,,242.11601916223367,0.07539200037717819,1.1082343284273863
4,262144,16,ok,216.97426590725706,0.0841279998421669,ok,,236.39674624620164,0.0772159993648529,1.0895151333165312
4,524288,16,ok,216.97426590725706,0.0841279998421669,ok,,233.78088320008072,0.07807999849319458,1.0774590351650617
8,2048,16,ok,493.02105664255583,0.0740479975938797,ok,,560.3392642916224,0.06515199691057205,1.1365422566482242
8,4096,16,ok,466.9875969389013,0.07817599922418594,ok,,535.3593272471517,0.0681919977068901,1.1464101632600658
8,8192,16,ok,396.266298616263,0.09212800115346909,ok,,493.02105664255583,0.0740479975938797,1.2441660024184604
8,16384,16,ok,324.4740298527227,0.1125119999051094,ok,,445.64481125793486,0.08191999793052673,1.3734375335376179
8,32768,16,ok,318.76241532999495,0.11452800035476685,ok,,428.0865562608902,0.08528000116348267,1.342964338558292
8,65536,16,ok,305.53044448199483,0.11948800086975098,ok,,413.8014770075815,0.08822400122880936,1.354370683776383
8,131072,16,ok,283.30038288868286,0.12886400520801544,ok,,394.89464994684545,0.09244800359010696,1.3939079288220069
8,262144,16,ok,282.9490816112469,0.12902399897575378,ok,,387.12271933061544,0.09430400282144547,1.368170969582775
8,524288,16,ok,283.30038288868286,0.12886400520801544,ok,,387.64888400541327,0.09417600184679031,1.3683316628545894
16,2048,16,ok,518.568497355372,0.14079999923706055,ok,,586.4048680786857,0.12451200187206268,1.1308146774616465
16,4096,16,ok,499.8250474948086,0.14608000218868256,ok,,578.8181765922999,0.12614400684833527,1.1580415577278802
16,8192,16,ok,429.6180205019935,0.16995200514793396,ok,,534.8573456082386,0.13651199638843536,1.2449602206706243
16,16384,16,ok,356.6272958877332,0.20473599433898926,ok,,496.886183699837,0.14694400131702423,1.3932926319141243
16,32768,16,ok,335.7912342449787,0.21743999421596527,ok,,472.98951118973275,0.15436799824237823,1.4085820681211116
16,65536,16,ok,325.3067326085132,0.22444799542427063,ok,,458.3570290417256,0.15929600596427917,1.408999516752487
16,131072,16,ok,308.880646266187,0.23638400435447693,ok,,439.8884347208878,0.16598400473594666,1.4241372518425806
16,262144,16,ok,304.06468786135673,0.24012799561023712,ok,,428.81065101385695,0.17027199268341064,1.41026126391033
16,524288,16,ok,305.32602955538476,0.2391359955072403,ok,,429.53716182940536,0.16998399794101715,1.4068147496461296
32,2048,16,ok,568.5774592762906,0.2568320035934448,ok,,626.7549623312689,0.2329919934272766,1.102321156257283
32,4096,16,ok,540.559463722667,0.270143985748291,ok,,623.6712736283612,0.23414400219917297,1.153751465811603
32,8192,16,ok,459.5109027460559,0.31779199838638306,ok,,580.0689861273661,0.25174400210380554,1.2623617473728048
32,16384,16,ok,375.8052162638004,0.3885760009288788,ok,,534.6693596907746,0.2731199860572815,1.4227300115905201
32,32768,16,ok,351.5718575687142,0.4153600037097931,ok,,503.63123230686057,0.28995200991630554,1.4325129314664402
32,65536,16,ok,341.3421268219865,0.4278079867362976,ok,,493.18089233436865,0.29609599709510803,1.4448286735834621
32,131072,16,ok,322.9127433743666,0.4522239863872528,ok,,468.18534518357086,0.31190401315689087,1.449881910175293
32,262144,16,ok,318.8069645922454,0.4580479860305786,ok,,460.29886443075657,0.31724798679351807,1.4438168407628094
32,524288,16,ok,319.34238294999966,0.4572800099849701,ok,,459.5109027460559,0.31779199838638306,1.4389286461171138
64,2048,16,ok,598.0476699212529,0.4883520007133484,ok,,657.8826283234179,0.44393599033355713,1.1000504832834541
64,4096,16,ok,561.960840361301,0.519711971282959,ok,,651.5888726640771,0.4482240080833435,1.1594915977511024
64,8192,16,ok,477.04399750405344,0.6122239828109741,ok,,611.306480249829,0.47775998711586,1.2814467500864732
64,16384,16,ok,385.6831343774531,0.7572479844093323,ok,,557.1920039739953,0.5241600275039673,1.4446885391381754
64,32768,16,ok,361.62950930755034,0.8076159954071045,ok,,531.8341138308425,0.5491520166397095,1.4706601650103186
64,65536,16,ok,343.79800235772973,0.8495039939880371,ok,,508.57048202189276,0.5742719769477844,1.479271195685173
64,131072,16,ok,331.82351472780454,0.8801599740982056,ok,,487.20468251253357,0.5994560122489929,1.4682644866569763
64,262144,16,ok,326.66902014016205,0.8940479755401611,ok,,476.1977154733369,0.6133120059967041,1.457737606305665
64,524288,16,ok,325.3067326085132,0.8977919816970825,ok,,475.97419928885324,0.6136000156402588,1.4631550828112099
128,2048,16,ok,612.7429185191951,0.953279972076416,ok,,680.0898420365985,0.8588799834251404,1.1099105701297365
128,4096,16,ok,577.2440385081474,1.011904001235962,ok,,673.8633837745781,0.866815984249115,1.1673804124788152
128,8192,16,ok,479.57573408922605,1.2179839611053467,ok,,626.8625677060353,0.9318079948425293,1.307119028648364
128,16384,16,ok,390.484977434293,1.4958720207214355,ok,,569.0737730303556,1.0264320373535156,1.4573512578370926
128,32768,16,ok,362.92370358693984,1.6094720363616943,ok,,543.0521218770617,1.0756160020828247,1.4963258572251712
128,65536,16,ok,346.6577690535806,1.6849919557571411,ok,,517.5099735462449,1.1287039518356323,1.4928555472998986
128,131072,16,ok,333.0829318989518,1.7536640167236328,ok,,497.30586492750416,1.1745599508285522,1.4930391722334577
128,262144,16,ok,329.88652548622906,1.7706559896469116,ok,,487.20468251253357,1.1989120244979858,1.4768856708967693
128,524288,16,ok,328.6688653365076,1.7772159576416016,ok,,484.75929307623306,1.2049599885940552,1.4749169885012146
256,2048,16,ok,599.5700880121624,1.9484479427337646,ok,,691.1366690479457,1.6903040409088135,1.1527203956077372
256,4096,16,ok,561.2782418929534,2.081376075744629,ok,,686.0583280752039,1.7028160095214844,1.2223141338267813
256,8192,16,ok,458.3167715633629,2.548959970474243,ok,,632.3567764352355,1.847424030303955,1.3797373687159762
256,16384,16,ok,392.0407014463188,2.979871988296509,ok,,576.3600588107959,2.026911973953247,1.4701536261017927
256,32768,16,ok,361.0358453245281,3.235775947570801,ok,,544.900196999139,2.1439359188079834,1.5092689661031824
256,65536,16,ok,347.8899401277657,3.3580479621887207,ok,,522.8388322418548,2.2344000339508057,1.5028857461352216
256,131072,16,ok,332.82483134181365,3.5100479125976562,ok,,501.9485560106394,2.327392101287842,1.5081463543059213
256,262144,16,ok,329.51433563659486,3.54531192779541,ok,,496.3457585902304,2.353663921356201,1.5062948858699297
256,524288,16,skipped_memory_limit,,,ok,,495.42967372862483,2.358016014099121,
1,2048,32,ok,130.47239573930327,0.06995200365781784,ok,,145.96349809395525,0.06252799928188324,1.1187308799449405
1,4096,32,ok,132.1652850190062,0.06905599683523178,ok,,146.11305200005043,0.062463998794555664,1.1055327575545912
1,8192,32,ok,134.0915306502647,0.06806399673223495,ok,,146.48827223519447,0.06230400130152702,1.0924498476884625
1,16384,32,ok,132.71878237321212,0.06876800209283829,ok,,145.51666766191173,0.06272000074386597,1.0964285917927674
1,32768,32,ok,131.37387010053166,0.06947200000286102,ok,,145.5909493232371,0.06268800050020218,1.1082184700186275
1,65536,32,ok,127.72622981028577,0.07145600020885468,ok,,141.2643244347716,0.06460800021886826,1.1059930653601395
1,131072,32,ok,124.38406990044787,0.07337599992752075,ok,,135.94503539067827,0.0671359971165657,1.0929457083972518
1,262144,32,ok,121.47047613617488,0.07513599842786789,ok,,131.9818056630938,0.06915199756622314,1.0865340275371538
1,524288,32,ok,122.88353067207953,0.07427199929952621,ok,,129.8782684444893,0.07027199864387512,1.0569216862028121
2,2048,32,ok,260.3493222024005,0.07011199742555618,ok,,291.77767177804964,0.06255999952554703,1.1207160798798474
2,4096,32,ok,259.7565368889786,0.07027199864387512,ok,,291.33061372035417,0.06265600025653839,1.1215525784626184
2,8192,32,ok,260.706293843518,0.07001599669456482,ok,,292.0764735169206,0.06249599903821945,1.1203276653237675
2,16384,32,ok,254.99567928880904,0.07158400118350983,ok,,289.5559975740171,0.06304000318050385,1.1355329564077237
2,32768,32,ok,238.87158232694043,0.0764160007238388,ok,,267.8053357887548,0.06815999746322632,1.1211268129090932
2,65536,32,ok,229.63982743252478,0.07948800176382065,ok,,254.88173933533716,0.07161600142717361,1.1099195735558076
2,131072,32,ok,222.3013827826138,0.08211199939250946,ok,,248.76813980089574,0.07337599992752075,1.119057995442896
2,262144,32,ok,217.38771087984162,0.08396799862384796,ok,,238.17341374427437,0.07664000242948532,1.0956158137012713
2,524288,32,ok,216.89176555827035,0.08416000008583069,ok,,235.32398059413785,0.07756800204515457,1.0849834708497288
4,2048,32,ok,500.15376362728927,0.0729919970035553,ok,,560.6146173921983,0.06511999666690826,1.1208845322414969
4,4096,32,ok,493.87477929761536,0.07391999661922455,ok,,561.4422384762129,0.0650240033864975,1.1368109124233705
4,8192,32,ok,461.88287926289587,0.07903999835252762,ok,,535.6106715775096,0.06815999746322632,1.1596244321336906
4,16384,32,ok,401.28409782090006,0.09097599983215332,ok,,496.02202725425354,0.07360000163316727,1.2360869268127257
4,32768,32,ok,340.14630668246866,0.10732799768447876,ok,,457.62163576554354,0.07977599650621414,1.3453670575724925
4,65536,32,ok,306.7627627587846,0.11900799721479416,ok,,424.73965135206475,0.08595199882984161,1.3845867325365313
4,131072,32,ok,298.88674345009633,0.12214399874210358,ok,,412.0082089057766,0.08860799670219421,1.3784760212176075
4,262144,32,ok,279.2096701291783,0.13075199723243713,ok,,392.0449046757833,0.09312000125646591,1.4041236626740077
4,524288,32,ok,282.2490538204616,0.12934400141239166,ok,,386.20539041413195,0.09452799707651138,1.3683142075643482
8,2048,32,ok,526.9518300358957,0.1385599970817566,ok,,606.9969101569907,0.12028799951076508,1.1519020820473143
8,4096,32,ok,526.222647589349,0.13875199854373932,ok,,588.5224153491066,0.12406399846076965,1.1183905102624447
8,8192,32,ok,498.07930173570384,0.14659200608730316,ok,,578.6714132600565,0.12617599964141846,1.1618057832226831
8,16384,32,ok,433.0425972340036,0.16860799491405487,ok,,540.175510932523,0.13516800105571747,1.247395785963818
8,32768,32,ok,367.60131730897587,0.19862399995326996,ok,,504.4663426749156,0.14473600685596466,1.3723191918023028
8,65536,32,ok,331.2574669971748,0.22041599452495575,ok,,468.2333954513598,0.15593600273132324,1.413502915710435
8,131072,32,ok,323.78337112604595,0.22550399601459503,ok,,458.7256341923725,0.15916800498962402,1.4167671199327738
8,262144,32,ok,308.296371401733,0.23683199286460876,ok,,435.3561028974687,0.16771200299263,1.4121350209800798
8,524288,32,ok,306.14535395749607,0.23849600553512573,ok,,430.6722252966679,0.16953599452972412,1.4067573449325008
16,2048,32,ok,572.1417551599134,0.2552320063114166,ok,,637.4357984951835,0.22908799350261688,1.114122143238821
16,4096,32,ok,567.1641314860636,0.2574720084667206,ok,,631.3506772935235,0.23129600286483765,1.1131710244780122
16,8192,32,ok,531.3077794413886,0.27484801411628723,ok,,625.3806775743979,0.23350399732589722,1.1770591393032426
16,16384,32,ok,459.7886732579998,0.3176000118255615,ok,,580.8811898189824,0.2513920068740845,1.2633655929428134
16,32768,32,ok,384.41604085510806,0.37987199425697327,ok,,542.0362230823647,0.2694079875946045,1.4100249871900272
16,65536,32,ok,345.94821325141936,0.42211198806762695,ok,,500.8123923315831,0.2915840148925781,1.4476513337781443
16,131072,32,ok,343.9664341001435,0.42454400658607483,ok,,496.9403060635662,0.2938559949398041,1.4447348834011093
16,262144,32,ok,322.7756913465456,0.45241600275039673,ok,,466.2718762157509,0.31318399310112,1.444569367261123
16,524288,32,ok,320.2837314252921,0.4559360146522522,ok,,459.3721433084696,0.3178879916667938,1.4342662403245436
32,2048,32,ok,602.7079014360314,0.4845759868621826,ok,,668.4835260105034,0.4368959963321686,1.1091335030082612
32,4096,32,ok,597.3822014835204,0.4888960123062134,ok,,661.5544817069774,0.44147199392318726,1.1074224844062872
32,8192,32,ok,550.1721051447471,0.5308480262756348,ok,,654.7676072624987,0.44604799151420593,1.1901141499899075
32,16384,32,ok,470.86650183935126,0.6202560067176819,ok,,609.2253958048396,0.47939199209213257,1.2938388979148345
32,32768,32,ok,397.2321360913847,0.7352319955825806,ok,,568.6837676173519,0.5135679841041565,1.431615712698844
32,65536,32,ok,359.45042427091016,0.8125119805335999,ok,,524.9514084449945,0.5563520193099976,1.4604278448405719
32,131072,32,ok,349.41828668156637,0.8358399868011475,ok,,514.3021356791123,0.5678719878196716,1.4718809955925654
32,262144,32,ok,332.86426260606316,0.8774080276489258,ok,,486.7629408711119,0.6000000238418579,1.4623466546397745
32,524288,32,ok,328.0899245935449,0.890175998210907,ok,,477.3933250875155,0.6117759943008423,1.4550685324425479
64,2048,32,ok,618.8923386931083,0.9438080191612244,ok,,689.1535776230969,0.8475840091705322,1.1135274013544207
64,4096,32,ok,613.2575394047033,0.9524800181388855,ok,,675.0596001111662,0.8652799725532532,1.1007766830986783
64,8192,32,ok,562.4282985896812,1.0385600328445435,ok,,673.4407340160717,0.86735999584198,1.1973806007001428
64,16384,32,ok,481.8544667077233,1.212224006652832,ok,,626.5183124299517,0.9323199987411499,1.300223108256412
64,32768,32,ok,399.94766265611077,1.460479974746704,ok,,578.3963386390219,1.0098880529403687,1.4461800696566331
64,65536,32,ok,360.3943130115599,1.6207679510116577,ok,,535.7993201114504,1.090175986289978,1.4867030382198738
64,131072,32,ok,353.2660795461434,1.6534719467163086,ok,,521.9941063280827,1.11900794506073,1.4776230624766231
64,262144,32,ok,334.63392469932796,1.745535969734192,ok,,497.3736088226955,1.174399971961975,1.4863215355992099
64,524288,32,ok,332.2402484181772,1.7581119537353516,ok,,489.8851384288155,1.192352056503296,1.474490645733617
128,2048,32,ok,597.7734869001927,1.9543039798736572,ok,,702.1159692667276,1.6638720035552979,1.1745518740009901
128,4096,32,ok,629.4674267310345,1.85590398311615,ok,,701.4684052279041,1.6654080152511597,1.1143839624407363
128,8192,32,ok,522.330143289233,2.2365760803222656,ok,,687.2206261400746,1.699936032295227,1.3156824950068713
128,16384,32,ok,479.1665952382446,2.4380478858947754,ok,,629.2829480455904,1.8564480543136597,1.3132863482119554
128,32768,32,ok,393.92315686875423,2.9656319618225098,ok,,588.8831381828367,1.9838080406188965,1.4949188132624516
128,65536,32,ok,361.3681953819233,3.232800006866455,ok,,545.1930945086214,2.1427841186523438,1.5086914163334628
128,131072,32,ok,349.2578176515988,3.344896078109741,ok,,525.1855297319674,2.2244160175323486,1.5037187521336024
128,262144,32,ok,332.22209212764625,3.516416072845459,ok,,502.5427965649588,2.3246400356292725,1.5126712174573629
128,524288,32,ok,333.71318677756074,3.500704050064087,ok,,494.83203696025146,2.3608639240264893,1.4828063635677837
256,2048,32,ok,585.0938464247051,3.993311882019043,ok,,698.4688865402178,3.3451199531555176,1.1937724021681413
256,4096,32,ok,546.3762476356669,4.276288032531738,ok,,703.6316116316741,3.3205759525299072,1.287815154257708
256,8192,32,ok,495.0400079550346,4.7197442054748535,ok,,688.5881354913164,3.393120050430298,1.3909747180552368
256,16384,32,ok,451.5510115356756,5.174304008483887,ok,,634.9634043714995,3.679680109024048,1.406183107002813
256,32768,32,ok,398.54393916807004,5.8624958992004395,ok,,582.4892418439237,4.011168003082275,1.4615433446556114
256,65536,32,ok,361.64920716868124,6.460576057434082,ok,,547.7535065574591,4.265535831451416,1.514598942012818
256,131072,32,ok,346.50969989690805,6.742847919464111,ok,,524.1374656942538,4.457727909088135,1.5126198944797007
256,262144,32,ok,332.2901321153246,7.0313920974731445,ok,,504.06238985190913,4.635263919830322,1.5169345735399968
256,524288,32,skipped_memory_limit,,,ok,,500.3834017929859,4.669343948364258,
1,2048,64,ok,259.284248677686,0.07039999961853027,ok,,291.4794807780933,0.0626240000128746,1.124169641096976
1,4096,64,ok,261.18375371908553,0.06988800317049026,ok,,290.88492352024605,0.06275200098752975,1.1137175240735127
1,8192,64,ok,261.4231540238191,0.06982400268316269,ok,,290.1451291960794,0.0629120022058487,1.1098677555150425
1,16384,64,ok,262.50590887198854,0.0695360004901886,ok,,289.1157506209663,0.06313599646091461,1.101368543905631
1,32768,64,ok,256.0257415065198,0.07129599899053574,ok,,289.40908829614995,0.06307200342416763,1.1303905872635858
1,65536,64,ok,239.172052014029,0.07631999999284744,ok,,265.93255697317454,0.06864000111818314,1.1118880936706428
1,131072,64,ok,229.36281709618626,0.07958400249481201,ok,,252.28896386754147,0.07235199958086014,1.0999558126361033
1,262144,64,ok,214.93042735035036,0.084927998483181,ok,,243.66739383126568,0.07491199672222137,1.1337035748506294
1,524288,64,ok,221.43840502422034,0.08243200182914734,ok,,238.17341374427437,0.07664000242948532,1.0755741025059478
2,2048,64,ok,505.2483198226011,0.07225599884986877,ok,,562.8271582956683,0.06486400216817856,1.1139614645196323
2,4096,64,ok,498.6235612382866,0.07321599870920181,ok,,561.1660719822407,0.06505600363016129,1.1254303157849892
2,8192,64,ok,493.87477929761536,0.07391999661922455,ok,,560.3392642916224,0.06515199691057205,1.1345776050531113
2,16384,64,ok,456.88855585404974,0.0799039974808693,ok,,536.3661226010588,0.06806399673223495,1.1739539450675094
2,32768,64,ok,396.8176298374291,0.09200000017881393,ok,,499.27821424282655,0.07311999797821045,1.2582057265131446
2,65536,64,ok,338.63184144427555,0.10780800133943558,ok,,458.7256341923725,0.07958400249481201,1.3546441239426663
2,131072,64,ok,316.55124803939026,0.11532799899578094,ok,,429.53716182940536,0.08499199897050858,1.3569277154641186
2,262144,64,ok,292.8261446921158,0.12467200309038162,ok,,407.7379324221178,0.08953599631786346,1.3924232511780084
2,524288,64,ok,285.14138916383126,0.12803199887275696,ok,,399.03838208667406,0.09148799628019333,1.3994404083421295
4,2048,64,ok,540.815656039248,0.13500800728797913,ok,,619.3543177416565,0.11788800358772278,1.1452226111159562
4,4096,64,ok,528.0493722279333,0.1382720023393631,ok,,610.8972837334165,0.11952000111341476,1.156894252436914
4,8192,64,ok,522.9661732854609,0.139615997672081,ok,,591.420775611986,0.12345600128173828,1.1308968071423602
4,16384,64,ok,493.5542621886664,0.14793600142002106,ok,,574.8806421337564,0.12700800597667694,1.164776978288969
4,32768,64,ok,442.79088397109405,0.16489599645137787,ok,,542.7453474664159,0.1345279961824417,1.225737401364042
4,65536,64,ok,364.72207886342176,0.20019200444221497,ok,,500.3731309931912,0.14591999351978302,1.3719299159307736
4,131072,64,ok,341.82792985397487,0.21359999477863312,ok,,476.7449473736694,0.1531520038843155,1.3946927846923731
4,262144,64,ok,319.02983550079387,0.22886399924755096,ok,,448.6239365443666,0.16275200247764587,1.4062131080628986
4,524288,64,ok,310.26670376711996,0.23532800376415253,ok,,442.2759071214766,0.1650879979133606,1.4254700931539215
8,2048,64,ok,572.2852914890382,0.25516799092292786,ok,,641.1975254560218,0.227743998169899,1.120415874725139
8,4096,64,ok,574.0851205352227,0.25436800718307495,ok,,639.3111284933045,0.22841599583625793,1.1136173114838288
8,8192,64,ok,564.428270434305,0.2587200105190277,ok,,632.6636101923975,0.23081600666046143,1.1208928456145335
8,16384,64,ok,525.9800350221838,0.2776319980621338,ok,,621.7169952512825,0.2348800003528595,1.18201633874765
8,32768,64,ok,466.7487645310514,0.3128640055656433,ok,,589.6631010188469,0.24764800071716309,1.2633415358073612
8,65536,64,ok,381.30036807623367,0.3829759955406189,ok,,540.3034544371524,0.27027198672294617,1.4170021842966831
8,131072,64,ok,357.0178962703307,0.4090240001678467,ok,,512.0514830130396,0.28518399596214294,1.4342459813984196
8,262144,64,ok,333.67964386506907,0.4376319944858551,ok,,480.3581998670365,0.30399999022483826,1.4395789755196462
8,524288,64,ok,325.0518479532164,0.44924798607826233,ok,,472.4997461070033,0.30905601382255554,1.4536134745340952
16,2048,64,ok,612.4139927460324,0.4768959879875183,ok,,672.9689768477691,0.43398401141166687,1.0988791647790597
16,4096,64,ok,602.2703761475105,0.4849280118942261,ok,,674.7601248216124,0.4328320026397705,1.1203608072802627
16,8192,64,ok,594.5801630693164,0.4912000000476837,ok,,666.1415471046718,0.4384320080280304,1.1203561579753085
16,16384,64,ok,538.232326409325,0.5426239967346191,ok,,650.149974189813,0.44921600818634033,1.2079355740802806
16,32768,64,ok,470.4781353633915,0.6207680106163025,ok,,611.757199484954,0.4774079918861389,1.300288267407879
16,65536,64,ok,386.5161306250474,0.7556160092353821,ok,,559.240551450164,0.5222399830818176,1.446875064556293
16,131072,64,ok,362.793862087935,0.8050240278244019,ok,,529.2128757938976,0.5518720149993896,1.45871507513439
16,262144,64,ok,340.2731060894578,0.8583040237426758,ok,,499.2508963570161,0.584991991519928,1.4672064510022222
16,524288,64,ok,332.3430738812683,0.8787840008735657,ok,,489.55671727028704,0.5965759754180908,1.4730462457153066
32,2048,64,ok,626.6688725675367,0.932096004486084,ok,,692.3950543750082,0.8436160087585449,1.104881835822136
32,4096,64,ok,623.0964817883403,0.9374399781227112,ok,,685.5301280353027,0.8520640134811401,1.100199002998336
32,8192,64,ok,612.7634545865876,0.9532480239868164,ok,,686.742317703643,0.8505600094795227,1.1207298877949023
32,16384,64,ok,552.6038681328324,1.0570240020751953,ok,,666.5307366819411,0.8763520121574402,1.2061637189295307
32,32768,64,ok,475.3049540308342,1.2289279699325562,ok,,624.9952352329727,0.9345920085906982,1.314935243011222
32,65536,64,ok,391.05384381195415,1.4936959743499756,ok,,572.590445076199,1.0201280117034912,1.464224055425831
32,131072,64,ok,361.8302182847523,1.6143360137939453,ok,,539.8400365620174,1.0820159912109375,1.4919705687410978
32,262144,64,ok,341.9431716048825,1.7082240581512451,ok,,505.6962384205557,1.1550719738006592,1.4788897115480082
32,524288,64,ok,335.8406477872864,1.7392640113830566,ok,,499.6198638154845,1.169119954109192,1.4876694262807997
64,2048,64,ok,615.5323179237339,1.89792001247406,ok,,705.2627669785876,1.6564480066299438,1.145776990812644
64,4096,64,ok,598.2240737262829,1.9528319835662842,ok,,710.0086107515829,1.6453759670257568,1.186860646260864
64,8192,64,ok,593.5072223586827,1.96835196018219,ok,,697.2216303438734,1.6755520105361938,1.1747483502778866
64,16384,64,ok,518.6126804846951,2.252608060836792,ok,,678.0435638770279,1.7229440212249756,1.3074180200208925
64,32768,64,ok,475.67034692095274,2.455967903137207,ok,,631.8752041400008,1.8488320112228394,1.328388889974271
64,65536,64,ok,388.1764809188674,3.009536027908325,ok,,577.2805586120123,2.0236799716949463,1.4871600598921124
64,131072,64,ok,359.99981151697983,3.2450881004333496,ok,,542.5839789911331,2.153088092803955,1.5071785085241398
64,262144,64,ok,340.80360179765836,3.4278719425201416,ok,,513.2392743028023,2.2761919498443604,1.5059678700447605
64,524288,64,ok,337.15571648182186,3.4649600982666016,ok,,503.1037817702984,2.3220479488372803,1.4922000641724957
128,2048,64,ok,563.1571258842118,4.148863792419434,ok,,712.2318302677674,3.280479907989502,1.2647124532953278
128,4096,64,ok,559.0992090070707,4.178976058959961,ok,,719.9144660287283,3.245471954345703,1.2876327750619725
128,8192,64,ok,549.8821037792358,4.249023914337158,ok,,706.901502570619,3.305216073989868,1.2855510257784688
128,16384,64,ok,493.25417051796694,4.736832141876221,ok,,690.3394773532524,3.384511947631836,1.399561359264993
128,32768,64,ok,444.49177255086744,5.2564802169799805,ok,,631.056005834032,3.7024641036987305,1.419724829129012
128,65536,64,ok,387.4966454933647,6.029632091522217,ok,,571.5953328303714,4.087615966796875,1.4750974994960544
128,131072,64,ok,360.09037059877363,6.48854398727417,ok,,536.6104798068496,4.354112148284912,1.490210579401362
128,262144,64,ok,340.4571663585546,6.862720012664795,ok,,516.4301247662823,4.524256229400635,1.51687253433344
128,524288,64,ok,337.7718037197375,6.917280197143555,ok,,508.2235494252826,4.597311973571777,1.5046358039020202
256,2048,64,ok,594.6358675523211,7.858463764190674,ok,,721.850377836797,6.473536014556885,1.2139368262599506
256,4096,64,ok,595.0574528154317,7.852896213531494,ok,,723.5958891046898,6.457920074462891,1.216010127561795
256,8192,64,ok,572.3682519644364,8.164192199707031,ok,,705.0414408960654,6.627871990203857,1.231796904311654
256,16384,64,ok,523.8723502917378,8.919967651367188,ok,,675.4717605705517,6.918015956878662,1.2893823470438746
256,32768,64,ok,463.8826976450072,10.073504447937012,ok,,627.816592755475,7.443136215209961,1.35339514912436
256,65536,64,ok,389.60775884324113,11.99392032623291,ok,,571.7743551534435,8.172672271728516,1.4675640876636062
256,131072,64,ok,357.0816136034893,13.086432456970215,ok,,538.9554155911134,8.67033576965332,1.5093339871304055
256,262144,64,ok,338.9706306392687,13.785632133483887,ok,,518.5334855144775,9.011808395385742,1.5297298309784808
256,524288,64,skipped_memory_limit,,,ok,,508.9870356275294,9.180831909179688,
1,2048,128,ok,503.2424665195906,0.07254400104284286,ok,,557.8732047082455,0.06543999910354614,1.1085574883345584
1,4096,128,ok,504.13198715234745,0.07241600006818771,ok,,555.4287563272179,0.06572800129652023,1.1017526570068024
1,8192,128,ok,497.1026934882595,0.07344000041484833,ok,,557.0560014064312,0.0655359998345375,1.12060547790934
1,16384,128,ok,496.02202725425354,0.07360000163316727,ok,,557.3281363583534,0.06550399959087372,1.123595537568083
1,32768,128,ok,442.53322574285886,0.08249600231647491,ok,,538.3910573015094,0.06780800223350525,1.2166116033383452
1,65536,128,ok,399.8775533294047,0.0912960022687912,ok,,494.94604941252936,0.0737600028514862,1.2377440176163395
1,131072,128,ok,352.7676893393441,0.1034879982471466,ok,,459.4646259255651,0.07945600152015686,1.3024566586187096
1,262144,128,ok,310.85849762564123,0.11744000017642975,ok,,425.3731232329655,0.08582399785518646,1.368381840876138
1,524288,128,ok,295.1748151212746,0.1236800029873848,ok,,414.70399528237374,0.08803199976682663,1.4049436945085907
2,2048,128,ok,545.2094128983726,0.13391999900341034,ok,,625.4663738216029,0.11673600226640701,1.1472039165585541
2,4096,128,ok,543.1329032954319,0.13443200290203094,ok,,620.7022155113724,0.11763200163841248,1.1428182894928527
2,8192,128,ok,526.222647589349,0.13875199854373932,ok,,612.7017738993219,0.1191679984331131,1.1643394230676651
2,16384,128,ok,518.6863540690844,0.14076800644397736,ok,,592.1882623478767,0.12329600006341934,1.1417078118638968
2,32768,128,ok,444.34299498809725,0.16432000696659088,ok,,578.3780414887209,0.12624000012874603,1.3016477091176246
2,65536,128,ok,432.87828461535804,0.16867199540138245,ok,,536.4922089687152,0.13609600067138672,1.2393604115425314
2,131072,128,ok,382.2585621199563,0.19100800156593323,ok,,503.57569453307866,0.14499199390411377,1.3173693003508236
2,262144,128,ok,336.2861172874191,0.2171200066804886,ok,,472.2064100106287,0.15462400019168854,1.4041805050401186
2,524288,128,ok,321.0498689752883,0.2274239957332611,ok,,457.3464339417233,0.15964800119400024,1.424533937364497
4,2048,128,ok,583.3315747267759,0.2503359913825989,ok,,645.2775537004006,0.22630399465560913,1.1061934269589973
4,4096,128,ok,584.6019534961612,0.24979199469089508,ok,,644.0935279956216,0.22672000527381897,1.1017642417095532
4,8192,128,ok,576.1144736156938,0.2534720003604889,ok,,643.0044929825162,0.22710399329662323,1.1161054311776282
4,16384,128,ok,561.4422384762129,0.26009601354599,ok,,635.6599504473987,0.22972799837589264,1.1321911799379702
4,32768,128,ok,538.327589197086,0.271263986825943,ok,,624.0124064161668,0.23401600122451782,1.1591685414951134
4,65536,128,ok,452.13542541309266,0.3229759931564331,ok,,581.1771070881093,0.2512640058994293,1.285404934942043
4,131072,128,ok,394.9630227357572,0.3697279989719391,ok,,545.2094128983726,0.2678399980068207,1.3804062190984776
4,262144,128,ok,348.2450173339498,0.4193280041217804,ok,,505.7522971433281,0.2887359857559204,1.4522886817310485
4,524288,128,ok,334.36422046490657,0.43673598766326904,ok,,487.07469523058256,0.29980799555778503,1.4567189472406599
8,2048,128,ok,613.3605980416813,0.4761599898338318,ok,,670.0048144877612,0.43590399622917175,1.0923505954359178
8,4096,128,ok,608.0888483325577,0.48028799891471863,ok,,672.9193931233468,0.43401598930358887,1.1066136058382934
8,8192,128,ok,606.069830402577,0.4818879961967468,ok,,674.6105100161888,0.4329279959201813,1.1130904001079944
8,16384,128,ok,590.5024133979209,0.49459201097488403,ok,,659.4036015999961,0.4429120123386383,1.1166823143119737
8,32768,128,ok,539.6006330591528,0.5412480235099792,ok,,650.1963022014165,0.44918400049209595,1.204958375447532
8,65536,128,ok,452.24743069043114,0.6457920074462891,ok,,600.8430332813982,0.48607999086380005,1.328571468861882
8,131072,128,ok,396.5762417948068,0.7364479899406433,ok,,562.3763347287887,0.5193279981613159,1.4180787335711575
8,262144,128,ok,352.6041298836667,0.8282880187034607,ok,,521.6510040493689,0.5598719716072083,1.4794239767454658
8,524288,128,ok,341.48259880072743,0.8552640080451965,ok,,504.80119400697004,0.5785599946975708,1.478263301789932
16,2048,128,ok,631.1760284759407,0.9254400134086609,ok,,694.7669324969378,0.8407359719276428,1.1007498719090234
16,4096,128,ok,626.0670657779132,0.9329919815063477,ok,,696.1712972313719,0.8390399813652039,1.1119755938069533
16,8192,128,ok,619.5855855859046,0.9427520036697388,ok,,694.6082657354456,0.8409280180931091,1.121085257460592
16,16384,128,ok,597.5191186002522,0.9775679707527161,ok,,688.7635232175392,0.8480640053749084,1.1527054143991844
16,32768,128,ok,535.0140918105415,1.0917760133743286,ok,,657.5271598010959,0.8883519768714905,1.2289903571996728
16,65536,128,ok,434.1343125130275,1.345471978187561,ok,,601.1596438054962,0.9716479778289795,1.3847319285260518
16,131072,128,ok,386.8191871731648,1.5100480318069458,ok,,562.8618769189725,1.0377600193023682,1.4551033029987726
16,262144,128,ok,350.46485268059405,1.6666879653930664,ok,,523.1909850070231,1.1164480447769165,1.4928486580189193
16,524288,128,ok,342.1033890791544,1.7074240446090698,ok,,510.73339070104356,1.1436799764633179,1.4929211665391373
32,2048,128,ok,603.2257362870107,1.9366400241851807,ok,,713.5194429471914,1.637279987335205,1.1828398558374897
32,4096,128,ok,643.9231403614888,1.8142399787902832,ok,,711.5724042835791,1.641759991645813,1.1050579792552773
32,8192,128,ok,597.4408725637606,1.9553920030593872,ok,,710.1467049832279,1.6450560092926025,1.1886476764400462
32,16384,128,ok,608.2104089638214,1.9207680225372314,ok,,698.6092014074934,1.6722240447998047,1.1486307881472797
32,32768,128,ok,541.1123045382427,2.1589438915252686,ok,,676.4605179607266,1.7269760370254517,1.2501296168786682
32,65536,128,ok,428.971852013313,2.723328113555908,ok,,603.4251605589783,1.9359999895095825,1.4066777522275544
32,131072,128,ok,376.5377907904278,3.102560043334961,ok,,562.7230927443313,2.0760319232940674,1.4944664426990544
32,262144,128,ok,350.58263138069304,3.3322560787200928,ok,,531.1609125867772,2.199392080307007,1.5150805118180442
32,524288,128,ok,341.9271604969347,3.4166080951690674,ok,,514.7590119377908,2.2694718837738037,1.5054639449807776
64,2048,128,ok,575.7510206335179,4.058112144470215,ok,,724.0695225853476,3.2268478870391846,1.2576087521106432
64,4096,128,ok,597.8273114111319,3.9082560539245605,ok,,722.5432769635411,3.233664035797119,1.20861536964249
64,8192,128,ok,571.5058637011188,4.088255882263184,ok,,713.0804165536292,3.276576042175293,1.2477219602536744
64,16384,128,ok,522.4011453125265,4.472544193267822,ok,,711.8429360882851,3.2822721004486084,1.3626366298688435
64,32768,128,ok,464.2322287050769,5.032959938049316,ok,,672.7519807500544,3.472991943359375,1.4491712103371617
64,65536,128,ok,428.09661716466945,5.457791805267334,ok,,609.8309152186274,3.8313279151916504,1.4245170150084436
64,131072,128,ok,375.6331362052969,6.220064163208008,ok,,558.4150763906739,4.184095859527588,1.486596954762479
64,262144,128,ok,349.27285458368925,6.689504146575928,ok,,534.0709736387987,4.374815940856934,1.529093849206738
64,524288,128,ok,342.18997039301604,6.827968120574951,ok,,520.4462270115882,4.489344120025635,1.5209277653983815
128,2048,128,ok,574.0128912115838,8.140800476074219,ok,,719.4391735850758,6.495232105255127,1.2533502027568353
128,4096,128,ok,580.200382675809,8.053983688354492,ok,,719.5774208875889,6.493984222412109,1.2402222445441884
128,8192,128,ok,579.5211009692124,8.063424110412598,ok,,715.9998589279545,6.526432037353516,1.2355026550896766
128,16384,128,ok,561.3019672341945,8.325152397155762,ok,,705.9275797542997,6.619552135467529,1.2576609756647483
128,32768,128,ok,506.0554591074496,9.234016418457031,ok,,667.1611088242207,7.004191875457764,1.31835571935321
128,65536,128,ok,436.02038248352545,10.717215538024902,ok,,606.8934605840248,7.69974422454834,1.3918924090824023
128,131072,128,ok,376.88959666041654,12.398655891418457,ok,,560.627510161444,8.33516788482666,1.4875112370548613
128,262144,128,ok,347.69114555182256,13.439871788024902,ok,,526.7560513025179,8.871135711669922,1.5150114060756434
128,524288,128,ok,339.32586535313686,13.771200180053711,ok,,517.9927201307456,9.02121639251709,1.5265347355459329
256,2048,128,ok,577.789941069031,16.175167083740234,ok,,698.7161932635051,13.375743865966797,1.2092910305270035
256,4096,128,ok,582.3777098353507,16.047744750976562,ok,,716.5250973527966,13.043295860290527,1.2303443027642178
256,8192,128,ok,572.9251972099586,16.312511444091797,ok,,703.9470546035332,13.276351928710938,1.2286892914321577
256,16384,128,ok,564.0783693872784,16.56835174560547,ok,,687.6283783150445,13.591423988342285,1.2190298647011948
256,32768,128,ok,507.4217805898848,18.418304443359375,ok,,669.2755282369909,13.964127540588379,1.318972802978518
256,65536,128,ok,434.0420559008847,21.532127380371094,ok,,611.0723960518936,15.29417610168457,1.4078644862732714
256,131072,128,ok,376.79525969473065,24.80352020263672,ok,,563.149488465249,16.595680236816406,1.4945768928236982
256,262144,128,ok,347.0173382437195,26.931936264038086,ok,,529.9542149144963,17.63520050048828,1.5271692693991428
256,524288,128,skipped_memory_limit,,,ok,,512.155635525341,18.248064041137695,
1,2048,256,ok,535.3593272471517,0.1363839954137802,ok,,626.8410356561708,0.11648000031709671,1.170879078318152
1,4096,256,ok,540.3034544371524,0.13513599336147308,ok,,625.2949649087539,0.1167680025100708,1.15730328905659
1,8192,256,ok,539.0270368011147,0.13545599579811096,ok,,617.5105274208464,0.11823999881744385,1.1456021410085406
1,16384,256,ok,536.4922089687152,0.13609600067138672,ok,,609.5915890077191,0.11977600306272507,1.136254317988179
1,32768,256,ok,507.0447720493837,0.14399999380111694,ok,,594.5027208765862,0.12281599640846252,1.1724856534339427
1,65536,256,ok,439.97327741498714,0.16595199704170227,ok,,550.7364983889671,0.13257600367069244,1.2517498826855045
1,131072,256,ok,389.10323947307694,0.1876479983329773,ok,,515.755265380516,0.14156800508499146,1.3254972281365507
1,262144,256,ok,340.29848676953156,0.21456000208854675,ok,,476.94425697524383,0.15308800339698792,1.4015468052852558
1,524288,256,ok,322.6387768502003,0.22630399465560913,ok,,457.71341481696845,0.1595200002193451,1.418655932450062
2,2048,256,ok,575.5331959209622,0.2537280023097992,ok,,643.1857500394581,0.22703999280929565,1.1175476142783372
2,4096,256,ok,580.2902583921588,0.2516480088233948,ok,,643.6393189390488,0.2268799990415573,1.1091678856067906
2,8192,256,ok,573.9407472881833,0.25443199276924133,ok,,645.1863006676211,0.22633600234985352,1.1241339872034988
2,16384,256,ok,565.6877286475619,0.25814399123191833,ok,,641.1074226628537,0.22777600586414337,1.1333238997345834
2,32768,256,ok,550.9359543541885,0.2650560140609741,ok,,635.9256759669918,0.22963200509548187,1.154264249666604
2,65536,256,ok,463.2896180205623,0.31520000100135803,ok,,588.5983072439609,0.24809600412845612,1.270475927690305
2,131072,256,ok,405.85225703501806,0.3598079979419708,ok,,551.7352871452943,0.26467201113700867,1.3594486111178359
2,262144,256,ok,353.9991236984422,0.41251200437545776,ok,,510.6762223717208,0.28595200181007385,1.442591769822418
2,524288,256,ok,334.53579802890187,0.4365119934082031,ok,,488.4824241602245,0.29894399642944336,1.4601798284021688
4,2048,256,ok,609.2253958048396,0.47939199209213257,ok,,672.2254801509488,0.4344640076160431,1.1034101414352246
4,4096,256,ok,608.8189796938135,0.47971200942993164,ok,,670.3492811344555,0.43568000197410583,1.101065018491353
4,8192,256,ok,603.504944893405,0.48393601179122925,ok,,675.2094142029968,0.4325439929962158,1.1188133915327847
4,16384,256,ok,598.832463870275,0.48771199584007263,ok,,673.06825867596,0.4339199960231781,1.123967552336586
4,32768,256,ok,564.6028958606872,0.5172799825668335,ok,,658.4521869322692,0.4435519874095917,1.1662217671209727
4,65536,256,ok,469.8242457781831,0.6216319799423218,ok,,609.6730503525868,0.4790399968624115,1.2976619572767432
4,131072,256,ok,409.18203404511894,0.7137600183486938,ok,,571.6758923405206,0.5108799934387207,1.3971187510092002
4,262144,256,ok,359.0544597141423,0.8134080171585083,ok,,529.7658216266532,0.5512959957122803,1.4754469894300186
4,524288,256,ok,343.6555952910174,0.8498560190200806,ok,,506.36960740278494,0.5767679810523987,1.47347988608763
8,2048,256,ok,625.6378767351181,0.9336320161819458,ok,,691.9226110299289,0.8441920280456543,1.1059474446155926
8,4096,256,ok,622.225630429016,0.9387519955635071,ok,,692.1325007984873,0.843936026096344,1.1123497119867458
8,8192,256,ok,626.7979759937524,0.9319040179252625,ok,,694.1064462381798,0.8415359854698181,1.107384632405224
8,16384,256,ok,613.31937043058,0.9523839950561523,ok,,692.4738739746849,0.8435199856758118,1.1290591938887151
8,32768,256,ok,560.8384969980435,1.0415040254592896,ok,,672.2007190721139,0.8689600229263306,1.1985637980811772
8,65536,256,ok,466.3195345041991,1.2526079416275024,ok,,618.0750549644099,0.9450560212135315,1.325432475441031
8,131072,256,ok,401.33704807789445,1.4554239511489868,ok,,576.369143513672,1.0134400129318237,1.436122446891088
8,262144,256,ok,361.0644179814253,1.6177599430084229,ok,,538.9951962145502,1.0837119817733765,1.4927951062801166
8,524288,256,ok,346.3617571768335,1.6864320039749146,ok,,513.5352806412445,1.1374399662017822,1.4826558359878665
16,2048,256,ok,582.7542236819064,2.004672050476074,ok,,707.5591413405413,1.6510720252990723,1.2141639006408282
16,4096,256,ok,645.1977271243843,1.810655951499939,ok,,710.9488048752622,1.6432000398635864,1.1019084150279441
16,8192,256,ok,544.3071218224668,2.1462719440460205,ok,,710.6305096401356,1.643936038017273,1.305569009019723
16,16384,256,ok,624.4820638463641,1.8707200288772583,ok,,706.7920404307956,1.6528639793395996,1.1318051892114576
16,32768,256,ok,519.9126101733885,2.246975898742676,ok,,687.777355453627,1.6985599994659424,1.322871078707355
16,65536,256,ok,451.4309494712179,2.5878400802612305,ok,,621.008426477729,1.8811839818954468,1.375644330999337
16,131072,256,ok,397.5825589871744,2.93833589553833,ok,,577.1162885111382,2.0242559909820557,1.4515633934781214
16,262144,256,ok,359.96786347340094,3.2453761100769043,ok,,538.6770563390069,2.168704032897949,1.4964587425699774
16,524288,256,ok,346.0433012486232,3.3759679794311523,ok,,522.591860373348,2.2354559898376465,1.5101921016464908
32,2048,256,ok,574.8263519183455,4.064640045166016,ok,,723.2948375838232,3.230304002761841,1.2582840629522283
32,4096,256,ok,554.1346665866474,4.216415882110596,ok,,724.5509012094365,3.2247040271759033,1.30753577586567
32,8192,256,ok,598.28780473642,3.905247926712036,ok,,722.285952371519,3.234816074371338,1.2072550144820808
32,16384,256,ok,544.9611635785674,4.2873921394348145,ok,,715.9331664370795,3.2635200023651123,1.3137324534023662
32,32768,256,ok,517.3925961312417,4.51584005355835,ok,,695.7732607471964,3.3580799102783203,1.3447684909868844
32,65536,256,ok,434.1910934703634,5.381184101104736,ok,,638.7126975095124,3.6580801010131836,1.4710405328779712
32,131072,256,ok,395.5792852566941,5.906432151794434,ok,,576.8108425548046,4.050655841827393,1.4581421830026011
32,262144,256,ok,360.3213793998914,6.484384059906006,ok,,544.254341566424,4.292960166931152,1.5104691885695753
32,524288,256,ok,344.16749376530646,6.788735866546631,ok,,521.9754224828345,4.476191997528076,1.5166319653615463
64,2048,256,ok,578.9513328253165,8.071359634399414,ok,,723.6066284057956,6.457824230194092,1.2498574359861179
64,4096,256,ok,574.1731788092616,8.138527870178223,ok,,726.3601168984042,6.433343887329102,1.2650540702802466
64,8192,256,ok,602.1685682404242,7.760159969329834,ok,,723.9833467069276,6.454463958740234,1.202293485398041
64,16384,256,ok,570.6504564907822,8.18876838684082,ok,,709.1431450237816,6.589536190032959,1.24269267983182
64,32768,256,ok,527.5438457869468,8.857888221740723,ok,,683.0482642581927,6.841279983520508,1.2947706047812522
64,65536,256,ok,451.8514046159621,10.341728210449219,ok,,621.2224223509879,7.522143840789795,1.374837869274696
64,131072,256,ok,391.1931806822877,11.945311546325684,ok,,575.199981614311,8.12399959564209,1.4703732325064907
64,262144,256,ok,356.98647526952936,13.089920043945312,ok,,534.5969086438048,8.741024017333984,1.4975270652485568
64,524288,256,ok,341.61761311320186,13.678815841674805,ok,,518.237226670582,9.016960144042969,1.5170096821057457
128,2048,256,ok,576.2565540986063,16.21820831298828,ok,,720.7352440663134,12.967103958129883,1.2507193869468503
128,4096,256,ok,599.0314467631487,15.60159969329834,ok,,707.6568834676616,13.206751823425293,1.1813351156962923
128,8192,256,ok,592.3071639600204,15.778719902038574,ok,,715.6559634955336,13.059136390686035,1.2082514057585145
128,16384,256,ok,572.5208657713728,16.324031829833984,ok,,695.6704769348435,13.434304237365723,1.2151006513929372
128,32768,256,ok,526.0036933151948,17.767648696899414,ok,,691.2839032331476,13.519552230834961,1.314218725112473
128,65536,256,ok,448.60878042881507,20.83296012878418,ok,,629.3548430682188,14.84988784790039,1.4029035331556208
128,131072,256,ok,389.9885830549059,23.96441650390625,ok,,575.8963738570436,16.228351593017578,1.476700598119725
128,262144,256,ok,352.9527046527884,26.479040145874023,ok,,534.4501417221368,17.486848831176758,1.5142259421071547
128,524288,256,ok,338.6985992485809,27.593408584594727,ok,,518.4046738659597,18.028095245361328,1.530578145336489
256,2048,256,ok,571.2929039056231,32.718238830566406,ok,,721.0662123841262,25.922304153442383,1.2621655326971213
256,4096,256,ok,577.8321860117295,32.34796905517578,ok,,717.9333123193744,26.035423278808594,1.2424598866232088
256,8192,256,ok,570.8378650182024,32.744319915771484,ok,,715.8112167017529,26.112607955932617,1.2539658991943845
256,16384,256,ok,561.1515478116835,33.30953598022461,ok,,683.8655355866807,27.332416534423828,1.2186824365958602
256,32768,256,ok,522.3567598253358,35.78339385986328,ok,,677.0383893643882,27.6080322265625,1.2961225764375568
256,65536,256,ok,450.1635540613944,41.52201461791992,ok,,621.0605733981401,30.096416473388672,1.379633175086934
256,131072,256,ok,389.60388651449006,47.976158142089844,ok,,574.3476260317891,32.54422378540039,1.4741835128239362
256,262144,256,skipped_memory_limit,,,ok,,537.4572872750648,34.77801513671875,
256,524288,256,skipped_memory_limit,,,skipped_memory_limit,skipped_memory_limit: estimated live tensors 79.0 GiB exceed current free GPU memory 78.6 GiB,,,
1,2048,512,ok,576.4783857599291,0.25331199169158936,ok,,645.4600947142042,0.22623999416828156,1.1196605296195825
1,4096,512,ok,578.304727955397,0.25251200795173645,ok,,643.3670670770324,0.22697600722312927,1.1125052865323513
1,8192,512,ok,571.9266523743764,0.2553279995918274,ok,,636.9020031012587,0.2292799949645996,1.1136078384477004
1,16384,512,ok,579.9952433161924,0.2517760097980499,ok,,635.8370898640129,0.22966399788856506,1.0962798353802663
1,32768,512,ok,542.4872640172354,0.2691839933395386,ok,,636.5466359013361,0.22940799593925476,1.1733854011383986
1,65536,512,ok,474.31688921986125,0.3078719973564148,ok,,592.8036874203035,0.24633599817752838,1.249805142708127
1,131072,512,ok,404.6287339676836,0.3608959913253784,ok,,552.8716694785484,0.2641279995441437,1.3663677911779355
1,262144,512,ok,356.54368473804726,0.40956801176071167,ok,,512.3389418931959,0.2850239872932434,1.4369597999460049
1,524288,512,ok,334.7075517718832,0.4362879991531372,ok,,484.4376585897107,0.3014400005340576,1.4473460668132
2,2048,512,ok,613.2781483614117,0.47622400522232056,ok,,675.0596001111662,0.4326399862766266,1.1007396919567825
2,4096,512,ok,613.5667424345742,0.47600001096725464,ok,,670.5462848473248,0.4355520009994507,1.0928660868851223
2,8192,512,ok,611.7161871328049,0.4774399995803833,ok,,672.8697705047996,0.43404799699783325,1.099970516815371
2,16384,512,ok,608.575420433939,0.4799039959907532,ok,,673.06825867596,0.4339199960231781,1.1059734522239413
2,32768,512,ok,569.4999222536937,0.51283198595047,ok,,665.3645298544449,0.438944011926651,1.1683312040173495
2,65536,512,ok,479.9035391706499,0.6085759997367859,ok,,614.3514566025195,0.47539201378822327,1.2801561281757103
2,131072,512,ok,411.15438889030975,0.7103360295295715,ok,,574.121242014054,0.5087040066719055,1.39636413358881
2,262144,512,ok,362.43371100648596,0.8058239817619324,ok,,530.9369099203678,0.5500800013542175,1.464921429206861
2,524288,512,ok,340.6541432126876,0.8573439717292786,ok,,503.49233323038277,0.5800639986991882,1.4780161734772357
4,2048,512,ok,626.2603890164706,0.932703971862793,ok,,694.2912479027051,0.8413119912147522,1.1086303079028765
4,4096,512,ok,627.3149622393605,0.9311360120773315,ok,,695.3491832954835,0.8400319814682007,1.108453050144472
4,8192,512,ok,630.0866891374545,0.9270399808883667,ok,,692.2637771430803,0.8437759876251221,1.098680211909796
4,16384,512,ok,621.8017297523752,0.9393919706344604,ok,,692.1587520841538,0.8439040184020996,1.1131502518653291
4,32768,512,ok,572.1238515823638,1.0209599733352661,ok,,674.2367399215505,0.8663359880447388,1.1784803903154286
4,65536,512,ok,484.360512574767,1.2059520483016968,ok,,632.2910883733621,0.9238079786300659,1.3054141945061226
4,131072,512,ok,408.30339914872286,1.4305919408798218,ok,,583.4994026268281,1.0010559558868408,1.4290828923868224
4,262144,512,ok,363.5960256479892,1.606495976448059,ok,,539.9039213096552,1.08188796043396,1.4849005028244069
4,524288,512,ok,343.75914578597764,1.6992000341415405,ok,,514.1427765882561,1.1360960006713867,1.4956482842448016
8,2048,512,ok,587.0366316005054,1.9900480508804321,ok,,713.7844908851224,1.636672019958496,1.2159113289728611
8,4096,512,ok,593.9127383764416,1.9670079946517944,ok,,712.252639824716,1.6401920318603516,1.1992546948425051
8,8192,512,ok,598.3711320543481,1.9523520469665527,ok,,709.0708487576866,1.6475520133972168,1.185001766918936
8,16384,512,ok,583.9847430285155,2.000447988510132,ok,,706.9699400023475,1.652448058128357,1.2105965925343134
8,32768,512,ok,531.6714946060572,2.197279930114746,ok,,684.4633519607066,1.7067840099334717,1.2873801941702006
8,65536,512,ok,476.6204808267483,2.4510719776153564,ok,,642.7441175060053,1.8175679445266724,1.3485448975904226
8,131072,512,ok,401.8804384130356,2.906912088394165,ok,,585.5020053880367,1.9952640533447266,1.456905958648036
8,262144,512,ok,362.16764690706134,3.225663900375366,ok,,546.0411834161454,2.139456033706665,1.5077028223790219
8,524288,512,ok,343.56827081516536,3.4002881050109863,ok,,521.3678707397506,2.24070405960083,1.5175087894546548
16,2048,512,ok,564.9479765788287,4.135712146759033,ok,,723.9044102751119,3.227583885192871,1.2813647278796891
16,4096,512,ok,552.3070648131112,4.230368137359619,ok,,721.2229197631847,3.239583969116211,1.305836853648126
16,8192,512,ok,572.1103578353426,4.0839362144470215,ok,,721.3511807364591,3.2390079498291016,1.2608602009335916
16,16384,512,ok,552.2151920799608,4.231071949005127,ok,,714.6787893687674,3.2692480087280273,1.2942034185565865
16,32768,512,ok,499.0291064791582,4.682015895843506,ok,,706.4091133778724,3.3075199127197266,1.4155669563281783
16,65536,512,ok,446.3312895486192,5.234816074371338,ok,,652.3923094388265,3.581376075744629,1.461677289303646
16,131072,512,ok,401.9269192997444,5.813151836395264,ok,,593.2901965148812,3.9381439685821533,1.4761146069751656
16,262144,512,ok,363.0680839539693,6.435328006744385,ok,,546.0943108238073,4.278495788574219,1.5041099313291404
16,524288,512,ok,342.42587817866433,6.823264122009277,ok,,524.1487352587712,4.457632064819336,1.530692534240333
32,2048,512,ok,586.614532255712,7.9659199714660645,ok,,723.5744114587641,6.458111763000488,1.2334750874247857
32,4096,512,ok,574.1415581388709,8.138976097106934,ok,,722.5003945552179,6.467711925506592,1.2584011456987452
32,8192,512,ok,595.7444753123957,7.8438401222229,ok,,724.5616688772236,6.449312210083008,1.2162289352281093
32,16384,512,ok,577.8082010282212,8.08732795715332,ok,,715.4140700519275,6.531775951385498,1.2381514640651239
32,32768,512,ok,536.6026052149573,8.708352088928223,ok,,701.1013050835862,6.6651201248168945,1.3065559098482806
32,65536,512,ok,462.9591316872966,10.093600273132324,ok,,640.2837883623562,7.298208236694336,1.3830244281580186
32,131072,512,ok,403.9392493509327,11.568384170532227,ok,,588.1881514652466,7.944608211517334,1.4561302285191973
32,262144,512,ok,362.81280047458944,12.879712104797363,ok,,542.6182880520722,8.611807823181152,1.4955874967539242
32,524288,512,ok,340.93409426801384,13.706239700317383,ok,,520.1607551949128,8.98361587524414,1.5256929827206016
64,2048,512,ok,577.7773369197528,16.175519943237305,ok,,720.5947500216513,12.969632148742676,1.2471841728221582
64,4096,512,ok,598.8692781820438,15.60582447052002,ok,,720.7512525221722,12.966815948486328,1.2035201650519112
64,8192,512,ok,597.3907592410276,15.644448280334473,ok,,712.6558707998455,13.11411190032959,1.1929475971561057
64,16384,512,ok,574.3798080459206,16.27120018005371,ok,,699.7893162026412,13.355232238769531,1.2183389917263496
64,32768,512,ok,537.8229799632386,17.37718391418457,ok,,703.5621015900846,13.283616065979004,1.3081666790031445
64,65536,512,ok,463.8871332534834,20.14681625366211,ok,,626.989063278876,14.905920028686523,1.3515983055651346
64,131072,512,ok,397.1500347049481,23.53228759765625,ok,,583.6322885397557,16.013248443603516,1.4695511457611972
64,262144,512,ok,362.12048623553585,25.808671951293945,ok,,544.7578937409473,17.155967712402344,1.5043553580854792
64,524288,512,ok,339.5570627465798,27.52364730834961,ok,,518.7306122003392,18.016767501831055,1.5276684513774383
128,2048,512,ok,583.1265750879435,32.05427169799805,ok,,721.6907403110775,25.899871826171875,1.2376227926196584
128,4096,512,ok,576.7310695482565,32.40972900390625,ok,,696.8315587284512,26.82383918762207,1.2082434873402388
128,8192,512,ok,587.3223462920149,31.825279235839844,ok,,713.7443572562819,26.18822479248047,1.2152514913869978
128,16384,512,ok,574.6448071076918,32.52739334106445,ok,,713.8865608458592,26.183008193969727,1.2423092526303343
128,32768,512,ok,535.2086923065605,34.924129486083984,ok,,674.4648607556061,27.713375091552734,1.260190408808386
128,65536,512,ok,455.72257764241755,41.01551818847656,ok,,628.4366799584275,29.743167877197266,1.3789895668753325
128,131072,512,ok,397.9991829164058,46.96416091918945,ok,,581.3292134871982,32.153377532958984,1.4606291631741826
128,262144,512,ok,357.46645591196864,52.28937530517578,ok,,538.3598241553979,34.71971130371094,1.5060429174590213
128,524288,512,skipped_memory_limit,,,ok,,517.7613555539623,36.100990295410156,
256,2048,512,ok,579.2263194739567,64.54022216796875,ok,,700.559813256033,53.36217498779297,1.2094751044674028
256,4096,512,ok,580.6773580174128,64.37894439697266,ok,,701.6655884334754,53.278079986572266,1.2083570656674967
256,8192,512,ok,580.6932546443927,64.37718200683594,ok,,700.8413808096773,53.340736389160156,1.2069046354582875
256,16384,512,ok,568.5403827872622,65.75328063964844,ok,,688.2226444674699,54.31875228881836,1.2105079345348644
256,32768,512,ok,521.8224987906398,71.64006042480469,ok,,688.2485999982722,54.31670379638672,1.3189323986476946
256,65536,512,ok,458.9703820964682,81.4505615234375,ok,,629.1690973547418,59.41708755493164,1.370827229593435
256,131072,512,ok,398.2087771571114,93.8788833618164,ok,,577.1824340574426,64.76876831054688,1.4494467906459982
256,262144,512,skipped_memory_limit,,,ok,,534.7589297893309,69.9070053100586,
256,524288,512,skipped_memory_limit,,,skipped_memory_limit,skipped_memory_limit: estimated live tensors 85.8 GiB exceed current free GPU memory 78.6 GiB,,,
1,2048,1024,ok,612.0033126904549,0.4772160053253174,ok,,674.8100266608357,0.4327999949455261,1.1026247941277856
1,4096,1024,ok,609.428769506139,0.4792320132255554,ok,,673.5152970757048,0.4336319863796234,1.1051583561135445
1,8192,1024,ok,608.3725780170874,0.4800640046596527,ok,,676.4104184137932,0.4317759871482849,1.1118358105792119
1,16384,1024,ok,616.8427629109407,0.473471999168396,ok,,675.2094142029968,0.4325439929962158,1.0946216034319964
1,32768,1024,ok,575.8600286711614,0.5071679949760437,ok,,672.820155204284,0.43408000469207764,1.1683744689779303
1,65536,1024,ok,492.3295648625728,0.5932160019874573,ok,,625.2093156219697,0.4671359956264496,1.269900002443462
1,131072,1024,ok,417.0728709027722,0.7002559900283813,ok,,582.4009681070718,0.501471996307373,1.3964009858671456
1,262144,1024,ok,365.2913878162881,0.7995200157165527,ok,,534.5440702646279,0.5463680028915405,1.4633360875550128
1,524288,1024,ok,346.6445995018632,0.8425279855728149,ok,,506.42576318415155,0.5767040252685547,1.46093654397587
2,2048,1024,ok,623.7778623670622,0.93641597032547,ok,,694.8727013437365,0.8406080007553101,1.11397461062002
2,4096,1024,ok,625.9382232605295,0.933184027671814,ok,,694.1328474763095,0.8415039777755737,1.1089478508926205
2,8192,1024,ok,627.5306350096093,0.9308159947395325,ok,,694.74048300304,0.8407679796218872,1.107102098676667
2,16384,1024,ok,622.650109471267,0.9381120204925537,ok,,693.5789410806809,0.8421760201454163,1.1139144288750615
2,32768,1024,ok,577.3718450749517,1.011680006980896,ok,,684.8614242536071,0.852895975112915,1.186170455133124
2,65536,1024,ok,492.5687096901377,1.1858559846878052,ok,,637.2577673070913,0.9166079759597778,1.2937439077443098
2,131072,1024,ok,416.20746262343096,1.4034240245819092,ok,,592.5727352607231,0.9857280254364014,1.4237436578518556
2,262144,1024,ok,367.0764554327193,1.591264009475708,ok,,542.0844958842473,1.0775359869003296,1.4767618240326092
2,524288,1024,ok,348.40455682391115,1.676543951034546,ok,,519.0255663199516,1.1254080533981323,1.4897209469687702
4,2048,1024,ok,602.8173450215172,1.9379520416259766,ok,,714.3012243009858,1.6354880332946777,1.184938074858296
4,4096,1024,ok,586.7819007721822,1.9909119606018066,ok,,714.8047331061917,1.634335994720459,1.2181778820470373
4,8192,1024,ok,626.7011334184552,1.8640960454940796,ok,,712.5306830877884,1.6395519971847534,1.136954514827762
4,16384,1024,ok,569.0560609428909,2.0529279708862305,ok,,708.8918391382824,1.647968053817749,1.245732868504541
4,32768,1024,ok,584.3492959310527,1.9991999864578247,ok,,697.4347477569047,1.6750400066375732,1.1935237239323977
4,65536,1024,ok,492.79475458091713,2.37062406539917,ok,,649.155774352928,1.7996159791946411,1.317294407699172
4,131072,1024,ok,407.6104324578488,2.8660480976104736,ok,,592.6978134979312,1.9710400104522705,1.4540791066706134
4,262144,1024,ok,364.25264597481316,3.207200050354004,ok,,553.5842417160749,2.110304117202759,1.5197809757416376
4,524288,1024,ok,346.7861816922435,3.3687360286712646,ok,,524.3783810492733,2.227839946746826,1.5121086385000042
8,2048,1024,ok,569.6465067551462,4.101600170135498,ok,,717.8053699905357,3.2550079822540283,1.2600891280442335
8,4096,1024,ok,576.7834796244933,4.050848007202148,ok,,724.249054665788,3.226047992706299,1.255668860587512
8,8192,1024,ok,568.3030627046259,4.1112961769104,ok,,722.4431904224072,3.234112024307251,1.2712287471832528
8,16384,1024,ok,563.183146442886,4.148672103881836,ok,,719.0282848658325,3.24947190284729,1.2767219498794982
8,32768,1024,ok,520.8100535677266,4.486207962036133,ok,,710.0431292741938,3.2905919551849365,1.3633437457863111
8,65536,1024,ok,473.9966692536137,4.929279804229736,ok,,642.4782664354448,3.6366400718688965,1.3554489052573582
8,131072,1024,ok,406.17058200339346,5.752416133880615,ok,,593.6519705103925,3.935744047164917,1.4615828836797262
8,262144,1024,ok,364.87884360468166,6.4033918380737305,ok,,550.433411314127,4.244768142700195,1.508537480212143
8,524288,1024,ok,345.0881563568365,6.770624160766602,ok,,523.7840380802944,4.46073579788208,1.5178267594286208
16,2048,1024,ok,585.5184471426271,7.980832099914551,ok,,723.5851501223506,6.4580159187316895,1.2358024818065068
16,4096,1024,ok,591.3561082430776,7.902048110961914,ok,,727.521740217019,6.42307186126709,1.2302599568616788
16,8192,1024,ok,591.001902163526,7.9067840576171875,ok,,726.8988378512622,6.4285759925842285,1.229943313532914
16,16384,1024,ok,584.4615495961183,7.995264053344727,ok,,717.9112228403836,6.509056091308594,1.2283292602164904
16,32768,1024,ok,542.1609704027173,8.619071960449219,ok,,704.8474762547362,6.629695892333984,1.30007048595028
16,65536,1024,ok,472.8577796689398,9.882304191589355,ok,,642.6507559248295,7.271327972412109,1.3590783181673909
16,131072,1024,ok,405.26432407035736,11.530559539794922,ok,,590.9708241866896,7.907199859619141,1.4582354998613003
16,262144,1024,ok,363.5697755414796,12.852895736694336,ok,,546.9861158689407,8.54304027557373,1.5044873162360417
16,524288,1024,ok,343.4260780331401,13.606783866882324,ok,,521.8336690249797,8.954815864562988,1.5194934293097673
32,2048,1024,ok,593.3757662266792,15.750304222106934,ok,,721.2567324877311,12.957728385925293,1.2155143056721993
32,4096,1024,ok,580.2337736134426,16.107040405273438,ok,,720.3263684786712,12.974464416503906,1.241441641690026
32,8192,1024,ok,575.36309489791,16.243392944335938,ok,,711.6608187839686,13.132448196411133,1.2368899310621282
32,16384,1024,ok,586.0565667358304,15.94700813293457,ok,,714.612342744005,13.078207969665527,1.2193572827349994
32,32768,1024,ok,539.8141062860442,17.313087463378906,ok,,686.2775543674644,13.618176460266113,1.27132200951379
32,65536,1024,ok,459.7720631327639,20.32713508605957,ok,,643.7230310201759,14.518431663513184,1.400091659841225
32,131072,1024,ok,401.9794457494132,23.249568939208984,ok,,588.8807672861657,15.870528221130371,1.4649524335462254
32,262144,1024,ok,362.3792984245993,25.790239334106445,ok,,540.9529207903457,17.276639938354492,1.492780970497139
32,524288,1024,ok,342.4335120502732,27.292448043823242,ok,,523.3044134622997,17.859296798706055,1.5281927587317232
64,2048,1024,ok,589.0036898199672,31.734432220458984,ok,,721.7139134056816,25.89904022216797,1.2253130597981112
64,4096,1024,ok,589.1439117465517,31.726879119873047,ok,,720.6472102688242,25.937376022338867,1.2232108248940794
64,8192,1024,ok,590.0085636483019,31.680383682250977,ok,,705.2823591520404,26.502431869506836,1.195376478590321
64,16384,1024,ok,581.5723628512179,32.13993453979492,ok,,688.1508781908766,27.162208557128906,1.183259250520686
64,32768,1024,ok,538.0964386939122,34.7367057800293,ok,,703.1403349385918,26.583168029785156,1.3067180608838078
64,65536,1024,ok,467.6819478062908,39.9666862487793,ok,,633.7227468158251,29.495071411132812,1.3550293095304733
64,131072,1024,ok,403.2240032794274,46.35561752319336,ok,,585.6657994775294,31.91529655456543,1.4524576779018608
64,262144,1024,ok,360.7914334119405,51.80748748779297,ok,,544.2294966734348,34.34524917602539,1.508432424591552
64,524288,1024,ok,341.62340080597306,54.71433639526367,ok,,522.0719700827519,35.802913665771484,1.528209042035928
128,2048,1024,ok,583.9041564054604,64.0231704711914,ok,,701.9480457295581,53.25664138793945,1.2021631256245564
128,4096,1024,ok,589.3225080453336,63.43452835083008,ok,,696.7891471644641,53.650943756103516,1.1823562440803017
128,8192,1024,ok,584.2242332094935,63.988094329833984,ok,,705.7135100756868,52.97248077392578,1.207949739090383
128,16384,1024,ok,582.4218744485142,64.18611145019531,ok,,704.6174939634245,53.05487823486328,1.2098060269982396
128,32768,1024,ok,531.1428334199363,70.38294219970703,ok,,681.0580479263305,54.890174865722656,1.2822502819836918
128,65536,1024,ok,463.0964341607968,80.72486114501953,ok,,627.5211919544646,59.5731201171875,1.3550551152302246
128,131072,1024,ok,402.6479563031669,92.8438720703125,ok,,580.5253173873854,64.39580535888672,1.4417689405836416
128,262144,1024,ok,359.7625845505398,103.91129302978516,ok,,539.3184015803729,69.31600189208984,1.4990953054613962
128,524288,1024,skipped_memory_limit,,,ok,,509.7941868091624,73.33036804199219,
256,2048,1024,ok,578.5788272879787,129.2248992919922,ok,,705.7627584933118,105.93756866455078,1.2198212675729825
256,4096,1024,ok,574.9949886077585,130.03033447265625,ok,,695.9222301562166,107.43555450439453,1.2103100791213164
256,8192,1024,ok,575.6229838407066,129.8884735107422,ok,,695.7084061082679,107.46857452392578,1.208618185233536
256,16384,1024,ok,574.616032034933,130.1160888671875,ok,,700.0277079378995,106.80547332763672,1.2182530053309446
256,32768,1024,ok,524.1141992210353,142.65362548828125,ok,,690.7425658026832,108.24118041992188,1.317923778499608
256,65536,1024,ok,459.5357685373655,162.70069885253906,ok,,627.7656777965997,119.09983825683594,1.3660866482595797
256,131072,1024,ok,400.25535049072954,186.7977294921875,ok,,572.7662081083454,130.53631591796875,1.4310020026118586
256,262144,1024,skipped_memory_limit,,,ok,,530.8126733990498,140.8534393310547,
256,524288,1024,skipped_memory_limit,,,skipped_memory_limit,skipped_memory_limit: estimated live tensors 99.4 GiB exceed current free GPU memory 78.6 GiB,,,
1,2048,2048,ok,621.886447889513,0.9392639994621277,ok,,688.5556714599062,0.8483200073242188,1.1072048181732335
1,4096,2048,ok,625.4449375787772,0.9339200258255005,ok,,687.0783450354727,0.8501440286636353,1.098543298943774
1,8192,2048,ok,628.6111465150935,0.9292160272598267,ok,,694.0800470083082,0.8415679931640625,1.104148488069552
1,16384,2048,ok,623.436985900363,0.9369279742240906,ok,,694.6082657354456,0.8409280180931091,1.1141595404903635
1,32768,2048,ok,580.567137820234,1.006111979484558,ok,,686.5098573750174,0.8508480191230774,1.1824814266142416
1,65536,2048,ok,498.9233655479494,1.1707520484924316,ok,,638.9083288570869,0.9142400026321411,1.2805740780558494
1,131072,2048,ok,417.8366415541793,1.3979519605636597,ok,,594.6576254405061,0.9822720289230347,1.4231820915193696
1,262144,2048,ok,366.53101754928844,1.5936319828033447,ok,,543.5696109427421,1.0745919942855835,1.4830112184697897
1,524288,2048,ok,348.39789300853045,1.676576018333435,ok,,520.016287886258,1.123263955116272,1.4925930906061065
2,2048,2048,ok,607.1483138186463,1.9241280555725098,ok,,715.9401751028287,1.6317440271377563,1.1791849846373421
2,4096,2048,ok,571.157121661585,2.0453760623931885,ok,,716.4038362148756,1.630687952041626,1.2543025536138728
2,8192,2048,ok,639.1544331176215,1.8277759552001953,ok,,714.0637316513055,1.636031985282898,1.1172006242189338
2,16384,2048,ok,575.3427597900761,2.0304958820343018,ok,,711.2951082499446,1.6424000263214111,1.2362980087026265
2,32768,2048,ok,562.6536940141812,2.0762879848480225,ok,,692.9075802595605,1.6859840154647827,1.2314992110264122
2,65536,2048,ok,498.8143179436751,2.3420159816741943,ok,,650.7990380732699,1.7950719594955444,1.3046919758761948
2,131072,2048,ok,414.17706596348063,2.820607900619507,ok,,596.1433363,1.9596480131149292,1.4393441484096174
2,262144,2048,ok,365.33891500536646,3.1976640224456787,ok,,551.0607419404978,2.1199679374694824,1.5083548981701094
2,524288,2048,ok,346.9740650574089,3.3669118881225586,ok,,525.1402196087166,2.2246079444885254,1.5134855094193542
4,2048,2048,ok,568.7501727554849,4.1080641746521,ok,,724.6515726433595,3.2242560386657715,1.2741122681907284
4,4096,2048,ok,569.3400497912753,4.1038079261779785,ok,,723.8828608396549,3.227679967880249,1.2714420162520381
4,8192,2048,ok,583.1358743550556,4.006720066070557,ok,,726.0783866232,3.2179200649261475,1.2451272826015682
4,16384,2048,ok,569.1004093271224,4.105535984039307,ok,,721.6506161092839,3.237663984298706,1.2680549939553367
4,32768,2048,ok,522.947419789874,4.467872142791748,ok,,707.2986956870642,3.3033599853515625,1.3525235404570208
4,65536,2048,ok,466.3969445128653,5.0096001625061035,ok,,656.6637727731833,3.558079957962036,1.4079504175548252
4,131072,2048,ok,407.21487321847513,5.737664222717285,ok,,605.0001391621729,3.861920118331909,1.485702460670153
4,262144,2048,ok,365.30236291135895,6.395967960357666,ok,,549.8448338984788,4.249311923980713,1.5051773263013337
4,524288,2048,ok,345.20726101468426,6.7682881355285645,ok,,521.77398884376,4.477920055389404,1.51148034172307
8,2048,2048,ok,590.4427491916188,7.914271831512451,ok,,723.6891339662421,6.457087993621826,1.2256719808263417
8,4096,2048,ok,596.1433363,7.838592052459717,ok,,723.1551583285355,6.461855888366699,1.213055844617575
8,8192,2048,ok,590.911029660634,7.9079999923706055,ok,,722.6648669417215,6.466239929199219,1.22296730077412
8,16384,2048,ok,595.477248167506,7.847360134124756,ok,,714.6508021077161,6.53875207901001,1.2001311625371907
8,32768,2048,ok,545.8044570460826,8.561535835266113,ok,,707.0521130222029,6.6090240478515625,1.2954311821651285
8,65536,2048,ok,473.5539656886998,9.867775917053223,ok,,650.8889461003746,7.179296016693115,1.3744768141763373
8,131072,2048,ok,407.44668881377606,11.468799591064453,ok,,592.8566206340855,7.8820481300354,1.455053230055948
8,262144,2048,ok,363.1240491141141,12.868672370910645,ok,,550.7718462411091,8.484319686889648,1.516759486420095
8,524288,2048,ok,343.4680854929853,13.605119705200195,ok,,522.8032971930426,8.938207626342773,1.522130641170502
16,2048,2048,ok,589.0137793204311,15.866944313049316,ok,,720.9576238271878,12.963104248046875,1.2240080778058973
16,4096,2048,ok,598.7207312458803,15.609696388244629,ok,,716.3440850246371,13.046591758728027,1.1964577934924583
16,8192,2048,ok,596.5159338003442,15.667391777038574,ok,,718.9450980062285,12.999391555786133,1.205240392198579
16,16384,2048,ok,585.0563310896357,15.974271774291992,ok,,699.4491308131512,13.361727714538574,1.195524419863067
16,32768,2048,ok,551.4425809145055,16.947999954223633,ok,,698.9419399819868,13.371423721313477,1.2674790887980945
16,65536,2048,ok,475.48446576216656,19.655424118041992,ok,,637.3592681298604,14.663392066955566,1.3404418314870088
16,131072,2048,ok,405.76880543427274,23.032447814941406,ok,,585.0352351934428,15.974847793579102,1.4417945080014485
16,262144,2048,ok,362.5466357302391,25.778335571289062,ok,,543.5342167925543,17.194591522216797,1.4992118619381785
16,524288,2048,ok,341.96118887690835,27.33014488220215,ok,,523.1085427729239,17.865983963012695,1.52973074076316
32,2048,2048,ok,593.0769544493512,31.5164794921875,ok,,722.5093435070921,25.870527267456055,1.218238776750167
32,4096,2048,ok,589.1599565407881,31.726015090942383,ok,,721.1489886969889,25.919328689575195,1.2240291973187811
32,8192,2048,ok,582.8862156453017,32.06748962402344,ok,,719.0804645073583,25.99388885498047,1.2336549487815194
32,16384,2048,ok,584.5475202390029,31.97635269165039,ok,,694.6677449671137,26.907392501831055,1.188385410792755
32,32768,2048,ok,541.4443367579461,34.52191925048828,ok,,686.4921118019254,27.227840423583984,1.2678904648121256
32,65536,2048,ok,472.2056363984531,39.58380889892578,ok,,634.6219501707194,29.453279495239258,1.3439525097816014
32,131072,2048,ok,405.9642295151387,46.042720794677734,ok,,578.304727955397,32.321537017822266,1.4245213886112387
32,262144,2048,ok,360.5653669127285,51.839969635009766,ok,,547.1014233453835,34.16495895385742,1.5173432435561798
32,524288,2048,ok,341.3195859471383,54.763038635253906,ok,,521.4670239996096,35.84444808959961,1.527796954729611
64,2048,2048,ok,589.2354106676038,63.443904876708984,ok,,697.8863715604883,53.566593170166016,1.1843931286644551
64,4096,2048,ok,584.2119388464049,63.98944091796875,ok,,701.4157882053347,53.297054290771484,1.200618716540375
64,8192,2048,ok,587.2494223379468,63.65846252441406,ok,,701.5303206691252,53.288352966308594,1.1946036794318253
64,16384,2048,ok,580.2139172223217,64.43036651611328,ok,,695.6763043253985,53.73676681518555,1.1989996855915384
64,32768,2048,ok,534.3260038089479,69.9636459350586,ok,,687.6081625504103,54.36729431152344,1.2868701086018444
64,65536,2048,ok,464.5393870780855,80.47411346435547,ok,,635.8256625275785,58.795040130615234,1.3687228256937902
64,131072,2048,ok,404.7167648420925,92.36927795410156,ok,,579.3158936465577,64.53024291992188,1.431410665363932
64,262144,2048,ok,361.04286835173156,103.54281616210938,ok,,539.2576820305379,69.32380676269531,1.4936112281968348
64,524288,2048,ok,341.98071172000454,109.31433868408203,ok,,516.0753793170416,72.43785858154297,1.509077446857811
128,2048,2048,ok,577.8972007808468,129.3773193359375,ok,,701.7587440565712,106.5420150756836,1.214331447026157
128,4096,2048,ok,578.0071594579215,129.3527069091797,ok,,705.1065253655752,106.03616333007812,1.2198923730059894
128,8192,2048,ok,576.8444556625195,129.61343383789062,ok,,699.2873205241832,106.9185562133789,1.2122632256576604
128,16384,2048,ok,572.0832386650688,130.69215393066406,ok,,696.6734334592082,107.31970977783203,1.2177833335667465
128,32768,2048,ok,527.2627916758956,141.8017578125,ok,,693.1684669425288,107.86236572265625,1.3146546236257348
128,65536,2048,ok,460.10315450030816,162.50006103515625,ok,,631.8255026246801,118.33455657958984,1.3732257569737156
128,131072,2048,ok,402.7960105563209,185.61949157714844,ok,,576.8630633904562,129.6092529296875,1.4321469137534977
128,262144,2048,ok,359.79481319605236,207.80397033691406,ok,,534.0686451863245,139.99472045898438,1.4843700509248594
128,524288,2048,skipped_memory_limit,,,ok,,506.39791924562985,147.64434814453125,
256,2048,2048,ok,574.0532405482396,260.4873046875,ok,,695.0933578907528,215.12733459472656,1.2108517273187343
256,4096,2048,ok,574.6699455366735,260.207763671875,ok,,688.2776029072078,217.25765991210938,1.197692011306487
256,8192,2048,ok,573.4307442508023,260.77008056640625,ok,,686.1027577641518,217.9463348388672,1.1964875700213067
256,16384,2048,ok,567.6020206257466,263.44793701171875,ok,,684.9845941650898,218.30210876464844,1.2068043616369373
256,32768,2048,skipped_memory_limit,,,ok,,678.5842489293211,220.36111450195312,
256,65536,2048,skipped_memory_limit,,,ok,,623.5111612729719,239.8250274658203,
256,131072,2048,skipped_memory_limit,,,skipped_memory_limit,"runtime OOM: CUDA out of memory. Tried to allocate 4.00 GiB. GPU 0 has a total capacity of 79.44 GiB of which 858.69 MiB is free. Including non-PyTorch memory, this process has 78.59 GiB memory in use. Of the allocated memory 77.91 GiB is allocated by PyTorch, and 85.85 MiB is reserved by PyTorch but unallocated. If reserved but unallocated memory is large try setting PYTORCH_CUDA_ALLOC_CONF=expandable_segments:True to avoid fragmentation.  See documentation for Memory Management  (https://pytorch.org/docs/stable/notes/cuda.html#environment-variables)",,,
256,262144,2048,skipped_memory_limit,,,skipped_memory_limit,"skipped_memory_limit: larger history after runtime OOM on the same (kind, backend, B, Q) curve",,,
256,524288,2048,skipped_memory_limit,,,skipped_memory_limit,"skipped_memory_limit: larger history after runtime OOM on the same (kind, backend, B, Q) curve",,,
1,2048,4096,ok,597.9203237536442,1.9538240432739258,ok,,715.3369910907784,1.6331199407577515,1.1963751066363022
1,4096,4096,ok,582.6612274407083,2.0049920082092285,ok,,706.9973288866433,1.6523840427398682,1.2133934704941174
1,8192,4096,ok,584.6019534961612,1.9983359575271606,ok,,715.8278960522878,1.6319999694824219,1.2244705851072533
1,16384,4096,ok,636.9353261836035,1.8341439962387085,ok,,713.0456020931155,1.638368010520935,1.1194945118926758
1,32768,4096,ok,518.4285880556565,2.2534079551696777,ok,,692.0144679503,1.6881599426269531,1.3348308405322893
1,65536,4096,ok,500.33879585788986,2.3348801136016846,ok,,652.648913324894,1.7899839878082275,1.3044139665521048
1,131072,4096,ok,407.0287585327227,2.8701438903808594,ok,,600.7342685183452,1.9446719884872437,1.4759012868867096
1,262144,4096,ok,365.1817819907383,3.199039936065674,ok,,552.1525295078839,2.1157760620117188,1.5119936336853943
1,524288,4096,ok,347.0070411464671,3.3665919303894043,ok,,526.9594239244843,2.216928005218506,1.5185842402029581
2,2048,4096,ok,575.2294229680231,4.061791896820068,ok,,725.5805253498617,3.220128059387207,1.2613758899989311
2,4096,4096,ok,578.1307339399443,4.041408061981201,ok,,724.5149577303516,3.2248640060424805,1.2532026325478374
2,8192,4096,ok,533.727397302463,4.377632141113281,ok,,724.6803487042531,3.224128007888794,1.35777243657885
2,16384,4096,ok,569.0604888613915,4.105823993682861,ok,,722.5504156474501,3.2336320877075195,1.269725151878265
2,32768,4096,ok,519.1805955568295,4.500288009643555,ok,,709.5463039470345,3.292896032333374,1.3666656843868263
2,65536,4096,ok,471.8890323970927,4.951295852661133,ok,,644.6736313103985,3.624255895614624,1.3661551488823505
2,131072,4096,ok,406.88359090852924,5.742335796356201,ok,,591.924215323609,3.9472320079803467,1.4547753425049732
2,262144,4096,ok,365.6572707994329,6.3897600173950195,ok,,549.0096866657614,4.2557759284973145,1.5014324355303172
2,524288,4096,ok,345.90066442856414,6.754720211029053,ok,,525.4274097401212,4.446784019470215,1.5190124326824852
4,2048,4096,ok,590.7556489958308,7.9100799560546875,ok,,722.511101362974,6.467616081237793,1.2230286796090766
4,4096,4096,ok,590.9564624186704,7.9073920249938965,ok,,728.6252672935428,6.413343906402588,1.23295930179259
4,8192,4096,ok,590.4164609205834,7.914624214172363,ok,,722.68634391963,6.466047763824463,1.2240281085537656
4,16384,4096,ok,584.403064969567,7.996064186096191,ok,,726.5950322560464,6.4312639236450195,1.2433114673926018
4,32768,4096,ok,544.1205323698497,8.588031768798828,ok,,710.3366980303693,6.578464031219482,1.305476738649405
4,65536,4096,ok,474.41861133164315,9.849791526794434,ok,,652.2611744334682,7.164192199707031,1.3748642208673891
4,131072,4096,ok,406.10958321249433,11.506560325622559,ok,,594.2946250809104,7.86297607421875,1.4633848834095338
4,262144,4096,ok,360.69072381698413,12.955488204956055,ok,,550.2405596849493,8.492511749267578,1.5255190204562719
4,524288,4096,ok,344.1171947325784,13.579456329345703,ok,,524.7043475687087,8.905823707580566,1.5247838689852997
8,2048,4096,ok,587.5893841627329,15.905407905578613,ok,,725.2148088991739,12.887007713317871,1.2342204070492968
8,4096,4096,ok,593.1299364782224,15.756832122802734,ok,,720.7939275428075,12.966048240661621,1.2152378142007212
8,8192,4096,ok,587.4227519402185,15.909919738769531,ok,,715.8717680236539,13.05519962310791,1.2186653745691272
8,16384,4096,ok,586.4461010727299,15.936415672302246,ok,,722.6827199231612,12.932160377502441,1.2323088491870382
8,32768,4096,ok,544.5852184356467,17.161407470703125,ok,,707.4220515270615,13.211135864257812,1.299010747223682
8,65536,4096,ok,474.3669411503014,19.70172882080078,ok,,645.6141555004167,14.47590446472168,1.3610015780923828
8,131072,4096,ok,405.32560564777924,23.057632446289062,ok,,593.3034506607818,15.75222396850586,1.4637699725695394
8,262144,4096,ok,361.9634083158818,25.81987190246582,ok,,549.6213206660021,17.004159927368164,1.5184444284665184
8,524288,4096,ok,342.8230035207194,27.26144027709961,ok,,524.5205660614524,17.817888259887695,1.5300039981994722
16,2048,4096,ok,583.1067977821451,32.05535888671875,ok,,719.7441595736897,25.969919204711914,1.2343264772615354
16,4096,4096,ok,590.5495982843278,31.65135955810547,ok,,710.5181381814746,26.30713653564453,1.203147272042316
16,8192,4096,ok,592.3666326729983,31.554271697998047,ok,,694.679317027717,26.906944274902344,1.1727185136898113
16,16384,4096,ok,587.7496247729298,31.802143096923828,ok,,713.6275171570778,26.19251251220703,1.2141692432943356
16,32768,4096,ok,540.7696380897153,34.56499099731445,ok,,687.9385666806854,27.170591354370117,1.272147173629882
16,65536,4096,ok,472.1442105825222,39.588958740234375,ok,,634.5116235550661,29.45840072631836,1.3438936861519877
16,131072,4096,ok,404.54631912124927,46.204097747802734,ok,,583.4941218012485,32.034080505371094,1.442341937676525
16,262144,4096,ok,361.2922031206962,51.735679626464844,ok,,542.0533124700938,34.48313522338867,1.5003183234735102
16,524288,4096,ok,342.1597192915036,54.62857437133789,ok,,524.1647153227941,35.659969329833984,1.53192993146055
32,2048,4096,ok,590.7813264073811,63.277889251708984,ok,,705.54472503864,52.98515319824219,1.1942569839320247
32,4096,4096,ok,590.260166977705,63.33375930786133,ok,,699.7624829337656,53.422977447509766,1.1855153406619705
32,8192,4096,ok,588.4812079226174,63.52521514892578,ok,,697.9672914951448,53.56038284301758,1.186048563825889
32,16384,4096,ok,582.6019249233389,64.16627502441406,ok,,699.8723274800059,53.41459274291992,1.201287358554639
32,32768,4096,ok,531.3116970026352,70.3605728149414,ok,,696.0870849036307,53.705055236816406,1.3101294190031323
32,65536,4096,ok,465.584843888553,80.29341125488281,ok,,636.7454106219133,58.710113525390625,1.3676248679055605
32,131072,4096,ok,403.68366763407676,92.60566711425781,ok,,583.8280440484448,64.0315170288086,1.4462513370188208
32,262144,4096,ok,360.385618792967,103.73165130615234,ok,,536.7081086783567,69.65312194824219,1.4892606161032267
32,524288,4096,ok,342.11483039885263,109.271484375,ok,,513.3847335822104,72.8175048828125,1.5006211013526767
64,2048,4096,ok,577.7071725195218,129.4198760986328,ok,,701.79517895425,106.53648376464844,1.214793951568145
64,4096,4096,ok,580.2744525406861,128.8472900390625,ok,,696.477808215039,107.349853515625,1.2002558533562275
64,8192,4096,ok,577.2493428173993,129.52252197265625,ok,,695.4102205586637,107.51465606689453,1.2046964266161877
64,16384,4096,ok,564.1811829214952,132.5226593017578,ok,,695.8156969439608,107.4520034790039,1.2333195753548951
64,32768,4096,ok,527.3806037921142,141.77008056640625,ok,,688.5118426168701,108.59187316894531,1.3055312191349977
64,65536,4096,ok,461.14520821758776,162.1328582763672,ok,,631.9767498982338,118.30623626708984,1.3704506490286257
64,131072,4096,ok,402.1127194181165,185.93490600585938,ok,,577.7177301506478,129.41751098632812,1.4367059340640684
64,262144,4096,ok,360.5692141766975,207.357666015625,ok,,533.0222020131068,140.26956176757812,1.4782798449118244
64,524288,4096,ok,341.4140968369395,218.99151611328125,ok,,509.5379217672387,146.7344970703125,1.492433752700597
128,2048,4096,ok,572.5476250411716,261.17230224609375,ok,,691.8377139285686,216.13967895507812,1.2083496353317664
128,4096,4096,ok,574.0077807003458,260.5079345703125,ok,,689.0826345933681,217.00384521484375,1.200476122035523
128,8192,4096,ok,571.9139689661464,261.461669921875,ok,,687.9131174183976,217.37277221679688,1.2028262199329451
128,16384,4096,ok,565.7553302657825,264.307861328125,ok,,688.8778346511886,217.068359375,1.2176250011247178
128,32768,4096,ok,522.5481669208461,286.16229248046875,ok,,679.75514449262,219.98153686523438,1.3008468645065348
128,65536,4096,skipped_memory_limit,,,ok,,622.6770913798161,240.14627075195312,
128,131072,4096,skipped_memory_limit,,,ok,,572.3296766970244,261.2717590332031,
128,262144,4096,skipped_memory_limit,,,skipped_memory_limit,"runtime OOM: CUDA out of memory. Tried to allocate 4.00 GiB. GPU 0 has a total capacity of 79.44 GiB of which 858.69 MiB is free. Including non-PyTorch memory, this process has 78.59 GiB memory in use. Of the allocated memory 77.85 GiB is allocated by PyTorch, and 149.79 MiB is reserved by PyTorch but unallocated. If reserved but unallocated memory is large try setting PYTORCH_CUDA_ALLOC_CONF=expandable_segments:True to avoid fragmentation.  See documentation for Memory Management  (https://pytorch.org/docs/stable/notes/cuda.html#environment-variables)",,,
128,524288,4096,skipped_memory_limit,,,skipped_memory_limit,"skipped_memory_limit: larger history after runtime OOM on the same (kind, backend, B, Q) curve",,,
256,2048,4096,skipped_memory_limit,,,skipped_memory_limit,skipped_memory_limit: estimated live tensors 109.5 GiB exceed current free GPU memory 78.6 GiB,,,
256,4096,4096,skipped_memory_limit,,,skipped_memory_limit,skipped_memory_limit: estimated live tensors 109.8 GiB exceed current free GPU memory 78.6 GiB,,,
256,8192,4096,skipped_memory_limit,,,skipped_memory_limit,skipped_memory_limit: estimated live tensors 110.3 GiB exceed current free GPU memory 78.6 GiB,,,
256,16384,4096,skipped_memory_limit,,,skipped_memory_limit,skipped_memory_limit: estimated live tensors 111.5 GiB exceed current free GPU memory 78.6 GiB,,,
256,32768,4096,skipped_memory_limit,,,skipped_memory_limit,skipped_memory_limit: estimated live tensors 113.7 GiB exceed current free GPU memory 78.6 GiB,,,
256,65536,4096,skipped_memory_limit,,,skipped_memory_limit,skipped_memory_limit: estimated live tensors 118.2 GiB exceed current free GPU memory 78.6 GiB,,,
256,131072,4096,skipped_memory_limit,,,skipped_memory_limit,skipped_memory_limit: estimated live tensors 127.2 GiB exceed current free GPU memory 78.6 GiB,,,
256,262144,4096,skipped_memory_limit,,,skipped_memory_limit,skipped_memory_limit: estimated live tensors 145.2 GiB exceed current free GPU memory 78.6 GiB,,,
256,524288,4096,skipped_memory_limit,,,skipped_memory_limit,skipped_memory_limit: estimated live tensors 181.2 GiB exceed current free GPU memory 78.6 GiB,,,
1,2048,8192,ok,569.5310337035735,4.102431774139404,ok,,714.741755689383,3.2689599990844727,1.2549654248716287
1,4096,8192,ok,563.2656902437728,4.148064136505127,ok,,724.9105858692839,3.2231040000915527,1.2869780610204637
1,8192,8192,ok,575.2611635828932,4.061567783355713,ok,,713.1291936465653,3.2763519287109375,1.239661633344045
1,16384,8192,ok,557.5664647155793,4.190464019775391,ok,,717.9535622026311,3.25433611869812,1.2876555668907868
1,32768,8192,ok,516.5214736481638,4.52345609664917,ok,,707.12741680491,3.3041601181030273,1.3690184297866776
1,65536,8192,ok,460.83047155038986,5.070112228393555,ok,,640.5787262893223,3.6474239826202393,1.3900528845981004
1,131072,8192,ok,404.22773280380517,5.780064105987549,ok,,589.1349865439392,3.9659199714660645,1.4574333691990404
1,262144,8192,ok,364.28354460621057,6.413856029510498,ok,,558.1717620164583,4.185919761657715,1.5322453354840397
1,524288,8192,ok,345.5503494193597,6.761568069458008,ok,,525.5786767783044,4.445504188537598,1.5209901470551328
2,2048,8192,ok,590.9301640177689,7.90774393081665,ok,,728.6688798620294,6.412960052490234,1.2330879759255593
2,4096,8192,ok,596.7231175855172,7.8309760093688965,ok,,723.4560935611678,6.459167957305908,1.212381542194045
2,8192,8192,ok,574.076107690443,8.139904022216797,ok,,727.0182846110155,6.427519798278809,1.2664144612042327
2,16384,8192,ok,583.853992375821,8.003583908081055,ok,,722.0324284411805,6.4719038009643555,1.2366660806806908
2,32768,8192,ok,537.0822012392671,8.700575828552246,ok,,702.8120556096045,6.648896217346191,1.308574467721945
2,65536,8192,ok,472.47837791925264,9.890239715576172,ok,,647.8195205603047,7.213312149047852,1.3711093477192264
2,131072,8192,ok,404.5524982351385,11.550848007202148,ok,,594.0117735844398,7.866720199584961,1.4683181445568076
2,262144,8192,ok,363.2758337881723,12.863295555114746,ok,,548.8507814568943,8.514016151428223,1.5108375796253257
2,524288,8192,ok,343.6661283112077,13.59727954864502,ok,,524.3237840835376,8.912287712097168,1.5256778043855836
4,2048,8192,ok,592.9095991740628,15.762687683105469,ok,,726.3727689437877,12.866463661193848,1.225098682759804
4,4096,8192,ok,598.5428280677279,15.614336013793945,ok,,720.9576238271878,12.963104248046875,1.2045213642516623
4,8192,8192,ok,598.3576505243625,15.619168281555176,ok,,722.7077688766341,12.93171215057373,1.2078190497661374
4,16384,8192,ok,585.9824851126936,15.949024200439453,ok,,717.1989878508955,13.03104019165039,1.2239256395401767
4,32768,8192,ok,542.5406632394969,17.2260799407959,ok,,704.116745493752,13.273152351379395,1.2978137736063657
4,65536,8192,ok,470.41675167073754,19.867168426513672,ok,,645.0566451122927,14.488415718078613,1.3712450562640512
4,131072,8192,ok,402.95169575896796,23.193471908569336,ok,,591.9266107901485,15.788864135742188,1.4689765969969237
4,262144,8192,ok,362.1694404326875,25.80518341064453,ok,,548.9714893603141,17.024288177490234,1.5157863366507462
4,524288,8192,ok,342.79283224601556,27.263839721679688,ok,,519.8339552611701,17.978527069091797,1.5164668171593962
8,2048,8192,ok,593.4203929707912,31.498239517211914,ok,,721.8128941521551,25.895488739013672,1.2163601094640566
8,4096,8192,ok,576.5677225738351,32.41891098022461,ok,,719.2939047725378,25.986175537109375,1.247544523584435
8,8192,8192,ok,592.2543288128971,31.56025505065918,ok,,720.8214967023839,25.93110466003418,1.2170810100234881
8,16384,8192,ok,581.6777170990763,32.13411331176758,ok,,717.563755467541,26.048831939697266,1.2336105275721254
8,32768,8192,ok,535.2911333824171,34.91875076293945,ok,,705.1691354837376,26.50668716430664,1.317356278681265
8,65536,8192,ok,470.5895612598589,39.71974563598633,ok,,641.8203376136189,29.122943878173828,1.3638643744993881
8,131072,8192,ok,402.9694912825602,46.38489532470703,ok,,586.8178456482373,31.85264015197754,1.4562339292250874
8,262144,8192,ok,360.94034332046033,51.78611373901367,ok,,547.3577412036267,34.14896011352539,1.5164770337619367
8,524288,8192,ok,341.52913109039423,54.72943878173828,ok,,522.8997049065583,35.746238708496094,1.5310544761938911
16,2048,8192,ok,588.7952862142587,63.491329193115234,ok,,705.6397773595214,52.9780158996582,1.1984467163392742
16,4096,8192,ok,589.3456863795257,63.43203353881836,ok,,706.1640155273849,52.93868637084961,1.1982169919075827
16,8192,8192,ok,585.9331194456523,63.80147171020508,ok,,701.9038025254642,53.2599983215332,1.1979247788374399
16,16384,8192,ok,572.1778997512151,65.33526611328125,ok,,697.0078003728628,53.63411331176758,1.218166239339066
16,32768,8192,ok,528.9258158716398,70.6779556274414,ok,,683.0929715266099,54.72665786743164,1.2914721706311714
16,65536,8192,ok,462.42387048014007,80.84226989746094,ok,,633.6247769850494,58.999263763427734,1.3702250628349903
16,131072,8192,ok,402.07879882563907,92.97529602050781,ok,,583.1571111069046,64.10518646240234,1.4503552856060682
16,262144,8192,ok,360.7086466487939,103.63875579833984,ok,,537.9515240952708,69.49212646484375,1.4913740745978026
16,524288,8192,ok,341.4267054157122,109.49171447753906,ok,,517.1326756678592,72.28975677490234,1.5146228091273997
32,2048,8192,ok,577.1493933796182,129.54495239257812,ok,,702.2651511209525,106.4651870727539,1.2167822736652167
32,4096,8192,ok,575.6822267508938,129.87510681152344,ok,,701.1850794683924,106.62918090820312,1.2180071693820165
32,8192,8192,ok,574.076376726488,130.2384033203125,ok,,698.0331646313808,107.11065673828125,1.215923861232058
32,16384,8192,ok,563.1632100780695,132.76220703125,ok,,699.2885680037053,106.91836547851562,1.24171564386595
32,32768,8192,ok,519.7328861057118,143.85618591308594,ok,,687.2361924640742,108.79344177246094,1.3222872957173095
32,65536,8192,ok,460.73908460668895,162.27577209472656,ok,,632.3290715449449,118.24031829833984,1.372423336050889
32,131072,8192,ok,400.351497828677,186.75286865234375,ok,,579.0200207953388,129.12643432617188,1.4462791420431247
32,262144,8192,ok,359.7937035893338,207.8046112060547,ok,,536.0906654824805,139.46669006347656,1.489994572262918
32,524288,8192,ok,341.01220514496674,219.24960327148438,ok,,509.65764615271075,146.7000274658203,1.4945437097656127
64,2048,8192,ok,572.3011330096193,261.2847900390625,ok,,689.6089005791617,216.83824157714844,1.2049755990393447
64,4096,8192,ok,571.0575402243013,261.8537902832031,ok,,689.0105919720178,217.0265350341797,1.206551955695019
64,8192,8192,ok,571.9641718540149,261.438720703125,ok,,689.7908292685918,216.7810516357422,1.2060035631823636
64,16384,8192,ok,561.2623618230501,266.4236755371094,ok,,686.7885687529276,217.72869873046875,1.2236497856762616
64,32768,8192,ok,518.5683875929973,288.35845947265625,ok,,676.1842924233844,221.1432342529297,1.3039442985755105
64,65536,8192,ok,455.339442721837,328.4002380371094,ok,,622.7300333559086,240.1258544921875,1.3676171553105034
64,131072,8192,skipped_memory_limit,,,ok,,571.9145029930431,261.46142578125,
64,262144,8192,skipped_memory_limit,,,ok,,530.770756694769,281.7291259765625,
64,524288,8192,skipped_memory_limit,,,skipped_memory_limit,"runtime OOM: CUDA out of memory. Tried to allocate 4.00 GiB. GPU 0 has a total capacity of 79.44 GiB of which 858.69 MiB is free. Including non-PyTorch memory, this process has 78.59 GiB memory in use. Of the allocated memory 77.82 GiB is allocated by PyTorch, and 181.67 MiB is reserved by PyTorch but unallocated. If reserved but unallocated memory is large try setting PYTORCH_CUDA_ALLOC_CONF=expandable_segments:True to avoid fragmentation.  See documentation for Memory Management  (https://pytorch.org/docs/stable/notes/cuda.html#environment-variables)",,,
128,2048,8192,skipped_memory_limit,,,skipped_memory_limit,skipped_memory_limit: estimated live tensors 109.3 GiB exceed current free GPU memory 78.6 GiB,,,
128,4096,8192,skipped_memory_limit,,,skipped_memory_limit,skipped_memory_limit: estimated live tensors 109.5 GiB exceed current free GPU memory 78.6 GiB,,,
128,8192,8192,skipped_memory_limit,,,skipped_memory_limit,skipped_memory_limit: estimated live tensors 109.8 GiB exceed current free GPU memory 78.6 GiB,,,
128,16384,8192,skipped_memory_limit,,,skipped_memory_limit,skipped_memory_limit: estimated live tensors 110.3 GiB exceed current free GPU memory 78.6 GiB,,,
128,32768,8192,skipped_memory_limit,,,skipped_memory_limit,skipped_memory_limit: estimated live tensors 111.5 GiB exceed current free GPU memory 78.6 GiB,,,
128,65536,8192,skipped_memory_limit,,,skipped_memory_limit,skipped_memory_limit: estimated live tensors 113.7 GiB exceed current free GPU memory 78.6 GiB,,,
128,131072,8192,skipped_memory_limit,,,skipped_memory_limit,skipped_memory_limit: estimated live tensors 118.2 GiB exceed current free GPU memory 78.6 GiB,,,
128,262144,8192,skipped_memory_limit,,,skipped_memory_limit,skipped_memory_limit: estimated live tensors 127.2 GiB exceed current free GPU memory 78.6 GiB,,,
128,524288,8192,skipped_memory_limit,,,skipped_memory_limit,skipped_memory_limit: estimated live tensors 145.2 GiB exceed current free GPU memory 78.6 GiB,,,
256,2048,8192,skipped_memory_limit,,,skipped_memory_limit,skipped_memory_limit: estimated live tensors 218.5 GiB exceed current free GPU memory 78.6 GiB,,,
256,4096,8192,skipped_memory_limit,,,skipped_memory_limit,skipped_memory_limit: estimated live tensors 218.8 GiB exceed current free GPU memory 78.6 GiB,,,
256,8192,8192,skipped_memory_limit,,,skipped_memory_limit,skipped_memory_limit: estimated live tensors 219.4 GiB exceed current free GPU memory 78.6 GiB,,,
256,16384,8192,skipped_memory_limit,,,skipped_memory_limit,skipped_memory_limit: estimated live tensors 220.5 GiB exceed current free GPU memory 78.6 GiB,,,
256,32768,8192,skipped_memory_limit,,,skipped_memory_limit,skipped_memory_limit: estimated live tensors 222.8 GiB exceed current free GPU memory 78.6 GiB,,,
256,65536,8192,skipped_memory_limit,,,skipped_memory_limit,skipped_memory_limit: estimated live tensors 227.3 GiB exceed current free GPU memory 78.6 GiB,,,
256,131072,8192,skipped_memory_limit,,,skipped_memory_limit,skipped_memory_limit: estimated live tensors 236.3 GiB exceed current free GPU memory 78.6 GiB,,,
256,262144,8192,skipped_memory_limit,,,skipped_memory_limit,skipped_memory_limit: estimated live tensors 254.3 GiB exceed current free GPU memory 78.6 GiB,,,
256,524288,8192,skipped_memory_limit,,,skipped_memory_limit,skipped_memory_limit: estimated live tensors 290.3 GiB exceed current free GPU memory 78.6 GiB,,,
1,2048,16384,ok,590.700669091928,7.910816192626953,ok,,724.3173055556011,6.451488018035889,1.2262002456660142
1,4096,16384,ok,591.0042901708217,7.906752109527588,ok,,722.4646542260701,6.468031883239746,1.2224355495241017
1,8192,16384,ok,573.5755324164202,8.147007942199707,ok,,717.3610551622877,6.514048099517822,1.2506828039545421
1,16384,16384,ok,572.1328032310757,8.16755199432373,ok,,723.850565825043,6.455647945404053,1.2651792761001517
1,32768,16384,ok,512.4629877310188,9.118559837341309,ok,,699.4759400551882,6.680607795715332,1.3649296764868581
1,65536,16384,ok,469.2927775642714,9.957375526428223,ok,,644.2014952801707,7.253824234008789,1.3727070308299063
1,131072,16384,ok,402.5052018178348,11.609600067138672,ok,,589.7869538319053,7.92307186126709,1.4652902649909856
1,262144,16384,ok,363.21257924315137,12.865535736083984,ok,,547.93640771672,8.528223991394043,1.5085832348056039
1,524288,16384,ok,343.69119805003817,13.596287727355957,ok,,524.0189683750332,8.917471885681152,1.524679629120851
2,2048,16384,ok,597.673157049974,15.637056350708008,ok,,725.7085675844444,12.878239631652832,1.214223123498526
2,4096,16384,ok,593.0034916495031,15.760191917419434,ok,,725.9646801162214,12.873696327209473,1.2242165355500225
2,8192,16384,ok,592.5102517605835,15.773311614990234,ok,,724.8512301902878,12.893471717834473,1.2233564365113796
2,16384,16384,ok,572.808324260296,16.315839767456055,ok,,720.5058499940188,12.971232414245605,1.257848078455309
2,32768,16384,ok,533.0007491049894,17.534400939941406,ok,,697.1817008278391,13.405183792114258,1.3080313714352956
2,65536,16384,ok,471.0723380045054,19.839519500732422,ok,,644.6480171083425,14.497599601745605,1.3684692670325656
2,131072,16384,ok,401.52352050841773,23.275968551635742,ok,,590.233930511188,15.83414363861084,1.4699859419538388
2,262144,16384,ok,362.258817979515,25.798816680908203,ok,,550.1078672806312,16.989120483398438,1.5185492801771874
2,524288,16384,ok,342.38974754258487,27.295936584472656,ok,,522.5834443570956,17.883935928344727,1.5262823963270076
4,2048,16384,ok,588.9823083018113,31.735584259033203,ok,,721.1543485876907,25.91913604736328,1.2244074880058209
4,4096,16384,ok,591.6981634074932,31.589920043945312,ok,,721.4331196278137,25.909120559692383,1.2192586765407518
4,8192,16384,ok,582.1246885525246,32.109439849853516,ok,,723.4086170330646,25.838367462158203,1.242703893614009
4,16384,16384,ok,572.8454237438074,32.62956619262695,ok,,715.8612047929187,26.11078453063965,1.249658590470074
4,32768,16384,ok,525.5352152225803,35.56697463989258,ok,,698.1007410151085,26.77507209777832,1.3283614890002022
4,65536,16384,ok,466.6208857338419,40.05756759643555,ok,,630.2668562703489,29.65679931640625,1.350704341660887
4,131072,16384,ok,400.7887653048995,46.63727951049805,ok,,586.9346002447919,31.846303939819336,1.464448734730082
4,262144,16384,ok,360.9532920370503,51.78425598144531,ok,,545.2541873263962,34.280704498291016,1.5105948591000196
4,524288,16384,ok,341.3295482662566,54.76144027709961,ok,,521.2166888537611,35.861663818359375,1.5270189513366776
8,2048,16384,ok,589.3784014124033,63.42851257324219,ok,,708.1458971030703,52.79052734375,1.2015131457244603
8,4096,16384,ok,584.6806398471189,63.93814468383789,ok,,705.26703046771,53.00601577758789,1.206243173456405
8,8192,16384,ok,583.238949525771,64.09619140625,ok,,697.8884589397226,53.56643295288086,1.1965738219424005
8,16384,16384,ok,562.1468403744307,66.5011215209961,ok,,702.544968782326,53.21139144897461,1.2497534777823887
8,32768,16384,ok,516.297568500327,72.40668487548828,ok,,681.2939821289506,54.87116622924805,1.3195761973233449
8,65536,16384,ok,459.97552274332395,81.27257537841797,ok,,631.7317021371719,59.176063537597656,1.373402867981937
8,131072,16384,ok,399.53799529116867,93.56655883789062,ok,,581.343145613531,64.30521392822266,1.4550384505730658
8,262144,16384,ok,360.7030970186497,103.64035034179688,ok,,538.4719964046051,69.42495727539062,1.4928399585567296
8,524288,16384,ok,341.150933010049,109.5802230834961,ok,,515.249586382026,72.553955078125,1.510327355214499
16,2048,16384,ok,574.1468055835558,130.22242736816406,ok,,698.5967012383977,107.02425384521484,1.2167562275790293
16,4096,16384,ok,576.5620237271205,129.6769256591797,ok,,700.3794183820144,106.75183868408203,1.2147512141963326
16,8192,16384,ok,573.4336299025579,130.38438415527344,ok,,700.2242820315881,106.7754898071289,1.2211078065836067
16,16384,16384,ok,559.0889381429532,133.7296905517578,ok,,698.2925024165038,107.07087707519531,1.2489828626120263
16,32768,16384,ok,511.02203591514757,146.308349609375,ok,,684.2867546398542,109.26236724853516,1.339055278534948
16,65536,16384,ok,457.8266183423142,163.30809020996094,ok,,627.528103439284,119.14492797851562,1.3706675809096032
16,131072,16384,ok,398.69768424127017,187.52752685546875,ok,,575.1307117855919,129.99964904785156,1.4425233316317785
16,262144,16384,ok,360.2830957712851,207.5223388671875,ok,,537.2833759361472,139.15708923339844,1.4912811126648735
16,524288,16384,ok,340.6564641730072,219.4785614013672,ok,,512.1376493316019,145.98963928222656,1.503384503725447
32,2048,16384,ok,573.4753073211926,260.74981689453125,ok,,692.926002029332,215.8002166748047,1.2082926556439113
32,4096,16384,ok,570.4338834403361,262.14007568359375,ok,,691.9022396875117,216.11952209472656,1.2129402894417658
32,8192,16384,ok,566.0371449822723,264.17626953125,ok,,687.618680389398,217.46585083007812,1.2147942701020682
32,16384,16384,ok,548.8489985999743,272.44940185546875,ok,,686.3030750094578,217.88272094726562,1.2504406070888474
32,32768,16384,ok,509.6578581979812,293.3999328613281,ok,,667.171964272073,224.1304931640625,1.3090585253232845
32,65536,16384,ok,452.3124726257759,330.59796142578125,ok,,616.0347910426635,242.73561096191406,1.3619672866114936
32,131072,16384,ok,397.30631408987364,376.3684997558594,ok,,569.4077993441356,262.6124572753906,1.4331707781903795
32,262144,16384,skipped_memory_limit,,,ok,,530.8360783348775,281.6944580078125,
32,524288,16384,skipped_memory_limit,,,ok,,508.58916873201673,294.0164489746094,
64,2048,16384,skipped_memory_limit,,,skipped_memory_limit,skipped_memory_limit: estimated live tensors 109.3 GiB exceed current free GPU memory 78.6 GiB,,,
64,4096,16384,skipped_memory_limit,,,skipped_memory_limit,skipped_memory_limit: estimated live tensors 109.3 GiB exceed current free GPU memory 78.6 GiB,,,
64,8192,16384,skipped_memory_limit,,,skipped_memory_limit,skipped_memory_limit: estimated live tensors 109.5 GiB exceed current free GPU memory 78.6 GiB,,,
64,16384,16384,skipped_memory_limit,,,skipped_memory_limit,skipped_memory_limit: estimated live tensors 109.8 GiB exceed current free GPU memory 78.6 GiB,,,
64,32768,16384,skipped_memory_limit,,,skipped_memory_limit,skipped_memory_limit: estimated live tensors 110.3 GiB exceed current free GPU memory 78.6 GiB,,,
64,65536,16384,skipped_memory_limit,,,skipped_memory_limit,skipped_memory_limit: estimated live tensors 111.5 GiB exceed current free GPU memory 78.6 GiB,,,
64,131072,16384,skipped_memory_limit,,,skipped_memory_limit,skipped_memory_limit: estimated live tensors 113.7 GiB exceed current free GPU memory 78.6 GiB,,,
64,262144,16384,skipped_memory_limit,,,skipped_memory_limit,skipped_memory_limit: estimated live tensors 118.2 GiB exceed current free GPU memory 78.6 GiB,,,
64,524288,16384,skipped_memory_limit,,,skipped_memory_limit,skipped_memory_limit: estimated live tensors 127.2 GiB exceed current free GPU memory 78.6 GiB,,,
128,2048,16384,skipped_memory_limit,,,skipped_memory_limit,skipped_memory_limit: estimated live tensors 218.4 GiB exceed current free GPU memory 78.6 GiB,,,
128,4096,16384,skipped_memory_limit,,,skipped_memory_limit,skipped_memory_limit: estimated live tensors 218.5 GiB exceed current free GPU memory 78.6 GiB,,,
128,8192,16384,skipped_memory_limit,,,skipped_memory_limit,skipped_memory_limit: estimated live tensors 218.8 GiB exceed current free GPU memory 78.6 GiB,,,
128,16384,16384,skipped_memory_limit,,,skipped_memory_limit,skipped_memory_limit: estimated live tensors 219.4 GiB exceed current free GPU memory 78.6 GiB,,,
128,32768,16384,skipped_memory_limit,,,skipped_memory_limit,skipped_memory_limit: estimated live tensors 220.5 GiB exceed current free GPU memory 78.6 GiB,,,
128,65536,16384,skipped_memory_limit,,,skipped_memory_limit,skipped_memory_limit: estimated live tensors 222.8 GiB exceed current free GPU memory 78.6 GiB,,,
128,131072,16384,skipped_memory_limit,,,skipped_memory_limit,skipped_memory_limit: estimated live tensors 227.3 GiB exceed current free GPU memory 78.6 GiB,,,
128,262144,16384,skipped_memory_limit,,,skipped_memory_limit,skipped_memory_limit: estimated live tensors 236.3 GiB exceed current free GPU memory 78.6 GiB,,,
128,524288,16384,skipped_memory_limit,,,skipped_memory_limit,skipped_memory_limit: estimated live tensors 254.3 GiB exceed current free GPU memory 78.6 GiB,,,
256,2048,16384,skipped_memory_limit,,,skipped_memory_limit,skipped_memory_limit: estimated live tensors 436.7 GiB exceed current free GPU memory 78.6 GiB,,,
256,4096,16384,skipped_memory_limit,,,skipped_memory_limit,skipped_memory_limit: estimated live tensors 437.0 GiB exceed current free GPU memory 78.6 GiB,,,
256,8192,16384,skipped_memory_limit,,,skipped_memory_limit,skipped_memory_limit: estimated live tensors 437.5 GiB exceed current free GPU memory 78.6 GiB,,,
256,16384,16384,skipped_memory_limit,,,skipped_memory_limit,skipped_memory_limit: estimated live tensors 438.6 GiB exceed current free GPU memory 78.6 GiB,,,
256,32768,16384,skipped_memory_limit,,,skipped_memory_limit,skipped_memory_limit: estimated live tensors 440.9 GiB exceed current free GPU memory 78.6 GiB,,,
256,65536,16384,skipped_memory_limit,,,skipped_memory_limit,skipped_memory_limit: estimated live tensors 445.4 GiB exceed current free GPU memory 78.6 GiB,,,
256,131072,16384,skipped_memory_limit,,,skipped_memory_limit,skipped_memory_limit: estimated live tensors 454.4 GiB exceed current free GPU memory 78.6 GiB,,,
256,262144,16384,skipped_memory_limit,,,skipped_memory_limit,skipped_memory_limit: estimated live tensors 472.4 GiB exceed current free GPU memory 78.6 GiB,,,
256,524288,16384,skipped_memory_limit,,,skipped_memory_limit,skipped_memory_limit: estimated live tensors 508.4 GiB exceed current free GPU memory 78.6 GiB,,,
1,2048,32768,ok,578.8572211991881,16.145343780517578,ok,,724.2167269691973,12.904767990112305,1.2511146107305626
1,4096,32768,ok,578.9271864449212,16.14339256286621,ok,,723.0799236206645,12.925056457519531,1.2489997715618733
1,8192,32768,ok,569.784354405764,16.40243148803711,ok,,720.2642142641942,12.975584030151367,1.2640996698046714
1,16384,32768,ok,553.665059079793,16.879968643188477,ok,,712.0564467790267,13.125151634216309,1.2860779908388742
1,32768,32768,ok,510.8146939687288,18.29596710205078,ok,,685.0541690772036,13.642496109008789,1.341101141305738
1,65536,32768,ok,459.0277396675402,20.360095977783203,ok,,636.0129245975121,14.694432258605957,1.385565336548412
1,131072,32768,ok,397.68378474966227,23.500703811645508,ok,,586.1718264718875,15.943872451782227,1.4739646144759873
1,262144,32768,ok,361.1769168763015,25.876096725463867,ok,,548.1925274466333,17.048479080200195,1.5177950246316054
1,524288,32768,ok,341.71314704342643,27.34998321533203,ok,,525.0760108265126,17.799039840698242,1.5365987974696906
2,2048,32768,ok,579.407276885855,32.260032653808594,ok,,715.7155999419091,26.11609649658203,1.2352547655056587
2,4096,32768,ok,577.89679183721,32.34435272216797,ok,,716.354610146459,26.09280014038086,1.2395891797029592
2,8192,32768,ok,569.8688447246167,32.79999923706055,ok,,714.9027142443658,26.14579200744629,1.2545039457102367
2,16384,32768,ok,546.4989170302451,34.2026252746582,ok,,706.8305293074031,26.44438362121582,1.293379560838699
2,32768,32768,ok,508.7777490643625,36.738433837890625,ok,,681.5268568695601,27.42620849609375,1.3395374662568902
2,65536,32768,ok,454.7798122376189,41.10054397583008,ok,,628.8635849146013,29.722976684570312,1.3827869399489199
2,131072,32768,ok,178.72590020953962,104.58303833007812,ok,,585.8602598500901,31.90470314025879,3.2779818658807875
2,262144,32768,ok,360.09346676266625,51.90790557861328,ok,,545.0201432403112,34.29542541503906,1.5135518790168112
2,524288,32768,ok,340.67598043729356,54.86649703979492,ok,,520.8104964215562,35.88963317871094,1.5287561387598885
4,2048,32768,ok,570.7899208637642,65.494140625,ok,,706.4543847350047,52.916927337646484,1.237678450358658
4,4096,32768,ok,566.2212734093562,66.02259063720703,ok,,694.7102926529942,53.81148910522461,1.2269236873951668
4,8192,32768,ok,558.8790741359012,66.88995361328125,ok,,701.3964102605024,53.298526763916016,1.25500567603994
4,16384,32768,ok,537.5128848511584,69.54883575439453,ok,,689.6572372604376,54.20576095581055,1.2830524750144532
4,32768,32768,ok,491.7492989772444,76.02124786376953,ok,,666.5238913551736,56.08710479736328,1.3554140142984055
4,65536,32768,ok,450.8816261478906,82.91177368164062,ok,,625.4546775144184,59.76995086669922,1.3871815599539807
4,131072,32768,ok,395.6929136875744,94.47577667236328,ok,,580.5460892834814,64.39350128173828,1.467163219763548
4,262144,32768,ok,359.4745269127471,103.99456024169922,ok,,537.954004650538,69.49180603027344,1.4965010435387875
4,524288,32768,ok,340.2786592666439,109.86112213134766,ok,,512.8791806206132,72.8892822265625,1.5072328712178178
8,2048,32768,ok,564.5336831403978,132.43991088867188,ok,,700.721160857234,106.69977569580078,1.241238887570446
8,4096,32768,ok,561.4507946530982,133.16712951660156,ok,,700.9052910711366,106.67174530029297,1.2483824009977627
8,8192,32768,ok,555.7241350322789,134.53939819335938,ok,,697.4422427305672,107.20140838623047,1.255015211261351
8,16384,32768,ok,534.6819618775186,139.83413696289062,ok,,692.1136812698695,108.02674865722656,1.2944399299343006
8,32768,32768,ok,493.7831036409063,151.416259765625,ok,,667.3085732541429,112.04230499267578,1.351420427984975
8,65536,32768,ok,443.9737190780936,168.4036407470703,ok,,620.7225022307247,120.45123291015625,1.3981064093605537
8,131072,32768,ok,393.8191200177896,189.8505859375,ok,,571.0034373337623,130.93930053710938,1.4499129379700229
8,262144,32768,ok,358.74497113914083,208.41209411621094,ok,,530.5214632701922,140.93075561523438,1.4788262023174872
8,524288,32768,ok,339.7894472342088,220.03858947753906,ok,,510.6464190078658,146.4159698486328,1.5028318953527986
16,2048,32768,ok,557.1573477378513,268.3866271972656,ok,,687.2889689962302,217.57017517089844,1.2335635019204796
16,4096,32768,ok,553.9548067568152,269.938232421875,ok,,687.7923194716625,217.41094970703125,1.2416036670904846
16,8192,32768,ok,545.1961275926576,274.27484130859375,ok,,683.5327380562437,218.7657928466797,1.2537373313240847
16,16384,32768,ok,528.9080598089832,282.7213134765625,ok,,678.0943279318876,220.52032470703125,1.2820646525537605
16,32768,32768,ok,491.444053212775,304.27386474609375,ok,,654.3953943906806,228.5064697265625,1.3315765856003845
16,65536,32768,ok,442.9831532059961,337.5604248046875,ok,,606.4055956819595,246.5900421142578,1.3689134480470158
16,131072,32768,ok,393.0526040563641,380.441650390625,ok,,564.4910190917691,264.89984130859375,1.436171681006903
16,262144,32768,ok,358.62920463900645,416.958740234375,ok,,531.1397819622177,281.53338623046875,1.4810276884640758
16,524288,32768,skipped_memory_limit,,,ok,,508.70485630182907,293.9495849609375,
32,2048,32768,skipped_memory_limit,,,skipped_memory_limit,skipped_memory_limit: estimated live tensors 109.2 GiB exceed current free GPU memory 78.6 GiB,,,
32,4096,32768,skipped_memory_limit,,,skipped_memory_limit,skipped_memory_limit: estimated live tensors 109.3 GiB exceed current free GPU memory 78.6 GiB,,,
32,8192,32768,skipped_memory_limit,,,skipped_memory_limit,skipped_memory_limit: estimated live tensors 109.3 GiB exceed current free GPU memory 78.6 GiB,,,
32,16384,32768,skipped_memory_limit,,,skipped_memory_limit,skipped_memory_limit: estimated live tensors 109.5 GiB exceed current free GPU memory 78.6 GiB,,,
32,32768,32768,skipped_memory_limit,,,skipped_memory_limit,skipped_memory_limit: estimated live tensors 109.8 GiB exceed current free GPU memory 78.6 GiB,,,
32,65536,32768,skipped_memory_limit,,,skipped_memory_limit,skipped_memory_limit: estimated live tensors 110.3 GiB exceed current free GPU memory 78.6 GiB,,,
32,131072,32768,skipped_memory_limit,,,skipped_memory_limit,skipped_memory_limit: estimated live tensors 111.5 GiB exceed current free GPU memory 78.6 GiB,,,
32,262144,32768,skipped_memory_limit,,,skipped_memory_limit,skipped_memory_limit: estimated live tensors 113.7 GiB exceed current free GPU memory 78.6 GiB,,,
32,524288,32768,skipped_memory_limit,,,skipped_memory_limit,skipped_memory_limit: estimated live tensors 118.2 GiB exceed current free GPU memory 78.6 GiB,,,
64,2048,32768,skipped_memory_limit,,,skipped_memory_limit,skipped_memory_limit: estimated live tensors 218.3 GiB exceed current free GPU memory 78.6 GiB,,,
64,4096,32768,skipped_memory_limit,,,skipped_memory_limit,skipped_memory_limit: estimated live tensors 218.4 GiB exceed current free GPU memory 78.6 GiB,,,
64,8192,32768,skipped_memory_limit,,,skipped_memory_limit,skipped_memory_limit: estimated live tensors 218.5 GiB exceed current free GPU memory 78.6 GiB,,,
64,16384,32768,skipped_memory_limit,,,skipped_memory_limit,skipped_memory_limit: estimated live tensors 218.8 GiB exceed current free GPU memory 78.6 GiB,,,
64,32768,32768,skipped_memory_limit,,,skipped_memory_limit,skipped_memory_limit: estimated live tensors 219.4 GiB exceed current free GPU memory 78.6 GiB,,,
64,65536,32768,skipped_memory_limit,,,skipped_memory_limit,skipped_memory_limit: estimated live tensors 220.5 GiB exceed current free GPU memory 78.6 GiB,,,
64,131072,32768,skipped_memory_limit,,,skipped_memory_limit,skipped_memory_limit: estimated live tensors 222.8 GiB exceed current free GPU memory 78.6 GiB,,,
64,262144,32768,skipped_memory_limit,,,skipped_memory_limit,skipped_memory_limit: estimated live tensors 227.3 GiB exceed current free GPU memory 78.6 GiB,,,
64,524288,32768,skipped_memory_limit,,,skipped_memory_limit,skipped_memory_limit: estimated live tensors 236.3 GiB exceed current free GPU memory 78.6 GiB,,,
128,2048,32768,skipped_memory_limit,,,skipped_memory_limit,skipped_memory_limit: estimated live tensors 436.5 GiB exceed current free GPU memory 78.6 GiB,,,
128,4096,32768,skipped_memory_limit,,,skipped_memory_limit,skipped_memory_limit: estimated live tensors 436.7 GiB exceed current free GPU memory 78.6 GiB,,,
128,8192,32768,skipped_memory_limit,,,skipped_memory_limit,skipped_memory_limit: estimated live tensors 437.0 GiB exceed current free GPU memory 78.6 GiB,,,
128,16384,32768,skipped_memory_limit,,,skipped_memory_limit,skipped_memory_limit: estimated live tensors 437.5 GiB exceed current free GPU memory 78.6 GiB,,,
128,32768,32768,skipped_memory_limit,,,skipped_memory_limit,skipped_memory_limit: estimated live tensors 438.6 GiB exceed current free GPU memory 78.6 GiB,,,
128,65536,32768,skipped_memory_limit,,,skipped_memory_limit,skipped_memory_limit: estimated live tensors 440.9 GiB exceed current free GPU memory 78.6 GiB,,,
128,131072,32768,skipped_memory_limit,,,skipped_memory_limit,skipped_memory_limit: estimated live tensors 445.4 GiB exceed current free GPU memory 78.6 GiB,,,
128,262144,32768,skipped_memory_limit,,,skipped_memory_limit,skipped_memory_limit: estimated live tensors 454.4 GiB exceed current free GPU memory 78.6 GiB,,,
128,524288,32768,skipped_memory_limit,,,skipped_memory_limit,skipped_memory_limit: estimated live tensors 472.4 GiB exceed current free GPU memory 78.6 GiB,,,
256,2048,32768,skipped_memory_limit,,,skipped_memory_limit,skipped_memory_limit: estimated live tensors 872.9 GiB exceed current free GPU memory 78.6 GiB,,,
256,4096,32768,skipped_memory_limit,,,skipped_memory_limit,skipped_memory_limit: estimated live tensors 873.2 GiB exceed current free GPU memory 78.6 GiB,,,
256,8192,32768,skipped_memory_limit,,,skipped_memory_limit,skipped_memory_limit: estimated live tensors 873.8 GiB exceed current free GPU memory 78.6 GiB,,,
256,16384,32768,skipped_memory_limit,,,skipped_memory_limit,skipped_memory_limit: estimated live tensors 874.9 GiB exceed current free GPU memory 78.6 GiB,,,
256,32768,32768,skipped_memory_limit,,,skipped_memory_limit,skipped_memory_limit: estimated live tensors 877.1 GiB exceed current free GPU memory 78.6 GiB,,,
256,65536,32768,skipped_memory_limit,,,skipped_memory_limit,skipped_memory_limit: estimated live tensors 881.6 GiB exceed current free GPU memory 78.6 GiB,,,
256,131072,32768,skipped_memory_limit,,,skipped_memory_limit,skipped_memory_limit: estimated live tensors 890.6 GiB exceed current free GPU memory 78.6 GiB,,,
256,262144,32768,skipped_memory_limit,,,skipped_memory_limit,skipped_memory_limit: estimated live tensors 908.6 GiB exceed current free GPU memory 78.6 GiB,,,
256,524288,32768,skipped_memory_limit,,,skipped_memory_limit,skipped_memory_limit: estimated live tensors 944.6 GiB exceed current free GPU memory 78.6 GiB,,,
