case_id,stage,kind,backend,cache_state,status,skip_reason,B,H,Q,topk,h_q,d_qk,d_v,warmup,repeat,latency_ms_median,latency_ms_p5,latency_ms_p95,latency_ms_mean,latency_ms_std,setup_alloc_ms,setup_indices_ms,setup_quant_ms,setup_metadata_ms,setup_total_ms,flops,pairs,tflops,pairs_per_s,est_logical_bytes,est_logical_gbps,utilization_vs_h100_sxm_bf16_dense_peak,observed_utilization_vs_platform_max,peak_mem_alloc_bytes,peak_mem_reserved_bytes,temp_c_before,power_w_before,sm_clock_mhz_before,mem_clock_mhz_before,temp_c_after,power_w_after,sm_clock_mhz_after,mem_clock_mhz_after,seed,timestamp
prefillq16_b1_h4096_sparse_q8kv8_steady,smoke,prefill,sglang_sparse_q8kv8_fp8,steady,ok,,1,4096,16,2048,64,576,512,10,30,0.06451199948787689,0.06377600133419037,0.06617599725723267,0.06480639999111494,0.0014283230341090242,7.64103201800026,140.7495400053449,19.703088008100167,7.564510015072301,175.65817004651763,4563402752,32768,70.73727040281173,507936511.96871936,20512768,317.96825649241833,0.07148789328227563,0.09707738639285042,284294144,293601280,39.0,90.8,1980.0,2619.0,39.0,101.23,1980.0,2619.0,20260803,2026-08-10T05:14:15.922877+00:00
prefillq16_b1_h32768_sparse_q8kv8_steady,smoke,prefill,sglang_sparse_q8kv8_fp8,steady,ok,,1,32768,16,2048,64,576,512,10,30,0.06473600119352341,0.06415999680757523,0.06732799857854843,0.06499519969026248,0.0009645883024603395,0.42193502304144204,0.9991330152843148,0.6458230200223625,0.10500600910745561,2.171897067455575,4563402752,32768,70.49250290202589,506178932.8327916,20512768,316.8680119533276,0.07124052845075886,0.09674147592988104,383384576,394264576,40.0,106.51,1980.0,2619.0,40.0,106.51,1980.0,2619.0,20260803,2026-08-10T05:14:16.205339+00:00
prefillq256_b8_h4096_sparse_q8kv8_steady,smoke,prefill,sglang_sparse_q8kv8_fp8,steady,ok,,8,4096,256,2048,64,576,512,10,30,0.843936026096344,0.8424000144004822,0.8478720188140869,0.8443722645441691,0.0015915200024474664,0.5604869802482426,1.8221020000055432,0.6841579743195325,0.874161021783948,3.9409079763572663,584115552256,4194304,692.1325007984873,4969931215.522225,2625634304,3111.1769409169133,0.6994770093971574,0.9498587354650577,877659136,878706688,40.0,111.93,1980.0,2619.0,46.0,135.48,1980.0,2619.0,20260803,2026-08-10T05:14:16.330539+00:00
prefillq256_b8_h32768_sparse_q8kv8_steady,smoke,prefill,sglang_sparse_q8kv8_fp8,steady,ok,,8,32768,256,2048,64,576,512,10,30,0.8689600229263306,0.8667839765548706,0.8722559809684753,0.8693717360496521,0.0033931007070394942,0.6216379988472909,1.6216750082094222,1.4043819974176586,0.8991649956442416,4.546860000118613,584115552256,4194304,672.2007190721139,4826808931.756332,2625634304,3021.5823912794644,0.67933372316535,0.9225050467358953,1009779712,1010827264,41.0,142.54,1980.0,2619.0,41.0,142.54,1980.0,2619.0,20260803,2026-08-10T05:14:16.487311+00:00
prefillq2_b1_h2048_sparse_q8kv8_steady,full,prefill,sglang_sparse_q8kv8_fp8,steady,ok,,1,2048,2,2048,64,576,512,10,30,0.06409599632024765,0.06339199841022491,0.06560000032186508,0.06426773269971212,0.0010004116228970437,8.351854019565508,137.58516201050952,19.119683012831956,7.559866993688047,172.61656603659503,570425344,4096,8.899547190903172,63904147.45306161,2564096,40.00399630561657,0.008993984023146207,0.012213431143907596,275728384,291504128,38.0,90.58,1980.0,2619.0,39.0,101.01,1980.0,2619.0,20260803,2026-08-10T05:14:52.272906+00:00
prefillq2_b1_h4096_sparse_q8kv8_steady,full,prefill,sglang_sparse_q8kv8_fp8,steady,ok,,1,4096,2,2048,64,576,512,10,30,0.06400000303983688,0.0634239986538887,0.06729599833488464,0.06441493307550748,0.0012297184572592518,0.43434600229375064,0.9312359907198697,0.2148200001101941,0.0956410076469183,1.6760430007707328,570425344,4096,8.912895576660178,63999996.960163265,2564096,40.0639980970622,0.00900747405422959,0.012231750007421478,282806272,291504128,39.0,106.27,1980.0,2619.0,39.0,106.27,1980.0,2619.0,20260803,2026-08-10T05:14:52.583468+00:00
prefillq2_b1_h8192_sparse_q8kv8_steady,full,prefill,sglang_sparse_q8kv8_fp8,steady,ok,,1,8192,2,2048,64,576,512,10,30,0.06457599997520447,0.06364800035953522,0.06745599955320358,0.0649194672703743,0.0015867595413565508,0.41966899880208075,0.9231919830199331,0.32982000266201794,0.09752699406817555,1.7702079785522074,570425344,4096,8.833395444422521,63429137.784513734,2564096,39.7066402531056,0.008927130312705934,0.012122646772145794,296962048,312475648,40.0,111.57,1980.0,2619.0,40.0,111.57,1980.0,2619.0,20260803,2026-08-10T05:14:52.689730+00:00
prefillq2_b1_h16384_sparse_q8kv8_steady,full,prefill,sglang_sparse_q8kv8_fp8,steady,ok,,1,16384,2,2048,64,576,512,10,30,0.06415999680757523,0.06329599767923355,0.06537599861621857,0.06421759948134423,0.000752755351718801,0.4112510068807751,0.8911469776649028,0.42097398545593023,0.09787399903871119,1.8212459690403193,570425344,4096,8.890669769058517,63840402.17901623,2564096,39.964091764064165,0.008985012399250649,0.012201248076824595,325273600,333447168,40.0,116.88,1980.0,2619.0,40.0,116.88,1980.0,2619.0,20260803,2026-08-10T05:14:52.813221+00:00
prefillq2_b1_h32768_sparse_q8kv8_steady,full,prefill,sglang_sparse_q8kv8_fp8,steady,ok,,1,32768,2,2048,64,576,512,10,30,0.0644799992442131,0.063680000603199,0.06678400188684464,0.06465813318888346,0.00080169129321305,0.4026810056529939,0.8813099993858486,0.5080999981146306,0.09904298349283636,1.8911339866463095,570425344,4096,8.846547001955711,63523573.94556893,2564096,39.76575728992615,0.008940421426938567,0.012140695515404433,381896704,392167424,40.0,121.58,1980.0,2619.0,40.0,121.58,1980.0,2619.0,20260803,2026-08-10T05:14:52.906330+00:00
prefillq2_b1_h65536_sparse_q8kv8_steady,full,prefill,sglang_sparse_q8kv8_fp8,steady,ok,,1,65536,2,2048,64,576,512,10,30,0.06435199826955795,0.06358399987220764,0.06480000168085098,0.06432853316267331,0.000530011867878874,0.3950109821744263,0.8418970101047307,0.5362440133467317,0.09608399705030024,1.869236002676189,570425344,4096,8.864143450691301,63649927.121806785,2564096,39.84485437825104,0.008958204598980599,0.012164844273807457,495142912,505413632,40.0,127.6,1980.0,2619.0,40.0,127.6,1980.0,2619.0,20260803,2026-08-10T05:14:52.987121+00:00
prefillq2_b1_h131072_sparse_q8kv8_steady,full,prefill,sglang_sparse_q8kv8_fp8,steady,ok,,1,131072,2,2048,64,576,512,10,30,0.0642239972949028,0.06358399987220764,0.06883200258016586,0.06482560088237127,0.0021890493077618787,0.3846990002784878,0.8065709844231606,0.6703929975628853,0.09779399260878563,1.9594569748733193,570425344,4096,8.881810040267805,63776783.95183109,2564096,39.92426675384626,0.008976058656157459,0.012189089291077645,721628672,725614592,40.0,133.03,1980.0,2619.0,40.0,133.03,1980.0,2619.0,20260803,2026-08-10T05:14:53.087096+00:00
prefillq2_b1_h262144_sparse_q8kv8_steady,full,prefill,sglang_sparse_q8kv8_fp8,steady,ok,,1,262144,2,2048,64,576,512,10,30,0.06480000168085098,0.06384000182151794,0.06550399959087372,0.06478826726476351,0.0007089997010547963,0.4222069983370602,0.7928879931569099,1.1193079990334809,0.09826500900089741,2.4326679995283484,570425344,4096,8.802860018575682,63209874.903605245,2564096,39.569381689656886,0.008896270862633332,0.012080741008511945,797126144,801112064,40.0,138.74,1980.0,2619.0,40.0,138.74,1980.0,2619.0,20260803,2026-08-10T05:14:53.188196+00:00
prefillq2_b1_h524288_sparse_q8kv8_steady,full,prefill,sglang_sparse_q8kv8_fp8,steady,ok,,1,524288,2,2048,64,576,512,10,30,0.06464000046253204,0.06406400352716446,0.06672000139951706,0.06482453346252441,0.0008874521195947952,0.4427350067999214,0.8372409793082625,1.916473003802821,0.09715399937704206,3.293602989288047,570425344,4096,8.824649441805645,63366336.18024503,2564096,39.66732644883339,0.008918291502582764,0.012110644060271325,948121088,952107008,40.0,141.77,1980.0,2619.0,40.0,141.77,1980.0,2619.0,20260803,2026-08-10T05:14:53.314510+00:00
prefillq4_b1_h2048_sparse_q8kv8_steady,full,prefill,sglang_sparse_q8kv8_fp8,steady,ok,,1,2048,4,2048,64,576,512,10,30,0.06390400230884552,0.06335999816656113,0.06496000289916992,0.0640053336819013,0.0004961603024291788,0.45623601181432605,0.7581269892398268,0.16805101768113673,0.09313499322161078,1.4755490119569004,1140850688,8192,17.85257021127274,128192283.8010738,5128192,80.2483696594722,0.018042011330240266,0.02450025066893629,275940352,291504128,40.0,141.77,1980.0,2619.0,40.0,142.75,1980.0,2619.0,20260803,2026-08-10T05:14:53.373252+00:00
prefillq4_b1_h4096_sparse_q8kv8_steady,full,prefill,sglang_sparse_q8kv8_fp8,steady,ok,,1,4096,4,2048,64,576,512,10,30,0.06380800157785416,0.06319999694824219,0.06457599997520447,0.06393600031733512,0.0006391462014867382,0.36766199627891183,0.7845810032449663,0.17185299657285213,0.09132499690167606,1.4154209929984063,1140850688,8192,17.879429848747293,128385152.29167116,5128192,80.36910533458614,0.018069155986606664,0.02453711190758235,283018240,291504128,40.0,142.75,1980.0,2619.0,40.0,142.75,1980.0,2619.0,20260803,2026-08-10T05:14:53.454084+00:00
prefillq4_b1_h8192_sparse_q8kv8_steady,full,prefill,sglang_sparse_q8kv8_fp8,steady,ok,,1,8192,4,2048,64,576,512,10,30,0.0642239972949028,0.06380800157785416,0.06531199812889099,0.0643978662788868,0.0004562809088100917,0.38201099960133433,0.7980730151757598,0.29735799762420356,0.09396497625857592,1.5714069886598736,1140850688,8192,17.76362008053561,127553567.90366217,5128192,79.84853350769252,0.017952117312314917,0.02437817858215529,297174016,312475648,40.0,142.83,1980.0,2619.0,40.0,142.83,1980.0,2619.0,20260803,2026-08-10T05:14:53.511100+00:00
prefillq4_b1_h16384_sparse_q8kv8_steady,full,prefill,sglang_sparse_q8kv8_fp8,steady,ok,,1,16384,4,2048,64,576,512,10,30,0.06428799778223038,0.06351999938488007,0.06515199691057205,0.0643530659377575,0.0006958795616132444,0.38230899372138083,0.7995620253495872,0.39770000148564577,0.09507400682196021,1.674645027378574,1140850688,8192,17.74593590337851,127426584.78414026,5128192,79.76904207487179,0.017934245480928257,0.024353909428297026,325485568,333447168,40.0,142.89,1980.0,2619.0,40.0,142.89,1980.0,2619.0,20260803,2026-08-10T05:14:53.587273+00:00
prefillq4_b1_h32768_sparse_q8kv8_steady,full,prefill,sglang_sparse_q8kv8_fp8,steady,ok,,1,32768,4,2048,64,576,512,10,30,0.06464000046253204,0.063680000603199,0.06761600077152252,0.06485760087768237,0.0011975129992168032,0.38301898166537285,0.8019270026125014,0.488777004648,0.09608297841623425,1.7698059673421085,1140850688,8192,17.64929888361129,126732672.36049005,5128192,79.33465289766679,0.017836583005165527,0.02422128812054265,382108672,392167424,40.0,142.89,1980.0,2619.0,40.0,143.05,1980.0,2619.0,20260803,2026-08-10T05:14:53.649727+00:00
prefillq4_b1_h65536_sparse_q8kv8_steady,full,prefill,sglang_sparse_q8kv8_fp8,steady,ok,,1,65536,4,2048,64,576,512,10,30,0.06438399851322174,0.06371200084686279,0.06547199934720993,0.0644469328224659,0.0005897318091677719,0.4039420164190233,0.8617000130470842,0.5408790020737797,0.10253398795612156,1.9090550194960088,1140850688,8192,17.71947555828981,127236583.4550911,5128192,79.65010124288703,0.01790750435400688,0.024317596164728377,495354880,505413632,40.0,143.05,1980.0,2619.0,40.0,143.05,1980.0,2619.0,20260803,2026-08-10T05:14:53.750421+00:00
prefillq4_b1_h131072_sparse_q8kv8_steady,full,prefill,sglang_sparse_q8kv8_fp8,steady,ok,,1,131072,4,2048,64,576,512,10,30,0.06428799778223038,0.06358399987220764,0.06505600363016129,0.0643946667512258,0.0006936616672458118,0.4525149997789413,0.8083530119620264,0.6663190142717212,0.09873698581941426,2.025924011832103,1140850688,8192,17.74593590337851,127426584.78414026,5128192,79.76904207487179,0.017934245480928257,0.024353909428297026,721835520,725614592,40.0,143.14,1980.0,2619.0,40.0,143.14,1980.0,2619.0,20260803,2026-08-10T05:14:53.811453+00:00
prefillq4_b1_h262144_sparse_q8kv8_steady,full,prefill,sglang_sparse_q8kv8_fp8,steady,ok,,1,262144,4,2048,64,576,512,10,30,0.06435199826955795,0.063680000603199,0.06719999760389328,0.06493333329757055,0.002296062210866479,0.45737597974948585,0.8227700018323958,1.0804400080814958,0.10108700371347368,2.461672993376851,1140850688,8192,17.728286901382603,127299854.24361357,5128192,79.68970875650209,0.017916409197961197,0.024329688547614914,797332992,801112064,40.0,143.3,1980.0,2619.0,40.0,143.3,1980.0,2619.0,20260803,2026-08-10T05:14:53.865522+00:00
prefillq4_b1_h524288_sparse_q8kv8_steady,full,prefill,sglang_sparse_q8kv8_fp8,steady,ok,,1,524288,4,2048,64,576,512,10,30,0.06435199826955795,0.06377600133419037,0.06576000154018402,0.06470293303330739,0.0017510075510106789,0.49288501031696796,0.8440380042884499,1.9369109941180795,0.09949400555342436,3.3733280142769217,1140850688,8192,17.728286901382603,127299854.24361357,5128192,79.68970875650209,0.017916409197961197,0.024329688547614914,948327936,952107008,40.0,143.55,1980.0,2619.0,40.0,143.55,1980.0,2619.0,20260803,2026-08-10T05:14:53.989748+00:00
prefillq8_b1_h2048_sparse_q8kv8_steady,full,prefill,sglang_sparse_q8kv8_fp8,steady,ok,,1,2048,8,2048,64,576,512,10,30,0.06403200328350067,0.06355199962854385,0.06496000289916992,0.06411733329296113,0.0005425126438379582,0.4622899868991226,0.8021749963518232,0.29094499768689275,0.09343199781142175,1.6488419787492603,2281701376,16384,35.63376528917584,255872050.84713814,10256384,160.17590383030847,0.03601189013559964,0.04890254857037803,276365312,293601280,40.0,144.38,1980.0,2619.0,40.0,144.38,1980.0,2619.0,20260803,2026-08-10T05:14:54.096649+00:00
prefillq8_b1_h4096_sparse_q8kv8_steady,full,prefill,sglang_sparse_q8kv8_fp8,steady,ok,,1,4096,8,2048,64,576,512,10,30,0.06415999680757523,0.063680000603199,0.0652799978852272,0.06429226646820704,0.0005658195733272697,0.37047098157927394,0.8016799984034151,0.2917689853347838,0.09292000322602689,1.5568399685434997,2281701376,16384,35.56267907623407,255361608.71606493,10256384,159.85636705625666,0.035940049597002595,0.04880499230729838,283443200,293601280,40.0,144.38,1980.0,2619.0,40.0,144.13,1980.0,2619.0,20260803,2026-08-10T05:14:54.159266+00:00
prefillq8_b1_h8192_sparse_q8kv8_steady,full,prefill,sglang_sparse_q8kv8_fp8,steady,ok,,1,8192,8,2048,64,576,512,10,30,0.0644799992442131,0.06403200328350067,0.06540799885988235,0.06467093328634897,0.0004409720562113517,0.3691050224006176,0.8212069806177169,0.38496300112456083,0.09318898082710803,1.6684639849700034,2281701376,16384,35.386188007822845,254094295.7822757,10256384,159.0630291597046,0.035761685707754266,0.04856278206161773,297598976,314572800,40.0,144.13,1980.0,2619.0,40.0,144.13,1980.0,2619.0,20260803,2026-08-10T05:14:54.238560+00:00
prefillq8_b1_h16384_sparse_q8kv8_steady,full,prefill,sglang_sparse_q8kv8_fp8,steady,ok,,1,16384,8,2048,64,576,512,10,30,0.06444799900054932,0.0639680027961731,0.06543999910354614,0.06456213320295016,0.00045762572561255363,0.40514799184165895,0.8357570040971041,0.4938179918099195,0.09787999442778528,1.8326029821764678,2281701376,16384,35.4037582451637,254220460.7447991,10256384,159.14200842624425,0.03577944239026144,0.04858689484840805,325910528,335544320,40.0,144.13,1980.0,2619.0,40.0,144.13,1980.0,2619.0,20260803,2026-08-10T05:14:54.274741+00:00
prefillq8_b1_h32768_sparse_q8kv8_steady,full,prefill,sglang_sparse_q8kv8_fp8,steady,ok,,1,32768,8,2048,64,576,512,10,30,0.06473600119352341,0.06435199826955795,0.06579200178384781,0.06488320032755533,0.0004672148829325367,0.3869570209644735,0.7762349850963801,0.5841959791723639,0.09627698455005884,1.8436649697832763,2281701376,16384,35.246251451012945,253089466.4163958,10256384,158.4340059766638,0.03562026422537943,0.04837073796494052,382533632,394264576,40.0,144.18,1980.0,2619.0,40.0,144.18,1980.0,2619.0,20260803,2026-08-10T05:14:54.310831+00:00
prefillq8_b1_h65536_sparse_q8kv8_steady,full,prefill,sglang_sparse_q8kv8_fp8,steady,ok,,1,65536,8,2048,64,576,512,10,30,0.06473600119352341,0.06419199705123901,0.06675200164318085,0.06491946652531624,0.000673062323780073,0.39925097371451557,0.8041190158110112,0.6184460071381181,0.09834798402152956,1.9201639806851745,2281701376,16384,35.246251451012945,253089466.4163958,10256384,158.4340059766638,0.03562026422537943,0.04837073796494052,495779840,507510784,40.0,143.51,1980.0,2619.0,40.0,143.51,1980.0,2619.0,20260803,2026-08-10T05:14:54.374478+00:00
prefillq8_b1_h131072_sparse_q8kv8_steady,full,prefill,sglang_sparse_q8kv8_fp8,steady,ok,,1,131072,8,2048,64,576,512,10,30,0.0647680014371872,0.0639680027961731,0.06694400310516357,0.0649653340379397,0.0008640819223466215,0.39657700108364224,0.8361100044567138,0.7614520145580173,0.09959499584510922,2.0937340159434825,2281701376,16384,35.228837162944146,252964421.2642474,10256384,158.35572771141887,0.03560266514698752,0.04834683919754414,722249216,727711744,40.0,143.51,1980.0,2619.0,40.0,143.6,1980.0,2619.0,20260803,2026-08-10T05:14:54.478970+00:00
prefillq8_b1_h262144_sparse_q8kv8_steady,full,prefill,sglang_sparse_q8kv8_fp8,steady,ok,,1,262144,8,2048,64,576,512,10,30,0.06454399973154068,0.06415999680757523,0.06585600227117538,0.06464319974184037,0.0005289439333238239,0.43178300256840885,0.7863490027375519,1.1646269995253533,0.09805199806578457,2.4808110028970987,2281701376,16384,35.35109979998656,253842341.16488507,10256384,158.90530556921806,0.03572622516421077,0.04851462821725027,797746688,803209216,40.0,143.6,1980.0,2619.0,40.0,143.6,1980.0,2619.0,20260803,2026-08-10T05:14:54.562353+00:00
prefillq8_b1_h524288_sparse_q8kv8_steady,full,prefill,sglang_sparse_q8kv8_fp8,steady,ok,,1,524288,8,2048,64,576,512,10,30,0.06467200070619583,0.06425599753856659,0.06547199934720993,0.06479359989364943,0.0005808039441117577,0.4359960148576647,0.8004299888852984,2.0600929856300354,0.09944499470293522,3.3959639840759337,2281701376,16384,35.2811317275577,253339927.96097845,10256384,158.59079490357252,0.035655514631185145,0.04841860645158614,948741632,954204160,40.0,144.67,1980.0,2619.0,40.0,144.67,1980.0,2619.0,20260803,2026-08-10T05:14:54.619679+00:00
prefillq16_b1_h2048_sparse_q8kv8_steady,full,prefill,sglang_sparse_q8kv8_fp8,steady,ok,,1,2048,16,2048,64,576,512,10,30,0.06406400352716446,0.06351999938488007,0.06550399959087372,0.06414719993869464,0.0005895064334114443,0.4580699896905571,0.7970410224515945,0.29481400270015,0.09287500870414078,1.6428000235464424,4563402752,32768,71.23193214212758,511488483.3275475,20512768,320.1917905630447,0.07198780408502028,0.09775624307657418,277216256,293601280,40.0,145.82,1980.0,2619.0,40.0,145.82,1980.0,2619.0,20260803,2026-08-10T05:14:54.701552+00:00
prefillq16_b1_h8192_sparse_q8kv8_steady,full,prefill,sglang_sparse_q8kv8_fp8,steady,ok,,1,8192,16,2048,64,576,512,10,30,0.06470400094985962,0.06409599632024765,0.0655359998345375,0.0647488000492255,0.0005043838938073301,0.3832280053757131,0.8009099983610213,0.3887479833792895,0.09404000593349338,1.6669259930495173,4563402752,32768,70.5273659280555,506429270.50821096,20512768,317.02472333814006,0.07127576142299696,0.09678932074251556,298449920,314572800,40.0,145.82,1980.0,2619.0,40.0,146.18,1980.0,2619.0,20260803,2026-08-10T05:14:54.758354+00:00
prefillq16_b1_h16384_sparse_q8kv8_steady,full,prefill,sglang_sparse_q8kv8_fp8,steady,ok,,1,16384,16,2048,64,576,512,10,30,0.06480000168085098,0.06444799900054932,0.06531199812889099,0.06488000055154165,0.0004436169389500935,0.42986602056771517,0.8601710142102093,0.5298809846863151,0.0990109983831644,1.9189290178474039,4563402752,32768,70.42288014860546,505678999.22884196,20512768,316.5550535172551,0.07117016690106666,0.09664592806809556,326761472,335544320,40.0,146.18,1980.0,2619.0,40.0,146.18,1980.0,2619.0,20260803,2026-08-10T05:14:54.853234+00:00
prefillq16_b1_h65536_sparse_q8kv8_steady,full,prefill,sglang_sparse_q8kv8_fp8,steady,ok,,1,65536,16,2048,64,576,512,10,30,0.06451199948787689,0.06415999680757523,0.06700800359249115,0.06468906626105309,0.0007197628515875746,0.4031189891975373,0.8362969965673983,0.7133760082069784,0.10096098412759602,2.05375297809951,4563402752,32768,70.73727040281173,507936511.96871936,20512768,317.96825649241833,0.07148789328227563,0.09707738639285042,496630784,528482304,40.0,146.24,1980.0,2619.0,40.0,146.24,1980.0,2619.0,20260803,2026-08-10T05:14:54.891347+00:00
prefillq16_b1_h131072_sparse_q8kv8_steady,full,prefill,sglang_sparse_q8kv8_fp8,steady,ok,,1,131072,16,2048,64,576,512,10,30,0.06537599861621857,0.06486400216817856,0.06620799750089645,0.06547413344184558,0.0005532658530104038,0.40248900768347085,0.8139570127241313,0.8631680102553219,0.10158299119211733,2.1811970218550414,4563402752,32768,69.80241753229457,501223701.2601574,20512768,313.7660369888585,0.07054312029539624,0.09579442660637763,723077120,748683264,40.0,146.24,1980.0,2619.0,40.0,146.73,1980.0,2619.0,20260803,2026-08-10T05:14:54.959672+00:00
prefillq16_b1_h262144_sparse_q8kv8_steady,full,prefill,sglang_sparse_q8kv8_fp8,steady,ok,,1,262144,16,2048,64,576,512,10,30,0.0660799965262413,0.06566400080919266,0.06678400188684464,0.0661823997894923,0.0004961818657913342,0.4493329906836152,0.8037480001803488,1.2395859812386334,0.10089599527418613,2.5935629673767835,4563402752,32768,69.0587619838601,495883803.30781895,20512768,310.42326087069466,0.06979157350566963,0.09477385942011975,798574592,824180736,40.0,146.73,1980.0,2619.0,40.0,146.73,1980.0,2619.0,20260803,2026-08-10T05:14:55.038125+00:00
prefillq16_b1_h524288_sparse_q8kv8_steady,full,prefill,sglang_sparse_q8kv8_fp8,steady,ok,,1,524288,16,2048,64,576,512,10,30,0.06681600213050842,0.06627199798822403,0.06883200258016586,0.06713600059350332,0.0012164776471787332,0.43235800694674253,0.7963480020407587,2.0951799815520644,0.1023690274450928,3.4262550179846585,4563402752,32768,68.29805146208133,490421440.30102056,20512768,307.0038216284389,0.06902279076511504,0.09372988657758144,949569536,975175680,40.0,146.73,1980.0,2619.0,40.0,147.58,1980.0,2619.0,20260803,2026-08-10T05:14:55.077215+00:00
prefillq32_b1_h2048_sparse_q8kv8_steady,full,prefill,sglang_sparse_q8kv8_fp8,steady,ok,,1,2048,32,2048,64,576,512,10,30,0.06252799928188324,0.06188800185918808,0.06576000154018402,0.06276373341679573,0.0011060919919120846,0.45634701382368803,0.8140659774653614,0.20006598788313568,0.09081000462174416,1.5612889837939292,9126805504,65536,145.96349809395525,1048106460.348369,41025536,656.114644178079,0.1475123780636233,0.20031526270422428,278918144,291504128,40.0,147.58,1980.0,2619.0,40.0,147.58,1980.0,2619.0,20260803,2026-08-10T05:14:55.138654+00:00
prefillq32_b1_h4096_sparse_q8kv8_steady,full,prefill,sglang_sparse_q8kv8_fp8,steady,ok,,1,4096,32,2048,64,576,512,10,30,0.062463998794555664,0.062144000083208084,0.06348799914121628,0.06261653353770574,0.0004395921948789936,0.38095100899226964,0.8074970101006329,0.1727159833535552,0.08985999738797545,1.4510239998344332,9126805504,65536,146.11305200005043,1049180348.1161711,41025536,656.7868979207232,0.14766351894901508,0.20052050531884438,285996032,291504128,41.0,148.04,1980.0,2619.0,41.0,148.04,1980.0,2619.0,20260803,2026-08-10T05:14:55.215223+00:00
prefillq32_b1_h8192_sparse_q8kv8_steady,full,prefill,sglang_sparse_q8kv8_fp8,steady,ok,,1,8192,32,2048,64,576,512,10,30,0.06230400130152702,0.06188800185918808,0.0631679967045784,0.06240746701757113,0.0004970262772297833,0.39251899579539895,0.8050290052779019,0.3014630055986345,0.09184799273498356,1.5908589994069189,9126805504,65536,146.48827223519447,1051874657.0197213,41025536,658.4735352943454,0.14804272080363262,0.20103544460816203,300151808,312475648,40.0,148.44,1980.0,2619.0,40.0,148.44,1980.0,2619.0,20260803,2026-08-10T05:14:55.276174+00:00
prefillq32_b1_h16384_sparse_q8kv8_steady,full,prefill,sglang_sparse_q8kv8_fp8,steady,ok,,1,16384,32,2048,64,576,512,10,30,0.06272000074386597,0.062111999839544296,0.06387200206518173,0.06280320050815741,0.000557424812773658,0.38305099587887526,0.8022130059543997,0.4808650119230151,0.09232800221070647,1.7584570159669966,9126805504,65536,145.51666766191173,1044897946.791071,41025536,654.1061146912105,0.1470608061262372,0.1997020480543436,328463360,354418688,40.0,148.44,1980.0,2619.0,40.0,148.69,1980.0,2619.0,20260803,2026-08-10T05:14:55.370558+00:00
prefillq32_b1_h32768_sparse_q8kv8_steady,full,prefill,sglang_sparse_q8kv8_fp8,steady,ok,,1,32768,32,2048,64,576,512,10,30,0.06268800050020218,0.06220800057053566,0.06390400230884552,0.06272106717030207,0.0004661823233609854,0.47485899995081127,0.8098290127236396,0.501408998388797,0.09406302706338465,1.8801600381266326,9126805504,65536,145.5909493232371,1045431334.1799542,41025536,654.4400151966512,0.14713587602146247,0.1998039896404032,385985536,413138944,40.0,148.69,1980.0,2619.0,40.0,148.69,1980.0,2619.0,20260803,2026-08-10T05:14:55.433738+00:00
prefillq32_b1_h65536_sparse_q8kv8_steady,full,prefill,sglang_sparse_q8kv8_fp8,steady,ok,,1,65536,32,2048,64,576,512,10,30,0.06460800021886826,0.06380800157785416,0.06652799993753433,0.06479359989364943,0.0007201735407651423,0.5526249879039824,0.8100330014713109,0.5365060060285032,0.09811599738895893,1.9972799927927554,9126805504,65536,141.2643244347716,1014363542.873762,41025536,634.991577838975,0.14276333949951653,0.1938662790999383,499231744,526385152,40.0,148.69,1980.0,2619.0,41.0,149.34,1980.0,2619.0,20260803,2026-08-10T05:14:55.472584+00:00
prefillq32_b1_h131072_sparse_q8kv8_steady,full,prefill,sglang_sparse_q8kv8_fp8,steady,ok,,1,131072,32,2048,64,576,512,10,30,0.0671359971165657,0.06627199798822403,0.06889600306749344,0.0674154669046402,0.0014017055521270358,0.4811700200662017,0.8479530224576592,0.6631909927818924,0.10014799772761762,2.092462033033371,9126805504,65536,135.94503539067827,976167820.7625681,41025536,611.0810557973675,0.13738760524575874,0.18656627056231487,725632000,746586112,41.0,149.34,1980.0,2619.0,41.0,149.34,1980.0,2619.0,20260803,2026-08-10T05:14:55.548943+00:00
prefillq32_b1_h262144_sparse_q8kv8_steady,full,prefill,sglang_sparse_q8kv8_fp8,steady,ok,,1,262144,32,2048,64,576,512,10,30,0.06915199756622314,0.06870400160551071,0.07443200051784515,0.0697792001068592,0.001874639980748009,0.5188939976505935,0.8033349877223372,1.0563819960225374,0.1029720006044954,2.4815829819999635,9126805504,65536,131.9818056630938,947709427.1534195,41025536,593.2661013980406,0.13338232002333886,0.1811272709877277,801129472,822083584,41.0,149.34,1980.0,2619.0,41.0,149.4,1980.0,2619.0,20260803,2026-08-10T05:14:55.587721+00:00
prefillq32_b1_h524288_sparse_q8kv8_steady,full,prefill,sglang_sparse_q8kv8_fp8,steady,ok,,1,524288,32,2048,64,576,512,10,30,0.07027199864387512,0.06966400146484375,0.07094399631023407,0.07034986640016237,0.0004622259789430925,0.538583000889048,0.7957819907460362,1.913104992127046,0.1042500080075115,3.3517199917696416,9126805504,65536,129.8782684444893,932604753.8810409,41025536,583.8105759295316,0.13125646128801344,0.17824044917230614,952124416,973078528,41.0,149.4,1980.0,2619.0,41.0,149.4,1980.0,2619.0,20260803,2026-08-10T05:14:55.664067+00:00
prefillq64_b1_h2048_sparse_q8kv8_steady,full,prefill,sglang_sparse_q8kv8_fp8,steady,ok,,1,2048,64,2048,64,576,512,10,30,0.0626240000128746,0.06217600032687187,0.06428799778223038,0.06273813371857008,0.0005279305752180165,0.46990500413812697,1.9374809926375747,0.16906499513424933,0.0913440017029643,2.6677949936129153,18253611008,131072,291.4794807780933,2092999488.5835056,82051072,1310.2176798532746,0.29457249194350005,0.4000163707187328,288035840,293601280,41.0,149.4,1980.0,2619.0,41.0,149.22,1980.0,2619.0,20260803,2026-08-10T05:14:55.703661+00:00
prefillq64_b1_h4096_sparse_q8kv8_steady,full,prefill,sglang_sparse_q8kv8_fp8,steady,ok,,1,4096,64,2048,64,576,512,10,30,0.06275200098752975,0.062463998794555664,0.06361600011587143,0.06292586661875248,0.0005282536429680113,1.0389939998276532,9.957959002349526,0.1755869889166206,0.09129499085247517,11.263834981946275,18253611008,131072,290.88492352024605,2088730206.8032377,82051072,1307.5451094588266,0.2939716255889298,0.3992004208761104,289440768,293601280,41.0,149.22,1980.0,2619.0,41.0,149.23,1980.0,2619.0,20260803,2026-08-10T05:14:55.769088+00:00
prefillq64_b1_h8192_sparse_q8kv8_steady,full,prefill,sglang_sparse_q8kv8_fp8,steady,ok,,1,8192,64,2048,64,576,512,10,30,0.0629120022058487,0.062463998794555664,0.06415999680757523,0.06302826727430026,0.0006432708498362402,0.38710699300281703,1.1087539896834642,0.2889359893742949,0.09342998964712024,1.8782269617076963,18253611008,131072,290.1451291960794,2083418034.7834282,82051072,1304.2196897744261,0.29322398099654307,0.39818515270065774,303707136,314572800,41.0,149.23,1980.0,2619.0,41.0,149.23,1980.0,2619.0,20260803,2026-08-10T05:14:55.853369+00:00
prefillq64_b1_h16384_sparse_q8kv8_steady,full,prefill,sglang_sparse_q8kv8_fp8,steady,ok,,1,16384,64,2048,64,576,512,10,30,0.06313599646091461,0.06275200098752975,0.06409599632024765,0.06329600016276042,0.0004821995337285582,0.3968510136473924,1.0656490048859268,0.4751879896502942,0.09304200648330152,2.030730014666915,18253611008,131072,289.1157506209663,2076026472.1749074,82051072,1299.5925715814922,0.2921836792531241,0.3967724691024396,331867136,356515840,41.0,150.53,1980.0,2619.0,41.0,150.53,1980.0,2619.0,20260803,2026-08-10T05:14:55.909334+00:00
prefillq64_b1_h32768_sparse_q8kv8_steady,full,prefill,sglang_sparse_q8kv8_fp8,steady,ok,,1,32768,64,2048,64,576,512,10,30,0.06307200342416763,0.06275200098752975,0.06444799900054932,0.06325120056668918,0.0005560139487898297,0.4750869993586093,1.0580740054138005,0.47612798516638577,0.11104898294433951,2.120337972883135,18253611008,131072,289.40908829614995,2078132814.6265361,82051072,1300.9111419562116,0.29248012965755427,0.3971750355949721,388490240,415236096,41.0,150.53,1980.0,2619.0,41.0,150.53,1980.0,2619.0,20260803,2026-08-10T05:14:55.976597+00:00
prefillq64_b1_h65536_sparse_q8kv8_steady,full,prefill,sglang_sparse_q8kv8_fp8,steady,ok,,1,65536,64,2048,64,576,512,10,30,0.06864000111818314,0.0681919977068901,0.06960000097751617,0.06871039991577467,0.0004313399203945887,0.528869975823909,1.0860670008696616,0.5120899877510965,0.10026799282059073,2.227294957265258,18253611008,131072,265.93255697317454,1909557078.4493806,82051072,1195.3827311093123,0.26875447900270294,0.3649566549672436,501736448,528482304,41.0,151.42,1980.0,2619.0,41.0,151.42,1980.0,2619.0,20260803,2026-08-10T05:14:56.014706+00:00
prefillq64_b1_h131072_sparse_q8kv8_steady,full,prefill,sglang_sparse_q8kv8_fp8,steady,ok,,1,131072,64,2048,64,576,512,10,30,0.07235199958086014,0.07132799923419952,0.07449600100517273,0.07245226676265398,0.0008660419869990742,8.12217898783274,1.0951470176223665,0.6661319930572063,0.1084070245269686,9.991865023039281,18253611008,131072,252.28896386754147,1811587803.506588,82051072,1134.053964995124,0.25496610800155783,0.34623265908558,728044544,748683264,41.0,150.61,1980.0,2619.0,41.0,150.61,1980.0,2619.0,20260803,2026-08-10T05:14:56.091118+00:00
prefillq64_b1_h262144_sparse_q8kv8_steady,full,prefill,sglang_sparse_q8kv8_fp8,steady,ok,,1,262144,64,2048,64,576,512,10,30,0.07491199672222137,0.07379200309515,0.0761599987745285,0.0749429335196813,0.0006080825858168718,0.5476780061144382,1.1184759787283838,1.0821990144904703,0.11105401790700853,2.8594070172403008,18253611008,131072,243.66739383126568,1749679700.6495986,82051072,1095.2994926066488,0.24625305086535187,0.33440071418639855,803542016,824180736,41.0,151.69,1980.0,2619.0,41.0,151.69,1980.0,2619.0,20260803,2026-08-10T05:14:56.178396+00:00
prefillq64_b1_h524288_sparse_q8kv8_steady,full,prefill,sglang_sparse_q8kv8_fp8,steady,ok,,1,524288,64,2048,64,576,512,10,30,0.07664000242948532,0.07577600330114365,0.07939200103282928,0.07686613375941913,0.0010134093676015061,0.5310520064085722,1.1187820055056363,1.9169419829268008,0.10966300033032894,3.6764389951713383,18253611008,131072,238.17341374427437,1710229590.8797274,82051072,1070.6037238907093,0.24070077184868557,0.3268609656959298,954536960,975175680,41.0,153.29,1980.0,2619.0,41.0,153.29,1980.0,2619.0,20260803,2026-08-10T05:14:56.278602+00:00
prefillq128_b1_h2048_sparse_q8kv8_steady,full,prefill,sglang_sparse_q8kv8_fp8,steady,ok,,1,2048,128,2048,64,576,512,10,30,0.06543999910354614,0.0644799992442131,0.06761600077152252,0.06556800032655398,0.001144986513993146,0.460080016637221,1.4753760187886655,0.28386502526700497,0.09628297993913293,2.3156040406320244,36507222016,262144,557.8732047082455,4005868025.536,164102144,2507.6733839855356,0.5637930315394093,0.7656059152874438,306455552,316669952,41.0,153.29,1980.0,2619.0,41.0,156.02,1980.0,2619.0,20260803,2026-08-10T05:14:56.380218+00:00
prefillq128_b1_h4096_sparse_q8kv8_steady,full,prefill,sglang_sparse_q8kv8_fp8,steady,ok,,1,4096,128,2048,64,576,512,10,30,0.06572800129652023,0.06524799764156342,0.06739199906587601,0.06593706657489141,0.0005681080850794875,0.4068140115123242,1.4916709915269166,0.3027829807251692,0.09741101530380547,2.2986789990682155,36507222016,262144,555.4287563272179,3988315403.314697,164102144,2496.6854424750004,0.5613226440901646,0.7622512387689538,308347904,316669952,41.0,156.02,1980.0,2619.0,41.0,157.25,1980.0,2619.0,20260803,2026-08-10T05:14:56.473331+00:00
prefillq128_b1_h8192_sparse_q8kv8_steady,full,prefill,sglang_sparse_q8kv8_fp8,steady,ok,,1,8192,128,2048,64,576,512,10,30,0.0655359998345375,0.06457599997520447,0.06646399945020676,0.06559039975206057,0.0007293913596865933,0.3796640085056424,1.469876995543018,0.38544501876458526,0.09721500100567937,2.332201023818925,36507222016,262144,557.0560014064312,4000000010.099029,164102144,2504.0000063219923,0.5629671565502083,0.7644844137050392,310363136,337641472,41.0,157.25,1980.0,2619.0,41.0,158.01,1980.0,2619.0,20260803,2026-08-10T05:14:56.572984+00:00
prefillq128_b1_h16384_sparse_q8kv8_steady,full,prefill,sglang_sparse_q8kv8_fp8,steady,ok,,1,16384,128,2048,64,576,512,10,30,0.06550399959087372,0.06521599739789963,0.0671359971165657,0.06573973298072815,0.0006777901962939949,0.4597509978339076,1.8075710104312748,0.3790789924096316,0.0963569909799844,2.7427579916547984,36507222016,262144,557.3281363583534,4001954104.1356955,164102144,2505.2232691889453,0.5632421792403773,0.7648578823125826,338674688,358612992,41.0,158.01,1980.0,2619.0,41.0,158.01,1980.0,2619.0,20260803,2026-08-10T05:14:56.650886+00:00
prefillq128_b1_h32768_sparse_q8kv8_steady,full,prefill,sglang_sparse_q8kv8_fp8,steady,ok,,1,32768,128,2048,64,576,512,10,30,0.06780800223350525,0.0674239993095398,0.06905599683523178,0.0679957335193952,0.0006844668698492053,7.7429630036931485,1.4115359808783978,0.48960401909425855,0.09646598482504487,9.74056898849085,36507222016,262144,538.3910573015094,3865974388.941215,164102144,2420.0999674772006,0.5441041508858103,0.7388692891666399,395297792,417333248,41.0,158.01,1980.0,2619.0,41.0,158.49,1980.0,2619.0,20260803,2026-08-10T05:14:56.710774+00:00
prefillq128_b1_h65536_sparse_q8kv8_steady,full,prefill,sglang_sparse_q8kv8_fp8,steady,ok,,1,65536,128,2048,64,576,512,10,30,0.0737600028514862,0.07334399968385696,0.07475200295448303,0.07394026691714922,0.0005692330971192617,0.4550589947029948,1.4320070040412247,0.6463110039476305,0.10675500379875302,2.640132006490603,36507222016,262144,494.94604941252936,3554012877.789877,164102144,2224.812061496463,0.5001981297751686,0.6792468610794048,508544000,551550976,41.0,158.49,1980.0,2619.0,41.0,160.19,1980.0,2619.0,20260803,2026-08-10T05:14:56.778902+00:00
prefillq128_b1_h131072_sparse_q8kv8_steady,full,prefill,sglang_sparse_q8kv8_fp8,steady,ok,,1,131072,128,2048,64,576,512,10,30,0.07945600152015686,0.07865600287914276,0.08089599758386612,0.07956373319029808,0.0007056702402335964,0.46491497778333724,1.4492679911199957,0.743680982850492,0.11327100219205022,2.771134953945875,36507222016,262144,459.4646259255651,3299234733.4958425,164102144,2065.3209431683977,0.4643401980046135,0.6305533811359735,734667776,771751936,41.0,160.19,1980.0,2619.0,41.0,161.4,1980.0,2619.0,20260803,2026-08-10T05:14:56.857801+00:00
prefillq128_b1_h262144_sparse_q8kv8_steady,full,prefill,sglang_sparse_q8kv8_fp8,steady,ok,,1,262144,128,2048,64,576,512,10,30,0.08582399785518646,0.08470399677753448,0.08761599659919739,0.08682133307059606,0.005083040995241475,0.5059009999968112,1.4225779741536826,1.1468660086393356,0.11612600064836442,3.191470983438194,36507222016,262144,425.3731232329655,3054437063.65583,164102144,1912.0776018485496,0.42988693606161243,0.5837673804780963,810165248,847249408,41.0,161.4,1980.0,2619.0,41.0,161.4,1980.0,2619.0,20260803,2026-08-10T05:14:56.945019+00:00
prefillq128_b1_h524288_sparse_q8kv8_steady,full,prefill,sglang_sparse_q8kv8_fp8,steady,ok,,1,524288,128,2048,64,576,512,10,30,0.08803199976682663,0.08671999722719193,0.09020800143480301,0.08823999961217245,0.001262784674466532,0.5526409950107336,1.5624139923602343,2.0232140086591244,0.12042699381709099,4.258695989847183,36507222016,262144,414.70399528237374,2977826252.889288,164102144,1864.119234308694,0.4191045935142736,0.5691254378269817,961160192,998244352,41.0,161.4,1980.0,2619.0,41.0,163.95,1980.0,2619.0,20260803,2026-08-10T05:14:56.986895+00:00
prefillq256_b1_h2048_sparse_q8kv8_steady,full,prefill,sglang_sparse_q8kv8_fp8,steady,ok,,1,2048,256,2048,64,576,512,10,30,0.11648000031709671,0.1159679964184761,0.1175680011510849,0.11664639959732691,0.00083439310203053,0.6067439971957356,1.8253780144732445,0.4007300012744963,0.15566498041152954,2.988516993355006,73014444032,524288,626.8410356561708,4501098888.845435,328204288,2817.687904417243,0.633492709101739,0.8602549840949166,344065024,348127232,41.0,163.48,1980.0,2619.0,41.0,163.48,1980.0,2619.0,20260803,2026-08-10T05:14:57.070064+00:00
prefillq256_b1_h4096_sparse_q8kv8_steady,full,prefill,sglang_sparse_q8kv8_fp8,steady,ok,,1,4096,256,2048,64,576,512,10,30,0.1167680025100708,0.1162559986114502,0.11791999638080597,0.11692053377628327,0.000537223386126972,0.5078160029370338,1.7757919849827886,0.5229060188867152,0.1520819787401706,2.958595985546708,73014444032,524288,625.2949649087539,4489997163.005183,328204288,2810.738224041245,0.6319302323484122,0.8581332100077487,344474624,369098752,41.0,163.48,1980.0,2619.0,41.0,166.56,1980.0,2619.0,20260803,2026-08-10T05:14:57.199135+00:00
prefillq256_b1_h8192_sparse_q8kv8_steady,full,prefill,sglang_sparse_q8kv8_fp8,steady,ok,,1,8192,256,2048,64,576,512,10,30,0.11823999881744385,0.1175680011510849,0.11948800086975098,0.11843946700294812,0.0008010525407869766,0.5154749960638583,1.8473370000720024,0.48373499885201454,0.1557909999974072,3.0023379949852824,73014444032,524288,617.5105274208464,4434100179.664855,328204288,2775.7467124701993,0.6240631909255648,0.8474501169005182,346833920,369098752,42.0,165.2,1980.0,2619.0,42.0,165.2,1980.0,2619.0,20260803,2026-08-10T05:14:57.278262+00:00
prefillq256_b1_h16384_sparse_q8kv8_steady,full,prefill,sglang_sparse_q8kv8_fp8,steady,ok,,1,16384,256,2048,64,576,512,10,30,0.11977600306272507,0.11913599818944931,0.12201599776744843,0.12000640034675598,0.0007375473567478464,0.4947740235365927,1.8365370051469654,0.5635069974232465,0.15226099640130997,3.0470790225081146,73014444032,524288,609.5915890077191,4377237398.090814,328204288,2740.150611204849,0.616060221331702,0.8365824393696392,352289792,390070272,41.0,164.83,1980.0,2619.0,41.0,164.83,1980.0,2619.0,20260803,2026-08-10T05:14:57.403521+00:00
prefillq256_b1_h32768_sparse_q8kv8_steady,full,prefill,sglang_sparse_q8kv8_fp8,steady,ok,,1,32768,256,2048,64,576,512,10,30,0.12281599640846252,0.12198399752378464,0.12399999797344208,0.12307413419087727,0.000738450603001861,0.5535520031116903,1.755157980369404,0.6439720164053142,0.15343900304287672,3.106121002929285,73014444032,524288,594.5027208765862,4268890171.7355967,328204288,2672.3252475064833,0.6008112388848774,0.8158749979677367,408912896,469762048,41.0,164.83,1980.0,2619.0,41.0,164.83,1980.0,2619.0,20260803,2026-08-10T05:14:57.472945+00:00
prefillq256_b1_h65536_sparse_q8kv8_steady,full,prefill,sglang_sparse_q8kv8_fp8,steady,ok,,1,65536,256,2048,64,576,512,10,30,0.13257600367069244,0.1316480040550232,0.13359999656677246,0.13270506660143536,0.0008616063707533328,0.559921027161181,1.862820005044341,0.6808069883845747,0.16893100109882653,3.2724790216889232,73014444032,524288,550.7364983889671,3954622144.911586,328204288,2475.593462714653,0.5565805946326096,0.7558117460611834,522159104,583008256,41.0,168.65,1980.0,2619.0,41.0,168.65,1980.0,2619.0,20260803,2026-08-10T05:14:57.515293+00:00
prefillq256_b1_h131072_sparse_q8kv8_steady,full,prefill,sglang_sparse_q8kv8_fp8,steady,ok,,1,131072,256,2048,64,576,512,10,30,0.14156800508499146,0.14051200449466705,0.1446399986743927,0.14217493335405987,0.0018422928114449734,0.717156013706699,2.5691959890536964,1.0795510024763644,0.18913901294581592,4.555042018182576,73014444032,524288,515.755265380516,3703435671.6776476,328204288,2318.3507304702075,0.5212281610717696,0.7078047102521686,747914240,803209216,41.0,168.65,1980.0,2619.0,41.0,171.07,1980.0,2619.0,20260803,2026-08-10T05:14:57.579637+00:00
prefillq256_b1_h262144_sparse_q8kv8_steady,full,prefill,sglang_sparse_q8kv8_fp8,steady,ok,,1,262144,256,2048,64,576,512,10,30,0.15308800339698792,0.1502400040626526,0.15651200711727142,0.153192534049352,0.0015594868177333677,0.6134040013421327,1.761337014613673,1.2287889840081334,0.18779802485369146,3.7913280248176306,73014444032,524288,476.94425697524383,3424749087.8851953,328204288,2143.8929290161323,0.4820053127592156,0.6545418229821361,823411712,878706688,41.0,171.07,1980.0,2619.0,42.0,175.15,1980.0,2619.0,20260803,2026-08-10T05:14:57.647485+00:00
prefillq256_b1_h524288_sparse_q8kv8_steady,full,prefill,sglang_sparse_q8kv8_fp8,steady,ok,,1,524288,256,2048,64,576,512,10,30,0.1595200002193451,0.15721599757671356,0.16303999722003937,0.15976533343394597,0.0016619933552947338,0.6273520120885223,1.7609570058993995,2.0932510087732226,0.1947999990079552,4.6763600257691,73014444032,524288,457.71341481696845,3286659975.420557,328204288,2057.449144613269,0.4625704040595942,0.6281500795033743,974406656,1029701632,42.0,175.15,1980.0,2619.0,42.0,175.15,1980.0,2619.0,20260803,2026-08-10T05:14:57.749058+00:00
prefillq512_b1_h2048_sparse_q8kv8_steady,full,prefill,sglang_sparse_q8kv8_fp8,steady,ok,,1,2048,512,2048,64,576,512,10,30,0.22623999416828156,0.22524799406528473,0.22780799865722656,0.22626880009969075,0.0008553996119707752,0.5261490005068481,2.7206290105823427,0.46479899901896715,0.2557219995651394,3.9672990096732974,146028888064,1048576,645.4600947142042,4634795027.531911,656408576,2901.3816872349767,0.6523093428137485,0.8858071375799932,417596416,423624704,42.0,178.52,1980.0,2619.0,42.0,178.52,1980.0,2619.0,20260803,2026-08-10T05:14:57.817682+00:00
prefillq512_b1_h4096_sparse_q8kv8_steady,full,prefill,sglang_sparse_q8kv8_fp8,steady,ok,,1,4096,512,2048,64,576,512,10,30,0.22697600722312927,0.2258239984512329,0.22883200645446777,0.2269898662964503,0.0007535396376069772,0.5485120054800063,2.6860630023293197,0.45188399963080883,0.25442600599490106,3.940885013435036,146028888064,1048576,643.3670670770324,4619765819.429518,656408576,2891.973402962878,0.6501941051814375,0.8829347387510929,418153472,442499072,42.0,178.52,1980.0,2619.0,42.0,178.52,1980.0,2619.0,20260803,2026-08-10T05:14:57.872309+00:00
prefillq512_b1_h8192_sparse_q8kv8_steady,full,prefill,sglang_sparse_q8kv8_fp8,steady,ok,,1,8192,512,2048,64,576,512,10,30,0.2292799949645996,0.22790400683879852,0.23263999819755554,0.2296202674508095,0.0017178865678170075,0.5432259931694716,2.6779939944390208,0.49543200293555856,0.2582749875728041,3.974926978116855,146028888064,1048576,636.9020031012587,4573342738.261566,656408576,2862.91255415174,0.643660437697078,0.8740623082762279,420512768,442499072,41.0,187.9,1980.0,2619.0,41.0,187.9,1980.0,2619.0,20260803,2026-08-10T05:14:57.918838+00:00
prefillq512_b1_h16384_sparse_q8kv8_steady,full,prefill,sglang_sparse_q8kv8_fp8,steady,ok,,1,16384,512,2048,64,576,512,10,30,0.22966399788856506,0.2280000001192093,0.23097600042819977,0.22970346709092457,0.0009150615825169623,0.5442870024126023,2.6843739906325936,0.47887000255286694,0.2591419906821102,3.966672986280173,146028888064,1048576,635.8370898640129,4565696015.222979,656408576,2858.1257055295846,0.6425842242183051,0.8726008581351878,425231360,442499072,41.0,187.9,1980.0,2619.0,42.0,193.56,1980.0,2619.0,20260803,2026-08-10T05:14:57.990357+00:00
prefillq512_b1_h32768_sparse_q8kv8_steady,full,prefill,sglang_sparse_q8kv8_fp8,steady,ok,,1,32768,512,2048,64,576,512,10,30,0.22940799593925476,0.22838400304317474,0.23151999711990356,0.22969279885292054,0.001058852555926097,0.5683499912265688,2.682285994524136,0.6719939992763102,0.26164198061451316,4.184271965641528,146028888064,1048576,636.5466359013361,4570790986.194107,656408576,2861.3151573575115,0.6433012995465751,0.8735746146066561,436143104,522190848,42.0,193.56,1980.0,2619.0,42.0,193.56,1980.0,2619.0,20260803,2026-08-10T05:14:58.043550+00:00
prefillq512_b1_h65536_sparse_q8kv8_steady,full,prefill,sglang_sparse_q8kv8_fp8,steady,ok,,1,65536,512,2048,64,576,512,10,30,0.24633599817752838,0.24531200528144836,0.2487040013074875,0.2465557336807251,0.0010417369245701625,0.5513599899131805,2.7483839949127287,0.7663840078748763,0.2835370250977576,4.349665017798543,146028888064,1048576,592.8036874203035,4256690080.8558097,656408576,2664.687990615737,0.5990941762711506,0.8135433031427781,549389312,656408576,42.0,193.56,1980.0,2619.0,43.0,201.25,1980.0,2619.0,20260803,2026-08-10T05:14:58.090775+00:00
prefillq512_b1_h131072_sparse_q8kv8_steady,full,prefill,sglang_sparse_q8kv8_fp8,steady,ok,,1,131072,512,2048,64,576,512,10,30,0.2641279995441437,0.26230400800704956,0.2661759853363037,0.2641375998655955,0.0012362466270801169,0.5580069846473634,2.7235659945290536,0.9117750159930438,0.3023020108230412,4.495650005992502,146028888064,1048576,552.8716694785484,3969953968.567242,656408576,2485.1911843230937,0.5587384229192,0.7587419811083911,774407168,876609536,43.0,201.25,1980.0,2619.0,43.0,201.25,1980.0,2619.0,20260803,2026-08-10T05:14:58.159018+00:00
prefillq512_b1_h262144_sparse_q8kv8_steady,full,prefill,sglang_sparse_q8kv8_fp8,steady,ok,,1,262144,512,2048,64,576,512,10,30,0.2850239872932434,0.28387200832366943,0.28755199909210205,0.2853301336367925,0.0013444500746937792,0.6084729975555092,2.7339080115780234,1.3546910195145756,0.31900202156975865,5.016074050217867,146028888064,1048576,512.3389418931959,3678904396.636574,656408576,2302.994152294495,0.5177755855413804,0.7031162659097027,849904640,952107008,43.0,201.25,1980.0,2619.0,44.0,203.78,1980.0,2619.0,20260803,2026-08-10T05:14:58.208119+00:00
prefillq512_b1_h524288_sparse_q8kv8_steady,full,prefill,sglang_sparse_q8kv8_fp8,steady,ok,,1,524288,512,2048,64,576,512,10,30,0.3014400005340576,0.29840001463890076,0.3035840094089508,0.30130240122477214,0.0014999084133177029,0.609838985837996,2.716599003178999,2.1862639987375587,0.33293600426986814,5.845637992024422,146028888064,1048576,484.4376585897107,3478556257.1067233,656408576,2177.5762169488085,0.48957823000476064,0.6648255085100342,1000899584,1103101952,44.0,203.78,1980.0,2619.0,45.0,209.48,1980.0,2619.0,20260803,2026-08-10T05:14:58.259082+00:00
prefillq1024_b1_h2048_sparse_q8kv8_steady,full,prefill,sglang_sparse_q8kv8_fp8,steady,ok,,1,2048,1024,2048,64,576,512,10,30,0.4327999949455261,0.4318079948425293,0.4350399971008301,0.4330346673727036,0.0009511528059474709,0.6272640021052212,4.27612301427871,0.5000130040571094,0.46243600081652403,5.865836021257564,292057776128,2097152,674.8100266608357,4845545343.095385,1312817152,3033.3113847777104,0.6819707192125676,0.9260859703362223,564331520,587202560,45.0,209.48,1980.0,2619.0,45.0,219.98,1980.0,2619.0,20260803,2026-08-10T05:14:58.358884+00:00
prefillq1024_b1_h4096_sparse_q8kv8_steady,full,prefill,sglang_sparse_q8kv8_fp8,steady,ok,,1,4096,1024,2048,64,576,512,10,30,0.4336319863796234,0.43270400166511536,0.4373440146446228,0.4339082648356756,0.0013862951407849408,0.5800539802294225,4.289410979254171,0.47092599561437964,0.4628360038623214,5.803226958960295,292057776128,2097152,673.5152970757048,4836248399.268331,1312817152,3027.4914979419746,0.6806622507081402,0.9243091281779898,565511168,587202560,47.0,221.27,1980.0,2619.0,42.0,225.79,1980.0,2619.0,20260803,2026-08-10T05:14:58.513984+00:00
prefillq1024_b1_h8192_sparse_q8kv8_steady,full,prefill,sglang_sparse_q8kv8_fp8,steady,ok,,1,8192,1024,2048,64,576,512,10,30,0.4317759871482849,0.4304960072040558,0.43372800946235657,0.4333472023407618,0.00847917231573293,0.5708789976779372,4.241371003445238,0.4757519927807152,0.46132298302836716,5.749324976932257,292057776128,2097152,676.4104184137932,4857037126.7074995,1312817152,3040.505241318895,0.6835880933944347,0.9282822926949603,567870464,587202560,42.0,225.79,1980.0,2619.0,42.0,225.79,1980.0,2619.0,20260803,2026-08-10T05:14:58.650788+00:00
prefillq1024_b1_h16384_sparse_q8kv8_steady,full,prefill,sglang_sparse_q8kv8_fp8,steady,ok,,1,16384,1024,2048,64,576,512,10,30,0.4325439929962158,0.43161600828170776,0.46160000562667847,0.4353791981935501,0.01055654934302308,0.6571870180778205,4.424565995577723,0.5599959986284375,0.46311100595630705,6.104860018240288,292057776128,2097152,675.2094142029968,4848413187.923633,1312817152,3035.106655640194,0.682374344823645,0.9266340760028685,572589056,587202560,43.0,229.56,1980.0,2619.0,43.0,229.56,1980.0,2619.0,20260803,2026-08-10T05:14:58.725144+00:00
prefillq1024_b1_h32768_sparse_q8kv8_steady,full,prefill,sglang_sparse_q8kv8_fp8,steady,ok,,1,32768,1024,2048,64,576,512,10,30,0.43408000469207764,0.4328959882259369,0.43568000197410583,0.4342239995797475,0.000858799181578536,0.5752959987148643,4.2438029777258635,0.5636269925162196,0.4671660135500133,5.849891982506961,292057776128,2097152,672.820155204284,4831256858.946202,1312817152,3024.366793700323,0.6799597323944254,0.9233551394862367,582026240,587202560,43.0,235.97,1980.0,2619.0,43.0,235.97,1980.0,2619.0,20260803,2026-08-10T05:14:58.818984+00:00
prefillq1024_b1_h65536_sparse_q8kv8_steady,full,prefill,sglang_sparse_q8kv8_fp8,steady,ok,,1,65536,1024,2048,64,576,512,10,30,0.4671359956264496,0.4658240079879761,0.4711039960384369,0.4674709339936574,0.0014970778118869514,0.686024985043332,4.316213977290317,0.7765070185996592,0.5028570012655109,6.2816029821988195,292057776128,2097152,625.2093156219697,4489382149.169704,1312817152,2810.353225380235,0.6318436742010811,0.8580156678851864,605684736,761266176,43.0,235.97,1980.0,2619.0,44.0,239.87,1980.0,2619.0,20260803,2026-08-10T05:14:58.894440+00:00
prefillq1024_b1_h131072_sparse_q8kv8_steady,full,prefill,sglang_sparse_q8kv8_fp8,steady,ok,,1,131072,1024,2048,64,576,512,10,30,0.501471996307373,0.49980801343917847,0.5050240159034729,0.5020405302445093,0.0023442849839443998,0.5724299990106374,4.270272009307519,0.9797160164453089,0.5352550069801509,6.357673031743616,292057776128,2097152,582.4009681070718,4181992245.7136936,1312817152,2617.927145816772,0.5885810693350902,0.7992669705029082,827393024,945815552,44.0,239.87,1980.0,2619.0,49.0,249.16,1980.0,2619.0,20260803,2026-08-10T05:14:58.978463+00:00
prefillq1024_b1_h262144_sparse_q8kv8_steady,full,prefill,sglang_sparse_q8kv8_fp8,steady,ok,,1,262144,1024,2048,64,576,512,10,30,0.5463680028915405,0.5440319776535034,0.5495039820671082,0.5466112057367961,0.0015715967895062327,0.5947900062892586,4.265714989742264,1.3957610062789172,0.5791249859612435,6.8353909882716835,292057776128,2097152,534.5440702646279,3838350688.366181,1312817152,2402.807530917229,0.5402163418540958,0.7335898170453522,902890496,1021313024,49.0,249.16,1980.0,2619.0,49.0,249.16,1980.0,2619.0,20260803,2026-08-10T05:14:59.058401+00:00
prefillq1024_b1_h524288_sparse_q8kv8_steady,full,prefill,sglang_sparse_q8kv8_fp8,steady,ok,,1,524288,1024,2048,64,576,512,10,30,0.5767040252685547,0.5744640231132507,0.5795519948005676,0.5768117308616638,0.0015366075393886496,0.6221930088941008,4.301831999327987,2.201739000156522,0.6068119837436825,7.7325759921222925,292057776128,2097152,506.42576318415155,3636444186.4670806,1312817152,2276.4140607283925,0.5117996596100571,0.6950012237108868,1053885440,1172307968,46.0,257.16,1980.0,2619.0,46.0,257.16,1980.0,2619.0,20260803,2026-08-10T05:14:59.120031+00:00
prefillq2048_b1_h2048_sparse_q8kv8_steady,full,prefill,sglang_sparse_q8kv8_fp8,steady,ok,,1,2048,2048,2048,64,576,512,10,30,0.8483200073242188,0.8455359935760498,0.8550080060958862,0.8500789284706116,0.00690137226438499,0.7747899799142033,7.67538498621434,0.583236018428579,0.8778799965512007,9.911290981108323,584115552256,4194304,688.5556714599062,4944247411.103416,2625634304,3095.0988793507386,0.6958622248205216,0.9449500184367439,859046912,880803840,46.0,257.16,1980.0,2619.0,45.0,264.7,1980.0,2619.0,20260803,2026-08-10T05:14:59.194866+00:00
prefillq2048_b1_h4096_sparse_q8kv8_steady,full,prefill,sglang_sparse_q8kv8_fp8,steady,ok,,1,4096,2048,2048,64,576,512,10,30,0.8501440286636353,0.8478720188140869,0.8529919981956482,0.8501226623853048,0.0015804342176700286,0.5946779856458306,7.506582012865692,0.5934679938945919,0.871880998602137,9.566608991008252,584115552256,4194304,687.0783450354727,4933639311.203705,2625634304,3088.458208813519,0.6943692218650558,0.9429225866837737,860226560,880803840,45.0,264.7,1980.0,2619.0,50.0,281.16,1980.0,2619.0,20260803,2026-08-10T05:14:59.270518+00:00
prefillq2048_b1_h8192_sparse_q8kv8_steady,full,prefill,sglang_sparse_q8kv8_fp8,steady,ok,,1,8192,2048,2048,64,576,512,10,30,0.8415679931640625,0.8381119966506958,0.845088005065918,0.8422272006670634,0.003599899506794245,0.6347860035020858,7.501415995648131,0.5902799894101918,0.865937996422872,9.59241998498328,584115552256,4194304,694.0800470083082,4983915778.724639,2625634304,3119.931277481624,0.7014452218376029,0.9525314806084891,862585856,880803840,51.0,285.84,1980.0,2619.0,51.0,285.84,1980.0,2619.0,20260803,2026-08-10T05:14:59.380993+00:00
prefillq2048_b1_h16384_sparse_q8kv8_steady,full,prefill,sglang_sparse_q8kv8_fp8,steady,ok,,1,16384,2048,2048,64,576,512,10,30,0.8409280180931091,0.8390399813652039,0.8432000279426575,0.841079463561376,0.0012893779276441806,0.6009310018271208,7.599098986247554,0.618956983089447,0.8691250113770366,9.688111982541159,584115552256,4194304,694.6082657354456,4987708709.6122875,2625634304,3122.305652217292,0.7019790457154579,0.9532563897431258,867304448,872415232,45.0,295.62,1980.0,2619.0,45.0,295.62,1980.0,2619.0,20260803,2026-08-10T05:14:59.527155+00:00
prefillq2048_b1_h32768_sparse_q8kv8_steady,full,prefill,sglang_sparse_q8kv8_fp8,steady,ok,,1,32768,2048,2048,64,576,512,10,30,0.8508480191230774,0.84825599193573,0.8594560027122498,0.8527285317579906,0.003947203564610207,0.62840900500305,7.604178012115881,0.6879819848109037,0.8913380152080208,9.811907017137855,584115552256,4194304,686.5098573750174,4929557224.946989,2625634304,3085.902822816815,0.6937947017433223,0.9421424138560788,877659136,880803840,46.0,310.53,1980.0,2619.0,46.0,307.85,1980.0,2619.0,20260803,2026-08-10T05:14:59.614269+00:00
prefillq2048_b1_h65536_sparse_q8kv8_steady,full,prefill,sglang_sparse_q8kv8_fp8,steady,ok,,1,65536,2048,2048,64,576,512,10,30,0.9142400026321411,0.9123200178146362,0.9187520146369934,0.9147712032000224,0.0018166779629151136,0.6456320115830749,7.787448004819453,0.8087560127023607,1.9323720189277083,11.174208048032597,584115552256,4194304,638.9083288570869,4587749374.261022,2625634304,2871.9311082873996,0.6456880534179756,0.8768157204381525,896533504,899678208,52.0,310.87,1980.0,2619.0,52.0,310.87,1980.0,2619.0,20260803,2026-08-10T05:14:59.806141+00:00
prefillq2048_b1_h131072_sparse_q8kv8_steady,full,prefill,sglang_sparse_q8kv8_fp8,steady,ok,,1,131072,2048,2048,64,576,512,10,30,0.9822720289230347,0.9790400266647339,0.9874560236930847,0.982913068930308,0.0040153484107378744,0.6421509897336364,7.901022006990388,1.0477860050741583,1.0145819978788495,10.605540999677032,584115552256,4194304,594.6576254405061,4270002480.4723845,2625634304,2673.0215527757127,0.6009677872061708,0.8160875836403253,934282240,937426944,45.0,319.0,1980.0,2619.0,48.0,326.11,1980.0,2619.0,20260803,2026-08-10T05:14:59.928491+00:00
prefillq2048_b1_h262144_sparse_q8kv8_steady,full,prefill,sglang_sparse_q8kv8_fp8,steady,ok,,1,262144,2048,2048,64,576,512,10,30,1.0745919942855835,1.0710400342941284,1.0797439813613892,1.0750922640164693,0.0034694699670103015,0.7209780160337687,7.903987017925829,1.4633499959018081,1.1168659839313477,11.205181013792753,584115552256,4194304,543.5696109427421,3903159545.4872913,2625634304,2443.377875475044,0.5493376563342517,0.745976157298861,1009779712,1012924416,48.0,326.11,1980.0,2619.0,46.0,317.52,1965.0,2619.0,20260803,2026-08-10T05:15:00.087194+00:00
prefillq2048_b1_h524288_sparse_q8kv8_steady,full,prefill,sglang_sparse_q8kv8_fp8,steady,ok,,1,524288,2048,2048,64,576,512,10,30,1.123263955116272,1.118623971939087,1.1278079748153687,1.123366395632426,0.002746258114944925,1.1251969845034182,8.110814000247046,2.6617190160322934,1.171134994365275,13.068864995148033,584115552256,4194304,520.016287886258,3734032398.0803223,2625634304,2337.5042811982817,0.525534399076562,0.7136523903487152,1160774656,1163919360,46.0,320.81,1965.0,2619.0,51.0,314.41,1965.0,2619.0,20260803,2026-08-10T05:15:00.215930+00:00
prefillq4096_b1_h2048_sparse_q8kv8_steady,full,prefill,sglang_sparse_q8kv8_fp8,steady,ok,,1,2048,4096,2048,64,576,512,10,30,1.6331199407577515,1.629215955734253,1.6368639469146729,1.632973857720693,0.0025852406651965944,0.8025139977689832,14.270009996835142,0.9735859930515289,1.6747470072004944,17.72085699485615,1168231104512,8388608,715.3369910907784,5136553532.074178,5251268608,3215.4825110784354,0.7229277322797154,0.9817037763795055,1070990336,1090519040,51.0,314.41,1965.0,2619.0,50.0,323.48,1965.0,2619.0,20260803,2026-08-10T05:15:00.391784+00:00
prefillq4096_b1_h4096_sparse_q8kv8_steady,full,prefill,sglang_sparse_q8kv8_fp8,steady,ok,,1,4096,4096,2048,64,576,512,10,30,1.6523840427398682,1.6472320556640625,1.6730879545211792,1.6544448018074036,0.007146614800171095,0.8569259953219444,14.21468800981529,1.0394440032541752,1.7117630050051957,17.822821013396606,1168231104512,8388608,706.9973288866433,5076669698.462226,5251268608,3177.9952312373534,0.7144995744180327,0.9702587120510904,1072169984,1090519040,48.0,333.13,1965.0,2619.0,50.0,320.83,1965.0,2619.0,20260803,2026-08-10T05:15:00.531683+00:00
prefillq4096_b1_h8192_sparse_q8kv8_steady,full,prefill,sglang_sparse_q8kv8_fp8,steady,ok,,1,8192,4096,2048,64,576,512,10,30,1.6319999694824219,1.6205439567565918,1.638592004776001,1.6293919960657754,0.005603211596038277,0.7954640022944659,14.607785997213796,0.9854710078798234,1.6700190026313066,18.05874001001939,1168231104512,8388608,715.8278960522878,5140078527.4894285,5251268608,3217.689158208382,0.7234238464399068,0.9823774773911396,1074529280,1090519040,48.0,335.07,1980.0,2619.0,58.0,375.34,1980.0,2619.0,20260803,2026-08-10T05:15:00.710265+00:00
prefillq4096_b1_h16384_sparse_q8kv8_steady,full,prefill,sglang_sparse_q8kv8_fp8,steady,ok,,1,16384,4096,2048,64,576,512,10,30,1.638368010520935,1.6358400583267212,1.6470719575881958,1.6395146648089092,0.004848177316227059,0.8285630028694868,14.422240026760846,1.0045790113508701,1.676140003837645,17.93152204481885,1168231104512,8388608,713.0456020931155,5120099969.0739565,5251268608,3205.1825806402967,0.7206120283912233,0.978559153271549,1080034304,1082130432,58.0,375.34,1980.0,2619.0,49.0,373.36,1935.0,2619.0,20260803,2026-08-10T05:15:00.893661+00:00
prefillq4096_b1_h32768_sparse_q8kv8_steady,full,prefill,sglang_sparse_q8kv8_fp8,steady,ok,,1,32768,4096,2048,64,576,512,10,30,1.6881599426269531,1.685920000076294,1.7015360593795776,1.6892181317011514,0.0038140683224297256,0.8117740217130631,14.360250992467627,1.0891440033446997,1.7380909994244576,17.999260016949847,1168231104512,8388608,692.0144679503,4969083668.071433,5251268608,3110.646376212717,0.6993577240528549,0.9496967512614649,1088685056,1092616192,49.0,373.36,1935.0,2619.0,53.0,383.64,1965.0,2619.0,20260803,2026-08-10T05:15:01.064905+00:00
prefillq4096_b1_h65536_sparse_q8kv8_steady,full,prefill,sglang_sparse_q8kv8_fp8,steady,ok,,1,65536,4096,2048,64,576,512,10,30,1.7899839878082275,1.7855039834976196,1.7955199480056763,1.7898858706156413,0.0028296657999274245,0.8093850046861917,14.579780021449551,1.167323993286118,1.833407994126901,18.38989701354876,1168231104512,8388608,652.648913324894,4686415106.020895,5251268608,2933.6958563690805,0.6595744449973664,0.8956728239148495,1107559424,1111490560,48.0,382.47,1965.0,2619.0,56.0,405.01,1965.0,2619.0,20260803,2026-08-10T05:15:01.218782+00:00
prefillq4096_b1_h131072_sparse_q8kv8_steady,full,prefill,sglang_sparse_q8kv8_fp8,steady,ok,,1,131072,4096,2048,64,576,512,10,30,1.9446719884872437,1.937567949295044,2.0108799934387207,1.962447992960612,0.027842715470931322,0.792673003161326,14.245769008994102,1.392787991790101,1.9777010020334274,18.408931005978957,1168231104512,8388608,600.7342685183452,4313636463.970194,5251268608,2700.336426445341,0.6071089120953463,0.8244269586922552,1145308160,1149239296,56.0,405.01,1965.0,2619.0,56.0,419.49,1935.0,2619.0,20260803,2026-08-10T05:15:01.399178+00:00
prefillq4096_b1_h262144_sparse_q8kv8_steady,full,prefill,sglang_sparse_q8kv8_fp8,steady,ok,,1,262144,4096,2048,64,576,512,10,30,2.1157760620117188,2.1022400856018066,2.123647928237915,2.1147594690322875,0.006931959666474211,0.7790090166963637,14.329850993817672,1.7945569998119026,2.144073019735515,19.047490030061454,1168231104512,8388608,552.1525295078839,3964790107.334874,5251268608,2481.9586071916315,0.5580116518523334,0.7577550582542125,1220805632,1224736768,47.0,413.54,1950.0,2619.0,48.0,405.05,1965.0,2619.0,20260803,2026-08-10T05:15:01.614084+00:00
prefillq4096_b1_h524288_sparse_q8kv8_steady,full,prefill,sglang_sparse_q8kv8_fp8,steady,ok,,1,524288,4096,2048,64,576,512,10,30,2.216928005218506,2.2101120948791504,2.2462079524993896,2.2239786942799884,0.012529695715075272,0.8588809869252145,14.62647199514322,2.6110179896932095,2.248746022814885,20.34511699457653,1168231104512,8388608,526.9594239244843,3783888326.6636343,5251268608,2368.714092491435,0.5325512116467754,0.7231809104078413,1371800576,1375731712,48.0,405.05,1965.0,2619.0,52.0,402.95,1935.0,2619.0,20260803,2026-08-10T05:15:01.861097+00:00
prefillq8192_b1_h2048_sparse_q8kv8_steady,full,prefill,sglang_sparse_q8kv8_fp8,steady,ok,,1,2048,8192,2048,64,576,512,10,30,3.2689599990844727,3.220736026763916,3.273888111114502,3.253121097882589,0.0231174359520486,0.9426980104763061,27.92928900453262,1.8278530042152852,3.2514570048078895,33.9512970240321,2336462209024,16777216,714.741755689383,5132279380.811861,10502537216,3212.806892388225,0.7223261805855311,0.980886895876103,1494877184,1509949440,47.0,399.44,1965.0,2619.0,57.0,424.32,1920.0,2619.0,20260803,2026-08-10T05:15:02.085849+00:00
prefillq8192_b1_h4096_sparse_q8kv8_steady,full,prefill,sglang_sparse_q8kv8_fp8,steady,ok,,1,4096,8192,2048,64,576,512,10,30,3.2231040000915527,3.219615936279297,3.2595200538635254,3.2303743998209637,0.017957391100193336,9.54421001370065,27.779512020060793,1.8221859936602414,3.250803012633696,42.39671104005538,2336462209024,16777216,724.9105858692839,5205297750.0953865,10502537216,3258.516391559712,0.7326029164924547,0.9948422471487226,1496056832,1509949440,57.0,424.32,1920.0,2619.0,57.0,385.92,1965.0,2619.0,20260803,2026-08-10T05:15:02.414097+00:00
prefillq8192_b1_h8192_sparse_q8kv8_steady,full,prefill,sglang_sparse_q8kv8_fp8,steady,ok,,1,8192,8192,2048,64,576,512,10,30,3.2763519287109375,3.22377610206604,3.2832000255584717,3.270251758893331,0.02258870926572859,0.8492720080539584,28.067719016689807,1.8501919985283166,3.251805028412491,34.01898805168457,2336462209024,16777216,713.1291936465653,5120700207.1358385,10502537216,3205.5583296670347,0.7206965069697477,0.9786738714319645,1498416128,1509949440,56.0,428.39,1905.0,2619.0,59.0,430.5,1965.0,2619.0,20260803,2026-08-10T05:15:02.642296+00:00
prefillq8192_b1_h16384_sparse_q8kv8_steady,full,prefill,sglang_sparse_q8kv8_fp8,steady,ok,,1,16384,8192,2048,64,576,512,10,30,3.25433611869812,3.2272961139678955,3.2601280212402344,3.2482741514841718,0.013504033703381633,0.9588060202077031,27.907097013667226,1.8377040105406195,3.242729988414794,33.94633703283034,2336462209024,16777216,717.9535622026311,5155342099.915493,10502537216,3227.244154547099,0.7255720689263578,0.9852946681880703,1503659008,1524629504,59.0,462.41,1875.0,2619.0,62.0,485.04,1890.0,2619.0,20260803,2026-08-10T05:15:02.852873+00:00
prefillq8192_b1_h32768_sparse_q8kv8_steady,full,prefill,sglang_sparse_q8kv8_fp8,steady,ok,,1,32768,8192,2048,64,576,512,10,30,3.3041601181030273,3.2986559867858887,3.3337600231170654,3.310980272293091,0.012335240326245491,0.8250440005213022,29.62850101175718,1.9053739961236715,3.361240989761427,35.72015999816358,2336462209024,16777216,707.12741680491,5077603808.629006,10502537216,3178.579984201758,0.7146310427538252,0.9704372402164366,1512571904,1535115264,62.0,485.04,1890.0,2619.0,62.0,525.47,1875.0,2619.0,20260803,2026-08-10T05:15:03.093394+00:00
prefillq8192_b1_h65536_sparse_q8kv8_steady,full,prefill,sglang_sparse_q8kv8_fp8,steady,ok,,1,65536,8192,2048,64,576,512,10,30,3.6474239826202393,3.5170559883117676,3.659712076187134,3.613336523373922,0.059662291840997375,0.9781699918676168,32.365258026402444,2.0179869898129255,3.55182500788942,38.913240015972406,2336462209024,16777216,640.5787262893223,4599743841.117031,10502537216,2879.4396445392617,0.6473761761387795,0.8791081161728951,1531446272,1553989632,62.0,525.47,1875.0,2619.0,60.0,563.52,1800.0,2619.0,20260803,2026-08-10T05:15:03.313562+00:00
prefillq8192_b1_h131072_sparse_q8kv8_steady,full,prefill,sglang_sparse_q8kv8_fp8,steady,ok,,1,131072,8192,2048,64,576,512,10,30,3.9659199714660645,3.9187839031219482,3.9791040420532227,3.96146027247111,0.018842045681433706,1.0105710243806243,36.0548950266093,2.230623009381816,3.896989015629515,43.19307807600126,2336462209024,16777216,589.1349865439392,4230346583.0648212,10502537216,2648.196960998578,0.5953865452692666,0.8085085047895687,1569195008,1591738368,60.0,563.52,1800.0,2619.0,60.0,525.7,1830.0,2619.0,20260803,2026-08-10T05:15:03.610346+00:00
prefillq8192_b1_h262144_sparse_q8kv8_steady,full,prefill,sglang_sparse_q8kv8_fp8,steady,ok,,1,262144,8192,2048,64,576,512,10,30,4.185919761657715,4.169663906097412,4.258880138397217,4.20469970703125,0.03178115922506415,1.0351870150770992,28.289770998526365,2.6177219988312572,4.212262982036918,36.15494299447164,2336462209024,16777216,558.1717620164583,4008011848.1190996,10502537216,2509.0154169225566,0.5640947569645864,0.7660156450240415,1644692480,1667235840,60.0,525.7,1830.0,2619.0,60.0,520.34,1860.0,2619.0,20260803,2026-08-10T05:15:03.872809+00:00
prefillq8192_b1_h524288_sparse_q8kv8_steady,full,prefill,sglang_sparse_q8kv8_fp8,steady,ok,,1,524288,8192,2048,64,576,512,10,30,4.445504188537598,4.394656181335449,4.474207878112793,4.436162122090658,0.028273573985786036,1.104858994949609,28.678175003733486,3.4478779998607934,4.430509987287223,37.66142198583111,2336462209024,16777216,525.5786767783044,3773973724.5684767,10502537216,2362.5075515798667,0.5311558128128392,0.7212860207201667,1795687424,1818230784,55.0,551.17,1875.0,2619.0,60.0,562.87,1755.0,2619.0,20260803,2026-08-10T05:15:04.135282+00:00
prefillq16384_b1_h2048_sparse_q8kv8_steady,full,prefill,sglang_sparse_q8kv8_fp8,steady,ok,,1,2048,16384,2048,64,576,512,10,30,6.451488018035889,6.406527996063232,6.552896022796631,6.460773340861002,0.05430011512256967,1.1900929966941476,61.36580399470404,3.3608180237933993,6.429581990232691,72.34629700542428,4672924418048,33554432,724.3173055556011,5201037637.548836,21005074432,3255.8495611055714,0.7320033406322397,0.9940280497401616,2536916992,2764046336,60.0,562.87,1755.0,2619.0,54.0,570.7,1935.0,2619.0,20260803,2026-08-10T05:15:04.408037+00:00
prefillq16384_b1_h4096_sparse_q8kv8_steady,full,prefill,sglang_sparse_q8kv8_fp8,steady,ok,,1,4096,16384,2048,64,576,512,10,30,6.468031883239746,6.403552055358887,6.570879936218262,6.492275190353394,0.057867952797491296,1.4593270025216043,55.657696997513995,3.4843420144170523,6.455530994571745,67.0568970090244,4672924418048,33554432,722.4646542260701,5187734477.151813,21005074432,3247.5217826970347,0.7301310300415059,0.9914855350524453,2538883072,2764046336,54.0,570.7,1935.0,2619.0,65.0,578.7,1830.0,2619.0,20260803,2026-08-10T05:15:04.871083+00:00
prefillq16384_b1_h8192_sparse_q8kv8_steady,full,prefill,sglang_sparse_q8kv8_fp8,steady,ok,,1,8192,16384,2048,64,576,512,10,30,6.514048099517822,6.4139838218688965,6.560480117797852,6.494935464859009,0.04455107334695712,1.3066219980828464,54.92614200920798,3.4213499748148024,6.45747099770233,66.11158497980796,4672924418048,33554432,717.3610551622877,5151087539.940599,21005074432,3224.5808000028155,0.7249732745450103,0.9844815319931287,2540980224,2766143488,53.0,531.14,1965.0,2619.0,64.0,535.7,1815.0,2619.0,20260803,2026-08-10T05:15:05.351053+00:00
prefillq16384_b1_h16384_sparse_q8kv8_steady,full,prefill,sglang_sparse_q8kv8_fp8,steady,ok,,1,16384,16384,2048,64,576,512,10,30,6.455647945404053,6.4423041343688965,6.541152000427246,6.473491175969442,0.03144260860321262,1.36477398336865,55.10889401193708,4.146933002630249,6.4734710031189024,67.09407200105488,4672924418048,33554432,723.850565825043,5197686163.150871,21005074432,3253.7515381324456,0.7315316481304123,0.9933875122567348,2545174528,2770337792,57.0,513.72,1830.0,2619.0,65.0,581.83,1830.0,2619.0,20260803,2026-08-10T05:15:05.751297+00:00
prefillq16384_b1_h32768_sparse_q8kv8_steady,full,prefill,sglang_sparse_q8kv8_fp8,steady,ok,,1,32768,16384,2048,64,576,512,10,30,6.680607795715332,6.625088214874268,6.688960075378418,6.669873078664144,0.020797146826150272,1.3337470008991659,55.28582297847606,3.466513007879257,6.641201005550101,66.72728399280459,4672924418048,33554432,699.4759400551882,5022661564.045181,21005074432,3144.186139092283,0.7068983729713878,0.959936617833372,2555660288,2780823552,59.0,572.2,1830.0,2619.0,61.0,605.64,1815.0,2619.0,20260803,2026-08-10T05:15:06.151393+00:00
prefillq16384_b1_h65536_sparse_q8kv8_steady,full,prefill,sglang_sparse_q8kv8_fp8,steady,ok,,1,65536,16384,2048,64,576,512,10,30,7.253824234008789,7.112224102020264,7.337344169616699,7.22868800163269,0.07282802171658828,1.4397519989870489,55.88813000940718,3.7189570139162242,7.150534976972267,68.19737399928272,4672924418048,33554432,644.2014952801707,4625757520.106924,21005074432,2895.724207586934,0.6510373878526232,0.8840798791930674,2574534656,2799697920,53.0,546.28,1965.0,2619.0,62.0,564.25,1770.0,2619.0,20260803,2026-08-10T05:15:06.617247+00:00
prefillq16384_b1_h131072_sparse_q8kv8_steady,full,prefill,sglang_sparse_q8kv8_fp8,steady,ok,,1,131072,16384,2048,64,576,512,10,30,7.92307186126709,7.8139519691467285,7.962495803833008,7.9177290598551435,0.04979979093728282,1.3771100202575326,58.70148801477626,3.8932269962970167,7.75747699663043,71.72930202796124,4672924418048,33554432,589.7869538319053,4235028103.6872787,21005074432,2651.1275929082367,0.5960454308558921,0.8094032421743868,2612283392,2837446656,62.0,564.25,1770.0,2619.0,62.0,542.46,1770.0,2619.0,20260803,2026-08-10T05:15:07.078087+00:00
prefillq16384_b1_h262144_sparse_q8kv8_steady,full,prefill,sglang_sparse_q8kv8_fp8,steady,ok,,1,262144,16384,2048,64,576,512,10,30,8.528223991394043,8.491071701049805,8.543456077575684,8.522349834442139,0.018988313238433505,1.2865049939136952,55.827448988566175,4.166698025073856,8.373618009500206,69.65427001705393,4672924418048,33554432,547.93640771672,3934515795.300437,21005074432,2463.0068878580737,0.5537507910224558,0.7519689983473284,2687780864,2912944128,63.0,547.67,1740.0,2619.0,57.0,587.79,1740.0,2619.0,20260803,2026-08-10T05:15:07.564680+00:00
prefillq16384_b1_h524288_sparse_q8kv8_steady,full,prefill,sglang_sparse_q8kv8_fp8,steady,ok,,1,524288,16384,2048,64,576,512,10,30,8.917471885681152,8.875264167785645,8.942591667175293,8.919134902954102,0.020459383320657658,1.3556260091718286,56.02776102023199,4.962826002156362,8.855187013978139,71.20140004553832,4672924418048,33554432,524.0189683750332,3762774072.0863485,21005074432,2355.496569126054,0.5295795536887652,0.7191455307851958,2838775808,3063939072,57.0,587.79,1740.0,2619.0,62.0,613.61,1755.0,2619.0,20260803,2026-08-10T05:15:08.090892+00:00
prefillq32768_b1_h2048_sparse_q8kv8_steady,full,prefill,sglang_sparse_q8kv8_fp8,steady,ok,,1,2048,32768,2048,64,576,512,10,30,12.904767990112305,12.811776161193848,12.998496055603027,12.890926996866861,0.057106874253082154,1.5273620083462447,124.9236700241454,6.652351003140211,12.847191974287853,145.9505750099197,9345848836096,67108864,724.2167269691973,5200315422.285711,42010148864,3255.3974543508552,0.7319016947642216,0.9938900191625104,4804593664,5389680640,62.0,613.61,1755.0,2619.0,67.0,644.75,1815.0,2619.0,20260803,2026-08-10T05:15:08.610251+00:00
prefillq32768_b1_h4096_sparse_q8kv8_steady,full,prefill,sglang_sparse_q8kv8_fp8,steady,ok,,1,4096,32768,2048,64,576,512,10,30,12.925056457519531,12.83135986328125,13.022272109985352,12.922385088602702,0.04593663527647757,1.9532580045051873,110.19021100946702,6.6688230144791305,12.878243025625125,131.69053505407646,9345848836096,67108864,723.0799236206645,5192152484.638273,42010148864,3250.287455383559,0.7307528283180036,0.9923299095160711,4804855808,5391777792,60.0,614.43,1905.0,2619.0,68.0,654.47,1815.0,2619.0,20260803,2026-08-10T05:15:09.352066+00:00
prefillq32768_b1_h8192_sparse_q8kv8_steady,full,prefill,sglang_sparse_q8kv8_fp8,steady,ok,,1,8192,32768,2048,64,576,512,10,30,12.975584030151367,12.95747184753418,12.988160133361816,12.97502400080363,0.019390033508593505,1.8867210019379854,109.50777199468575,8.1007519911509,12.923427013447508,132.41867200122215,9345848836096,67108864,720.2642142641942,5171933983.399832,42010148864,3237.6306736082943,0.7279072402872099,0.9884657272595111,4807215104,5393874944,68.0,654.47,1815.0,2619.0,67.0,648.35,1815.0,2619.0,20260803,2026-08-10T05:15:10.134882+00:00
prefillq32768_b1_h16384_sparse_q8kv8_steady,full,prefill,sglang_sparse_q8kv8_fp8,steady,ok,,1,16384,32768,2048,64,576,512,10,30,13.125151634216309,13.022560119628906,13.235615730285645,13.141928513844809,0.07311588390588773,1.775226992322132,110.45881500467658,6.692775001283735,13.070242013782263,131.9970590120647,9345848836096,67108864,712.0564467790267,5112997233.87973,42010148864,3200.736268408711,0.7196123767347415,0.9772016706873111,4812982272,5398069248,62.0,627.22,1905.0,2619.0,68.0,653.95,1800.0,2619.0,20260803,2026-08-10T05:15:10.843212+00:00
prefillq32768_b1_h32768_sparse_q8kv8_steady,full,prefill,sglang_sparse_q8kv8_fp8,steady,ok,,1,32768,32768,2048,64,576,512,10,30,13.642496109008789,13.550335884094238,13.699711799621582,13.639106019337971,0.039781511295838866,1.743319007800892,115.61086599249393,6.747242005076259,13.537677994463593,137.63910499983467,9345848836096,67108864,685.0541690772036,4919104499.922476,42010148864,3079.35941695147,0.6923235665257237,0.9401446775206264,4821370880,5406457856,68.0,653.95,1800.0,2619.0,67.0,667.15,1785.0,2619.0,20260803,2026-08-10T05:15:11.616861+00:00
prefillq32768_b1_h65536_sparse_q8kv8_steady,full,prefill,sglang_sparse_q8kv8_fp8,steady,ok,,1,65536,32768,2048,64,576,512,10,30,14.694432258605957,14.628447532653809,14.731871604919434,14.695530700683594,0.0331248595102994,1.9458450260572135,112.86786300479434,6.902808992890641,14.31992498692125,136.03644201066345,9345848836096,67108864,636.0129245975121,4566958615.273955,42010148864,2858.916093161496,0.6427619248079961,0.8728421676495073,4840245248,5425332224,66.0,650.26,1875.0,2619.0,66.0,666.27,1755.0,2619.0,20260803,2026-08-10T05:15:12.378162+00:00
prefillq32768_b1_h131072_sparse_q8kv8_steady,full,prefill,sglang_sparse_q8kv8_fp8,steady,ok,,1,131072,32768,2048,64,576,512,10,30,15.943872451782227,15.873215675354004,15.970815658569336,15.932326539357502,0.03657539672187425,1.9001180189661682,110.49385298974812,7.090091006830335,15.589240996632725,135.07330301217735,9345848836096,67108864,586.1718264718875,4209069296.242299,42010148864,2634.8773794476792,0.5923919418614325,0.8044419662643982,4877993984,5463080960,66.0,643.38,1860.0,2619.0,65.0,674.3,1740.0,2619.0,20260803,2026-08-10T05:15:13.180789+00:00
prefillq32768_b1_h262144_sparse_q8kv8_steady,full,prefill,sglang_sparse_q8kv8_fp8,steady,ok,,1,262144,32768,2048,64,576,512,10,30,17.048479080200195,16.922624588012695,17.106496810913086,17.03054402669271,0.050397220659597376,1.8768529989756644,121.55139501555823,7.453260011970997,16.776380012743175,147.65788803924806,9345848836096,67108864,548.1925274466333,3936354890.3279624,42010148864,2464.158161345304,0.5540096285463703,0.7523204882174074,4953491456,5538578432,65.0,674.3,1740.0,2619.0,64.0,647.4,1755.0,2619.0,20260803,2026-08-10T05:15:14.016599+00:00
prefillq32768_b1_h524288_sparse_q8kv8_steady,full,prefill,sglang_sparse_q8kv8_fp8,steady,ok,,1,524288,32768,2048,64,576,512,10,30,17.799039840698242,17.78211212158203,17.889375686645508,17.82159366607666,0.038592008769228844,1.8448540067765862,114.32796600274742,8.274385007098317,17.66402699286118,142.1112320094835,9345848836096,67108864,525.0760108265126,3770364278.1085753,42010148864,2360.2480380959682,0.530647812861559,0.7205961793317339,5104486400,5689573376,64.0,647.4,1755.0,2619.0,64.0,661.51,1770.0,2619.0,20260803,2026-08-10T05:15:14.963027+00:00
prefillq2_b2_h2048_sparse_q8kv8_steady,full,prefill,sglang_sparse_q8kv8_fp8,steady,ok,,2,2048,2,2048,64,576,512,10,30,0.0629120022058487,0.06230400130152702,0.06403200328350067,0.06306560064355532,0.0005696482967521246,1.1793329904321581,1.2829439947381616,0.31020198366604745,0.0940710015129298,2.866549970349297,1140850688,8192,18.13407057475496,130213627.17396426,5128192,81.51373061090163,0.01832649881228394,0.02488657204379111,283018240,291504128,64.0,632.72,1875.0,2619.0,64.0,632.72,1875.0,2619.0,20260803,2026-08-10T05:15:15.877256+00:00
prefillq2_b2_h4096_sparse_q8kv8_steady,full,prefill,sglang_sparse_q8kv8_fp8,steady,ok,,2,4096,2,2048,64,576,512,10,30,0.06326399743556976,0.06278400123119354,0.06425599753856659,0.06339839920401573,0.0004540097274043759,0.39417800144292414,0.8869789890013635,0.3326730220578611,0.09254799806512892,1.7063780105672777,1140850688,8192,18.033174226176296,129489130.18566391,5128192,81.0601954962256,0.01822453181018322,0.02474810538030773,297174016,312475648,54.0,610.09,1965.0,2619.0,54.0,610.09,1965.0,2619.0,20260803,2026-08-10T05:15:15.963154+00:00
prefillq2_b2_h8192_sparse_q8kv8_steady,full,prefill,sglang_sparse_q8kv8_fp8,steady,ok,,2,8192,2,2048,64,576,512,10,30,0.06304000318050385,0.06259199976921082,0.0650240033864975,0.06330346763134002,0.0007291826984430023,0.37656500353477895,0.84041798254475,0.4171699983999133,0.09308301378041506,1.7272359982598573,1140850688,8192,18.09724984837607,129949232.02246143,5128192,81.34821924606085,0.018289287365716087,0.024836040550822912,325485568,333447168,54.0,610.09,1965.0,2619.0,52.0,607.57,1965.0,2619.0,20260803,2026-08-10T05:15:16.026636+00:00
prefillq2_b2_h16384_sparse_q8kv8_steady,full,prefill,sglang_sparse_q8kv8_fp8,steady,ok,,2,16384,2,2048,64,576,512,10,30,0.06406400352716446,0.06351999938488007,0.06560000032186508,0.06413546651601791,0.0005312181660944507,0.3718910156749189,0.8306999807246029,0.49428700003772974,0.09571699774824083,1.7925949941854924,1140850688,8192,17.807983035531894,127872120.83188687,5128192,80.04794764076118,0.01799695102125507,0.024439060769143546,382108672,392167424,52.0,607.57,1965.0,2619.0,51.0,565.68,1965.0,2619.0,20260803,2026-08-10T05:15:16.102751+00:00
prefillq2_b2_h32768_sparse_q8kv8_steady,full,prefill,sglang_sparse_q8kv8_fp8,steady,ok,,2,32768,2,2048,64,576,512,10,30,0.06364800035953522,0.06310400366783142,0.06511999666690826,0.06378026629487674,0.0007101662972145913,0.3717350191436708,0.8092409989330918,0.5269779940135777,0.09704299736768007,1.8049970094580203,1140850688,8192,17.924375967124742,128707892.68672982,5128192,80.57114082189287,0.018114579047119498,0.024598794407850455,495354880,505413632,51.0,565.68,1965.0,2619.0,49.0,504.66,1980.0,2619.0,20260803,2026-08-10T05:15:16.201269+00:00
prefillq2_b2_h65536_sparse_q8kv8_steady,full,prefill,sglang_sparse_q8kv8_fp8,steady,ok,,2,65536,2,2048,64,576,512,10,30,0.06339199841022491,0.06300800293684006,0.06598400324583054,0.06393173262476921,0.0023756095489901588,0.3734179772436619,0.7747179770376533,0.6632840086240321,0.09729000157676637,1.9087099644821137,1140850688,8192,17.996761683032613,129227666.03740099,5128192,80.89651893941303,0.018187732878254283,0.024698134063911484,721835520,725614592,49.0,504.66,1980.0,2619.0,49.0,504.66,1980.0,2619.0,20260803,2026-08-10T05:15:16.301687+00:00
prefillq2_b2_h131072_sparse_q8kv8_steady,full,prefill,sglang_sparse_q8kv8_fp8,steady,ok,,2,131072,2,2048,64,576,512,10,30,0.06415999680757523,0.06332799792289734,0.0652799978852272,0.06413226599494616,0.0006244363913427946,0.40623199311085045,0.8317549945786595,1.057822024449706,0.09654398309066892,2.392352995229885,1140850688,8192,17.781339538117034,127680804.35803246,5128192,79.92818352812833,0.017970024798501297,0.02440249615364919,797332992,801112064,49.0,504.66,1980.0,2619.0,49.0,443.44,1980.0,2619.0,20260803,2026-08-10T05:15:16.358232+00:00
prefillq2_b2_h262144_sparse_q8kv8_steady,full,prefill,sglang_sparse_q8kv8_fp8,steady,ok,,2,262144,2,2048,64,576,512,10,30,0.06345599889755249,0.06278400123119354,0.06480000168085098,0.06363733311494192,0.0007419738005317218,0.45473899808712304,0.7876220042817295,1.9057129975408316,0.09723301627673209,3.245307016186416,1140850688,8192,17.97861049893587,129097329.52475777,5128192,80.81492828249837,0.018169389084321242,0.024673224005861274,948327936,952107008,49.0,443.44,1980.0,2619.0,48.0,389.38,1980.0,2619.0,20260803,2026-08-10T05:15:16.421173+00:00
prefillq2_b2_h524288_sparse_q8kv8_steady,full,prefill,sglang_sparse_q8kv8_fp8,steady,ok,,2,524288,2,2048,64,576,512,10,30,0.06380800157785416,0.0631679967045784,0.0652799978852272,0.06384533370534579,0.0005509880720737175,0.684387021465227,0.8739269978832453,3.488245012704283,0.09891699301078916,5.1454760250635445,1140850688,8192,17.879429848747293,128385152.29167116,5128192,80.36910533458614,0.018069155986606664,0.02453711190758235,1250317824,1254096896,47.0,328.04,1980.0,2619.0,47.0,267.68,1980.0,2619.0,20260803,2026-08-10T05:15:16.541459+00:00
prefillq4_b2_h2048_sparse_q8kv8_steady,full,prefill,sglang_sparse_q8kv8_fp8,steady,ok,,2,2048,4,2048,64,576,512,10,30,0.06393600255250931,0.06348799914121628,0.06486400216817856,0.06407786707083384,0.0006327962034233862,0.50630301120691,0.8569890051148832,0.3071510000154376,0.09675801265984774,1.7672010289970785,2281701376,16384,35.68726984653266,256256246.0257687,10256384,160.41641001213122,0.036065962452281615,0.04897597637666357,283443200,293601280,47.0,267.68,1980.0,2619.0,47.0,267.68,1980.0,2619.0,20260803,2026-08-10T05:15:16.723176+00:00
prefillq4_b2_h4096_sparse_q8kv8_steady,full,prefill,sglang_sparse_q8kv8_fp8,steady,ok,,2,4096,4,2048,64,576,512,10,30,0.06387200206518173,0.06329599767923355,0.06543999910354614,0.06404160012801488,0.0005508681139897193,0.4047710099257529,0.8515389927197248,0.39643101627007127,0.09544799104332924,1.7481890099588782,2281701376,16384,35.72302890508288,256513017.75823528,10256384,160.57714911665528,0.03610210096521766,0.04902505087337735,297598976,314572800,46.0,195.53,1980.0,2619.0,46.0,195.53,1980.0,2619.0,20260803,2026-08-10T05:15:16.782859+00:00
prefillq4_b2_h8192_sparse_q8kv8_steady,full,prefill,sglang_sparse_q8kv8_fp8,steady,ok,,2,8192,4,2048,64,576,512,10,30,0.06400000303983688,0.06358399987220764,0.06524799764156342,0.06416106671094894,0.0006154476954974739,0.4259510023985058,0.8505190198775381,0.49816499813459814,0.09927799692377448,1.8739130173344165,2281701376,16384,35.65158230664071,255999987.84065306,10256384,160.2559923882488,0.03602989621691836,0.04892700002968591,325910528,335544320,46.0,195.53,1980.0,2619.0,46.0,158.7,1980.0,2619.0,20260803,2026-08-10T05:15:16.866474+00:00
prefillq4_b2_h16384_sparse_q8kv8_steady,full,prefill,sglang_sparse_q8kv8_fp8,steady,ok,,2,16384,4,2048,64,576,512,10,30,0.06441599875688553,0.06377600133419037,0.06534399837255478,0.06454400022824605,0.0006667989798385014,0.4011449927929789,0.9133169951383024,0.5942390125710517,0.09806000161916018,2.006761002121493,2281701376,16384,35.421345939406166,254346751.0584657,10256384,159.22106616259953,0.03579721671491275,0.04861103159244712,382533632,394264576,46.0,158.7,1980.0,2619.0,45.0,156.35,1980.0,2619.0,20260803,2026-08-10T05:15:16.946181+00:00
prefillq4_b2_h32768_sparse_q8kv8_steady,full,prefill,sglang_sparse_q8kv8_fp8,steady,ok,,2,32768,4,2048,64,576,512,10,30,0.06406400352716446,0.06374400109052658,0.06492800265550613,0.06422186767061551,0.0004857905505660444,0.39000200922600925,0.8094359945971519,0.6169059779495001,0.0986139930319041,1.9149579748045653,2281701376,16384,35.61596607106379,255744241.66377375,10256384,160.09589528152236,0.03599390204251014,0.04887812153828709,495779840,507510784,45.0,156.35,1980.0,2619.0,45.0,155.15,1980.0,2619.0,20260803,2026-08-10T05:15:17.024843+00:00
prefillq4_b2_h65536_sparse_q8kv8_steady,full,prefill,sglang_sparse_q8kv8_fp8,steady,ok,,2,65536,4,2048,64,576,512,10,30,0.06412799656391144,0.06355199962854385,0.06576000154018402,0.06431893284122149,0.0006005709965428254,0.4323130124248564,0.859255000250414,0.7831169932615012,0.10403202031739056,2.178717026254162,2281701376,16384,35.580425060153,255489035.64562988,10256384,159.93613631416432,0.035957983891008585,0.048829346282621554,722249216,727711744,45.0,154.37,1980.0,2619.0,45.0,154.37,1980.0,2619.0,20260803,2026-08-10T05:15:17.141822+00:00
prefillq4_b2_h131072_sparse_q8kv8_steady,full,prefill,sglang_sparse_q8kv8_fp8,steady,ok,,2,131072,4,2048,64,576,512,10,30,0.06387200206518173,0.06358399987220764,0.06771200150251389,0.06474986697236697,0.0034942248695940576,0.44540499220602214,0.8277430024463683,1.161464984761551,0.10264001321047544,2.537252992624417,2281701376,16384,35.72302890508288,256513017.75823528,10256384,160.57714911665528,0.03610210096521766,0.04902505087337735,797746688,803209216,45.0,154.37,1980.0,2619.0,45.0,154.37,1980.0,2619.0,20260803,2026-08-10T05:15:17.243167+00:00
prefillq4_b2_h262144_sparse_q8kv8_steady,full,prefill,sglang_sparse_q8kv8_fp8,steady,ok,,2,262144,4,2048,64,576,512,10,30,0.06415999680757523,0.06364800035953522,0.0650240033864975,0.06464746644099553,0.0024330624920646544,0.4882680077571422,0.8510029874742031,2.0341080089565367,0.10489200940355659,3.4782710135914385,2281701376,16384,35.56267907623407,255361608.71606493,10256384,159.85636705625666,0.035940049597002595,0.04880499230729838,948741632,954204160,45.0,154.44,1980.0,2619.0,45.0,154.44,1980.0,2619.0,20260803,2026-08-10T05:15:17.282038+00:00
prefillq4_b2_h524288_sparse_q8kv8_steady,full,prefill,sglang_sparse_q8kv8_fp8,steady,ok,,2,524288,4,2048,64,576,512,10,30,0.06435199826955795,0.063680000603199,0.06537599861621857,0.06445120001832644,0.0004972791122547433,0.7806349894963205,0.8328589901793748,3.5742049803957343,0.10127699351869524,5.288975953590125,2281701376,16384,35.456573802765206,254599708.48722714,10256384,159.37941751300417,0.035832818395922394,0.04865937709522983,1250731520,1256194048,45.0,154.44,1980.0,2619.0,45.0,154.44,1980.0,2619.0,20260803,2026-08-10T05:15:17.332151+00:00
prefillq8_b2_h2048_sparse_q8kv8_steady,full,prefill,sglang_sparse_q8kv8_fp8,steady,ok,,2,2048,8,2048,64,576,512,10,30,0.06377600133419037,0.06323199719190598,0.06547199934720993,0.06397866656382879,0.0007284641538658938,0.5070769984740764,0.81019097706303,0.6903309840708971,0.09347201557829976,2.1010709751863033,4563402752,32768,71.55360412277142,513798283.2804703,20512768,321.6377253335744,0.07231288946212372,0.09819769459115615,284294144,293601280,45.0,154.44,1980.0,2619.0,44.0,155.19,1980.0,2619.0,20260803,2026-08-10T05:15:17.373967+00:00
prefillq8_b2_h4096_sparse_q8kv8_steady,full,prefill,sglang_sparse_q8kv8_fp8,steady,ok,,2,4096,8,2048,64,576,512,10,30,0.06400000303983688,0.06345599889755249,0.06508799642324448,0.06416106646259626,0.0008963604471256512,0.39046499296091497,0.8091920171864331,0.3961700131185353,0.09544601198285818,1.6912730352487415,4563402752,32768,71.30316461328142,511999975.6813061,20512768,320.5119847764976,0.07205979243383671,0.09785400005937182,298449920,314572800,44.0,155.19,1980.0,2619.0,44.0,155.19,1980.0,2619.0,20260803,2026-08-10T05:15:17.418454+00:00
prefillq8_b2_h8192_sparse_q8kv8_steady,full,prefill,sglang_sparse_q8kv8_fp8,steady,ok,,2,8192,8,2048,64,576,512,10,30,0.06431999802589417,0.06351999938488007,0.0663359984755516,0.06446506703893344,0.0009223449073955522,0.39370599552057683,0.9575340081937611,0.5116829997859895,0.09625102393329144,1.959174027433619,4563402752,32768,70.94842804819194,509452751.9545033,20512768,318.91742272351905,0.07170129161009797,0.09736717185126083,326761472,335544320,44.0,155.19,1980.0,2619.0,44.0,155.19,1980.0,2619.0,20260803,2026-08-10T05:15:17.456110+00:00
prefillq8_b2_h16384_sparse_q8kv8_steady,full,prefill,sglang_sparse_q8kv8_fp8,steady,ok,,2,16384,8,2048,64,576,512,10,30,0.06431999802589417,0.06393600255250931,0.06595200300216675,0.06446186626950899,0.0006078142708278206,0.4101100203115493,0.80245899152942,0.6327290029730648,0.09542700718156993,1.940725021995604,4563402752,32768,70.94842804819194,509452751.9545033,20512768,318.91742272351905,0.07170129161009797,0.09736717185126083,383384576,394264576,44.0,154.84,1980.0,2619.0,44.0,154.84,1980.0,2619.0,20260803,2026-08-10T05:15:17.495180+00:00
prefillq8_b2_h32768_sparse_q8kv8_steady,full,prefill,sglang_sparse_q8kv8_fp8,steady,ok,,2,32768,8,2048,64,576,512,10,30,0.06412799656391144,0.06377600133419037,0.06652799993753433,0.06471039950847626,0.0024961963876851258,0.3823899896815419,0.8413699979428202,0.6920019804965705,0.09978501475416124,2.015546982875094,4563402752,32768,71.160850120306,510978071.29125977,20512768,319.87227262832863,0.07191596778201717,0.09765869256524311,496630784,528482304,44.0,154.84,1980.0,2619.0,44.0,154.84,1980.0,2619.0,20260803,2026-08-10T05:15:17.539898+00:00
prefillq8_b2_h65536_sparse_q8kv8_steady,full,prefill,sglang_sparse_q8kv8_fp8,steady,ok,,2,65536,8,2048,64,576,512,10,30,0.06489600241184235,0.06435199826955795,0.06598400324583054,0.06498133391141891,0.0005513136858887971,1.6960779903456569,0.7875710143707693,0.8469860185869038,0.09929001680575311,3.429925040109083,4563402752,32768,70.31870350102277,504930947.7038055,20512768,316.0867732625822,0.07106488479133174,0.09650295963557184,723077120,748683264,44.0,154.84,1980.0,2619.0,44.0,154.38,1980.0,2619.0,20260803,2026-08-10T05:15:17.579228+00:00
prefillq8_b2_h131072_sparse_q8kv8_steady,full,prefill,sglang_sparse_q8kv8_fp8,steady,ok,,2,131072,8,2048,64,576,512,10,30,0.0655680000782013,0.06508799642324448,0.06815999746322632,0.06586879963676134,0.000975715310233216,0.4390010144561529,0.7933480083011091,1.2481670128181577,0.10113700409419835,2.581653039669618,4563402752,32768,69.59801651045242,499755977.93006396,20512768,312.84724218422,0.07033655028848149,0.09551391370471392,798574592,824180736,44.0,154.38,1980.0,2619.0,44.0,154.38,1980.0,2619.0,20260803,2026-08-10T05:15:17.625059+00:00
prefillq8_b2_h262144_sparse_q8kv8_steady,full,prefill,sglang_sparse_q8kv8_fp8,steady,ok,,2,262144,8,2048,64,576,512,10,30,0.06614399701356888,0.06566400080919266,0.06963200122117996,0.06652266606688499,0.001082845254967054,0.4323699977248907,0.8061839907895774,2.126509993104264,0.10087800910696387,3.465941990725696,4563402752,32768,68.99194118952104,495403989.46979153,20512768,310.1228974080895,0.06972404364782318,0.09468215687018829,949569536,975175680,44.0,154.38,1980.0,2619.0,44.0,153.46,1980.0,2619.0,20260803,2026-08-10T05:15:17.663711+00:00
prefillq8_b2_h524288_sparse_q8kv8_steady,full,prefill,sglang_sparse_q8kv8_fp8,steady,ok,,2,524288,8,2048,64,576,512,10,30,0.06649599969387054,0.06569600105285645,0.06771200150251389,0.06657386620839437,0.0006122896029909379,0.6626919785048813,0.7882909849286079,3.656623972347006,0.10225400910712779,5.209860944887623,4563402752,32768,68.62672601372508,492781522.96160585,20512768,308.48123337396527,0.06935495302043969,0.09418094817871085,1251559424,1277165568,44.0,153.46,1980.0,2619.0,44.0,153.46,1980.0,2619.0,20260803,2026-08-10T05:15:17.705555+00:00
prefillq16_b2_h2048_sparse_q8kv8_steady,full,prefill,sglang_sparse_q8kv8_fp8,steady,ok,,2,2048,16,2048,64,576,512,10,30,0.06217600032687187,0.06172800064086914,0.06761600077152252,0.06338026709854602,0.002326343491940291,0.5354689783416688,0.9517770085949451,0.17602401203475893,0.09050001972354949,1.7537700186949223,9126805504,65536,146.78984585722029,1054040138.5657477,41025536,659.8291267421581,0.14834749454999524,0.20144931382964287,285996032,293601280,44.0,153.46,1980.0,2619.0,44.0,153.46,1980.0,2619.0,20260803,2026-08-10T05:15:17.750524+00:00
prefillq16_b2_h4096_sparse_q8kv8_steady,full,prefill,sglang_sparse_q8kv8_fp8,steady,ok,,2,4096,16,2048,64,576,512,10,30,0.06207999959588051,0.06163199990987778,0.06265600025653839,0.06215893340607484,0.000595047540541732,0.4043219960294664,0.9837370016612113,0.3069600206799805,0.09338298696093261,1.7884020053315908,9126805504,65536,147.01684219414255,1055670109.9648335,41025536,660.8494888379857,0.1485768996403664,0.20176083576120285,300151808,314572800,44.0,154.96,1980.0,2619.0,44.0,154.96,1980.0,2619.0,20260803,2026-08-10T05:15:17.788275+00:00
prefillq16_b2_h8192_sparse_q8kv8_steady,full,prefill,sglang_sparse_q8kv8_fp8,steady,ok,,2,8192,16,2048,64,576,512,10,30,0.06224000081419945,0.06159999966621399,0.06518399715423584,0.06270506667594115,0.0013509595159202112,0.4000830231234431,1.0941439832095057,0.4818880115635693,0.09308400331065059,2.0691990212071687,9126805504,65536,146.63890399432339,1052956284.4261501,41025536,659.1506340507699,0.14819495097960927,0.20124216643105286,328463360,356515840,44.0,154.96,1980.0,2619.0,44.0,154.96,1980.0,2619.0,20260803,2026-08-10T05:15:17.834089+00:00
prefillq16_b2_h16384_sparse_q8kv8_steady,full,prefill,sglang_sparse_q8kv8_fp8,steady,ok,,2,16384,16,2048,64,576,512,10,30,0.062431998550891876,0.06191999837756157,0.06374400109052658,0.06263786715765794,0.0007613801224093009,0.47629597247578204,0.9454359824303538,0.49077600124292076,0.0945619831327349,2.0070699392817914,9126805504,65536,146.1879439364771,1049718117.6504846,41025536,657.1235416492034,0.147739205595227,0.20062328442537194,385985536,415236096,44.0,154.96,1980.0,2619.0,44.0,155.18,1980.0,2619.0,20260803,2026-08-10T05:15:17.872661+00:00
prefillq16_b2_h32768_sparse_q8kv8_steady,full,prefill,sglang_sparse_q8kv8_fp8,steady,ok,,2,32768,16,2048,64,576,512,10,30,0.0644799992442131,0.06387200206518173,0.06563200056552887,0.06462613294521967,0.0005944130642789478,0.4757479764521122,0.9454289975110441,0.5184320034459233,0.098342978162691,2.0379519555717707,9126805504,65536,141.54475203129138,1016377183.1291028,41025536,636.2521166388184,0.14304674283101707,0.19425112824647092,499231744,528482304,44.0,155.18,1980.0,2619.0,44.0,155.18,1980.0,2619.0,20260803,2026-08-10T05:15:17.920274+00:00
prefillq16_b2_h65536_sparse_q8kv8_steady,full,prefill,sglang_sparse_q8kv8_fp8,steady,ok,,2,65536,16,2048,64,576,512,10,30,0.06627199798822403,0.06572800129652023,0.06857600063085556,0.06642559990286827,0.0006965621410262517,0.4867489915341139,0.9618530166335404,0.6669609865639359,0.0995940063148737,2.215157001046464,9126805504,65536,137.71737356736634,988894284.002803,41025536,619.0478217857546,0.13917875044706046,0.1889985662533613,725632000,748683264,44.0,155.18,1980.0,2619.0,44.0,155.18,1980.0,2619.0,20260803,2026-08-10T05:15:17.959533+00:00
prefillq16_b2_h131072_sparse_q8kv8_steady,full,prefill,sglang_sparse_q8kv8_fp8,steady,ok,,2,131072,16,2048,64,576,512,10,30,0.06796800345182419,0.06748799979686737,0.07081600278615952,0.06827200055122376,0.0010541151820628375,0.518962973728776,0.9301489917561412,1.0594360064715147,0.10170601308345795,2.61025398503989,9126805504,65536,134.28091220112256,964218406.7750643,41025536,603.6007226411903,0.13570582334625828,0.18428248538149197,801129472,824180736,43.0,155.56,1980.0,2619.0,43.0,155.56,1980.0,2619.0,20260803,2026-08-10T05:15:17.998052+00:00
prefillq16_b2_h262144_sparse_q8kv8_steady,full,prefill,sglang_sparse_q8kv8_fp8,steady,ok,,2,262144,16,2048,64,576,512,10,30,0.06969600170850754,0.0689919963479042,0.0732479989528656,0.07001919994751613,0.001083642139217061,0.5589170032180846,0.9309799934271723,1.9101820071227849,0.1026210084091872,3.502700012177229,9126805504,65536,130.95163682662047,940312189.9889454,41025536,588.6354309330799,0.1323412196327645,0.1797135028621171,952124416,975175680,43.0,155.56,1980.0,2619.0,43.0,155.56,1980.0,2619.0,20260803,2026-08-10T05:15:18.043411+00:00
prefillq16_b2_h524288_sparse_q8kv8_steady,full,prefill,sglang_sparse_q8kv8_fp8,steady,ok,,2,524288,16,2048,64,576,512,10,30,0.0697920024394989,0.06943999975919724,0.0708480030298233,0.0699829342464606,0.0005465339049261715,0.7815420103725046,0.932824012124911,3.4724260040093213,0.10559099609963596,5.292383022606373,9126805504,65536,130.77150941344345,939018765.8938668,41025536,587.8257474495606,0.13215918081196912,0.17946630222249169,1254114304,1277165568,44.0,156.2,1980.0,2619.0,44.0,156.2,1980.0,2619.0,20260803,2026-08-10T05:15:18.083007+00:00
prefillq32_b2_h2048_sparse_q8kv8_steady,full,prefill,sglang_sparse_q8kv8_fp8,steady,ok,,2,2048,32,2048,64,576,512,10,30,0.06255999952554703,0.06201599910855293,0.06572800129652023,0.06322346652547518,0.002590550424937791,0.4920009814668447,1.0575679771136492,0.16450800467282534,0.0918970035854727,1.805973966838792,18253611008,131072,291.77767177804964,2095140680.8511145,82051072,1311.5580662127977,0.29487384717337,0.40042559774653286,289440768,295698432,44.0,156.2,1980.0,2619.0,44.0,156.2,1980.0,2619.0,20260803,2026-08-10T05:15:18.135798+00:00
prefillq32_b2_h4096_sparse_q8kv8_steady,full,prefill,sglang_sparse_q8kv8_fp8,steady,ok,,2,4096,32,2048,64,576,512,10,30,0.06265600025653839,0.062111999839544296,0.06329599767923355,0.06273706716795763,0.0005064865385409582,0.38268600474111736,1.0668750037439167,0.28439000016078353,0.09267398854717612,1.8266249971929938,18253611008,131072,291.33061372035417,2091930532.8035543,82051072,1309.5485135350252,0.2944220451949006,0.39981207071107044,303707136,316669952,44.0,156.2,1980.0,2619.0,44.0,158.28,1980.0,2619.0,20260803,2026-08-10T05:15:18.176113+00:00
prefillq32_b2_h8192_sparse_q8kv8_steady,full,prefill,sglang_sparse_q8kv8_fp8,steady,ok,,2,8192,32,2048,64,576,512,10,30,0.06249599903821945,0.06207999959588051,0.06451199948787689,0.062765867014726,0.0009175950095712134,0.39629999082535505,1.0594779741950333,0.4773419932462275,0.09483899339102209,2.027958951657638,18253611008,131072,292.0764735169206,2097286258.5946162,82051072,1312.9011978802298,0.2951758196229617,0.40083566293132233,331867136,358612992,44.0,158.28,1980.0,2619.0,44.0,158.28,1980.0,2619.0,20260803,2026-08-10T05:15:18.221830+00:00
prefillq32_b2_h16384_sparse_q8kv8_steady,full,prefill,sglang_sparse_q8kv8_fp8,steady,ok,,2,16384,32,2048,64,576,512,10,30,0.06304000318050385,0.0626240000128746,0.0634239986538887,0.0630890667438507,0.0004568063575172817,1.814456016290933,1.0690460039768368,0.5385270051192492,0.09538501035422087,3.51741403574124,18253611008,131072,289.5559975740171,2079187712.3593829,82051072,1301.5715079369736,0.2926285978514574,0.3973766488131666,388490240,417333248,44.0,158.28,1980.0,2619.0,43.0,158.49,1980.0,2619.0,20260803,2026-08-10T05:15:18.263641+00:00
prefillq32_b2_h32768_sparse_q8kv8_steady,full,prefill,sglang_sparse_q8kv8_fp8,steady,ok,,2,32768,32,2048,64,576,512,10,30,0.06815999746322632,0.06755200028419495,0.07014399766921997,0.06840000028411547,0.0008108382541180719,0.47767997602932155,1.050667982781306,0.5129399942234159,0.10184600250795484,2.143133955541998,18253611008,131072,267.8053357887548,1923004766.4059253,82051072,1203.8009837701093,0.27064713066069207,0.36752679192154153,501736448,530579456,43.0,158.49,1980.0,2619.0,43.0,158.49,1980.0,2619.0,20260803,2026-08-10T05:15:18.327888+00:00
prefillq32_b2_h65536_sparse_q8kv8_steady,full,prefill,sglang_sparse_q8kv8_fp8,steady,ok,,2,65536,32,2048,64,576,512,10,30,0.07161600142717361,0.07110399752855301,0.0727040022611618,0.07176106671492259,0.0005443602365504698,0.4679239937104285,1.059344009263441,0.6538140005432069,0.1070429862011224,2.2881249897181988,18253611008,131072,254.88173933533716,1830205504.1887147,82051072,1145.7086456221352,0.2575863964985722,0.3497908945742242,728044544,750780416,43.0,158.49,1980.0,2619.0,43.0,157.34,1980.0,2619.0,20260803,2026-08-10T05:15:18.368045+00:00
prefillq32_b2_h131072_sparse_q8kv8_steady,full,prefill,sglang_sparse_q8kv8_fp8,steady,ok,,2,131072,32,2048,64,576,512,10,30,0.07337599992752075,0.07251200079917908,0.07542400062084198,0.07347093323866526,0.0006673358637430963,0.5322840006556362,1.0820019815582782,1.061287010088563,0.10861200280487537,2.7841849951073527,18253611008,131072,248.76813980089574,1786306150.9140608,82051072,1118.227650472202,0.25140792299231507,0.3414008017578561,803542016,826277888,43.0,157.34,1980.0,2619.0,43.0,157.34,1980.0,2619.0,20260803,2026-08-10T05:15:18.407373+00:00
prefillq32_b2_h262144_sparse_q8kv8_steady,full,prefill,sglang_sparse_q8kv8_fp8,steady,ok,,2,262144,32,2048,64,576,512,10,30,0.07664000242948532,0.07609599828720093,0.0783040001988411,0.07689919993281365,0.0008589819225478593,0.5490850016940385,1.0907929972745478,1.926902012201026,0.11212399112991989,3.6789040022995323,18253611008,131072,238.17341374427437,1710229590.8797274,82051072,1070.6037238907093,0.24070077184868557,0.3268609656959298,954536960,977272832,43.0,158.02,1980.0,2619.0,43.0,158.02,1980.0,2619.0,20260803,2026-08-10T05:15:18.484944+00:00
prefillq32_b2_h524288_sparse_q8kv8_steady,full,prefill,sglang_sparse_q8kv8_fp8,steady,ok,,2,524288,32,2048,64,576,512,10,30,0.07756800204515457,0.07689599692821503,0.07926400005817413,0.07773653293649356,0.0007195345446519093,8.191750996047631,1.0903340007644147,3.4760959970299155,0.1137469953391701,12.871927989181131,18253611008,131072,235.32398059413785,1689768932.3453143,82051072,1057.7953516481668,0.2378211021668902,0.3229505020698778,1256526848,1279262720,43.0,159.0,1980.0,2619.0,43.0,159.0,1980.0,2619.0,20260803,2026-08-10T05:15:18.595367+00:00
prefillq64_b2_h2048_sparse_q8kv8_steady,full,prefill,sglang_sparse_q8kv8_fp8,steady,ok,,2,2048,64,2048,64,576,512,10,30,0.06486400216817856,0.06428799778223038,0.0658240020275116,0.06494400004545847,0.000671022254978355,0.49118700553663075,1.2654869933612645,0.2733060100581497,0.0942750193644315,2.1242550283204764,36507222016,262144,562.8271582956683,4041440417.449364,164102144,2529.941701323302,0.5687995536085582,0.7724045500642726,308347904,316669952,43.0,159.0,1980.0,2619.0,44.0,159.17,1980.0,2619.0,20260803,2026-08-10T05:15:18.645420+00:00
prefillq64_b2_h4096_sparse_q8kv8_steady,full,prefill,sglang_sparse_q8kv8_fp8,steady,ok,,2,4096,64,2048,64,576,512,10,30,0.06505600363016129,0.06457599997520447,0.06623999774456024,0.0651786670088768,0.0007523327707255631,0.38341101026162505,1.371675985865295,0.37711000186391175,0.09648699779063463,2.2286839957814664,36507222016,262144,561.1660719822407,4029512810.074683,164102144,2522.475019106752,0.5671208408107536,0.7701249325873438,310363136,337641472,44.0,159.17,1980.0,2619.0,44.0,159.17,1980.0,2619.0,20260803,2026-08-10T05:15:18.708974+00:00
prefillq64_b2_h8192_sparse_q8kv8_steady,full,prefill,sglang_sparse_q8kv8_fp8,steady,ok,,2,8192,64,2048,64,576,512,10,30,0.06515199691057205,0.06470400094985962,0.06659200042486191,0.06525760044654211,0.0005150009079085926,0.4709300119429827,1.1675409914460033,0.3756880178116262,0.09851300274021924,2.1126720239408314,36507222016,262144,560.3392642916224,4023575829.299908,164102144,2518.758469141743,0.5662852595165461,0.7689902502735131,338674688,358612992,44.0,159.17,1980.0,2619.0,43.0,159.1,1980.0,2619.0,20260803,2026-08-10T05:15:18.767923+00:00
prefillq64_b2_h16384_sparse_q8kv8_steady,full,prefill,sglang_sparse_q8kv8_fp8,steady,ok,,2,16384,64,2048,64,576,512,10,30,0.06806399673223495,0.0676800012588501,0.06905599683523178,0.06819840023914973,0.0005354235845958479,0.4780309973284602,1.1679829913191497,0.505737989442423,0.0958339951466769,2.24758597323671,36507222016,262144,536.3661226010588,3851434129.430856,164102144,2410.9977650237165,0.542057728752965,0.7360903387319322,395297792,417333248,43.0,159.1,1980.0,2619.0,43.0,159.1,1980.0,2619.0,20260803,2026-08-10T05:15:18.808431+00:00
prefillq64_b2_h32768_sparse_q8kv8_steady,full,prefill,sglang_sparse_q8kv8_fp8,steady,ok,,2,32768,64,2048,64,576,512,10,30,0.07311999797821045,0.07260800153017044,0.07411199808120728,0.07328213329116504,0.0005811285165630146,0.45351701555773616,1.1696979927364737,0.6302749970927835,0.1158030063379556,2.369293011724949,36507222016,262144,499.27821424282655,3585120449.239046,164102144,2244.285401223643,0.5045762650255953,0.6851921744446708,508544000,551550976,43.0,160.05,1980.0,2619.0,43.0,160.05,1980.0,2619.0,20260803,2026-08-10T05:15:18.867056+00:00
prefillq64_b2_h65536_sparse_q8kv8_steady,full,prefill,sglang_sparse_q8kv8_fp8,steady,ok,,2,65536,64,2048,64,576,512,10,30,0.07958400249481201,0.07872000336647034,0.08073599636554718,0.07975680058201154,0.0007947179260770344,0.47343000187538564,1.1629030050244182,0.7518540078308433,0.11047100997529924,2.4986580247059464,36507222016,262144,458.7256341923725,3293928324.566094,164102144,2061.999131178375,0.46359336451983074,0.6295392144086495,734667776,771751936,43.0,160.05,1980.0,2619.0,43.0,160.05,1980.0,2619.0,20260803,2026-08-10T05:15:18.944737+00:00
prefillq64_b2_h131072_sparse_q8kv8_steady,full,prefill,sglang_sparse_q8kv8_fp8,steady,ok,,2,131072,64,2048,64,576,512,10,30,0.08499199897050858,0.08422400057315826,0.08752000331878662,0.08520853345592817,0.0009618356008854462,0.5270699912216514,1.1770860000979155,1.1485230061225593,0.11805898975580931,2.9707379871979356,36507222016,262144,429.53716182940536,3084337386.757564,164102144,1930.795204110235,0.4340951610201166,0.5894819632076733,810165248,847249408,43.0,160.48,1980.0,2619.0,43.0,160.48,1980.0,2619.0,20260803,2026-08-10T05:15:19.000774+00:00
prefillq64_b2_h262144_sparse_q8kv8_steady,full,prefill,sglang_sparse_q8kv8_fp8,steady,ok,,2,262144,64,2048,64,576,512,10,30,0.08953599631786346,0.088639996945858,0.09270399808883667,0.09002346595128377,0.0013800293811416509,0.5154229875188321,1.1860379891004413,1.9965329847764224,0.12100901221856475,3.8190029736142606,36507222016,262144,407.7379324221178,2927805695.8159885,164102144,1832.806365580809,0.4120646108358947,0.5595654537892731,961160192,998244352,43.0,161.42,1980.0,2619.0,43.0,161.27,1980.0,2619.0,20260803,2026-08-10T05:15:19.096546+00:00
prefillq64_b2_h524288_sparse_q8kv8_steady,full,prefill,sglang_sparse_q8kv8_fp8,steady,ok,,2,524288,64,2048,64,576,512,10,30,0.09148799628019333,0.08966399729251862,0.09446399658918381,0.09161599924166998,0.0011828749639861305,0.7689689809922129,1.203421998070553,3.549403016222641,0.1235370000358671,5.645330995321274,36507222016,262144,399.03838208667406,2865337647.106747,164102144,1793.7013670888236,0.4032727459188217,0.5476264914212207,1263150080,1300234240,43.0,161.27,1980.0,2619.0,43.0,161.27,1980.0,2619.0,20260803,2026-08-10T05:15:19.204081+00:00
prefillq128_b2_h2048_sparse_q8kv8_steady,full,prefill,sglang_sparse_q8kv8_fp8,steady,ok,,2,2048,128,2048,64,576,512,10,30,0.11673600226640701,0.1162559986114502,0.11823999881744385,0.11685226683815321,0.0005856070683551921,0.567912997212261,1.3843950000591576,0.48302102368324995,0.14815598842687905,2.5834850093815476,73014444032,524288,625.4663738216029,4491227982.979111,328204288,2811.508717344923,0.6321034601532116,0.858368445678691,344474624,371195904,43.0,162.9,1980.0,2619.0,43.0,162.9,1980.0,2619.0,20260803,2026-08-10T05:15:19.289502+00:00
prefillq128_b2_h4096_sparse_q8kv8_steady,full,prefill,sglang_sparse_q8kv8_fp8,steady,ok,,2,4096,128,2048,64,576,512,10,30,0.11763200163841248,0.11715199798345566,0.11926399916410446,0.11786453326543173,0.0006070972744417268,0.4422399797476828,1.3841360050719231,0.4415780131239444,0.1479410275351256,2.415895025478676,73014444032,524288,620.7022155113724,4457018436.289151,328204288,2790.093541117009,0.6272887473586382,0.8518302793841009,346833920,371195904,43.0,162.9,1980.0,2619.0,43.0,162.9,1980.0,2619.0,20260803,2026-08-10T05:15:19.354745+00:00
prefillq128_b2_h8192_sparse_q8kv8_steady,full,prefill,sglang_sparse_q8kv8_fp8,steady,ok,,2,8192,128,2048,64,576,512,10,30,0.1191679984331131,0.11852800101041794,0.12211199849843979,0.11950186640024185,0.0012144457306288944,0.5670049868058413,1.3985599798616022,0.5398229986894876,0.15023499145172536,2.6556229568086565,73014444032,524288,612.7017738993219,4399570412.305562,328204288,2754.1310781032817,0.6192034097011844,0.8408507496784199,352289792,392167424,44.0,166.77,1980.0,2619.0,44.0,166.77,1980.0,2619.0,20260803,2026-08-10T05:15:19.393536+00:00
prefillq128_b2_h16384_sparse_q8kv8_steady,full,prefill,sglang_sparse_q8kv8_fp8,steady,ok,,2,16384,128,2048,64,576,512,10,30,0.12329600006341934,0.12252800166606903,0.12428800016641617,0.12345386619369189,0.0006926074957132465,0.529356999322772,1.380161993438378,0.6630029820371419,0.15180298942141235,2.7243249642197043,73014444032,524288,592.1882623478767,4252270955.5080767,328204288,2661.921618148056,0.5984722206648577,0.8126987150322726,408912896,471859200,44.0,166.77,1980.0,2619.0,43.0,171.61,1980.0,2619.0,20260803,2026-08-10T05:15:19.473950+00:00
prefillq128_b2_h32768_sparse_q8kv8_steady,full,prefill,sglang_sparse_q8kv8_fp8,steady,ok,,2,32768,128,2048,64,576,512,10,30,0.12624000012874603,0.12521600723266602,0.12783999741077423,0.12630719915032387,0.0007667692652343065,0.6169999833218753,1.421335997292772,0.6699700024910271,0.1550240267533809,2.8633300098590553,73014444032,524288,578.3780414887209,4153105192.215654,328204288,2599.8438503269995,0.5845154537531287,0.7937460449775686,522159104,585105408,43.0,171.61,1980.0,2619.0,43.0,171.61,1980.0,2619.0,20260803,2026-08-10T05:15:19.520758+00:00
prefillq128_b2_h65536_sparse_q8kv8_steady,full,prefill,sglang_sparse_q8kv8_fp8,steady,ok,,2,65536,128,2048,64,576,512,10,30,0.13609600067138672,0.13475200533866882,0.1380160003900528,0.136237866183122,0.0008462248486994503,0.5688820092473179,2.5961920036934316,0.8223330078180879,0.16956499894149601,4.1569720197003335,73014444032,524288,536.4922089687152,3852339506.0368447,328204288,2411.564530779065,0.5421851530760133,0.7362633753074482,747914240,805306368,43.0,171.61,1980.0,2619.0,43.0,173.39,1980.0,2619.0,20260803,2026-08-10T05:15:19.582302+00:00
prefillq128_b2_h131072_sparse_q8kv8_steady,full,prefill,sglang_sparse_q8kv8_fp8,steady,ok,,2,131072,128,2048,64,576,512,10,30,0.14499199390411377,0.14342400431632996,0.1467200070619583,0.1450570672750473,0.0011836668172654388,0.5779910134151578,1.398546010022983,1.2223250232636929,0.17463401309214532,3.373496059793979,73014444032,524288,503.57569453307866,3615978964.650439,328204288,2263.6028318711747,0.5089193476837581,0.6910898879453021,823411712,880803840,43.0,173.39,1980.0,2619.0,43.0,173.39,1980.0,2619.0,20260803,2026-08-10T05:15:19.631811+00:00
prefillq128_b2_h262144_sparse_q8kv8_steady,full,prefill,sglang_sparse_q8kv8_fp8,steady,ok,,2,262144,128,2048,64,576,512,10,30,0.15462400019168854,0.15296000242233276,0.15705600380897522,0.15490773270527522,0.0012163852402233462,0.6224889948498458,1.4069699973333627,2.0926209981553257,0.1867969986051321,4.308876988943666,73014444032,524288,472.2064100106287,3390728472.6176805,328204288,2122.596023858668,0.47721719051099415,0.6480397654693846,974406656,1031798784,43.0,177.22,1980.0,2619.0,43.0,177.22,1980.0,2619.0,20260803,2026-08-10T05:15:19.694371+00:00
prefillq128_b2_h524288_sparse_q8kv8_steady,full,prefill,sglang_sparse_q8kv8_fp8,steady,ok,,2,524288,128,2048,64,576,512,10,30,0.15964800119400024,0.15750400722026825,0.16406400501728058,0.1598474681377411,0.0018182591237776396,0.8716869924683124,1.457512000342831,3.6335600016172975,0.19619398517534137,6.158952979603782,73014444032,524288,457.3464339417233,3284024830.1192217,328204288,2055.799543654633,0.4621995289961832,0.6276464476269662,1276396544,1333788672,43.0,180.36,1980.0,2619.0,43.0,183.46,1980.0,2619.0,20260803,2026-08-10T05:15:19.782014+00:00
prefillq256_b2_h2048_sparse_q8kv8_steady,full,prefill,sglang_sparse_q8kv8_fp8,steady,ok,,2,2048,256,2048,64,576,512,10,30,0.22703999280929565,0.225600004196167,0.22857600450515747,0.2271679997444153,0.0009005232904935669,0.6592269928660244,1.867262995801866,0.5244060012046248,0.2568399941083044,3.3077359839808196,146028888064,1048576,643.1857500394581,4618463853.10962,656408576,2891.158372046622,0.6500108641126408,0.8826859055120383,418153472,442499072,43.0,183.46,1980.0,2619.0,43.0,183.46,1980.0,2619.0,20260803,2026-08-10T05:15:19.912007+00:00
prefillq256_b2_h4096_sparse_q8kv8_steady,full,prefill,sglang_sparse_q8kv8_fp8,steady,ok,,2,4096,256,2048,64,576,512,10,30,0.2268799990415573,0.22598400712013245,0.22934399545192719,0.22711680034796397,0.0009397177497631259,0.5348179838620126,1.8147000228054821,0.4569099983200431,0.25488901883363724,3.061317023821175,146028888064,1048576,643.6393189390488,4621720752.95158,656408576,2893.197191347689,0.6504692460222828,0.883308367802011,420512768,442499072,43.0,183.46,1980.0,2619.0,43.0,188.41,1980.0,2619.0,20260803,2026-08-10T05:15:19.979168+00:00
prefillq256_b2_h8192_sparse_q8kv8_steady,full,prefill,sglang_sparse_q8kv8_fp8,steady,ok,,2,8192,256,2048,64,576,512,10,30,0.22633600234985352,0.2255679965019226,0.22979199886322021,0.22657706687847773,0.001001340234595138,0.5404959956649691,1.8302609969396144,0.4591539909597486,0.2537330146878958,3.083643998252228,146028888064,1048576,645.1863006676211,4632829020.189145,656408576,2900.1509666384054,0.6520326434235686,0.8854313920882482,425231360,442499072,43.0,188.41,1980.0,2619.0,44.0,193.59,1980.0,2619.0,20260803,2026-08-10T05:15:20.032882+00:00
prefillq256_b2_h16384_sparse_q8kv8_steady,full,prefill,sglang_sparse_q8kv8_fp8,steady,ok,,2,16384,256,2048,64,576,512,10,30,0.22777600586414337,0.22678400576114655,0.22944000363349915,0.22814613382021587,0.0022380286060553374,0.537055020686239,1.838672993471846,0.6656009936705232,0.2566899929661304,3.2980190007947385,146028888064,1048576,641.1074226628537,4603540201.795537,656408576,2881.8161663240057,0.6479104827315347,0.8798336808129432,436143104,522190848,44.0,193.59,1980.0,2619.0,44.0,195.63,1980.0,2619.0,20260803,2026-08-10T05:15:20.114838+00:00
prefillq256_b2_h32768_sparse_q8kv8_steady,full,prefill,sglang_sparse_q8kv8_fp8,steady,ok,,2,32768,256,2048,64,576,512,10,30,0.22963200509548187,0.2287680059671402,0.23260800540447235,0.2299445336063703,0.0010419002642299495,0.5428409785963595,1.9665660220198333,0.7613459893036634,0.2601679880172014,3.5309209779370576,146028888064,1048576,635.9256759669918,4566332117.18026,656408576,2858.5239053548426,0.6426737503456208,0.8727224306428482,549389312,656408576,44.0,195.63,1980.0,2619.0,44.0,195.63,1980.0,2619.0,20260803,2026-08-10T05:15:20.206631+00:00
prefillq256_b2_h65536_sparse_q8kv8_steady,full,prefill,sglang_sparse_q8kv8_fp8,steady,ok,,2,65536,256,2048,64,576,512,10,30,0.24809600412845612,0.24665600061416626,0.24966399371623993,0.2481728007396062,0.0009210075371991591,0.5750510026700795,1.8472539959475398,0.9236490004695952,0.2832440077327192,3.6291980068199337,146028888064,1048576,588.5983072439609,4226492900.1318426,656408576,2645.784555482533,0.5948441710398796,0.8077719846570224,774407168,876609536,44.0,195.63,1980.0,2619.0,46.0,200.27,1980.0,2619.0,20260803,2026-08-10T05:15:20.257649+00:00
prefillq256_b2_h131072_sparse_q8kv8_steady,full,prefill,sglang_sparse_q8kv8_fp8,steady,ok,,2,131072,256,2048,64,576,512,10,30,0.26467201113700867,0.262688010931015,0.2677440047264099,0.26500906646251676,0.0013543640224839908,0.6102190236561,1.8277119961567223,1.3797330029774457,0.29897200874984264,4.116636031540111,146028888064,1048576,551.7352871452943,3961794054.0649004,656408576,2480.0830778446275,0.5575899819558304,0.757182449248777,849904640,952107008,46.0,200.27,1980.0,2619.0,44.0,205.82,1980.0,2619.0,20260803,2026-08-10T05:15:20.334069+00:00
prefillq256_b2_h262144_sparse_q8kv8_steady,full,prefill,sglang_sparse_q8kv8_fp8,steady,ok,,2,262144,256,2048,64,576,512,10,30,0.28595200181007385,0.2847679853439331,0.2885439991950989,0.28617279628912606,0.0011125801697189528,0.6226609984878451,1.8690229917410761,2.1828780008945614,0.31818498973734677,4.992746980860829,146028888064,1048576,510.6762223717208,3666965061.8373795,656408576,2295.5201287101995,0.516095222204872,0.7008344070744662,1000899584,1103101952,44.0,205.82,1980.0,2619.0,44.0,205.82,1980.0,2619.0,20260803,2026-08-10T05:15:20.428787+00:00
prefillq256_b2_h524288_sparse_q8kv8_steady,full,prefill,sglang_sparse_q8kv8_fp8,steady,ok,,2,524288,256,2048,64,576,512,10,30,0.29894399642944336,0.29734399914741516,0.3008959889411926,0.2990122656027476,0.0012801511980190061,0.8425659907516092,8.680790982907638,3.715489001479,0.3823509905487299,13.621196965686977,146028888064,1048576,488.4824241602245,3507600127.529186,656408576,2195.7576798332702,0.4936659162811769,0.6703764050589299,1302889472,1405091840,44.0,209.7,1980.0,2619.0,44.0,209.7,1980.0,2619.0,20260803,2026-08-10T05:15:20.480797+00:00
prefillq512_b2_h2048_sparse_q8kv8_steady,full,prefill,sglang_sparse_q8kv8_fp8,steady,ok,,2,2048,512,2048,64,576,512,10,30,0.4326399862766266,0.4314559996128082,0.4349119961261749,0.43289173444112145,0.0010987310136495291,0.6565879739355296,2.7106209890916944,0.45454700011759996,0.45893900096416473,4.280694964108989,292057776128,2097152,675.0596001111662,4847337431.864418,1312817152,3034.4332323471253,0.6822229409915778,0.9264284763183329,565511168,589299712,44.0,209.7,1980.0,2619.0,47.0,225.92,1980.0,2619.0,20260803,2026-08-10T05:15:20.557963+00:00
prefillq512_b2_h4096_sparse_q8kv8_steady,full,prefill,sglang_sparse_q8kv8_fp8,steady,ok,,2,4096,512,2048,64,576,512,10,30,0.4355520009994507,0.4339520037174225,0.43769600987434387,0.4358207980791728,0.0010823888030107387,0.5571880028583109,2.7631389966700226,0.46934199053794146,0.46350000775419176,4.253168997820467,292057776128,2097152,670.5462848473248,4814929090.413351,1312817152,3014.1456105987572,0.6776617330442899,0.9202345583556281,567870464,589299712,47.0,225.92,1980.0,2619.0,47.0,225.92,1980.0,2619.0,20260803,2026-08-10T05:15:20.613551+00:00
prefillq512_b2_h8192_sparse_q8kv8_steady,full,prefill,sglang_sparse_q8kv8_fp8,steady,ok,,2,8192,512,2048,64,576,512,10,30,0.43404799699783325,0.43302398920059204,0.43558400869369507,0.43425920108954114,0.0009803924771205853,0.5684700154233724,2.675171010196209,0.4862950008828193,0.46222697710618377,4.192163003608584,292057776128,2097152,672.8697705047996,4831613126.901422,1312817152,3024.58981744029,0.6800098741837287,0.9234232298107816,572589056,589299712,45.0,231.0,1980.0,2619.0,45.0,231.0,1980.0,2619.0,20260803,2026-08-10T05:15:20.692797+00:00
prefillq512_b2_h16384_sparse_q8kv8_steady,full,prefill,sglang_sparse_q8kv8_fp8,steady,ok,,2,16384,512,2048,64,576,512,10,30,0.4339199960231781,0.43296000361442566,0.4357439875602722,0.4340757350126902,0.0010722227611602011,0.5717609892599285,2.7669939736369997,0.5410040030255914,0.46374701196327806,4.343505977885798,292057776128,2097152,673.06825867596,4833038392.376781,1312817152,3025.4820336278653,0.6802104685962204,0.9236956281204199,582026240,589299712,44.0,235.84,1980.0,2619.0,44.0,235.84,1980.0,2619.0,20260803,2026-08-10T05:15:20.795033+00:00
prefillq512_b2_h32768_sparse_q8kv8_steady,full,prefill,sglang_sparse_q8kv8_fp8,steady,ok,,2,32768,512,2048,64,576,512,10,30,0.438944011926651,0.4375680088996887,0.4411199986934662,0.4392309347788493,0.001140731253418571,0.5722930072806776,2.768062026007101,0.7672350038774312,0.4694639937952161,4.577054030960426,292057776128,2097152,665.3645298544449,4777720946.220451,1312817152,2990.8533123340026,0.6724249922733146,0.913123296798992,605684736,763363328,44.0,235.84,1980.0,2619.0,44.0,242.02,1980.0,2619.0,20260803,2026-08-10T05:15:20.875635+00:00
prefillq512_b2_h65536_sparse_q8kv8_steady,full,prefill,sglang_sparse_q8kv8_fp8,steady,ok,,2,65536,512,2048,64,576,512,10,30,0.47539201378822327,0.47196799516677856,0.4803839921951294,0.47556266784667967,0.002304284919132804,0.6977450102567673,2.715784008614719,0.9642149962019175,0.5126599862705916,4.890404001343995,292057776128,2097152,614.3514566025195,4411416134.841162,1312817152,2761.5465004105668,0.6208705978802623,0.8431147172345889,827393024,947912704,46.0,243.93,1980.0,2619.0,46.0,243.93,1980.0,2619.0,20260803,2026-08-10T05:15:20.973505+00:00
prefillq512_b2_h131072_sparse_q8kv8_steady,full,prefill,sglang_sparse_q8kv8_fp8,steady,ok,,2,131072,512,2048,64,576,512,10,30,0.5087040066719055,0.5060799717903137,0.5112320184707642,0.5087552030881246,0.0015954864223032962,0.5980209971312433,2.7264970121905208,1.488784997491166,0.5420089873950928,5.355311994208023,292057776128,2097152,574.121242014054,4122538789.7378645,1312817152,2580.7092823759035,0.5802134835917676,0.7879041604229916,902890496,1023410176,49.0,248.46,1980.0,2619.0,49.0,248.46,1980.0,2619.0,20260803,2026-08-10T05:15:21.074264+00:00
prefillq512_b2_h262144_sparse_q8kv8_steady,full,prefill,sglang_sparse_q8kv8_fp8,steady,ok,,2,262144,512,2048,64,576,512,10,30,0.5500800013542175,0.5483520030975342,0.5518079996109009,0.5502229313055674,0.0010494735330476054,1.1350709828548133,2.7190390101168305,2.1978160075377673,0.5797100020572543,6.631636002566665,292057776128,2097152,530.9369099203678,3812449088.9272738,1312817152,2386.593129668473,0.5365709044167436,0.7286394747925816,1053885440,1174405120,44.0,257.36,1980.0,2619.0,45.0,266.11,1980.0,2619.0,20260803,2026-08-10T05:15:21.182796+00:00
prefillq512_b2_h524288_sparse_q8kv8_steady,full,prefill,sglang_sparse_q8kv8_fp8,steady,ok,,2,524288,512,2048,64,576,512,10,30,0.5800639986991882,0.5777279734611511,0.5837759971618652,0.5801152010758718,0.001970964295504325,1.016480993712321,2.708679996430874,3.881022013956681,0.6121290207374841,8.21831202483736,292057776128,2097152,503.49233323038277,3615380379.9286447,1312817152,2263.2281178353314,0.5088351017992752,0.6909754857730676,1355875328,1476395008,45.0,266.11,1980.0,2619.0,44.0,263.39,1980.0,2619.0,20260803,2026-08-10T05:15:21.317074+00:00
prefillq1024_b2_h2048_sparse_q8kv8_steady,full,prefill,sglang_sparse_q8kv8_fp8,steady,ok,,2,2048,1024,2048,64,576,512,10,30,0.8406080007553101,0.8392320275306702,0.8457599878311157,0.8414634704589844,0.002165730511108361,0.6672440213151276,4.38943799235858,0.5926039884798229,0.8681500039529055,6.517436006106436,584115552256,4194304,694.8727013437365,4989607517.691123,2625634304,3123.4943060746427,0.7022462873610272,0.9536192920374312,860226560,882900992,44.0,263.39,1980.0,2619.0,46.0,269.3,1980.0,2619.0,20260803,2026-08-10T05:15:21.438068+00:00
prefillq1024_b2_h4096_sparse_q8kv8_steady,full,prefill,sglang_sparse_q8kv8_fp8,steady,ok,,2,4096,1024,2048,64,576,512,10,30,0.8415039777755737,0.8386880159378052,0.8442239761352539,0.841535997390747,0.0016217959242071486,0.594675017055124,4.399867990287021,0.6057800201233476,0.8657239959575236,6.466047023423016,584115552256,4194304,694.1328474763095,4984294918.114584,2625634304,3120.16861873973,0.7014985825935417,0.952603942146865,862585856,882900992,46.0,269.3,1980.0,2619.0,52.0,272.32,1980.0,2619.0,20260803,2026-08-10T05:15:21.569120+00:00
prefillq1024_b2_h8192_sparse_q8kv8_steady,full,prefill,sglang_sparse_q8kv8_fp8,steady,ok,,2,8192,1024,2048,64,576,512,10,30,0.8407679796218872,0.8392639756202698,0.8435840010643005,0.8409312009811402,0.0011571239955624705,0.6068460061214864,4.346394998719916,0.6261029921006411,0.8685390057507902,6.4478830026928335,584115552256,4194304,694.74048300304,4988658109.7989435,2625634304,3122.899976734139,0.702112665995998,0.9534378401539344,867304448,874512384,52.0,272.32,1980.0,2619.0,45.0,277.96,1980.0,2619.0,20260803,2026-08-10T05:15:21.727243+00:00
prefillq1024_b2_h16384_sparse_q8kv8_steady,full,prefill,sglang_sparse_q8kv8_fp8,steady,ok,,2,16384,1024,2048,64,576,512,10,30,0.8421760201454163,0.8406720161437988,0.844543993473053,0.8424618701140086,0.001227888921126836,0.6066790083423257,4.391864989884198,0.6789219914935529,0.8709800022188574,6.548445991938934,584115552256,4194304,693.5789410806809,4980317534.184577,2625634304,3117.678776399545,0.7009387984645588,0.9518437801433313,877659136,882900992,45.0,277.96,1980.0,2619.0,47.0,283.09,1980.0,2619.0,20260803,2026-08-10T05:15:21.861944+00:00
prefillq1024_b2_h32768_sparse_q8kv8_steady,full,prefill,sglang_sparse_q8kv8_fp8,steady,ok,,2,32768,1024,2048,64,576,512,10,30,0.852895975112915,0.8511679768562317,0.8554880023002625,0.8532992005348206,0.0013653077492371795,0.5976019892841578,4.40822500968352,0.7689369958825409,0.8838619978632778,6.658625992713496,584115552256,4194304,684.8614242536071,4917720475.166641,2625634304,3078.4930174543174,0.6921287764058687,0.9398801611827898,896533504,901775360,47.0,283.09,1980.0,2619.0,49.0,290.75,1980.0,2619.0,20260803,2026-08-10T05:15:21.972557+00:00
prefillq1024_b2_h65536_sparse_q8kv8_steady,full,prefill,sglang_sparse_q8kv8_fp8,steady,ok,,2,65536,1024,2048,64,576,512,10,30,0.9166079759597778,0.9147840142250061,0.917631983757019,0.9166677335898081,0.0012882608624985412,0.5974980012979358,4.437072027940303,0.9939479932654649,0.9477929852437228,6.976311007747427,584115552256,4194304,637.2577673070913,4575897341.072289,2625634304,2864.511735511253,0.6440199770662873,0.8745505467829964,934282240,939524096,49.0,290.75,1980.0,2619.0,51.0,302.91,1980.0,2619.0,20260803,2026-08-10T05:15:22.069114+00:00
prefillq1024_b2_h131072_sparse_q8kv8_steady,full,prefill,sglang_sparse_q8kv8_fp8,steady,ok,,2,131072,1024,2048,64,576,512,10,30,0.9857280254364014,0.9807360172271729,0.989471971988678,0.9854880015055338,0.0021781858193662936,0.6163459911476821,4.448660009074956,1.4022989780642092,1.0156929783988744,7.482997956685722,584115552256,4194304,592.5727352607231,4255031704.2503667,2625634304,2663.6498468607297,0.598860773381226,0.8132263523768498,1009779712,1015021568,51.0,309.34,1980.0,2619.0,46.0,321.9,1965.0,2619.0,20260803,2026-08-10T05:15:22.205930+00:00
prefillq1024_b2_h262144_sparse_q8kv8_steady,full,prefill,sglang_sparse_q8kv8_fp8,steady,ok,,2,262144,1024,2048,64,576,512,10,30,1.0775359869003296,1.068608045578003,1.082368016242981,1.0763040065765381,0.004886422954669214,0.6847860058769584,4.416719020809978,2.2103310038801283,1.1111479834653437,8.422984014032409,584115552256,4194304,542.0844958842473,3892495518.4702954,2625634304,2436.7021945624047,0.547836782096258,0.7439380366935513,1160774656,1166016512,46.0,321.9,1965.0,2619.0,47.0,322.35,1965.0,2619.0,20260803,2026-08-10T05:15:22.345855+00:00
prefillq1024_b2_h524288_sparse_q8kv8_steady,full,prefill,sglang_sparse_q8kv8_fp8,steady,ok,,2,524288,1024,2048,64,576,512,10,30,1.1254080533981323,1.1225600242614746,1.1290559768676758,1.1257365385691325,0.002077202729286412,0.875241996254772,4.421902005560696,3.7731879856437445,1.1529040057212114,10.223235993180424,584115552256,4194304,519.0255663199516,3726918416.245057,2625634304,2333.0509285694056,0.5245331645477025,0.7122927582940376,1462764544,1468006400,47.0,322.35,1965.0,2619.0,52.0,330.39,1965.0,2619.0,20260803,2026-08-10T05:15:22.470708+00:00
prefillq2048_b2_h2048_sparse_q8kv8_steady,full,prefill,sglang_sparse_q8kv8_fp8,steady,ok,,2,2048,2048,2048,64,576,512,10,30,1.6317440271377563,1.6274880170822144,1.63481605052948,1.6317525426546733,0.0019880772189943183,0.7999220106285065,7.788589980918914,0.9629130072426051,1.6589419974479824,11.210366996238008,1168231104512,8388608,715.9401751028287,5140884759.182765,5251268608,3218.193859248411,0.7235373169306,0.9825315652815984,1072169984,1094713344,52.0,330.39,1965.0,2619.0,54.0,371.26,1980.0,2619.0,20260803,2026-08-10T05:15:22.585633+00:00
prefillq2048_b2_h4096_sparse_q8kv8_steady,full,prefill,sglang_sparse_q8kv8_fp8,steady,ok,,2,4096,2048,2048,64,576,512,10,30,1.630687952041626,1.6280640363693237,1.6352319717407227,1.6317354559898376,0.0038650930301518294,0.7575149938929826,7.809694012394175,0.9753399936016649,1.660669018747285,11.203218018636107,1168231104512,8388608,716.4038362148756,5144214127.232276,5251268608,3220.278043647405,0.7240058981454023,0.9831678777753262,1074529280,1094713344,54.0,371.26,1980.0,2619.0,49.0,372.68,1965.0,2619.0,20260803,2026-08-10T05:15:22.742723+00:00
prefillq2048_b2_h8192_sparse_q8kv8_steady,full,prefill,sglang_sparse_q8kv8_fp8,steady,ok,,2,8192,2048,2048,64,576,512,10,30,1.636031985282898,1.6330879926681519,1.6425600051879883,1.6368128061294556,0.00308324873751487,8.802652999293059,8.158067998010665,1.0574260086286813,1.672951999353245,19.69109900528565,1168231104512,8388608,714.0637316513055,5127410756.917118,5251268608,3209.7591338301163,0.7216409617496771,0.9799563991075215,1080034304,1086324736,58.0,387.87,1965.0,2619.0,48.0,399.89,1965.0,2619.0,20260803,2026-08-10T05:15:22.887371+00:00
prefillq2048_b2_h16384_sparse_q8kv8_steady,full,prefill,sglang_sparse_q8kv8_fp8,steady,ok,,2,16384,2048,2048,64,576,512,10,30,1.6424000263214111,1.6397440433502197,1.685920000076294,1.651478397846222,0.017282637445243124,0.7543039973825216,7.832505973055959,1.0635680228006095,1.6715200035832822,11.321897996822372,1168231104512,8388608,711.2951082499446,5107530361.399533,5251268608,3197.314006236108,0.7188429593228344,0.9761568359892433,1088685056,1096810496,48.0,399.89,1965.0,2619.0,51.0,407.64,1965.0,2619.0,20260803,2026-08-10T05:15:23.037700+00:00
prefillq2048_b2_h32768_sparse_q8kv8_steady,full,prefill,sglang_sparse_q8kv8_fp8,steady,ok,,2,32768,2048,2048,64,576,512,10,30,1.6859840154647827,1.6837120056152344,1.6906239986419678,1.6864031990369162,0.0020367715667328865,0.7684890006203204,7.741142995655537,1.1701089970301837,1.7166189791169018,11.396359972422943,1168231104512,8388608,692.9075802595605,4975496756.22961,5251268608,3114.660969399736,0.700260313551855,0.9509224277435313,1107559424,1115684864,51.0,409.98,1965.0,2619.0,57.0,409.98,1965.0,2619.0,20260803,2026-08-10T05:15:23.174974+00:00
prefillq2048_b2_h65536_sparse_q8kv8_steady,full,prefill,sglang_sparse_q8kv8_fp8,steady,ok,,2,65536,2048,2048,64,576,512,10,30,1.7950719594955444,1.7922879457473755,1.8113600015640259,1.7972309311230978,0.005399557493606335,8.251349005149677,8.103803993435577,1.382446993375197,1.8281890079379082,19.56578899989836,1168231104512,8388608,650.7990380732699,4673131879.547262,5251268608,2925.380556596586,0.6577049399426679,0.8931341190205573,1145308160,1153433600,54.0,424.11,1965.0,2619.0,50.0,452.92,1965.0,2619.0,20260803,2026-08-10T05:15:23.311929+00:00
prefillq2048_b2_h131072_sparse_q8kv8_steady,full,prefill,sglang_sparse_q8kv8_fp8,steady,ok,,2,131072,2048,2048,64,576,512,10,30,1.9596480131149292,1.9523199796676636,1.994271993637085,1.9761087973912557,0.0249495740712866,0.7842080085538328,8.15573800355196,1.8069790094159544,1.9970410212408751,12.743966042762622,1168231104512,8388608,596.1433363,4280670785.701976,5251268608,2679.699911849437,0.6024692635674583,0.8181265219023452,1220805632,1228931072,50.0,452.92,1965.0,2619.0,54.0,461.42,1965.0,2619.0,20260803,2026-08-10T05:15:23.473393+00:00
prefillq2048_b2_h262144_sparse_q8kv8_steady,full,prefill,sglang_sparse_q8kv8_fp8,steady,ok,,2,262144,2048,2048,64,576,512,10,30,2.1199679374694824,2.1043200492858887,2.147871971130371,2.126377574602763,0.016849971625107433,0.8264929929282516,8.318106003571302,2.634765987750143,2.161010983400047,13.940375967649743,1168231104512,8388608,551.0607419404978,3956950410.3034368,5251268608,2477.0509568499515,0.5569082788686183,0.7562567267108196,1371800576,1379926016,54.0,461.42,1965.0,2619.0,51.0,427.84,1965.0,2619.0,20260803,2026-08-10T05:15:23.640494+00:00
prefillq2048_b2_h524288_sparse_q8kv8_steady,full,prefill,sglang_sparse_q8kv8_fp8,steady,ok,,2,524288,2048,2048,64,576,512,10,30,2.2246079444885254,2.2149760723114014,2.2442879676818848,2.228700796763102,0.010393540355936632,0.996534974547103,7.82540300861001,4.194439999992028,2.25536001380533,15.27173799695447,1168231104512,8388608,525.1402196087166,3770825336.11498,5251268608,2360.5366604079777,0.5307127029901128,0.7206842972464391,1673790464,1681915904,56.0,466.36,1935.0,2619.0,50.0,432.9,1965.0,2619.0,20260803,2026-08-10T05:15:23.815095+00:00
prefillq4096_b2_h2048_sparse_q8kv8_steady,full,prefill,sglang_sparse_q8kv8_fp8,steady,ok,,2,2048,4096,2048,64,576,512,10,30,3.220128059387207,3.217439889907837,3.224224090576172,3.2208021243413287,0.0034388509927286326,0.8647899958305061,14.820361015154049,1.803669991204515,3.247786982683465,20.736607984872535,2336462209024,16777216,725.5805253498617,5210108321.963046,10502537216,3261.5278095488666,0.7332799649821745,0.9957616489498599,1496056832,1512046592,55.0,460.93,1905.0,2619.0,61.0,485.94,1890.0,2619.0,20260803,2026-08-10T05:15:24.018299+00:00
prefillq4096_b2_h4096_sparse_q8kv8_steady,full,prefill,sglang_sparse_q8kv8_fp8,steady,ok,,2,4096,4096,2048,64,576,512,10,30,3.2248640060424805,3.2216320037841797,3.276576042175293,3.2455615997314453,0.02473151092349076,0.8607140043750405,14.598385023418814,1.8068939971271902,3.2132449850905687,20.479238010011613,2336462209024,16777216,724.5149577303516,5202456900.062841,10502537216,3256.738019439339,0.7322030901772123,0.994299300757205,1498416128,1512046592,61.0,485.94,1890.0,2619.0,59.0,489.48,1875.0,2619.0,20260803,2026-08-10T05:15:24.225632+00:00
prefillq4096_b2_h8192_sparse_q8kv8_steady,full,prefill,sglang_sparse_q8kv8_fp8,steady,ok,,2,8192,4096,2048,64,576,512,10,30,3.224128007888794,3.221856117248535,3.2297279834747314,3.2270880301793414,0.013255463642710973,0.9365290170535445,14.688044000649825,2.691263012820855,3.230534988688305,21.54637101921253,2336462209024,16777216,724.6803487042531,5203644507.5845375,10502537216,3257.481461747921,0.7323702361841871,0.9945262776166158,1503659008,1526726656,59.0,489.48,1875.0,2619.0,59.0,503.11,1920.0,2619.0,20260803,2026-08-10T05:15:24.456064+00:00
prefillq4096_b2_h16384_sparse_q8kv8_steady,full,prefill,sglang_sparse_q8kv8_fp8,steady,ok,,2,16384,4096,2048,64,576,512,10,30,3.2336320877075195,3.2295360565185547,3.24288010597229,3.23439040184021,0.0031837739441389935,1.1286170047242194,14.7270770103205,1.8899920105468482,3.2675820111762732,21.01326803676784,2336462209024,16777216,722.5504156474501,5188350296.181713,10502537216,3247.9072854097526,0.7302177015133402,0.9916032310646534,1512571904,1537212416,64.0,524.1,1890.0,2619.0,62.0,561.42,1875.0,2619.0,20260803,2026-08-10T05:15:24.701704+00:00
prefillq4096_b2_h32768_sparse_q8kv8_steady,full,prefill,sglang_sparse_q8kv8_fp8,steady,ok,,2,32768,4096,2048,64,576,512,10,30,3.292896032333374,3.284735918045044,3.3387839794158936,3.305278952916463,0.02103398120140979,1.0257789981551468,14.824506011791527,2.0200540020596236,3.3264099911320955,21.196749003138393,2336462209024,16777216,709.5463039470345,5094972885.649087,10502537216,3189.4530264163286,0.7170755977231273,0.973756837373629,1531446272,1556086784,62.0,561.42,1875.0,2619.0,53.0,529.97,1920.0,2619.0,20260803,2026-08-10T05:15:24.974257+00:00
prefillq4096_b2_h65536_sparse_q8kv8_steady,full,prefill,sglang_sparse_q8kv8_fp8,steady,ok,,2,65536,4096,2048,64,576,512,10,30,3.624255895614624,3.5309760570526123,3.672544002532959,3.60317440032959,0.056424943841504864,0.9639759955462068,14.904002018738538,2.2044920187909156,3.5672330122906715,21.639703045366332,2336462209024,16777216,644.6736313103985,4629147743.210008,10502537216,2897.846487249464,0.6515145339165219,0.8847278223717541,1569195008,1593835520,62.0,513.54,1890.0,2619.0,61.0,525.48,1830.0,2619.0,20260803,2026-08-10T05:15:25.204958+00:00
prefillq4096_b2_h131072_sparse_q8kv8_steady,full,prefill,sglang_sparse_q8kv8_fp8,steady,ok,,2,131072,4096,2048,64,576,512,10,30,3.9472320079803467,3.848479986190796,3.9558401107788086,3.9329418818155926,0.0323437384233915,1.0686730092857033,14.757797995116562,2.5801529991440475,3.870020998874679,22.27664500242099,2336462209024,16777216,591.924215323609,4250374937.698249,10502537216,2660.734710999104,0.5982053717267398,0.8123363460172577,1644692480,1669332992,58.0,518.41,1905.0,2619.0,51.0,505.69,1965.0,2619.0,20260803,2026-08-10T05:15:25.481981+00:00
prefillq4096_b2_h262144_sparse_q8kv8_steady,full,prefill,sglang_sparse_q8kv8_fp8,steady,ok,,2,262144,4096,2048,64,576,512,10,30,4.2557759284973145,4.166687965393066,4.273344039916992,4.237618160247803,0.03852300500794475,1.037372014252469,15.104426973266527,3.4119809861294925,4.203424003208056,23.757203976856545,2336462209024,16777216,549.0096866657614,3942222589.224504,10502537216,2467.8313408545396,0.554835458985105,0.7534419293022562,1795687424,1820327936,60.0,522.61,1755.0,2619.0,61.0,529.64,1755.0,2619.0,20260803,2026-08-10T05:15:25.720658+00:00
prefillq4096_b2_h524288_sparse_q8kv8_steady,full,prefill,sglang_sparse_q8kv8_fp8,steady,ok,,2,524288,4096,2048,64,576,512,10,30,4.446784019470215,4.398208141326904,4.471487998962402,4.437960561116537,0.028420477357759235,1.1396170011721551,15.057054988574237,5.029913998441771,4.429020016686991,25.655606004875153,2336462209024,16777216,525.4274097401212,3772887535.4730673,10502537216,2361.82759720614,0.5310029406165955,0.7210784270622466,2097677312,2122317824,61.0,551.04,1920.0,2619.0,61.0,564.93,1785.0,2619.0,20260803,2026-08-10T05:15:25.987333+00:00
prefillq8192_b2_h2048_sparse_q8kv8_steady,full,prefill,sglang_sparse_q8kv8_fp8,steady,ok,,2,2048,8192,2048,64,576,512,10,30,6.412960052490234,6.3988800048828125,6.467775821685791,6.4309621493021645,0.028219056826665714,1.1892420006915927,28.67845501168631,3.440223983488977,6.3553279906045645,39.663248986471444,4672924418048,33554432,728.6688798620294,5232284580.810758,21005074432,3275.410147587534,0.7364010913208988,1.0,2539145216,2764046336,61.0,564.93,1785.0,2619.0,65.0,614.31,1800.0,2619.0,20260803,2026-08-10T05:15:26.253875+00:00
prefillq8192_b2_h4096_sparse_q8kv8_steady,full,prefill,sglang_sparse_q8kv8_fp8,steady,ok,,2,4096,8192,2048,64,576,512,10,30,6.459167957305908,6.404831886291504,6.509471893310547,6.455160490671793,0.03414874973626965,1.2667039991356432,28.227953996974975,3.3933859958779067,6.428025983041152,39.31606997502968,4672924418048,33554432,723.4560935611678,5194853613.002411,21005074432,3251.978361739509,0.7311329899557026,0.9928461521482177,2541242368,2766143488,65.0,614.31,1800.0,2619.0,66.0,614.59,1815.0,2619.0,20260803,2026-08-10T05:15:26.650597+00:00
prefillq8192_b2_h8192_sparse_q8kv8_steady,full,prefill,sglang_sparse_q8kv8_fp8,steady,ok,,2,8192,8192,2048,64,576,512,10,30,6.427519798278809,6.404352188110352,6.614975929260254,6.472836271921794,0.07163085208727175,1.372878992697224,28.311247006058693,3.4772450162563473,6.446503015467897,39.60787403048016,4672924418048,33554432,727.0182846110155,5220432305.628271,21005074432,3267.9906233232973,0.7347329809105765,0.9977347800947305,2545436672,2770337792,66.0,614.59,1815.0,2619.0,66.0,604.36,1815.0,2619.0,20260803,2026-08-10T05:15:27.027979+00:00
prefillq8192_b2_h16384_sparse_q8kv8_steady,full,prefill,sglang_sparse_q8kv8_fp8,steady,ok,,2,16384,8192,2048,64,576,512,10,30,6.4719038009643555,6.420959949493408,6.485439777374268,6.4579370498657225,0.02653081170998701,1.286193000851199,28.29590201145038,3.486175002763048,6.378924008458853,39.44719402352348,4672924418048,33554432,722.0324284411805,5184630833.820517,21005074432,3245.5789019716435,0.7296942177273174,0.990892363315824,2555922432,2780823552,66.0,604.36,1815.0,2619.0,66.0,608.8,1830.0,2619.0,20260803,2026-08-10T05:15:27.478519+00:00
prefillq8192_b2_h32768_sparse_q8kv8_steady,full,prefill,sglang_sparse_q8kv8_fp8,steady,ok,,2,32768,8192,2048,64,576,512,10,30,6.648896217346191,6.560351848602295,6.761727809906006,6.648727480570475,0.06805607269076032,1.3819779851473868,28.408507991116494,3.6499039852060378,6.545634008944035,39.98602397041395,4672924418048,33554432,702.8120556096045,5046616897.472459,21005074432,3159.182177817759,0.7102698894488171,0.9645149875793779,2574796800,2799697920,66.0,608.8,1830.0,2619.0,65.0,633.81,1815.0,2619.0,20260803,2026-08-10T05:15:27.832234+00:00
prefillq8192_b2_h65536_sparse_q8kv8_steady,full,prefill,sglang_sparse_q8kv8_fp8,steady,ok,,2,65536,8192,2048,64,576,512,10,30,7.213312149047852,7.125951766967773,7.313632011413574,7.20674238204956,0.06143376964765699,1.2982740008737892,28.47419399768114,3.8005630194675177,7.0517009880859405,40.62473200610839,4672924418048,33554432,647.8195205603047,4651737136.376268,21005074432,2911.987447371544,0.6546938055182463,0.8890451321085193,2612545536,2837446656,66.0,616.12,1815.0,2619.0,65.0,631.18,1800.0,2619.0,20260803,2026-08-10T05:15:28.196118+00:00
prefillq8192_b2_h131072_sparse_q8kv8_steady,full,prefill,sglang_sparse_q8kv8_fp8,steady,ok,,2,131072,8192,2048,64,576,512,10,30,7.866720199584961,7.8328962326049805,7.913631916046143,7.873512522379557,0.02694965172336481,1.2871839862782508,28.366141981678084,4.184430988971144,7.6887779869139194,41.5265349438414,4672924418048,33554432,594.0117735844398,4265364872.3606944,21005074432,2670.1184100977944,0.6003150819448608,0.8152012388629986,2688043008,2912944128,65.0,631.18,1800.0,2619.0,64.0,654.52,1740.0,2619.0,20260803,2026-08-10T05:15:28.640013+00:00
prefillq8192_b2_h262144_sparse_q8kv8_steady,full,prefill,sglang_sparse_q8kv8_fp8,steady,ok,,2,262144,8192,2048,64,576,512,10,30,8.514016151428223,8.437760353088379,8.543423652648926,8.500936571756998,0.03471131369170815,1.6646409931126982,28.46084302291274,4.954078001901507,8.37652399786748,43.456086015794426,4672924418048,33554432,548.8507814568943,3941081553.430135,21005074432,2467.117052447264,0.5546748675663409,0.7532238532827381,2839037952,3063939072,64.0,654.52,1740.0,2619.0,63.0,648.58,1785.0,2619.0,20260803,2026-08-10T05:15:29.074033+00:00
prefillq8192_b2_h524288_sparse_q8kv8_steady,full,prefill,sglang_sparse_q8kv8_fp8,steady,ok,,2,524288,8192,2048,64,576,512,10,30,8.912287712097168,8.879072189331055,8.947903633117676,8.913851737976074,0.02188513672268379,1.3971089792903513,28.920434007886797,6.4526990172453225,8.793663000687957,45.56390500511043,4672924418048,33554432,524.3237840835376,3764962833.7799973,21005074432,2356.866733946278,0.5298876039247474,0.7195638493341671,3141027840,3365928960,63.0,641.82,1770.0,2619.0,63.0,635.21,1770.0,2619.0,20260803,2026-08-10T05:15:29.532166+00:00
prefillq16384_b2_h2048_sparse_q8kv8_steady,full,prefill,sglang_sparse_q8kv8_fp8,steady,ok,,2,2048,16384,2048,64,576,512,10,30,12.878239631652832,12.78809642791748,13.164959907531738,12.905957349141438,0.1108824329332253,1.54170099995099,55.77395998989232,6.646115012699738,12.7329439856112,76.69471998815425,9345848836096,67108864,725.7085675844444,5211027742.88003,42010148864,3262.1033670428983,0.7334093659266745,0.9959373696895831,4804855808,5393874944,63.0,618.46,1770.0,2619.0,68.0,689.46,1815.0,2619.0,20260803,2026-08-10T05:15:30.023730+00:00
prefillq16384_b2_h4096_sparse_q8kv8_steady,full,prefill,sglang_sparse_q8kv8_fp8,steady,ok,,2,4096,16384,2048,64,576,512,10,30,12.873696327209473,12.799776077270508,13.13696002960205,12.885539213816324,0.08086424888499473,1.953834987943992,61.644935980439186,6.728724023560062,12.806622020434588,83.13411701237783,9345848836096,67108864,725.9646801162214,5212866786.22057,42010148864,3263.2546081740766,0.7336681961760702,0.9962888496811886,4807215104,5395972096,68.0,657.69,1935.0,2619.0,68.0,690.48,1815.0,2619.0,20260803,2026-08-10T05:15:30.704730+00:00
prefillq16384_b2_h8192_sparse_q8kv8_steady,full,prefill,sglang_sparse_q8kv8_fp8,steady,ok,,2,8192,16384,2048,64,576,512,10,30,12.893471717834473,12.795295715332031,13.081503868103027,12.908439445495606,0.082679567777067,1.825215993449092,55.87216399726458,6.785293982829899,12.819021008908749,77.30169498245232,9345848836096,67108864,724.8512301902878,5204871540.313992,42010148864,3258.249584236559,0.7325429309654248,0.9947607894652171,4812982272,5400166400,69.0,644.22,1950.0,2619.0,57.0,634.61,1890.0,2619.0,20260803,2026-08-10T05:15:31.419820+00:00
prefillq16384_b2_h16384_sparse_q8kv8_steady,full,prefill,sglang_sparse_q8kv8_fp8,steady,ok,,2,16384,16384,2048,64,576,512,10,30,12.971232414245605,12.870623588562012,13.064672470092773,12.972822380065917,0.05667783261920534,1.8029310158453882,56.02528000599705,7.366000994807109,12.892506987554953,78.0867190042045,9345848836096,67108864,720.5058499940188,5173669074.520472,42010148864,3238.716840649815,0.7281514401152287,0.9887973397881955,4821370880,5408555008,57.0,634.61,1890.0,2619.0,60.0,640.46,1815.0,2619.0,20260803,2026-08-10T05:15:32.147245+00:00
prefillq16384_b2_h32768_sparse_q8kv8_steady,full,prefill,sglang_sparse_q8kv8_fp8,steady,ok,,2,32768,16384,2048,64,576,512,10,30,13.405183792114258,13.237567901611328,13.438559532165527,13.373533821105957,0.07297926832606125,1.7870719893835485,56.329625978833064,6.8074849841650575,13.252887991257012,78.17707094363868,9345848836096,67108864,697.1817008278391,5006187534.666814,42010148864,3133.8733967014255,0.7045797886082255,0.9567880831686509,4840245248,5427429376,60.0,640.46,1815.0,2619.0,62.0,670.94,1800.0,2619.0,20260803,2026-08-10T05:15:32.871678+00:00
prefillq16384_b2_h65536_sparse_q8kv8_steady,full,prefill,sglang_sparse_q8kv8_fp8,steady,ok,,2,65536,16384,2048,64,576,512,10,30,14.497599601745605,14.462271690368652,14.663423538208008,14.533229764302572,0.07484612303678155,1.8037209811154753,65.99315698258579,7.004607992712408,14.157573983538896,88.95905993995257,9345848836096,67108864,644.6480171083425,4628963817.701219,42010148864,2897.731349880963,0.6514886479114124,0.8846926703256548,4877993984,5465178112,62.0,670.94,1800.0,2619.0,67.0,692.05,1755.0,2619.0,20260803,2026-08-10T05:15:33.565408+00:00
prefillq16384_b2_h131072_sparse_q8kv8_steady,full,prefill,sglang_sparse_q8kv8_fp8,steady,ok,,2,131072,16384,2048,64,576,512,10,30,15.83414363861084,15.77888011932373,15.870688438415527,15.830474758148194,0.027021631596328047,1.833026995882392,64.32925901026465,7.508287002565339,15.441401017596945,89.11197402630933,9345848836096,67108864,590.233930511188,4238237667.3884706,42010148864,2653.1367797851826,0.5964971505924083,0.8100166575289266,4953491456,5540675584,67.0,692.05,1755.0,2619.0,66.0,692.98,1740.0,2619.0,20260803,2026-08-10T05:15:34.312000+00:00
prefillq16384_b2_h262144_sparse_q8kv8_steady,full,prefill,sglang_sparse_q8kv8_fp8,steady,ok,,2,262144,16384,2048,64,576,512,10,30,16.989120483398438,16.894208908081055,17.136415481567383,16.99616216023763,0.05830803366109652,1.8278250063303858,61.923973000375554,8.298681990709156,16.745341999921948,88.79582199733704,9345848836096,67108864,550.1078672806312,3950108192.2150106,42010148864,2472.7677283265966,0.5559452928556152,0.7549490344431782,5104486400,5691670528,56.0,649.96,1860.0,2619.0,65.0,657.99,1755.0,2619.0,20260803,2026-08-10T05:15:35.151481+00:00
prefillq16384_b2_h524288_sparse_q8kv8_steady,full,prefill,sglang_sparse_q8kv8_fp8,steady,ok,,2,524288,16384,2048,64,576,512,10,30,17.883935928344727,17.82854461669922,17.946592330932617,17.889519055684406,0.039867167474993644,1.9201879913453013,56.85320100747049,9.738898981595412,17.62851601233706,86.14080399274826,9345848836096,67108864,522.5834443570956,3752466138.8233542,42010148864,2349.04380290342,0.5281287967226838,0.7171754672109021,5406476288,5993660416,65.0,657.99,1755.0,2619.0,65.0,695.13,1770.0,2619.0,20260803,2026-08-10T05:15:36.020177+00:00
prefillq32768_b2_h2048_sparse_q8kv8_steady,full,prefill,sglang_sparse_q8kv8_fp8,steady,ok,,2,2048,32768,2048,64,576,512,10,30,26.11609649658203,25.839296340942383,31.037599563598633,27.399302355448405,1.9436860326982035,9.863771992968395,110.66979099996388,13.23000100092031,25.7352170010563,159.49878099490888,18691697672192,134217728,715.7155999419091,5139272173.296108,84020297728,3217.1843804833634,0.7233103587083467,0.9822233660883487,9337849856,10122952704,55.0,637.39,1935.0,2619.0,59.0,687.89,1860.0,2619.0,20260803,2026-08-10T05:15:36.890974+00:00
prefillq32768_b2_h4096_sparse_q8kv8_steady,full,prefill,sglang_sparse_q8kv8_fp8,steady,ok,,2,4096,32768,2048,64,576,512,10,30,26.09280014038086,25.8624324798584,31.160192489624023,27.322255007425944,1.9120870167102562,3.0618419987149537,112.20817599678412,13.339479017304257,25.757177005289122,154.36667401809245,18691697672192,134217728,716.354610146459,5143860654.199642,84020297728,3220.056769528976,0.7239561497185033,0.9831003216194686,9340209152,10125049856,59.0,687.89,1860.0,2619.0,65.0,706.39,1740.0,2619.0,20260803,2026-08-10T05:15:38.277959+00:00
prefillq32768_b2_h8192_sparse_q8kv8_steady,full,prefill,sglang_sparse_q8kv8_fp8,steady,ok,,2,8192,32768,2048,64,576,512,10,30,26.14579200744629,25.948192596435547,30.63849639892578,27.442153676350912,1.8924150985881718,3.2777840096969157,113.01372200250626,13.255266996566206,25.803260010434315,155.3500330192037,18691697672192,134217728,714.9027142443658,5133435160.876938,84020297728,3213.5304107089632,0.7224888471393288,0.9811077898369008,9345976320,10129244160,56.0,652.6,1950.0,2619.0,59.0,675.85,1770.0,2619.0,20260803,2026-08-10T05:15:39.613080+00:00
prefillq32768_b2_h16384_sparse_q8kv8_steady,full,prefill,sglang_sparse_q8kv8_fp8,steady,ok,,2,16384,32768,2048,64,576,512,10,30,26.44438362121582,26.22809600830078,31.276063919067383,27.754257074991862,1.9237175648349452,2.862247987650335,112.57105399272405,13.236127007985488,26.084680983331054,154.75410997169092,18691697672192,134217728,706.8305293074031,5075471976.299712,84020297728,3177.2454571636194,0.7143310048584165,0.9700298020703708,9354364928,10137632768,59.0,675.85,1770.0,2619.0,65.0,704.96,1770.0,2619.0,20260803,2026-08-10T05:15:40.971795+00:00
prefillq32768_b2_h32768_sparse_q8kv8_steady,full,prefill,sglang_sparse_q8kv8_fp8,steady,ok,,2,32768,32768,2048,64,576,512,10,30,27.42620849609375,27.22915267944336,32.33737564086914,28.784289932250978,1.8765011134005563,3.08190900250338,112.456487986492,13.385501020820811,26.890125998761505,155.8140240085777,18691697672192,134217728,681.5268568695601,4893776258.541763,84020297728,3063.5039378471442,0.6887588245270946,0.9353039160923197,9373239296,10156507136,65.0,704.96,1770.0,2619.0,65.0,691.78,1800.0,2619.0,20260803,2026-08-10T05:15:42.316756+00:00
prefillq32768_b2_h65536_sparse_q8kv8_steady,full,prefill,sglang_sparse_q8kv8_fp8,steady,ok,,2,65536,32768,2048,64,576,512,10,30,29.722976684570312,29.187999725341797,34.73459243774414,30.78837324778239,1.9579272067837372,3.3283589873462915,111.87923699617386,13.717536989133805,28.57135998783633,157.4964929604903,18691697672192,134217728,628.8635849146013,4515622019.4350395,84020297728,2826.779384166335,0.6355367204796375,0.8630306608313975,9410988032,10194255872,65.0,691.78,1800.0,2619.0,64.0,702.25,1755.0,2619.0,20260803,2026-08-10T05:15:43.685159+00:00
prefillq32768_b2_h131072_sparse_q8kv8_steady,full,prefill,sglang_sparse_q8kv8_fp8,steady,ok,,2,131072,32768,2048,64,576,512,10,30,31.90470314025879,31.75699234008789,38.278560638427734,33.25031668345134,2.1092185781245685,2.309965988388285,112.44326300220564,13.98730298387818,31.154367985436693,159.8948999599088,18691697672192,134217728,585.8602598500901,4206832058.8959823,84020297728,2633.4768688688846,0.5920770690753816,0.8040143829952233,9486485504,10269753344,57.0,662.16,1920.0,2619.0,64.0,699.19,1755.0,2619.0,20260803,2026-08-10T05:15:45.148388+00:00
prefillq32768_b2_h262144_sparse_q8kv8_steady,full,prefill,sglang_sparse_q8kv8_fp8,steady,ok,,2,262144,32768,2048,64,576,512,10,30,34.29542541503906,34.08310317993164,40.10102462768555,35.44855868021647,1.9886798630534976,2.3853089951444417,112.32838500291109,14.693741977680475,33.507028012536466,162.91446398827247,18691697672192,134217728,545.0201432403112,3913575247.3023267,84020297728,2449.8981048112564,0.550803580839122,0.7479668177176836,9637480448,10420748288,58.0,654.22,1875.0,2619.0,65.0,690.0,1860.0,2619.0,20260803,2026-08-10T05:15:46.756978+00:00
prefillq32768_b2_h524288_sparse_q8kv8_steady,full,prefill,sglang_sparse_q8kv8_fp8,steady,ok,,2,524288,32768,2048,64,576,512,10,30,35.88963317871094,35.60995101928711,41.32249450683594,36.96556905110677,1.8975448475522803,3.0045390012674034,113.3378550002817,16.29606800270267,35.3289170016069,167.96737900585867,18691697672192,134217728,520.8104964215562,3739735297.1446767,84020297728,2341.074296012567,0.5263370352921235,0.7147423347078712,9939470336,10722738176,65.0,690.0,1860.0,2619.0,64.0,695.81,1785.0,2619.0,20260803,2026-08-10T05:15:48.430931+00:00
prefillq2_b4_h2048_sparse_q8kv8_steady,full,prefill,sglang_sparse_q8kv8_fp8,steady,ok,,4,2048,2,2048,64,576,512,10,30,0.06307200342416763,0.06259199976921082,0.06473600119352341,0.0632160005470117,0.0007478123246201706,2.349156013224274,1.0591300087980926,0.5028140149079263,0.09453902021050453,4.005639057140797,2281701376,16384,36.17613603701874,259766601.82831702,10256384,162.61389274452645,0.03656001620719428,0.04964687944937151,297598976,314572800,64.0,695.81,1785.0,2619.0,58.0,649.73,1920.0,2619.0,20260803,2026-08-10T05:15:50.166671+00:00
prefillq2_b4_h4096_sparse_q8kv8_steady,full,prefill,sglang_sparse_q8kv8_fp8,steady,ok,,4,4096,2,2048,64,576,512,10,30,0.06364800035953522,0.06329599767923355,0.06441599875688553,0.0637855996688207,0.0005229601357016595,7.350615982431918,0.9474090184085071,2.672869013622403,0.09362498531118035,11.064518999774009,2281701376,16384,35.848751934249485,257415785.37345964,10256384,161.14228164378574,0.036229158094238996,0.04919758881570091,325910528,335544320,54.0,593.1,1965.0,2619.0,54.0,593.1,1965.0,2619.0,20260803,2026-08-10T05:15:50.229851+00:00
prefillq2_b4_h8192_sparse_q8kv8_steady,full,prefill,sglang_sparse_q8kv8_fp8,steady,ok,,4,8192,2,2048,64,576,512,10,30,0.06390400230884552,0.06348799914121628,0.06505600363016129,0.06402346715331078,0.0005797761966255063,0.3749850147869438,0.8732980058994144,0.5881920224055648,0.09660600335337222,1.9330810464452952,2281701376,16384,35.70514042254548,256384567.6021476,10256384,160.4967393189444,0.03608402266048053,0.04900050133787258,382533632,394264576,54.0,593.1,1965.0,2619.0,52.0,531.56,1965.0,2619.0,20260803,2026-08-10T05:15:50.348103+00:00
prefillq2_b4_h16384_sparse_q8kv8_steady,full,prefill,sglang_sparse_q8kv8_fp8,steady,ok,,4,16384,2,2048,64,576,512,10,30,0.06415999680757523,0.063680000603199,0.06534399837255478,0.06430826659003894,0.0005982364446344629,0.3676589985843748,0.8430150046478957,0.6180150085128844,0.09710798622108996,1.9257969979662448,2281701376,16384,35.56267907623407,255361608.71606493,10256384,159.85636705625666,0.035940049597002595,0.04880499230729838,495779840,507510784,52.0,531.56,1965.0,2619.0,52.0,531.56,1965.0,2619.0,20260803,2026-08-10T05:15:50.430131+00:00
prefillq2_b4_h32768_sparse_q8kv8_steady,full,prefill,sglang_sparse_q8kv8_fp8,steady,ok,,4,32768,2,2048,64,576,512,10,30,0.06415999680757523,0.06361600011587143,0.06511999666690826,0.06425813262661298,0.00048796402894999704,0.37753398646600544,0.7847609813325107,0.7578270160593092,0.09774899808689952,2.017870981944725,2281701376,16384,35.56267907623407,255361608.71606493,10256384,159.85636705625666,0.035940049597002595,0.04880499230729838,722249216,727711744,52.0,531.56,1965.0,2619.0,51.0,489.91,1965.0,2619.0,20260803,2026-08-10T05:15:50.467934+00:00
prefillq2_b4_h65536_sparse_q8kv8_steady,full,prefill,sglang_sparse_q8kv8_fp8,steady,ok,,4,65536,2,2048,64,576,512,10,30,0.06415999680757523,0.06339199841022491,0.06511999666690826,0.06429333339134852,0.000575886163708966,0.41946800774894655,0.7820339815225452,1.1495960061438382,0.09770001634024084,2.4487980117555708,2281701376,16384,35.56267907623407,255361608.71606493,10256384,159.85636705625666,0.035940049597002595,0.04880499230729838,797746688,803209216,51.0,489.91,1965.0,2619.0,51.0,489.91,1965.0,2619.0,20260803,2026-08-10T05:15:50.504724+00:00
prefillq2_b4_h131072_sparse_q8kv8_steady,full,prefill,sglang_sparse_q8kv8_fp8,steady,ok,,4,131072,2,2048,64,576,512,10,30,0.06419199705123901,0.06345599889755249,0.06511999666690826,0.064263466745615,0.0006742145153542209,0.41467600385658443,0.7714680104982108,1.9934549927711487,0.09839000995270908,3.277989017078653,2281701376,16384,35.54495078535587,255234308.8332654,10256384,159.77667732962414,0.03592213318378562,0.04878066261329312,948741632,954204160,51.0,489.91,1965.0,2619.0,50.0,455.89,1980.0,2619.0,20260803,2026-08-10T05:15:50.552013+00:00
prefillq2_b4_h262144_sparse_q8kv8_steady,full,prefill,sglang_sparse_q8kv8_fp8,steady,ok,,4,262144,2,2048,64,576,512,10,30,0.06419199705123901,0.063680000603199,0.06464000046253204,0.06428266614675522,0.0006430368710995871,0.6551289989147335,0.7720729918219149,3.5650100035127252,0.1058169873431325,5.098028981592506,2281701376,16384,35.54495078535587,255234308.8332654,10256384,159.77667732962414,0.03592213318378562,0.04878066261329312,1250731520,1256194048,49.0,415.0,1980.0,2619.0,49.0,415.0,1980.0,2619.0,20260803,2026-08-10T05:15:50.648713+00:00
prefillq2_b4_h524288_sparse_q8kv8_steady,full,prefill,sglang_sparse_q8kv8_fp8,steady,ok,,4,524288,2,2048,64,576,512,10,30,0.06428799778223038,0.06390400230884552,0.06537599861621857,0.06447039966781934,0.0005443231943642837,0.7308660133276135,0.7798360020387918,7.242930994834751,0.09909700020216405,8.85273001040332,2281701376,16384,35.49187180675702,254853169.56828052,10256384,159.53808414974358,0.035868490961856514,0.04870781885659405,1854711296,1860173824,49.0,415.0,1980.0,2619.0,48.0,372.2,1980.0,2619.0,20260803,2026-08-10T05:15:50.749496+00:00
prefillq4_b4_h2048_sparse_q8kv8_steady,full,prefill,sglang_sparse_q8kv8_fp8,steady,ok,,4,2048,4,2048,64,576,512,10,30,0.06425599753856659,0.06355199962854385,0.06572800129652023,0.06431253304084142,0.0005903794510065483,0.5426490097306669,0.7924849924165756,0.3813840157818049,0.09402999421581626,1.8105480121448636,4563402752,32768,71.01909435397117,509960178.8974263,20512768,319.2350719897889,0.07177270778572124,0.09746415184825563,298449920,314572800,48.0,372.2,1980.0,2619.0,48.0,372.2,1980.0,2619.0,20260803,2026-08-10T05:15:50.814133+00:00
prefillq4_b4_h4096_sparse_q8kv8_steady,full,prefill,sglang_sparse_q8kv8_fp8,steady,ok,,4,4096,4,2048,64,576,512,10,30,0.06415999680757523,0.06351999938488007,0.0652799978852272,0.06427306632200877,0.0005133796378775194,0.3707690048031509,0.8059249958023429,0.48004501149989665,0.09297399083152413,1.7497130029369146,4563402752,32768,71.12535815246814,510723217.43212986,20512768,319.7127341125133,0.07188009919400519,0.09760998461459676,326761472,335544320,48.0,305.85,1980.0,2619.0,48.0,305.85,1980.0,2619.0,20260803,2026-08-10T05:15:50.893987+00:00
prefillq4_b4_h8192_sparse_q8kv8_steady,full,prefill,sglang_sparse_q8kv8_fp8,steady,ok,,4,8192,4,2048,64,576,512,10,30,0.06419199705123901,0.06351999938488007,0.06598400324583054,0.06430720016360283,0.0007762928187865359,0.36679499316960573,0.786318996688351,0.5892679910175502,0.09554100688546896,1.837922987760976,4563402752,32768,71.08990157071175,510468617.6665308,20512768,319.55335465924827,0.07184426636757124,0.09756132522658624,383384576,394264576,47.0,243.59,1980.0,2619.0,47.0,243.59,1980.0,2619.0,20260803,2026-08-10T05:15:50.958706+00:00
prefillq4_b4_h16384_sparse_q8kv8_steady,full,prefill,sglang_sparse_q8kv8_fp8,steady,ok,,4,16384,4,2048,64,576,512,10,30,0.06425599753856659,0.06384000182151794,0.06646399945020676,0.06446719964345296,0.0006530719537426281,0.36307197296991944,0.774846994318068,0.6991859991103411,0.09779399260878563,1.9348989590071142,4563402752,32768,71.01909435397117,509960178.8974263,20512768,319.2350719897889,0.07177270778572124,0.09746415184825563,496630784,528482304,47.0,180.84,1980.0,2619.0,47.0,180.84,1980.0,2619.0,20260803,2026-08-10T05:15:51.053166+00:00
prefillq4_b4_h32768_sparse_q8kv8_steady,full,prefill,sglang_sparse_q8kv8_fp8,steady,ok,,4,32768,4,2048,64,576,512,10,30,0.06547199934720993,0.06521599739789963,0.0671359971165657,0.06568533256649971,0.0005320948889815679,0.3785040171351284,0.7877069874666631,0.8438630029559135,0.0998539908323437,2.1099279983900487,4563402752,32768,69.70006716610935,500488763.5434093,20512768,313.3059659781742,0.07043968384649757,0.09565396449935777,723077120,748683264,47.0,180.84,1980.0,2619.0,46.0,162.26,1980.0,2619.0,20260803,2026-08-10T05:15:51.138649+00:00
prefillq4_b4_h65536_sparse_q8kv8_steady,full,prefill,sglang_sparse_q8kv8_fp8,steady,ok,,4,65536,4,2048,64,576,512,10,30,0.0660799965262413,0.06566400080919266,0.06780800223350525,0.06617919976512592,0.0005725732082218717,0.43367300531826913,0.8280740003101528,1.3118850183673203,0.10101098450832069,2.674643008504063,4563402752,32768,69.0587619838601,495883803.30781895,20512768,310.42326087069466,0.06979157350566963,0.09477385942011975,798574592,824180736,46.0,162.26,1980.0,2619.0,46.0,162.26,1980.0,2619.0,20260803,2026-08-10T05:15:51.214489+00:00
prefillq4_b4_h131072_sparse_q8kv8_steady,full,prefill,sglang_sparse_q8kv8_fp8,steady,ok,,4,131072,4,2048,64,576,512,10,30,0.0663679987192154,0.06601600348949432,0.06806399673223495,0.06652266606688499,0.000598955344981155,0.4227510071359575,0.7886009989306331,2.0939380046911538,0.10052899597212672,3.405819006729871,4563402752,32768,68.75908329414138,493731928.52525693,20512768,309.07618725681084,0.06948871479953651,0.0943625907382797,949569536,975175680,46.0,162.26,1980.0,2619.0,46.0,160.93,1980.0,2619.0,20260803,2026-08-10T05:15:51.271523+00:00
prefillq4_b4_h262144_sparse_q8kv8_steady,full,prefill,sglang_sparse_q8kv8_fp8,steady,ok,,4,262144,4,2048,64,576,512,10,30,0.06614399701356888,0.06531199812889099,0.06697600334882736,0.06610026583075523,0.0005968657174830794,0.652478018309921,0.7862070051487535,3.658772009657696,0.10145400301553309,5.1989110361319035,4563402752,32768,68.99194118952104,495403989.46979153,20512768,310.1228974080895,0.06972404364782318,0.09468215687018829,1251559424,1277165568,46.0,160.93,1980.0,2619.0,46.0,160.93,1980.0,2619.0,20260803,2026-08-10T05:15:51.338980+00:00
prefillq4_b4_h524288_sparse_q8kv8_steady,full,prefill,sglang_sparse_q8kv8_fp8,steady,ok,,4,524288,4,2048,64,576,512,10,30,0.06656000018119812,0.06604799628257751,0.0674239993095398,0.0667317325870196,0.0006087563887885618,0.7292510126717389,0.7813569973222911,6.934567994903773,0.10128298890776932,8.546458993805572,4563402752,32768,68.56073827489368,492307690.9674696,20512768,308.18461454563595,0.0692882650580027,0.0940903888853815,1855539200,1881145344,46.0,162.61,1980.0,2619.0,46.0,163.9,1980.0,2619.0,20260803,2026-08-10T05:15:51.380153+00:00
prefillq8_b4_h2048_sparse_q8kv8_steady,full,prefill,sglang_sparse_q8kv8_fp8,steady,ok,,4,2048,8,2048,64,576,512,10,30,0.062272001057863235,0.061535999178886414,0.06467200070619583,0.06250880012909571,0.0009126302635592188,0.5401709931902587,0.8055049984250218,0.29040200752206147,0.09063899051398039,1.7267169896513224,9126805504,65536,146.5635494115463,1052415192.810391,41025536,658.8119106993047,0.14811879677771228,0.20113875240465537,300151808,312475648,46.0,163.9,1980.0,2619.0,45.0,162.85,1980.0,2619.0,20260803,2026-08-10T05:15:51.509850+00:00
prefillq8_b4_h4096_sparse_q8kv8_steady,full,prefill,sglang_sparse_q8kv8_fp8,steady,ok,,4,4096,8,2048,64,576,512,10,30,0.06224000081419945,0.06147199869155884,0.06329599767923355,0.06229013366003831,0.0006205408462092851,0.3695989726111293,0.8132620132528245,0.532270991243422,0.09129301179200411,1.80642498889938,9126805504,65536,146.63890399432339,1052956284.4261501,41025536,659.1506340507699,0.14819495097960927,0.20124216643105286,328463360,354418688,45.0,162.85,1980.0,2619.0,45.0,162.85,1980.0,2619.0,20260803,2026-08-10T05:15:51.609786+00:00
prefillq8_b4_h8192_sparse_q8kv8_steady,full,prefill,sglang_sparse_q8kv8_fp8,steady,ok,,4,8192,8,2048,64,576,512,10,30,0.06239999830722809,0.06172800064086914,0.06300800293684006,0.06236479990184307,0.00043315258564236296,0.4612180055119097,0.8181710145436227,0.49711301107890904,0.09394099470227957,1.870443025836721,9126805504,65536,146.2629126857332,1050256438.7475096,41025536,657.460530655941,0.1478149698693615,0.20072616894717327,385985536,413138944,45.0,162.24,1980.0,2619.0,45.0,162.24,1980.0,2619.0,20260803,2026-08-10T05:15:51.689645+00:00
prefillq8_b4_h16384_sparse_q8kv8_steady,full,prefill,sglang_sparse_q8kv8_fp8,steady,ok,,4,16384,8,2048,64,576,512,10,30,0.06425599753856659,0.06364800035953522,0.06531199812889099,0.06445866649349531,0.0006068953853063593,0.47226998140104115,0.8011080208234489,0.996646995190531,0.09779699030332267,2.3678219877183437,9126805504,65536,142.03818870794234,1019920357.7948526,41025536,638.4701439795778,0.1435454155714425,0.19492830369651126,499231744,526385152,45.0,162.24,1980.0,2619.0,45.0,158.68,1980.0,2619.0,20260803,2026-08-10T05:15:51.756376+00:00
prefillq8_b4_h32768_sparse_q8kv8_steady,full,prefill,sglang_sparse_q8kv8_fp8,steady,ok,,4,32768,8,2048,64,576,512,10,30,0.06867200136184692,0.06815999746322632,0.07091200351715088,0.0690890667339166,0.0015387411168924414,0.46616201871074736,0.7912699948064983,0.6628669798374176,0.10129599831998348,2.0215949916746467,9126805504,65536,132.90431796080884,954333625.0632527,41025536,597.4128492895962,0.1343146214864162,0.1823932949983726,725632000,746586112,45.0,158.68,1980.0,2619.0,45.0,158.68,1980.0,2619.0,20260803,2026-08-10T05:15:51.841012+00:00
prefillq8_b4_h65536_sparse_q8kv8_steady,full,prefill,sglang_sparse_q8kv8_fp8,steady,ok,,4,65536,8,2048,64,576,512,10,30,0.06838399916887283,0.06800000369548798,0.06931199878454208,0.06855999926726024,0.0006172901090270118,0.5186299968045205,0.7986960117705166,1.0489579872228205,0.10169800953008235,2.46798200532794,9126805504,65536,133.46405028845342,958352842.7192484,41025536,599.9288795422495,0.1348802933688261,0.1831614523097574,801129472,822083584,44.0,158.56,1980.0,2619.0,44.0,158.56,1980.0,2619.0,20260803,2026-08-10T05:15:51.896086+00:00
prefillq8_b4_h131072_sparse_q8kv8_steady,full,prefill,sglang_sparse_q8kv8_fp8,steady,ok,,4,131072,8,2048,64,576,512,10,30,0.06940799951553345,0.069023996591568,0.07152000069618225,0.06991786609093348,0.002199341026047114,0.5319030024111271,0.8077340025920421,1.9101380021311343,0.10238800314255059,3.352163010276854,9126805504,65536,131.49500875554594,944213930.0576313,41025536,591.0779202160771,0.13289035750939457,0.18045920772744406,952124416,973078528,44.0,159.06,1980.0,2619.0,44.0,159.06,1980.0,2619.0,20260803,2026-08-10T05:15:51.981569+00:00
prefillq8_b4_h262144_sparse_q8kv8_steady,full,prefill,sglang_sparse_q8kv8_fp8,steady,ok,,4,262144,8,2048,64,576,512,10,30,0.07011199742555618,0.06969600170850754,0.07209599763154984,0.07035946622490882,0.0008597196132406664,0.8513409993611276,0.8643939800094813,3.476425015833229,0.1096059859264642,5.301765981130302,9126805504,65536,130.17466110120026,934733032.9532417,41025536,585.1428786287294,0.1315559990916627,0.1786472082159572,1254114304,1275068416,44.0,159.14,1980.0,2619.0,44.0,160.29,1980.0,2619.0,20260803,2026-08-10T05:15:52.085969+00:00
prefillq8_b4_h524288_sparse_q8kv8_steady,full,prefill,sglang_sparse_q8kv8_fp8,steady,ok,,4,524288,8,2048,64,576,512,10,30,0.07027199864387512,0.0697920024394989,0.07199999690055847,0.07039466723799706,0.0008121555632411021,0.8408279973082244,0.8689769892953336,6.725018989527598,0.10822300100699067,8.543046977138147,9126805504,65536,129.8782684444893,932604753.8810409,41025536,583.8105759295316,0.13125646128801344,0.17824044917230614,1858094080,1879048192,44.0,159.43,1980.0,2619.0,44.0,159.43,1980.0,2619.0,20260803,2026-08-10T05:15:52.243287+00:00
prefillq16_b4_h2048_sparse_q8kv8_steady,full,prefill,sglang_sparse_q8kv8_fp8,steady,ok,,4,2048,16,2048,64,576,512,10,30,0.06265600025653839,0.06204799935221672,0.06358399987220764,0.06269333387414615,0.0005085269898186373,0.5628810031339526,1.070583995897323,0.2874819911085069,0.09412301005795598,2.0150700001977384,18253611008,131072,291.33061372035417,2091930532.8035543,82051072,1309.5485135350252,0.2944220451949006,0.39981207071107044,303707136,316669952,44.0,159.43,1980.0,2619.0,44.0,159.43,1980.0,2619.0,20260803,2026-08-10T05:15:52.342584+00:00
prefillq16_b4_h4096_sparse_q8kv8_steady,full,prefill,sglang_sparse_q8kv8_fp8,steady,ok,,4,4096,16,2048,64,576,512,10,30,0.062463998794555664,0.06201599910855293,0.06313599646091461,0.06253013362487157,0.0004964942655753231,0.36282101063989103,1.0448770190123469,0.5718930042348802,0.09268400026485324,2.0722750341519713,18253611008,131072,292.22610400010086,2098360696.2323422,82051072,1313.5737958414463,0.29532703789803016,0.40104101063768877,331867136,358612992,44.0,159.72,1980.0,2619.0,44.0,159.72,1980.0,2619.0,20260803,2026-08-10T05:15:52.399487+00:00
prefillq16_b4_h8192_sparse_q8kv8_steady,full,prefill,sglang_sparse_q8kv8_fp8,steady,ok,,4,8192,16,2048,64,576,512,10,30,0.06364800035953522,0.06284800171852112,0.06435199826955795,0.06364053363601367,0.0005431003361056167,0.4678439872805029,1.0196400107815862,0.48230201355181634,0.09539999882690609,2.0651860104408115,18253611008,131072,286.7900154739959,2059326282.987677,82051072,1289.138253150286,0.28983326475391197,0.3935807105256073,388490240,417333248,44.0,159.72,1980.0,2619.0,44.0,158.72,1980.0,2619.0,20260803,2026-08-10T05:15:52.459005+00:00
prefillq16_b4_h16384_sparse_q8kv8_steady,full,prefill,sglang_sparse_q8kv8_fp8,steady,ok,,4,16384,16,2048,64,576,512,10,30,0.0689919963479042,0.0684799998998642,0.07043199986219406,0.0691850667198499,0.0009484998084976319,0.5428899894468486,1.0248710168525577,0.5179830186534673,0.10065300739370286,2.1863970323465765,18253611008,131072,264.5757765285262,1899814571.8098447,82051072,1189.2839219529626,0.26738330119103204,0.3630946563528589,501736448,530579456,44.0,158.72,1980.0,2619.0,44.0,158.72,1980.0,2619.0,20260803,2026-08-10T05:15:52.512855+00:00
prefillq16_b4_h32768_sparse_q8kv8_steady,full,prefill,sglang_sparse_q8kv8_fp8,steady,ok,,4,32768,16,2048,64,576,512,10,30,0.07174400240182877,0.07135999947786331,0.08403199911117554,0.07273386716842652,0.003417692503912644,0.48386899288743734,1.042713993228972,0.6792559870518744,0.10793798719532788,2.3137769603636116,18253611008,131072,254.42699594265616,1826940170.7738984,82051072,1143.6645469044602,0.2571268276328006,0.3491668204505055,728044544,750780416,44.0,159.04,1980.0,2619.0,44.0,159.04,1980.0,2619.0,20260803,2026-08-10T05:15:52.581883+00:00
prefillq16_b4_h65536_sparse_q8kv8_steady,full,prefill,sglang_sparse_q8kv8_fp8,steady,ok,,4,65536,16,2048,64,576,512,10,30,0.07395199686288834,0.07331199944019318,0.07503999769687653,0.07421120007832845,0.0014534804306397494,0.5175560072530061,1.0840119794011116,1.1980379931628704,0.10929099516943097,2.908896974986419,18253611008,131072,246.8305357844947,1772392978.6915119,82051072,1109.5180046608864,0.24944975824607854,0.33874170093723655,803542016,826277888,43.0,158.89,1980.0,2619.0,43.0,159.74,1980.0,2619.0,20260803,2026-08-10T05:15:52.691936+00:00
prefillq16_b4_h131072_sparse_q8kv8_steady,full,prefill,sglang_sparse_q8kv8_fp8,steady,ok,,4,131072,16,2048,64,576,512,10,30,0.07539200037717819,0.0745600014925003,0.07673600316047668,0.07555839990576109,0.000768950770170876,0.5305309896357358,1.0950739961117506,1.9225800060667098,0.1117289939429611,3.659913985757157,18253611008,131072,242.11601916223367,1738539889.434697,82051072,1088.3259707861203,0.2446852139082705,0.3322716611804218,954536960,977272832,43.0,159.74,1980.0,2619.0,43.0,159.74,1980.0,2619.0,20260803,2026-08-10T05:15:52.818773+00:00
prefillq16_b4_h262144_sparse_q8kv8_steady,full,prefill,sglang_sparse_q8kv8_fp8,steady,ok,,4,262144,16,2048,64,576,512,10,30,0.0772159993648529,0.07606399804353714,0.07929600030183792,0.07733439976970355,0.0010455457406770383,0.7609579770360142,1.0720989957917482,3.4585999965202063,0.1133230107370764,5.404979980085045,18253611008,131072,236.39674624620164,1697472040.4857082,82051072,1062.6174973440534,0.23890525138575205,0.32442272859376464,1256526848,1279262720,43.0,159.8,1980.0,2619.0,43.0,160.29,1980.0,2619.0,20260803,2026-08-10T05:15:52.901775+00:00
prefillq16_b4_h524288_sparse_q8kv8_steady,full,prefill,sglang_sparse_q8kv8_fp8,steady,ok,,4,524288,16,2048,64,576,512,10,30,0.07807999849319458,0.0772159993648529,0.07942400127649307,0.07823999946316083,0.0010709882361407005,0.820094021037221,1.1004729894921184,6.725940998876467,0.11078600073233247,8.75729401013814,18253611008,131072,233.78088320008072,1678688556.9858737,82051072,1050.8590366731569,0.23626163031842418,0.32083280851015106,1860506624,1883242496,43.0,160.29,1980.0,2619.0,43.0,160.29,1980.0,2619.0,20260803,2026-08-10T05:15:53.012277+00:00
prefillq32_b4_h2048_sparse_q8kv8_steady,full,prefill,sglang_sparse_q8kv8_fp8,steady,ok,,4,2048,32,2048,64,576,512,10,30,0.06511999666690826,0.06457599997520447,0.06614399701356888,0.06517653291424115,0.0005970482223053477,0.5380629736464471,0.9652489970903844,0.3793190116994083,0.09463701280765235,1.977267995243892,36507222016,262144,560.6146173921983,4025553031.5960927,164102144,2519.9961977791536,0.5665635345044955,0.7693681353571028,310363136,335544320,43.0,163.54,1980.0,2619.0,43.0,163.54,1980.0,2619.0,20260803,2026-08-10T05:15:53.097316+00:00
prefillq32_b4_h4096_sparse_q8kv8_steady,full,prefill,sglang_sparse_q8kv8_fp8,steady,ok,,4,4096,32,2048,64,576,512,10,30,0.0650240033864975,0.06454399973154068,0.06697600334882736,0.06523946697513262,0.0008025955829469041,0.4624820139724761,0.9561699989717454,0.37165102548897266,0.0955569848883897,1.8858600233215839,36507222016,262144,561.4422384762129,4031495853.028872,164102144,2523.7164039960744,0.5673999378233582,0.7705039339439332,338674688,356515840,43.0,163.54,1980.0,2619.0,44.0,163.72,1980.0,2619.0,20260803,2026-08-10T05:15:53.159057+00:00
prefillq32_b4_h8192_sparse_q8kv8_steady,full,prefill,sglang_sparse_q8kv8_fp8,steady,ok,,4,8192,32,2048,64,576,512,10,30,0.06815999746322632,0.06764800101518631,0.06905599683523178,0.06830293362339337,0.000665503682467853,0.45431600301526487,0.9258130157832056,0.48647099174559116,0.09722099639475346,1.9638210069388151,36507222016,262144,535.6106715775096,3846009532.8118505,164102144,2407.6019675402185,0.5412942613213841,0.7350535838430831,395297792,415236096,44.0,163.72,1980.0,2619.0,44.0,163.72,1980.0,2619.0,20260803,2026-08-10T05:15:53.219662+00:00
prefillq32_b4_h16384_sparse_q8kv8_steady,full,prefill,sglang_sparse_q8kv8_fp8,steady,ok,,4,16384,32,2048,64,576,512,10,30,0.07360000163316727,0.07305599749088287,0.0751039981842041,0.07390080019831657,0.0009641363585927568,0.46413898235186934,0.947957014432177,0.6001120200380683,0.10598902008496225,2.118197036907077,36507222016,262144,496.02202725425354,3561739051.4006033,164102144,2229.648646176777,0.5012855252695841,0.6807234959014214,508544000,549453824,43.0,164.34,1980.0,2619.0,43.0,164.34,1980.0,2619.0,20260803,2026-08-10T05:15:53.261911+00:00
prefillq32_b4_h32768_sparse_q8kv8_steady,full,prefill,sglang_sparse_q8kv8_fp8,steady,ok,,4,32768,32,2048,64,576,512,10,30,0.07977599650621414,0.07887999713420868,0.08073599636554718,0.0798154667019844,0.000647934377612751,0.4696160031016916,0.9471600060351193,0.7412380073219538,0.11161199654452503,2.2696260130032897,36507222016,262144,457.62163576554354,3286000946.156534,164102144,2057.0365922939905,0.46247765110211575,0.628024125103562,734667776,769654784,43.0,164.34,1980.0,2619.0,43.0,164.34,1980.0,2619.0,20260803,2026-08-10T05:15:53.353138+00:00
prefillq32_b4_h65536_sparse_q8kv8_steady,full,prefill,sglang_sparse_q8kv8_fp8,steady,ok,,4,65536,32,2048,64,576,512,10,30,0.08595199882984161,0.0851840004324913,0.08828800171613693,0.08626239995161693,0.0009081894905181488,0.5044959834776819,0.9561949991621077,1.1406390112824738,0.11905800784006715,2.7203880017623305,36507222016,262144,424.73965135206475,3049888351.2757406,164102144,1909.2301078986136,0.42924674214458286,0.5828980255510398,810165248,845152256,44.0,164.32,1980.0,2619.0,44.0,164.32,1980.0,2619.0,20260803,2026-08-10T05:15:53.392203+00:00
prefillq32_b4_h131072_sparse_q8kv8_steady,full,prefill,sglang_sparse_q8kv8_fp8,steady,ok,,4,131072,32,2048,64,576,512,10,30,0.08860799670219421,0.08659200370311737,0.09100800007581711,0.08893226658304533,0.00203854029834559,0.5074429791420698,0.9521940082777292,2.0004360121674836,0.11791198630817235,3.577984985895455,36507222016,262144,412.0082089057766,2958468871.3937316,164102144,1852.001513492476,0.4163802010164493,0.5654258337254484,961160192,996147200,44.0,164.32,1980.0,2619.0,44.0,166.65,1980.0,2619.0,20260803,2026-08-10T05:15:53.440123+00:00
prefillq32_b4_h262144_sparse_q8kv8_steady,full,prefill,sglang_sparse_q8kv8_fp8,steady,ok,,4,262144,32,2048,64,576,512,10,30,0.09312000125646591,0.09094399958848953,0.09411200135946274,0.09291839996973673,0.001071247750746223,0.7653339998796582,0.9781300032045692,3.572746994905174,0.12518299627117813,5.441393994260579,36507222016,262144,392.0449046757833,2815120236.92974,164102144,1762.2652683180174,0.39620505778249954,0.5380288846012135,1263150080,1298137088,44.0,166.65,1980.0,2619.0,43.0,170.23,1980.0,2619.0,20260803,2026-08-10T05:15:53.547188+00:00
prefillq32_b4_h524288_sparse_q8kv8_steady,full,prefill,sglang_sparse_q8kv8_fp8,steady,ok,,4,524288,32,2048,64,576,512,10,30,0.09452799707651138,0.09200000017881393,0.0963200032711029,0.09431360016266505,0.0015895583287656382,0.813219987321645,0.9574680007062852,6.852975988294929,0.1247549953404814,8.748418971663341,36507222016,262144,386.20539041413195,2773188982.1786814,164102144,1736.0163028438546,0.39030357798295295,0.5300149369453769,1867129856,1902116864,43.0,170.23,1980.0,2619.0,43.0,173.62,1980.0,2619.0,20260803,2026-08-10T05:15:53.641608+00:00
prefillq64_b4_h2048_sparse_q8kv8_steady,full,prefill,sglang_sparse_q8kv8_fp8,steady,ok,,4,2048,64,2048,64,576,512,10,30,0.11788800358772278,0.1170559972524643,0.11939200013875961,0.11804906701048215,0.000703392639521954,0.6270180165302008,0.9477259882260114,0.5776739853899926,0.14835799811407924,2.300775988260284,73014444032,524288,619.3543177416565,4447339712.644018,328204288,2784.0346601151555,0.6259265464796933,0.8499804710459555,346833920,367001600,43.0,173.62,1980.0,2619.0,43.0,173.62,1980.0,2619.0,20260803,2026-08-10T05:15:53.710569+00:00
prefillq64_b4_h4096_sparse_q8kv8_steady,full,prefill,sglang_sparse_q8kv8_fp8,steady,ok,,4,4096,64,2048,64,576,512,10,30,0.11952000111341476,0.11868800222873688,0.12134400010108948,0.11977386673291525,0.0007759556867919561,0.4464719968382269,0.9421170107088983,0.5480810068547726,0.14864400145597756,2.0853140158578753,73014444032,524288,610.8972837334165,4386613078.278784,328204288,2746.0197870025186,0.6173797713324068,0.8383743297080116,352289792,387973120,43.0,173.62,1980.0,2619.0,43.0,173.62,1980.0,2619.0,20260803,2026-08-10T05:15:53.754592+00:00
prefillq64_b4_h8192_sparse_q8kv8_steady,full,prefill,sglang_sparse_q8kv8_fp8,steady,ok,,4,8192,64,2048,64,576,512,10,30,0.12345600128173828,0.12275200337171555,0.125791996717453,0.1238858662545681,0.001056441000882733,0.5672030092682689,0.9368169994559139,0.7298609998542815,0.152861000970006,2.3867420095484704,73014444032,524288,591.420775611986,4246759935.173383,328204288,2658.471719418538,0.5976965898049378,0.8116454427475607,408912896,467664896,45.0,178.13,1980.0,2619.0,45.0,178.13,1980.0,2619.0,20260803,2026-08-10T05:15:53.793741+00:00
prefillq64_b4_h16384_sparse_q8kv8_steady,full,prefill,sglang_sparse_q8kv8_fp8,steady,ok,,4,16384,64,2048,64,576,512,10,30,0.12700800597667694,0.12627199292182922,0.1289920061826706,0.12741653273502987,0.0015474837163493244,0.5448489973787218,0.9381359850522131,0.7157239888329059,0.15674700262025,2.355455973884091,73014444032,524288,574.8806421337564,4127991743.2628417,328204288,2584.1228312825388,0.580980942025019,0.7889463349149861,522159104,580911104,45.0,178.13,1980.0,2619.0,45.0,178.13,1980.0,2619.0,20260803,2026-08-10T05:15:53.842530+00:00
prefillq64_b4_h32768_sparse_q8kv8_steady,full,prefill,sglang_sparse_q8kv8_fp8,steady,ok,,4,32768,64,2048,64,576,512,10,30,0.1345279961824417,0.13344000279903412,0.13494400680065155,0.13442453493674597,0.000716384462597162,0.5460640240926296,0.9328399901278317,0.8186890045180917,0.1658489927649498,2.4634420115035027,73014444032,524288,542.7453474664159,3897240833.714498,328204288,2439.672761905276,0.5485046462520625,0.7448449665768389,747914240,801112064,44.0,181.39,1980.0,2619.0,44.0,181.39,1980.0,2619.0,20260803,2026-08-10T05:15:53.902679+00:00
prefillq64_b4_h65536_sparse_q8kv8_steady,full,prefill,sglang_sparse_q8kv8_fp8,steady,ok,,4,65536,64,2048,64,576,512,10,30,0.14591999351978302,0.14368000626564026,0.14918400347232819,0.1460074673096339,0.001612239955843392,0.5758279876317829,0.9238359925802797,1.2316840002313256,0.1760760205797851,2.9074240010231733,73014444032,524288,500.3731309931912,3592982615.7024875,328204288,2249.2071174297575,0.5056828003973635,0.6866948003706909,823411712,876609536,43.0,182.31,1980.0,2619.0,43.0,182.31,1980.0,2619.0,20260803,2026-08-10T05:15:53.982841+00:00
prefillq64_b4_h131072_sparse_q8kv8_steady,full,prefill,sglang_sparse_q8kv8_fp8,steady,ok,,4,131072,64,2048,64,576,512,10,30,0.1531520038843155,0.15139199793338776,0.1555200070142746,0.15329279998938242,0.001306620291236732,0.6054660188965499,0.9392780193593353,2.0705460046883672,0.18459299462847412,3.7998830375727266,73014444032,524288,476.7449473736694,3423317924.041169,328204288,2142.9970204497718,0.48180388819976694,0.6542682973697727,974406656,1027604480,43.0,182.31,1980.0,2619.0,45.0,184.88,1980.0,2619.0,20260803,2026-08-10T05:15:54.056568+00:00
prefillq64_b4_h262144_sparse_q8kv8_steady,full,prefill,sglang_sparse_q8kv8_fp8,steady,ok,,4,262144,64,2048,64,576,512,10,30,0.16275200247764587,0.16041600704193115,0.16582399606704712,0.16293013443549473,0.0016649161957448782,0.8311379933729768,0.9247009875252843,3.602128999773413,0.1934120082296431,5.551379988901317,73014444032,524288,448.6239365443666,3221392007.585353,328204288,2016.591396748431,0.4533844735162876,0.6156759935038145,1276396544,1329594368,45.0,184.88,1980.0,2619.0,45.0,184.88,1980.0,2619.0,20260803,2026-08-10T05:15:54.116353+00:00
prefillq64_b4_h524288_sparse_q8kv8_steady,full,prefill,sglang_sparse_q8kv8_fp8,steady,ok,,4,524288,64,2048,64,576,512,10,30,0.1650879979133606,0.1642879992723465,0.16873599588871002,0.1657215987642606,0.0015964414658903865,0.8971540082711726,0.9289319859817624,6.879469001432881,0.19795799744315445,8.90351299312897,73014444032,524288,442.2759071214766,3175809305.502331,328204288,1988.0566252444592,0.44696908248759637,0.6069641772065522,1880376320,1933574144,43.0,188.38,1980.0,2619.0,43.0,194.39,1980.0,2619.0,20260803,2026-08-10T05:15:54.203448+00:00
prefillq128_b4_h2048_sparse_q8kv8_steady,full,prefill,sglang_sparse_q8kv8_fp8,steady,ok,,4,2048,128,2048,64,576,512,10,30,0.22630399465560913,0.22495999932289124,0.2280000001192093,0.2263583982984225,0.0008820302719446805,9.719317982671782,1.3525050017051399,0.4694270028267056,0.2559389977250248,11.797188984928653,146028888064,1048576,645.2775537004006,4633484272.320202,656408576,2900.561154472446,0.652124864780597,0.885556624598242,420512768,440401920,43.0,194.39,1980.0,2619.0,43.0,194.39,1980.0,2619.0,20260803,2026-08-10T05:15:54.315130+00:00
prefillq128_b4_h4096_sparse_q8kv8_steady,full,prefill,sglang_sparse_q8kv8_fp8,steady,ok,,4,4096,128,2048,64,576,512,10,30,0.22672000527381897,0.22579200565814972,0.22812800109386444,0.22675839960575103,0.0007516665007747172,0.5491350020747632,1.3068429834675044,0.47086700215004385,0.2573029778432101,2.5841479655355215,146028888064,1048576,644.0935279956216,4624982249.509002,656408576,2895.238888192635,0.6509282748818813,0.8839317086213125,425231360,440401920,43.0,194.39,1980.0,2619.0,43.0,199.77,1980.0,2619.0,20260803,2026-08-10T05:15:54.371369+00:00
prefillq128_b4_h8192_sparse_q8kv8_steady,full,prefill,sglang_sparse_q8kv8_fp8,steady,ok,,4,8192,128,2048,64,576,512,10,30,0.22710399329662323,0.22659200429916382,0.22899200022220612,0.22729920049508412,0.0008164842419742377,0.5458630039356649,1.3202390109654516,0.6726090214215219,0.25630800519138575,2.795019041514024,146028888064,1048576,643.0044929825162,4617162317.487048,656408576,2890.343610746892,0.6498276836609563,0.8824371545883318,436143104,520093696,43.0,199.77,1980.0,2619.0,43.0,199.77,1980.0,2619.0,20260803,2026-08-10T05:15:54.443850+00:00
prefillq128_b4_h16384_sparse_q8kv8_steady,full,prefill,sglang_sparse_q8kv8_fp8,steady,ok,,4,16384,128,2048,64,576,512,10,30,0.22972799837589264,0.22870400547981262,0.2311680018901825,0.2298741325736046,0.0009214175298364809,0.5474319914355874,1.3265380111988634,0.7896129973232746,0.2600940060801804,2.923677006037906,146028888064,1048576,635.6599504473987,4564424046.755793,656408576,2857.329453269126,0.6424052051009588,0.8723577581188297,549389312,654311424,44.0,201.25,1980.0,2619.0,44.0,201.25,1980.0,2619.0,20260803,2026-08-10T05:15:54.487888+00:00
prefillq128_b4_h32768_sparse_q8kv8_steady,full,prefill,sglang_sparse_q8kv8_fp8,steady,ok,,4,32768,128,2048,64,576,512,10,30,0.23401600122451782,0.23318399488925934,0.23756800591945648,0.23439679990212123,0.001295989689154422,0.5672189872711897,1.3189090241212398,0.9221340005751699,0.26760200853459537,3.0758640205021948,146028888064,1048576,624.0124064161668,4480787615.005793,656408576,2804.9730469936267,0.6306340640891023,0.8563730710364921,774407168,874512384,44.0,206.92,1980.0,2619.0,44.0,206.92,1980.0,2619.0,20260803,2026-08-10T05:15:54.579095+00:00
prefillq128_b4_h65536_sparse_q8kv8_steady,full,prefill,sglang_sparse_q8kv8_fp8,steady,ok,,4,65536,128,2048,64,576,512,10,30,0.2512640058994293,0.25040000677108765,0.2535359859466553,0.25154239932696026,0.0008358528493847667,0.5940280098002404,1.3413009874057025,1.5267589769791812,0.28414299595169723,3.7462309701368213,146028888064,1048576,581.1771070881093,4173204181.181852,656408576,2612.4258174198394,0.5873442214129453,0.7975873859168419,849904640,950009856,46.0,205.28,1980.0,2619.0,46.0,205.28,1980.0,2619.0,20260803,2026-08-10T05:15:54.684573+00:00
prefillq128_b4_h131072_sparse_q8kv8_steady,full,prefill,sglang_sparse_q8kv8_fp8,steady,ok,,4,131072,128,2048,64,576,512,10,30,0.2678399980068207,0.26655998826026917,0.2704640030860901,0.26823039948940275,0.0012227597419240566,0.5990049976389855,1.3403550256043673,2.1857979882042855,0.30213099671527743,4.427289008162916,146028888064,1048576,545.2094128983726,3914934318.261523,656408576,2450.7488832317135,0.5509948589170012,0.7482265648583839,1000899584,1101004800,46.0,205.28,1980.0,2619.0,46.0,208.96,1980.0,2619.0,20260803,2026-08-10T05:15:54.759820+00:00
prefillq128_b4_h262144_sparse_q8kv8_steady,full,prefill,sglang_sparse_q8kv8_fp8,steady,ok,,4,262144,128,2048,64,576,512,10,30,0.2887359857559204,0.28707200288772583,0.29120001196861267,0.28898239731788633,0.0013994693647577732,0.8902050030883402,1.4288219972513616,3.7691600155085325,0.3315210051368922,6.4197080209851265,146028888064,1048576,505.7522971433281,3631608291.7575836,656408576,2273.386790640247,0.51111904713828,0.6940769821802879,1302889472,1402994688,44.0,206.16,1980.0,2619.0,44.0,206.16,1980.0,2619.0,20260803,2026-08-10T05:15:54.877872+00:00
prefillq128_b4_h524288_sparse_q8kv8_steady,full,prefill,sglang_sparse_q8kv8_fp8,steady,ok,,4,524288,128,2048,64,576,512,10,30,0.29980799555778503,0.29791998863220215,0.30185601115226746,0.29975679715474446,0.0012000549298181074,0.9385180019307882,1.411431992892176,6.996294017881155,0.338570011081174,9.684814023785293,146028888064,1048576,487.07469523058256,3497491779.8611455,656408576,2189.429854193077,0.49224324934874436,0.6684444865036754,1906869248,2006974464,43.0,212.68,1980.0,2619.0,43.0,212.68,1980.0,2619.0,20260803,2026-08-10T05:15:55.002832+00:00
prefillq256_b4_h2048_sparse_q8kv8_steady,full,prefill,sglang_sparse_q8kv8_fp8,steady,ok,,4,2048,256,2048,64,576,512,10,30,0.4344640076160431,0.4328320026397705,0.4363200068473816,0.43444373508294426,0.0009546666499891839,1.830191002227366,2.470086998073384,0.6925750058144331,0.5816459888592362,5.5744989949744195,292057776128,2097152,672.2254801509488,4826986731.322874,1312817152,3021.693693808119,0.6793587469943899,0.9225390279851557,567870464,585105408,43.0,212.68,1980.0,2619.0,47.0,215.46,1980.0,2619.0,20260803,2026-08-10T05:15:55.079258+00:00
prefillq256_b4_h4096_sparse_q8kv8_steady,full,prefill,sglang_sparse_q8kv8_fp8,steady,ok,,4,4096,256,2048,64,576,512,10,30,0.43568000197410583,0.43487998843193054,0.4391680061817169,0.43592213292916615,0.0011039679659755658,0.6770559994038194,1.755391014739871,0.5444790003821254,0.488588004373014,3.46551401889883,292057776128,2097152,670.3492811344555,4813514484.24902,1312817152,3013.2600671398864,0.6774626388422996,0.9199641972652702,572589056,585105408,47.0,215.46,1980.0,2619.0,46.0,219.5,1980.0,2619.0,20260803,2026-08-10T05:15:55.159912+00:00
prefillq256_b4_h8192_sparse_q8kv8_steady,full,prefill,sglang_sparse_q8kv8_fp8,steady,ok,,4,8192,256,2048,64,576,512,10,30,0.4325439929962158,0.4314559996128082,0.43356800079345703,0.43258239527543385,0.0007859864697383807,0.6024620088282973,1.6411709948442876,0.5551819922402501,0.4666929889936,3.265507984906435,292057776128,2097152,675.2094142029968,4848413187.923633,1312817152,3035.106655640194,0.682374344823645,0.9266340760028685,582026240,585105408,46.0,219.5,1980.0,2619.0,46.0,228.45,1980.0,2619.0,20260803,2026-08-10T05:15:55.259212+00:00
prefillq256_b4_h16384_sparse_q8kv8_steady,full,prefill,sglang_sparse_q8kv8_fp8,steady,ok,,4,16384,256,2048,64,576,512,10,30,0.4339199960231781,0.43299201130867004,0.43516799807548523,0.43397013247013094,0.0010882106782250276,0.5843029939569533,1.7416880000382662,1.6945739916991442,0.48814501496963203,4.508710000663996,292057776128,2097152,673.06825867596,4833038392.376781,1312817152,3025.4820336278653,0.6802104685962204,0.9236956281204199,605684736,759169024,46.0,228.45,1980.0,2619.0,46.0,231.07,1980.0,2619.0,20260803,2026-08-10T05:15:55.353006+00:00
prefillq256_b4_h32768_sparse_q8kv8_steady,full,prefill,sglang_sparse_q8kv8_fp8,steady,ok,,4,32768,256,2048,64,576,512,10,30,0.4435519874095917,0.442111998796463,0.4450559914112091,0.44348373313744865,0.0008749020958105224,0.690362008754164,1.586642989423126,0.9705729898996651,0.4760790034197271,3.723656991496682,292057776128,2097152,658.4521869322692,4728086130.890031,1312817152,2959.781917937159,0.6654392995778365,0.9036370361486339,827393024,943718400,46.0,231.07,1980.0,2619.0,46.0,229.89,1980.0,2619.0,20260803,2026-08-10T05:15:55.494034+00:00
prefillq256_b4_h65536_sparse_q8kv8_steady,full,prefill,sglang_sparse_q8kv8_fp8,steady,ok,,4,65536,256,2048,64,576,512,10,30,0.4790399968624115,0.4771519899368286,0.4817279875278473,0.4791797320048014,0.0013579069851504873,0.6351290212478489,1.6482830105815083,1.4105410082265735,0.520570989465341,4.214524029521272,292057776128,2097152,609.6730503525868,4377822339.9628525,1312817152,2740.5167848167457,0.6161425470971064,0.8366942341053812,902890496,1019215872,48.0,233.7,1980.0,2619.0,48.0,233.7,1980.0,2619.0,20260803,2026-08-10T05:15:55.574669+00:00
prefillq256_b4_h131072_sparse_q8kv8_steady,full,prefill,sglang_sparse_q8kv8_fp8,steady,ok,,4,131072,256,2048,64,576,512,10,30,0.5108799934387207,0.5093119740486145,0.513375997543335,0.511243728796641,0.0012542878531705307,0.6531509861815721,1.6176390054170042,2.21908200182952,0.5482209962792695,5.038092989707366,292057776128,2097152,571.6758923405206,4104979695.68963,1312817152,2569.7172895017084,0.5777421852860238,0.7845482470018004,1053885440,1170210816,49.0,241.03,1980.0,2619.0,49.0,241.03,1980.0,2619.0,20260803,2026-08-10T05:15:55.682019+00:00
prefillq256_b4_h262144_sparse_q8kv8_steady,full,prefill,sglang_sparse_q8kv8_fp8,steady,ok,,4,262144,256,2048,64,576,512,10,30,0.5512959957122803,0.5502719879150391,0.5534399747848511,0.5515381296475729,0.0010473905920855146,0.9833260264713317,1.6128419956658036,3.763615997740999,0.5883779958821833,6.9481620157603174,292057776128,2097152,529.7658216266532,3804039964.575577,1312817152,2381.329017824311,0.5353873892133938,0.7270323136716944,1355875328,1472200704,48.0,245.4,1980.0,2619.0,48.0,245.4,1980.0,2619.0,20260803,2026-08-10T05:15:55.781568+00:00
prefillq256_b4_h524288_sparse_q8kv8_steady,full,prefill,sglang_sparse_q8kv8_fp8,steady,ok,,4,524288,256,2048,64,576,512,10,30,0.5767679810523987,0.5748479962348938,0.5794879794120789,0.5769909302393595,0.0016315761289382347,0.962461024755612,1.6197999939322472,7.01593401026912,0.6091560062486678,10.207351035205647,292057776128,2097152,506.36960740278494,3636040953.8917804,1312817152,2276.1616371362543,0.5117429079361141,0.6949241574563525,1959855104,2076180480,44.0,260.13,1980.0,2619.0,46.0,266.55,1980.0,2619.0,20260803,2026-08-10T05:15:55.896087+00:00
prefillq512_b4_h2048_sparse_q8kv8_steady,full,prefill,sglang_sparse_q8kv8_fp8,steady,ok,,4,2048,512,2048,64,576,512,10,30,0.8413119912147522,0.8393920063972473,0.8438079953193665,0.8414837320645651,0.0014754419647691115,0.7686340250074863,2.6533389755059034,0.6016109837219119,0.8680049795657396,4.891588963801041,584115552256,4194304,694.2912479027051,4985432329.264599,2625634304,3120.880638119639,0.7016586638733755,0.9528213254203561,862585856,880803840,46.0,266.55,1980.0,2619.0,45.0,274.83,1980.0,2619.0,20260803,2026-08-10T05:15:56.021831+00:00
prefillq512_b4_h4096_sparse_q8kv8_steady,full,prefill,sglang_sparse_q8kv8_fp8,steady,ok,,4,4096,512,2048,64,576,512,10,30,0.8400319814682007,0.8380159735679626,0.8424959778785706,0.8401237368583679,0.0013835661202148662,0.598183018155396,2.595243015093729,0.6109429814387113,0.8675800054334104,4.671949020121247,584115552256,4194304,695.3491832954835,4993028947.147026,2625634304,3125.6361209140387,0.7027278254628434,0.9542731994086877,867304448,872415232,45.0,274.83,1980.0,2619.0,47.0,287.34,1980.0,2619.0,20260803,2026-08-10T05:15:56.140428+00:00
prefillq512_b4_h8192_sparse_q8kv8_steady,full,prefill,sglang_sparse_q8kv8_fp8,steady,ok,,4,8192,512,2048,64,576,512,10,30,0.8437759876251221,0.8414080142974854,0.8481600284576416,0.8449856022993724,0.006362234616366723,0.6018730055075139,2.6032939786091447,0.6725789862684906,0.8660059829708189,4.743751953355968,584115552256,4194304,692.2637771430803,4970873859.310951,2625634304,3111.767035928656,0.6996096787701671,0.950038894585642,877659136,880803840,47.0,275.16,1980.0,2619.0,47.0,275.16,1980.0,2619.0,20260803,2026-08-10T05:15:56.255718+00:00
prefillq512_b4_h16384_sparse_q8kv8_steady,full,prefill,sglang_sparse_q8kv8_fp8,steady,ok,,4,16384,512,2048,64,576,512,10,30,0.8439040184020996,0.8424320220947266,0.8460800051689148,0.843916799624761,0.0011061511165813254,0.6415760144591331,2.853487996617332,0.8195179980248213,0.8734239963814616,5.188006005482748,584115552256,4194304,692.1587520841538,4970119715.677804,2625634304,3111.294942014306,0.6995035392462393,0.9498947618226969,896533504,899678208,47.0,275.16,1980.0,2619.0,50.0,285.02,1980.0,2619.0,20260803,2026-08-10T05:15:56.373759+00:00
prefillq512_b4_h32768_sparse_q8kv8_steady,full,prefill,sglang_sparse_q8kv8_fp8,steady,ok,,4,32768,512,2048,64,576,512,10,30,0.8663359880447388,0.8642240166664124,0.8689919710159302,0.8664373338222504,0.001277411856380225,0.5929190083406866,2.6091769977938384,0.9955659916158766,0.8892010082490742,5.086863005999476,584115552256,4194304,674.2367399215505,4841428796.541464,2625634304,3030.7344266349564,0.6813913490869635,0.9252992114185178,934282240,937426944,50.0,285.02,1980.0,2619.0,53.0,308.75,1980.0,2619.0,20260803,2026-08-10T05:15:56.469362+00:00
prefillq512_b4_h65536_sparse_q8kv8_steady,full,prefill,sglang_sparse_q8kv8_fp8,steady,ok,,4,65536,512,2048,64,576,512,10,30,0.9238079786300659,0.9222720265388489,0.9276160001754761,0.924315732717514,0.0015614521366526216,0.6388180190697312,2.6680199953261763,1.4013999898452312,0.9584779909346253,5.666715995175764,584115552256,4194304,632.2910883733621,4540233573.453025,2625634304,2842.1862169815936,0.6390005946168389,0.8677344481804738,1009779712,1012924416,53.0,308.75,1980.0,2619.0,53.0,308.75,1980.0,2619.0,20260803,2026-08-10T05:15:56.629640+00:00
prefillq512_b4_h131072_sparse_q8kv8_steady,full,prefill,sglang_sparse_q8kv8_fp8,steady,ok,,4,131072,512,2048,64,576,512,10,30,1.0010559558868408,0.9981120228767395,1.0039360523223877,1.0010037342707316,0.001873147196322651,0.658118020510301,2.634021017001942,2.208257996244356,1.034302986226976,6.534700019983575,584115552256,4194304,583.4994026268281,4189879671.895307,2625634304,2622.8646746064624,0.5896911598047783,0.8007744240941255,1160774656,1163919360,46.0,317.93,1980.0,2619.0,47.0,330.62,1980.0,2619.0,20260803,2026-08-10T05:15:56.712574+00:00
prefillq512_b4_h262144_sparse_q8kv8_steady,full,prefill,sglang_sparse_q8kv8_fp8,steady,ok,,4,262144,512,2048,64,576,512,10,30,1.08188796043396,1.0801279544830322,1.0859839916229248,1.082641065120697,0.0018994451909353578,0.876664009410888,2.6548939931672066,3.8119039963930845,1.1122639989480376,8.455725997919217,584115552256,4194304,539.9039213096552,3876837670.2497067,2625634304,2426.9003815763162,0.5456330685292119,0.7409454914719068,1462764544,1465909248,47.0,330.62,1980.0,2619.0,52.0,330.95,1965.0,2619.0,20260803,2026-08-10T05:15:56.837067+00:00
prefillq512_b4_h524288_sparse_q8kv8_steady,full,prefill,sglang_sparse_q8kv8_fp8,steady,ok,,4,524288,512,2048,64,576,512,10,30,1.1360960006713867,1.1317119598388672,1.1440000534057617,1.1365237315495809,0.0038980918059513484,1.0467350075487047,3.0333719914779067,7.1289359766524285,1.210084999911487,12.419127975590527,584115552256,4194304,514.1427765882561,3691857023.985065,2625634304,2311.102497014651,0.5195985614838363,0.7055917863345653,2066744320,2069889024,52.0,330.95,1965.0,2619.0,52.0,328.37,1965.0,2619.0,20260803,2026-08-10T05:15:57.039530+00:00
prefillq1024_b4_h2048_sparse_q8kv8_steady,full,prefill,sglang_sparse_q8kv8_fp8,steady,ok,,4,2048,1024,2048,64,576,512,10,30,1.6354880332946777,1.6318080425262451,1.6463040113449097,1.6369205395380655,0.004442107081439711,0.9690070000942796,4.355101002147421,1.027853024424985,1.6723349981475621,8.024296024814248,1168231104512,8388608,714.3012243009858,5129116098.209056,5251268608,3210.8266774788685,0.7218809745335886,0.9802823258161321,1074529280,1090519040,52.0,328.37,1965.0,2619.0,46.0,319.17,1965.0,2619.0,20260803,2026-08-10T05:15:57.219459+00:00
prefillq1024_b4_h4096_sparse_q8kv8_steady,full,prefill,sglang_sparse_q8kv8_fp8,steady,ok,,4,4096,1024,2048,64,576,512,10,30,1.634335994720459,1.6248639822006226,1.6435840129852295,1.6344821294148764,0.005743240970070879,0.8364459790755063,4.260345012880862,1.0036939929705113,1.6657199885230511,7.7662049734499305,1168231104512,8388608,714.8047331061917,5132731596.86776,5251268608,3213.0899796392177,0.7223898262821544,0.9809733239074753,1080034304,1082130432,53.0,344.26,1965.0,2619.0,48.0,346.19,1965.0,2619.0,20260803,2026-08-10T05:15:57.411266+00:00
prefillq1024_b4_h8192_sparse_q8kv8_steady,full,prefill,sglang_sparse_q8kv8_fp8,steady,ok,,4,8192,1024,2048,64,576,512,10,30,1.6395519971847534,1.635200023651123,1.6458879709243774,1.6411114613215128,0.008914555709433475,0.7852829876355827,4.213544016238302,1.0524459939915687,1.6683090070728213,7.719582004938275,1168231104512,8388608,712.5306830877884,5116402538.256753,5251268608,3202.867988948727,0.7200916453641115,0.9778524962157068,1088685056,1092616192,48.0,346.19,1965.0,2619.0,52.0,352.33,1965.0,2619.0,20260803,2026-08-10T05:15:57.571105+00:00
prefillq1024_b4_h16384_sparse_q8kv8_steady,full,prefill,sglang_sparse_q8kv8_fp8,steady,ok,,4,16384,1024,2048,64,576,512,10,30,1.647968053817749,1.6444799900054932,1.6519360542297363,1.648258137702942,0.0025126306568161983,0.8659640152473003,4.332748998422176,1.201417006086558,1.673211983870715,8.073342003626749,1168231104512,8388608,708.8918391382824,5090273431.312345,5251268608,3186.511168001528,0.7164141881134739,0.9728586724775571,1107559424,1111490560,58.0,370.39,1905.0,2619.0,48.0,376.53,1965.0,2619.0,20260803,2026-08-10T05:15:57.696929+00:00
prefillq1024_b4_h32768_sparse_q8kv8_steady,full,prefill,sglang_sparse_q8kv8_fp8,steady,ok,,4,32768,1024,2048,64,576,512,10,30,1.6750400066375732,1.6667200326919556,1.67849600315094,1.6746656020482382,0.003123108528142682,0.7998879882507026,4.224658012390137,1.3883240171708167,1.7056039941962808,8.118474012007937,1168231104512,8388608,697.4347477569047,5008004565.120237,5251268608,3135.0108577652686,0.704835520724512,0.9571353560329916,1145308160,1149239296,48.0,376.53,1965.0,2619.0,56.0,397.95,1950.0,2619.0,20260803,2026-08-10T05:15:57.871451+00:00
prefillq1024_b4_h65536_sparse_q8kv8_steady,full,prefill,sglang_sparse_q8kv8_fp8,steady,ok,,4,65536,1024,2048,64,576,512,10,30,1.7996159791946411,1.7965120077133179,1.8024319410324097,1.7994944055875142,0.0018336747827237393,0.8150479989126325,4.265692987246439,1.7895269847940654,1.8291280139237642,8.699395984876901,1168231104512,8388608,649.155774352928,4661332249.2024355,5251268608,2917.9939880007246,0.6560442388609682,0.8908789606547258,1220805632,1224736768,58.0,407.42,1935.0,2619.0,50.0,433.51,1965.0,2619.0,20260803,2026-08-10T05:15:58.003642+00:00
prefillq1024_b4_h131072_sparse_q8kv8_steady,full,prefill,sglang_sparse_q8kv8_fp8,steady,ok,,4,131072,1024,2048,64,576,512,10,30,1.9710400104522705,1.9451839923858643,1.9936319589614868,1.9740021347999572,0.01482578206489805,0.8191520173568279,4.272219986887649,2.629907976370305,1.9987759878858924,9.720055968500674,1168231104512,8388608,592.6978134979312,4255929841.8681865,5251268608,2664.212081009485,0.5989871788761305,0.8133980054289628,1371800576,1375731712,54.0,429.8,1965.0,2619.0,48.0,449.01,1965.0,2619.0,20260803,2026-08-10T05:15:58.201410+00:00
prefillq1024_b4_h262144_sparse_q8kv8_steady,full,prefill,sglang_sparse_q8kv8_fp8,steady,ok,,4,262144,1024,2048,64,576,512,10,30,2.110304117202759,2.1052799224853516,2.1279358863830566,2.1134858687718707,0.006821936019618036,1.0448690154589713,4.475936002563685,4.286307987058535,2.1471249929163605,11.954237997997552,1168231104512,8388608,553.5842417160749,3975070669.491576,5251268608,2488.3942391017267,0.5594585565599544,0.759719890632483,1673790464,1677721600,57.0,440.87,1890.0,2619.0,49.0,443.1,1965.0,2619.0,20260803,2026-08-10T05:15:58.418581+00:00
prefillq1024_b4_h524288_sparse_q8kv8_steady,full,prefill,sglang_sparse_q8kv8_fp8,steady,ok,,4,524288,1024,2048,64,576,512,10,30,2.227839946746826,2.21891188621521,2.247744083404541,2.232477863629659,0.01019140991084481,1.0540549992583692,4.227419005474076,7.475887017790228,2.25539697567001,15.012757998192683,1168231104512,8388608,524.3783810492733,3765354873.1134634,5251268608,2357.112150569028,0.5299427802418124,0.7196387763239763,2277770240,2281701376,57.0,452.32,1950.0,2619.0,50.0,446.46,1935.0,2619.0,20260803,2026-08-10T05:15:58.598354+00:00
prefillq2048_b4_h2048_sparse_q8kv8_steady,full,prefill,sglang_sparse_q8kv8_fp8,steady,ok,,4,2048,2048,2048,64,576,512,10,30,3.2242560386657715,3.2205119132995605,3.324928045272827,3.243448543548584,0.0483720110432891,0.9918770228978246,7.786027010297403,1.918116002343595,3.251510002883151,13.947530038421974,2336462209024,16777216,724.6515726433595,5203437878.011256,10502537216,3257.352111635046,0.732341154768428,0.9944867863446692,1498416128,1507852288,57.0,453.87,1935.0,2619.0,51.0,471.04,1905.0,2619.0,20260803,2026-08-10T05:15:58.764473+00:00
prefillq2048_b4_h4096_sparse_q8kv8_steady,full,prefill,sglang_sparse_q8kv8_fp8,steady,ok,,4,4096,2048,2048,64,576,512,10,30,3.227679967880249,3.2194879055023193,3.2637441158294678,3.2350197076797484,0.015511851971454807,0.9779369866009802,8.062687003985047,2.116577001288533,3.2485160045325756,14.405716996407136,2336462209024,16777216,723.8828608396549,5197918060.946511,10502537216,3253.896706152516,0.7315642858409852,0.9934318328192077,1503659008,1522532352,61.0,468.23,1860.0,2619.0,52.0,475.96,1965.0,2619.0,20260803,2026-08-10T05:15:58.985148+00:00
prefillq2048_b4_h8192_sparse_q8kv8_steady,full,prefill,sglang_sparse_q8kv8_fp8,steady,ok,,4,8192,2048,2048,64,576,512,10,30,3.2179200649261475,3.202944040298462,3.2303359508514404,3.216444802284241,0.011621752842374865,0.9659149800427258,7.790412986651063,1.894160988740623,3.243444982217625,13.893933937652037,2336462209024,16777216,726.0783866232,5213683267.917049,10502537216,3263.7657257160727,0.7337831092705407,0.9964448965635532,1512571904,1533018112,63.0,496.59,1845.0,2619.0,53.0,530.65,1965.0,2619.0,20260803,2026-08-10T05:15:59.209195+00:00
prefillq2048_b4_h16384_sparse_q8kv8_steady,full,prefill,sglang_sparse_q8kv8_fp8,steady,ok,,4,16384,2048,2048,64,576,512,10,30,3.237663984298706,3.2323200702667236,3.2674880027770996,3.247718413670858,0.014428389821983576,0.9800159896258265,7.7955329907126725,1.99460398289375,3.2475499901920557,14.017702953424305,2336462209024,16777216,721.6506161092839,5181889189.663402,10502537216,3243.862632729289,0.7293083538244405,0.9903683772606368,1531446272,1551892480,64.0,536.21,1890.0,2619.0,63.0,562.87,1860.0,2619.0,20260803,2026-08-10T05:15:59.402868+00:00
prefillq2048_b4_h32768_sparse_q8kv8_steady,full,prefill,sglang_sparse_q8kv8_fp8,steady,ok,,4,32768,2048,2048,64,576,512,10,30,3.3033599853515625,3.2618560791015625,3.311039924621582,3.294718941052755,0.015126377348418478,1.0459869808983058,7.828331989003345,2.2549529967363924,3.288301988504827,14.41757395514287,2336462209024,16777216,707.2986956870642,5078833694.903667,10502537216,3179.3498930096957,0.7148041391481195,0.970672297437745,1569195008,1589641216,63.0,562.87,1860.0,2619.0,63.0,580.16,1860.0,2619.0,20260803,2026-08-10T05:15:59.645450+00:00
prefillq2048_b4_h65536_sparse_q8kv8_steady,full,prefill,sglang_sparse_q8kv8_fp8,steady,ok,,4,65536,2048,2048,64,576,512,10,30,3.558079957962036,3.5354559421539307,3.5948801040649414,3.5585525194803873,0.017903931426019502,1.0827229998540133,8.054798992816359,2.5926149974111468,3.5565560101531446,15.286693000234663,2336462209024,16777216,656.6637727731833,4715244232.344204,10502537216,2951.742889447472,0.6636319078051373,0.9011826783346641,1644692480,1665138688,63.0,580.16,1860.0,2619.0,57.0,577.17,1890.0,2619.0,20260803,2026-08-10T05:15:59.878328+00:00
prefillq2048_b4_h131072_sparse_q8kv8_steady,full,prefill,sglang_sparse_q8kv8_fp8,steady,ok,,4,131072,2048,2048,64,576,512,10,30,3.861920118331909,3.8368639945983887,3.97107195854187,3.899349323908488,0.051519144503720915,1.266578008653596,7.958995003718883,3.4309850016143173,3.888523002387956,16.545081016374752,2336462209024,16777216,605.0001391621729,4344268002.94529,10502537216,2719.5117698437516,0.6114200496838533,0.8302812922060392,1795687424,1816133632,63.0,559.8,1890.0,2619.0,60.0,548.55,1815.0,2619.0,20260803,2026-08-10T05:16:00.113216+00:00
prefillq2048_b4_h262144_sparse_q8kv8_steady,full,prefill,sglang_sparse_q8kv8_fp8,steady,ok,,4,262144,2048,2048,64,576,512,10,30,4.249311923980713,4.170144081115723,4.265503883361816,4.239304542541504,0.02950962433458313,1.3461429916787893,8.271397993667051,5.083412979729474,4.220045986585319,18.920999951660633,2336462209024,16777216,549.8448338984788,3948219452.970464,10502537216,2471.5853775595106,0.5556794683157946,0.7545880565155874,2097677312,2118123520,62.0,541.11,1830.0,2619.0,60.0,547.93,1785.0,2619.0,20260803,2026-08-10T05:16:00.418745+00:00
prefillq2048_b4_h524288_sparse_q8kv8_steady,full,prefill,sglang_sparse_q8kv8_fp8,steady,ok,,4,524288,2048,2048,64,576,512,10,30,4.477920055389404,4.408351898193359,4.497375965118408,4.459739732742309,0.036244152183213064,2.2142300149425864,7.979224988957867,8.34000899340026,4.459271993255243,22.992735990555957,2336462209024,16777216,521.77398884376,3746653757.207605,10502537216,2345.405252011961,0.5273107517369985,0.7160645984257704,2701657088,2722103296,60.0,547.93,1785.0,2619.0,60.0,529.58,1800.0,2619.0,20260803,2026-08-10T05:16:00.742838+00:00
prefillq4096_b4_h2048_sparse_q8kv8_steady,full,prefill,sglang_sparse_q8kv8_fp8,steady,ok,,4,2048,4096,2048,64,576,512,10,30,6.467616081237793,6.4086079597473145,6.509632110595703,6.472208023071289,0.02956040115193184,1.3361359888222069,14.974581019487232,3.417820989852771,6.420899007935077,26.149437006097287,4672924418048,33554432,722.511101362974,5188067995.770436,21005074432,3247.730565352293,0.7301779700484832,0.9915492774986887,2542159872,2764046336,60.0,529.58,1800.0,2619.0,65.0,569.78,1815.0,2619.0,20260803,2026-08-10T05:16:01.046559+00:00
prefillq4096_b4_h4096_sparse_q8kv8_steady,full,prefill,sglang_sparse_q8kv8_fp8,steady,ok,,4,4096,4096,2048,64,576,512,10,30,6.413343906402588,6.404128074645996,6.509568214416504,6.4411882877349855,0.04359668417871396,1.2723270046990365,17.202924005687237,3.460837993770838,6.429676024708897,28.365765028866008,4672924418048,33554432,728.6252672935428,5231971416.112871,21005074432,3275.2141064866573,0.7363570159611348,0.9999401476175368,2546354176,2768240640,66.0,550.54,1935.0,2619.0,66.0,604.85,1830.0,2619.0,20260803,2026-08-10T05:16:01.386605+00:00
prefillq4096_b4_h8192_sparse_q8kv8_steady,full,prefill,sglang_sparse_q8kv8_fp8,steady,ok,,4,8192,4096,2048,64,576,512,10,30,6.466047763824463,6.410751819610596,6.608320236206055,6.476204776763916,0.0655343144929192,1.4330279955174774,15.00505200237967,3.6051140050403774,6.436666997615248,26.479861000552773,4672924418048,33554432,722.68634391963,5189326343.632453,21005074432,3248.5182911139154,0.7303550721774936,0.9917897743299643,2556839936,2778726400,64.0,616.77,1935.0,2619.0,64.0,605.13,1860.0,2619.0,20260803,2026-08-10T05:16:01.819403+00:00
prefillq4096_b4_h16384_sparse_q8kv8_steady,full,prefill,sglang_sparse_q8kv8_fp8,steady,ok,,4,16384,4096,2048,64,576,512,10,30,6.4312639236450195,6.422048091888428,6.533696174621582,6.455192565917969,0.0375008248772372,1.3224739814177155,14.98962999903597,3.618324000854045,6.452781992265955,26.383209973573685,4672924418048,33554432,726.5950322560464,5217393096.967244,21005074432,3266.0880787014953,0.7343052372471414,0.997153923183359,2575714304,2797600768,66.0,578.53,1905.0,2619.0,67.0,621.5,1830.0,2619.0,20260803,2026-08-10T05:16:02.220120+00:00
prefillq4096_b4_h32768_sparse_q8kv8_steady,full,prefill,sglang_sparse_q8kv8_fp8,steady,ok,,4,32768,4096,2048,64,576,512,10,30,6.578464031219482,6.571167945861816,6.7267842292785645,6.6103477319081625,0.057642289968274495,1.3436849985737354,15.204180992441252,3.870319022098556,6.53072600835003,26.948911021463573,4672924418048,33554432,710.3366980303693,5100648394.634431,21005074432,3193.005895041154,0.7178743790099741,0.9748415469106748,2613463040,2835349504,67.0,621.5,1830.0,2619.0,66.0,625.83,1815.0,2619.0,20260803,2026-08-10T05:16:02.556659+00:00
prefillq4096_b4_h65536_sparse_q8kv8_steady,full,prefill,sglang_sparse_q8kv8_fp8,steady,ok,,4,65536,4096,2048,64,576,512,10,30,7.164192199707031,7.097248077392578,7.289792060852051,7.192654927571614,0.06124389680082028,1.389695011312142,15.246908995322883,4.211140010738745,7.074302004184574,27.922046021558344,4672924418048,33554432,652.2611744334682,4683630905.571204,21005074432,2931.952946887574,0.6591825916457486,0.895140704454088,2688960512,2910846976,67.0,667.79,1845.0,2619.0,65.0,650.46,1785.0,2619.0,20260803,2026-08-10T05:16:02.924142+00:00
prefillq4096_b4_h131072_sparse_q8kv8_steady,full,prefill,sglang_sparse_q8kv8_fp8,steady,ok,,4,131072,4096,2048,64,576,512,10,30,7.86297607421875,7.751999855041504,7.960000038146973,7.850899187723796,0.05928591369394843,1.3793910038657486,15.318572986871004,4.995457013137639,7.6960290025454015,29.389450006419793,4672924418048,33554432,594.2946250809104,4267395917.688062,21005074432,2671.389844472727,0.6006009348973324,0.8155894144860938,2839955456,3061841920,66.0,665.41,1875.0,2619.0,64.0,604.33,1905.0,2619.0,20260803,2026-08-10T05:16:03.335384+00:00
prefillq4096_b4_h262144_sparse_q8kv8_steady,full,prefill,sglang_sparse_q8kv8_fp8,steady,ok,,4,262144,4096,2048,64,576,512,10,30,8.492511749267578,8.452287673950195,8.537664413452148,8.497090117136638,0.028748784766209245,1.6981900262180716,15.29690099414438,6.632980017457157,8.369439019588754,31.997510057408363,4672924418048,33554432,550.2405596849493,3951061004.1715684,21005074432,2473.364188611402,0.5560793933147542,0.7551311369152134,3141945344,3363831808,64.0,604.33,1905.0,2619.0,64.0,634.73,1755.0,2619.0,20260803,2026-08-10T05:16:03.840692+00:00
prefillq4096_b4_h524288_sparse_q8kv8_steady,full,prefill,sglang_sparse_q8kv8_fp8,steady,ok,,4,524288,4096,2048,64,576,512,10,30,8.905823707580566,8.876928329467773,8.976351737976074,8.910040473937988,0.028137132431175833,1.5026569890324026,15.256785991368815,9.719510009745136,8.795771020231768,35.27472401037812,4672924418048,33554432,524.7043475687087,3767695510.460052,21005074432,2358.577389547993,0.5302722057288618,0.7200861215152478,3745925120,3967811584,64.0,634.73,1755.0,2619.0,63.0,668.64,1785.0,2619.0,20260803,2026-08-10T05:16:04.273109+00:00
prefillq8192_b4_h2048_sparse_q8kv8_steady,full,prefill,sglang_sparse_q8kv8_fp8,steady,ok,,4,2048,8192,2048,64,576,512,10,30,12.866463661193848,12.852255821228027,12.96121597290039,12.875956185658772,0.030055599366407015,2.3861640074755996,33.32814000896178,6.84302399167791,12.800251017324626,55.35757902543992,9345848836096,67108864,726.3727689437877,5215797111.55638,42010148864,3265.088991834294,0.7340806154055459,0.9968488966913526,4808001536,5391777792,56.0,649.38,1800.0,2619.0,69.0,689.46,1830.0,2619.0,20260803,2026-08-10T05:16:04.719891+00:00
prefillq8192_b4_h4096_sparse_q8kv8_steady,full,prefill,sglang_sparse_q8kv8_fp8,steady,ok,,4,4096,8192,2048,64,576,512,10,30,12.963104248046875,12.866463661193848,12.977312088012695,12.944437376658122,0.04360543647675387,1.8537110008765012,29.840325994882733,6.72500699874945,12.80283901724033,51.221883011749014,9345848836096,67108864,720.9576238271878,5176913084.696605,42010148864,3240.747591020074,0.7286080079102454,0.9894173385910187,4813768704,5395972096,57.0,661.2,1935.0,2619.0,68.0,694.54,1800.0,2619.0,20260803,2026-08-10T05:16:05.431887+00:00
prefillq8192_b4_h8192_sparse_q8kv8_steady,full,prefill,sglang_sparse_q8kv8_fp8,steady,ok,,4,8192,8192,2048,64,576,512,10,30,12.93171215057373,12.787936210632324,13.002335548400879,12.923537063598634,0.07145688478475677,1.9494500011205673,29.7130010148976,6.809815007727593,12.811152992071584,51.283419015817344,9345848836096,67108864,722.7077688766341,5189480187.820499,42010148864,3248.6145975756326,0.730376724483713,0.9918191772008652,4822157312,5404360704,68.0,636.18,1965.0,2619.0,69.0,676.68,1830.0,2619.0,20260803,2026-08-10T05:16:06.085524+00:00
prefillq8192_b4_h16384_sparse_q8kv8_steady,full,prefill,sglang_sparse_q8kv8_fp8,steady,ok,,4,16384,8192,2048,64,576,512,10,30,13.03104019165039,13.012767791748047,13.331071853637695,13.082905578613282,0.11150234463477898,1.9439600000623614,29.85445101512596,7.088525017024949,12.855854001827538,51.74279003404081,9345848836096,67108864,717.1989878508955,5149923798.331913,42010148864,3223.8522977557773,0.7248094874693234,0.9842591164133349,4841031680,5423235072,69.0,676.68,1830.0,2619.0,69.0,700.93,1800.0,2619.0,20260803,2026-08-10T05:16:06.788166+00:00
prefillq8192_b4_h32768_sparse_q8kv8_steady,full,prefill,sglang_sparse_q8kv8_fp8,steady,ok,,4,32768,8192,2048,64,576,512,10,30,13.273152351379395,13.173248291015625,13.511839866638184,13.290632470448811,0.11967021023230391,1.9538229971658438,29.85651500057429,16.891095001483336,13.108817976899445,61.810250976122916,9345848836096,67108864,704.116745493752,5055985362.288545,42010148864,3165.0468367926296,0.7115884239451763,0.966305498907918,4878780416,5460983808,60.0,679.97,1845.0,2619.0,69.0,699.41,1800.0,2619.0,20260803,2026-08-10T05:16:07.440662+00:00
prefillq8192_b4_h65536_sparse_q8kv8_steady,full,prefill,sglang_sparse_q8kv8_fp8,steady,ok,,4,65536,8192,2048,64,576,512,10,30,14.488415718078613,14.306559562683105,14.513728141784668,14.463468742370605,0.05994432453210471,2.01704099890776,31.883975985692814,7.588892010971904,14.083770976867527,55.573679972440004,9345848836096,67108864,645.0566451122927,4631898014.650539,42010148864,2899.568157171238,0.651901612038699,0.8852534572828631,4954277888,5536481280,58.0,657.75,1950.0,2619.0,67.0,664.23,1770.0,2619.0,20260803,2026-08-10T05:16:08.148105+00:00
prefillq8192_b4_h131072_sparse_q8kv8_steady,full,prefill,sglang_sparse_q8kv8_fp8,steady,ok,,4,131072,8192,2048,64,576,512,10,30,15.788864135742188,15.711296081542969,15.863519668579102,15.781337674458822,0.03874008249739125,1.8840789853129536,29.836347996024415,8.311616984428838,15.379799995571375,55.41184396133758,9345848836096,67108864,591.9266107901485,4250392138.6011353,42010148864,2660.7454787643105,0.5982077926125806,0.8123396334727888,5105272832,5687476224,57.0,613.89,1950.0,2619.0,66.0,689.28,1740.0,2619.0,20260803,2026-08-10T05:16:08.900711+00:00
prefillq8192_b4_h262144_sparse_q8kv8_steady,full,prefill,sglang_sparse_q8kv8_fp8,steady,ok,,4,262144,8192,2048,64,576,512,10,30,17.024288177490234,16.993343353271484,17.310239791870117,17.084614435831707,0.11175602763739961,1.9379149889573455,29.863038012990728,9.74813400534913,16.69365298585035,58.24273999314755,9345848836096,67108864,548.9714893603141,3941948309.4002333,42010148864,2467.659641684546,0.5547968563520101,0.7533895086397263,5407262720,5989466112,56.0,645.68,1950.0,2619.0,65.0,695.19,1755.0,2619.0,20260803,2026-08-10T05:16:09.722475+00:00
prefillq8192_b4_h524288_sparse_q8kv8_steady,full,prefill,sglang_sparse_q8kv8_fp8,steady,ok,,4,524288,8192,2048,64,576,512,10,30,17.978527069091797,17.87183952331543,18.04755210876465,17.948970603942872,0.05723295037373898,2.4134190171025693,30.48220102209598,12.98089200281538,17.656017997069284,63.53253003908321,9345848836096,67108864,519.8339552611701,3732723139.226003,42010148864,2336.684685155478,0.525350131643426,0.7134021633524388,6011242496,6593445888,58.0,671.42,1755.0,2619.0,65.0,700.66,1770.0,2619.0,20260803,2026-08-10T05:16:10.545059+00:00
prefillq16384_b4_h2048_sparse_q8kv8_steady,full,prefill,sglang_sparse_q8kv8_fp8,steady,ok,,4,2048,16384,2048,64,576,512,10,30,25.91913604736328,25.695680618286133,30.73632049560547,27.230143992106118,1.9224438336863987,2.5580989895388484,59.05189798795618,13.232091994723305,25.52699501393363,100.36908398615196,18691697672192,134217728,721.1543485876907,5178325687.813725,84020297728,3241.6318805713922,0.7288068201997885,0.9896873168567848,9340733440,10122952704,65.0,700.66,1770.0,2619.0,64.0,712.06,1680.0,2619.0,20260803,2026-08-10T05:16:11.408875+00:00
prefillq16384_b4_h4096_sparse_q8kv8_steady,full,prefill,sglang_sparse_q8kv8_fp8,steady,ok,,4,4096,16384,2048,64,576,512,10,30,25.909120559692383,25.6976318359375,30.6312313079834,27.232184727986652,1.9147602749933326,2.926832006778568,58.50867700064555,13.208060001488775,25.554027990438044,100.19759699935094,18691697672192,134217728,721.4331196278137,5180327432.989241,84020297728,3242.8849730512648,0.7290885493964766,0.9900698926025415,9346500608,10127147008,61.0,695.33,1785.0,2619.0,65.0,708.18,1725.0,2619.0,20260803,2026-08-10T05:16:12.661054+00:00
prefillq16384_b4_h8192_sparse_q8kv8_steady,full,prefill,sglang_sparse_q8kv8_fp8,steady,ok,,4,8192,16384,2048,64,576,512,10,30,25.838367462158203,25.73865509033203,30.92620849609375,27.23757864634196,1.9333258477276676,2.830576995620504,57.85380699671805,13.324803992873058,25.593149999622256,99.60233798483387,18691697672192,134217728,723.4086170330646,5194512702.730531,84020297728,3251.764951909312,0.731085009634224,0.992780997001051,9354889216,10135535616,65.0,708.18,1725.0,2619.0,65.0,693.02,1770.0,2619.0,20260803,2026-08-10T05:16:13.943850+00:00
prefillq16384_b4_h16384_sparse_q8kv8_steady,full,prefill,sglang_sparse_q8kv8_fp8,steady,ok,,4,16384,16384,2048,64,576,512,10,30,26.11078453063965,25.914304733276367,31.021696090698242,27.395341682434083,1.970996288863797,2.8540249913930893,58.036835020175204,13.592333998531103,25.748422980541363,100.23161699064076,18691697672192,134217728,715.8612047929187,5140317704.452827,84020297728,3217.8388829874702,0.7234575086335712,0.9824231891561833,9373763584,10154409984,65.0,693.02,1770.0,2619.0,64.0,710.15,1710.0,2619.0,20260803,2026-08-10T05:16:15.199005+00:00
prefillq16384_b4_h32768_sparse_q8kv8_steady,full,prefill,sglang_sparse_q8kv8_fp8,steady,ok,,4,32768,16384,2048,64,576,512,10,30,26.77507209777832,26.750816345214844,31.938047409057617,28.275541432698567,2.0119229603314728,2.659331978065893,63.39466798817739,13.614736002637073,26.413501997012645,106.082237965893,18691697672192,134217728,698.1007410151085,5012786800.717403,84020297728,3138.004537249094,0.7055085811168352,0.9580493421748588,9411512320,10192158720,58.0,671.83,1920.0,2619.0,64.0,704.69,1710.0,2619.0,20260803,2026-08-10T05:16:16.435071+00:00
prefillq16384_b4_h65536_sparse_q8kv8_steady,full,prefill,sglang_sparse_q8kv8_fp8,steady,ok,,4,65536,16384,2048,64,576,512,10,30,29.65679931640625,29.060672760009766,34.556671142578125,30.537815284729003,1.85037536596216,2.83030400169082,60.38047300535254,14.127981005003676,28.241480002179742,105.58023801422678,18691697672192,134217728,630.2668562703489,4525698359.018476,84020297728,2833.0871727455656,0.6369548825369872,0.8649564619662191,9487009792,10267656192,64.0,704.69,1710.0,2619.0,65.0,688.74,1755.0,2619.0,20260803,2026-08-10T05:16:17.743945+00:00
prefillq16384_b4_h131072_sparse_q8kv8_steady,full,prefill,sglang_sparse_q8kv8_fp8,steady,ok,,4,131072,16384,2048,64,576,512,10,30,31.846303939819336,31.65727996826172,38.00835037231445,33.10482114156087,2.073300810807893,2.8364919999148697,58.649215003242716,14.876953995553777,30.842149019008502,107.20481001771986,18691697672192,134217728,586.9346002447919,4214546474.6437836,84020297728,2638.3060931270084,0.5931628097471369,0.8054887706415096,9638004736,10418651136,65.0,688.74,1755.0,2619.0,65.0,701.08,1725.0,2619.0,20260803,2026-08-10T05:16:19.112623+00:00
prefillq16384_b4_h262144_sparse_q8kv8_steady,full,prefill,sglang_sparse_q8kv8_fp8,steady,ok,,4,262144,16384,2048,64,576,512,10,30,34.280704498291016,34.0392951965332,40.00252914428711,35.42804183959961,2.034303803240109,3.4075030125677586,58.753997000167146,16.286964004393667,33.407980983611196,111.85644500073977,18691697672192,134217728,545.2541873263962,3915255825.815689,84020297728,2450.9501469606216,0.5510401084652816,0.748288011736741,9939994624,10720641024,57.0,644.81,1950.0,2619.0,64.0,693.05,1755.0,2619.0,20260803,2026-08-10T05:16:20.675703+00:00
prefillq16384_b4_h524288_sparse_q8kv8_steady,full,prefill,sglang_sparse_q8kv8_fp8,steady,ok,,4,524288,16384,2048,64,576,512,10,30,35.861663818359375,35.56867218017578,41.031551361083984,36.84168993631999,1.8406922430310304,3.549218992702663,58.93245799234137,19.480753981042653,35.30937997857109,117.27181094465777,18691697672192,134217728,521.2166888537611,3742652005.211405,84020297728,2342.9001552623395,0.5267475380027904,0.7152997791705492,10543974400,11324620800,61.0,662.67,1920.0,2619.0,65.0,699.58,1770.0,2619.0,20260803,2026-08-10T05:16:22.280522+00:00
prefillq32768_b4_h2048_sparse_q8kv8_steady,full,prefill,sglang_sparse_q8kv8_fp8,steady,ok,,4,2048,32768,2048,64,576,512,10,30,52.916927337646484,51.76201629638672,61.620670318603516,54.766457112630206,3.2840193578437242,3.5654340172186494,114.32863399386406,26.296058000298217,51.4287699770648,195.61889598844573,37383395344384,268435456,706.4543847350047,5072771030.093957,168040595456,3175.5546648388167,0.7139508688580138,0.969513594252535,18406197248,19857932288,58.0,653.79,1950.0,2619.0,68.0,693.25,1785.0,2619.0,20260803,2026-08-10T05:16:23.991136+00:00
prefillq32768_b4_h4096_sparse_q8kv8_steady,full,prefill,sglang_sparse_q8kv8_fp8,steady,ok,,4,4096,32768,2048,64,576,512,10,30,53.81148910522461,52.04569625854492,61.21558380126953,54.88528315226237,2.954455035988054,5.080838018329814,113.5139940015506,26.432575017679483,51.46637902362272,196.49378606118262,37383395344384,268435456,694.7102926529942,4988441324.771615,168040595456,3122.764269307031,0.7020821552834706,0.9533964079604098,18411964416,19862126592,59.0,635.72,1965.0,2619.0,67.0,700.87,1755.0,2619.0,20260803,2026-08-10T05:16:26.467332+00:00
prefillq32768_b4_h8192_sparse_q8kv8_steady,full,prefill,sglang_sparse_q8kv8_fp8,steady,ok,,4,8192,32768,2048,64,576,512,10,30,53.298526763916016,52.29542541503906,61.80742263793945,55.11457265218099,3.2256247823085693,6.374296004651114,131.2625230057165,26.222065993351862,51.618615980260074,215.47750098397955,37383395344384,268435456,701.3964102605024,5036451705.110455,168040595456,3152.8187673991447,0.7088392220924734,0.9625722048035167,18420353024,19870515200,67.0,700.87,1755.0,2619.0,67.0,697.68,1785.0,2619.0,20260803,2026-08-10T05:16:28.969215+00:00
prefillq32768_b4_h16384_sparse_q8kv8_steady,full,prefill,sglang_sparse_q8kv8_fp8,steady,ok,,4,16384,32768,2048,64,576,512,10,30,54.20576095581055,52.62928009033203,62.27167892456055,55.569339752197266,3.123924654714992,5.606615013675764,120.00751600135118,26.55930898617953,52.44545100140385,204.61889100261033,37383395344384,268435456,689.6572372604376,4952157321.780486,168040595456,3100.0504834345843,0.69697547979832,0.9464617692895317,18439227392,19889389568,67.0,697.68,1785.0,2619.0,67.0,697.29,1770.0,2619.0,20260803,2026-08-10T05:16:31.441006+00:00
prefillq32768_b4_h32768_sparse_q8kv8_steady,full,prefill,sglang_sparse_q8kv8_fp8,steady,ok,,4,32768,32768,2048,64,576,512,10,30,56.08710479736328,54.42726516723633,63.96646499633789,57.5398188273112,3.174002361070488,5.007242987630889,114.71945801167749,26.701180991949514,53.82832000032067,200.25620199157856,37383395344384,268435456,666.5238913551736,4786045865.084829,168040595456,2996.064711543103,0.673596656245754,0.914714364474269,18476976128,19927138304,63.0,643.03,1935.0,2619.0,67.0,701.13,1755.0,2619.0,20260803,2026-08-10T05:16:33.980239+00:00
prefillq32768_b4_h65536_sparse_q8kv8_steady,full,prefill,sglang_sparse_q8kv8_fp8,steady,ok,,4,65536,32768,2048,64,576,512,10,30,59.76995086669922,58.7342414855957,69.23577880859375,61.77030944824219,3.5144860677742344,5.536842014407739,114.78621000424027,27.036957995733246,57.14730400359258,204.50731401797384,37383395344384,268435456,625.4546775144184,4491143996.39834,168040595456,2811.4561417453615,0.6320916397316002,0.8583523940707415,18552473600,20002635776,67.0,701.13,1755.0,2619.0,67.0,699.66,1740.0,2619.0,20260803,2026-08-10T05:16:36.573315+00:00
prefillq32768_b4_h131072_sparse_q8kv8_steady,full,prefill,sglang_sparse_q8kv8_fp8,steady,ok,,4,131072,32768,2048,64,576,512,10,30,64.39350128173828,63.73535919189453,73.58870697021484,66.55862426757812,3.5159492638053553,5.055173998698592,114.8181300086435,27.902859001187608,62.625430000480264,210.40159300900996,37383395344384,268435456,580.5460892834814,4168673090.5580864,168040595456,2609.589354689362,0.5867065076134222,0.79672139887929,18703468544,20153630720,57.0,652.08,1920.0,2619.0,61.0,687.98,1590.0,2619.0,20260803,2026-08-10T05:16:39.323356+00:00
prefillq32768_b4_h262144_sparse_q8kv8_steady,full,prefill,sglang_sparse_q8kv8_fp8,steady,ok,,4,262144,32768,2048,64,576,512,10,30,69.49180603027344,68.22297668457031,78.36390686035156,71.16733016967774,3.381454374547056,4.952269984642044,116.41754899756052,29.497470008209348,67.33284398796968,218.2001329783816,37383395344384,268435456,537.954004650538,3862836085.7833896,168040595456,2418.135389700402,0.5436624604856372,0.7382694932057445,19005458432,20455620608,61.0,687.98,1590.0,2619.0,62.0,695.63,1440.0,2619.0,20260803,2026-08-10T05:16:42.268679+00:00
prefillq32768_b4_h524288_sparse_q8kv8_steady,full,prefill,sglang_sparse_q8kv8_fp8,steady,ok,,4,524288,32768,2048,64,576,512,10,30,72.8892822265625,71.40748596191406,81.42272186279297,74.43449935913085,3.2117326888610958,4.655172000639141,121.89674502587877,32.77329300181009,70.99203200777993,230.31724203610793,37383395344384,268435456,512.8791806206132,3682783638.417776,168040595456,2305.422557649528,0.5183215569687855,0.7038576708775114,19609438208,21059600384,62.0,695.63,1440.0,2619.0,61.0,695.2,1455.0,2619.0,20260803,2026-08-10T05:16:45.432451+00:00
prefillq2_b8_h2048_sparse_q8kv8_steady,full,prefill,sglang_sparse_q8kv8_fp8,steady,ok,,8,2048,2,2048,64,576,512,10,30,0.06505600363016129,0.06444799900054932,0.06598400324583054,0.0652106670041879,0.0006811856208367739,4.076348006492481,1.1788730043917894,0.6590940174646676,0.10037000174634159,6.014685030095279,4563402752,32768,70.14575899778009,503689101.2593354,20512768,315.309377388344,0.0708901051013442,0.09626561657341798,326761472,335544320,59.0,685.85,1755.0,2619.0,59.0,685.85,1755.0,2619.0,20260803,2026-08-10T05:16:48.676747+00:00
prefillq2_b8_h4096_sparse_q8kv8_steady,full,prefill,sglang_sparse_q8kv8_fp8,steady,ok,,8,4096,2,2048,64,576,512,10,30,0.06406400352716446,0.06371200084686279,0.06601600348949432,0.06422826697429021,0.0005776999201041503,0.3998630272690207,0.8918399980757385,0.6119740137364715,0.09686799603514373,2.0005450351163745,4563402752,32768,71.23193214212758,511488483.3275475,20512768,320.1917905630447,0.07198780408502028,0.09775624307657418,383384576,394264576,59.0,637.88,1965.0,2619.0,54.0,637.88,1965.0,2619.0,20260803,2026-08-10T05:16:48.740756+00:00
prefillq2_b8_h8192_sparse_q8kv8_steady,full,prefill,sglang_sparse_q8kv8_fp8,steady,ok,,8,8192,2,2048,64,576,512,10,30,0.06415999680757523,0.06364800035953522,0.0652799978852272,0.06430079961816469,0.0005781647311288489,0.3836819960270077,0.8786609978415072,0.7167200092226267,0.10029599070549011,2.0793589937966317,4563402752,32768,71.12535815246814,510723217.43212986,20512768,319.7127341125133,0.07188009919400519,0.09760998461459676,496630784,528482304,52.0,583.44,1965.0,2619.0,52.0,583.44,1965.0,2619.0,20260803,2026-08-10T05:16:48.841833+00:00
prefillq2_b8_h16384_sparse_q8kv8_steady,full,prefill,sglang_sparse_q8kv8_fp8,steady,ok,,8,16384,2,2048,64,576,512,10,30,0.06489600241184235,0.06431999802589417,0.06614399701356888,0.06505386705199877,0.0005337973062337215,0.38555500213988125,0.8463439880870283,0.8502239943481982,0.10212199413217604,2.1842449787072837,4563402752,32768,70.31870350102277,504930947.7038055,20512768,316.0867732625822,0.07106488479133174,0.09650295963557184,723077120,748683264,51.0,524.78,1965.0,2619.0,51.0,524.78,1965.0,2619.0,20260803,2026-08-10T05:16:48.961601+00:00
prefillq2_b8_h32768_sparse_q8kv8_steady,full,prefill,sglang_sparse_q8kv8_fp8,steady,ok,,8,32768,2,2048,64,576,512,10,30,0.06563200056552887,0.06524799764156342,0.06684800237417221,0.06576853320002556,0.0004696439263696941,0.42499700793996453,0.815950013929978,1.253766007721424,0.10576201020739973,2.6004750397987664,4563402752,32768,69.53014859639649,499268645.13726795,20512768,312.5421718559297,0.07026796219949115,0.09542077412385411,798574592,824180736,51.0,524.78,1965.0,2619.0,50.0,458.65,1980.0,2619.0,20260803,2026-08-10T05:16:49.029050+00:00
prefillq2_b8_h65536_sparse_q8kv8_steady,full,prefill,sglang_sparse_q8kv8_fp8,steady,ok,,8,65536,2,2048,64,576,512,10,30,0.06614399701356888,0.06566400080919266,0.06748799979686737,0.066256000349919,0.0005843392757640734,0.4324709880165756,0.8218350121751428,2.0945720025338233,0.1023579970933497,3.4512359998188913,4563402752,32768,68.99194118952104,495403989.46979153,20512768,310.1228974080895,0.06972404364782318,0.09468215687018829,949569536,975175680,50.0,458.65,1980.0,2619.0,49.0,404.52,1980.0,2619.0,20260803,2026-08-10T05:16:49.086727+00:00
prefillq2_b8_h131072_sparse_q8kv8_steady,full,prefill,sglang_sparse_q8kv8_fp8,steady,ok,,8,131072,2,2048,64,576,512,10,30,0.06649599969387054,0.06601600348949432,0.06934399902820587,0.066952533274889,0.0016379483111522127,0.6783110147807747,0.8316769963130355,3.6675349983852357,0.10468598338775337,5.282208992866799,4563402752,32768,68.62672601372508,492781522.96160585,20512768,308.48123337396527,0.06935495302043969,0.09418094817871085,1251559424,1277165568,49.0,404.52,1980.0,2619.0,49.0,404.52,1980.0,2619.0,20260803,2026-08-10T05:16:49.187042+00:00
prefillq2_b8_h262144_sparse_q8kv8_steady,full,prefill,sglang_sparse_q8kv8_fp8,steady,ok,,8,262144,2,2048,64,576,512,10,30,0.06620799750089645,0.06576000154018402,0.06905599683523178,0.06646399920185407,0.0008908801173356772,0.7429649995174259,0.8288740064017475,6.90047099487856,0.10379700688645244,8.576107007684186,4563402752,32768,68.92524958088653,494925103.263489,20512768,309.8231146429441,0.06965664434652505,0.0945906316102552,1855539200,1881145344,49.0,338.06,1980.0,2619.0,48.0,294.16,1980.0,2619.0,20260803,2026-08-10T05:16:49.275173+00:00
prefillq2_b8_h524288_sparse_q8kv8_steady,full,prefill,sglang_sparse_q8kv8_fp8,steady,ok,,8,524288,2,2048,64,576,512,10,30,0.0666240006685257,0.06620799750089645,0.06851200014352798,0.06681386679410935,0.0005833570315789127,0.8993330120574683,0.8288339886348695,13.419735012575984,0.10629001189954579,15.254192025167868,4563402752,32768,68.49487731462258,491834769.3203023,20512768,307.8885655945092,0.06922170521942657,0.09400000357856894,3063498752,3089104896,48.0,246.58,1980.0,2619.0,48.0,246.58,1980.0,2619.0,20260803,2026-08-10T05:16:49.436326+00:00
prefillq4_b8_h2048_sparse_q8kv8_steady,full,prefill,sglang_sparse_q8kv8_fp8,steady,ok,,8,2048,4,2048,64,576,512,10,30,0.06259199976921082,0.06188800185918808,0.06460800021886826,0.06265280060470105,0.0006698304505801403,0.7242739957291633,0.8343799854628742,0.4893039877060801,0.09516999125480652,2.143127960152924,9126805504,65536,145.81425002639878,1047034768.6868018,41025536,655.443765197938,0.14736154626215137,0.20011043981185,328463360,354418688,48.0,210.4,1980.0,2619.0,48.0,210.4,1980.0,2619.0,20260803,2026-08-10T05:16:49.561779+00:00
prefillq4_b8_h4096_sparse_q8kv8_steady,full,prefill,sglang_sparse_q8kv8_fp8,steady,ok,,8,4096,4,2048,64,576,512,10,30,0.06224000081419945,0.06137600168585777,0.06304000318050385,0.062312533830602965,0.000522814518217444,0.4558389773592353,0.8263619965873659,1.9336389959789813,0.09616199531592429,3.3120019652415067,9126805504,65536,146.63890399432339,1052956284.4261501,41025536,659.1506340507699,0.14819495097960927,0.20124216643105286,385985536,413138944,48.0,210.4,1980.0,2619.0,47.0,170.51,1980.0,2619.0,20260803,2026-08-10T05:16:49.661144+00:00
prefillq4_b8_h8192_sparse_q8kv8_steady,full,prefill,sglang_sparse_q8kv8_fp8,steady,ok,,8,8192,4,2048,64,576,512,10,30,0.06460800021886826,0.06419199705123901,0.06540799885988235,0.0647669330239296,0.0007119304331732302,0.46361598651856184,0.8118900004774332,0.5218659935053438,0.09776800288818777,1.8951399833895266,9126805504,65536,141.2643244347716,1014363542.873762,41025536,634.991577838975,0.14276333949951653,0.1938662790999383,499231744,526385152,47.0,170.51,1980.0,2619.0,46.0,167.72,1980.0,2619.0,20260803,2026-08-10T05:16:49.700970+00:00
prefillq4_b8_h16384_sparse_q8kv8_steady,full,prefill,sglang_sparse_q8kv8_fp8,steady,ok,,8,16384,4,2048,64,576,512,10,30,0.06774400174617767,0.06723199784755707,0.06937599927186966,0.0679296001791954,0.0007249437833095275,0.5664700001943856,0.9591690031811595,0.7395489956252277,0.11385101242922246,2.3790390114299953,9126805504,65536,134.72492425523066,967406682.6691079,41025536,605.5965833508616,0.13615454699871718,0.18489183218685049,725632000,746586112,46.0,167.72,1980.0,2619.0,46.0,166.79,1980.0,2619.0,20260803,2026-08-10T05:16:49.782696+00:00
prefillq4_b8_h32768_sparse_q8kv8_steady,full,prefill,sglang_sparse_q8kv8_fp8,steady,ok,,8,32768,4,2048,64,576,512,10,30,0.06950400024652481,0.06905599683523178,0.0708480030298233,0.06964800010124843,0.0005838138876076707,0.5632099928334355,0.9037090057972819,1.0951320000458509,0.11232300312258303,2.6743740017991513,9126805504,65536,131.3133844329534,942909757.2448975,41025536,590.2615080353058,0.13270680589484932,0.18020995278104518,801129472,822083584,46.0,166.79,1980.0,2619.0,46.0,166.74,1980.0,2619.0,20260803,2026-08-10T05:16:49.889160+00:00
prefillq4_b8_h65536_sparse_q8kv8_steady,full,prefill,sglang_sparse_q8kv8_fp8,steady,ok,,8,65536,4,2048,64,576,512,10,30,0.06995200365781784,0.06940799951553345,0.07119999825954437,0.07005760023991267,0.0005792585116509882,0.5637979775201529,0.8652560063637793,1.9312769873067737,0.10847600060515106,3.468806971795857,9126805504,65536,130.47239573930327,936870948.2659069,41025536,586.4812136144577,0.1318568931170321,0.17905580894851406,952124416,973078528,46.0,166.74,1980.0,2619.0,46.0,166.74,1980.0,2619.0,20260803,2026-08-10T05:16:49.990732+00:00
prefillq4_b8_h131072_sparse_q8kv8_steady,full,prefill,sglang_sparse_q8kv8_fp8,steady,ok,,8,131072,4,2048,64,576,512,10,30,0.07043199986219406,0.06976000219583511,0.07126399874687195,0.07040960068504015,0.0004800812680250038,0.7741180015727878,0.8245600038208067,3.4757760004140437,0.10740099241957068,5.181854998227209,9126805504,65536,129.58322242528024,930486144.482998,41025536,582.4843264463568,0.13095828441160207,0.17783553820744522,1254114304,1275068416,46.0,166.98,1980.0,2619.0,46.0,166.98,1980.0,2619.0,20260803,2026-08-10T05:16:50.055042+00:00
prefillq4_b8_h262144_sparse_q8kv8_steady,full,prefill,sglang_sparse_q8kv8_fp8,steady,ok,,8,262144,4,2048,64,576,512,10,30,0.07011199742555618,0.06947200000286102,0.07248000055551529,0.07029440030455589,0.0007979984827625492,0.8490790205541998,0.8552280196454376,6.7294669861439615,0.1076339976862073,8.541408024029806,9126805504,65536,130.17466110120026,934733032.9532417,41025536,585.1428786287294,0.1315559990916627,0.1786472082159572,1858094080,1879048192,46.0,168.08,1980.0,2619.0,45.0,167.66,1980.0,2619.0,20260803,2026-08-10T05:16:50.178138+00:00
prefillq4_b8_h524288_sparse_q8kv8_steady,full,prefill,sglang_sparse_q8kv8_fp8,steady,ok,,8,524288,4,2048,64,576,512,10,30,0.07027199864387512,0.06988800317049026,0.07132799923419952,0.07043199936548869,0.0006559092300043852,0.9957299917005002,0.8285299991257489,13.186761003453285,0.1087899727281183,15.119810967007652,9126805504,65536,129.8782684444893,932604753.8810409,41025536,583.8105759295316,0.13125646128801344,0.17824044917230614,3066053632,3087007744,45.0,167.66,1980.0,2619.0,45.0,169.19,1980.0,2619.0,20260803,2026-08-10T05:16:50.285640+00:00
prefillq8_b8_h2048_sparse_q8kv8_steady,full,prefill,sglang_sparse_q8kv8_fp8,steady,ok,,8,2048,8,2048,64,576,512,10,30,0.06275200098752975,0.06230400130152702,0.06339199841022491,0.06283306715389093,0.0004583738549733553,0.8433040056843311,1.036998990457505,0.4762070020660758,0.0930780079215765,2.4495880061294883,18253611008,131072,290.88492352024605,2088730206.8032377,82051072,1307.5451094588266,0.2939716255889298,0.3992004208761104,331867136,358612992,45.0,169.19,1980.0,2619.0,45.0,169.19,1980.0,2619.0,20260803,2026-08-10T05:16:50.398607+00:00
prefillq8_b8_h4096_sparse_q8kv8_steady,full,prefill,sglang_sparse_q8kv8_fp8,steady,ok,,8,4096,8,2048,64,576,512,10,30,0.06412799656391144,0.06355199962854385,0.06473600119352341,0.06414826636513074,0.0004180037348440534,0.4606629954650998,1.0542770032770932,0.47765098861418664,0.09543498163111508,2.0880259689874947,18253611008,131072,284.643400481224,2043912285.165039,82051072,1279.4890905133145,0.2876638711280687,0.39063477026097243,388490240,417333248,45.0,169.5,1980.0,2619.0,45.0,169.5,1980.0,2619.0,20260803,2026-08-10T05:16:50.481236+00:00
prefillq8_b8_h8192_sparse_q8kv8_steady,full,prefill,sglang_sparse_q8kv8_fp8,steady,ok,,8,8192,8,2048,64,576,512,10,30,0.06851200014352798,0.06800000369548798,0.06931199878454208,0.06853333339095116,0.0005518091762076552,0.4506040131673217,1.0405009961687028,0.5071429768577218,0.10058798943646252,2.098835975630209,18253611008,131072,266.42939878794846,1913124704.0724702,82051072,1197.6160647493662,0.26925659301460175,0.36563850351121874,501736448,530579456,45.0,162.71,1980.0,2619.0,45.0,162.71,1980.0,2619.0,20260803,2026-08-10T05:16:50.567286+00:00
prefillq8_b8_h16384_sparse_q8kv8_steady,full,prefill,sglang_sparse_q8kv8_fp8,steady,ok,,8,16384,8,2048,64,576,512,10,30,0.07273600250482559,0.07168000191450119,0.07664000242948532,0.07403093402584394,0.0048713963695663325,9.443790011573583,1.0573889885563403,0.7208390161395073,0.10799398296512663,11.330011999234557,18253611008,131072,250.9570278733559,1802023695.0924568,82051072,1128.066833127878,0.253620038275246,0.3444047561367979,728044544,750780416,45.0,162.71,1980.0,2619.0,45.0,162.71,1980.0,2619.0,20260803,2026-08-10T05:16:50.606615+00:00
prefillq8_b8_h32768_sparse_q8kv8_steady,full,prefill,sglang_sparse_q8kv8_fp8,steady,ok,,8,32768,8,2048,64,576,512,10,30,0.0756480023264885,0.07449600100517273,0.0806720033288002,0.07615680024027824,0.0017020143235314694,0.5222109903115779,1.062366005498916,1.054076012223959,0.10994600597769022,2.748599014012143,18253611008,131072,241.29666939808158,1732656461.096059,82051072,1084.642944646133,0.24385716967971863,0.3311472138672509,803542016,826277888,46.0,164.41,1980.0,2619.0,46.0,164.41,1980.0,2619.0,20260803,2026-08-10T05:16:50.654050+00:00
prefillq8_b8_h65536_sparse_q8kv8_steady,full,prefill,sglang_sparse_q8kv8_fp8,steady,ok,,8,65536,8,2048,64,576,512,10,30,0.07673600316047668,0.0761599987745285,0.07843200117349625,0.07685546725988388,0.0006114668332852524,0.5186740017961711,1.1297870078124106,1.958011998794973,0.111238012323156,3.7177110207267106,18253611008,131072,237.87544641628696,1708090004.7125385,82051072,1069.2643429500492,0.2403996426642617,0.3264520456278135,954536960,977272832,46.0,164.41,1980.0,2619.0,45.0,166.8,1980.0,2619.0,20260803,2026-08-10T05:16:50.741551+00:00
prefillq8_b8_h131072_sparse_q8kv8_steady,full,prefill,sglang_sparse_q8kv8_fp8,steady,ok,,8,131072,8,2048,64,576,512,10,30,0.07744000107049942,0.07657600194215775,0.08233600109815598,0.07786773418386778,0.0015915398002011862,0.7619209936819971,1.1680330208037049,3.4908769885078073,0.118783995276317,5.539614998269826,18253611008,131072,235.7129488077147,1692561960.0737784,82051072,1059.5437870061853,0.23821419788551257,0.3234843086098943,1256526848,1279262720,45.0,166.8,1980.0,2619.0,44.0,167.89,1980.0,2619.0,20260803,2026-08-10T05:16:50.821030+00:00
prefillq8_b8_h262144_sparse_q8kv8_steady,full,prefill,sglang_sparse_q8kv8_fp8,steady,ok,,8,262144,8,2048,64,576,512,10,30,0.07734400033950806,0.07657600194215775,0.0801599994301796,0.07762453357378642,0.00123266252110498,0.8083300199359655,1.0461580241099,6.772043008822948,0.10963898967020214,8.736170042539015,18253611008,131072,236.00551985770358,1694662797.6914606,82051072,1060.8589113548544,0.23850987352976613,0.32388582301249136,1860506624,1883242496,44.0,167.89,1980.0,2619.0,44.0,169.48,1980.0,2619.0,20260803,2026-08-10T05:16:50.921691+00:00
prefillq8_b8_h524288_sparse_q8kv8_steady,full,prefill,sglang_sparse_q8kv8_fp8,steady,ok,,8,524288,8,2048,64,576,512,10,30,0.07843200117349625,0.07782399654388428,0.08284799754619598,0.07914133320252101,0.001701687872735595,0.992271990980953,1.0883499926421791,13.25994500075467,0.11373197776265442,15.454298962140456,18253611008,131072,232.7316750164506,1671154605.7592099,82051072,1046.1427832052655,0.23520128854618555,0.3193929114421868,3068466176,3091202048,44.0,169.48,1980.0,2619.0,44.0,172.95,1980.0,2619.0,20260803,2026-08-10T05:16:51.009992+00:00
prefillq16_b8_h2048_sparse_q8kv8_steady,full,prefill,sglang_sparse_q8kv8_fp8,steady,ok,,8,2048,16,2048,64,576,512,10,30,0.06515199691057205,0.06460800021886826,0.06601600348949432,0.06525546585520109,0.0005781113030189714,0.8265460201073438,0.9410539933014661,0.3975320141762495,0.09671100997366011,2.2618430375587195,36507222016,262144,560.3392642916224,4023575829.299908,164102144,2518.758469141743,0.5662852595165461,0.7689902502735131,338674688,356515840,44.0,172.95,1980.0,2619.0,44.0,172.95,1980.0,2619.0,20260803,2026-08-10T05:16:51.122516+00:00
prefillq16_b8_h4096_sparse_q8kv8_steady,full,prefill,sglang_sparse_q8kv8_fp8,steady,ok,,8,4096,16,2048,64,576,512,10,30,0.0681919977068901,0.06755200028419495,0.06896000355482101,0.06823146690924962,0.0005230591409051603,0.46220500371418893,0.957634998485446,0.49005402252078056,0.09710798622108996,2.0070020109415054,36507222016,262144,535.3593272471517,3844204728.049975,164102144,2406.4721597592843,0.541040249870795,0.7347086475663952,395297792,415236096,45.0,172.92,1980.0,2619.0,45.0,172.92,1980.0,2619.0,20260803,2026-08-10T05:16:51.183959+00:00
prefillq16_b8_h8192_sparse_q8kv8_steady,full,prefill,sglang_sparse_q8kv8_fp8,steady,ok,,8,8192,16,2048,64,576,512,10,30,0.0740479975938797,0.07327999919652939,0.07673600316047668,0.07438719992836317,0.0010200799439954063,0.4611000185832381,0.9614520240575075,0.5989200144540519,0.10743999155238271,2.12891204864718,36507222016,262144,493.02105664255583,3540190261.9668818,164102144,2216.1591039912682,0.49825271009859107,0.6766050674977466,508544000,549453824,45.0,171.9,1980.0,2619.0,45.0,171.9,1980.0,2619.0,20260803,2026-08-10T05:16:51.273028+00:00
prefillq16_b8_h16384_sparse_q8kv8_steady,full,prefill,sglang_sparse_q8kv8_fp8,steady,ok,,8,16384,16,2048,64,576,512,10,30,0.08191999793052673,0.08051200211048126,0.08329600095748901,0.08191573346654574,0.0008519756619067693,0.49632799345999956,0.960296019911766,0.7417270098812878,0.11363302473910153,2.311984047992155,36507222016,262144,445.64481125793486,3200000080.8388014,164102144,2003.20005060509,0.4503737354804799,0.6115875448699223,734667776,769654784,44.0,168.51,1980.0,2619.0,44.0,168.51,1980.0,2619.0,20260803,2026-08-10T05:16:51.350284+00:00
prefillq16_b8_h32768_sparse_q8kv8_steady,full,prefill,sglang_sparse_q8kv8_fp8,steady,ok,,8,32768,16,2048,64,576,512,10,30,0.08528000116348267,0.0838719978928566,0.08700799942016602,0.08532586644093196,0.0008999412618137405,0.523334980243817,0.9421180002391338,1.2364680005703121,0.11716800509020686,2.81908898614347,36507222016,262144,428.0865562608902,3073921158.812688,164102144,1924.2746454167427,0.4326291624667915,0.5874912022343355,810165248,845152256,44.0,168.51,1980.0,2619.0,44.0,168.51,1980.0,2619.0,20260803,2026-08-10T05:16:51.412142+00:00
prefillq16_b8_h65536_sparse_q8kv8_steady,full,prefill,sglang_sparse_q8kv8_fp8,steady,ok,,8,65536,16,2048,64,576,512,10,30,0.08822400122880936,0.08665599673986435,0.09139200299978256,0.08856960038344065,0.0014595511632602232,0.5193149845581502,0.9479300060775131,1.9999510259367526,0.12049800716340542,3.5876940237358212,36507222016,262144,413.8014770075815,2971345624.192767,164102144,1860.062360744672,0.418192498239092,0.5678868529227339,961160192,996147200,44.0,171.11,1980.0,2619.0,44.0,171.11,1980.0,2619.0,20260803,2026-08-10T05:16:51.470758+00:00
prefillq16_b8_h131072_sparse_q8kv8_steady,full,prefill,sglang_sparse_q8kv8_fp8,steady,ok,,8,131072,16,2048,64,576,512,10,30,0.09244800359010696,0.09087999910116196,0.09596800059080124,0.09279360050956408,0.0014865003661037478,0.8357610204257071,1.0231909982394427,3.5997129743918777,0.12954301200807095,5.588208005065098,36507222016,262144,394.89464994684545,2835583136.681737,164102144,1775.0750435627674,0.39908504289726676,0.5419397765712421,1263150080,1298137088,44.0,173.8,1980.0,2619.0,44.0,173.8,1980.0,2619.0,20260803,2026-08-10T05:16:51.571140+00:00
prefillq16_b8_h262144_sparse_q8kv8_steady,full,prefill,sglang_sparse_q8kv8_fp8,steady,ok,,8,262144,16,2048,64,576,512,10,30,0.09430400282144547,0.09296000003814697,0.09705600142478943,0.09445973411202431,0.0012107042191785281,0.808470998890698,0.9797710226848722,6.917140999576077,0.12601498747244477,8.831398008624092,36507222016,262144,387.12271933061544,2779775960.266942,164102144,1740.1397511271057,0.391230641061764,0.5312738474626714,1867129856,1902116864,44.0,175.68,1980.0,2619.0,44.0,175.68,1980.0,2619.0,20260803,2026-08-10T05:16:51.656776+00:00
prefillq16_b8_h524288_sparse_q8kv8_steady,full,prefill,sglang_sparse_q8kv8_fp8,steady,ok,,8,524288,16,2048,64,576,512,10,30,0.09417600184679031,0.09190399944782257,0.09619200229644775,0.09415146758159001,0.0012669382108091432,1.6430109972134233,0.9639950003474951,21.883850975427777,0.12837702524848282,24.619233998237178,36507222016,262144,387.64888400541327,2783554141.8127675,164102144,1742.5048927747923,0.39176238909086736,0.5319959376868312,3075089408,3110076416,44.0,178.15,1980.0,2619.0,44.0,183.6,1980.0,2619.0,20260803,2026-08-10T05:16:51.766102+00:00
prefillq32_b8_h2048_sparse_q8kv8_steady,full,prefill,sglang_sparse_q8kv8_fp8,steady,ok,,8,2048,32,2048,64,576,512,10,30,0.12028799951076508,0.11913599818944931,0.12166400253772736,0.1203274667263031,0.0007369129973477148,0.7884080114308745,0.8160310098901391,0.5425320123322308,0.1500160142313689,2.2969870478846133,73014444032,524288,606.9969101569907,4358606029.964604,328204288,2728.487374757842,0.6134380092541594,0.8330215917440075,352289792,387973120,44.0,183.6,1980.0,2619.0,44.0,183.6,1980.0,2619.0,20260803,2026-08-10T05:16:51.890621+00:00
prefillq32_b8_h4096_sparse_q8kv8_steady,full,prefill,sglang_sparse_q8kv8_fp8,steady,ok,,8,4096,32,2048,64,576,512,10,30,0.12406399846076965,0.1231359988451004,0.12559999525547028,0.12414720058441162,0.0006979424478096995,0.525882001966238,0.8143539889715612,0.65116400946863,0.15200101188383996,2.143401012290269,73014444032,524288,588.5224153491066,4225947950.289426,328204288,2645.443416881181,0.5947674738242613,0.8076678332420908,408912896,467664896,44.0,183.6,1980.0,2619.0,45.0,187.25,1980.0,2619.0,20260803,2026-08-10T05:16:51.952018+00:00
prefillq32_b8_h8192_sparse_q8kv8_steady,full,prefill,sglang_sparse_q8kv8_fp8,steady,ok,,8,8192,32,2048,64,576,512,10,30,0.12617599964141846,0.12547199428081512,0.127360001206398,0.12637226631244022,0.0007765198328942724,0.6802169955335557,0.815725012216717,0.6756939983461052,0.15616099699400365,2.3277970030903816,73014444032,524288,578.6714132600565,4155211779.4983377,328204288,2601.1625739659594,0.5848119386155195,0.7941486582624823,522159104,580911104,45.0,187.25,1980.0,2619.0,45.0,187.25,1980.0,2619.0,20260803,2026-08-10T05:16:51.995416+00:00
prefillq32_b8_h16384_sparse_q8kv8_steady,full,prefill,sglang_sparse_q8kv8_fp8,steady,ok,,8,16384,32,2048,64,576,512,10,30,0.13516800105571747,0.1342719942331314,0.13673600554466248,0.13524906833966574,0.0007616068079396015,0.5440030072350055,0.811350008007139,0.8199199801310897,0.16773800598457456,2.3430110013578087,73014444032,524288,540.175510932523,3878787848.4929566,328204288,2428.121193156591,0.545907540103611,0.7413182116886935,747914240,801112064,45.0,184.64,1980.0,2619.0,45.0,184.64,1980.0,2619.0,20260803,2026-08-10T05:16:52.072195+00:00
prefillq32_b8_h32768_sparse_q8kv8_steady,full,prefill,sglang_sparse_q8kv8_fp8,steady,ok,,8,32768,32,2048,64,576,512,10,30,0.14473600685596466,0.14326399564743042,0.14777599275112152,0.1451295996705691,0.001332782245121838,0.5996330000925809,0.8299270120915025,1.2374189973343164,0.1776559802237898,2.8446349897421896,73014444032,524288,504.4663426749156,3622374358.5917077,328204288,2267.606348478409,0.5098194468670193,0.6923121826891171,823411712,876609536,44.0,186.21,1980.0,2619.0,44.0,186.21,1980.0,2619.0,20260803,2026-08-10T05:16:52.177459+00:00
prefillq32_b8_h65536_sparse_q8kv8_steady,full,prefill,sglang_sparse_q8kv8_fp8,steady,ok,,8,65536,32,2048,64,576,512,10,30,0.15593600273132324,0.15398399531841278,0.15961599349975586,0.1562709336479505,0.0015376369770036932,0.6051819946151227,0.8045290014706552,2.1528270153794438,0.18736498896032572,3.7499030004255474,73014444032,524288,468.2333954513598,3362199817.9813867,328204288,2104.737086056348,0.4732020166259321,0.6425873375297954,974406656,1027604480,44.0,186.21,1980.0,2619.0,44.0,186.64,1980.0,2619.0,20260803,2026-08-10T05:16:52.266147+00:00
prefillq32_b8_h131072_sparse_q8kv8_steady,full,prefill,sglang_sparse_q8kv8_fp8,steady,ok,,8,131072,32,2048,64,576,512,10,30,0.15916800498962402,0.15676799416542053,0.16236799955368042,0.1593781332174937,0.001633520892175659,0.8455210190732032,0.8025520073715597,3.6170679959468544,0.19217599765397608,5.457317020045593,73014444032,524288,458.7256341923725,3293928324.566094,328204288,2061.999131178375,0.46359336451983074,0.6295392144086495,1276396544,1329594368,44.0,186.64,1980.0,2619.0,44.0,189.27,1980.0,2619.0,20260803,2026-08-10T05:16:52.325618+00:00
prefillq32_b8_h262144_sparse_q8kv8_steady,full,prefill,sglang_sparse_q8kv8_fp8,steady,ok,,8,262144,32,2048,64,576,512,10,30,0.16771200299263,0.163455992937088,0.1709119975566864,0.16771306643883388,0.0019917874477639033,0.9120850008912385,0.814079976407811,6.910897995112464,0.19888300448656082,8.835945976898074,73014444032,524288,435.3561028974687,3126120913.4985976,328204288,1956.951691850122,0.4399758493152791,0.5974676769232984,1880376320,1933574144,44.0,189.27,1980.0,2619.0,44.0,191.67,1980.0,2619.0,20260803,2026-08-10T05:16:52.453503+00:00
prefillq32_b8_h524288_sparse_q8kv8_steady,full,prefill,sglang_sparse_q8kv8_fp8,steady,ok,,8,524288,32,2048,64,576,512,10,30,0.16953599452972412,0.16627199947834015,0.17183999717235565,0.16941546648740768,0.0015679706115456623,1.0621969995554537,0.7992640021257102,13.333950017113239,0.1967370044440031,15.392148023238406,73014444032,524288,430.6722252966679,3092487831.0020385,328204288,1935.8973822072758,0.4352422691224536,0.5910396851011587,3088335872,3141533696,44.0,191.67,1980.0,2619.0,44.0,199.88,1980.0,2619.0,20260803,2026-08-10T05:16:52.505246+00:00
prefillq64_b8_h2048_sparse_q8kv8_steady,full,prefill,sglang_sparse_q8kv8_fp8,steady,ok,,8,2048,64,2048,64,576,512,10,30,0.227743998169899,0.22646400332450867,0.23030400276184082,0.22784213324387867,0.0010114212322798633,0.8852850005496293,1.0924990056082606,0.4610670148395002,0.2573959936853498,2.69624701468274,146028888064,1048576,641.1975254560218,4604187194.50843,656408576,2882.2211837622767,0.6480015416432762,0.8799573347738278,425231360,440401920,44.0,199.88,1980.0,2619.0,44.0,200.23,1980.0,2619.0,20260803,2026-08-10T05:16:52.598619+00:00
prefillq64_b8_h4096_sparse_q8kv8_steady,full,prefill,sglang_sparse_q8kv8_fp8,steady,ok,,8,4096,64,2048,64,576,512,10,30,0.22841599583625793,0.2274560034275055,0.22969600558280945,0.22840853432814281,0.0006540163899868896,8.630280994111672,1.114648999646306,0.6758130039088428,0.2686389780137688,10.68938197568059,146028888064,1048576,639.3111284933045,4590641719.9944315,656408576,2873.741716716514,0.6460951273302724,0.8773685087448164,436143104,520093696,44.0,200.23,1980.0,2619.0,44.0,200.23,1980.0,2619.0,20260803,2026-08-10T05:16:52.692003+00:00
prefillq64_b8_h8192_sparse_q8kv8_steady,full,prefill,sglang_sparse_q8kv8_fp8,steady,ok,,8,8192,64,2048,64,576,512,10,30,0.23081600666046143,0.2295999974012375,0.2324800044298172,0.2309557338555654,0.0011058466317378842,0.6514610140584409,1.154925994342193,0.8037249790504575,0.26485600392334163,2.874967991374433,146028888064,1048576,632.6636101923975,4542908506.09201,656408576,2843.8607248135977,0.6393770694213214,0.8682456842567366,549389312,654311424,44.0,199.35,1980.0,2619.0,44.0,199.35,1980.0,2619.0,20260803,2026-08-10T05:16:52.769121+00:00
prefillq64_b8_h16384_sparse_q8kv8_steady,full,prefill,sglang_sparse_q8kv8_fp8,steady,ok,,8,16384,64,2048,64,576,512,10,30,0.2348800003528595,0.23395200073719025,0.23683199286460876,0.23500586698452633,0.0007634040183826283,0.5739920015912503,1.1052819900214672,0.9243790118489414,0.2693530113901943,2.8730060148518533,146028888064,1048576,621.7169952512825,4464305170.4050045,656408576,2794.655036673533,0.6283142953524835,0.8532229280451804,774407168,874512384,44.0,199.35,1980.0,2619.0,45.0,202.76,1980.0,2619.0,20260803,2026-08-10T05:16:52.854305+00:00
prefillq64_b8_h32768_sparse_q8kv8_steady,full,prefill,sglang_sparse_q8kv8_fp8,steady,ok,,8,32768,64,2048,64,576,512,10,30,0.24764800071716309,0.2465600073337555,0.24959999322891235,0.24785493512948353,0.0010217229304379724,0.590821000514552,1.1101429990958422,1.4281640178523958,0.2823140239343047,3.4114420413970947,146028888064,1048576,589.6631010188469,4234138765.358218,656408576,2650.5708671142447,0.5959202637886275,0.8092332708520464,849904640,950009856,45.0,202.76,1980.0,2619.0,45.0,202.76,1980.0,2619.0,20260803,2026-08-10T05:16:52.918211+00:00
prefillq64_b8_h65536_sparse_q8kv8_steady,full,prefill,sglang_sparse_q8kv8_fp8,steady,ok,,8,65536,64,2048,64,576,512,10,30,0.27027198672294617,0.2680320143699646,0.27267199754714966,0.2702826648950577,0.0012925853133561808,0.6091179966460913,1.1581319849938154,2.1806320000905544,0.3052310203202069,4.253113002050668,146028888064,1048576,540.3034544371524,3879706560.468982,656408576,2428.696306853583,0.5460368412704926,0.7414937969348392,1000899584,1101004800,45.0,204.43,1980.0,2619.0,44.0,206.27,1980.0,2619.0,20260803,2026-08-10T05:16:52.989313+00:00
prefillq64_b8_h131072_sparse_q8kv8_steady,full,prefill,sglang_sparse_q8kv8_fp8,steady,ok,,8,131072,64,2048,64,576,512,10,30,0.28518399596214294,0.2839359939098358,0.2921279966831207,0.2862346678972244,0.002215455328403028,0.840160995721817,1.1003969993907958,3.718227002536878,0.3167609975207597,5.9755459951702505,146028888064,1048576,512.0514830130396,3676840267.499423,656408576,2301.7020074546385,0.5174850763143402,0.7027217672723921,1302889472,1402994688,44.0,206.27,1980.0,2619.0,45.0,211.94,1980.0,2619.0,20260803,2026-08-10T05:16:53.102639+00:00
prefillq64_b8_h262144_sparse_q8kv8_steady,full,prefill,sglang_sparse_q8kv8_fp8,steady,ok,,8,262144,64,2048,64,576,512,10,30,0.30399999022483826,0.3019840121269226,0.3068160116672516,0.3042197326819102,0.001430578036285721,0.8800609793979675,5.428322998341173,7.017708994681016,0.33635098952800035,13.662443961948156,146028888064,1048576,480.3581998670365,3449263268.8062706,656408576,2159.2388062727255,0.4854554824325786,0.6592270002775341,1906869248,2006974464,45.0,211.94,1980.0,2619.0,45.0,211.94,1980.0,2619.0,20260803,2026-08-10T05:16:53.206067+00:00
prefillq64_b8_h524288_sparse_q8kv8_steady,full,prefill,sglang_sparse_q8kv8_fp8,steady,ok,,8,524288,64,2048,64,576,512,10,30,0.30905601382255554,0.30563199520111084,0.3141759932041168,0.30941013793150585,0.002315346359836067,1.1600010038819164,1.1194079997949302,13.353483023820445,0.3387320030014962,15.971624030498788,146028888064,1048576,472.4997461070033,3392834803.732503,656408576,2123.9145871365467,0.47751363931986185,0.6484423297952141,3114828800,3214934016,45.0,211.94,1980.0,2619.0,46.0,220.51,1980.0,2619.0,20260803,2026-08-10T05:16:53.266580+00:00
prefillq128_b8_h2048_sparse_q8kv8_steady,full,prefill,sglang_sparse_q8kv8_fp8,steady,ok,,8,2048,128,2048,64,576,512,10,30,0.43590399622917175,0.43507200479507446,0.4602240025997162,0.43860480189323425,0.007123726514844729,0.8981400169432163,1.1679469898808748,0.4925579996779561,0.4616339865606278,3.020278993062675,292057776128,2097152,670.0048144877612,4811041004.766209,1312817152,3011.7116689836466,0.6771145169153726,0.9194914631384066,572589056,585105408,46.0,220.51,1980.0,2619.0,46.0,227.9,1980.0,2619.0,20260803,2026-08-10T05:16:53.329303+00:00
prefillq128_b8_h4096_sparse_q8kv8_steady,full,prefill,sglang_sparse_q8kv8_fp8,steady,ok,,8,4096,128,2048,64,576,512,10,30,0.43401598930358887,0.4330880045890808,0.435808002948761,0.43422293464342754,0.0008204195614986404,0.5792120064143091,1.1780089989770204,0.5452829936984926,0.4636320227291435,2.7661360218189657,292057776128,2097152,672.9193931233468,4831969447.404547,1312817152,3024.812874075246,0.6800600233687184,0.9234913301783404,582026240,585105408,46.0,227.9,1980.0,2619.0,46.0,235.16,1980.0,2619.0,20260803,2026-08-10T05:16:53.420606+00:00
prefillq128_b8_h8192_sparse_q8kv8_steady,full,prefill,sglang_sparse_q8kv8_fp8,steady,ok,,8,8192,128,2048,64,576,512,10,30,0.4329279959201813,0.4315199851989746,0.43516799807548523,0.4331487993399302,0.0013734999462400891,0.5826630222145468,1.1948439932893962,0.7718679844401777,0.4632780037354678,3.0126530036795884,292057776128,2097152,674.6105100161888,4844112692.556502,1312817152,3032.4145455403705,0.6817690854130255,0.9258121605850982,605684736,759169024,46.0,235.16,1980.0,2619.0,46.0,241.42,1980.0,2619.0,20260803,2026-08-10T05:16:53.515258+00:00
prefillq128_b8_h16384_sparse_q8kv8_steady,full,prefill,sglang_sparse_q8kv8_fp8,steady,ok,,8,16384,128,2048,64,576,512,10,30,0.4429120123386383,0.4370560050010681,0.5095040202140808,0.45849066972732544,0.025330078168555634,0.5822870007250458,1.1473310005385429,1.1055760260205716,0.4676890093833208,3.302883036667481,292057776128,2097152,659.4036015999961,4734917865.3492365,1312817152,2964.058583708622,0.6664008101061103,0.9049427247734961,827393024,943718400,46.0,241.42,1980.0,2619.0,46.0,241.42,1980.0,2619.0,20260803,2026-08-10T05:16:53.609044+00:00
prefillq128_b8_h32768_sparse_q8kv8_steady,full,prefill,sglang_sparse_q8kv8_fp8,steady,ok,,8,32768,128,2048,64,576,512,10,30,0.44918400049209595,0.4479359984397888,0.4517439901828766,0.4491594662268957,0.0012253320821449057,0.6103019986767322,1.1696219735313207,1.374860992655158,0.48115901881828904,3.6359439836815,292057776128,2097152,650.1963022014165,4668803870.357138,1312817152,2922.6712228435686,0.6570958081873841,0.8923069451305903,902890496,1019215872,49.0,245.31,1980.0,2619.0,45.0,251.07,1980.0,2619.0,20260803,2026-08-10T05:16:53.690975+00:00
prefillq128_b8_h65536_sparse_q8kv8_steady,full,prefill,sglang_sparse_q8kv8_fp8,steady,ok,,8,65536,128,2048,64,576,512,10,30,0.48607999086380005,0.4848000109195709,0.4886080026626587,0.48615146776040397,0.0012323273061758437,0.6242349918466061,1.1696500005200505,2.214349980931729,0.5182829918339849,4.526517965132371,292057776128,2097152,600.8430332813982,4314417460.94754,1312817152,2700.8253305531603,0.6072188310069714,0.8245762236959612,1053885440,1170210816,45.0,251.07,1980.0,2619.0,45.0,246.27,1980.0,2619.0,20260803,2026-08-10T05:16:53.839935+00:00
prefillq128_b8_h131072_sparse_q8kv8_steady,full,prefill,sglang_sparse_q8kv8_fp8,steady,ok,,8,131072,128,2048,64,576,512,10,30,0.5193279981613159,0.5175999999046326,0.5214080214500427,0.5193333347638448,0.0011474615368254604,0.9150780097115785,1.1755640152841806,4.3509689858183265,0.5500729894265532,6.991684000240639,292057776128,2097152,562.3763347287887,4038203230.7616377,1312817152,2527.915222456785,0.5683439461635055,0.7717858553740795,1355875328,1472200704,45.0,246.27,1980.0,2619.0,46.0,260.98,1980.0,2619.0,20260803,2026-08-10T05:16:53.941712+00:00
prefillq128_b8_h262144_sparse_q8kv8_steady,full,prefill,sglang_sparse_q8kv8_fp8,steady,ok,,8,262144,128,2048,64,576,512,10,30,0.5598719716072083,0.5568959712982178,0.5628479719161987,0.5598655978838603,0.0015770836632936901,0.9413220104761422,1.177115977043286,6.966048997128382,0.5955080268904567,9.679995011538267,292057776128,2097152,521.6510040493689,3745770651.7791314,1312817152,2344.8524280137362,0.5271864618993117,0.7158958183422648,1959855104,2076180480,46.0,260.98,1980.0,2619.0,46.0,272.99,1980.0,2619.0,20260803,2026-08-10T05:16:54.026731+00:00
prefillq128_b8_h524288_sparse_q8kv8_steady,full,prefill,sglang_sparse_q8kv8_fp8,steady,ok,,8,524288,128,2048,64,576,512,10,30,0.5785599946975708,0.5760319828987122,0.5807679891586304,0.5787861307462057,0.0016644486702523129,10.078758001327515,1.1585260217543691,13.525515998480842,0.6124709907453507,25.375271012308076,292057776128,2097152,504.80119400697004,3624778794.282586,1312817152,2269.111525220899,0.5101578514471653,0.6927717210903149,3167814656,3284140032,46.0,272.99,1980.0,2619.0,46.0,282.4,1980.0,2619.0,20260803,2026-08-10T05:16:54.118239+00:00
prefillq256_b8_h2048_sparse_q8kv8_steady,full,prefill,sglang_sparse_q8kv8_fp8,steady,ok,,8,2048,256,2048,64,576,512,10,30,0.8441920280456543,0.8414720296859741,0.846176028251648,0.8442549308141073,0.0014954956197869222,0.898487982340157,1.609617000212893,0.6172310095280409,0.8678000012878329,3.9931359933689237,584115552256,4194304,691.9226110299289,4968424079.661139,2625634304,3110.2334738678733,0.6992648924001303,0.9495706899970008,867304448,870318080,46.0,282.4,1980.0,2619.0,46.0,278.4,1980.0,2619.0,20260803,2026-08-10T05:16:54.218875+00:00
prefillq256_b8_h8192_sparse_q8kv8_steady,full,prefill,sglang_sparse_q8kv8_fp8,steady,ok,,8,8192,256,2048,64,576,512,10,30,0.8415359854698181,0.8394240140914917,0.8475520014762878,0.8421642641226451,0.002061112153554197,0.6039199943188578,1.6244440048467368,1.4111199998296797,0.8709300018381327,4.510414000833407,584115552256,4194304,694.1064462381798,4984105341.209357,2625634304,3120.049943597058,0.7014719012007882,0.9525677099996451,896533504,897581056,48.0,282.57,1980.0,2619.0,48.0,282.57,1980.0,2619.0,20260803,2026-08-10T05:16:54.374244+00:00
prefillq256_b8_h16384_sparse_q8kv8_steady,full,prefill,sglang_sparse_q8kv8_fp8,steady,ok,,8,16384,256,2048,64,576,512,10,30,0.8435199856758118,0.8422399759292603,0.8458240032196045,0.8438858648141225,0.0019252886666457306,0.6302339897956699,1.589254999998957,0.993093999568373,0.8721920021343976,4.084774991497397,584115552256,4194304,692.4738739746849,4972382482.010317,2625634304,3112.7114337384587,0.6998220050274734,0.9503272242198708,934282240,935329792,52.0,292.47,1980.0,2619.0,50.0,303.44,1980.0,2619.0,20260803,2026-08-10T05:16:54.491730+00:00
prefillq256_b8_h65536_sparse_q8kv8_steady,full,prefill,sglang_sparse_q8kv8_fp8,steady,ok,,8,65536,256,2048,64,576,512,10,30,0.9450560212135315,0.9432640075683594,0.9488639831542969,0.9455477317174276,0.0017229621474581566,0.6696060008835047,1.625548000447452,2.213258994743228,0.9781580010894686,5.486570997163653,584115552256,4194304,618.0750549644099,4438153829.880012,2625634304,2778.284297504887,0.6246337089079433,0.8482248550005869,1160774656,1161822208,50.0,303.44,1980.0,2619.0,50.0,303.44,1980.0,2619.0,20260803,2026-08-10T05:16:54.607221+00:00
prefillq256_b8_h131072_sparse_q8kv8_steady,full,prefill,sglang_sparse_q8kv8_fp8,steady,ok,,8,131072,256,2048,64,576,512,10,30,1.0134400129318237,1.0107200145721436,1.0161919593811035,1.0137599984804788,0.0020364251933760354,0.8500900003127754,1.59358698874712,3.7976409948896617,1.044515025569126,7.285833009518683,584115552256,4194304,576.369143513672,4138680086.121841,2625634304,2590.8137339122723,0.5824852385181122,0.7909891027908387,1462764544,1463812096,50.0,313.46,1980.0,2619.0,50.0,313.46,1980.0,2619.0,20260803,2026-08-10T05:16:54.684186+00:00
prefillq256_b8_h262144_sparse_q8kv8_steady,full,prefill,sglang_sparse_q8kv8_fp8,steady,ok,,8,262144,256,2048,64,576,512,10,30,1.0837119817733765,1.0808000564575195,1.086624026298523,1.0839413324991862,0.0019094003755644826,1.1111880012322217,1.9051319977734238,7.086542987963185,1.1270649847574532,11.229927971726283,584115552256,4194304,538.9951962145502,3870312472.818174,2625634304,2422.815607984177,0.5447147005705409,0.7396983885418668,2066744320,2067791872,54.0,331.31,1980.0,2619.0,47.0,339.77,1980.0,2619.0,20260803,2026-08-10T05:16:54.790178+00:00
prefillq256_b8_h524288_sparse_q8kv8_steady,full,prefill,sglang_sparse_q8kv8_fp8,steady,ok,,8,524288,256,2048,64,576,512,10,30,1.1374399662017822,1.13372802734375,1.1444480419158936,1.1382549325625102,0.002821402231440946,1.1005359992850572,1.6178270161617547,13.590863003628328,1.1607350024860352,17.469961021561176,584115552256,4194304,513.5352806412445,3687494834.5677605,2625634304,2308.371766439418,0.518984619142238,0.7047580798818806,3274703872,3275751424,47.0,339.77,1980.0,2619.0,49.0,358.06,1965.0,2619.0,20260803,2026-08-10T05:16:54.927719+00:00
prefillq512_b8_h2048_sparse_q8kv8_steady,full,prefill,sglang_sparse_q8kv8_fp8,steady,ok,,8,2048,512,2048,64,576,512,10,30,1.636672019958496,1.6328959465026855,1.6431360244750977,1.6369738658269246,0.0030592384533061536,1.1127509933430701,2.511409024009481,1.0058160114567727,1.6602999821770936,6.2902760109864175,1168231104512,8388608,713.7844908851224,5125405638.823546,5251268608,3208.50392990354,0.7213587578424683,0.9795731787259457,1080034304,1082130432,49.0,358.06,1965.0,2619.0,58.0,377.86,1950.0,2619.0,20260803,2026-08-10T05:16:55.028883+00:00
prefillq512_b8_h4096_sparse_q8kv8_steady,full,prefill,sglang_sparse_q8kv8_fp8,steady,ok,,8,4096,512,2048,64,576,512,10,30,1.6401920318603516,1.6349760293960571,1.6748160123825073,1.6446794708569845,0.012908827439190784,0.784856005338952,2.527189993998036,1.0622319823596627,1.6682809800840914,6.042558961780742,1168231104512,8388608,712.252639824716,5114406018.961943,5251268608,3201.618167870176,0.7198106516672218,0.9774709192460342,1088685056,1092616192,58.0,377.86,1950.0,2619.0,48.0,381.18,1965.0,2619.0,20260803,2026-08-10T05:16:55.201928+00:00
prefillq512_b8_h8192_sparse_q8kv8_steady,full,prefill,sglang_sparse_q8kv8_fp8,steady,ok,,8,8192,512,2048,64,576,512,10,30,1.6475520133972168,1.6418880224227905,1.6720960140228271,1.6569066643714905,0.01236294397549069,0.8291240083053708,2.5276100204791874,1.1749139812309295,1.697514991974458,6.229163001989946,1168231104512,8388608,709.0708487576866,5091558828.970061,5251268608,3187.3158269352584,0.7165950972791173,0.973104339095621,1107559424,1111490560,55.0,394.51,1965.0,2619.0,55.0,413.72,1965.0,2619.0,20260803,2026-08-10T05:16:55.371207+00:00
prefillq512_b8_h16384_sparse_q8kv8_steady,full,prefill,sglang_sparse_q8kv8_fp8,steady,ok,,8,16384,512,2048,64,576,512,10,30,1.652448058128357,1.6505279541015625,1.6577279567718506,1.653167986869812,0.0023369321446372634,0.7897989999037236,2.5416960124857724,1.4009649748913944,1.6777929849922657,6.410252972273156,1168231104512,8388608,706.9699400023475,5076473029.658401,5251268608,3177.8721165661586,0.7144718948987847,0.9702211244923887,1145308160,1149239296,55.0,413.72,1965.0,2619.0,50.0,420.46,1965.0,2619.0,20260803,2026-08-10T05:16:55.518113+00:00
prefillq512_b8_h32768_sparse_q8kv8_steady,full,prefill,sglang_sparse_q8kv8_fp8,steady,ok,,8,32768,512,2048,64,576,512,10,30,1.7067840099334717,1.6781439781188965,1.7121280431747437,1.6999114592870077,0.012727398651496476,0.7697160181123763,2.5297660031355917,1.9033780263271183,1.7400359793100506,6.942896026885137,1168231104512,8388608,684.4633519607066,4914862074.625938,5251268608,3076.7036587158373,0.6917264800007141,0.9393338605187957,1220805632,1224736768,50.0,420.46,1965.0,2619.0,52.0,420.17,1965.0,2619.0,20260803,2026-08-10T05:16:55.625705+00:00
prefillq512_b8_h65536_sparse_q8kv8_steady,full,prefill,sglang_sparse_q8kv8_fp8,steady,ok,,8,65536,512,2048,64,576,512,10,30,1.8175679445266724,1.813920021057129,1.8524160385131836,1.828057595094045,0.015474416668928067,0.8148350170813501,2.591547992778942,2.605866000521928,1.8534919945523143,7.865741004934534,1168231104512,8388608,642.7441175060053,4615292663.61734,5251268608,2889.173207424455,0.6495645452309301,0.8820798242786304,1371800576,1375731712,60.0,428.7,1965.0,2619.0,49.0,440.58,1965.0,2619.0,20260803,2026-08-10T05:16:55.764204+00:00
prefillq512_b8_h131072_sparse_q8kv8_steady,full,prefill,sglang_sparse_q8kv8_fp8,steady,ok,,8,131072,512,2048,64,576,512,10,30,1.9952640533447266,1.9574079513549805,2.0018880367279053,1.9866698741912843,0.017558104711170846,0.9687170095276088,2.5931179989129305,4.183216980891302,1.987644995097071,9.732696984428912,1168231104512,8388608,585.5020053880367,4204259574.53496,5251268608,2631.866493658885,0.591715013024797,0.8035227269468392,1673790464,1677721600,54.0,433.95,1950.0,2619.0,53.0,442.95,1905.0,2619.0,20260803,2026-08-10T05:16:55.957966+00:00
prefillq512_b8_h262144_sparse_q8kv8_steady,full,prefill,sglang_sparse_q8kv8_fp8,steady,ok,,8,262144,512,2048,64,576,512,10,30,2.139456033706665,2.1194241046905518,2.160736083984375,2.1396970828374227,0.01520774986693634,1.1180569999851286,2.5693110073916614,7.495380996260792,2.1661970240529627,13.348946027690545,1168231104512,8388608,546.0411834161454,3920906935.145805,5251268608,2454.487741401274,0.5518354557010059,0.7493680579847682,2277770240,2281701376,53.0,442.95,1905.0,2619.0,52.0,428.16,1950.0,2619.0,20260803,2026-08-10T05:16:56.128528+00:00
prefillq512_b8_h524288_sparse_q8kv8_steady,full,prefill,sglang_sparse_q8kv8_fp8,steady,ok,,8,524288,512,2048,64,576,512,10,30,2.24070405960083,2.236639976501465,2.2462399005889893,2.241437856356303,0.003495720133078748,1.3817870058119297,2.5749630003701895,13.793177990010008,2.270829019835219,20.020757016027346,1168231104512,8388608,521.3678707397506,3743737582.8624096,5251268608,2343.579726871869,0.5269003241432548,0.7155072559685404,3485729792,3489660928,58.0,470.23,1950.0,2619.0,52.0,466.2,1965.0,2619.0,20260803,2026-08-10T05:16:56.287559+00:00
prefillq1024_b8_h2048_sparse_q8kv8_steady,full,prefill,sglang_sparse_q8kv8_fp8,steady,ok,,8,2048,1024,2048,64,576,512,10,30,3.2550079822540283,3.2237439155578613,3.3018240928649902,3.265708804130554,0.023637261532639182,1.2235129834152758,4.416968993609771,1.9240340043324977,3.323015000205487,10.887530981563032,2336462209024,16777216,717.8053699905357,5154277989.936636,10502537216,3226.5780217003344,0.7254223041844727,0.985091294315258,1503659008,1522532352,58.0,468.67,1875.0,2619.0,60.0,483.93,1905.0,2619.0,20260803,2026-08-10T05:16:56.470878+00:00
prefillq1024_b8_h4096_sparse_q8kv8_steady,full,prefill,sglang_sparse_q8kv8_fp8,steady,ok,,8,4096,1024,2048,64,576,512,10,30,3.226047992706299,3.2222399711608887,3.258336067199707,3.235547733306885,0.014284528146948453,0.9999650064855814,4.449522995855659,1.9064850057475269,3.2530220050830394,10.608995013171807,2336462209024,16777216,724.249054665788,5200547554.757784,10502537216,3255.5427692783733,0.7319343655035755,0.9939343845766019,1512571904,1533018112,60.0,483.93,1905.0,2619.0,63.0,509.37,1830.0,2619.0,20260803,2026-08-10T05:16:56.715030+00:00
prefillq1024_b8_h8192_sparse_q8kv8_steady,full,prefill,sglang_sparse_q8kv8_fp8,steady,ok,,8,8192,1024,2048,64,576,512,10,30,3.234112024307251,3.224287986755371,3.2774078845977783,3.241488003730774,0.016612059566453286,1.2434879899956286,4.764488985529169,2.10015699849464,3.2408590195700526,11.34899299358949,2336462209024,16777216,722.4431904224072,5187580354.021191,10502537216,3247.4253016172656,0.7301093384764095,0.9914560788697315,1531446272,1551892480,63.0,509.37,1830.0,2619.0,64.0,538.27,1845.0,2619.0,20260803,2026-08-10T05:16:56.939378+00:00
prefillq1024_b8_h16384_sparse_q8kv8_steady,full,prefill,sglang_sparse_q8kv8_fp8,steady,ok,,8,16384,1024,2048,64,576,512,10,30,3.24947190284729,3.2439041137695312,3.2781119346618652,3.257263986269633,0.013473575901489442,1.1660160089377314,4.620428022462875,2.2805079934187233,3.2890130241867155,11.355965049006045,2336462209024,16777216,719.0282848658325,5163059260.583012,10502537216,3232.0750971249654,0.7266581959230242,0.9867695804464405,1569195008,1589641216,56.0,527.3,1920.0,2619.0,63.0,524.9,1860.0,2619.0,20260803,2026-08-10T05:16:57.178884+00:00
prefillq1024_b8_h32768_sparse_q8kv8_steady,full,prefill,sglang_sparse_q8kv8_fp8,steady,ok,,8,32768,1024,2048,64,576,512,10,30,3.2905919551849365,3.2867839336395264,3.319135904312134,3.300214385986328,0.014307247810091354,1.0941390064544976,4.685847001383081,2.6048840081784874,3.320744988741353,11.70561500475742,2336462209024,16777216,710.0431292741938,5098540392.881102,10502537216,3191.6862859435696,0.7175776950724546,0.9744386632905713,1644692480,1665138688,63.0,524.9,1860.0,2619.0,63.0,560.56,1875.0,2619.0,20260803,2026-08-10T05:16:57.438039+00:00
prefillq1024_b8_h65536_sparse_q8kv8_steady,full,prefill,sglang_sparse_q8kv8_fp8,steady,ok,,8,65536,1024,2048,64,576,512,10,30,3.6366400718688965,3.551039934158325,3.65775990486145,3.6200992027918497,0.042457773682949125,1.0429320100229234,4.535386018687859,3.3869599865283817,3.5616609966382384,12.526939011877403,2336462209024,16777216,642.4782664354448,4613383691.660765,10502537216,2887.978190979639,0.6492958731030265,0.881714979452801,1795687424,1816133632,63.0,560.56,1875.0,2619.0,63.0,526.67,1800.0,2619.0,20260803,2026-08-10T05:16:57.625038+00:00
prefillq1024_b8_h131072_sparse_q8kv8_steady,full,prefill,sglang_sparse_q8kv8_fp8,steady,ok,,8,131072,1024,2048,64,576,512,10,30,3.935744047164917,3.859679937362671,3.9753599166870117,3.9225781281789143,0.03542526450772485,1.2497440038714558,4.681310994783416,5.014931986806914,3.887871018378064,14.83385800383985,2336462209024,16777216,593.6519705103925,4262781268.026141,10502537216,2668.501073784364,0.5999514608493103,0.8147074575530084,2097677312,2118123520,53.0,506.48,1965.0,2619.0,61.0,533.04,1755.0,2619.0,20260803,2026-08-10T05:16:57.950493+00:00
prefillq1024_b8_h262144_sparse_q8kv8_steady,full,prefill,sglang_sparse_q8kv8_fp8,steady,ok,,8,262144,1024,2048,64,576,512,10,30,4.244768142700195,4.222496032714844,4.266240119934082,4.243584028879801,0.01613314769865617,1.253713999176398,4.59342502290383,8.188780979253352,4.227563011227176,18.263483012560755,2336462209024,16777216,550.433411314127,3952445795.856266,10502537216,2474.2310682060224,0.5562742913735493,0.7553957998293401,2701657088,2722103296,61.0,533.04,1755.0,2619.0,62.0,547.48,1890.0,2619.0,20260803,2026-08-10T05:16:58.219462+00:00
prefillq1024_b8_h524288_sparse_q8kv8_steady,full,prefill,sglang_sparse_q8kv8_fp8,steady,ok,,8,524288,1024,2048,64,576,512,10,30,4.46073579788208,4.423935890197754,4.474112033843994,4.45461122194926,0.016480232290439642,1.4507170126307756,4.528043995378539,14.578086993424222,4.45534399477765,25.012191996211186,2336462209024,16777216,523.7840380802944,3761087130.057261,10502537216,2354.4405434158457,0.5293421304500197,0.7188231205639946,3909616640,3930062848,62.0,547.48,1890.0,2619.0,61.0,551.38,1800.0,2619.0,20260803,2026-08-10T05:16:58.514952+00:00
prefillq2048_b8_h2048_sparse_q8kv8_steady,full,prefill,sglang_sparse_q8kv8_fp8,steady,ok,,8,2048,2048,2048,64,576,512,10,30,6.457087993621826,6.40121603012085,6.466432094573975,6.446807463963826,0.021628289402535705,1.5669439744669944,8.606393996160477,3.4513080026954412,6.433328002458438,20.05797397578135,4672924418048,33554432,723.6891339662421,5196526984.477267,21005074432,3253.0258922827697,0.7313685032503711,0.9931659687501267,2548385792,2768240640,61.0,551.38,1800.0,2619.0,65.0,607.51,1815.0,2619.0,20260803,2026-08-10T05:16:58.811456+00:00
prefillq2048_b8_h4096_sparse_q8kv8_steady,full,prefill,sglang_sparse_q8kv8_fp8,steady,ok,,8,4096,2048,2048,64,576,512,10,30,6.461855888366699,6.415167808532715,6.475039958953857,6.457484785715739,0.016737096134372156,1.3075190072413534,8.182095014490187,3.49549698876217,6.37010601349175,19.35521702398546,4672924418048,33554432,723.1551583285355,5192692715.479488,21005074432,3250.6256398901596,0.7308288613729516,0.9924331590302885,2558871552,2778726400,61.0,568.23,1935.0,2619.0,67.0,612.49,1815.0,2619.0,20260803,2026-08-10T05:16:59.182449+00:00
prefillq2048_b8_h8192_sparse_q8kv8_steady,full,prefill,sglang_sparse_q8kv8_fp8,steady,ok,,8,8192,2048,2048,64,576,512,10,30,6.466239929199219,6.421567916870117,6.524415969848633,6.480500253041585,0.029845335066012717,1.2740970123559237,8.376749989110976,3.5706360067706555,6.397727993316948,19.619211001554504,4672924418048,33554432,722.6648669417215,5189172125.902757,21005074432,3248.4217508151255,0.7303333672983542,0.9917603000673711,2577745920,2797600768,67.0,612.49,1815.0,2619.0,67.0,641.59,1815.0,2619.0,20260803,2026-08-10T05:16:59.533752+00:00
prefillq2048_b8_h16384_sparse_q8kv8_steady,full,prefill,sglang_sparse_q8kv8_fp8,steady,ok,,8,16384,2048,2048,64,576,512,10,30,6.53875207901001,6.437568187713623,6.596928119659424,6.530489587783814,0.04841999226394296,1.3897960016038269,8.325041009811684,3.810669993981719,6.4612170099280775,19.986724015325308,4672924418048,33554432,714.6508021077161,5131626278.921445,21005074432,3212.3980506048247,0.7222342618572168,0.9807620743224721,2615494656,2835349504,67.0,641.59,1815.0,2619.0,66.0,625.92,1860.0,2619.0,20260803,2026-08-10T05:16:59.930616+00:00
prefillq2048_b8_h32768_sparse_q8kv8_steady,full,prefill,sglang_sparse_q8kv8_fp8,steady,ok,,8,32768,2048,2048,64,576,512,10,30,6.6090240478515625,6.558464050292969,6.625184059143066,6.596139748891194,0.024356635021219306,1.4838249771855772,8.353088982403278,4.288538999389857,6.557202985277399,20.682655944256112,4672924418048,33554432,707.0521130222029,5077063081.788567,21005074432,3178.2414891996427,0.714554939891059,0.9703338959063004,2690992128,2910846976,67.0,623.45,1935.0,2619.0,66.0,631.27,1815.0,2619.0,20260803,2026-08-10T05:17:00.292328+00:00
prefillq2048_b8_h65536_sparse_q8kv8_steady,full,prefill,sglang_sparse_q8kv8_fp8,steady,ok,,8,65536,2048,2048,64,576,512,10,30,7.179296016693115,7.1594557762146,7.25654411315918,7.201758925120036,0.03761279844263191,1.4613799867220223,8.505133009748533,5.0325170159339905,7.070625986671075,22.06965599907562,4672924418048,33554432,650.8889461003746,4673777473.72167,21005074432,2925.784698549766,0.6577958020216014,0.8932575056912241,2841987072,3061841920,67.0,612.94,1935.0,2619.0,66.0,661.82,1770.0,2619.0,20260803,2026-08-10T05:17:00.703781+00:00
prefillq2048_b8_h131072_sparse_q8kv8_steady,full,prefill,sglang_sparse_q8kv8_fp8,steady,ok,,8,131072,2048,2048,64,576,512,10,30,7.8820481300354,7.7096638679504395,7.893343925476074,7.857671435674032,0.06224798289142593,1.5576120058540255,8.468863001326099,6.5677069942466915,7.6811610197182745,24.27534302114509,4672924418048,33554432,592.8566206340855,4257070173.440986,21005074432,2664.9259285740573,0.5991476711814911,0.8136159468568778,3143976960,3363831808,66.0,661.82,1770.0,2619.0,65.0,691.67,1740.0,2619.0,20260803,2026-08-10T05:17:01.075176+00:00
prefillq2048_b8_h262144_sparse_q8kv8_steady,full,prefill,sglang_sparse_q8kv8_fp8,steady,ok,,8,262144,2048,2048,64,576,512,10,30,8.484319686889648,8.470080375671387,8.538528442382812,8.49794127146403,0.028421492621503952,1.5431439969688654,8.414787997025996,9.750138997333124,8.379500999581069,28.087571990909055,4672924418048,33554432,550.7718462411091,3954875963.932596,21005074432,2475.7523534218053,0.5566163175756534,0.755860256232427,3747956736,3967811584,65.0,663.32,1860.0,2619.0,65.0,679.14,1770.0,2619.0,20260803,2026-08-10T05:17:01.487681+00:00
prefillq2048_b8_h524288_sparse_q8kv8_steady,full,prefill,sglang_sparse_q8kv8_fp8,steady,ok,,8,524288,2048,2048,64,576,512,10,30,8.938207626342773,8.900416374206543,8.963135719299316,8.938022422790528,0.020161595597809907,1.7271109973080456,8.357471990166232,17.573196993907914,8.849414007272571,36.50719398865476,4672924418048,33554432,522.8032971930426,3754044815.5520635,21005074432,2350.0320545355917,0.5283509825093912,0.7174771856484846,4955916288,5175771136,65.0,679.14,1770.0,2619.0,64.0,647.68,1770.0,2619.0,20260803,2026-08-10T05:17:01.979376+00:00
prefillq4096_b8_h2048_sparse_q8kv8_steady,full,prefill,sglang_sparse_q8kv8_fp8,steady,ok,,8,2048,4096,2048,64,576,512,10,30,12.887007713317871,12.851327896118164,13.987071990966797,13.151862366994221,0.3895325580059496,1.8038609996438026,15.912496019154787,6.717829994158819,12.725407985271886,37.159594998229295,9345848836096,67108864,725.2148088991739,5207482255.997055,42010148864,3259.8838922541568,0.7329103677606609,0.9952597523260367,4815734784,5395972096,64.0,647.68,1770.0,2619.0,67.0,673.83,1725.0,2619.0,20260803,2026-08-10T05:17:02.448220+00:00
prefillq4096_b8_h4096_sparse_q8kv8_steady,full,prefill,sglang_sparse_q8kv8_fp8,steady,ok,,8,4096,4096,2048,64,576,512,10,30,12.966048240661621,12.874079704284668,13.000896453857422,12.965387789408366,0.032663234671276076,1.8721669912338257,15.870089002419263,6.775982998078689,12.7826219832059,37.30086097493768,9345848836096,67108864,720.7939275428075,5175737646.073698,42010148864,3240.0117664421355,0.728442574575854,0.9891926874649664,4824123392,5404360704,67.0,681.78,1875.0,2619.0,69.0,682.68,1800.0,2619.0,20260803,2026-08-10T05:17:03.115854+00:00
prefillq4096_b8_h8192_sparse_q8kv8_steady,full,prefill,sglang_sparse_q8kv8_fp8,steady,ok,,8,8192,4096,2048,64,576,512,10,30,13.05519962310791,12.883808135986328,13.488832473754883,13.121466732025146,0.1794011779594785,1.7864010005723685,16.055612009949982,6.838718021754175,12.816395988920704,37.49712702119723,9345848836096,67108864,715.8717680236539,5140393554.857349,42010148864,3217.8863653407006,0.7234681839551833,0.982437685769154,4842997760,5423235072,69.0,648.18,1950.0,2619.0,69.0,686.53,1785.0,2619.0,20260803,2026-08-10T05:17:03.784923+00:00
prefillq4096_b8_h16384_sparse_q8kv8_steady,full,prefill,sglang_sparse_q8kv8_fp8,steady,ok,,8,16384,4096,2048,64,576,512,10,30,12.932160377502441,12.836000442504883,13.0098876953125,12.926106707255046,0.04366997926033188,3.074083011597395,15.977011993527412,7.048533007036895,12.818771007005125,38.91839901916683,9345848836096,67108864,722.6827199231612,5189300321.139428,42010148864,3248.502001033282,0.7303514097252767,0.9917848008823958,4880746496,5460983808,69.0,686.53,1785.0,2619.0,69.0,687.34,1815.0,2619.0,20260803,2026-08-10T05:17:04.481796+00:00
prefillq4096_b8_h32768_sparse_q8kv8_steady,full,prefill,sglang_sparse_q8kv8_fp8,steady,ok,,8,32768,4096,2048,64,576,512,10,30,13.211135864257812,13.203680038452148,13.642399787902832,13.310377597808838,0.17075551869364097,9.453996986849234,16.155854013049975,7.496220001485199,13.04360298672691,46.14967398811132,9345848836096,67108864,707.4220515270615,5079719464.664677,42010148864,3179.9043848800875,0.7149288039687333,0.9708415867314234,4956243968,5536481280,70.0,668.99,1890.0,2619.0,69.0,700.28,1800.0,2619.0,20260803,2026-08-10T05:17:05.119903+00:00
prefillq4096_b8_h65536_sparse_q8kv8_steady,full,prefill,sglang_sparse_q8kv8_fp8,steady,ok,,8,65536,4096,2048,64,576,512,10,30,14.47590446472168,14.368672370910645,14.743136405944824,14.505256525675456,0.1143484900204453,2.371830021729693,16.15763400332071,11.112126987427473,14.069166005356237,43.71075701783411,9345848836096,67108864,645.6141555004167,4635901277.43291,42010148864,2902.074199673002,0.6524650384036551,0.8860185652812033,5107238912,5687476224,70.0,656.15,1890.0,2619.0,67.0,670.62,1860.0,2619.0,20260803,2026-08-10T05:17:05.831329+00:00
prefillq4096_b8_h131072_sparse_q8kv8_steady,full,prefill,sglang_sparse_q8kv8_fp8,steady,ok,,8,131072,4096,2048,64,576,512,10,30,15.75222396850586,15.694751739501953,15.897536277770996,15.774646377563476,0.053810760652971606,2.0116250088904053,17.650954017881304,9.894387010717764,15.333641989855096,44.89060802734457,9345848836096,67108864,593.3034506607818,4260278684.087645,42010148864,2666.9344562388656,0.5995992427092287,0.8142291609504738,5409228800,5989466112,59.0,614.43,1965.0,2619.0,66.0,663.19,1740.0,2619.0,20260803,2026-08-10T05:17:06.583285+00:00
prefillq4096_b8_h262144_sparse_q8kv8_steady,full,prefill,sglang_sparse_q8kv8_fp8,steady,ok,,8,262144,4096,2048,64,576,512,10,30,17.004159927368164,16.938751220703125,17.06928062438965,17.011294746398924,0.03776866689956284,11.878681019879878,16.43113500904292,13.094530993839726,16.696859005605802,58.101206028368324,9345848836096,67108864,549.6213206660021,3946614492.374211,42010148864,2470.580672226256,0.5554535832905529,0.7542813146762503,6013208576,6593445888,66.0,615.22,1920.0,2619.0,66.0,675.8,1740.0,2619.0,20260803,2026-08-10T05:17:07.419338+00:00
prefillq4096_b8_h524288_sparse_q8kv8_steady,full,prefill,sglang_sparse_q8kv8_fp8,steady,ok,,8,524288,4096,2048,64,576,512,10,30,17.817888259887695,17.79532814025879,17.889440536499023,17.82504653930664,0.02602920966151089,2.2327969782054424,16.526056017028168,19.50836699688807,17.647417989792302,55.914637981913984,9345848836096,67108864,524.5205660614524,3766375847.7528462,42010148864,2357.751280693282,0.5300864740388604,0.7198339061231329,7221168128,7801405440,66.0,675.8,1740.0,2619.0,59.0,684.87,1635.0,2619.0,20260803,2026-08-10T05:17:08.275375+00:00
prefillq8192_b8_h2048_sparse_q8kv8_steady,full,prefill,sglang_sparse_q8kv8_fp8,steady,ok,,8,2048,8192,2048,64,576,512,10,30,25.895488739013672,25.70083236694336,30.670400619506836,27.205370712280274,1.8414730412915201,2.552763995481655,36.2095249874983,13.273092015879229,25.482975994236767,77.51835699309595,18691697672192,134217728,721.8128941521551,5183054444.4519415,84020297728,3244.592082226915,0.7294723538677667,0.9905910820410329,9348335616,10125049856,55.0,628.58,1950.0,2619.0,65.0,710.42,1695.0,2619.0,20260803,2026-08-10T05:17:09.166378+00:00
prefillq8192_b8_h4096_sparse_q8kv8_steady,full,prefill,sglang_sparse_q8kv8_fp8,steady,ok,,8,4096,8192,2048,64,576,512,10,30,25.986175537109375,25.684640884399414,30.795583724975586,27.31674118041992,1.9249306664842933,3.1356679974123836,35.72490101214498,13.24182201642543,25.50429801340215,77.60668903938495,18691697672192,134217728,719.2939047725378,5164966572.642878,84020297728,3233.2690744744414,0.7269266344340958,0.9871341080309801,9356724224,10133438464,58.0,681.13,1875.0,2619.0,63.0,695.21,1755.0,2619.0,20260803,2026-08-10T05:17:10.440464+00:00
prefillq8192_b8_h8192_sparse_q8kv8_steady,full,prefill,sglang_sparse_q8kv8_fp8,steady,ok,,8,8192,8192,2048,64,576,512,10,30,25.93110466003418,25.748735427856445,30.944000244140625,27.266319910685223,1.9009963960257863,2.9618820117320865,31.097416998818517,13.50409199949354,25.549887999659404,73.11327900970355,18691697672192,134217728,720.8214967023839,5175935609.363396,84020297728,3240.1356914614857,0.7284704362833592,0.9892305224272356,9375598592,10152312832,55.0,633.29,1875.0,2619.0,65.0,713.46,1710.0,2619.0,20260803,2026-08-10T05:17:11.673110+00:00
prefillq8192_b8_h16384_sparse_q8kv8_steady,full,prefill,sglang_sparse_q8kv8_fp8,steady,ok,,8,16384,8192,2048,64,576,512,10,30,26.048831939697266,25.840927124023438,30.837535858154297,27.381900596618653,1.9196605741157862,2.846859017154202,31.107691989745945,13.604397012386471,25.674506003269926,73.23345402255654,18691697672192,134217728,717.563755467541,5152543051.093901,84020297728,3225.4919499847815,0.7251781257883183,0.9847597108900944,9413347328,10190061568,60.0,689.28,1875.0,2619.0,57.0,671.41,1920.0,2619.0,20260803,2026-08-10T05:17:12.952588+00:00
prefillq8192_b8_h32768_sparse_q8kv8_steady,full,prefill,sglang_sparse_q8kv8_fp8,steady,ok,,8,32768,8192,2048,64,576,512,10,30,26.50668716430664,26.478464126586914,31.526432037353516,27.873862393697102,1.9645529205831782,3.0973340035416186,30.968287988798693,14.018125017173588,26.13566000945866,74.21940701897256,18691697672192,134217728,705.1691354837376,5063542160.814981,84020297728,3169.777392670179,0.7126519812872537,0.967749762577014,9488844800,10265559040,57.0,671.41,1920.0,2619.0,66.0,703.88,1770.0,2619.0,20260803,2026-08-10T05:17:14.259391+00:00
prefillq8192_b8_h65536_sparse_q8kv8_steady,full,prefill,sglang_sparse_q8kv8_fp8,steady,ok,,8,65536,8192,2048,64,576,512,10,30,29.122943878173828,28.746559143066406,33.99241638183594,30.301410230000815,1.9391252102482428,2.994334005052224,32.2182480012998,14.801342011196539,28.115868975874037,78.1297929934226,18691697672192,134217728,641.8203376136189,4608659363.608821,84020297728,2885.020761619122,0.648630962722202,0.8808120606648456,9639839744,10416553984,57.0,661.1,1950.0,2619.0,66.0,697.27,1755.0,2619.0,20260803,2026-08-10T05:17:15.527322+00:00
prefillq8192_b8_h131072_sparse_q8kv8_steady,full,prefill,sglang_sparse_q8kv8_fp8,steady,ok,,8,131072,8192,2048,64,576,512,10,30,31.85264015197754,31.535776138305664,37.57958221435547,32.994994163513184,2.134136219110695,3.5855789901688695,33.277699985774234,16.373099002521485,30.745094001758844,83.98147198022343,18691697672192,134217728,586.8178456482373,4213708105.815123,84020297728,2637.781274240267,0.5930448162185319,0.8053285406663023,9941829632,10718543872,56.0,641.06,1965.0,2619.0,65.0,698.41,1770.0,2619.0,20260803,2026-08-10T05:17:16.950280+00:00
prefillq8192_b8_h262144_sparse_q8kv8_steady,full,prefill,sglang_sparse_q8kv8_fp8,steady,ok,,8,262144,8192,2048,64,576,512,10,30,34.14896011352539,34.00163269042969,40.053470611572266,35.34518305460612,1.9660472162078249,3.44027898972854,35.207250009989366,19.496793014695868,33.33913898677565,91.48346100118943,18691697672192,134217728,547.3577412036267,3930360618.707108,84020297728,2460.4057473106495,0.5531659840360047,0.7511748564138855,10545809408,11322523648,57.0,648.16,1875.0,2619.0,65.0,698.85,1755.0,2619.0,20260803,2026-08-10T05:17:18.457453+00:00
prefillq8192_b8_h524288_sparse_q8kv8_steady,full,prefill,sglang_sparse_q8kv8_fp8,steady,ok,,8,524288,8192,2048,64,576,512,10,30,35.746238708496094,35.64527893066406,41.314239501953125,36.90081265767415,1.8819567276331368,3.6034540098626167,34.18356299516745,25.81673499662429,35.280070995213464,98.88382299686782,18691697672192,134217728,522.8997049065583,3754737081.417727,84020297728,2350.4654129674973,0.5284484132456375,0.7176094922642605,11753768960,12530483200,57.0,653.97,1920.0,2619.0,65.0,684.8,1770.0,2619.0,20260803,2026-08-10T05:17:20.078916+00:00
prefillq16384_b8_h2048_sparse_q8kv8_steady,full,prefill,sglang_sparse_q8kv8_fp8,steady,ok,,8,2048,16384,2048,64,576,512,10,30,52.79052734375,51.7393913269043,60.7314567565918,54.55810991923014,3.1013977058838256,11.237363010877743,61.44496801425703,26.54414001153782,51.0672320087906,150.2937030454632,37383395344384,268435456,708.1458971030703,5084917114.997919,168040595456,3183.158113988697,0.7156603305740983,0.9718349673958286,18413537280,19862126592,56.0,623.06,1965.0,2619.0,67.0,702.22,1770.0,2619.0,20260803,2026-08-10T05:17:21.747324+00:00
prefillq16384_b8_h4096_sparse_q8kv8_steady,full,prefill,sglang_sparse_q8kv8_fp8,steady,ok,,8,4096,16384,2048,64,576,512,10,30,53.00601577758789,51.78643035888672,61.053184509277344,54.51426696777344,3.012613005122079,5.642967997118831,61.85296701733023,26.458854001248255,51.22682297951542,145.18161199521273,37383395344384,268435456,705.26703046771,5064245106.184729,168040595456,3170.21743647164,0.7127509150760081,0.9678841102713891,18421925888,19870515200,66.0,676.46,1875.0,2619.0,65.0,670.67,1770.0,2619.0,20260803,2026-08-10T05:17:24.192899+00:00
prefillq16384_b8_h8192_sparse_q8kv8_steady,full,prefill,sglang_sparse_q8kv8_fp8,steady,ok,,8,8192,16384,2048,64,576,512,10,30,53.56643295288086,51.74428939819336,61.25980758666992,54.70723253885905,3.215926866557393,4.707290994701907,61.75531499320641,26.592857000650838,51.223332004155964,144.27879499271512,37383395344384,268435456,697.8884589397226,5011262486.64208,168040595456,3137.0503166379417,0.7052940464272083,0.9577580135875503,18440800256,19889389568,65.0,670.67,1770.0,2619.0,68.0,693.07,1770.0,2619.0,20260803,2026-08-10T05:17:26.611474+00:00
prefillq16384_b8_h16384_sparse_q8kv8_steady,full,prefill,sglang_sparse_q8kv8_fp8,steady,ok,,8,16384,16384,2048,64,576,512,10,30,53.21139144897461,51.847103118896484,61.81379318237305,55.06771545410156,3.2378364230870553,5.212454998400062,61.127185996156186,26.675075001548976,51.45172300399281,144.46643900009803,37383395344384,268435456,702.544968782326,5044699052.033017,168040595456,3157.9816065726686,0.7099999684510622,0.9641484468437161,18478548992,19927138304,59.0,633.47,1950.0,2619.0,67.0,698.01,1800.0,2619.0,20260803,2026-08-10T05:17:29.076354+00:00
prefillq16384_b8_h32768_sparse_q8kv8_steady,full,prefill,sglang_sparse_q8kv8_fp8,steady,ok,,8,32768,16384,2048,64,576,512,10,30,54.87116622924805,53.44655990600586,62.73811340332031,56.369926325480144,3.2734171801493237,14.468006003880873,60.82185302511789,27.312249992974102,52.85742899286561,155.45953801483847,37383395344384,268435456,681.2939821289506,4892104076.63826,168040595456,3062.457151975551,0.6885234786548262,0.9349843268425996,18554046464,20002635776,64.0,654.23,1800.0,2619.0,68.0,702.52,1785.0,2619.0,20260803,2026-08-10T05:17:31.479787+00:00
prefillq16384_b8_h65536_sparse_q8kv8_steady,full,prefill,sglang_sparse_q8kv8_fp8,steady,ok,,8,65536,16384,2048,64,576,512,10,30,59.176063537597656,58.26639938354492,68.12838745117188,60.94050153096517,3.2319727754302043,5.565461004152894,61.182425008155406,27.980030979961157,56.75885299569927,151.48676998796873,37383395344384,268435456,631.7317021371719,4536216840.943617,168040595456,2839.671742430704,0.6384352724984051,0.8669667658330459,18705041408,20153630720,69.0,666.5,1875.0,2619.0,67.0,688.9,1830.0,2619.0,20260803,2026-08-10T05:17:34.003690+00:00
prefillq16384_b8_h131072_sparse_q8kv8_steady,full,prefill,sglang_sparse_q8kv8_fp8,steady,ok,,8,131072,16384,2048,64,576,512,10,30,64.30521392822266,63.30326461791992,73.22297668457031,66.28445866902669,3.6443114666727556,5.3424630023073405,60.91233401093632,29.130226001143456,62.03355098841712,157.41857400280423,37383395344384,268435456,581.343145613531,4174396438.5162783,168040595456,2613.17217051119,0.5875120218428812,0.7978152514535903,19007031296,20455620608,67.0,688.9,1830.0,2619.0,65.0,678.5,1500.0,2619.0,20260803,2026-08-10T05:17:36.649532+00:00
prefillq16384_b8_h262144_sparse_q8kv8_steady,full,prefill,sglang_sparse_q8kv8_fp8,steady,ok,,8,262144,16384,2048,64,576,512,10,30,69.42495727539062,68.09417724609375,77.92047882080078,71.17440287272136,3.275136732818638,5.822860985063016,61.336122977081686,32.5668909936212,66.802938003093,166.5288129588589,37383395344384,268435456,538.4719964046051,3866555580.8005304,168040595456,2420.463793581132,0.5441859488677161,0.7389803671958142,19611011072,21059600384,65.0,678.5,1500.0,2619.0,62.0,696.24,1455.0,2619.0,20260803,2026-08-10T05:17:39.544806+00:00
prefillq16384_b8_h524288_sparse_q8kv8_steady,full,prefill,sglang_sparse_q8kv8_fp8,steady,ok,,8,524288,16384,2048,64,576,512,10,30,72.553955078125,71.36192321777344,79.66989135742188,74.45010935465494,3.251256871064011,4.939247999573126,64.15707801352255,39.530893991468474,70.76998299453408,179.39720299909823,37383395344384,268435456,515.249586382026,3699804589.714686,168040595456,2316.0776731613937,0.5207171161010874,0.7071107338625282,20818970624,22267559936,55.0,665.97,1710.0,2619.0,55.0,674.25,1830.0,2619.0,20260803,2026-08-10T05:17:42.616948+00:00
prefillq32768_b8_h2048_sparse_q8kv8_steady,full,prefill,sglang_sparse_q8kv8_fp8,steady,ok,,8,2048,32768,2048,64,576,512,10,30,106.69977569580078,104.28387451171875,114.54835510253906,108.10509338378907,3.722662586583052,6.896901992149651,119.9372109840624,52.893654006766155,103.25005900813267,282.9778259911109,74766790688768,536870912,700.721160857234,5031603004.776784,336081190912,3149.7834809902665,0.7081568073342436,0.9616455158479018,36543940608,39063650304,55.0,674.25,1830.0,2619.0,70.0,690.78,1875.0,2619.0,20260803,2026-08-10T05:17:45.869013+00:00
prefillq32768_b8_h4096_sparse_q8kv8_steady,full,prefill,sglang_sparse_q8kv8_fp8,steady,ok,,8,4096,32768,2048,64,576,512,10,30,106.67174530029297,104.34697723388672,117.07711791992188,108.51259409586588,4.084213432312955,9.755399980349466,119.10355399595574,52.43477498879656,103.68957300670445,284.9833019718062,74766790688768,536870912,700.9052910711366,5032925171.409242,336081190912,3150.6111573021853,0.7083428914311638,0.9618982097929725,36552329216,39072038912,57.0,632.29,1950.0,2619.0,70.0,700.26,1785.0,2619.0,20260803,2026-08-10T05:17:50.637636+00:00
prefillq32768_b8_h8192_sparse_q8kv8_steady,full,prefill,sglang_sparse_q8kv8_fp8,steady,ok,,8,8192,32768,2048,64,576,512,10,30,107.20140838623047,103.93209838867188,115.84950256347656,108.66414235432943,4.195369992201199,9.904734004521742,120.08432199945673,52.39882000023499,103.89775098883547,286.28562699304894,74766790688768,536870912,697.4422427305672,5008058383.577717,336081190912,3135.0445481196502,0.7048430952304873,0.9571456418759439,36571203584,39090913280,65.0,671.51,1875.0,2619.0,70.0,679.06,1875.0,2619.0,20260803,2026-08-10T05:17:55.377076+00:00
prefillq32768_b8_h16384_sparse_q8kv8_steady,full,prefill,sglang_sparse_q8kv8_fp8,steady,ok,,8,16384,32768,2048,64,576,512,10,30,108.02674865722656,105.85033416748047,116.73737335205078,109.79816919962565,3.678108362260893,8.105462009552866,120.34398701507598,52.72716001491062,104.26580399507657,285.44241303461604,74766790688768,536870912,692.1136812698695,4969796079.8904915,336081190912,3111.0923460114477,0.699457990166619,0.9498329081940737,36608952320,39128662016,70.0,679.06,1875.0,2619.0,70.0,671.36,1920.0,2619.0,20260803,2026-08-10T05:18:00.109019+00:00
prefillq32768_b8_h32768_sparse_q8kv8_steady,full,prefill,sglang_sparse_q8kv8_fp8,steady,ok,,8,32768,32768,2048,64,576,512,10,30,112.04230499267578,109.53548431396484,121.321533203125,113.84267578125,4.174373106767823,9.737157000927255,120.07354499655776,53.5088739998173,109.11593202035874,292.43550801766105,74766790688768,536870912,667.3085732541429,4791680357.121315,336081190912,2999.591903557943,0.6743896647338483,0.9157912348068098,36684449792,39204159488,58.0,618.22,1965.0,2619.0,69.0,695.88,1740.0,2619.0,20260803,2026-08-10T05:18:04.947256+00:00
prefillq32768_b8_h65536_sparse_q8kv8_steady,full,prefill,sglang_sparse_q8kv8_fp8,steady,ok,,8,65536,32768,2048,64,576,512,10,30,120.45123291015625,117.55696105957031,131.20054626464844,122.76154200236003,4.526863333307451,9.389798011397943,120.02475900226273,53.91783200320788,116.96448401198722,300.29687302885577,74766790688768,536870912,620.7225022307247,4457164107.240383,336081190912,2790.1847311324796,0.627309249348888,0.8518581201769672,36835444736,39355154432,69.0,671.24,1710.0,2619.0,64.0,700.28,1590.0,2619.0,20260803,2026-08-10T05:18:09.924540+00:00
prefillq32768_b8_h131072_sparse_q8kv8_steady,full,prefill,sglang_sparse_q8kv8_fp8,steady,ok,,8,131072,32768,2048,64,576,512,10,30,130.93930053710938,127.85401916503906,139.69725036621094,132.59841435750326,4.331970827817446,9.577630989952013,121.52478701318614,55.46274399966933,126.70978001551703,313.2749420183245,74766790688768,536870912,571.0034373337623,4100151060.8180313,336081190912,2566.694564072088,0.577062594576819,0.783625392979428,37137434624,39657144320,57.0,674.19,1620.0,2619.0,58.0,655.51,1920.0,2619.0,20260803,2026-08-10T05:18:15.240465+00:00
prefillq32768_b8_h262144_sparse_q8kv8_steady,full,prefill,sglang_sparse_q8kv8_fp8,steady,ok,,8,262144,32768,2048,64,576,512,10,30,140.93075561523438,136.9977264404297,149.16822814941406,141.43771362304688,4.26461681440576,10.259105998557061,120.31486400519498,59.0640950249508,136.0858999832999,325.72396501200274,74766790688768,536870912,530.5214632701922,3809465929.9617434,336081190912,2384.725672156051,0.5361510492877132,0.7280693301608329,37741414400,40261124096,58.0,655.51,1920.0,2619.0,64.0,697.45,1575.0,2619.0,20260803,2026-08-10T05:18:20.975261+00:00
prefillq32768_b8_h524288_sparse_q8kv8_steady,full,prefill,sglang_sparse_q8kv8_fp8,steady,ok,,8,524288,32768,2048,64,576,512,10,30,146.4159698486328,143.392578125,155.02806091308594,147.81403605143228,3.8580214526183547,11.502660985570401,121.75816998933442,65.00921701081097,142.3341219779104,340.6041699636262,74766790688768,536870912,510.6464190078658,3666751055.6056542,336081190912,2295.3861608091397,0.5160651025850084,0.7007935059674221,38949373952,41469083648,64.0,697.45,1575.0,2619.0,58.0,662.77,1920.0,2619.0,20260803,2026-08-10T05:18:27.040760+00:00
prefillq2_b16_h2048_sparse_q8kv8_steady,full,prefill,sglang_sparse_q8kv8_fp8,steady,ok,,16,2048,2,2048,64,576,512,10,30,0.061983998864889145,0.0615679994225502,0.06310400366783142,0.06216746680438519,0.0006650535568683016,7.816272001946345,1.1118020047433674,0.5937560054007918,0.09812801727093756,9.619958029361442,9126805504,65536,147.24454167428493,1057305130.3587785,41025536,661.8730116045954,0.14880701533530563,0.20207332266222913,385985536,413138944,58.0,662.77,1920.0,2619.0,58.0,662.77,1920.0,2619.0,20260803,2026-08-10T05:18:33.411710+00:00
prefillq2_b16_h4096_sparse_q8kv8_steady,full,prefill,sglang_sparse_q8kv8_fp8,steady,ok,,16,4096,2,2048,64,576,512,10,30,0.06534399837255478,0.06486400216817856,0.06595200300216675,0.06545493428905805,0.0005135131548501746,0.5161979934200644,0.9471630037296563,0.5532789800781757,0.10053199366666377,2.11717197089456,9126805504,65536,139.67320230335585,1002938320.7674335,41025536,627.8393888004133,0.14115533330303776,0.19168267804959974,499231744,526385152,54.0,609.47,1965.0,2619.0,53.0,554.78,1965.0,2619.0,20260803,2026-08-10T05:18:33.495253+00:00
prefillq2_b16_h8192_sparse_q8kv8_steady,full,prefill,sglang_sparse_q8kv8_fp8,steady,ok,,16,8192,2,2048,64,576,512,10,30,0.06774400174617767,0.06716799736022949,0.06883200258016586,0.06781440054376921,0.0005952573034385247,0.46004500472918153,0.8243600022979081,0.6630349962506443,0.10096299229189754,2.0484029955696315,9126805504,65536,134.72492425523066,967406682.6691079,41025536,605.5965833508616,0.13615454699871718,0.18489183218685049,725632000,746586112,53.0,554.78,1965.0,2619.0,53.0,554.78,1965.0,2619.0,20260803,2026-08-10T05:18:33.626771+00:00
prefillq2_b16_h16384_sparse_q8kv8_steady,full,prefill,sglang_sparse_q8kv8_fp8,steady,ok,,16,16384,2,2048,64,576,512,10,30,0.06892800331115723,0.06838399916887283,0.07011199742555618,0.06904746716221173,0.000653872874147126,0.49682598910294473,0.8004760020412505,1.0569269943516701,0.10379400919191539,2.4580229946877807,9126805504,65536,132.41070487417792,950789183.6668338,41025536,595.194028975438,0.13381577046405047,0.18171587744936957,801129472,822083584,51.0,491.81,1965.0,2619.0,50.0,432.92,1980.0,2619.0,20260803,2026-08-10T05:18:33.702937+00:00
prefillq2_b16_h32768_sparse_q8kv8_steady,full,prefill,sglang_sparse_q8kv8_fp8,steady,ok,,16,32768,2,2048,64,576,512,10,30,0.07049600034952164,0.06985600292682648,0.07155200093984604,0.07057280093431473,0.0005603564133173078,0.5709169781766832,0.875624013133347,1.9386920030228794,0.10696699609979987,3.4921999904327095,9126805504,65536,129.46557902219953,929641393.4843142,41025536,581.9555123211807,0.13083939264497174,0.17767408846486396,952124416,973078528,50.0,432.92,1980.0,2619.0,50.0,375.51,1980.0,2619.0,20260803,2026-08-10T05:18:33.817827+00:00
prefillq2_b16_h65536_sparse_q8kv8_steady,full,prefill,sglang_sparse_q8kv8_fp8,steady,ok,,16,65536,2,2048,64,576,512,10,30,0.06998399645090103,0.06943999975919724,0.07180800288915634,0.07018133327364921,0.0009957116009777125,0.7732509984634817,0.8226649952121079,3.4553630102891475,0.1088519929908216,5.160130996955559,9126805504,65536,130.41275101234223,936442662.9447829,41025536,586.2131070034341,0.13179661547482793,0.1789739545855662,1254114304,1275068416,50.0,375.51,1980.0,2619.0,49.0,332.25,1980.0,2619.0,20260803,2026-08-10T05:18:33.953917+00:00
prefillq2_b16_h131072_sparse_q8kv8_steady,full,prefill,sglang_sparse_q8kv8_fp8,steady,ok,,16,131072,2,2048,64,576,512,10,30,0.07072000205516815,0.06988800317049026,0.07126399874687195,0.07068053384621938,0.0005265065655064996,0.8278599998448044,0.8244969940278679,6.743603997165337,0.11087500024586916,8.506835991283879,9126805504,65536,129.0555039418727,926696805.6487873,41025536,580.1122003361409,0.1304249660857733,0.17711131559002335,1858094080,1879048192,49.0,332.25,1980.0,2619.0,49.0,281.26,1980.0,2619.0,20260803,2026-08-10T05:18:34.018186+00:00
prefillq2_b16_h262144_sparse_q8kv8_steady,full,prefill,sglang_sparse_q8kv8_fp8,steady,ok,,16,262144,2,2048,64,576,512,10,30,0.06992000341415405,0.06918399780988693,0.07152000069618225,0.07002986644705136,0.0005996723418343615,0.9887499909382313,0.8037399966269732,13.21477399324067,0.10347497300244868,15.110738953808323,9126805504,65536,130.53210895799873,937299725.3992325,41025536,586.7496280999195,0.13191723997776528,0.17913775730715228,3066053632,3087007744,49.0,281.26,1980.0,2619.0,49.0,281.26,1980.0,2619.0,20260803,2026-08-10T05:18:34.127776+00:00
prefillq2_b16_h524288_sparse_q8kv8_steady,full,prefill,sglang_sparse_q8kv8_fp8,steady,ok,,16,524288,2,2048,64,576,512,10,30,0.07030399888753891,0.06992000341415405,0.0719040036201477,0.07048106690247853,0.0005980237573990201,1.3538140046875924,0.8153769886121154,26.05371197569184,0.1068580022547394,28.329760971246287,9126805504,65536,129.81915180386258,932180260.5401438,41025536,583.5448430981301,0.13119671733588942,0.17815931953680159,5481972736,5502926848,48.0,240.65,1980.0,2619.0,48.0,203.94,1980.0,2619.0,20260803,2026-08-10T05:18:34.200982+00:00
prefillq4_b16_h2048_sparse_q8kv8_steady,full,prefill,sglang_sparse_q8kv8_fp8,steady,ok,,16,2048,4,2048,64,576,512,10,30,0.06457599997520447,0.06387200206518173,0.06566400080919266,0.06465493341286978,0.0005955633550581819,1.1285679938737303,1.0392009862698615,0.47060198266990483,0.09334299829788506,2.7317139611113816,18253611008,131072,282.6686542215207,2029732409.1044395,82051072,1270.612488099379,0.2856681700065899,0.3879246967086654,388490240,417333248,48.0,203.94,1980.0,2619.0,48.0,203.94,1980.0,2619.0,20260803,2026-08-10T05:18:34.310882+00:00
prefillq4_b16_h4096_sparse_q8kv8_steady,full,prefill,sglang_sparse_q8kv8_fp8,steady,ok,,16,4096,4,2048,64,576,512,10,30,0.06931199878454208,0.06851200014352798,0.06992000341415405,0.06930666714906693,0.0005916734058239427,0.4393440030980855,1.0288440098520368,0.49770998884923756,0.09988801321014762,2.0657860150095075,18253611008,131072,263.35427239289066,1891043431.1300166,82051072,1183.7931878873903,0.26614883516209265,0.3614183062720557,501736448,530579456,48.0,182.31,1980.0,2619.0,48.0,182.31,1980.0,2619.0,20260803,2026-08-10T05:18:34.409638+00:00
prefillq4_b16_h8192_sparse_q8kv8_steady,full,prefill,sglang_sparse_q8kv8_fp8,steady,ok,,16,8192,4,2048,64,576,512,10,30,0.07215999811887741,0.07155200093984604,0.0745600014925003,0.07231893340746562,0.000730903449270104,0.4430399858392775,1.0020520130638033,0.6522590119857341,0.10664400178939104,2.203995012678206,18253611008,131072,252.96024783604818,1816408029.6131678,82051072,1137.071426537843,0.2556445152461326,0.34715390601550766,728044544,750780416,48.0,182.31,1980.0,2619.0,48.0,180.21,1980.0,2619.0,20260803,2026-08-10T05:18:34.466669+00:00
prefillq4_b16_h16384_sparse_q8kv8_steady,full,prefill,sglang_sparse_q8kv8_fp8,steady,ok,,16,16384,4,2048,64,576,512,10,30,0.07507199794054031,0.07391999661922455,0.07619199901819229,0.07508906647562981,0.0006655040232058291,0.4733010136988014,1.0089910065289587,1.050227991072461,0.10680800187401474,2.639328013174236,18253611008,131072,243.14806464132616,1745950602.0315814,82051072,1092.96507687177,0.24572821085530688,0.3336880047455372,803542016,826277888,48.0,180.21,1980.0,2619.0,47.0,180.55,1980.0,2619.0,20260803,2026-08-10T05:18:34.545932+00:00
prefillq4_b16_h32768_sparse_q8kv8_steady,full,prefill,sglang_sparse_q8kv8_fp8,steady,ok,,16,32768,4,2048,64,576,512,10,30,0.0772479996085167,0.07625599950551987,0.07814399898052216,0.0772256001830101,0.0006448961195472407,0.49792800564318895,1.0041040077339858,1.9007780065294355,0.10636899969540536,3.5091790196020156,18253611008,131072,236.29881809894164,1696768856.983439,82051072,1062.1773044716329,0.23880628408180055,0.3242883353872391,954536960,977272832,47.0,180.55,1980.0,2619.0,47.0,181.5,1980.0,2619.0,20260803,2026-08-10T05:18:34.648565+00:00
prefillq4_b16_h65536_sparse_q8kv8_steady,full,prefill,sglang_sparse_q8kv8_fp8,steady,ok,,16,65536,4,2048,64,576,512,10,30,0.0772479996085167,0.07619199901819229,0.07833600044250488,0.07735039989153544,0.0006836528562728612,0.7244290027301759,7.692437997320667,3.4655979834496975,0.12146201333962381,12.003926996840164,18253611008,131072,236.29881809894164,1696768856.983439,82051072,1062.1773044716329,0.23880628408180055,0.3242883353872391,1256526848,1279262720,47.0,181.5,1980.0,2619.0,46.0,182.12,1980.0,2619.0,20260803,2026-08-10T05:18:34.717453+00:00
prefillq4_b16_h131072_sparse_q8kv8_steady,full,prefill,sglang_sparse_q8kv8_fp8,steady,ok,,16,131072,4,2048,64,576,512,10,30,0.077504001557827,0.0764160007238388,0.07840000092983246,0.07759786620736123,0.0007609867835554759,0.8338280022144318,1.030243991408497,6.69969801674597,0.11118000838905573,8.674950018757954,18253611008,131072,235.51830410176544,1691164293.0101492,82051072,1058.6688474243533,0.23801748772285541,0.32321718493914536,1860506624,1883242496,46.0,182.12,1980.0,2619.0,46.0,183.99,1980.0,2619.0,20260803,2026-08-10T05:18:34.860529+00:00
prefillq4_b16_h262144_sparse_q8kv8_steady,full,prefill,sglang_sparse_q8kv8_fp8,steady,ok,,16,262144,4,2048,64,576,512,10,30,0.077504001557827,0.07667200267314911,0.07868800312280655,0.07758506735165914,0.000714860811628168,9.397763991728425,1.0319110006093979,13.153876992873847,0.10807599755935371,23.691627982771024,18253611008,131072,235.51830410176544,1691164293.0101492,82051072,1058.6688474243533,0.23801748772285541,0.32321718493914536,3068466176,3091202048,46.0,183.99,1980.0,2619.0,46.0,189.5,1980.0,2619.0,20260803,2026-08-10T05:18:34.942870+00:00
prefillq4_b16_h524288_sparse_q8kv8_steady,full,prefill,sglang_sparse_q8kv8_fp8,steady,ok,,16,524288,4,2048,64,576,512,10,30,0.07795199751853943,0.07692799717187881,0.07916799932718277,0.0780256008108457,0.000687175988443175,1.361075002932921,1.0654669895302504,26.19142399635166,0.10984900291077793,28.72781499172561,18253611008,131072,234.164762790828,1681445045.3155732,82051072,1052.584598367549,0.2366495834167034,0.3213596315999747,5484385280,5507121152,46.0,189.5,1980.0,2619.0,46.0,199.85,1980.0,2619.0,20260803,2026-08-10T05:18:35.046802+00:00
prefillq8_b16_h2048_sparse_q8kv8_steady,full,prefill,sglang_sparse_q8kv8_fp8,steady,ok,,16,2048,8,2048,64,576,512,10,30,0.06777600198984146,0.0671359971165657,0.06905599683523178,0.067903999487559,0.000616196736424513,1.1550250055734068,0.9304809791501611,0.47673401422798634,0.09789899922907352,2.660138998180628,36507222016,262144,538.6452570848285,3867799697.5875206,164102144,2421.2426106897883,0.544361048089771,0.7392181441683345,395297792,415236096,46.0,199.85,1980.0,2619.0,46.0,199.85,1980.0,2619.0,20260803,2026-08-10T05:18:35.112690+00:00
prefillq8_b16_h4096_sparse_q8kv8_steady,full,prefill,sglang_sparse_q8kv8_fp8,steady,ok,,16,4096,8,2048,64,576,512,10,30,0.07363200187683105,0.07311999797821045,0.0753600001335144,0.07387093380093575,0.0006355438217893236,0.44294301187619567,0.9304480045102537,0.5787240224890411,0.10542900417931378,2.057544043054804,36507222016,262144,495.8064575925555,3560191130.46125,164102144,2228.6796476687423,0.5010676681076862,0.6804276555442227,508544000,549453824,47.0,193.95,1980.0,2619.0,47.0,193.95,1980.0,2619.0,20260803,2026-08-10T05:18:35.206721+00:00
prefillq8_b16_h8192_sparse_q8kv8_steady,full,prefill,sglang_sparse_q8kv8_fp8,steady,ok,,16,8192,8,2048,64,576,512,10,30,0.0796160027384758,0.07843200117349625,0.081727996468544,0.07978453313310942,0.0009139887453146071,0.4549550067167729,0.9275730117224157,0.7615350186824799,0.11146601173095405,2.2555290488526225,36507222016,262144,458.5412575398897,3292604388.3551364,164102144,2061.1703471103156,0.46340703136926703,0.629286182259784,734667776,769654784,46.0,183.14,1980.0,2619.0,46.0,183.14,1980.0,2619.0,20260803,2026-08-10T05:18:35.290692+00:00
prefillq8_b16_h16384_sparse_q8kv8_steady,full,prefill,sglang_sparse_q8kv8_fp8,steady,ok,,16,16384,8,2048,64,576,512,10,30,0.08524800091981888,0.08460800349712372,0.08832000195980072,0.08551253353555997,0.0010016544345367903,0.5834820040035993,0.9215559985022992,1.1338049953337759,0.11694300337694585,2.75578600121662,36507222016,262144,428.2472506345028,3075075041.8952694,164102144,1924.9969762264386,0.43279156203587954,0.5877117336417466,810165248,845152256,46.0,183.14,1980.0,2619.0,46.0,184.99,1980.0,2619.0,20260803,2026-08-10T05:18:35.349999+00:00
prefillq8_b16_h32768_sparse_q8kv8_steady,full,prefill,sglang_sparse_q8kv8_fp8,steady,ok,,16,32768,8,2048,64,576,512,10,30,0.09027200192213058,0.0888959988951683,0.09279999881982803,0.09055146649479866,0.0011692901935544794,0.501404982060194,0.9410830098204315,1.9999550131615251,0.12010199134238064,3.5625449963845313,36507222016,262144,404.4135638809855,2903934713.070036,164102144,1817.8631303818424,0.40870496602424006,0.5550032052385161,961160192,996147200,46.0,184.99,1980.0,2619.0,46.0,184.99,1980.0,2619.0,20260803,2026-08-10T05:18:35.442253+00:00
prefillq8_b16_h65536_sparse_q8kv8_steady,full,prefill,sglang_sparse_q8kv8_fp8,steady,ok,,16,65536,8,2048,64,576,512,10,30,0.09212800115346909,0.09027200192213058,0.0950080007314682,0.09234240005413691,0.0015688086854602837,0.7639449904672801,0.957821001065895,3.565115010133013,0.1319680013693869,5.418849003035575,36507222016,262144,396.266298616263,2845432406.1944437,164102144,1781.2406862777216,0.40047124670668316,0.5438221798237005,1263150080,1298137088,45.0,187.26,1980.0,2619.0,45.0,187.26,1980.0,2619.0,20260803,2026-08-10T05:18:35.491686+00:00
prefillq8_b16_h131072_sparse_q8kv8_steady,full,prefill,sglang_sparse_q8kv8_fp8,steady,ok,,16,131072,8,2048,64,576,512,10,30,0.0928959995508194,0.09132800251245499,0.09593600034713745,0.09315519978602728,0.0012671181501176375,0.7965999830048531,8.36134297423996,6.781480013160035,0.12100700405426323,16.06042997445911,36507222016,262144,392.99024923057607,2821908384.2958417,164102144,1766.5146485691969,0.39716043378532195,0.5393262428127674,1867129856,1902116864,45.0,187.26,1980.0,2619.0,45.0,187.26,1980.0,2619.0,20260803,2026-08-10T05:18:35.556859+00:00
prefillq8_b16_h262144_sparse_q8kv8_steady,full,prefill,sglang_sparse_q8kv8_fp8,steady,ok,,16,262144,8,2048,64,576,512,10,30,0.09446399658918381,0.09139200299978256,0.09644799679517746,0.09412266661723455,0.0015311777309639577,0.9377599926665425,0.9175309969577938,13.252756994916126,0.12307800352573395,15.231125988066196,36507222016,262144,386.4670491845366,2775067850.877015,164102144,1737.1924746490115,0.3905680133244433,0.5303740284032888,3075089408,3110076416,47.0,196.21,1980.0,2619.0,45.0,195.71,1980.0,2619.0,20260803,2026-08-10T05:18:35.610418+00:00
prefillq8_b16_h524288_sparse_q8kv8_steady,full,prefill,sglang_sparse_q8kv8_fp8,steady,ok,,16,524288,8,2048,64,576,512,10,30,0.0944959968328476,0.09276799857616425,0.09705600142478943,0.09476160009702046,0.0014291779171557266,1.3077140029054135,1.0054449958261102,26.14133499446325,0.1287969935219735,28.583290986716747,36507222016,262144,386.33617549510615,2774128098.3966146,164102144,1736.6041895962805,0.3904357508793392,0.5301944218727406,5491008512,5525995520,45.0,195.71,1980.0,2619.0,46.0,206.5,1980.0,2619.0,20260803,2026-08-10T05:18:35.761498+00:00
prefillq16_b16_h2048_sparse_q8kv8_steady,full,prefill,sglang_sparse_q8kv8_fp8,steady,ok,,16,2048,16,2048,64,576,512,10,30,0.12451200187206268,0.12310399860143661,0.12828800082206726,0.12477013369401296,0.0012989244858582316,1.243437989614904,0.8064970024861395,0.6483809847850353,0.15216399333439767,2.8504799702204764,73014444032,524288,586.4048680786857,4210742676.346262,328204288,2635.92491539276,0.5926274563705768,0.8047617845155116,408912896,467664896,46.0,206.5,1980.0,2619.0,46.0,206.5,1980.0,2619.0,20260803,2026-08-10T05:18:35.830851+00:00
prefillq16_b16_h4096_sparse_q8kv8_steady,full,prefill,sglang_sparse_q8kv8_fp8,steady,ok,,16,4096,16,2048,64,576,512,10,30,0.12614400684833527,0.12534399330615997,0.12777599692344666,0.1262826681137085,0.0007928560673272542,0.5310879787430167,0.7945209799800068,0.6681850063614547,0.15417899703606963,2.147972962120548,73014444032,524288,578.8181765922999,4156265629.2530723,328204288,2601.8222839124232,0.5849602593151085,0.7943500711899442,522159104,580911104,46.0,211.25,1980.0,2619.0,45.0,210.42,1980.0,2619.0,20260803,2026-08-10T05:18:35.898355+00:00
prefillq16_b16_h8192_sparse_q8kv8_steady,full,prefill,sglang_sparse_q8kv8_fp8,steady,ok,,16,8192,16,2048,64,576,512,10,30,0.13651199638843536,0.13555200397968292,0.13817599415779114,0.13651306678851446,0.0009316133886722868,9.946119011146948,0.8016189967747778,0.8434749906882644,0.169716018717736,11.760929017327726,73014444032,524288,534.8573456082386,3840600195.3716583,328204288,2404.2157223026584,0.5405329414939248,0.7340197453053185,747914240,801112064,45.0,210.42,1980.0,2619.0,45.0,197.03,1980.0,2619.0,20260803,2026-08-10T05:18:36.025283+00:00
prefillq16_b16_h16384_sparse_q8kv8_steady,full,prefill,sglang_sparse_q8kv8_fp8,steady,ok,,16,16384,16,2048,64,576,512,10,30,0.14694400131702423,0.14556799829006195,0.14905600249767303,0.14713706622521083,0.0009690411383301852,0.5746329843532294,0.787961995229125,1.2205190141685307,0.17929001478478312,2.7624040085356683,73014444032,524288,496.886183699837,3567944218.8924417,328204288,2233.5330810266682,0.5021588516420789,0.6819094343564123,823411712,876609536,45.0,197.03,1980.0,2619.0,45.0,194.92,1980.0,2619.0,20260803,2026-08-10T05:18:36.153622+00:00
prefillq16_b16_h32768_sparse_q8kv8_steady,full,prefill,sglang_sparse_q8kv8_fp8,steady,ok,,16,32768,16,2048,64,576,512,10,30,0.15436799824237823,0.1528960019350052,0.15705600380897522,0.15444906651973725,0.0013222816613749514,0.6198880146257579,0.7895870076026767,2.079230995150283,0.1838049793150276,3.6725109966937453,73014444032,524288,472.98951118973275,3396351614.1266427,328204288,2126.116110443278,0.4780086015055409,0.649114466476586,974406656,1027604480,45.0,194.92,1980.0,2619.0,45.0,199.08,1980.0,2619.0,20260803,2026-08-10T05:18:36.254041+00:00
prefillq16_b16_h65536_sparse_q8kv8_steady,full,prefill,sglang_sparse_q8kv8_fp8,steady,ok,,16,65536,16,2048,64,576,512,10,30,0.15929600596427917,0.15699200332164764,0.17523199319839478,0.16189119964838028,0.0058468841348914315,0.8278540044557303,0.8039929962251335,3.6192239786032587,0.19270801567472517,5.443778994958848,73014444032,524288,458.3570290417256,3291281515.9820595,328204288,2060.3422290047693,0.46322084794514967,0.6290333534327879,1276396544,1329594368,45.0,199.08,1980.0,2619.0,45.0,201.35,1980.0,2619.0,20260803,2026-08-10T05:18:36.345115+00:00
prefillq16_b16_h131072_sparse_q8kv8_steady,full,prefill,sglang_sparse_q8kv8_fp8,steady,ok,,16,131072,16,2048,64,576,512,10,30,0.16598400473594666,0.16355200111865997,0.16991999745368958,0.16646400094032288,0.001794188236831116,0.9203770023304969,0.8329089905600995,6.895965023431927,0.197772984392941,8.847024000715464,73014444032,524288,439.8884347208878,3158665805.383213,328204288,1977.3247941698914,0.4445562756148437,0.6036876925554704,1880376320,1933574144,45.0,201.35,1980.0,2619.0,45.0,204.95,1980.0,2619.0,20260803,2026-08-10T05:18:36.431127+00:00
prefillq16_b16_h262144_sparse_q8kv8_steady,full,prefill,sglang_sparse_q8kv8_fp8,steady,ok,,16,262144,16,2048,64,576,512,10,30,0.17027199268341064,0.16767999529838562,0.17420800030231476,0.17035733262697855,0.0017879620323582356,1.0891490092035383,0.8185249753296375,13.324903004104272,0.2018899831455201,15.434466971782967,73014444032,524288,428.81065101385695,3079120598.3876443,328204288,1927.5294945906653,0.43336094089323596,0.5884849248605905,3088335872,3141533696,45.0,204.95,1980.0,2619.0,45.0,195.5,1980.0,2619.0,20260803,2026-08-10T05:18:36.570061+00:00
prefillq16_b16_h524288_sparse_q8kv8_steady,full,prefill,sglang_sparse_q8kv8_fp8,steady,ok,,16,524288,16,2048,64,576,512,10,30,0.16998399794101715,0.16780799627304077,0.17292800545692444,0.17005120118459066,0.0016339304775623525,1.4726580120623112,0.9410719794686884,26.379910996183753,0.2026410074904561,28.99628199520521,73014444032,524288,429.53716182940536,3084337386.757564,328204288,1930.795204110235,0.4340951610201166,0.5894819632076733,5504254976,5557452800,45.0,195.5,1980.0,2619.0,46.0,204.8,1980.0,2619.0,20260803,2026-08-10T05:18:36.647963+00:00
prefillq32_b16_h2048_sparse_q8kv8_steady,full,prefill,sglang_sparse_q8kv8_fp8,steady,ok,,16,2048,32,2048,64,576,512,10,30,0.22908799350261688,0.2280000001192093,0.23151999711990356,0.22924053370952607,0.0009186725280502954,1.2233040179125965,2.208416990470141,0.6518849986605346,0.25762899895198643,4.341235005995259,146028888064,1048576,637.4357984951835,4577175712.999652,656408576,2865.311996337782,0.6441998974180733,0.8747948706357261,436143104,520093696,46.0,204.8,1980.0,2619.0,48.0,208.74,1980.0,2619.0,20260803,2026-08-10T05:18:36.795623+00:00
prefillq32_b16_h4096_sparse_q8kv8_steady,full,prefill,sglang_sparse_q8kv8_fp8,steady,ok,,16,4096,32,2048,64,576,512,10,30,0.23129600286483765,0.23043200373649597,0.23398399353027344,0.23155733346939086,0.0008530293251891836,0.5313490109983832,0.9691040031611919,0.7621999830007553,0.2633840194903314,2.526037016650662,146028888064,1048576,631.3506772935235,4533480851.429828,656408576,2837.9590129950716,0.638050204440145,0.866443860499528,549389312,654311424,48.0,208.74,1980.0,2619.0,46.0,202.38,1980.0,2619.0,20260803,2026-08-10T05:18:36.862452+00:00
prefillq32_b16_h8192_sparse_q8kv8_steady,full,prefill,sglang_sparse_q8kv8_fp8,steady,ok,,16,8192,32,2048,64,576,512,10,30,0.23350399732589722,0.23270399868488312,0.23577600717544556,0.23367253442605337,0.0008158417265224905,0.5741500062867999,0.9836009994614869,0.9119629976339638,0.2667210064828396,2.7364350098650903,146028888064,1048576,625.3806775743979,4490612631.939323,656408576,2811.1235075940162,0.6320168545471428,0.858250839109269,774407168,874512384,46.0,202.08,1980.0,2619.0,46.0,202.08,1980.0,2619.0,20260803,2026-08-10T05:18:36.968418+00:00
prefillq32_b16_h16384_sparse_q8kv8_steady,full,prefill,sglang_sparse_q8kv8_fp8,steady,ok,,16,16384,32,2048,64,576,512,10,30,0.2513920068740845,0.2507520020008087,0.2534720003604889,0.2517728020747503,0.0010506953965923372,0.6476580165326595,1.0513630113564432,1.3950389984529465,0.2925269945990294,3.3865870209410787,146028888064,1048576,580.8811898189824,4171079315.6808825,656408576,2611.0956516162323,0.5870451640414173,0.7971812792786896,849904640,950009856,45.0,204.32,1980.0,2619.0,45.0,209.22,1980.0,2619.0,20260803,2026-08-10T05:18:37.103670+00:00
prefillq32_b16_h32768_sparse_q8kv8_steady,full,prefill,sglang_sparse_q8kv8_fp8,steady,ok,,16,32768,32,2048,64,576,512,10,30,0.2694079875946045,0.2677760124206543,0.27161601185798645,0.2694570690393448,0.0010979841348998393,0.623927975539118,1.045445998897776,2.202014991780743,0.3113730053883046,4.182761971605942,146028888064,1048576,542.0362230823647,3892148890.469646,656408576,2436.485205433998,0.5477879970514045,0.7438717887677557,1000899584,1101004800,45.0,209.22,1980.0,2619.0,45.0,212.04,1980.0,2619.0,20260803,2026-08-10T05:18:37.234817+00:00
prefillq32_b16_h65536_sparse_q8kv8_steady,full,prefill,sglang_sparse_q8kv8_fp8,steady,ok,,16,65536,32,2048,64,576,512,10,30,0.2915840148925781,0.2895680069923401,0.29398399591445923,0.29172800381978353,0.001254565761822786,0.8355409954674542,1.020068011712283,3.730632975930348,0.32804199145175517,5.91428397456184,146028888064,1048576,500.8123923315831,3596136778.575821,656408576,2251.181623388464,0.5061267229222669,0.6872976274579066,1302889472,1402994688,45.0,212.04,1980.0,2619.0,45.0,208.68,1980.0,2619.0,20260803,2026-08-10T05:18:37.354233+00:00
prefillq32_b16_h131072_sparse_q8kv8_steady,full,prefill,sglang_sparse_q8kv8_fp8,steady,ok,,16,131072,32,2048,64,576,512,10,30,0.2938559949398041,0.2911680042743683,0.2964160144329071,0.29399573306242627,0.0012581458666469849,0.899536011274904,1.009496976621449,7.003551989328116,0.3304269921500236,9.243011969374493,146028888064,1048576,496.9403060635662,3568332850.295598,656408576,2233.7763642850446,0.502213548320936,0.6819837100188222,1906869248,2006974464,45.0,208.68,1980.0,2619.0,46.0,211.5,1980.0,2619.0,20260803,2026-08-10T05:18:37.463277+00:00
prefillq32_b16_h262144_sparse_q8kv8_steady,full,prefill,sglang_sparse_q8kv8_fp8,steady,ok,,16,262144,32,2048,64,576,512,10,30,0.31318399310112,0.3118079900741577,0.3160319924354553,0.3133855998516083,0.001184638878239539,1.0361630120314658,4.715199000202119,13.423947006231174,0.34857800346799195,19.52388702193275,146028888064,1048576,466.2718762157509,3348114919.9775314,656408576,2095.9199399059344,0.4712196828860545,0.6398954162884487,3114828800,3214934016,46.0,211.5,1980.0,2619.0,46.0,228.64,1980.0,2619.0,20260803,2026-08-10T05:18:37.541906+00:00
prefillq32_b16_h524288_sparse_q8kv8_steady,full,prefill,sglang_sparse_q8kv8_fp8,steady,ok,,16,524288,32,2048,64,576,512,10,30,0.3178879916667938,0.3160319924354553,0.3203519880771637,0.3182101319233576,0.0013586986209539224,1.386283984174952,0.9660179784987122,26.1569730064366,0.3475809935480356,28.8568559626583,146028888064,1048576,459.3721433084696,3298570652.20351,656408576,2064.9052282793973,0.46424673401563377,0.6304264611869385,5530747904,5630853120,46.0,228.64,1980.0,2619.0,46.0,241.11,1980.0,2619.0,20260803,2026-08-10T05:18:37.627019+00:00
prefillq64_b16_h2048_sparse_q8kv8_steady,full,prefill,sglang_sparse_q8kv8_fp8,steady,ok,,16,2048,64,2048,64,576,512,10,30,0.43398401141166687,0.4328640103340149,0.43564799427986145,0.4340394675731659,0.0009320723529889779,1.4515600050799549,0.9329140011686832,0.5322170036379248,0.458958005765453,3.375649015652016,292057776128,2097152,672.9689768477691,4832325488.624261,1312817152,3025.0357558787878,0.6801101332468612,0.9235593771689456,582026240,585105408,46.0,241.11,1980.0,2619.0,46.0,241.11,1980.0,2619.0,20260803,2026-08-10T05:18:37.734317+00:00
prefillq64_b16_h4096_sparse_q8kv8_steady,full,prefill,sglang_sparse_q8kv8_fp8,steady,ok,,16,4096,64,2048,64,576,512,10,30,0.4328320026397705,0.4317759871482849,0.4344959855079651,0.43299519817034404,0.0009179911662111322,0.5834650073666126,0.9668929851613939,0.8705169893801212,0.46369299525395036,2.884567977162078,292057776128,2097152,674.7601248216124,4845187017.618425,1312817152,3033.087073029134,0.6819202878439742,0.926017486775853,605684736,759169024,46.0,239.77,1980.0,2619.0,46.0,239.77,1980.0,2619.0,20260803,2026-08-10T05:18:37.809930+00:00
prefillq64_b16_h8192_sparse_q8kv8_steady,full,prefill,sglang_sparse_q8kv8_fp8,steady,ok,,16,8192,64,2048,64,576,512,10,30,0.4384320080280304,0.4370560050010681,0.4410879909992218,0.4385920037825902,0.0010853615994808404,0.5779329803772271,0.9665460092946887,0.9640550124458969,0.46926800860092044,2.977802010718733,292057776128,2097152,666.1415471046718,4783300401.429456,1312817152,2994.3460512948395,0.6732102547798603,0.9141896484323622,827393024,943718400,50.0,243.39,1980.0,2619.0,50.0,243.39,1980.0,2619.0,20260803,2026-08-10T05:18:37.905408+00:00
prefillq64_b16_h16384_sparse_q8kv8_steady,full,prefill,sglang_sparse_q8kv8_fp8,steady,ok,,16,16384,64,2048,64,576,512,10,30,0.44921600818634033,0.44787201285362244,0.45100799202919006,0.4493728001912435,0.0010438839031796307,0.5779249768238515,0.9423639858141541,1.356290013063699,0.4803309857379645,3.356909961439669,292057776128,2097152,650.149974189813,4668471207.130436,1312817152,2922.4629756636527,0.6570489885697958,0.892243366167794,902890496,1019215872,50.0,243.39,1980.0,2619.0,50.0,252.15,1980.0,2619.0,20260803,2026-08-10T05:18:37.982970+00:00
prefillq64_b16_h32768_sparse_q8kv8_steady,full,prefill,sglang_sparse_q8kv8_fp8,steady,ok,,16,32768,64,2048,64,576,512,10,30,0.4774079918861389,0.47539201378822327,0.47920000553131104,0.47738879919052124,0.0010566953929982874,0.6120259931776673,0.925094005651772,2.2580849763471633,0.5070430052001029,4.3022479803767055,292057776128,2097152,611.757199484954,4392787795.014893,1312817152,2749.885159679323,0.6182488120110702,0.8395544483809818,1053885440,1170210816,50.0,252.15,1980.0,2619.0,49.0,265.26,1980.0,2619.0,20260803,2026-08-10T05:18:38.045625+00:00
prefillq64_b16_h65536_sparse_q8kv8_steady,full,prefill,sglang_sparse_q8kv8_fp8,steady,ok,,16,65536,64,2048,64,576,512,10,30,0.5222399830818176,0.5192639827728271,0.5247039794921875,0.5221610685189565,0.0015290749713459464,0.8362499938812107,0.929169007577002,3.743196022696793,0.5536910030059516,6.0623060271609575,292057776128,2097152,559.240551450164,4015686404.599638,1312817152,2513.8196892793735,0.5651748877717676,0.7674824147232061,1355875328,1472200704,49.0,265.26,1980.0,2619.0,47.0,280.0,1980.0,2619.0,20260803,2026-08-10T05:18:38.125006+00:00
prefillq64_b16_h131072_sparse_q8kv8_steady,full,prefill,sglang_sparse_q8kv8_fp8,steady,ok,,16,131072,64,2048,64,576,512,10,30,0.5518720149993896,0.5488640069961548,0.5543040037155151,0.5517237385114034,0.0015336106224069642,9.080724994419143,0.9420179994776845,6.938640988664702,0.5867709987796843,17.548154981341213,292057776128,2097152,529.2128757938976,3800069478.069692,1312817152,2378.8434932716273,0.5348285758402199,0.7262734699114666,1959855104,2076180480,47.0,280.0,1980.0,2619.0,47.0,274.9,1980.0,2619.0,20260803,2026-08-10T05:18:38.253726+00:00
prefillq64_b16_h262144_sparse_q8kv8_steady,full,prefill,sglang_sparse_q8kv8_fp8,steady,ok,,16,262144,64,2048,64,576,512,10,30,0.584991991519928,0.5829439759254456,0.5877760052680969,0.5853280007839203,0.0016545314158718891,1.0924889938905835,0.963728001806885,13.440562994219363,0.6184929807204753,16.115272970637307,292057776128,2097152,499.2508963570161,3584924290.2474155,1312817152,2244.162605694882,0.5045486572582275,0.685154684321838,3167814656,3284140032,49.0,289.66,1980.0,2619.0,49.0,289.66,1980.0,2619.0,20260803,2026-08-10T05:18:38.385262+00:00
prefillq64_b16_h524288_sparse_q8kv8_steady,full,prefill,sglang_sparse_q8kv8_fp8,steady,ok,,16,524288,64,2048,64,576,512,10,30,0.5965759754180908,0.5935999751091003,0.5999040007591248,0.5964085280895233,0.001788963443883824,1.4508699823636562,0.9353990026284009,26.230763003695756,0.6243819952942431,29.241413983982056,292057776128,2097152,489.55671727028704,3515314203.744593,1312817152,2200.586691544115,0.49475160916653566,0.6718507278134105,5583733760,5700059136,46.0,297.6,1980.0,2619.0,46.0,297.6,1980.0,2619.0,20260803,2026-08-10T05:18:38.519288+00:00
prefillq128_b16_h2048_sparse_q8kv8_steady,full,prefill,sglang_sparse_q8kv8_fp8,steady,ok,,16,2048,128,2048,64,576,512,10,30,0.8407359719276428,0.838591992855072,0.8437439799308777,0.8408778667449951,0.0013777487650447945,1.280740980291739,1.1691119871102273,0.6610440032090992,0.8638419967610389,3.9747389673721045,584115552256,4194304,694.7669324969378,4988848033.209859,2625634304,3123.0188687893715,0.7021393961565819,0.9534741385257035,877659136,878706688,47.0,309.98,1980.0,2619.0,47.0,309.98,1980.0,2619.0,20260803,2026-08-10T05:18:38.614987+00:00
prefillq128_b16_h4096_sparse_q8kv8_steady,full,prefill,sglang_sparse_q8kv8_fp8,steady,ok,,16,4096,128,2048,64,576,512,10,30,0.8390399813652039,0.8376960158348083,0.8416000008583069,0.8392501374085745,0.0011349179247542383,0.718310009688139,1.160942018032074,0.7605470018461347,0.8655859855934978,3.5053850151598454,584115552256,4194304,696.1712972313719,4998932223.915526,2625634304,3129.3315721711197,0.7035586631949186,0.9554014401756656,896533504,897581056,47.0,303.91,1980.0,2619.0,48.0,313.88,1980.0,2619.0,20260803,2026-08-10T05:18:38.717101+00:00
prefillq128_b16_h8192_sparse_q8kv8_steady,full,prefill,sglang_sparse_q8kv8_fp8,steady,ok,,16,8192,128,2048,64,576,512,10,30,0.8409280180931091,0.8393279910087585,0.8425599932670593,0.8410687943299612,0.0011041791574237928,0.6537550070788711,1.2605829979293048,1.0090249998029321,0.872926990268752,3.79628999507986,584115552256,4194304,694.6082657354456,4987708709.6122875,2625634304,3122.305652217292,0.7019790457154579,0.9532563897431258,934282240,935329792,48.0,304.98,1980.0,2619.0,48.0,304.98,1980.0,2619.0,20260803,2026-08-10T05:18:38.870745+00:00
prefillq128_b16_h16384_sparse_q8kv8_steady,full,prefill,sglang_sparse_q8kv8_fp8,steady,ok,,16,16384,128,2048,64,576,512,10,30,0.8480640053749084,0.8470079898834229,0.8503040075302124,0.8482965350151062,0.000952324945448223,0.6072719988878816,1.2074369878973812,1.3939810160081834,0.8769669802859426,4.085656983079389,584115552256,4194304,688.7635232175392,4945739912.809765,2625634304,3096.033185418913,0.6960722821804337,0.9452352670090067,1009779712,1010827264,48.0,304.98,1980.0,2619.0,49.0,314.12,1980.0,2619.0,20260803,2026-08-10T05:18:38.985418+00:00
prefillq128_b16_h32768_sparse_q8kv8_steady,full,prefill,sglang_sparse_q8kv8_fp8,steady,ok,,16,32768,128,2048,64,576,512,10,30,0.8883519768714905,0.8862400054931641,0.8926399946212769,0.8886869351069132,0.0016726083634966567,0.6549179961439222,1.163188018836081,2.202589006628841,0.9185810049530119,4.939276026561856,584115552256,4194304,657.5271598010959,4721443874.950424,2625634304,2955.623865718966,0.6645044565953471,0.9023675608674219,1160774656,1161822208,49.0,314.12,1980.0,2619.0,52.0,319.58,1980.0,2619.0,20260803,2026-08-10T05:18:39.104943+00:00
prefillq128_b16_h65536_sparse_q8kv8_steady,full,prefill,sglang_sparse_q8kv8_fp8,steady,ok,,16,65536,128,2048,64,576,512,10,30,0.9716479778289795,0.9681280255317688,0.9744960069656372,0.9714304029941558,0.0022017837512279845,0.8372779993806034,1.1824190150946379,3.788661997532472,0.9999150061048567,6.80827401811257,584115552256,4194304,601.1596438054962,4316690916.572095,2625634304,2702.2485137741314,0.6075388012182883,0.8250107290424198,1462764544,1463812096,52.0,319.58,1980.0,2619.0,52.0,324.51,1980.0,2619.0,20260803,2026-08-10T05:18:39.180684+00:00
prefillq128_b16_h131072_sparse_q8kv8_steady,full,prefill,sglang_sparse_q8kv8_fp8,steady,ok,,16,131072,128,2048,64,576,512,10,30,1.0377600193023682,1.0353920459747314,1.041632056236267,1.0382879972457886,0.0017479751797022532,0.9109169768635184,1.1654320114757866,7.064935984089971,1.0690469935070723,10.210331965936348,584115552256,4194304,562.8618769189725,4041689718.225618,2625634304,2530.0977636092366,0.5688346406457528,0.7724521967035949,2066744320,2067791872,53.0,345.73,1980.0,2619.0,53.0,345.73,1980.0,2619.0,20260803,2026-08-10T05:18:39.317185+00:00
prefillq128_b16_h262144_sparse_q8kv8_steady,full,prefill,sglang_sparse_q8kv8_fp8,steady,ok,,16,262144,128,2048,64,576,512,10,30,1.1164480447769165,1.1115200519561768,1.1201599836349487,1.1163626710573833,0.0023635147129519632,1.0577350039966404,1.1643670150078833,13.57872798689641,1.145434012869373,16.946264018770307,584115552256,4194304,523.1909850070231,3756828649.2347136,2625634304,2351.7747344209306,0.5287427842415594,0.7180092350123245,3274703872,3275751424,48.0,359.7,1980.0,2619.0,49.0,373.86,1965.0,2619.0,20260803,2026-08-10T05:18:39.422629+00:00
prefillq128_b16_h524288_sparse_q8kv8_steady,full,prefill,sglang_sparse_q8kv8_fp8,steady,ok,,16,524288,128,2048,64,576,512,10,30,1.1436799764633179,1.1408640146255493,1.1516799926757812,1.1444138646125794,0.003623616694227533,1.4419179933611304,1.2248540006112307,26.544338994426653,1.1700610048137605,30.381171993212774,584115552256,4194304,510.73339070104356,3667375565.121234,2625634304,2295.7771037658927,0.5161529971713427,0.7009128629148386,5690622976,5691670528,49.0,373.86,1965.0,2619.0,51.0,368.79,1965.0,2619.0,20260803,2026-08-10T05:18:39.536553+00:00
prefillq256_b16_h2048_sparse_q8kv8_steady,full,prefill,sglang_sparse_q8kv8_fp8,steady,ok,,16,2048,256,2048,64,576,512,10,30,1.6510720252990723,1.6475839614868164,1.6640640497207642,1.653054932753245,0.004952117956699592,2.4819560057949275,1.6908539982978255,1.0665890004020184,1.6876809822861105,6.927079986780882,1168231104512,8388608,707.5591413405413,5080703852.686562,5251268608,3180.5206117817875,0.715067348499789,0.9710297240558906,1088685056,1092616192,51.0,368.79,1965.0,2619.0,53.0,389.31,1965.0,2619.0,20260803,2026-08-10T05:18:39.686561+00:00
prefillq256_b16_h4096_sparse_q8kv8_steady,full,prefill,sglang_sparse_q8kv8_fp8,steady,ok,,16,4096,256,2048,64,576,512,10,30,1.6432000398635864,1.641055941581726,1.6481599807739258,1.6438720027605693,0.0022684260387156557,0.83119299961254,1.7532370111439377,1.1817679915111512,1.677526015555486,5.443724017823115,1168231104512,8388608,710.9488048752622,5105043693.095575,5251268608,3195.75735187783,0.7184929811776273,0.9756815812003357,1107559424,1111490560,51.0,388.27,1965.0,2619.0,48.0,402.18,1965.0,2619.0,20260803,2026-08-10T05:18:39.881961+00:00
prefillq256_b16_h8192_sparse_q8kv8_steady,full,prefill,sglang_sparse_q8kv8_fp8,steady,ok,,16,8192,256,2048,64,576,512,10,30,1.643936038017273,1.6412160396575928,1.6498559713363647,1.6441418766975402,0.0021124494488933545,0.751077983295545,1.6985499823931605,1.397498999722302,1.6727600013837218,5.519886966794729,1168231104512,8388608,710.6305096401356,5102758140.22386,5251268608,3194.3265957801364,0.7181713083781057,0.9752447638146572,1145308160,1149239296,48.0,402.18,1965.0,2619.0,56.0,401.94,1965.0,2619.0,20260803,2026-08-10T05:18:40.049623+00:00
prefillq256_b16_h16384_sparse_q8kv8_steady,full,prefill,sglang_sparse_q8kv8_fp8,steady,ok,,16,16384,256,2048,64,576,512,10,30,1.6528639793395996,1.6506880521774292,1.6575679779052734,1.6536181290944418,0.0020096247127702996,0.7861359918024391,1.6979149950202554,1.7751320265233517,1.684476010268554,5.9436590236146,1168231104512,8388608,706.7920404307956,5075195602.817638,5251268608,3177.072447363842,0.7142921075601775,0.9699769812656525,1220805632,1224736768,59.0,403.64,1935.0,2619.0,50.0,426.73,1965.0,2619.0,20260803,2026-08-10T05:18:40.194755+00:00
prefillq256_b16_h32768_sparse_q8kv8_steady,full,prefill,sglang_sparse_q8kv8_fp8,steady,ok,,16,32768,256,2048,64,576,512,10,30,1.6985599994659424,1.6960320472717285,1.7042880058288574,1.699066662788391,0.002831557415188388,1.0381219908595085,1.7279450257774442,2.589754993095994,1.7299710016231984,7.085793011356145,1168231104512,8388608,687.777355453627,4938658630.038108,5251268608,3091.6003024038555,0.6950756497762779,0.9438818844354311,1371800576,1375731712,55.0,401.81,1965.0,2619.0,49.0,409.78,1965.0,2619.0,20260803,2026-08-10T05:18:40.376894+00:00
prefillq256_b16_h65536_sparse_q8kv8_steady,full,prefill,sglang_sparse_q8kv8_fp8,steady,ok,,16,65536,256,2048,64,576,512,10,30,1.8811839818954468,1.8727359771728516,1.9009599685668945,1.8862111926078797,0.01079144638117651,1.0168279986828566,1.7975269875023514,4.259102017385885,1.9050219852942973,8.97847898886539,1168231104512,8388608,621.008426477729,4459217216.780568,5251268608,2791.4699777046353,0.6275982076581395,0.8522505127367517,1673790464,1677721600,49.0,409.78,1965.0,2619.0,56.0,398.16,1965.0,2619.0,20260803,2026-08-10T05:18:40.566774+00:00
prefillq256_b16_h131072_sparse_q8kv8_steady,full,prefill,sglang_sparse_q8kv8_fp8,steady,ok,,16,131072,256,2048,64,576,512,10,30,2.0242559909820557,1.9818559885025024,2.076479911804199,2.022816010316213,0.037006626452357284,1.0583869880065322,2.019086998188868,7.38751600147225,2.020676009124145,12.485665996791795,1168231104512,8388608,577.1162885111382,4144045040.4349885,5251268608,2594.172195312303,0.5832403117848795,0.7920144587764102,2277770240,2281701376,55.0,419.09,1935.0,2619.0,51.0,417.7,1965.0,2619.0,20260803,2026-08-10T05:18:40.716274+00:00
prefillq256_b16_h262144_sparse_q8kv8_steady,full,prefill,sglang_sparse_q8kv8_fp8,steady,ok,,16,262144,256,2048,64,576,512,10,30,2.168704032897949,2.140511989593506,2.1812798976898193,2.1656959931055706,0.013046678315031554,1.2219709751661867,1.695301994914189,14.127258997177705,2.1963019971735775,19.24083396443166,1168231104512,8388608,538.6770563390069,3868028035.5225105,5251268608,2421.385550237091,0.5443931847791883,0.7392617843663136,3485729792,3489660928,51.0,417.7,1965.0,2619.0,58.0,449.47,1950.0,2619.0,20260803,2026-08-10T05:18:40.864825+00:00
prefillq256_b16_h524288_sparse_q8kv8_steady,full,prefill,sglang_sparse_q8kv8_fp8,steady,ok,,16,524288,256,2048,64,576,512,10,30,2.2354559898376465,2.2305281162261963,2.242432117462158,2.2359381437301638,0.004061496624148156,1.6966749972198159,1.78584799868986,26.560644997516647,2.2621800017077476,32.30534799513407,1168231104512,8388608,522.591860373348,3752526570.9253507,5251268608,2349.0816333992693,0.5281373020448186,0.7171870170608888,5901648896,5905580032,58.0,469.37,1860.0,2619.0,52.0,484.09,1965.0,2619.0,20260803,2026-08-10T05:18:41.020567+00:00
prefillq512_b16_h2048_sparse_q8kv8_steady,full,prefill,sglang_sparse_q8kv8_fp8,steady,ok,,16,2048,512,2048,64,576,512,10,30,3.227583885192871,3.21996808052063,3.2527999877929688,3.231619199117025,0.010936876248795866,1.653679006267339,2.7926689945161343,1.9370260124560446,3.2535759964957833,9.636950009735301,2336462209024,16777216,723.9044102751119,5198072798.96536,10502537216,3253.993572152315,0.7315860639465507,0.9934614065200374,1512571904,1533018112,60.0,479.99,1860.0,2619.0,63.0,516.26,1830.0,2619.0,20260803,2026-08-10T05:18:41.178712+00:00
prefillq512_b16_h4096_sparse_q8kv8_steady,full,prefill,sglang_sparse_q8kv8_fp8,steady,ok,,16,4096,512,2048,64,576,512,10,30,3.239583969116211,3.225600004196167,3.263904094696045,3.245300277074178,0.013851875259242762,1.0073989978991449,2.8970830026082695,2.0920799870509654,3.2540810061618686,9.250642993720248,2336462209024,16777216,721.2229197631847,5178818070.450257,10502537216,3241.940112101861,0.7288761190128192,0.9897814215693491,1531446272,1551892480,63.0,516.26,1830.0,2619.0,62.0,554.79,1860.0,2619.0,20260803,2026-08-10T05:18:41.438396+00:00
prefillq512_b16_h8192_sparse_q8kv8_steady,full,prefill,sglang_sparse_q8kv8_fp8,steady,ok,,16,8192,512,2048,64,576,512,10,30,3.2390079498291016,3.2311038970947266,3.2833919525146484,3.2504309177398683,0.01858029791503522,0.9588950197212398,3.3714759920258075,2.2151489974930882,3.236314019886777,9.781834029126912,2336462209024,16777216,721.3511807364591,5179739062.043737,10502537216,3242.5166528393797,0.7290057410171391,0.9899574424984969,1569195008,1589641216,62.0,554.79,1860.0,2619.0,63.0,566.41,1860.0,2619.0,20260803,2026-08-10T05:18:41.635995+00:00
prefillq512_b16_h16384_sparse_q8kv8_steady,full,prefill,sglang_sparse_q8kv8_fp8,steady,ok,,16,16384,512,2048,64,576,512,10,30,3.2692480087280273,3.25433611869812,3.2874560356140137,3.27051199277242,0.012893785008229847,1.0269740014337003,3.18263701046817,2.6950780011247844,3.259522985899821,10.164211998926476,2336462209024,16777216,714.6787893687674,5131827244.43336,10502537216,3212.523855015283,0.7222625461028473,0.9808004830727629,1644692480,1665138688,63.0,566.41,1860.0,2619.0,64.0,578.16,1860.0,2619.0,20260803,2026-08-10T05:18:41.867412+00:00
prefillq512_b16_h32768_sparse_q8kv8_steady,full,prefill,sglang_sparse_q8kv8_fp8,steady,ok,,16,32768,512,2048,64,576,512,10,30,3.3075199127197266,3.3037118911743164,3.362175941467285,3.314732789993286,0.017319357344591252,1.0232949862256646,2.9483679973054677,3.3862849813885987,3.332137974211946,10.690085939131677,2336462209024,16777216,706.4091133778724,5072445954.287342,10502537216,3175.351167383876,0.7139051171075012,0.9694514654058345,1795687424,1816133632,64.0,578.16,1860.0,2619.0,63.0,579.87,1845.0,2619.0,20260803,2026-08-10T05:18:42.061325+00:00
prefillq512_b16_h65536_sparse_q8kv8_steady,full,prefill,sglang_sparse_q8kv8_fp8,steady,ok,,16,65536,512,2048,64,576,512,10,30,3.581376075744629,3.5734400749206543,3.668351888656616,3.5958869298299154,0.03244266950045926,1.1304939980618656,2.810471021803096,4.978209006367251,3.607922000810504,12.527096027042717,2336462209024,16777216,652.3923094388265,4684572534.458486,10502537216,2932.5424065710117,0.6593151181797134,0.8953206696055888,2097677312,2118123520,65.0,555.92,1935.0,2619.0,53.0,567.63,1875.0,2619.0,20260803,2026-08-10T05:18:42.256981+00:00
prefillq512_b16_h131072_sparse_q8kv8_steady,full,prefill,sglang_sparse_q8kv8_fp8,steady,ok,,16,131072,512,2048,64,576,512,10,30,3.9381439685821533,3.8639678955078125,3.99401593208313,3.9271978537241616,0.053076841285972474,1.2191559944767505,2.790138009004295,8.203891018638387,3.909449005732313,16.122634027851745,2336462209024,16777216,593.2901965148812,4260183511.27988,10502537216,2666.8748780612045,0.5995858479180205,0.8142109714184835,2701657088,2722103296,64.0,592.77,1800.0,2619.0,65.0,622.23,1710.0,2619.0,20260803,2026-08-10T05:18:42.522694+00:00
prefillq512_b16_h262144_sparse_q8kv8_steady,full,prefill,sglang_sparse_q8kv8_fp8,steady,ok,,16,262144,512,2048,64,576,512,10,30,4.278495788574219,4.237887859344482,4.295968055725098,4.273849598566691,0.02157572656905496,1.4080789987929165,2.8118499903939664,14.424099994357675,4.209423990687355,22.853452974231914,2336462209024,16777216,546.0943108238073,3921288422.1608405,10502537216,2454.726552272686,0.5518891468658992,0.7494409682038405,3909616640,3930062848,65.0,622.23,1710.0,2619.0,63.0,627.1,1815.0,2619.0,20260803,2026-08-10T05:18:42.751164+00:00
prefillq512_b16_h524288_sparse_q8kv8_steady,full,prefill,sglang_sparse_q8kv8_fp8,steady,ok,,16,524288,512,2048,64,576,512,10,30,4.457632064819336,4.444416046142578,4.493567943572998,4.466715733210246,0.019014695609551848,1.920768991112709,2.759144001174718,27.27755601517856,4.476578993489966,36.434048000955954,2336462209024,16777216,524.1487352587712,3763705877.030469,10502537216,2356.079879021074,0.529710697583397,0.7193236183738446,6325535744,6345981952,63.0,627.1,1815.0,2619.0,63.0,631.79,1800.0,2619.0,20260803,2026-08-10T05:18:42.978477+00:00
prefillq1024_b16_h2048_sparse_q8kv8_steady,full,prefill,sglang_sparse_q8kv8_fp8,steady,ok,,16,2048,1024,2048,64,576,512,10,30,6.4580159187316895,6.402080059051514,6.485856056213379,6.452189874649048,0.025568685580853102,1.9866969960276037,4.8638840089552104,3.4868079819716513,6.394387979526073,16.73177696648054,4672924418048,33554432,723.5851501223506,5195780317.399692,21005074432,3252.5584786922072,0.7312634159902481,0.9930232649147286,2563033088,2778726400,63.0,631.79,1800.0,2619.0,66.0,654.81,1800.0,2619.0,20260803,2026-08-10T05:18:43.277265+00:00
prefillq1024_b16_h4096_sparse_q8kv8_steady,full,prefill,sglang_sparse_q8kv8_fp8,steady,ok,,16,4096,1024,2048,64,576,512,10,30,6.42307186126709,6.407904148101807,6.474624156951904,6.438234663009643,0.025982764371955788,10.596816980978474,5.0961899978574365,3.6533380043692887,6.396426004357636,25.742770987562835,4672924418048,33554432,727.521740217019,5224047422.2844305,21005074432,3270.2536863500536,0.7352417788954209,0.9984257051773261,2581907456,2797600768,67.0,651.3,1890.0,2619.0,67.0,634.76,1890.0,2619.0,20260803,2026-08-10T05:18:43.635121+00:00
prefillq1024_b16_h8192_sparse_q8kv8_steady,full,prefill,sglang_sparse_q8kv8_fp8,steady,ok,,16,8192,1024,2048,64,576,512,10,30,6.4285759925842285,6.416895866394043,6.527520179748535,6.457110373179118,0.04404271578391306,1.3276780082378536,4.904720990452915,3.832533984677866,6.454050017055124,16.51898300042376,4672924418048,33554432,726.8988378512622,5219574605.43473,21005074432,3267.453703002141,0.7346122666510988,0.9975708554877459,2619656192,2835349504,67.0,634.76,1890.0,2619.0,66.0,613.05,1845.0,2619.0,20260803,2026-08-10T05:18:44.074714+00:00
prefillq1024_b16_h16384_sparse_q8kv8_steady,full,prefill,sglang_sparse_q8kv8_fp8,steady,ok,,16,16384,1024,2048,64,576,512,10,30,6.509056091308594,6.496416091918945,6.518784046173096,6.508136510848999,0.009738563284435864,1.2725380074698478,4.909991024760529,4.183939017821103,6.482168973889202,16.848637023940682,4672924418048,33554432,717.9112228403836,5155038077.610751,21005074432,3227.05383658433,0.725529280283359,0.9852365631098687,2695153664,2910846976,66.0,611.45,1830.0,2619.0,68.0,666.19,1815.0,2619.0,20260803,2026-08-10T05:18:44.422896+00:00
prefillq1024_b16_h32768_sparse_q8kv8_steady,full,prefill,sglang_sparse_q8kv8_fp8,steady,ok,,16,32768,1024,2048,64,576,512,10,30,6.629695892333984,6.538559913635254,6.784416198730469,6.668822463353475,0.08654422121027248,2.492494008038193,5.0818770250771195,6.378610996762291,6.573650985956192,20.526633015833795,4672924418048,33554432,704.8474762547362,5061232452.426587,21005074432,3168.3315152190435,0.7123269087971058,0.9673083285623455,2846148608,3061841920,62.0,609.85,1965.0,2619.0,64.0,667.03,1830.0,2619.0,20260803,2026-08-10T05:18:44.762123+00:00
prefillq1024_b16_h65536_sparse_q8kv8_steady,full,prefill,sglang_sparse_q8kv8_fp8,steady,ok,,16,65536,1024,2048,64,576,512,10,30,7.271327972412109,7.190591812133789,7.328192234039307,7.2709514458974205,0.050948338953573986,1.5788429882377386,4.898393002804369,6.595691025722772,7.092232001014054,20.165159017778933,4672924418048,33554432,642.6507559248295,4614622270.829716,21005074432,2888.753541539402,0.649470192950813,0.8819516980696539,3148138496,3363831808,64.0,667.03,1830.0,2619.0,66.0,634.62,1770.0,2619.0,20260803,2026-08-10T05:18:45.206562+00:00
prefillq1024_b16_h131072_sparse_q8kv8_steady,full,prefill,sglang_sparse_q8kv8_fp8,steady,ok,,16,131072,1024,2048,64,576,512,10,30,7.907199859619141,7.871007919311523,7.984096050262451,7.923658657073974,0.034117244672031644,1.7189310165122151,5.130111007019877,9.89109100191854,7.7196859929244965,24.45981901837513,4672924418048,33554432,590.9708241866896,4243529010.9912806,21005074432,2656.4491608805415,0.597241863756129,0.8110279449543497,3752118272,3967811584,55.0,585.57,1905.0,2619.0,65.0,636.35,1755.0,2619.0,20260803,2026-08-10T05:18:45.580960+00:00
prefillq1024_b16_h262144_sparse_q8kv8_steady,full,prefill,sglang_sparse_q8kv8_fp8,steady,ok,,16,262144,1024,2048,64,576,512,10,30,8.54304027557373,8.48083209991455,8.565600395202637,8.53429012298584,0.02813892100305279,1.7242259928025305,5.051315994933248,16.117119987029582,8.332285011420026,31.224946986185387,4672924418048,33554432,546.9861158689407,3927692123.369577,21005074432,2458.735269229355,0.5527904152288435,0.7506648506417763,4960077824,5175771136,58.0,628.57,1755.0,2619.0,65.0,652.3,1755.0,2619.0,20260803,2026-08-10T05:18:46.044174+00:00
prefillq1024_b16_h524288_sparse_q8kv8_steady,full,prefill,sglang_sparse_q8kv8_fp8,steady,ok,,16,524288,1024,2048,64,576,512,10,30,8.954815864562988,8.89020824432373,8.991680145263672,8.954114119211832,0.03190778275237665,2.0931850012857467,5.005175975384191,28.862793988082558,8.859802997903898,44.820957962656394,4672924418048,33554432,521.8336690249797,3747082297.111814,21005074432,2345.6735179919956,0.5273710652096814,0.7161465014449182,7375996928,7591690240,55.0,597.16,1920.0,2619.0,64.0,662.8,1770.0,2619.0,20260803,2026-08-10T05:18:46.487944+00:00
prefillq2048_b16_h2048_sparse_q8kv8_steady,full,prefill,sglang_sparse_q8kv8_fp8,steady,ok,,16,2048,2048,2048,64,576,512,10,30,12.963104248046875,12.855039596557617,15.209919929504395,13.639979712168376,0.9245524728017803,2.055344986729324,16.1002800159622,6.746388011379167,12.77235199813731,37.674365012208,9345848836096,67108864,720.9576238271878,5176913084.696605,42010148864,3240.747591020074,0.7286080079102454,0.9894173385910187,4828252160,5404360704,64.0,662.8,1770.0,2619.0,64.0,691.46,1455.0,2619.0,20260803,2026-08-10T05:18:46.995316+00:00
prefillq2048_b16_h4096_sparse_q8kv8_steady,full,prefill,sglang_sparse_q8kv8_fp8,steady,ok,,16,4096,2048,2048,64,576,512,10,30,13.046591758728027,12.77785587310791,13.07040023803711,12.998556836446125,0.08359848357826494,1.7746349913068116,9.177146013826132,6.966460001422092,12.796373979654163,30.7146149862092,9345848836096,67108864,716.3440850246371,5143785077.440236,42010148864,3220.009458477588,0.7239455129101942,0.9830858773058541,4847126528,5423235072,57.0,662.15,1770.0,2619.0,61.0,673.37,1890.0,2619.0,20260803,2026-08-10T05:18:47.634516+00:00
prefillq2048_b16_h8192_sparse_q8kv8_steady,full,prefill,sglang_sparse_q8kv8_fp8,steady,ok,,16,8192,2048,2048,64,576,512,10,30,12.999391555786133,12.887904167175293,14.053695678710938,13.209686247507731,0.3524548405329349,1.804155996069312,9.198616986395791,7.033019996015355,12.743860017508268,30.779652995988727,9345848836096,67108864,718.9450980062285,5162461928.468437,42010148864,3231.7011672212416,0.726574126332722,0.9866554176738794,4884875264,5460983808,61.0,673.37,1890.0,2619.0,70.0,699.47,1785.0,2619.0,20260803,2026-08-10T05:18:48.259453+00:00
prefillq2048_b16_h16384_sparse_q8kv8_steady,full,prefill,sglang_sparse_q8kv8_fp8,steady,ok,,16,16384,2048,2048,64,576,512,10,30,13.361727714538574,13.048959732055664,13.995231628417969,13.401441033681234,0.27063123079546,1.763748994562775,20.44591901358217,7.5056159985251725,12.894337996840477,42.609622003510594,9345848836096,67108864,699.4491308131512,5022469057.424397,42010148864,3144.0656299476727,0.7068712792452261,0.9598998257556837,4960372736,5536481280,70.0,699.47,1785.0,2619.0,69.0,698.4,1740.0,2619.0,20260803,2026-08-10T05:18:48.871067+00:00
prefillq2048_b16_h32768_sparse_q8kv8_steady,full,prefill,sglang_sparse_q8kv8_fp8,steady,ok,,16,32768,2048,2048,64,576,512,10,30,13.371423721313477,13.173151969909668,14.116671562194824,13.49950278600057,0.2933581107481779,1.9032279960811138,9.2616880137939,8.376776007935405,13.01771801081486,32.55941002862528,9345848836096,67108864,698.9419399819868,5018827119.585729,42010148864,3141.785776860666,0.7063587063991782,0.9592037745791048,5111367680,5687476224,69.0,698.4,1740.0,2619.0,62.0,681.95,1725.0,2619.0,20260803,2026-08-10T05:18:49.524441+00:00
prefillq2048_b16_h65536_sparse_q8kv8_steady,full,prefill,sglang_sparse_q8kv8_fp8,steady,ok,,16,65536,2048,2048,64,576,512,10,30,14.663392066955566,14.380160331726074,14.967391967773438,14.645948759714763,0.21658807407876593,1.9198450027033687,9.374059998663142,9.712294006021693,13.86229001218453,34.868489019572735,9345848836096,67108864,637.3592681298604,4576626178.551961,42010148864,2864.967987773528,0.644122554956908,0.8746898430059782,5413357568,5989466112,62.0,681.95,1725.0,2619.0,68.0,695.25,1710.0,2619.0,20260803,2026-08-10T05:18:50.170964+00:00
prefillq2048_b16_h131072_sparse_q8kv8_steady,full,prefill,sglang_sparse_q8kv8_fp8,steady,ok,,16,131072,2048,2048,64,576,512,10,30,15.974847793579102,15.82748794555664,17.52400016784668,16.193719546000164,0.5355160962732356,2.0138999971095473,9.284920000936836,12.980920990230516,15.298254002118483,39.57799499039538,9345848836096,67108864,585.0352351934428,4200907881.3867383,42010148864,2629.768333748098,0.5912432897356673,0.8028821476556223,6017337344,6593445888,63.0,684.73,1695.0,2619.0,66.0,696.82,1710.0,2619.0,20260803,2026-08-10T05:18:50.851021+00:00
prefillq2048_b16_h262144_sparse_q8kv8_steady,full,prefill,sglang_sparse_q8kv8_fp8,steady,ok,,16,262144,2048,2048,64,576,512,10,30,17.194591522216797,16.994815826416016,17.34239959716797,17.158679580688478,0.10749295792336708,2.108907006913796,9.330770990345627,19.433553999988362,16.70505802030675,47.57829001755454,9345848836096,67108864,543.5342167925543,3902905394.018226,42010148864,2443.21877665541,0.549301886601874,0.7459275835897786,7225296896,7801405440,57.0,657.44,1905.0,2619.0,59.0,678.97,1860.0,2619.0,20260803,2026-08-10T05:18:51.635470+00:00
prefillq2048_b16_h524288_sparse_q8kv8_steady,full,prefill,sglang_sparse_q8kv8_fp8,steady,ok,,16,524288,2048,2048,64,576,512,10,30,17.865983963012695,17.828960418701172,17.909503936767578,17.869178771972656,0.029085304853103615,2.4582709884271026,9.274804004235193,32.3609100014437,17.676065006526187,61.77005000063218,9345848836096,67108864,523.1085427729239,3756236663.9829674,42010148864,2351.4041516533375,0.528659467178296,0.7178960941380843,9641216000,10217324544,59.0,678.97,1860.0,2619.0,65.0,675.44,1755.0,2619.0,20260803,2026-08-10T05:18:52.486974+00:00
prefillq4096_b16_h2048_sparse_q8kv8_steady,full,prefill,sglang_sparse_q8kv8_fp8,steady,ok,,16,2048,4096,2048,64,576,512,10,30,25.969919204711914,25.848064422607422,29.249696731567383,26.931537055969237,1.3950057211524707,2.978431002702564,17.429578001610935,13.358969998080283,25.41902899974957,59.18600800214335,18691697672192,134217728,719.7441595736897,5168199675.247657,84020297728,3235.292996705033,0.7273816670780088,0.9877520221667356,9360787456,10133438464,62.0,659.68,1710.0,2619.0,62.0,684.72,1680.0,2619.0,20260803,2026-08-10T05:18:53.366750+00:00
prefillq4096_b16_h4096_sparse_q8kv8_steady,full,prefill,sglang_sparse_q8kv8_fp8,steady,ok,,16,4096,4096,2048,64,576,512,10,30,26.30713653564453,25.76166343688965,30.781024932861328,27.240171750386555,1.7690851409700148,3.0659510230179876,17.501063004601747,13.373234018217772,25.531552004395053,59.47180005023256,18691697672192,134217728,710.5181381814746,5101951244.984164,84020297728,3193.821479360087,0.7180577444987111,0.9750905491064864,9379661824,10152312832,62.0,684.72,1680.0,2619.0,68.0,694.97,1860.0,2619.0,20260803,2026-08-10T05:18:54.573104+00:00
prefillq4096_b16_h8192_sparse_q8kv8_steady,full,prefill,sglang_sparse_q8kv8_fp8,steady,ok,,16,8192,4096,2048,64,576,512,10,30,26.906944274902344,25.72319984436035,30.9451847076416,27.318107732137044,1.6954805782313875,3.158269973937422,26.687816018238664,13.487865013303235,25.55009798379615,68.88404898927547,18691697672192,134217728,694.679317027717,4988218900.991764,84020297728,3122.625032020844,0.7020508509628267,0.9533538980822838,9417410560,10190061568,68.0,694.97,1860.0,2619.0,67.0,704.41,1785.0,2619.0,20260803,2026-08-10T05:18:55.784692+00:00
prefillq4096_b16_h16384_sparse_q8kv8_steady,full,prefill,sglang_sparse_q8kv8_fp8,steady,ok,,16,16384,4096,2048,64,576,512,10,30,26.19251251220703,25.908384323120117,31.08016014099121,27.394426790873208,1.887697926459661,3.278215997852385,17.683399986708537,14.050589001271874,25.658078986452892,60.67028397228569,18691697672192,134217728,713.6275171570778,5124278472.233153,84020297728,3207.798323617954,0.7212001184002808,0.9793577534039885,9492908032,10265559040,67.0,646.11,1965.0,2619.0,65.0,710.04,1740.0,2619.0,20260803,2026-08-10T05:18:57.004882+00:00
prefillq4096_b16_h32768_sparse_q8kv8_steady,full,prefill,sglang_sparse_q8kv8_fp8,steady,ok,,16,32768,4096,2048,64,576,512,10,30,27.170591354370117,26.364992141723633,31.102624893188477,27.837991523742676,1.7582396786889554,2.821764996042475,17.756907996954396,14.827093982603401,26.00880598765798,61.41457296325825,18691697672192,134217728,687.9385666806854,4939816224.441961,84020297728,3092.324956500668,0.6952385716833607,0.9441031251546572,9643902976,10416553984,62.0,685.06,1875.0,2619.0,66.0,691.44,1800.0,2619.0,20260803,2026-08-10T05:18:58.270734+00:00
prefillq4096_b16_h65536_sparse_q8kv8_steady,full,prefill,sglang_sparse_q8kv8_fp8,steady,ok,,16,65536,4096,2048,64,576,512,10,30,29.45840072631836,28.734464645385742,33.60559844970703,30.255420939127603,1.7127445237993821,3.197158017428592,17.954084993107244,16.362169000785798,28.07897698949091,65.59238900081255,18691697672192,134217728,634.5116235550661,4556178363.073487,84020297728,2852.167655284003,0.6412446928297788,0.8707818339589423,9945892864,10718543872,66.0,691.44,1800.0,2619.0,66.0,700.98,1755.0,2619.0,20260803,2026-08-10T05:18:59.516244+00:00
prefillq4096_b16_h131072_sparse_q8kv8_steady,full,prefill,sglang_sparse_q8kv8_fp8,steady,ok,,16,131072,4096,2048,64,576,512,10,30,32.034080505371094,31.382335662841797,37.490623474121094,32.864898999532066,1.9209833484291747,3.0754040053579956,17.793437000364065,19.491642975481227,30.647350009530783,71.00783399073407,18691697672192,134217728,583.4941218012485,4189841752.364204,84020297728,2622.8409369799915,0.589685822942141,0.8007671768715179,10549872640,11322523648,60.0,658.2,1875.0,2619.0,66.0,696.38,1725.0,2619.0,20260803,2026-08-10T05:19:00.853100+00:00
prefillq4096_b16_h262144_sparse_q8kv8_steady,full,prefill,sglang_sparse_q8kv8_fp8,steady,ok,,16,262144,4096,2048,64,576,512,10,30,34.48313522338867,34.01225662231445,38.63443374633789,35.24790636698405,1.553392857536948,3.5743890039157122,17.806235991884023,25.86191799491644,33.34489098051563,80.5874339712318,18691697672192,134217728,542.0533124700938,3892271602.640265,84020297728,2436.562023252806,0.5478052677818027,0.7438952416531491,11757832192,12530483200,66.0,696.38,1725.0,2619.0,65.0,697.53,1725.0,2619.0,20260803,2026-08-10T05:19:02.324964+00:00
prefillq4096_b16_h524288_sparse_q8kv8_steady,full,prefill,sglang_sparse_q8kv8_fp8,steady,ok,,16,524288,4096,2048,64,576,512,10,30,35.659969329833984,35.597599029541016,40.478271484375,36.83070844014485,1.8754597141642968,3.6213840066920966,17.820267006754875,38.835365005070344,35.233081987826154,95.51009800634347,18691697672192,134217728,524.1647153227941,3763820623.583942,84020297728,2356.151710363548,0.5297268472185893,0.7193455488617033,14173751296,14946402304,65.0,677.2,1665.0,2619.0,65.0,697.83,1770.0,2619.0,20260803,2026-08-10T05:19:03.890389+00:00
prefillq8192_b16_h2048_sparse_q8kv8_steady,full,prefill,sglang_sparse_q8kv8_fp8,steady,ok,,16,2048,8192,2048,64,576,512,10,30,52.9780158996582,51.916446685791016,60.777854919433594,54.36716804504395,2.8521359955059826,12.64353099395521,34.11416499875486,26.02118600043468,50.95592199359089,123.73480398673564,37383395344384,268435456,705.6397773595214,5066921654.982777,168040595456,3171.892956019218,0.7131276173416083,0.9683956552297548,18425858048,19870515200,65.0,697.83,1770.0,2619.0,69.0,680.59,1875.0,2619.0,20260803,2026-08-10T05:19:05.548637+00:00
prefillq8192_b16_h4096_sparse_q8kv8_steady,full,prefill,sglang_sparse_q8kv8_fp8,steady,ok,,16,4096,8192,2048,64,576,512,10,30,52.93868637084961,51.733055114746094,60.887550354003906,54.52759997049967,3.0721735007356568,4.735591995995492,33.94807898439467,26.381570991361514,51.010596012929454,116.07583798468113,37383395344384,268435456,706.1640155273849,5070686003.04016,168040595456,3174.24943790314,0.7136574184208033,0.969115101582346,18444732416,19889389568,69.0,680.59,1875.0,2619.0,67.0,702.34,1770.0,2619.0,20260803,2026-08-10T05:19:07.947826+00:00
prefillq8192_b16_h8192_sparse_q8kv8_steady,full,prefill,sglang_sparse_q8kv8_fp8,steady,ok,,16,8192,8192,2048,64,576,512,10,30,53.2599983215332,51.8331184387207,61.019775390625,54.65709622701009,3.1014296738143137,4.8199100128840655,35.393863974604756,26.64310298860073,51.10124699422158,117.95812397031114,37383395344384,268435456,701.9038025254642,5040095089.365983,168040595456,3155.0995259431056,0.7093519985098173,0.963268532420881,18482481152,19927138304,69.0,675.51,1875.0,2619.0,68.0,700.12,1785.0,2619.0,20260803,2026-08-10T05:19:10.296935+00:00
prefillq8192_b16_h16384_sparse_q8kv8_steady,full,prefill,sglang_sparse_q8kv8_fp8,steady,ok,,16,16384,8192,2048,64,576,512,10,30,53.63411331176758,51.8438720703125,62.02489471435547,54.98578364054362,3.307903495908487,5.378879985073581,34.10586199606769,27.067486982559785,51.32136898464523,117.87359794834629,37383395344384,268435456,697.0078003728628,5004938823.9089985,168040595456,3133.0917037670333,0.704404042822499,0.9565494281913597,18557978624,20002635776,68.0,700.12,1785.0,2619.0,68.0,693.09,1800.0,2619.0,20260803,2026-08-10T05:19:12.691624+00:00
prefillq8192_b16_h32768_sparse_q8kv8_steady,full,prefill,sglang_sparse_q8kv8_fp8,steady,ok,,16,32768,8192,2048,64,576,512,10,30,54.72665786743164,52.920127868652344,62.34009552001953,55.89795519510905,3.111768936414112,5.426759016700089,34.196293010609224,27.84983700257726,52.19091600156389,119.66380503145047,37383395344384,268435456,683.0929715266099,4905021911.812169,168040595456,3070.5437167944174,0.690341557884396,0.9374531977486823,18708973568,20153630720,68.0,693.09,1800.0,2619.0,63.0,690.79,1770.0,2619.0,20260803,2026-08-10T05:19:15.056181+00:00
prefillq8192_b16_h65536_sparse_q8kv8_steady,full,prefill,sglang_sparse_q8kv8_fp8,steady,ok,,16,65536,8192,2048,64,576,512,10,30,58.999263763427734,57.86531066894531,67.6377944946289,60.685258611043295,3.2301994522234394,4.541406990028918,38.46425298252143,29.209107015049085,56.127744988771155,128.3425119763706,37383395344384,268435456,633.6247769850494,4549810266.723987,168040595456,2848.181226969216,0.6403484355584127,0.869564756360974,19010963456,20455620608,63.0,690.79,1770.0,2619.0,63.0,686.05,1830.0,2619.0,20260803,2026-08-10T05:19:17.477059+00:00
prefillq8192_b16_h131072_sparse_q8kv8_steady,full,prefill,sglang_sparse_q8kv8_fp8,steady,ok,,16,131072,8192,2048,64,576,512,10,30,64.10518646240234,63.153472900390625,73.03241729736328,65.93329149881998,3.298601904946601,5.568862979998812,35.827826999593526,32.33884600922465,61.875276995124295,135.6108129839413,37383395344384,268435456,583.1571111069046,4187421811.14218,168040595456,2621.3260537750048,0.5893452360858056,0.8003046750361058,19614943232,21059600384,63.0,686.05,1830.0,2619.0,65.0,696.28,1590.0,2619.0,20260803,2026-08-10T05:19:20.072465+00:00
prefillq8192_b16_h262144_sparse_q8kv8_steady,full,prefill,sglang_sparse_q8kv8_fp8,steady,ok,,16,262144,8192,2048,64,576,512,10,30,69.49212646484375,67.74339294433594,78.90032196044922,71.06916987101236,3.3657315534743146,5.533045972697437,35.193183983210474,39.405601011822,67.1284059935715,147.26023696130142,37383395344384,268435456,537.9515240952708,3862818273.891823,168040595456,2418.1242394562814,0.5436599536081564,0.7382660889773827,20822902784,22267559936,57.0,657.57,1935.0,2619.0,62.0,690.53,1455.0,2619.0,20260803,2026-08-10T05:19:22.927529+00:00
prefillq8192_b16_h524288_sparse_q8kv8_steady,full,prefill,sglang_sparse_q8kv8_fp8,steady,ok,,16,524288,8192,2048,64,576,512,10,30,72.28975677490234,71.31132507324219,80.89859008789062,74.29076029459635,3.2651284864350814,7.356735994108021,41.63975402479991,52.240117016481236,70.851408992894,172.08801602828316,37383395344384,268435456,517.1326756678592,3713326313.1021595,168040595456,2324.5422720019524,0.5226201876380588,0.7096950205500422,23238821888,24683479040,62.0,690.53,1455.0,2619.0,61.0,703.75,1500.0,2619.0,20260803,2026-08-10T05:19:26.008564+00:00
prefillq16384_b16_h2048_sparse_q8kv8_steady,full,prefill,sglang_sparse_q8kv8_fp8,steady,ok,,16,2048,16384,2048,64,576,512,10,30,107.02425384521484,103.58140563964844,114.66649627685547,107.77448323567708,3.824344824841456,7.621929020388052,66.85940700117499,52.519582997774705,102.87224999046884,229.8731690098066,74766790688768,536870912,698.5967012383977,5016348095.978845,336081190912,3140.233908082757,0.706009804182312,0.9587299808531335,36555999232,39069941760,61.0,703.75,1500.0,2619.0,70.0,702.05,1770.0,2619.0,20260803,2026-08-10T05:19:29.251349+00:00
prefillq16384_b16_h4096_sparse_q8kv8_steady,full,prefill,sglang_sparse_q8kv8_fp8,steady,ok,,16,4096,16384,2048,64,576,512,10,30,106.75183868408203,103.87439727783203,115.79910278320312,107.87960459391276,3.976027986105787,9.234726981958374,66.79824998718686,52.493551978841424,102.6631940039806,231.18972295196727,74766790688768,536870912,700.3794183820144,5029149086.497691,336081190912,3148.2473281475545,0.7078114384861186,0.9611765202798677,36574873600,39088816128,64.0,667.32,1950.0,2619.0,70.0,682.79,1875.0,2619.0,20260803,2026-08-10T05:19:33.868742+00:00
prefillq16384_b16_h8192_sparse_q8kv8_steady,full,prefill,sglang_sparse_q8kv8_fp8,steady,ok,,16,8192,16384,2048,64,576,512,10,30,106.7754898071289,103.92841339111328,115.09593963623047,108.0699478149414,3.8907439476357073,9.84268300817348,67.236230999697,53.16191498422995,102.62890698504634,232.86973597714677,74766790688768,536870912,700.2242820315881,5028035113.393183,336081190912,3147.549980984132,0.7076546559187349,0.9609636165114844,36612622336,39126564864,59.0,625.18,1965.0,2619.0,71.0,675.12,1770.0,2619.0,20260803,2026-08-10T05:19:38.563660+00:00
prefillq16384_b16_h16384_sparse_q8kv8_steady,full,prefill,sglang_sparse_q8kv8_fp8,steady,ok,,16,16384,16384,2048,64,576,512,10,30,107.07087707519531,104.43596649169922,115.70697784423828,108.39770304361979,3.8301489423253403,8.358449005754665,66.91830599447712,52.766895008971915,103.77573998994194,231.81938999914564,74766790688768,536870912,698.2925024165038,5014163763.905272,336081190912,3138.8665162047,0.7057023773789831,0.9583125088980372,36688119808,39202062336,71.0,675.12,1770.0,2619.0,58.0,652.31,1920.0,2619.0,20260803,2026-08-10T05:19:43.251504+00:00
prefillq16384_b16_h32768_sparse_q8kv8_steady,full,prefill,sglang_sparse_q8kv8_fp8,steady,ok,,16,32768,16384,2048,64,576,512,10,30,109.26236724853516,107.01897430419922,119.51958465576172,111.32455139160156,4.13190782296404,9.892948000924662,67.13716298690997,53.9693069877103,106.76688700914383,237.76630498468876,74766790688768,536870912,684.2867546398542,4913593998.735166,336081190912,3075.9098432082133,0.6915480087315353,0.939091504455935,36839114752,39353057280,58.0,652.31,1920.0,2619.0,70.0,697.52,1755.0,2619.0,20260803,2026-08-10T05:19:47.946998+00:00
prefillq16384_b16_h65536_sparse_q8kv8_steady,full,prefill,sglang_sparse_q8kv8_fp8,steady,ok,,16,65536,16384,2048,64,576,512,10,30,119.14492797851562,116.2606430053711,129.08035278320312,121.23688532511393,4.492291221383316,10.2638220123481,71.42700199619867,55.93210700317286,113.98565099807456,251.6085820097942,74766790688768,536870912,627.528103439284,4506032452.315631,336081190912,2820.776315149585,0.6341870676496049,0.8611978921867831,37141104640,39655047168,60.0,664.92,1860.0,2619.0,65.0,682.39,1875.0,2619.0,20260803,2026-08-10T05:19:52.757587+00:00
prefillq16384_b16_h131072_sparse_q8kv8_steady,full,prefill,sglang_sparse_q8kv8_fp8,steady,ok,,16,131072,16384,2048,64,576,512,10,30,129.99964904785156,126.85369873046875,140.30943298339844,131.83701349894207,4.425096461594145,10.027764015831053,67.15945800533518,58.862145990133286,124.29055399843492,260.33992200973444,74766790688768,536870912,575.1307117855919,4129787395.0596843,336081190912,2585.2469093073623,0.5812336652709367,0.7892895218669015,37745084416,40259026944,60.0,682.39,1875.0,2619.0,65.0,671.71,1845.0,2619.0,20260803,2026-08-10T05:19:57.976060+00:00
prefillq16384_b16_h262144_sparse_q8kv8_steady,full,prefill,sglang_sparse_q8kv8_fp8,steady,ok,,16,262144,16384,2048,64,576,512,10,30,139.15708923339844,137.08055114746094,148.7767333984375,141.19031219482423,3.89899511065269,9.845817985478789,68.07844902505167,65.15445702825673,135.93844897695817,279.01717301574536,74766790688768,536870912,537.2833759361472,3858020564.798851,336081190912,2415.1208735640807,0.5429847154483549,0.7373491455239308,38953043968,41466986496,65.0,671.71,1845.0,2619.0,64.0,683.61,1515.0,2619.0,20260803,2026-08-10T05:20:03.607777+00:00
prefillq16384_b16_h524288_sparse_q8kv8_steady,full,prefill,sglang_sparse_q8kv8_fp8,steady,ok,,16,524288,16384,2048,64,576,512,10,30,145.98963928222656,143.15834045410156,155.7664337158203,147.82711944580078,4.071821174919268,10.436437994940206,75.7094009895809,81.77328397869132,142.03617899329402,309.95530195650645,74766790688768,536870912,512.1376493316019,3677458993.9367094,336081190912,2302.0893302043805,0.5175721569798908,0.7028400189515067,41368963072,43882905600,64.0,683.61,1515.0,2619.0,62.0,699.72,1575.0,2619.0,20260803,2026-08-10T05:20:09.640067+00:00
prefillq32768_b16_h2048_sparse_q8kv8_steady,full,prefill,sglang_sparse_q8kv8_fp8,steady,ok,,16,2048,32768,2048,64,576,512,10,30,217.57017517089844,210.78831481933594,225.37901306152344,217.6506825764974,4.20594444010427,12.605251977220178,135.42431697715074,105.1844650064595,207.928684016224,461.1427179770544,149533581377536,1073741824,687.2889689962302,4935151719.010155,672162381824,3089.404976100357,0.6945820808451038,0.9432116397318432,72816281600,77472989184,62.0,674.53,1605.0,2619.0,65.0,683.82,1695.0,2619.0,20260803,2026-08-10T05:20:15.917009+00:00
prefillq32768_b16_h4096_sparse_q8kv8_steady,full,prefill,sglang_sparse_q8kv8_fp8,steady,ok,,16,4096,32768,2048,64,576,512,10,30,217.41094970703125,210.4148406982422,223.65475463867188,217.63419291178386,4.141969158040377,98.64200398442335,134.650109015638,105.68838502513245,207.25252499687485,546.2330230220687,149533581377536,1073741824,687.7923194716625,4938766080.76504,672162381824,3091.667566558915,0.6950907725837923,0.9439024205368745,72835155968,77491863552,65.0,683.82,1695.0,2619.0,68.0,696.93,1695.0,2619.0,20260803,2026-08-10T05:20:25.223207+00:00
prefillq32768_b16_h8192_sparse_q8kv8_steady,full,prefill,sglang_sparse_q8kv8_fp8,steady,ok,,16,8192,32768,2048,64,576,512,10,30,218.7657928466797,211.15994262695312,224.38275146484375,218.45852508544922,4.0511309462991445,72.20444598351605,139.58280000952072,105.642705981154,210.65922200796194,528.0891739821527,149533581377536,1073741824,683.5327380562437,4908179702.265078,672162381824,3072.520493617939,0.6907859909613377,0.9380567181429074,72872904704,77529612288,59.0,653.67,1935.0,2619.0,69.0,683.98,1695.0,2619.0,20260803,2026-08-10T05:20:34.568846+00:00
prefillq32768_b16_h16384_sparse_q8kv8_steady,full,prefill,sglang_sparse_q8kv8_fp8,steady,ok,,16,16384,32768,2048,64,576,512,10,30,220.52032470703125,212.81173706054688,229.54208374023438,220.71749216715494,4.576278463783612,25.97322899964638,136.45108201308176,106.13599300268106,210.81392400083132,479.3742280162405,149533581377536,1073741824,678.0943279318876,4869128618.536648,672162381824,3048.0745152039412,0.6852898715835145,0.930593231949582,72948402176,77605109760,59.0,636.14,1950.0,2619.0,68.0,699.44,1665.0,2619.0,20260803,2026-08-10T05:20:43.988544+00:00
prefillq32768_b16_h32768_sparse_q8kv8_steady,full,prefill,sglang_sparse_q8kv8_fp8,steady,ok,,16,32768,32768,2048,64,576,512,10,30,228.5064697265625,222.3772430419922,236.20697021484375,228.76991271972656,4.157617117869499,65.15421697986312,146.9793069991283,107.31290600961074,218.9759399916511,538.4223699802533,149533581377536,1073741824,654.3953943906806,4698955899.519479,672162381824,2941.5463930991937,0.6613394587071052,0.898069634200088,73099397120,77756104704,58.0,654.88,1905.0,2619.0,68.0,699.57,1725.0,2619.0,20260803,2026-08-10T05:20:53.439775+00:00
prefillq32768_b16_h65536_sparse_q8kv8_steady,full,prefill,sglang_sparse_q8kv8_fp8,steady,ok,,16,65536,32768,2048,64,576,512,10,30,246.5900421142578,238.98541259765625,252.8507537841797,245.78839467366535,4.984470600085765,65.70124899735674,141.51955299894325,108.433685003547,233.77068398986012,549.4251709897071,149533581377536,1073741824,606.4055956819595,4354360033.332086,672162381824,2725.829380865886,0.6128404200929354,0.8322100921845051,73401387008,78058094592,58.0,648.23,1965.0,2619.0,65.0,682.45,1830.0,2619.0,20260803,2026-08-10T05:21:03.232988+00:00
prefillq32768_b16_h131072_sparse_q8kv8_steady,full,prefill,sglang_sparse_q8kv8_fp8,steady,ok,,16,131072,32768,2048,64,576,512,10,30,264.89984130859375,257.4671936035156,273.8721618652344,264.8834513346354,4.817351385396808,97.94388298178092,136.332547001075,111.67694302275777,254.18053698376752,600.1339099893812,149533581377536,1073741824,564.4910190917691,4053387947.29269,672162381824,2537.4208550052235,0.5704810703302365,0.7746879751453819,74005366784,78662074368,65.0,682.45,1830.0,2619.0,64.0,699.45,1575.0,2619.0,20260803,2026-08-10T05:21:13.751297+00:00
prefillq32768_b16_h262144_sparse_q8kv8_steady,full,prefill,sglang_sparse_q8kv8_fp8,steady,ok,,16,262144,32768,2048,64,576,512,10,30,281.53338623046875,276.2477111816406,291.49847412109375,282.1869364420573,4.4100039576173735,94.46081600617617,137.8626530058682,118.39084900566377,272.09920799941756,622.8135260171257,149533581377536,1073741824,531.1397819622177,3813905833.2535167,672162381824,2387.505051616701,0.5367759292190174,0.7289178893749202,75213326336,79870033920,56.0,663.31,1575.0,2619.0,59.0,666.21,1890.0,2619.0,20260803,2026-08-10T05:21:25.048362+00:00
prefillq32768_b16_h524288_sparse_q8kv8_steady,full,prefill,sglang_sparse_q8kv8_fp8,steady,ok,,16,524288,32768,2048,64,576,512,10,30,293.9495849609375,288.50445556640625,303.5807800292969,294.5030832926432,4.274390233964467,26.99111300171353,137.8930860082619,131.42407999839634,285.7195769902319,582.0278559986036,149533581377536,1073741824,508.70485630182907,3652809457.59011,672162381824,2286.6587204514085,0.5141029371418182,0.6981289723778932,77629245440,82285953024,55.0,616.95,1965.0,2619.0,63.0,692.76,1620.0,2619.0,20260803,2026-08-10T05:21:37.132402+00:00
prefillq2_b32_h2048_sparse_q8kv8_steady,full,prefill,sglang_sparse_q8kv8_fp8,steady,ok,,32,2048,2,2048,64,576,512,10,30,0.07184000313282013,0.07158400118350983,0.07305599749088287,0.07208960031469663,0.0006417779303772215,11.315484007354826,2.909430011641234,3.1344390008598566,0.1103469985537231,17.46970001840964,18253611008,131072,254.08700183729297,1824498806.8509662,82051072,1142.1362530887047,0.2567832257072188,0.34870022428486774,501736448,530579456,63.0,692.76,1620.0,2619.0,57.0,642.53,1950.0,2619.0,20260803,2026-08-10T05:21:49.665061+00:00
prefillq2_b32_h4096_sparse_q8kv8_steady,full,prefill,sglang_sparse_q8kv8_fp8,steady,ok,,32,4096,2,2048,64,576,512,10,30,0.07356800138950348,0.07308799773454666,0.07673600316047668,0.07379200061162312,0.0009499927298543813,6.833257008111104,1.289773004828021,0.7612479967065156,0.11992701911367476,9.004205028759316,18253611008,131072,248.11889222539605,1781644159.4769363,82051072,1115.3092438325623,0.25075178597816683,0.34050979681247867,728044544,750780416,55.0,579.54,1965.0,2619.0,55.0,579.54,1965.0,2619.0,20260803,2026-08-10T05:21:49.794457+00:00
prefillq2_b32_h8192_sparse_q8kv8_steady,full,prefill,sglang_sparse_q8kv8_fp8,steady,ok,,32,8192,2,2048,64,576,512,10,30,0.07395199686288834,0.07318399846553802,0.07516799867153168,0.07397013281782468,0.0006035304753678324,0.5457040097098798,1.159225997980684,1.1031389876734465,0.11544098379090428,2.9235099791549146,18253611008,131072,246.8305357844947,1772392978.6915119,82051072,1109.5180046608864,0.24944975824607854,0.33874170093723655,803542016,826277888,53.0,523.42,1965.0,2619.0,51.0,468.54,1980.0,2619.0,20260803,2026-08-10T05:21:49.927453+00:00
prefillq2_b32_h16384_sparse_q8kv8_steady,full,prefill,sglang_sparse_q8kv8_fp8,steady,ok,,32,16384,2,2048,64,576,512,10,30,0.0772159993648529,0.0764480009675026,0.0788159966468811,0.07733653361598651,0.0007686074114528445,0.5313940055202693,1.1369060084689409,1.918899011798203,0.11477401130832732,3.7019730370957404,18253611008,131072,236.39674624620164,1697472040.4857082,82051072,1062.6174973440534,0.23890525138575205,0.32442272859376464,954536960,977272832,51.0,468.54,1980.0,2619.0,51.0,468.54,1980.0,2619.0,20260803,2026-08-10T05:21:50.050169+00:00
prefillq2_b32_h32768_sparse_q8kv8_steady,full,prefill,sglang_sparse_q8kv8_fp8,steady,ok,,32,32768,2,2048,64,576,512,10,30,0.07702399790287018,0.07619199901819229,0.08240000158548355,0.07760639935731888,0.0016278407031175219,0.7338789873756468,2.301050000824034,3.470723022473976,0.11201700544916093,6.617669016122818,18253611008,131072,236.98602390151714,1701703411.5170982,82051072,1065.2663356097034,0.23950078211371112,0.32523143289224804,1256526848,1279262720,51.0,419.66,1980.0,2619.0,51.0,419.66,1980.0,2619.0,20260803,2026-08-10T05:21:50.109991+00:00
prefillq2_b32_h65536_sparse_q8kv8_steady,full,prefill,sglang_sparse_q8kv8_fp8,steady,ok,,32,65536,2,2048,64,576,512,10,30,0.07740800082683563,0.07667200267314911,0.07865600287914276,0.07754133393367131,0.0007470516438408747,0.7816379948053509,1.0506520047783852,6.711928988806903,0.11140300193801522,8.655621990328655,18253611008,131072,235.81039185902705,1693261660.2928758,82051072,1059.9817993433403,0.23831267494595962,0.3236180360874981,1860506624,1883242496,50.0,361.83,1980.0,2619.0,50.0,361.83,1980.0,2619.0,20260803,2026-08-10T05:21:50.197249+00:00
prefillq2_b32_h131072_sparse_q8kv8_steady,full,prefill,sglang_sparse_q8kv8_fp8,steady,ok,,32,131072,2,2048,64,576,512,10,30,0.07763200253248215,0.0767040029168129,0.07932800054550171,0.077742933233579,0.0007162922841800375,0.9643759985920042,7.579739001812413,13.238023995654657,0.10906998068094254,21.891208976740018,18253611008,131072,235.12997749043603,1688375872.3750288,82051072,1056.923296106768,0.23762504041479135,0.3226842589118901,3068466176,3091202048,49.0,320.72,1980.0,2619.0,49.0,320.72,1980.0,2619.0,20260803,2026-08-10T05:21:50.326771+00:00
prefillq2_b32_h262144_sparse_q8kv8_steady,full,prefill,sglang_sparse_q8kv8_fp8,steady,ok,,32,262144,2,2048,64,576,512,10,30,0.07785599678754807,0.07727999985218048,0.07891199737787247,0.0779850664238135,0.0007373660286030292,1.3172329927328974,1.039924012729898,26.179983018664643,0.11088000610470772,28.648020030232146,18253611008,131072,234.4535008370659,1683518359.6411555,82051072,1053.8824931353633,0.23694138538359363,0.321755885720629,5484385280,5507121152,49.0,320.72,1980.0,2619.0,49.0,267.85,1980.0,2619.0,20260803,2026-08-10T05:21:50.385013+00:00
prefillq2_b32_h524288_sparse_q8kv8_steady,full,prefill,sglang_sparse_q8kv8_fp8,steady,ok,,32,524288,2,2048,64,576,512,10,30,0.07833600044250488,0.07689599692821503,0.07939200103282928,0.07823146656155586,0.0006862712231502995,2.0622049923986197,1.060583017533645,52.10295200231485,0.11029400047846138,55.33603401272558,18253611008,131072,233.01688757262167,1673202604.9274876,82051072,1047.4248306846073,0.23548952761255348,0.3197843273020559,10316223488,10338959360,51.0,235.0,1980.0,2619.0,51.0,235.0,1980.0,2619.0,20260803,2026-08-10T05:21:50.494805+00:00
prefillq4_b32_h2048_sparse_q8kv8_steady,full,prefill,sglang_sparse_q8kv8_fp8,steady,ok,,32,2048,4,2048,64,576,512,10,30,0.07622399926185608,0.07542400062084198,0.07718399912118912,0.07640746608376503,0.0007507368953712017,1.8704620015341789,0.9414429950993508,2.115660987328738,0.10733801173046231,5.03490399569273,36507222016,262144,478.94655711497023,3439126817.5190306,164102144,2152.8933877669133,0.4840288601465086,0.6572897105275813,508544000,549453824,50.0,213.88,1980.0,2619.0,50.0,213.88,1980.0,2619.0,20260803,2026-08-10T05:21:50.609539+00:00
prefillq4_b32_h4096_sparse_q8kv8_steady,full,prefill,sglang_sparse_q8kv8_fp8,steady,ok,,32,4096,4,2048,64,576,512,10,30,0.08115199953317642,0.08012799918651581,0.08246400207281113,0.08119573344786962,0.0007083262339346559,0.4728090134449303,0.9598680189810693,0.7455509912688285,0.11436900240369141,2.2925970260985196,36507222016,262144,449.8622612628932,3230283930.254001,164102144,2022.1577403390047,0.45463593861838625,0.6173754275715369,734667776,769654784,49.0,211.31,1980.0,2619.0,49.0,211.31,1980.0,2619.0,20260803,2026-08-10T05:21:50.698287+00:00
prefillq4_b32_h8192_sparse_q8kv8_steady,full,prefill,sglang_sparse_q8kv8_fp8,steady,ok,,32,8192,4,2048,64,576,512,10,30,0.08524800091981888,0.08399999886751175,0.08761599659919739,0.08551786641279856,0.0009517758562729778,0.519526016432792,0.9294879855588078,1.1512349883560091,0.11703101336024702,2.717280003707856,36507222016,262144,428.2472506345028,3075075041.8952694,164102144,1924.9969762264386,0.43279156203587954,0.5877117336417466,810165248,845152256,48.0,210.13,1980.0,2619.0,48.0,210.13,1980.0,2619.0,20260803,2026-08-10T05:21:50.814044+00:00
prefillq4_b32_h16384_sparse_q8kv8_steady,full,prefill,sglang_sparse_q8kv8_fp8,steady,ok,,32,16384,4,2048,64,576,512,10,30,0.0912960022687912,0.08975999802350998,0.09430400282144547,0.09166613395015398,0.0014008467748296144,0.590668001677841,1.0520560026634485,2.0479400118347257,0.13373797992244363,3.8244019960984588,36507222016,262144,399.8775533294047,2871363405.685638,164102144,1797.4734919592092,0.40412082195998456,0.5487781410468908,961160192,996147200,49.0,209.84,1980.0,2619.0,47.0,211.76,1980.0,2619.0,20260803,2026-08-10T05:21:50.921357+00:00
prefillq4_b32_h32768_sparse_q8kv8_steady,full,prefill,sglang_sparse_q8kv8_fp8,steady,ok,,32,32768,4,2048,64,576,512,10,30,0.09216000139713287,0.09001599997282028,0.09427200257778168,0.09228160008788108,0.0012437372628926863,0.7456229941453785,0.9935059933923185,3.606910991948098,0.1304489851463586,5.4764889646321535,36507222016,262144,396.1287051058547,2844444401.32306,164102144,1780.6221952282356,0.4003321931337592,0.5436333512429681,1263150080,1298137088,47.0,211.76,1980.0,2619.0,47.0,211.8,1980.0,2619.0,20260803,2026-08-10T05:21:51.068521+00:00
prefillq4_b32_h65536_sparse_q8kv8_steady,full,prefill,sglang_sparse_q8kv8_fp8,steady,ok,,32,65536,4,2048,64,576,512,10,30,0.0907519981265068,0.08915200084447861,0.09372799843549728,0.09117973322669665,0.0014512029043965938,0.7724369934294373,0.9548590169288218,6.839539011707529,0.12324599083513021,8.690081012900919,36507222016,262144,402.2745809421136,2888575518.024138,164102144,1808.2482742831103,0.40654328543922547,0.5520677389410162,1867129856,1902116864,47.0,211.8,1980.0,2619.0,47.0,213.97,1980.0,2619.0,20260803,2026-08-10T05:21:51.149625+00:00
prefillq4_b32_h131072_sparse_q8kv8_steady,full,prefill,sglang_sparse_q8kv8_fp8,steady,ok,,32,131072,4,2048,64,576,512,10,30,0.09391999989748001,0.09222400188446045,0.09667199850082397,0.09408746734261512,0.0014852434698676806,0.9531350224278867,0.9696409979369491,13.262569002108648,0.12687701382674277,15.312222036300227,36507222016,262144,388.70551592685354,2791141399.980279,164102144,1747.2545163876546,0.3928302333773154,0.5334460228361247,3075089408,3110076416,47.0,213.97,1980.0,2619.0,47.0,217.12,1980.0,2619.0,20260803,2026-08-10T05:21:51.242896+00:00
prefillq4_b32_h262144_sparse_q8kv8_steady,full,prefill,sglang_sparse_q8kv8_fp8,steady,ok,,32,262144,4,2048,64,576,512,10,30,0.09478399902582169,0.09328000247478485,0.09721600264310837,0.09492693295081457,0.0011366898511304235,1.3294779928401113,0.9692439925856888,26.145067997276783,0.12473299284465611,28.56852297554724,36507222016,262144,385.16228890125706,2765698880.552455,164102144,1731.3274992258366,0.3892494076819172,0.5285834204614118,5491008512,5525995520,47.0,217.12,1980.0,2619.0,47.0,217.12,1980.0,2619.0,20260803,2026-08-10T05:21:51.345512+00:00
prefillq4_b32_h524288_sparse_q8kv8_steady,full,prefill,sglang_sparse_q8kv8_fp8,steady,ok,,32,524288,4,2048,64,576,512,10,30,0.09462399780750275,0.09251199662685394,0.10070399940013885,0.09535573323567709,0.003007112059389101,9.973567008273676,0.977324991254136,52.006479003466666,0.12495499686338007,63.08232599985786,36507222016,262144,385.8135659229707,2770375444.644493,164102144,1734.255028347453,0.3899075956775854,0.5294772105486693,10322846720,10357833728,47.0,226.07,1980.0,2619.0,47.0,236.16,1980.0,2619.0,20260803,2026-08-10T05:21:51.420175+00:00
prefillq8_b32_h2048_sparse_q8kv8_steady,full,prefill,sglang_sparse_q8kv8_fp8,steady,ok,,32,2048,8,2048,64,576,512,10,30,0.12675200402736664,0.12595200538635254,0.12803199887275696,0.12693546811739603,0.0008724501381935297,1.9084890082012862,0.8025259885471314,0.6840190035291016,0.15555298887193203,3.5505869891494513,73014444032,524288,576.0417327700449,4136329078.3694634,328204288,2589.3420030592843,0.5821543534816017,0.7905397755961749,522159104,580911104,47.0,236.16,1980.0,2619.0,49.0,216.82,1980.0,2619.0,20260803,2026-08-10T05:21:51.593269+00:00
prefillq8_b32_h4096_sparse_q8kv8_steady,full,prefill,sglang_sparse_q8kv8_fp8,steady,ok,,32,4096,8,2048,64,576,512,10,30,0.13577599823474884,0.1345600038766861,0.13753600418567657,0.1358261321981748,0.0008274203038802889,0.5491909978445619,0.8024940034374595,0.8301019843202084,0.1688310003373772,2.350617985939607,73014444032,524288,537.7566357918596,3861418857.650646,328204288,2417.248204889305,0.5434629972631224,0.7379986310018918,747914240,801112064,49.0,216.82,1980.0,2619.0,47.0,217.86,1980.0,2619.0,20260803,2026-08-10T05:21:51.676311+00:00
prefillq8_b32_h8192_sparse_q8kv8_steady,full,prefill,sglang_sparse_q8kv8_fp8,steady,ok,,32,8192,8,2048,64,576,512,10,30,0.14313599467277527,0.14127999544143677,0.1446080058813095,0.14297920018434523,0.001122020085533267,0.5748719850089401,0.7904100057203323,1.2415370147209615,0.175168999703601,2.781988005153835,73014444032,524288,510.1054015023901,3662866221.7255726,328204288,2292.9542548002087,0.5155183441156039,0.7000510322315077,823411712,876609536,47.0,217.86,1980.0,2619.0,47.0,217.58,1980.0,2619.0,20260803,2026-08-10T05:21:51.776665+00:00
prefillq8_b32_h16384_sparse_q8kv8_steady,full,prefill,sglang_sparse_q8kv8_fp8,steady,ok,,32,16384,8,2048,64,576,512,10,30,0.1547520011663437,0.15296000242233276,0.1568319946527481,0.15474666704734166,0.001094132898925681,0.6161570199765265,0.7931680011097342,2.0792660070583224,0.1860510092228651,3.674642037367448,73014444032,524288,471.8158310180197,3387923878.5186386,328204288,2120.840347952668,0.4768224669206869,0.6475037483518662,974406656,1027604480,47.0,217.58,1980.0,2619.0,47.0,221.88,1980.0,2619.0,20260803,2026-08-10T05:21:51.836735+00:00
prefillq8_b32_h32768_sparse_q8kv8_steady,full,prefill,sglang_sparse_q8kv8_fp8,steady,ok,,32,32768,8,2048,64,576,512,10,30,0.16233600676059723,0.16096000373363495,0.16457599401474,0.16265599975983303,0.0010665807186263226,0.8466040017083287,0.8388639835175127,3.6425410071387887,0.19916400196962059,5.527172994334251,73014444032,524288,449.7735621874514,3229647017.085904,328204288,2021.759032695776,0.45454629831980936,0.6172537000243709,1276396544,1329594368,47.0,221.88,1980.0,2619.0,46.0,224.55,1980.0,2619.0,20260803,2026-08-10T05:21:51.958043+00:00
prefillq8_b32_h65536_sparse_q8kv8_steady,full,prefill,sglang_sparse_q8kv8_fp8,steady,ok,,32,65536,8,2048,64,576,512,10,30,0.16448000073432922,0.16223999857902527,0.16723200678825378,0.16469013194243112,0.0017220580295958157,1.002395001705736,0.8044880232773721,6.881506007630378,0.19415299175307155,8.882542024366558,73014444032,524288,443.91077155899404,3187548623.9013247,328204288,1995.4054385622292,0.4486212951581547,0.6092078086867753,1880376320,1933574144,46.0,224.55,1980.0,2619.0,46.0,223.05,1980.0,2619.0,20260803,2026-08-10T05:21:52.045717+00:00
prefillq8_b32_h131072_sparse_q8kv8_steady,full,prefill,sglang_sparse_q8kv8_fp8,steady,ok,,32,131072,8,2048,64,576,512,10,30,0.1690240055322647,0.16652800142765045,0.17174400389194489,0.16914560049772262,0.0015408454834947433,1.066400989657268,0.7889100234024227,13.388330989982933,0.19634098862297833,15.439982991665602,73014444032,524288,431.9767704124276,3101855256.2932816,328204288,1941.7613904395942,0.43656065731422694,0.592829997754564,3088335872,3141533696,46.0,223.05,1980.0,2619.0,48.0,231.97,1980.0,2619.0,20260803,2026-08-10T05:21:52.158468+00:00
prefillq8_b32_h262144_sparse_q8kv8_steady,full,prefill,sglang_sparse_q8kv8_fp8,steady,ok,,32,262144,8,2048,64,576,512,10,30,0.16979199647903442,0.16659200191497803,0.17267200350761414,0.1700522671143214,0.0016880077286998232,1.4044510025996715,0.795883999671787,26.240458013489842,0.2000270178541541,28.640820033615455,73014444032,524288,430.0228841529387,3087825167.6882663,328204288,1932.9785549728547,0.4345860375471841,0.5901485517459752,5504254976,5557452800,48.0,231.97,1980.0,2619.0,47.0,238.34,1980.0,2619.0,20260803,2026-08-10T05:21:52.253387+00:00
prefillq8_b32_h524288_sparse_q8kv8_steady,full,prefill,sglang_sparse_q8kv8_fp8,steady,ok,,32,524288,8,2048,64,576,512,10,30,0.17174400389194489,0.16892799735069275,0.17446400225162506,0.17172799954811732,0.0016762976924302642,10.426810011267662,0.8242939948104322,52.35165299382061,0.2042599953711033,63.807016995269805,73014444032,524288,425.1353315248086,3052729574.9426165,328204288,1911.0087139140778,0.4296466210457894,0.583441043351963,10336093184,10389291008,47.0,238.34,1980.0,2619.0,48.0,249.13,1980.0,2619.0,20260803,2026-08-10T05:21:52.343846+00:00
prefillq16_b32_h2048_sparse_q8kv8_steady,full,prefill,sglang_sparse_q8kv8_fp8,steady,ok,,32,2048,16,2048,64,576,512,10,30,0.2329919934272766,0.23190400004386902,0.23721599578857422,0.23361599892377855,0.0024647866578895892,2.293821016792208,0.9592470014467835,0.7746100018266588,0.26445300318300724,4.292131023248658,146028888064,1048576,626.7549623312689,4500480830.159042,656408576,2817.3009996795604,0.6334057224166436,0.8601368600370891,549389312,654311424,48.0,249.13,1980.0,2619.0,50.0,243.23,1980.0,2619.0,20260803,2026-08-10T05:21:52.490066+00:00
prefillq16_b32_h4096_sparse_q8kv8_steady,full,prefill,sglang_sparse_q8kv8_fp8,steady,ok,,32,4096,16,2048,64,576,512,10,30,0.23414400219917297,0.23334400355815887,0.23577600717544556,0.23423359990119935,0.0007874163046449953,0.5432699981611222,0.9555300057400018,0.9189569973386824,0.2646739885676652,2.6824309898074716,146028888064,1048576,623.6712736283612,4478338074.65218,656408576,2803.439634732264,0.6302893113980406,0.8559049121824043,774407168,874512384,50.0,243.23,1980.0,2619.0,50.0,243.23,1980.0,2619.0,20260803,2026-08-10T05:21:52.558522+00:00
prefillq16_b32_h8192_sparse_q8kv8_steady,full,prefill,sglang_sparse_q8kv8_fp8,steady,ok,,32,8192,16,2048,64,576,512,10,30,0.25174400210380554,0.25046399235725403,0.25382399559020996,0.2517983963092168,0.0007941821397312605,0.5809010181110352,0.9527499787509441,1.3600660022348166,0.2846559800673276,3.1783729791641235,146028888064,1048576,580.0689861273661,4165247200.477985,656408576,2607.4447474992185,0.5862243417153775,0.7960666389886171,849904640,950009856,48.0,237.62,1980.0,2619.0,48.0,237.62,1980.0,2619.0,20260803,2026-08-10T05:21:52.608936+00:00
prefillq16_b32_h16384_sparse_q8kv8_steady,full,prefill,sglang_sparse_q8kv8_fp8,steady,ok,,32,16384,16,2048,64,576,512,10,30,0.2731199860572815,0.2708800137042999,0.2746880054473877,0.27301546732584636,0.001140323039101808,0.5972560029476881,0.9535060089547187,2.1772529871668667,0.304829009110108,4.0328440081793815,146028888064,1048576,534.6693596907746,3839250342.448692,656408576,2403.370714372881,0.5403429607789536,0.7337617599258695,1000899584,1101004800,48.0,237.62,1980.0,2619.0,48.0,237.62,1980.0,2619.0,20260803,2026-08-10T05:21:52.679430+00:00
prefillq16_b32_h32768_sparse_q8kv8_steady,full,prefill,sglang_sparse_q8kv8_fp8,steady,ok,,32,32768,16,2048,64,576,512,10,30,0.28995200991630554,0.28748801350593567,0.2913599908351898,0.2897898664077123,0.001145963751998937,0.7974030158948153,0.9442770096939057,3.730456985067576,0.3197949845343828,5.79193199519068,146028888064,1048576,503.63123230686057,3616377759.556386,656408576,2263.8524774822977,0.5089754747921784,0.6911661060675751,1302889472,1402994688,47.0,246.03,1980.0,2619.0,47.0,246.03,1980.0,2619.0,20260803,2026-08-10T05:21:52.726252+00:00
prefillq16_b32_h65536_sparse_q8kv8_steady,full,prefill,sglang_sparse_q8kv8_fp8,steady,ok,,32,65536,16,2048,64,576,512,10,30,0.29609599709510803,0.2938239872455597,0.29846400022506714,0.29633706708749136,0.0014239058570031595,0.9079840092454106,3.392174025066197,6.9664010079577565,0.33053397783078253,11.597093020100147,146028888064,1048576,493.18089233436865,3541337979.1932487,656408576,2216.8775749749734,0.49841424187404615,0.6768244204799175,1906869248,2006974464,47.0,250.77,1980.0,2619.0,47.0,250.77,1980.0,2619.0,20260803,2026-08-10T05:21:52.798737+00:00
prefillq16_b32_h131072_sparse_q8kv8_steady,full,prefill,sglang_sparse_q8kv8_fp8,steady,ok,,32,131072,16,2048,64,576,512,10,30,0.31190401315689087,0.30988800525665283,0.3141759932041168,0.31196586787700653,0.001424028864368525,1.0513589950278401,0.9709080040920526,14.810362976277247,0.34507899545133114,17.17770897084847,146028888064,1048576,468.18534518357086,3361854787.910522,656408576,2104.5210972319865,0.4731534564765749,0.6425213950021029,3114828800,3214934016,46.0,253.05,1980.0,2619.0,46.0,253.05,1980.0,2619.0,20260803,2026-08-10T05:21:52.923064+00:00
prefillq16_b32_h262144_sparse_q8kv8_steady,full,prefill,sglang_sparse_q8kv8_fp8,steady,ok,,32,262144,16,2048,64,576,512,10,30,0.31724798679351807,0.3147520124912262,0.32016000151634216,0.3173813343048096,0.0018007044997005808,1.3866880035493523,0.9894099785014987,26.27501598908566,0.34732199856080115,28.99843596969731,146028888064,1048576,460.29886443075657,3305225072.026917,656408576,2069.0708950888497,0.46518328896488786,0.6316982612430386,5530747904,5630853120,46.0,260.79,1980.0,2619.0,46.0,260.79,1980.0,2619.0,20260803,2026-08-10T05:21:53.030913+00:00
prefillq16_b32_h524288_sparse_q8kv8_steady,full,prefill,sglang_sparse_q8kv8_fp8,steady,ok,,32,524288,16,2048,64,576,512,10,30,0.31779199838638306,0.31596800684928894,0.3227199912071228,0.31845866739749906,0.002239359286890364,2.105638006469235,0.9699049987830222,52.10358600015752,0.34661899553611875,55.525748000945896,146028888064,1048576,459.5109027460559,3299567029.1393027,656408576,2065.5289602412035,0.4643869658878786,0.630616889845855,10362586112,10462691328,47.0,277.21,1980.0,2619.0,47.0,277.21,1980.0,2619.0,20260803,2026-08-10T05:21:53.108749+00:00
prefillq32_b32_h2048_sparse_q8kv8_steady,full,prefill,sglang_sparse_q8kv8_fp8,steady,ok,,32,2048,32,2048,64,576,512,10,30,0.4368959963321686,0.43568000197410583,0.43887999653816223,0.4371701329946518,0.0010213183162641887,1.907353987917304,0.8385770197492093,0.7530990114901215,0.46736098011024296,3.9663909992668778,292057776128,2097152,668.4835260105034,4800117230.6590605,1312817152,3004.873386392572,0.6755770854072798,0.9174036993827405,605684736,759169024,47.0,293.98,1980.0,2619.0,47.0,293.98,1980.0,2619.0,20260803,2026-08-10T05:21:53.235599+00:00
prefillq32_b32_h4096_sparse_q8kv8_steady,full,prefill,sglang_sparse_q8kv8_fp8,steady,ok,,32,4096,32,2048,64,576,512,10,30,0.44147199392318726,0.4403199851512909,0.44358399510383606,0.44173759818077085,0.0010159405028290329,0.561672990443185,0.7992680184543133,0.9486159833613783,0.47386199003085494,2.7834189822897315,292057776128,2097152,661.5544817069774,4750362489.279192,1312817152,2973.726918288774,0.6685745141050807,0.9078945183335402,827393024,943718400,47.0,293.98,1980.0,2619.0,49.0,297.47,1980.0,2619.0,20260803,2026-08-10T05:21:53.290990+00:00
prefillq32_b32_h8192_sparse_q8kv8_steady,full,prefill,sglang_sparse_q8kv8_fp8,steady,ok,,32,8192,32,2048,64,576,512,10,30,0.44604799151420593,0.44489601254463196,0.44863998889923096,0.4461162656545639,0.0008474758818272887,1.2475209950935096,0.8349060080945492,1.3833639968652278,0.47758102300576866,3.943372023059055,292057776128,2097152,654.7676072624987,4701628613.730029,1312817152,2943.2195121949985,0.6617156212860017,0.8985804462878618,902890496,1019215872,50.0,282.73,1980.0,2619.0,50.0,282.73,1980.0,2619.0,20260803,2026-08-10T05:21:53.405465+00:00
prefillq32_b32_h16384_sparse_q8kv8_steady,full,prefill,sglang_sparse_q8kv8_fp8,steady,ok,,32,16384,32,2048,64,576,512,10,30,0.47939199209213257,0.4780479967594147,0.48105600476264954,0.4794026662906011,0.001088481926448487,0.667232001433149,0.87248400086537,2.214756008470431,0.5170549848116934,4.271526995580643,292057776128,2097152,609.2253958048396,4374607908.75488,1312817152,2738.5045508805547,0.6156901422989789,0.8360798884675769,1053885440,1170210816,47.0,277.95,1980.0,2619.0,47.0,277.95,1980.0,2619.0,20260803,2026-08-10T05:21:53.519210+00:00
prefillq32_b32_h32768_sparse_q8kv8_steady,full,prefill,sglang_sparse_q8kv8_fp8,steady,ok,,32,32768,32,2048,64,576,512,10,30,0.5135679841041565,0.5114880204200745,0.5183680057525635,0.5141781310240428,0.0027427413514589894,0.8561009890399873,0.8265759970527142,3.7588769919238985,0.5448360170703381,5.986389995086938,292057776128,2097152,568.6837676173519,4083494425.1016192,1312817152,2556.2675101136138,0.5747183098709974,0.7804419583899754,1355875328,1472200704,48.0,284.49,1980.0,2619.0,48.0,284.49,1980.0,2619.0,20260803,2026-08-10T05:21:53.635562+00:00
prefillq32_b32_h65536_sparse_q8kv8_steady,full,prefill,sglang_sparse_q8kv8_fp8,steady,ok,,32,65536,32,2048,64,576,512,10,30,0.5563520193099976,0.5534399747848511,0.5591679811477661,0.5564757287502289,0.0019921804456616283,0.9018720011226833,0.8775760070420802,6.968128000153229,0.5877370131202042,9.335313021438196,292057776128,2097152,524.9514084449945,3769469557.4232717,1312817152,2359.6879429469677,0.5305218882718489,0.7204251793275321,1959855104,2076180480,48.0,284.49,1980.0,2619.0,48.0,290.94,1980.0,2619.0,20260803,2026-08-10T05:21:53.696460+00:00
prefillq32_b32_h131072_sparse_q8kv8_steady,full,prefill,sglang_sparse_q8kv8_fp8,steady,ok,,32,131072,32,2048,64,576,512,10,30,0.5678719878196716,0.5654079914093018,0.572160005569458,0.5680202662944793,0.0018121306156963328,9.255336015485227,0.8412510214839131,13.488594995578751,0.6057989958208054,24.190981028368697,292057776128,2097152,514.3021356791123,3693001318.9274497,1312817152,2311.8188256485837,0.519759611600922,0.7058104852460468,3167814656,3284140032,47.0,300.49,1980.0,2619.0,49.0,306.04,1980.0,2619.0,20260803,2026-08-10T05:21:53.810125+00:00
prefillq32_b32_h262144_sparse_q8kv8_steady,full,prefill,sglang_sparse_q8kv8_fp8,steady,ok,,32,262144,32,2048,64,576,512,10,30,0.6000000238418579,0.597760021686554,0.6041600108146667,0.6005493402481079,0.0020401548149332504,1.4327339886222035,0.8334719750564545,26.345491991378367,0.6323720153886825,29.244069970445707,292057776128,2097152,486.7629408711119,3495253194.44445,1312817152,2188.0284997222257,0.4919281868328569,0.6680166455898028,5583733760,5700059136,49.0,306.04,1980.0,2619.0,49.0,302.14,1980.0,2619.0,20260803,2026-08-10T05:21:53.978767+00:00
prefillq32_b32_h524288_sparse_q8kv8_steady,full,prefill,sglang_sparse_q8kv8_fp8,steady,ok,,32,524288,32,2048,64,576,512,10,30,0.6117759943008423,0.6075519919395447,0.6145920157432556,0.6114944020907084,0.0023718087857446347,2.1446880127768964,0.8612560050096363,51.85043398523703,0.6411889917217195,55.497566994745284,292057776128,2097152,477.3933250875155,3427973669.3439474,1312817152,2145.911517009311,0.48245914612179436,0.6551581085470647,10415571968,10531897344,47.0,305.78,1980.0,2619.0,52.0,296.78,1980.0,2619.0,20260803,2026-08-10T05:21:54.136571+00:00
prefillq64_b32_h2048_sparse_q8kv8_steady,full,prefill,sglang_sparse_q8kv8_fp8,steady,ok,,32,2048,64,2048,64,576,512,10,30,0.8436160087585449,0.8411840200424194,0.8462399840354919,0.8437375982602437,0.0013930183157538454,1.91807298688218,0.9527599904686213,0.7697390101384372,0.8683909836690873,4.508962971158326,584115552256,4194304,692.3950543750082,4971816509.471278,2625634304,3112.35713492902,0.6997423490399274,0.9502190549239738,896533504,897581056,52.0,296.78,1980.0,2619.0,54.0,307.59,1980.0,2619.0,20260803,2026-08-10T05:21:54.297099+00:00
prefillq64_b32_h4096_sparse_q8kv8_steady,full,prefill,sglang_sparse_q8kv8_fp8,steady,ok,,32,4096,64,2048,64,576,512,10,30,0.8520640134811401,0.8494399785995483,0.8557440042495728,0.8521717309951782,0.0016843982291408139,0.5841700185555965,0.9425700118299574,0.9974100103136152,0.8783990051597357,3.4025490458589047,584115552256,4194304,685.5301280353027,4922522173.966731,2625634304,3081.4988809031734,0.6928045760841867,0.9407978671534665,934282240,935329792,54.0,307.59,1980.0,2619.0,53.0,312.77,1980.0,2619.0,20260803,2026-08-10T05:21:54.405378+00:00
prefillq64_b32_h8192_sparse_q8kv8_steady,full,prefill,sglang_sparse_q8kv8_fp8,steady,ok,,32,8192,64,2048,64,576,512,10,30,0.8505600094795227,0.848800003528595,0.8531519770622253,0.8506922642389934,0.0013514110769132766,0.6113320123404264,0.9462400048505515,1.3936079922132194,0.8816990011837333,3.8328790105879307,584115552256,4194304,686.742317703643,4931226431.1210575,2625634304,3086.9477458817823,0.6940296288061072,0.9424614343811074,1009779712,1010827264,48.0,323.83,1980.0,2619.0,48.0,323.83,1980.0,2619.0,20260803,2026-08-10T05:21:54.494867+00:00
prefillq64_b32_h16384_sparse_q8kv8_steady,full,prefill,sglang_sparse_q8kv8_fp8,steady,ok,,32,16384,64,2048,64,576,512,10,30,0.8763520121574402,0.8751040101051331,0.8784639835357666,0.8765909373760223,0.001115588205665572,0.6637100013904274,0.9362060227431357,2.1860600099898875,0.9120279864873737,4.698004020610824,584115552256,4194304,666.5307366819411,4786095018.683516,2625634304,2996.095481695881,0.6736035742111582,0.9147237587642636,1160774656,1161822208,49.0,332.28,1980.0,2619.0,49.0,332.28,1980.0,2619.0,20260803,2026-08-10T05:21:54.627541+00:00
prefillq64_b32_h32768_sparse_q8kv8_steady,full,prefill,sglang_sparse_q8kv8_fp8,steady,ok,,32,32768,64,2048,64,576,512,10,30,0.9345920085906982,0.9276160001754761,0.9368640184402466,0.9336192031701406,0.003051797955323306,0.8729820256121457,0.989434018265456,3.7992630095686764,0.9685640106908977,6.630243064137176,584115552256,4194304,624.9952352329727,4487844922.111765,2625634304,2809.390921241965,0.6316273221151821,0.8577218713543978,1462764544,1463812096,50.0,335.71,1980.0,2619.0,53.0,346.97,1980.0,2619.0,20260803,2026-08-10T05:21:54.743003+00:00
prefillq64_b32_h65536_sparse_q8kv8_steady,full,prefill,sglang_sparse_q8kv8_fp8,steady,ok,,32,65536,64,2048,64,576,512,10,30,1.0201280117034912,1.0172480344772339,1.0235519409179688,1.0203423976898194,0.0018673247256264214,0.9484199981670827,1.040988980093971,7.011206995230168,1.0575430060271174,10.058158979518339,584115552256,4194304,572.590445076199,4111546739.1156297,2625634304,2573.8282586863843,0.5786664427248095,0.7858033475844567,2066744320,2067791872,53.0,346.97,1980.0,2619.0,54.0,348.42,1980.0,2619.0,20260803,2026-08-10T05:21:54.866922+00:00
prefillq64_b32_h131072_sparse_q8kv8_steady,full,prefill,sglang_sparse_q8kv8_fp8,steady,ok,,32,131072,64,2048,64,576,512,10,30,1.0820159912109375,1.0778239965438843,1.0852479934692383,1.0816661238670349,0.0021258184544771263,1.0769699874799699,0.9653460001572967,13.498562999302521,1.1140579881612211,16.65493697510101,584115552256,4194304,539.8400365620174,3876378939.0080523,2625634304,2426.6132158190403,0.5455685058736912,0.7408578182510471,3274703872,3275751424,54.0,348.42,1980.0,2619.0,51.0,357.1,1980.0,2619.0,20260803,2026-08-10T05:21:54.981557+00:00
prefillq64_b32_h262144_sparse_q8kv8_steady,full,prefill,sglang_sparse_q8kv8_fp8,steady,ok,,32,262144,64,2048,64,576,512,10,30,1.1550719738006592,1.1473280191421509,1.1595840454101562,1.1541205326716104,0.0036571800374073523,1.4565550081897527,1.021720003336668,26.561214006505907,1.1907230073120445,30.230212025344372,584115552256,4194304,505.6962384205557,3631205756.121867,2625634304,2273.1348033322884,0.5110623935528608,0.6940000491256156,5690622976,5691670528,49.0,368.56,1965.0,2619.0,54.0,379.39,1965.0,2619.0,20260803,2026-08-10T05:21:55.137207+00:00
prefillq64_b32_h524288_sparse_q8kv8_steady,full,prefill,sglang_sparse_q8kv8_fp8,steady,ok,,32,524288,64,2048,64,576,512,10,30,1.169119954109192,1.1649279594421387,1.1724799871444702,1.169103988011678,0.0024230391182709344,3.2669039792381227,1.0216659866273403,52.46569900191389,1.1981300194747746,57.95239898725413,584115552256,4194304,499.6198638154845,3587573700.4213905,2625634304,2245.8211364637905,0.5049215399853305,0.6856610425164384,10522461184,10523508736,54.0,379.39,1965.0,2619.0,56.0,387.29,1965.0,2619.0,20260803,2026-08-10T05:21:55.273191+00:00
prefillq128_b32_h2048_sparse_q8kv8_steady,full,prefill,sglang_sparse_q8kv8_fp8,steady,ok,,32,2048,128,2048,64,576,512,10,30,1.637279987335205,1.6348799467086792,1.6427839994430542,1.6377482652664184,0.0021820339295277554,2.1710459841415286,1.2496970011852682,1.1587139742914587,1.6739499988034368,6.253406958421692,1168231104512,8388608,713.5194429471914,5123502433.846445,5251268608,3207.3125235878747,0.7210908973695719,0.9792094360915942,1107559424,1111490560,56.0,387.29,1965.0,2619.0,49.0,379.82,1965.0,2619.0,20260803,2026-08-10T05:21:55.505386+00:00
prefillq128_b32_h4096_sparse_q8kv8_steady,full,prefill,sglang_sparse_q8kv8_fp8,steady,ok,,32,4096,128,2048,64,576,512,10,30,1.641759991645813,1.637984037399292,1.648352026939392,1.6421632051467896,0.002372647812978481,0.741068011848256,1.2612399877980351,1.366863987641409,1.6673299833200872,5.036501970607787,1168231104512,8388608,711.5724042835791,5109521515.133697,5251268608,3198.5604684736945,0.7191231978611209,0.976537387487047,1145308160,1149239296,52.0,402.78,1950.0,2619.0,58.0,399.65,1965.0,2619.0,20260803,2026-08-10T05:21:55.644897+00:00
prefillq128_b32_h8192_sparse_q8kv8_steady,full,prefill,sglang_sparse_q8kv8_fp8,steady,ok,,32,8192,128,2048,64,576,512,10,30,1.6450560092926025,1.6423360109329224,1.649664044380188,1.6453920046488444,0.00233374219663019,0.8117780089378357,1.259281998500228,1.7747209931258112,1.6723859880585223,5.518166988622397,1168231104512,8388608,710.1467049832279,5099284129.30282,5251268608,3192.151864943565,0.7176823698668297,0.9745808070157894,1220805632,1224736768,58.0,399.65,1965.0,2619.0,53.0,426.71,1890.0,2619.0,20260803,2026-08-10T05:21:55.823204+00:00
prefillq128_b32_h16384_sparse_q8kv8_steady,full,prefill,sglang_sparse_q8kv8_fp8,steady,ok,,32,16384,128,2048,64,576,512,10,30,1.6722240447998047,1.6684160232543945,1.6972160339355469,1.676367998123169,0.009624984181656577,0.7673790096305311,1.266095001483336,2.6288789813406765,1.7280949978157878,6.3904479902703315,1168231104512,8388608,698.6092014074934,5016437854.775774,5251268608,3140.290097089635,0.7060224369959509,0.9587471356534017,1371800576,1375731712,53.0,426.71,1890.0,2619.0,59.0,432.32,1965.0,2619.0,20260803,2026-08-10T05:21:55.965583+00:00
prefillq128_b32_h32768_sparse_q8kv8_steady,full,prefill,sglang_sparse_q8kv8_fp8,steady,ok,,32,32768,128,2048,64,576,512,10,30,1.7269760370254517,1.7220799922943115,1.7785600423812866,1.7408373355865479,0.022890891294413608,0.9299599914811552,1.2601380003616214,4.230776015901938,1.7674720147624612,8.188346022507176,1168231104512,8388608,676.4605179607266,4857396871.845751,5251268608,3040.73044177544,0.683638724568698,0.9283510475825615,1673790464,1677721600,59.0,432.32,1965.0,2619.0,59.0,434.22,1965.0,2619.0,20260803,2026-08-10T05:21:56.097456+00:00
prefillq128_b32_h65536_sparse_q8kv8_steady,full,prefill,sglang_sparse_q8kv8_fp8,steady,ok,,32,65536,128,2048,64,576,512,10,30,1.9359999895095825,1.9270720481872559,1.9607360363006592,1.9404149373372397,0.012595728533306488,0.9921719902195036,1.265310012968257,7.516651996411383,1.9616959907580167,11.73582999035716,1168231104512,8388608,603.4251605589783,4332958701.164538,5251268608,2712.432146929001,0.6098283583213525,0.8281198459761785,2277770240,2281701376,59.0,434.22,1965.0,2619.0,52.0,429.98,1920.0,2619.0,20260803,2026-08-10T05:21:56.208505+00:00
prefillq128_b32_h131072_sparse_q8kv8_steady,full,prefill,sglang_sparse_q8kv8_fp8,steady,ok,,32,131072,128,2048,64,576,512,10,30,2.0760319232940674,2.0594239234924316,2.08351993560791,2.075164794921875,0.006878183715607283,1.1377129994798452,1.2586009979713708,14.090190001297742,2.112557995133102,18.59906199388206,1168231104512,8388608,562.7230927443313,4040693163.662765,5251268608,2529.473920452891,0.5686943837739579,0.7722617340963989,3485729792,3489660928,57.0,477.23,1920.0,2619.0,60.0,482.11,1965.0,2619.0,20260803,2026-08-10T05:21:56.346530+00:00
prefillq128_b32_h262144_sparse_q8kv8_steady,full,prefill,sglang_sparse_q8kv8_fp8,steady,ok,,32,262144,128,2048,64,576,512,10,30,2.199392080307007,2.1892800331115723,2.2280960083007812,2.209272535641988,0.016188119268665133,8.053876023041084,1.2782689882442355,26.674199994886294,2.2225849970709532,38.22893000324257,1168231104512,8388608,531.1609125867772,3814057563.956063,5251268608,2387.6000350364957,0.536797284069507,0.7289468883141413,5901648896,5905580032,52.0,486.53,1950.0,2619.0,57.0,474.45,1965.0,2619.0,20260803,2026-08-10T05:21:56.498776+00:00
prefillq128_b32_h524288_sparse_q8kv8_steady,full,prefill,sglang_sparse_q8kv8_fp8,steady,ok,,32,524288,128,2048,64,576,512,10,30,2.2694718837738037,2.260159969329834,2.285856008529663,2.2721599976221722,0.009728527372007198,2.25519499508664,1.2926619965583086,53.19121197680943,2.2951560094952583,59.034224977949634,1168231104512,8388608,514.7590119377908,3696281967.613962,5251268608,2313.8725117263402,0.5202213359654277,0.7064374864413839,10733487104,10737418240,53.0,491.32,1890.0,2619.0,58.0,507.32,1965.0,2619.0,20260803,2026-08-10T05:21:56.723427+00:00
prefillq256_b32_h2048_sparse_q8kv8_steady,full,prefill,sglang_sparse_q8kv8_fp8,steady,ok,,32,2048,256,2048,64,576,512,10,30,3.230304002761841,3.2237439155578613,3.3043839931488037,3.2593301216761272,0.03593694373644438,2.1708569838665426,2.027328999247402,1.9974560127593577,3.2549939933232963,9.450635989196599,2336462209024,16777216,723.2948375838232,5193695697.264357,10502537216,3251.253506487487,0.7309700228234697,0.9926248500152446,1531446272,1686110208,54.0,507.45,1935.0,2619.0,59.0,539.7,1845.0,2619.0,20260803,2026-08-10T05:21:56.951258+00:00
prefillq256_b32_h4096_sparse_q8kv8_steady,full,prefill,sglang_sparse_q8kv8_fp8,steady,ok,,32,4096,256,2048,64,576,512,10,30,3.2247040271759033,3.2038400173187256,3.232095956802368,3.2195733229319257,0.010524798620812808,0.9850019996520132,1.9684309954755008,2.2189969895407557,3.2598320103716105,8.43226199503988,2336462209024,16777216,724.5509012094365,5202714996.04662,10502537216,3256.8995875251844,0.7322394150676468,0.99434862834629,1569195008,1723858944,59.0,539.7,1845.0,2619.0,65.0,515.16,1965.0,2619.0,20260803,2026-08-10T05:21:57.202163+00:00
prefillq256_b32_h8192_sparse_q8kv8_steady,full,prefill,sglang_sparse_q8kv8_fp8,steady,ok,,32,8192,256,2048,64,576,512,10,30,3.234816074371338,3.212735891342163,3.2750399112701416,3.2427146514256795,0.02530242289529549,1.1491889890749007,1.9194820197299123,2.597926009912044,3.2666680053807795,8.933265024097636,2336462209024,16777216,722.285952371519,5186451289.432437,10502537216,3246.7185071847057,0.7299504319065376,0.9912402908002343,1644692480,1799356416,65.0,515.16,1965.0,2619.0,66.0,551.19,1830.0,2619.0,20260803,2026-08-10T05:21:57.414723+00:00
prefillq256_b32_h16384_sparse_q8kv8_steady,full,prefill,sglang_sparse_q8kv8_fp8,steady,ok,,32,16384,256,2048,64,576,512,10,30,3.2635200023651123,3.2465600967407227,3.2689599990844727,3.26287575562795,0.005203234903960209,0.9906640043482184,1.9103619852103293,3.3927019976545125,3.2911039888858795,9.58483197609894,2336462209024,16777216,715.9331664370795,5140834432.711106,10502537216,3218.162354877152,0.7235302338929556,0.9825219468308276,1795687424,1950351360,66.0,551.19,1830.0,2619.0,66.0,575.77,1830.0,2619.0,20260803,2026-08-10T05:21:57.606493+00:00
prefillq256_b32_h32768_sparse_q8kv8_steady,full,prefill,sglang_sparse_q8kv8_fp8,steady,ok,,32,32768,256,2048,64,576,512,10,30,3.3580799102783203,3.341248035430908,3.37062406539917,3.356922674179077,0.012699319374149247,1.1424330004956573,1.9715609960258007,4.963884013704956,3.3724299864843488,11.450307996710762,2336462209024,16777216,695.7732607471964,4996074080.503192,10502537216,3127.542374394998,0.7031564029784704,0.9548551886543287,2097677312,2252341248,55.0,559.87,1950.0,2619.0,57.0,575.18,1815.0,2619.0,20260803,2026-08-10T05:21:57.821407+00:00
prefillq256_b32_h65536_sparse_q8kv8_steady,full,prefill,sglang_sparse_q8kv8_fp8,steady,ok,,32,65536,256,2048,64,576,512,10,30,3.6580801010131836,3.6333119869232178,3.7600319385528564,3.687323729197184,0.04947923941510945,1.165124005638063,2.0358080219011754,8.117919001961127,3.632514999480918,14.951366028981283,2336462209024,16777216,638.7126975095124,4586344622.512009,10502537216,2871.0517336925177,0.6454903461440247,0.8765472427345191,2701657088,2856321024,57.0,575.18,1815.0,2619.0,64.0,603.36,1815.0,2619.0,20260803,2026-08-10T05:21:58.061704+00:00
prefillq256_b32_h131072_sparse_q8kv8_steady,full,prefill,sglang_sparse_q8kv8_fp8,steady,ok,,32,131072,256,2048,64,576,512,10,30,4.050655841827393,3.9851200580596924,4.069759845733643,4.043849579493204,0.022760569897215723,1.3405130011960864,1.9585939880926162,14.603838993934914,3.9729510026518255,21.875896985875443,2336462209024,16777216,576.8108425548046,4141851753.179606,10502537216,2592.7991974904335,0.5829316246132437,0.791595275297089,3909616640,4064280576,55.0,573.47,1950.0,2619.0,63.0,589.13,1770.0,2619.0,20260803,2026-08-10T05:21:58.317786+00:00
prefillq256_b32_h262144_sparse_q8kv8_steady,full,prefill,sglang_sparse_q8kv8_fp8,steady,ok,,32,262144,256,2048,64,576,512,10,30,4.292960166931152,4.239168167114258,4.312575817108154,4.281698099772135,0.030274079656110595,1.6619320085737854,2.027591021033004,27.323901013005525,4.27366400253959,35.287088045151904,2336462209024,16777216,544.254341566424,3908076326.735007,10502537216,2446.455780536114,0.5500296529221061,0.7469158579538576,6325535744,6480199680,63.0,589.13,1770.0,2619.0,64.0,582.98,1785.0,2619.0,20260803,2026-08-10T05:21:58.578950+00:00
prefillq256_b32_h524288_sparse_q8kv8_steady,full,prefill,sglang_sparse_q8kv8_fp8,steady,ok,,32,524288,256,2048,64,576,512,10,30,4.476191997528076,4.44323205947876,4.503871917724609,4.474759483337403,0.014009125908041544,2.4736530031077564,2.018016006331891,52.639458008343354,4.461444012122229,61.59257102990523,2336462209024,16777216,521.9754224828345,3748100172.9293604,10502537216,2346.31070825378,0.5275143228730009,0.7163410389938273,11157373952,11312037888,57.0,599.59,1875.0,2619.0,63.0,606.96,1800.0,2619.0,20260803,2026-08-10T05:21:58.825876+00:00
prefillq512_b32_h2048_sparse_q8kv8_steady,full,prefill,sglang_sparse_q8kv8_fp8,steady,ok,,32,2048,512,2048,64,576,512,10,30,6.458111763000488,6.406335830688477,6.513311862945557,6.465128501256307,0.038212800389704385,3.8301640015561134,7.737164007266983,3.5890850122086704,6.34895300026983,21.505366021301597,4672924418048,33554432,723.5744114587641,5195703207.280878,21005074432,3252.5102077578294,0.7312525633741931,0.9930085275437728,2590279680,2797600768,57.0,640.96,1860.0,2619.0,68.0,655.65,1830.0,2619.0,20260803,2026-08-10T05:21:59.143103+00:00
prefillq512_b32_h4096_sparse_q8kv8_steady,full,prefill,sglang_sparse_q8kv8_fp8,steady,ok,,32,4096,512,2048,64,576,512,10,30,6.467711925506592,6.442431926727295,6.478335857391357,6.468267695109049,0.013129549714579056,1.2377820094116032,3.176914993673563,3.7684300041291863,6.434773007640615,14.617900014854968,4672924418048,33554432,722.5003945552179,5187991114.395808,21005074432,3247.682437611776,0.730167149626294,0.991534583845574,2628028416,2835349504,68.0,655.65,1830.0,2619.0,60.0,646.46,1815.0,2619.0,20260803,2026-08-10T05:21:59.503322+00:00
prefillq512_b32_h8192_sparse_q8kv8_steady,full,prefill,sglang_sparse_q8kv8_fp8,steady,ok,,32,8192,512,2048,64,576,512,10,30,6.449312210083008,6.428287982940674,6.488736152648926,6.457155195871989,0.0235921257670559,1.2827999889850616,3.203659987775609,4.225496988510713,6.395103002432734,15.107059967704117,4672924418048,33554432,724.5616688772236,5202792314.433189,21005074432,3256.9479888351766,0.7322502969956782,0.9943634055216088,2703525888,2910846976,60.0,646.46,1815.0,2619.0,60.0,646.92,1890.0,2619.0,20260803,2026-08-10T05:21:59.898948+00:00
prefillq512_b32_h16384_sparse_q8kv8_steady,full,prefill,sglang_sparse_q8kv8_fp8,steady,ok,,32,16384,512,2048,64,576,512,10,30,6.531775951385498,6.518752098083496,6.573887825012207,6.546727434794108,0.023844075190671103,1.4361159992404282,3.4319460100959986,5.08405698928982,6.5130860020872205,16.465205000713468,4672924418048,33554432,715.4140700519275,5137107005.772687,21005074432,3215.828985613702,0.7230056291580874,0.9818095568832148,2854520832,3061841920,60.0,646.92,1890.0,2619.0,61.0,615.49,1890.0,2619.0,20260803,2026-08-10T05:22:00.300937+00:00
prefillq512_b32_h32768_sparse_q8kv8_steady,full,prefill,sglang_sparse_q8kv8_fp8,steady,ok,,32,32768,512,2048,64,576,512,10,30,6.6651201248168945,6.565695762634277,6.7123517990112305,6.643501838048299,0.04373705994727619,1.6284069861285388,3.3450699993409216,6.572037003934383,6.537847977597266,18.08336196700111,4672924418048,33554432,701.1013050835862,5034332670.924189,21005074432,3151.492251998542,0.7085409854306076,0.962167212652662,3156510720,3363831808,61.0,615.49,1890.0,2619.0,68.0,634.89,1800.0,2619.0,20260803,2026-08-10T05:22:00.703347+00:00
prefillq512_b32_h65536_sparse_q8kv8_steady,full,prefill,sglang_sparse_q8kv8_fp8,steady,ok,,32,65536,512,2048,64,576,512,10,30,7.298208236694336,7.201056003570557,7.38588809967041,7.298674138387044,0.05963118189940361,1.5114829875528812,3.309958992758766,9.69517501653172,7.0804369752295315,21.5970539720729,4672924418048,33554432,640.2837883623562,4597626007.886863,21005074432,2878.1138809371764,0.6470781085016232,0.8787033535500945,3760490496,3967811584,59.0,614.8,1860.0,2619.0,63.0,640.96,1770.0,2619.0,20260803,2026-08-10T05:22:01.063044+00:00
prefillq512_b32_h131072_sparse_q8kv8_steady,full,prefill,sglang_sparse_q8kv8_fp8,steady,ok,,32,131072,512,2048,64,576,512,10,30,7.944608211517334,7.846879959106445,8.028703689575195,7.951586087544759,0.042742350157531556,1.6167050052899867,3.2945699931588024,16.28695600084029,7.733268983429298,28.93149998271838,4672924418048,33554432,588.1881514652466,4223547732.832941,21005074432,2643.940880753421,0.5944296629259693,0.8072091010345025,4968450048,5175771136,63.0,640.96,1770.0,2619.0,63.0,657.29,1740.0,2619.0,20260803,2026-08-10T05:22:01.469814+00:00
prefillq512_b32_h262144_sparse_q8kv8_steady,full,prefill,sglang_sparse_q8kv8_fp8,steady,ok,,32,262144,512,2048,64,576,512,10,30,8.611807823181152,8.518688201904297,8.647968292236328,8.592239983876546,0.04927059999217445,2.1174559951759875,3.293040004791692,28.891771973576397,8.42082197777927,42.723089951323345,4672924418048,33554432,542.6182880520722,3896328470.043028,21005074432,2439.1016222469357,0.5483762385569199,0.7446705946256617,7384369152,7591690240,63.0,657.29,1740.0,2619.0,65.0,683.43,1770.0,2619.0,20260803,2026-08-10T05:22:01.872159+00:00
prefillq512_b32_h524288_sparse_q8kv8_steady,full,prefill,sglang_sparse_q8kv8_fp8,steady,ok,,32,524288,512,2048,64,576,512,10,30,8.98361587524414,8.97116756439209,9.517215728759766,9.040783913930257,0.14695927198761977,2.7773210022132844,3.262400015955791,54.39902099897154,8.893841004464775,69.33258302160539,4672924418048,33554432,520.1607551949128,3735069760.9928823,21005074432,2338.1536703815445,0.525680399388492,0.7138506522927166,12216207360,12423528448,65.0,683.43,1770.0,2619.0,65.0,675.46,1770.0,2619.0,20260803,2026-08-10T05:22:02.325158+00:00
prefillq1024_b32_h2048_sparse_q8kv8_steady,full,prefill,sglang_sparse_q8kv8_fp8,steady,ok,,32,2048,1024,2048,64,576,512,10,30,12.957728385925293,12.857215881347656,12.981439590454102,12.946303939819336,0.040844625601738245,2.8952629945706576,5.968947021756321,6.919484003446996,12.786486011464149,28.570180031238124,9345848836096,67108864,721.2567324877311,5179060866.323896,42010148864,3242.0921023187593,0.7289102905383842,0.9898278249845092,4855482368,5423235072,57.0,643.89,1830.0,2619.0,69.0,679.46,1800.0,2619.0,20260803,2026-08-10T05:22:02.859119+00:00
prefillq1024_b32_h4096_sparse_q8kv8_steady,full,prefill,sglang_sparse_q8kv8_fp8,steady,ok,,32,4096,1024,2048,64,576,512,10,30,12.974464416503906,12.873503684997559,12.995136260986328,12.958196290334065,0.04134758688268676,8.981279999716207,5.908865976380184,7.09076298517175,12.802379002096131,34.78328796336427,9345848836096,67108864,720.3263684786712,5172380288.36362,42010148864,3237.910060515626,0.7279700540461558,0.9885510255564395,4893231104,5460983808,59.0,630.58,1950.0,2619.0,70.0,690.83,1800.0,2619.0,20260803,2026-08-10T05:22:03.543219+00:00
prefillq1024_b32_h8192_sparse_q8kv8_steady,full,prefill,sglang_sparse_q8kv8_fp8,steady,ok,,32,8192,1024,2048,64,576,512,10,30,13.132448196411133,13.007552146911621,13.625439643859863,13.247718334197998,0.2401395937942995,1.749599992763251,6.103575986344367,7.455110986484215,12.842433003243059,28.150719968834892,9345848836096,67108864,711.6608187839686,5110156384.88029,42010148864,3198.9578969350614,0.7192125505649001,0.9766587244932414,4968728576,5536481280,70.0,690.83,1800.0,2619.0,62.0,669.44,1920.0,2619.0,20260803,2026-08-10T05:22:04.220641+00:00
prefillq1024_b32_h16384_sparse_q8kv8_steady,full,prefill,sglang_sparse_q8kv8_fp8,steady,ok,,32,16384,1024,2048,64,576,512,10,30,13.078207969665527,12.97539234161377,13.191519737243652,13.081855964660644,0.07183955282051879,1.8604409997351468,5.9972539893351495,8.313072990858927,12.91475401376374,29.085521993692964,9345848836096,67108864,714.612342744005,5131350117.35987,42010148864,3212.2251734672786,0.722195394385048,0.9807092940202332,5119723520,5687476224,62.0,669.44,1920.0,2619.0,70.0,670.43,1815.0,2619.0,20260803,2026-08-10T05:22:04.898893+00:00
prefillq1024_b32_h32768_sparse_q8kv8_steady,full,prefill,sglang_sparse_q8kv8_fp8,steady,ok,,32,32768,1024,2048,64,576,512,10,30,13.618176460266113,13.129440307617188,15.12992000579834,13.90594352086385,0.6824995766680625,1.8798639939632267,5.906940990826115,9.746282012201846,12.95248800306581,30.485575000056997,9345848836096,67108864,686.2775543674644,4927889148.433654,42010148864,3084.858606919467,0.69355993367101,0.9418236092330557,5421713408,5989466112,70.0,670.43,1815.0,2619.0,69.0,692.87,1785.0,2619.0,20260803,2026-08-10T05:22:05.551854+00:00
prefillq1024_b32_h65536_sparse_q8kv8_steady,full,prefill,sglang_sparse_q8kv8_fp8,steady,ok,,32,65536,1024,2048,64,576,512,10,30,14.518431663513184,14.441247940063477,14.746368408203125,14.52758404413859,0.07756716366013836,2.0906870195176452,6.006398994941264,13.093335990561172,14.107825001701713,35.298247006721795,9345848836096,67108864,643.7230310201759,4622321856.475297,42010148864,2893.573482153536,0.6505538464074542,0.8834232513704473,6025693184,6593445888,69.0,692.87,1785.0,2619.0,68.0,684.83,1665.0,2619.0,20260803,2026-08-10T05:22:06.191558+00:00
prefillq1024_b32_h131072_sparse_q8kv8_steady,full,prefill,sglang_sparse_q8kv8_fp8,steady,ok,,32,131072,1024,2048,64,576,512,10,30,15.870528221130371,15.7957124710083,16.451007843017578,15.921820863087971,0.18408555718928377,2.138744021067396,5.964187002973631,19.436670001596212,15.400218981085345,42.939820006722584,9345848836096,67108864,588.8807672861657,4228521134.580119,42010148864,2647.0542302471545,0.5951296283841998,0.8081596230618054,7233652736,7801405440,68.0,684.83,1665.0,2619.0,67.0,700.2,1740.0,2619.0,20260803,2026-08-10T05:22:06.903693+00:00
prefillq1024_b32_h262144_sparse_q8kv8_steady,full,prefill,sglang_sparse_q8kv8_fp8,steady,ok,,32,262144,1024,2048,64,576,512,10,30,17.276639938354492,17.031904220581055,17.495616912841797,17.258714612325033,0.1315742655236065,2.55848397500813,6.089218019042164,32.166610995773226,16.756386001361534,57.570698991185054,9345848836096,67108864,540.9529207903457,3884370122.8626614,42010148864,2431.6156969120257,0.5466931993838764,0.7423851021231661,9649571840,10217324544,67.0,689.56,1830.0,2619.0,66.0,696.97,1755.0,2619.0,20260803,2026-08-10T05:22:07.680328+00:00
prefillq1024_b32_h524288_sparse_q8kv8_steady,full,prefill,sglang_sparse_q8kv8_fp8,steady,ok,,32,524288,1024,2048,64,576,512,10,30,17.859296798706055,17.829952239990234,18.087839126586914,17.894461822509765,0.14120488814133123,3.2541449763812125,6.171935994643718,58.15087299561128,17.670116008957848,85.24706997559406,9345848836096,67108864,523.3044134622997,3757643134.351302,42010148864,2352.284602103915,0.5288574163338047,0.7181649003061382,14481410048,15049162752,57.0,636.31,1965.0,2619.0,66.0,695.24,1710.0,2619.0,20260803,2026-08-10T05:22:08.534895+00:00
prefillq2048_b32_h2048_sparse_q8kv8_steady,full,prefill,sglang_sparse_q8kv8_fp8,steady,ok,,32,2048,2048,2048,64,576,512,10,30,25.870527267456055,25.71843147277832,31.215200424194336,27.274275143941242,2.00517390933104,5.118706001667306,11.020255013136193,13.41043398133479,25.521577015751973,55.07097201189026,18691697672192,134217728,722.5093435070921,5188055373.298858,84020297728,3247.722663685085,0.7301761935392543,0.9915468650779987,9387984896,10152312832,58.0,645.35,1830.0,2619.0,66.0,686.17,1875.0,2619.0,20260803,2026-08-10T05:22:09.458488+00:00
prefillq2048_b32_h4096_sparse_q8kv8_steady,full,prefill,sglang_sparse_q8kv8_fp8,steady,ok,,32,4096,2048,2048,64,576,512,10,30,25.919328689575195,25.87548828125,30.650304794311523,27.265249315897623,1.885648225662879,2.7525410114321858,10.889472003327683,13.584803993580863,25.516397989122197,52.74321499746293,18691697672192,134217728,721.1489886969889,5178287200.547082,84020297728,3241.607787542473,0.7288014034330358,0.9896799611279347,9425733632,10190061568,66.0,686.17,1875.0,2619.0,66.0,705.36,1740.0,2619.0,20260803,2026-08-10T05:22:10.707039+00:00
prefillq2048_b32_h8192_sparse_q8kv8_steady,full,prefill,sglang_sparse_q8kv8_fp8,steady,ok,,32,8192,2048,2048,64,576,512,10,30,25.99388885498047,25.765439987182617,31.000991821289062,27.327937126159668,1.8931298899023614,3.845893021207303,10.917476000031456,14.011303021106869,25.580407993402332,54.35508003574796,18691697672192,134217728,719.0804645073583,5163433942.062259,84020297728,3232.3096477309737,0.726710929264637,0.9868411899840067,9501231104,10265559040,66.0,705.36,1740.0,2619.0,65.0,708.85,1725.0,2619.0,20260803,2026-08-10T05:22:11.940704+00:00
prefillq2048_b32_h16384_sparse_q8kv8_steady,full,prefill,sglang_sparse_q8kv8_fp8,steady,ok,,32,16384,2048,2048,64,576,512,10,30,26.907392501831055,25.884319305419922,30.903423309326172,27.454063924153647,1.7462448819043352,2.9253889806568623,14.453556010266766,14.782263024244457,25.644392997492105,57.80560101266019,18691697672192,134217728,694.6677449671137,4988135806.576816,84020297728,3122.5730149170863,0.702039156106229,0.9533380169860504,9652226048,10416553984,64.0,674.2,1920.0,2619.0,65.0,710.66,1740.0,2619.0,20260803,2026-08-10T05:22:13.180770+00:00
prefillq2048_b32_h32768_sparse_q8kv8_steady,full,prefill,sglang_sparse_q8kv8_fp8,steady,ok,,32,32768,2048,2048,64,576,512,10,30,27.227840423583984,26.292800903320312,31.070751190185547,27.758639971415203,1.7566424804236536,2.9815089947078377,10.87028201436624,16.41968300100416,25.93512600287795,56.20660001295619,18691697672192,134217728,686.4921118019254,4929429800.96741,84020297728,3085.8230554055986,0.6937767678645027,0.9421180604445603,9954215936,10718543872,68.0,680.13,1890.0,2619.0,66.0,702.59,1740.0,2619.0,20260803,2026-08-10T05:22:14.400379+00:00
prefillq2048_b32_h65536_sparse_q8kv8_steady,full,prefill,sglang_sparse_q8kv8_fp8,steady,ok,,32,65536,2048,2048,64,576,512,10,30,29.453279495239258,28.733184814453125,33.840415954589844,30.226183255513508,1.7214791821114628,3.1971590069588274,11.055412993300706,19.67458100989461,28.083319979486987,62.01047298964113,18691697672192,134217728,634.6219501707194,4556970575.09995,84020297728,2852.663580012568,0.6413561901674779,0.8709332423952051,10558195712,11322523648,62.0,655.64,1815.0,2619.0,66.0,691.93,1755.0,2619.0,20260803,2026-08-10T05:22:15.673241+00:00
prefillq2048_b32_h131072_sparse_q8kv8_steady,full,prefill,sglang_sparse_q8kv8_fp8,steady,ok,,32,131072,2048,2048,64,576,512,10,30,32.321537017822266,31.484703063964844,36.65439987182617,32.99288845062256,1.864498266004249,3.4281380067113787,11.052226996980608,25.839904003078118,30.6530210073106,70.9732900140807,18691697672192,134217728,578.304727955397,4152578756.5731053,84020297728,2599.514301614764,0.5844413622591177,0.7936454320169358,11766155264,12530483200,66.0,691.93,1755.0,2619.0,66.0,670.7,1920.0,2619.0,20260803,2026-08-10T05:22:17.032435+00:00
prefillq2048_b32_h262144_sparse_q8kv8_steady,full,prefill,sglang_sparse_q8kv8_fp8,steady,ok,,32,262144,2048,2048,64,576,512,10,30,34.16495895385742,34.032833099365234,40.061439514160156,35.370604832967125,1.994061502999408,4.088465007953346,17.40628300467506,39.03012498631142,33.38330198312178,93.90817498206161,18691697672192,134217728,547.1014233453835,3928520100.9979863,84020297728,2459.253583224739,0.5529069462813375,0.7508230946393306,14182074368,14946402304,66.0,670.7,1920.0,2619.0,66.0,698.88,1755.0,2619.0,20260803,2026-08-10T05:22:18.547822+00:00
prefillq2048_b32_h524288_sparse_q8kv8_steady,full,prefill,sglang_sparse_q8kv8_fp8,steady,ok,,32,524288,2048,2048,64,576,512,10,30,35.84444808959961,35.651424407958984,41.360511779785156,36.8894847869873,1.870450261119372,4.3131949787493795,11.037942982511595,64.41909697605297,35.301397991133854,115.0716329284478,18691697672192,134217728,521.4670239996096,3744449563.4163146,84020297728,2344.0254266986126,0.5270005295599896,0.7156433304772771,19013912576,19778240512,66.0,698.88,1755.0,2619.0,66.0,686.68,1770.0,2619.0,20260803,2026-08-10T05:22:20.144301+00:00
prefillq4096_b32_h2048_sparse_q8kv8_steady,full,prefill,sglang_sparse_q8kv8_fp8,steady,ok,,32,2048,4096,2048,64,576,512,10,30,52.98515319824219,51.70131301879883,60.95027160644531,54.51568094889323,2.8919109535820477,5.103276984300464,21.20917398133315,26.17846499197185,50.95731699839234,103.44823295599781,37383395344384,268435456,705.54472503864,5066239121.658433,168040595456,3171.4656901581793,0.7130315563806366,0.9682652087080104,18452989952,19889389568,66.0,686.68,1770.0,2619.0,68.0,701.14,1785.0,2619.0,20260803,2026-08-10T05:22:21.867787+00:00
prefillq4096_b32_h4096_sparse_q8kv8_steady,full,prefill,sglang_sparse_q8kv8_fp8,steady,ok,,32,4096,4096,2048,64,576,512,10,30,53.422977447509766,51.787776947021484,59.6357421875,54.518593343098956,2.609145461127188,4.551755002466962,27.494208014104515,26.68297800119035,50.956343999132514,109.68528501689434,37383395344384,268435456,699.7624829337656,5024719115.735334,168040595456,3145.4741664503194,0.7071879564767717,0.9603298593817577,18490738688,19927138304,69.0,666.24,1875.0,2619.0,61.0,690.66,1845.0,2619.0,20260803,2026-08-10T05:22:24.204858+00:00
prefillq4096_b32_h8192_sparse_q8kv8_steady,full,prefill,sglang_sparse_q8kv8_fp8,steady,ok,,32,8192,4096,2048,64,576,512,10,30,53.56038284301758,51.87615966796875,61.16447830200195,54.62980918884277,3.106663645189199,5.0506070256233215,20.94042598037049,27.061800996307284,51.236158004030585,104.28899200633168,37383395344384,268435456,697.9672914951448,5011828552.21123,168040595456,3137.40467368423,0.7053737155079786,0.9578662006634648,18566236160,20002635776,61.0,690.66,1845.0,2619.0,69.0,701.29,1770.0,2619.0,20260803,2026-08-10T05:22:26.548786+00:00
prefillq4096_b32_h16384_sparse_q8kv8_steady,full,prefill,sglang_sparse_q8kv8_fp8,steady,ok,,32,16384,4096,2048,64,576,512,10,30,53.41459274291992,52.07302474975586,61.79500961303711,54.942854690551755,3.105540523554838,5.4697649902664125,21.032232005381957,27.84468900063075,51.44491800456308,105.7916040008422,37383395344384,268435456,699.8723274800059,5025507866.210979,168040595456,3145.9679242480734,0.7072989666296169,0.9604806062426104,18717231104,20153630720,58.0,661.0,1785.0,2619.0,69.0,702.93,1785.0,2619.0,20260803,2026-08-10T05:22:28.939463+00:00
prefillq4096_b32_h32768_sparse_q8kv8_steady,full,prefill,sglang_sparse_q8kv8_fp8,steady,ok,,32,32768,4096,2048,64,576,512,10,30,53.705055236816406,52.661598205566406,62.30553436279297,55.67178433736165,3.3317975194213476,13.961603021016344,20.940955000696704,29.324621020350605,51.96542199701071,116.19260103907436,37383395344384,268435456,696.0870849036307,4998327528.31766,168040595456,3128.9530327268553,0.7034735572548062,0.9552858700860563,19019220992,20455620608,57.0,648.3,1920.0,2619.0,61.0,673.37,1845.0,2619.0,20260803,2026-08-10T05:22:31.340089+00:00
prefillq4096_b32_h65536_sparse_q8kv8_steady,full,prefill,sglang_sparse_q8kv8_fp8,steady,ok,,32,65536,4096,2048,64,576,512,10,30,58.710113525390625,57.808128356933594,68.05760192871094,60.64558741251628,3.3391322938369963,5.34675401286222,21.28508998430334,32.689329993445426,56.46153099951334,115.78270499012433,37383395344384,268435456,636.7454106219133,4572218309.268105,168040595456,2862.2086616018337,0.6435021835491797,0.8738474061668154,19623200768,21059600384,61.0,673.37,1845.0,2619.0,68.0,692.93,1740.0,2619.0,20260803,2026-08-10T05:22:33.783600+00:00
prefillq4096_b32_h131072_sparse_q8kv8_steady,full,prefill,sglang_sparse_q8kv8_fp8,steady,ok,,32,131072,4096,2048,64,576,512,10,30,64.0315170288086,62.960670471191406,73.62384033203125,65.84933001200358,3.6064357213389977,5.712587008019909,21.063104999484494,38.825268973596394,61.597556981723756,127.19851796282455,37383395344384,268435456,583.8280440484448,4192239516.662201,168040595456,2624.3419374305377,0.5900232885785193,0.8012254402287502,20831160320,22267559936,57.0,634.59,1965.0,2619.0,60.0,670.03,1770.0,2619.0,20260803,2026-08-10T05:22:36.400812+00:00
prefillq4096_b32_h262144_sparse_q8kv8_steady,full,prefill,sglang_sparse_q8kv8_fp8,steady,ok,,32,262144,4096,2048,64,576,512,10,30,69.65312194824219,68.00406646728516,77.54822540283203,71.18801956176758,3.4431961264415065,5.356907000532374,21.111313020810485,52.006379002705216,67.26627101306804,145.7408700371161,37383395344384,268435456,536.7081086783567,3853889796.9206448,168040595456,2412.535012872324,0.542403343788132,0.7365596686110436,23247079424,24683479040,60.0,670.03,1770.0,2619.0,62.0,697.24,1440.0,2619.0,20260803,2026-08-10T05:22:39.291582+00:00
prefillq4096_b32_h524288_sparse_q8kv8_steady,full,prefill,sglang_sparse_q8kv8_fp8,steady,ok,,32,524288,4096,2048,64,576,512,10,30,72.8175048828125,71.24288177490234,80.938720703125,74.2006357828776,3.0179189966225866,6.080408988054842,21.190466999541968,77.89887898252346,70.42720500612631,175.59695997624658,37383395344384,268435456,513.3847335822104,3686413815.3593926,168040595456,2307.6950484149793,0.5188324745651444,0.704551474298474,28078917632,29515317248,57.0,666.08,1935.0,2619.0,62.0,698.43,1500.0,2619.0,20260803,2026-08-10T05:22:42.351010+00:00
prefillq8192_b32_h2048_sparse_q8kv8_steady,full,prefill,sglang_sparse_q8kv8_fp8,steady,ok,,32,2048,8192,2048,64,576,512,10,30,106.4651870727539,103.9552001953125,114.58096313476562,107.84674936930338,3.8094767433427528,7.869422988733277,42.690807982580736,52.84847799339332,103.32814999856055,206.73685896326788,74766790688768,536870912,702.2651511209525,5042689791.482023,336081190912,3156.7238094677464,0.7097171815269858,0.9637644347511091,36583000064,39088816128,59.0,673.36,1770.0,2619.0,71.0,688.91,1875.0,2619.0,20260803,2026-08-10T05:22:45.573001+00:00
prefillq8192_b32_h4096_sparse_q8kv8_steady,full,prefill,sglang_sparse_q8kv8_fp8,steady,ok,,32,4096,8192,2048,64,576,512,10,30,106.62918090820312,103.73033905029297,114.563232421875,107.86215718587239,3.8387919008164144,9.075403999304399,40.34784098621458,52.66437400132418,102.46760200243443,204.5552209892776,74766790688768,536870912,701.1850794683924,5034934221.8261175,336081190912,3151.8688228631495,0.7086256487805885,0.9622821817245153,36620748800,39126564864,60.0,633.67,1965.0,2619.0,70.0,659.39,1950.0,2619.0,20260803,2026-08-10T05:22:50.251001+00:00
prefillq8192_b32_h8192_sparse_q8kv8_steady,full,prefill,sglang_sparse_q8kv8_fp8,steady,ok,,32,8192,8192,2048,64,576,512,10,30,107.11065673828125,103.81439971923828,115.0032958984375,108.0410784403483,3.88304097805758,10.869297984754667,40.31970998039469,53.937408985802904,103.72387600364164,208.8502929545939,74766790688768,536870912,698.0331646313808,5012301561.289212,336081190912,3137.700777367047,0.705440287651724,0.9579566026801511,36696246272,39202062336,70.0,659.39,1950.0,2619.0,71.0,652.03,1920.0,2619.0,20260803,2026-08-10T05:22:54.938939+00:00
prefillq8192_b32_h16384_sparse_q8kv8_steady,full,prefill,sglang_sparse_q8kv8_fp8,steady,ok,,32,16384,8192,2048,64,576,512,10,30,106.91836547851562,104.25603485107422,114.64463806152344,108.24752375284831,3.782774244254274,9.492865996435285,40.39686301257461,54.32034199475311,103.94249702221714,208.15256802598014,74766790688768,536870912,699.2885680037053,5021316119.052341,336081190912,3143.3438905267662,0.7067090126363874,0.9596794749023904,36847241216,39353057280,71.0,652.03,1920.0,2619.0,70.0,699.78,1770.0,2619.0,20260803,2026-08-10T05:22:59.657055+00:00
prefillq8192_b32_h32768_sparse_q8kv8_steady,full,prefill,sglang_sparse_q8kv8_fp8,steady,ok,,32,32768,8192,2048,64,576,512,10,30,108.79344177246094,106.49858856201172,118.0420150756836,110.25802815755209,3.7056834683793163,10.129426984349266,40.41102301562205,55.135204980615526,105.30655199545436,210.9822069760412,74766790688768,536870912,687.2361924640742,4934772751.494099,336081190912,3089.1677424353056,0.6945287442790037,0.9431392110421948,37149231104,39655047168,70.0,699.78,1770.0,2619.0,70.0,700.17,1755.0,2619.0,20260803,2026-08-10T05:23:04.347627+00:00
prefillq8192_b32_h65536_sparse_q8kv8_steady,full,prefill,sglang_sparse_q8kv8_fp8,steady,ok,,32,65536,8192,2048,64,576,512,10,30,118.24031829833984,115.96492767333984,126.90089416503906,120.48290328979492,3.829960872102699,10.04211898543872,40.605708985822275,58.764418005011976,115.38022101740353,224.7924669936765,74766790688768,536870912,632.3290715449449,4540506315.666252,336081190912,2842.3569536070736,0.6390389808438048,0.8677865749730851,37753210880,40259026944,60.0,659.41,1950.0,2619.0,66.0,685.31,1605.0,2619.0,20260803,2026-08-10T05:23:09.075645+00:00
prefillq8192_b32_h131072_sparse_q8kv8_steady,full,prefill,sglang_sparse_q8kv8_fp8,steady,ok,,32,131072,8192,2048,64,576,512,10,30,129.12643432617188,126.482177734375,140.14877319335938,131.48713099161785,4.563817531037031,10.795192007208243,40.73355701984838,65.60302499565296,125.05308698746376,242.18486101017334,74766790688768,536870912,579.0200207953388,4157714993.073148,336081190912,2602.7295856637907,0.5851642453717422,0.7946270752018036,38961170432,41466986496,66.0,685.31,1605.0,2619.0,66.0,691.45,1725.0,2619.0,20260803,2026-08-10T05:23:14.223537+00:00
prefillq8192_b32_h262144_sparse_q8kv8_steady,full,prefill,sglang_sparse_q8kv8_fp8,steady,ok,,32,262144,8192,2048,64,576,512,10,30,139.46669006347656,136.97308349609375,148.77462768554688,141.1769592285156,4.185677054043013,10.129972972208634,40.57016901788302,78.09663901571184,135.62143201124854,264.41821301705204,74766790688768,536870912,536.0906654824805,3849456180.2223153,336081190912,2409.7595688191695,0.5417793486432345,0.7357123108976291,41377089536,43882905600,58.0,635.4,1965.0,2619.0,64.0,695.56,1500.0,2619.0,20260803,2026-08-10T05:23:19.870358+00:00
prefillq8192_b32_h524288_sparse_q8kv8_steady,full,prefill,sglang_sparse_q8kv8_fp8,steady,ok,,32,524288,8192,2048,64,576,512,10,30,146.7000274658203,143.25238037109375,154.80755615234375,147.62844543457032,3.764241016242892,20.16823599115014,41.117232001852244,104.74539798451588,142.0652630040422,308.09612898156047,74766790688768,536870912,509.65764615271075,3659651066.698578,336081190912,2290.94156775331,0.5150658374458926,0.6994365482566134,46208927744,48714743808,60.0,656.65,1920.0,2619.0,56.0,670.72,1890.0,2619.0,20260803,2026-08-10T05:23:25.897212+00:00
prefillq16384_b32_h2048_sparse_q8kv8_steady,full,prefill,sglang_sparse_q8kv8_fp8,steady,ok,,32,2048,16384,2048,64,576,512,10,30,215.8002166748047,208.43414306640625,222.1656951904297,216.08326416015626,4.178941079648696,14.09719799994491,80.71145397843793,105.38099499535747,206.50570999714546,406.69535697088577,149533581377536,1073741824,692.926002029332,4975629035.71154,672162381824,3114.7437763554244,0.700278930802761,0.9509477091440146,72843020288,77491863552,56.0,670.72,1890.0,2619.0,59.0,652.33,1950.0,2619.0,20260803,2026-08-10T05:23:32.279512+00:00
prefillq16384_b32_h4096_sparse_q8kv8_steady,full,prefill,sglang_sparse_q8kv8_fp8,steady,ok,,32,4096,16384,2048,64,576,512,10,30,216.11952209472656,210.2901153564453,222.84915161132812,216.7422663370768,3.8977760157616297,17.317752994131297,80.89687302708626,106.25509198871441,207.21932098967955,411.6890389996115,149533581377536,1073741824,691.9022396875117,4968277801.064968,672162381824,3110.1419034666706,0.6992443048888446,0.9495427330703635,72880769024,77529612288,59.0,652.33,1950.0,2619.0,69.0,697.86,1695.0,2619.0,20260803,2026-08-10T05:23:41.491407+00:00
prefillq16384_b32_h8192_sparse_q8kv8_steady,full,prefill,sglang_sparse_q8kv8_fp8,steady,ok,,32,8192,16384,2048,64,576,512,10,30,217.46585083007812,210.18917846679688,224.51510620117188,217.20190938313803,4.124216894741001,103.07850100798532,83.557316014776,106.07792099472135,206.53435599524528,499.24809401272796,149533581377536,1073741824,687.618680389398,4937519246.821849,672162381824,3090.8870485104776,0.6949152909443134,0.9436641242584642,72956266496,77605109760,69.0,667.5,1830.0,2619.0,65.0,691.7,1695.0,2619.0,20260803,2026-08-10T05:23:50.713022+00:00
prefillq16384_b32_h16384_sparse_q8kv8_steady,full,prefill,sglang_sparse_q8kv8_fp8,steady,ok,,32,16384,16384,2048,64,576,512,10,30,217.88272094726562,211.1736297607422,224.79647827148438,218.05349680582682,3.8665230021961787,81.93139400100335,90.2062919922173,108.83026800001971,207.03275699634105,488.0007109895814,149533581377536,1073741824,686.3030750094578,4928072402.124438,672162381824,3084.9733237298983,0.6935857251232519,0.9418586328805569,73107261440,77756104704,57.0,644.89,1950.0,2619.0,69.0,688.84,1695.0,2619.0,20260803,2026-08-10T05:24:00.023108+00:00
prefillq16384_b32_h32768_sparse_q8kv8_steady,full,prefill,sglang_sparse_q8kv8_fp8,steady,ok,,32,32768,16384,2048,64,576,512,10,30,224.1304931640625,217.28598022460938,231.0384063720703,223.93502705891927,4.133254016216101,76.9580039777793,80.88010997744277,108.44306601211429,213.21318001719192,479.4943599845283,149533581377536,1073741824,667.171964272073,4790699421.760634,672162381824,2998.9778380221574,0.6742516061365063,0.91560375735876,73409251328,78058094592,58.0,651.7,1890.0,2619.0,68.0,700.39,1695.0,2619.0,20260803,2026-08-10T05:24:09.371618+00:00
prefillq16384_b32_h65536_sparse_q8kv8_steady,full,prefill,sglang_sparse_q8kv8_fp8,steady,ok,,32,65536,16384,2048,64,576,512,10,30,242.73561096191406,236.5663299560547,252.0948486328125,242.723530069987,5.042689136897998,107.88751899963245,84.3083199870307,112.71858197869733,231.7228319880087,536.6372529533692,149533581377536,1073741824,616.0347910426635,4423503497.261773,672162381824,2769.11318928587,0.622571794888998,0.8454248672720966,74013231104,78662074368,62.0,665.12,1830.0,2619.0,66.0,664.43,1890.0,2619.0,20260803,2026-08-10T05:24:18.899759+00:00
prefillq16384_b32_h131072_sparse_q8kv8_steady,full,prefill,sglang_sparse_q8kv8_fp8,steady,ok,,32,131072,16384,2048,64,576,512,10,30,262.6124572753906,256.0953674316406,273.10760498046875,262.9158391316732,4.589686811837633,31.352295976830646,81.7433169868309,118.40013597975485,251.27692299429327,482.7726719377097,149533581377536,1073741824,569.4077993441356,4088693412.1103487,672162381824,2559.522075981078,0.5754500246024614,0.7814355945212739,75221190656,79870033920,66.0,664.43,1890.0,2619.0,61.0,682.59,1590.0,2619.0,20260803,2026-08-10T05:24:29.244157+00:00
prefillq16384_b32_h262144_sparse_q8kv8_steady,full,prefill,sglang_sparse_q8kv8_fp8,steady,ok,,32,262144,16384,2048,64,576,512,10,30,281.6944580078125,275.5498352050781,291.166015625,281.9926289876302,4.638968842170729,51.149479986634105,82.07942801527679,131.36270100949332,271.01943400339223,535.6110430147965,149533581377536,1073741824,530.8360783348775,3811725056.9772334,672162381824,2386.139885667748,0.5364690028649596,0.7285010970077235,77637109760,82285953024,55.0,636.06,1965.0,2619.0,65.0,699.07,1635.0,2619.0,20260803,2026-08-10T05:24:40.404546+00:00
prefillq16384_b32_h524288_sparse_q8kv8_steady,full,prefill,sglang_sparse_q8kv8_fp8,steady,ok,,32,524288,16384,2048,64,576,512,10,30,294.0164489746094,288.2077331542969,303.4671936035156,294.42308451334634,4.443994267483171,46.493911009747535,109.07975502777845,157.18962100800127,284.9649300042074,597.7282170497347,149533581377536,1073741824,508.58916873201673,3651978750.660736,672162381824,2286.1386979136205,0.5139860219626243,0.6979702067533282,82468947968,82520834048,59.0,650.63,1935.0,2619.0,56.0,659.35,1890.0,2619.0,20260803,2026-08-10T05:24:52.416063+00:00
prefillq32768_b32_h2048_sparse_q8kv8_steady,full,prefill,sglang_sparse_q8kv8_fp8,steady,skipped_memory_limit,skipped_memory_limit: estimated live tensors 109.2 GiB exceed current free GPU memory 78.6 GiB,32,2048,32768,2048,64,576,512,10,30,,,,,,,,,,,,,,,,,,,,,,,,,,,,,20260803,2026-08-10T05:25:04.982920+00:00
prefillq32768_b32_h4096_sparse_q8kv8_steady,full,prefill,sglang_sparse_q8kv8_fp8,steady,skipped_memory_limit,skipped_memory_limit: estimated live tensors 109.3 GiB exceed current free GPU memory 78.6 GiB,32,4096,32768,2048,64,576,512,10,30,,,,,,,,,,,,,,,,,,,,,,,,,,,,,20260803,2026-08-10T05:25:04.984075+00:00
prefillq32768_b32_h8192_sparse_q8kv8_steady,full,prefill,sglang_sparse_q8kv8_fp8,steady,skipped_memory_limit,skipped_memory_limit: estimated live tensors 109.3 GiB exceed current free GPU memory 78.6 GiB,32,8192,32768,2048,64,576,512,10,30,,,,,,,,,,,,,,,,,,,,,,,,,,,,,20260803,2026-08-10T05:25:04.985152+00:00
prefillq32768_b32_h16384_sparse_q8kv8_steady,full,prefill,sglang_sparse_q8kv8_fp8,steady,skipped_memory_limit,skipped_memory_limit: estimated live tensors 109.5 GiB exceed current free GPU memory 78.6 GiB,32,16384,32768,2048,64,576,512,10,30,,,,,,,,,,,,,,,,,,,,,,,,,,,,,20260803,2026-08-10T05:25:04.986173+00:00
prefillq32768_b32_h32768_sparse_q8kv8_steady,full,prefill,sglang_sparse_q8kv8_fp8,steady,skipped_memory_limit,skipped_memory_limit: estimated live tensors 109.8 GiB exceed current free GPU memory 78.6 GiB,32,32768,32768,2048,64,576,512,10,30,,,,,,,,,,,,,,,,,,,,,,,,,,,,,20260803,2026-08-10T05:25:04.987491+00:00
prefillq32768_b32_h65536_sparse_q8kv8_steady,full,prefill,sglang_sparse_q8kv8_fp8,steady,skipped_memory_limit,skipped_memory_limit: estimated live tensors 110.3 GiB exceed current free GPU memory 78.6 GiB,32,65536,32768,2048,64,576,512,10,30,,,,,,,,,,,,,,,,,,,,,,,,,,,,,20260803,2026-08-10T05:25:04.988419+00:00
prefillq32768_b32_h131072_sparse_q8kv8_steady,full,prefill,sglang_sparse_q8kv8_fp8,steady,skipped_memory_limit,skipped_memory_limit: estimated live tensors 111.5 GiB exceed current free GPU memory 78.6 GiB,32,131072,32768,2048,64,576,512,10,30,,,,,,,,,,,,,,,,,,,,,,,,,,,,,20260803,2026-08-10T05:25:04.989330+00:00
prefillq32768_b32_h262144_sparse_q8kv8_steady,full,prefill,sglang_sparse_q8kv8_fp8,steady,skipped_memory_limit,skipped_memory_limit: estimated live tensors 113.7 GiB exceed current free GPU memory 78.6 GiB,32,262144,32768,2048,64,576,512,10,30,,,,,,,,,,,,,,,,,,,,,,,,,,,,,20260803,2026-08-10T05:25:04.990223+00:00
prefillq32768_b32_h524288_sparse_q8kv8_steady,full,prefill,sglang_sparse_q8kv8_fp8,steady,skipped_memory_limit,skipped_memory_limit: estimated live tensors 118.2 GiB exceed current free GPU memory 78.6 GiB,32,524288,32768,2048,64,576,512,10,30,,,,,,,,,,,,,,,,,,,,,,,,,,,,,20260803,2026-08-10T05:25:04.991294+00:00
prefillq2_b64_h2048_sparse_q8kv8_steady,full,prefill,sglang_sparse_q8kv8_fp8,steady,ok,,64,2048,2,2048,64,576,512,10,30,0.08988799899816513,0.08867199718952179,0.0915519967675209,0.09009599934021632,0.0009728478271913863,15.923911007121205,1.7381589859724045,4.258886008756235,0.14914499479345977,22.070100996643305,36507222016,262144,406.1412248897121,2916340367.1423492,164102144,1825.6290698311107,0.4104509599693907,0.5573741875275549,734667776,769654784,56.0,659.35,1890.0,2619.0,54.0,609.78,1965.0,2619.0,20260803,2026-08-10T05:25:04.992211+00:00
prefillq2_b64_h4096_sparse_q8kv8_steady,full,prefill,sglang_sparse_q8kv8_fp8,steady,ok,,64,4096,2,2048,64,576,512,10,30,0.08956799656152725,0.08799999952316284,0.09126400202512741,0.08981226632992427,0.002158795021771665,7.45459200697951,1.0746899934019893,1.180663995910436,0.12814899673685431,9.83809499302879,36507222016,262144,407.5922585911807,2926759669.3415437,164102144,1832.1515530078063,0.4119173911987678,0.5593655360557689,810165248,845152256,52.0,552.7,1965.0,2619.0,51.0,497.49,1980.0,2619.0,20260803,2026-08-10T05:25:05.144504+00:00
prefillq2_b64_h8192_sparse_q8kv8_steady,full,prefill,sglang_sparse_q8kv8_fp8,steady,ok,,64,8192,2,2048,64,576,512,10,30,0.08761599659919739,0.08630400151014328,0.09148799628019333,0.08778239985307058,0.0014110361172532452,0.5539320118259639,1.059381989762187,2.0342709904070944,0.1285090111196041,3.7760940031148493,36507222016,262144,416.6730212863255,2991965054.043583,164102144,1872.970123831283,0.4210945136799651,0.5718276610978925,961160192,996147200,51.0,497.49,1980.0,2619.0,50.0,447.4,1980.0,2619.0,20260803,2026-08-10T05:25:05.266296+00:00
prefillq2_b64_h16384_sparse_q8kv8_steady,full,prefill,sglang_sparse_q8kv8_fp8,steady,ok,,64,16384,2,2048,64,576,512,10,30,0.09388799965381622,0.0923520028591156,0.09593600034713745,0.09401386678218841,0.0011807363561517422,0.7818590092938393,0.9840779821388423,3.591834014514461,0.1285659964196384,5.486337002366781,36507222016,262144,388.83800007039673,2792092716.4981384,164102144,1747.8500405278346,0.392964123365737,0.5336278394982666,1263150080,1298137088,50.0,447.4,1980.0,2619.0,50.0,395.88,1980.0,2619.0,20260803,2026-08-10T05:25:05.405768+00:00
prefillq2_b64_h32768_sparse_q8kv8_steady,full,prefill,sglang_sparse_q8kv8_fp8,steady,ok,,64,32768,2,2048,64,576,512,10,30,0.09430400282144547,0.09190399944782257,0.09644799679517746,0.09438293327887853,0.0012965002626916476,0.8317380270455033,2.120533987181261,6.807669997215271,0.1243949809577316,9.884336992399767,36507222016,262144,387.12271933061544,2779775960.266942,164102144,1740.1397511271057,0.391230641061764,0.5312738474626714,1867129856,1902116864,50.0,395.88,1980.0,2619.0,50.0,350.23,1980.0,2619.0,20260803,2026-08-10T05:25:05.473878+00:00
prefillq2_b64_h65536_sparse_q8kv8_steady,full,prefill,sglang_sparse_q8kv8_fp8,steady,ok,,64,65536,2,2048,64,576,512,10,30,0.09321600198745728,0.09200000017881393,0.09539200365543365,0.09345493366320928,0.001148104129582722,0.9521309984847903,0.9637819894123822,13.274297991301864,0.12476599658839405,15.314976975787431,36507222016,262144,391.6411478461847,2812221017.967204,164102144,1760.4503572474698,0.39579701651964094,0.5374747826754183,3075089408,3110076416,50.0,350.23,1980.0,2619.0,50.0,350.23,1980.0,2619.0,20260803,2026-08-10T05:25:05.565953+00:00
prefillq2_b64_h131072_sparse_q8kv8_steady,full,prefill,sglang_sparse_q8kv8_fp8,steady,ok,,64,131072,2,2048,64,576,512,10,30,0.09452799707651138,0.09283199906349182,0.09667199850082397,0.09452586645881335,0.0012433677393442735,1.3586119748651981,0.9697930072434247,26.16670000134036,0.12888899073004723,28.62399397417903,36507222016,262144,386.20539041413195,2773188982.1786814,164102144,1736.0163028438546,0.39030357798295295,0.5300149369453769,5491008512,5525995520,50.0,298.5,1980.0,2619.0,51.0,266.2,1980.0,2619.0,20260803,2026-08-10T05:25:05.645726+00:00
prefillq2_b64_h262144_sparse_q8kv8_steady,full,prefill,sglang_sparse_q8kv8_fp8,steady,ok,,64,262144,2,2048,64,576,512,10,30,0.09459199756383896,0.09324800223112106,0.09692800045013428,0.09474239995082219,0.0012820018770619676,2.13385300594382,0.9960219904314727,51.95784298120998,0.12627299292944372,55.213990970514715,36507222016,262144,385.94408571784027,2771312655.9472675,164102144,1734.8417226229892,0.3900395004728047,0.5296563314065468,10322846720,10357833728,51.0,266.2,1980.0,2619.0,53.0,236.66,1980.0,2619.0,20260803,2026-08-10T05:25:05.774789+00:00
prefillq2_b64_h524288_sparse_q8kv8_steady,full,prefill,sglang_sparse_q8kv8_fp8,steady,ok,,64,524288,2,2048,64,576,512,10,30,0.09497600048780441,0.09212800115346909,0.09759999811649323,0.0951605332394441,0.0016428543736685852,3.816377022303641,0.9664839890319854,103.56006599613465,0.1291719963774085,108.47209900384769,36507222016,262144,384.38365301229743,2760107802.535454,164102144,1727.8274843871939,0.3884625093605836,0.5275148474641582,19986523136,20021510144,49.0,217.03,1980.0,2619.0,53.0,238.04,1980.0,2619.0,20260803,2026-08-10T05:25:05.941280+00:00
prefillq4_b64_h2048_sparse_q8kv8_steady,full,prefill,sglang_sparse_q8kv8_fp8,steady,ok,,64,2048,4,2048,64,576,512,10,30,0.13849599659442902,0.13734400272369385,0.14150400459766388,0.1387701322635015,0.0011269489556049095,4.1946159908548,0.7953169988468289,0.8464859856758267,0.17068599117919803,6.007104966556653,73014444032,524288,527.1953401354635,3785582348.1694016,328204288,2369.7745499540456,0.5327896312637327,0.723504673666434,747914240,801112064,53.0,238.04,1980.0,2619.0,50.0,255.38,1980.0,2619.0,20260803,2026-08-10T05:25:06.113916+00:00
prefillq4_b64_h4096_sparse_q8kv8_steady,full,prefill,sglang_sparse_q8kv8_fp8,steady,ok,,64,4096,4,2048,64,576,512,10,30,0.14633600413799286,0.14483200013637543,0.14931200444698334,0.1467776005466779,0.001545712393043802,0.5912419874221087,0.7890080159995705,1.2529359955806285,0.17950200708582997,2.8126880060881376,73014444032,524288,498.95064760104,3582768322.0433135,328204288,2242.8129695991142,0.5042452224366245,0.6847426333007585,823411712,876609536,50.0,255.38,1980.0,2619.0,50.0,255.38,1980.0,2619.0,20260803,2026-08-10T05:25:06.179079+00:00
prefillq4_b64_h8192_sparse_q8kv8_steady,full,prefill,sglang_sparse_q8kv8_fp8,steady,ok,,64,8192,4,2048,64,576,512,10,30,0.15292799472808838,0.1504960060119629,0.15507200360298157,0.152872534096241,0.0011947021821656417,1.7045089916791767,0.7810730021446943,2.0913220068905503,0.18285101396031678,4.759755014674738,73014444032,524288,477.4432840881905,3428332405.274805,328204288,2146.136085702028,0.4825096352584038,0.6552266705538359,974406656,1027604480,50.0,255.38,1980.0,2619.0,49.0,262.74,1980.0,2619.0,20260803,2026-08-10T05:25:06.241719+00:00
prefillq4_b64_h16384_sparse_q8kv8_steady,full,prefill,sglang_sparse_q8kv8_fp8,steady,ok,,64,16384,4,2048,64,576,512,10,30,0.16636799275875092,0.1645440012216568,0.17084799706935883,0.1669183999300003,0.0019078090910779606,0.8545779855921865,0.8051740005612373,3.624614008003846,0.19993199384771287,5.4842979880049825,73014444032,524288,438.873143933868,3151375401.639103,328204288,1972.7610014260783,0.443530211150953,0.6022943425509909,1276396544,1329594368,49.0,262.74,1980.0,2619.0,48.0,266.03,1980.0,2619.0,20260803,2026-08-10T05:25:06.285941+00:00
prefillq4_b64_h32768_sparse_q8kv8_steady,full,prefill,sglang_sparse_q8kv8_fp8,steady,ok,,64,32768,4,2048,64,576,512,10,30,0.16655999422073364,0.16380800306797028,0.1695680022239685,0.1668575997153918,0.00206650246237547,0.8853139879647642,0.7949249993544072,6.879240012494847,0.20175398094579577,8.761232980759814,73014444032,524288,438.3672344226766,3147742664.455111,328204288,1970.4869079488994,0.4430189332215024,0.6016000498136818,1880376320,1933574144,48.0,266.03,1980.0,2619.0,48.0,266.03,1980.0,2619.0,20260803,2026-08-10T05:25:06.376729+00:00
prefillq4_b64_h65536_sparse_q8kv8_steady,full,prefill,sglang_sparse_q8kv8_fp8,steady,ok,,64,65536,4,2048,64,576,512,10,30,0.16598400473594666,0.16278399527072906,0.16921600699424744,0.16612053364515306,0.0019998670356145627,1.0459019977133721,0.7980139926075935,13.339115015696734,0.19696698291227221,15.379997988929972,73014444032,524288,439.8884347208878,3158665805.383213,328204288,1977.3247941698914,0.4445562756148437,0.6036876925554704,3088335872,3141533696,49.0,278.58,1980.0,2619.0,48.0,280.75,1980.0,2619.0,20260803,2026-08-10T05:25:06.448482+00:00
prefillq4_b64_h131072_sparse_q8kv8_steady,full,prefill,sglang_sparse_q8kv8_fp8,steady,ok,,64,131072,4,2048,64,576,512,10,30,0.16979199647903442,0.16755199432373047,0.17395199835300446,0.17030400137106577,0.001979315442907874,1.436405989807099,0.8132670191116631,26.23581001535058,0.20503898849710822,28.69052201276645,73014444032,524288,430.0228841529387,3087825167.6882663,328204288,1932.9785549728547,0.4345860375471841,0.5901485517459752,5504254976,5557452800,48.0,280.75,1980.0,2619.0,50.0,284.72,1980.0,2619.0,20260803,2026-08-10T05:25:06.564981+00:00
prefillq4_b64_h262144_sparse_q8kv8_steady,full,prefill,sglang_sparse_q8kv8_fp8,steady,ok,,64,262144,4,2048,64,576,512,10,30,0.17097599804401398,0.16828800737857819,0.17366400361061096,0.17121706704298656,0.0015622150047308607,2.1574590064119548,0.8272590057458729,52.07104800501838,0.20568800391629338,55.261454021092504,73014444032,524288,427.0449938429607,3066442108.8218107,328204288,1919.5927601224537,0.4315765475926839,0.5860617979511078,10336093184,10389291008,50.0,284.72,1980.0,2619.0,49.0,281.95,1980.0,2619.0,20260803,2026-08-10T05:25:06.709851+00:00
prefillq4_b64_h524288_sparse_q8kv8_steady,full,prefill,sglang_sparse_q8kv8_fp8,steady,ok,,64,524288,4,2048,64,576,512,10,30,0.17084799706935883,0.16873599588871002,0.1743360012769699,0.17122453252474468,0.0018064865045011496,3.980945999501273,0.8660369785502553,103.62629999872297,0.20410001161508262,108.67738298838958,73014444032,524288,427.36494008974813,3068739516.958784,328204288,1921.0309376161988,0.4318998889234443,0.586500881128158,19999769600,20052967424,49.0,281.95,1980.0,2619.0,51.0,285.74,1980.0,2619.0,20260803,2026-08-10T05:25:06.869810+00:00
prefillq8_b64_h2048_sparse_q8kv8_steady,full,prefill,sglang_sparse_q8kv8_fp8,steady,ok,,64,2048,8,2048,64,576,512,10,30,0.23532800376415253,0.23446400463581085,0.23824000358581543,0.2356160004933675,0.001264222798705369,3.4198639914393425,0.9710839949548244,0.9197540057357401,0.2665779902599752,5.577279982389882,146028888064,1048576,620.5334075342399,4455806292.611443,656408576,2789.3347391747634,0.6271181480891763,0.851598613147491,774407168,874512384,51.0,295.47,1980.0,2619.0,51.0,278.63,1980.0,2619.0,20260803,2026-08-10T05:25:07.050524+00:00
prefillq8_b64_h4096_sparse_q8kv8_steady,full,prefill,sglang_sparse_q8kv8_fp8,steady,ok,,64,4096,8,2048,64,576,512,10,30,0.2497600018978119,0.248416006565094,0.2516160011291504,0.24977173507213593,0.0008698068984523209,0.6048849900253117,0.9994689899031073,1.3770450023002923,0.28617700445465744,3.2675759866833687,146028888064,1048576,584.6768375816517,4198334369.123763,656408576,2628.1573150714758,0.5908810890163231,0.8023902951534833,849904640,950009856,47.0,270.27,1980.0,2619.0,47.0,270.27,1980.0,2619.0,20260803,2026-08-10T05:25:07.220412+00:00
prefillq8_b64_h8192_sparse_q8kv8_steady,full,prefill,sglang_sparse_q8kv8_fp8,steady,ok,,64,8192,8,2048,64,576,512,10,30,0.2640640139579773,0.26262399554252625,0.2666560113430023,0.2642250676949819,0.0010718961058945094,0.5953889922238886,0.9789379837457091,2.1830920013599098,0.3003999881912023,4.05781896552071,146028888064,1048576,553.0056363046832,3970915931.645531,656408576,2485.7933732101023,0.5588738113235808,0.7589258325529048,1000899584,1101004800,47.0,270.27,1980.0,2619.0,47.0,272.0,1980.0,2619.0,20260803,2026-08-10T05:25:07.326743+00:00
prefillq8_b64_h16384_sparse_q8kv8_steady,full,prefill,sglang_sparse_q8kv8_fp8,steady,ok,,64,16384,8,2048,64,576,512,10,30,0.28726398944854736,0.2852480113506317,0.2893120050430298,0.2872725337743759,0.0011949308295395237,0.8242750191129744,0.9603090002201498,3.7259090167935938,0.32298098085448146,5.833474016981199,146028888064,1048576,508.34386984713115,3650217355.864625,656408576,2285.0360647712555,0.5137381201082679,0.6976335670371762,1302889472,1402994688,47.0,264.93,1980.0,2619.0,47.0,264.93,1980.0,2619.0,20260803,2026-08-10T05:25:07.418642+00:00
prefillq8_b64_h32768_sparse_q8kv8_steady,full,prefill,sglang_sparse_q8kv8_fp8,steady,ok,,64,32768,8,2048,64,576,512,10,30,0.30217599868774414,0.30006399750709534,0.3043519854545593,0.30233706335226695,0.0012553765592311992,0.8851759776007384,1.0955720208585262,7.041613018373027,0.33541000448167324,9.357771021313965,146028888064,1048576,483.2577329045252,3470083674.9233484,656408576,2172.272380502016,0.4883857836326682,0.6632062192583663,1906869248,2006974464,47.0,264.93,1980.0,2619.0,50.0,271.42,1980.0,2619.0,20260803,2026-08-10T05:25:07.509331+00:00
prefillq8_b64_h65536_sparse_q8kv8_steady,full,prefill,sglang_sparse_q8kv8_fp8,steady,ok,,64,65536,8,2048,64,576,512,10,30,0.30931198596954346,0.30640000104904175,0.3112959861755371,0.30945813258488974,0.0013740050014519345,1.0437919991090894,0.955624011112377,13.409897015662864,0.33997802529484034,15.74929105117917,146028888064,1048576,472.1087273946726,3390027052.1791177,656408576,2122.156934664127,0.4771184713437823,0.6479057092215391,3114828800,3214934016,47.0,263.09,1980.0,2619.0,47.0,263.09,1980.0,2619.0,20260803,2026-08-10T05:25:07.588905+00:00
prefillq8_b64_h131072_sparse_q8kv8_steady,full,prefill,sglang_sparse_q8kv8_fp8,steady,ok,,64,131072,8,2048,64,576,512,10,30,0.31676799058914185,0.31327998638153076,0.32067200541496277,0.3169877300659815,0.0019975933126544446,1.451046991860494,1.0511169966775924,26.34998701978475,0.3529090026859194,29.205060011008754,146028888064,1048576,460.99635191171865,3310233455.2484393,656408576,2072.206142985523,0.46588817777839175,0.6326554689683008,5530747904,5630853120,47.0,272.47,1980.0,2619.0,49.0,257.53,1980.0,2619.0,20260803,2026-08-10T05:25:07.757771+00:00
prefillq8_b64_h262144_sparse_q8kv8_steady,full,prefill,sglang_sparse_q8kv8_fp8,steady,ok,,64,262144,8,2048,64,576,512,10,30,0.31910398602485657,0.31625598669052124,0.32230401039123535,0.31925333142280576,0.001598407603119114,2.1544769988395274,4.9638740019872785,52.10459200316109,0.3558229946065694,59.57876599859446,146028888064,1048576,457.62163576554354,3286000946.156534,656408576,2057.0365922939905,0.46247765110211575,0.628024125103562,10362586112,10462691328,47.0,257.35,1980.0,2619.0,51.0,237.55,1980.0,2619.0,20260803,2026-08-10T05:25:07.947957+00:00
prefillq8_b64_h524288_sparse_q8kv8_steady,full,prefill,sglang_sparse_q8kv8_fp8,steady,ok,,64,524288,8,2048,64,576,512,10,30,0.31993600726127625,0.31747201085090637,0.3232319951057434,0.3202847977479299,0.0016383107223582791,9.038367017637938,1.0423829953651875,103.65470999386162,0.3533389826770872,114.08879898954183,146028888064,1048576,456.4315511531194,3277455416.7130013,656408576,2051.6870908623387,0.4612749380021419,0.626390894091076,20026262528,20126367744,51.0,237.55,1980.0,2619.0,52.0,275.82,1980.0,2619.0,20260803,2026-08-10T05:25:08.098622+00:00
prefillq16_b64_h2048_sparse_q8kv8_steady,full,prefill,sglang_sparse_q8kv8_fp8,steady,ok,,64,2048,16,2048,64,576,512,10,30,0.44393599033355713,0.4429120123386383,0.4455679953098297,0.44526186684767405,0.007493031397252208,3.7274869973771274,0.8120099955704063,0.9508639923296869,0.474580010632053,5.964940995909274,292057776128,2097152,657.8826283234179,4723996354.574175,1312817152,2957.2217179634335,0.6648636971434239,0.9028553935883544,827393024,943718400,52.0,275.82,1980.0,2619.0,52.0,293.58,1980.0,2619.0,20260803,2026-08-10T05:25:08.309805+00:00
prefillq16_b64_h4096_sparse_q8kv8_steady,full,prefill,sglang_sparse_q8kv8_fp8,steady,ok,,64,4096,16,2048,64,576,512,10,30,0.4482240080833435,0.44758400321006775,0.4522239863872528,0.448648535211881,0.0015104947800105026,0.668502994813025,0.8542060095351189,1.4230619999580085,0.4818410088773817,3.427612013183534,292057776128,2097152,651.5888726640771,4678803371.0368595,1312817152,2928.9309102690736,0.6585031557999769,0.894218060729385,902890496,1019215872,47.0,290.98,1980.0,2619.0,47.0,290.98,1980.0,2619.0,20260803,2026-08-10T05:25:08.433807+00:00
prefillq16_b64_h8192_sparse_q8kv8_steady,full,prefill,sglang_sparse_q8kv8_fp8,steady,ok,,64,8192,16,2048,64,576,512,10,30,0.47775998711586,0.4763520061969757,0.4795840084552765,0.47789226472377777,0.000925413735110589,0.64462999580428,0.8221800089813769,2.226526994490996,0.5113389925099909,4.204675991786644,292057776128,2097152,611.306480249829,4389551357.492453,1312817152,2747.8591497902753,0.6177933100048802,0.8389358968720847,1053885440,1170210816,47.0,290.98,1980.0,2619.0,48.0,284.53,1980.0,2619.0,20260803,2026-08-10T05:25:08.525567+00:00
prefillq16_b64_h16384_sparse_q8kv8_steady,full,prefill,sglang_sparse_q8kv8_fp8,steady,ok,,64,16384,16,2048,64,576,512,10,30,0.5241600275039673,0.521888017654419,0.5337600111961365,0.5247125287850698,0.0030003534484820318,0.9202609944622964,0.817930995253846,3.812321985606104,0.5561319994740188,6.106645974796265,292057776128,2097152,557.1920039739953,4000976591.0356965,1312817152,2504.6113459883463,0.5631046022981255,0.7646710589307689,1355875328,1472200704,48.0,294.03,1980.0,2619.0,49.0,298.36,1980.0,2619.0,20260803,2026-08-10T05:25:08.655827+00:00
prefillq16_b64_h32768_sparse_q8kv8_steady,full,prefill,sglang_sparse_q8kv8_fp8,steady,ok,,64,32768,16,2048,64,576,512,10,30,0.5491520166397095,0.5466560125350952,0.5529919862747192,0.5495232005914052,0.002113078984460782,0.9199150081258267,0.8374220051337034,7.020698016276583,0.5963800067547709,9.374415036290884,292057776128,2097152,531.8341138308425,3818891557.2642074,1312817152,2390.6261148473936,0.5374776289346564,0.7298707664468164,1959855104,2076180480,49.0,298.36,1980.0,2619.0,47.0,291.8,1980.0,2619.0,20260803,2026-08-10T05:25:08.797688+00:00
prefillq16_b64_h65536_sparse_q8kv8_steady,full,prefill,sglang_sparse_q8kv8_fp8,steady,ok,,64,65536,16,2048,64,576,512,10,30,0.5742719769477844,0.5717440247535706,0.5781440138816833,0.5743349353472392,0.001836672148275052,1.1023080151062459,0.8076739904936403,13.38733098236844,0.6081069877836853,15.905419975752011,292057776128,2097152,508.57048202189276,3651844568.746358,1312817152,2286.05470003522,0.5139671369599724,0.6979445617578571,3167814656,3284140032,47.0,291.8,1980.0,2619.0,50.0,315.34,1980.0,2619.0,20260803,2026-08-10T05:25:08.906835+00:00
prefillq16_b64_h131072_sparse_q8kv8_steady,full,prefill,sglang_sparse_q8kv8_fp8,steady,ok,,64,131072,16,2048,64,576,512,10,30,0.5994560122489929,0.5969600081443787,0.6051200032234192,0.600302932659785,0.002612258926080474,1.5263939858414233,0.8140360005199909,26.257569988956675,0.6310549797490239,29.229054955067113,292057776128,2097152,487.20468251253357,3498425167.398133,1312817152,2190.014154791231,0.492374615980327,0.6686228765592184,5583733760,5700059136,50.0,315.34,1980.0,2619.0,51.0,318.97,1980.0,2619.0,20260803,2026-08-10T05:25:08.996388+00:00
prefillq16_b64_h262144_sparse_q8kv8_steady,full,prefill,sglang_sparse_q8kv8_fp8,steady,ok,,64,262144,16,2048,64,576,512,10,30,0.6133120059967041,0.6093119978904724,0.6166399717330933,0.6131157298882802,0.0026170264607220856,8.052924007643014,0.8386910194531083,51.8732100026682,0.6534320127684623,61.41825704253279,292057776128,2097152,476.1977154733369,3419388467.0362544,1312817152,2140.5371803646954,0.48125084939195245,0.6535172952130234,10415571968,10531897344,51.0,318.97,1980.0,2619.0,48.0,320.39,1980.0,2619.0,20260803,2026-08-10T05:25:09.102642+00:00
prefillq16_b64_h524288_sparse_q8kv8_steady,full,prefill,sglang_sparse_q8kv8_fp8,steady,ok,,64,524288,16,2048,64,576,512,10,30,0.6136000156402588,0.6104000210762024,0.6178240180015564,0.6137685318787892,0.0020018826178411137,3.5538259835448116,0.8397809870075434,103.63969000172801,0.6458179850596935,108.67911495734006,292057776128,2097152,475.97419928885324,3417783485.2427998,1312817152,2139.5324617619926,0.48102496138337875,0.6532105493224537,20079248384,20195573760,52.0,317.4,1980.0,2619.0,52.0,355.59,1980.0,2619.0,20260803,2026-08-10T05:25:09.252234+00:00
prefillq32_b64_h2048_sparse_q8kv8_steady,full,prefill,sglang_sparse_q8kv8_fp8,steady,ok,,64,2048,32,2048,64,576,512,10,30,0.8475840091705322,0.8453760147094727,0.849407970905304,0.8476544002691905,0.0013178707901523325,4.300019005313516,0.831977988127619,0.9957450092770159,0.8777889888733625,7.005530991591513,584115552256,4194304,689.1535776230969,4948540740.055555,2625634304,3097.7865032747773,0.6964664756170762,0.945770564201377,934282240,935329792,52.0,355.59,1980.0,2619.0,52.0,362.99,1980.0,2619.0,20260803,2026-08-10T05:25:09.485781+00:00
prefillq32_b64_h4096_sparse_q8kv8_steady,full,prefill,sglang_sparse_q8kv8_fp8,steady,ok,,64,4096,32,2048,64,576,512,10,30,0.8652799725532532,0.8635519742965698,0.8671680092811584,0.8653536021709443,0.0011876628021282715,0.6205959944054484,0.823686015792191,1.4368710108101368,0.8952640055213124,3.7764170265290886,584115552256,4194304,675.0596001111662,4847337431.864418,2625634304,3034.4332323471253,0.6822229409915778,0.9264284763183329,1009779712,1010827264,52.0,362.99,1980.0,2619.0,49.0,359.14,1980.0,2619.0,20260803,2026-08-10T05:25:09.625802+00:00
prefillq32_b64_h8192_sparse_q8kv8_steady,full,prefill,sglang_sparse_q8kv8_fp8,steady,ok,,64,8192,32,2048,64,576,512,10,30,0.86735999584198,0.8663679957389832,0.8695679903030396,0.8677013297875722,0.00122893925653958,0.6655870238319039,0.8446809952147305,2.1942610037513077,0.8982960134744644,4.602825036272407,584115552256,4194304,673.4407340160717,4835712991.268898,2625634304,3027.15633253433,0.6805868964285717,0.9242068004106132,1160774656,1161822208,50.0,362.39,1980.0,2619.0,55.0,382.17,1980.0,2619.0,20260803,2026-08-10T05:25:09.719745+00:00
prefillq32_b64_h16384_sparse_q8kv8_steady,full,prefill,sglang_sparse_q8kv8_fp8,steady,ok,,64,16384,32,2048,64,576,512,10,30,0.9323199987411499,0.9305599927902222,0.9351999759674072,0.9325557311375936,0.0015280118035485523,0.8721489866729826,0.8484610007144511,3.7484490021597594,0.9625870152376592,6.431646004784852,584115552256,4194304,626.5183124299517,4498781540.311579,2625634304,2816.2372442350484,0.6331665613238522,0.8598120898872208,1462764544,1463812096,55.0,382.17,1980.0,2619.0,48.0,352.91,1980.0,2619.0,20260803,2026-08-10T05:25:09.897507+00:00
prefillq32_b64_h32768_sparse_q8kv8_steady,full,prefill,sglang_sparse_q8kv8_fp8,steady,ok,,64,32768,32,2048,64,576,512,10,30,1.0098880529403687,1.0040960311889648,1.0121279954910278,1.009161611398061,0.002919927330160321,0.9223379893228412,0.8386590052396059,7.040569995297119,1.038350979797542,9.839917969657108,584115552256,4194304,578.3963386390219,4153236576.8541903,2625634304,2599.9260971107233,0.5845339450621747,0.7937711553545954,2066744320,2067791872,50.0,358.14,1980.0,2619.0,50.0,358.14,1980.0,2619.0,20260803,2026-08-10T05:25:10.038630+00:00
prefillq32_b64_h65536_sparse_q8kv8_steady,full,prefill,sglang_sparse_q8kv8_fp8,steady,ok,,64,65536,32,2048,64,576,512,10,30,1.090175986289978,1.0881919860839844,1.0957759618759155,1.0907445351282756,0.002632122278961961,1.0885449883062392,0.8165710023604333,13.469022989738733,1.1173969833180308,16.491535963723436,584115552256,4194304,535.7993201114504,3847364143.7230754,2625634304,2408.449953970645,0.5414849116841337,0.7353124785744959,3274703872,3275751424,50.0,358.14,1980.0,2619.0,53.0,372.56,1965.0,2619.0,20260803,2026-08-10T05:25:10.151200+00:00
prefillq32_b64_h131072_sparse_q8kv8_steady,full,prefill,sglang_sparse_q8kv8_fp8,steady,ok,,64,131072,32,2048,64,576,512,10,30,1.11900794506073,1.114848017692566,1.1230080127716064,1.1191477378209431,0.002730444470869834,1.4290209801401943,0.8181859739124775,26.590922992909327,1.189112983411178,30.027242930373177,584115552256,4194304,521.9941063280827,3748234334.272193,2625634304,2346.394693254393,0.5275332049803767,0.7163666800576419,5690622976,5691670528,53.0,373.61,1965.0,2619.0,54.0,372.11,1965.0,2619.0,20260803,2026-08-10T05:25:10.266568+00:00
prefillq32_b64_h262144_sparse_q8kv8_steady,full,prefill,sglang_sparse_q8kv8_fp8,steady,ok,,64,262144,32,2048,64,576,512,10,30,1.174399971961975,1.1706559658050537,1.1777600049972534,1.1744458556175232,0.0020491247203208635,2.145329985069111,0.8142850128933787,51.8439510196913,1.2029619829263538,56.00652800058015,584115552256,4194304,497.3736088226955,3571444226.955247,2625634304,2235.724086073985,0.5026514490375902,0.6825783597576875,10522461184,10523508736,54.0,372.11,1965.0,2619.0,56.0,382.16,1980.0,2619.0,20260803,2026-08-10T05:25:10.412598+00:00
prefillq32_b64_h524288_sparse_q8kv8_steady,full,prefill,sglang_sparse_q8kv8_fp8,steady,ok,,64,524288,32,2048,64,576,512,10,30,1.192352056503296,1.1879359483718872,1.196895956993103,1.1923754771550497,0.002991069354519035,3.886303020408377,0.8336290193255991,103.5634400031995,1.218706980580464,109.50207902351394,584115552256,4194304,489.8851384288155,3517672466.888898,2625634304,2202.0629642724502,0.49508351533988426,0.6723014416665816,20186137600,20187185152,56.0,382.16,1980.0,2619.0,53.0,412.76,1965.0,2619.0,20260803,2026-08-10T05:25:10.600839+00:00
prefillq64_b64_h2048_sparse_q8kv8_steady,full,prefill,sglang_sparse_q8kv8_fp8,steady,ok,,64,2048,64,2048,64,576,512,10,30,1.6564480066299438,1.6521919965744019,1.6592639684677124,1.6559893290201824,0.0023397044356466465,4.401023994432762,1.0848869860637933,1.4123590080998838,1.6841820033732802,8.58245199196972,1168231104512,8388608,705.2627669785876,5064214491.746522,5251268608,3170.198271833323,0.7127466063452124,0.9678782592061931,1145308160,1149239296,53.0,412.76,1965.0,2619.0,53.0,427.67,1965.0,2619.0,20260803,2026-08-10T05:25:10.886500+00:00
prefillq64_b64_h4096_sparse_q8kv8_steady,full,prefill,sglang_sparse_q8kv8_fp8,steady,ok,,64,4096,64,2048,64,576,512,10,30,1.6453759670257568,1.6431039571762085,1.6505600214004517,1.6459616065025329,0.0020889989499434146,0.7778869767207652,1.0625499999150634,1.796822005417198,1.6767449851613492,5.314003967214376,1168231104512,8388608,710.0086107515829,5098292528.949211,5251268608,3191.5311231222063,0.7175428102593056,0.9743912912625282,1220805632,1224736768,53.0,427.67,1965.0,2619.0,52.0,431.24,1965.0,2619.0,20260803,2026-08-10T05:25:11.038589+00:00
prefillq64_b64_h8192_sparse_q8kv8_steady,full,prefill,sglang_sparse_q8kv8_fp8,steady,ok,,64,8192,64,2048,64,576,512,10,30,1.6755520105361938,1.6710400581359863,1.687391996383667,1.6765461365381877,0.004408186747919785,0.7761159795336425,1.0755840048659593,2.6416500040795654,1.7405689868610352,6.2339189753402025,1168231104512,8388608,697.2216303438734,5006474252.813889,5251268608,3134.0528822614942,0.7046201418331212,0.956842881057154,1371800576,1375731712,56.0,441.28,1890.0,2619.0,59.0,436.14,1965.0,2619.0,20260803,2026-08-10T05:25:11.165430+00:00
prefillq64_b64_h16384_sparse_q8kv8_steady,full,prefill,sglang_sparse_q8kv8_fp8,steady,ok,,64,16384,64,2048,64,576,512,10,30,1.7229440212249756,1.72051203250885,1.726304054260254,1.7231605490048727,0.00200912327908253,0.9345690195914358,1.0762140154838562,4.268273012712598,1.750489987898618,8.029546035686508,1168231104512,8388608,678.0435638770279,4868764101.8283825,5251268608,3047.8463277445676,0.6852385688499524,0.930523565114257,1673790464,1677721600,59.0,436.14,1965.0,2619.0,55.0,444.76,1965.0,2619.0,20260803,2026-08-10T05:25:11.310914+00:00
prefillq64_b64_h32768_sparse_q8kv8_steady,full,prefill,sglang_sparse_q8kv8_fp8,steady,ok,,64,32768,64,2048,64,576,512,10,30,1.8488320112228394,1.8413439989089966,1.8580800294876099,1.8492021242777505,0.0051748167191816505,1.0447520180605352,1.0694910015445203,7.519946986576542,1.8861889839172363,11.520378990098834,1168231104512,8388608,631.8752041400008,4537247272.374776,5251268608,2840.31679250661,0.6385802972612439,0.8671637030246769,2277770240,2281701376,55.0,444.76,1965.0,2619.0,60.0,458.07,1860.0,2619.0,20260803,2026-08-10T05:25:11.421931+00:00
prefillq64_b64_h65536_sparse_q8kv8_steady,full,prefill,sglang_sparse_q8kv8_fp8,steady,ok,,64,65536,64,2048,64,576,512,10,30,2.0236799716949463,2.0169920921325684,2.066688060760498,2.0388288180033367,0.021523553020341875,1.3463340001180768,1.0907590040005744,13.992296997457743,2.0530449983198196,18.482434999896213,1168231104512,8388608,577.2805586120123,4145224599.4084067,5251268608,2594.9105992296627,0.5834063250247724,0.792239897388397,3485729792,3489660928,60.0,458.07,1860.0,2619.0,57.0,476.02,1950.0,2619.0,20260803,2026-08-10T05:25:11.613787+00:00
prefillq64_b64_h131072_sparse_q8kv8_steady,full,prefill,sglang_sparse_q8kv8_fp8,steady,ok,,64,131072,64,2048,64,576,512,10,30,2.153088092803955,2.144416093826294,2.192512035369873,2.162866139411926,0.017689014692217737,1.6127740091178566,1.1937730014324188,27.011506987037137,2.2037159942556173,32.02176999184303,1168231104512,8388608,542.5839789911331,3896082110.173003,5251268608,2438.9474009683,0.5483415654281285,0.7446235100555815,5901648896,5905580032,57.0,476.02,1950.0,2619.0,58.0,474.26,1905.0,2619.0,20260803,2026-08-10T05:25:11.813483+00:00
prefillq64_b64_h262144_sparse_q8kv8_steady,full,prefill,sglang_sparse_q8kv8_fp8,steady,ok,,64,262144,64,2048,64,576,512,10,30,2.2761919498443604,2.2699201107025146,2.2886080741882324,2.27793493270874,0.006642718309748845,4.867117997491732,1.1255519930273294,52.21813899697736,2.2999240027274936,60.510732990223914,1168231104512,8388608,513.2392743028023,3685369329.495076,5251268608,2307.0412002639177,0.5186854717562428,0.7043518510080767,10733487104,10737418240,58.0,474.26,1905.0,2619.0,59.0,480.25,1905.0,2619.0,20260803,2026-08-10T05:25:12.008129+00:00
prefillq64_b64_h524288_sparse_q8kv8_steady,full,prefill,sglang_sparse_q8kv8_fp8,steady,ok,,64,524288,64,2048,64,576,512,10,30,2.3220479488372803,2.2990078926086426,2.3450560569763184,2.320917336146037,0.01687481967126702,4.002319008577615,1.1154920211993158,103.70837399386801,2.336758014280349,111.16294303792529,1168231104512,8388608,503.1037817702984,3612590344.7430663,5251268608,2261.481555809159,0.5084424272564916,0.690442251171148,20397163520,20401094656,59.0,480.25,1905.0,2619.0,59.0,518.15,1920.0,2619.0,20260803,2026-08-10T05:25:12.219120+00:00
prefillq128_b64_h2048_sparse_q8kv8_steady,full,prefill,sglang_sparse_q8kv8_fp8,steady,ok,,64,2048,128,2048,64,576,512,10,30,3.2268478870391846,3.221951961517334,3.329279899597168,3.241885852813721,0.03488082239526471,4.279126995243132,1.6039850015658885,2.213011001003906,3.255651012295857,11.351774010108784,2336462209024,16777216,724.0695225853476,5199258405.512894,10502537216,3254.7357618510714,0.7317529283328424,0.9936880009510594,1569195008,1723858944,59.0,518.15,1920.0,2619.0,64.0,548.72,1860.0,2619.0,20260803,2026-08-10T05:25:12.481615+00:00
prefillq128_b64_h4096_sparse_q8kv8_steady,full,prefill,sglang_sparse_q8kv8_fp8,steady,ok,,64,4096,128,2048,64,576,512,10,30,3.233664035797119,3.229408025741577,3.288991928100586,3.247656536102295,0.02336822456865818,0.9989359823521227,1.598449976881966,2.5703229766804725,3.2637529948260635,8.431461930740625,2336462209024,16777216,722.5432769635411,5188299036.100796,10502537216,3247.8751965990978,0.7302104870778586,0.9915934341814513,1644692480,1799356416,64.0,548.72,1860.0,2619.0,66.0,591.86,1770.0,2619.0,20260803,2026-08-10T05:25:12.699136+00:00
prefillq128_b64_h8192_sparse_q8kv8_steady,full,prefill,sglang_sparse_q8kv8_fp8,steady,ok,,64,8192,128,2048,64,576,512,10,30,3.276576042175293,3.249567985534668,3.28767991065979,3.272428798675537,0.012556259426747316,6.109964015195146,1.7808240081649274,3.4604060056153685,3.30262299394235,14.653817022917792,2336462209024,16777216,713.0804165536292,5120349958.019512,10502537216,3205.3390737202144,0.7206472122825965,0.9786069314345471,1795687424,1950351360,66.0,591.86,1770.0,2619.0,64.0,582.7,1875.0,2619.0,20260803,2026-08-10T05:25:12.940186+00:00
prefillq128_b64_h16384_sparse_q8kv8_steady,full,prefill,sglang_sparse_q8kv8_fp8,steady,ok,,64,16384,128,2048,64,576,512,10,30,3.2822721004486084,3.276479959487915,3.3762879371643066,3.3097248236338297,0.04099846190608059,4.35094500426203,3.8826990057714283,5.081791983684525,3.3335219777654856,16.64895797148347,2336462209024,16777216,711.8429360882851,5111464097.600852,10502537216,3199.776525098134,0.7193966003924054,0.9769086559907291,2097677312,2252341248,56.0,557.71,1950.0,2619.0,63.0,538.72,1905.0,2619.0,20260803,2026-08-10T05:25:13.165499+00:00
prefillq128_b64_h32768_sparse_q8kv8_steady,full,prefill,sglang_sparse_q8kv8_fp8,steady,ok,,64,32768,128,2048,64,576,512,10,30,3.472991943359375,3.4109439849853516,3.505919933319092,3.4746474663416547,0.029086993636542758,1.2516099959611893,1.6749179922044277,9.565504995407537,3.4382390149403363,15.93027199851349,2336462209024,16777216,672.7519807500544,4830767325.0090065,10502537216,3024.060345455638,0.6798908345124349,0.9232615792202314,2701657088,2856321024,63.0,538.72,1905.0,2619.0,61.0,527.93,1890.0,2619.0,20260803,2026-08-10T05:25:13.462086+00:00
prefillq128_b64_h65536_sparse_q8kv8_steady,full,prefill,sglang_sparse_q8kv8_fp8,steady,ok,,64,65536,128,2048,64,576,512,10,30,3.8313279151916504,3.7353599071502686,3.8416640758514404,3.8088127930959064,0.03912414886472646,1.4591979852411896,1.7152639920823276,14.653207996161655,3.765297995414585,21.592967968899757,2336462209024,16777216,609.8309152186274,4378955905.464639,10502537216,2741.2263968208636,0.6163020871335295,0.8369108823943415,3909616640,4064280576,61.0,527.93,1890.0,2619.0,63.0,515.72,1845.0,2619.0,20260803,2026-08-10T05:25:13.711350+00:00
prefillq128_b64_h131072_sparse_q8kv8_steady,full,prefill,sglang_sparse_q8kv8_fp8,steady,ok,,64,131072,128,2048,64,576,512,10,30,4.184095859527588,4.134496212005615,4.193759918212891,4.1783829053243,0.018052847889242062,1.7920320096891373,1.695045008091256,27.226442995015532,4.130893008550629,34.844413021346554,2336462209024,16777216,558.4150763906739,4009758992.9247603,10502537216,2510.1091295708998,0.5643406532497968,0.7663495612663019,6325535744,6480199680,56.0,537.8,1935.0,2619.0,62.0,546.23,1785.0,2619.0,20260803,2026-08-10T05:25:13.939626+00:00
prefillq128_b64_h262144_sparse_q8kv8_steady,full,prefill,sglang_sparse_q8kv8_fp8,steady,ok,,64,262144,128,2048,64,576,512,10,30,4.374815940856934,4.345312118530273,4.420127868652344,4.383641592661539,0.025692139845788144,2.4627569946460426,1.6561889788135886,52.780744998017326,4.376819008029997,61.276509979506955,2336462209024,16777216,534.0709736387987,3834953567.603966,10502537216,2400.680933320083,0.5397382250013125,0.7329405555784446,11157373952,11312037888,56.0,568.34,1920.0,2619.0,62.0,583.58,1860.0,2619.0,20260803,2026-08-10T05:25:14.239407+00:00
prefillq128_b64_h524288_sparse_q8kv8_steady,full,prefill,sglang_sparse_q8kv8_fp8,steady,ok,,64,524288,128,2048,64,576,512,10,30,4.489344120025635,4.46281623840332,4.526688098907471,4.497290690739949,0.02235864414607537,4.087660985533148,1.6833429981488734,104.02035401784815,4.500453011132777,114.29181101266295,2336462209024,16777216,520.4462270115882,3737119621.8088536,10502537216,2339.4368832523423,0.5259689004664864,0.7142424239527462,20821050368,20975714304,59.0,578.56,1890.0,2619.0,63.0,585.86,1890.0,2619.0,20260803,2026-08-10T05:25:14.575964+00:00
prefillq256_b64_h2048_sparse_q8kv8_steady,full,prefill,sglang_sparse_q8kv8_fp8,steady,ok,,64,2048,256,2048,64,576,512,10,30,6.457824230194092,6.452095985412598,6.604576110839844,6.49531520207723,0.06305321404847233,4.443321988219395,2.6291770045645535,3.8355400029104203,6.390487018506974,17.298526014201343,4672924418048,33554432,723.6066284057956,5195934544.503933,21005074432,3252.6550248594617,0.7312851221887778,0.993052740968995,2644797440,2969567232,63.0,585.86,1890.0,2619.0,68.0,631.02,1845.0,2619.0,20260803,2026-08-10T05:25:14.947855+00:00
prefillq256_b64_h4096_sparse_q8kv8_steady,full,prefill,sglang_sparse_q8kv8_fp8,steady,ok,,64,4096,256,2048,64,576,512,10,30,6.433343887329102,6.415552139282227,6.47814416885376,6.444473568598429,0.02450436198791437,1.3514529855456203,2.628778980579227,4.19167400104925,6.44594500772655,14.617850974900648,4672924418048,33554432,726.3601168984042,5215706262.195572,21005074432,3265.0321201344277,0.7340678291039962,0.9968315334613133,2720294912,3045064704,68.0,631.02,1845.0,2619.0,68.0,641.94,1845.0,2619.0,20260803,2026-08-10T05:25:15.301789+00:00
prefillq256_b64_h8192_sparse_q8kv8_steady,full,prefill,sglang_sparse_q8kv8_fp8,steady,ok,,64,8192,256,2048,64,576,512,10,30,6.454463958740234,6.439455986022949,6.553247928619385,6.478816016515096,0.04138606922172475,1.3583130203187466,2.6590590132400393,4.966743988916278,6.372476986143738,15.356593008618802,4672924418048,33554432,723.9833467069276,5198639610.43003,21005074432,3254.3483961291986,0.7316658380059905,0.9935697361523261,2871289856,3196059648,60.0,639.61,1890.0,2619.0,68.0,659.61,1830.0,2619.0,20260803,2026-08-10T05:25:15.682113+00:00
prefillq256_b64_h16384_sparse_q8kv8_steady,full,prefill,sglang_sparse_q8kv8_fp8,steady,ok,,64,16384,256,2048,64,576,512,10,30,6.589536190032959,6.584000110626221,6.6412482261657715,6.60864748954773,0.02490855870262891,1.385497977025807,2.6371650164946914,6.5139429934788495,6.468722014687955,17.005328001687303,4672924418048,33554432,709.1431450237816,5092077960.016814,21005074432,3187.640802970526,0.7166681607112497,0.9732035559938488,3173279744,3498049536,68.0,659.61,1830.0,2619.0,68.0,647.58,1800.0,2619.0,20260803,2026-08-10T05:25:16.017092+00:00
prefillq256_b64_h32768_sparse_q8kv8_steady,full,prefill,sglang_sparse_q8kv8_fp8,steady,ok,,64,32768,256,2048,64,576,512,10,30,6.841279983520508,6.731616020202637,7.485184192657471,6.98305492401123,0.2939285534302688,7.535083976108581,2.596691978396848,9.705659991595894,6.627957976888865,26.465393922990188,4672924418048,33554432,683.0482642581927,4904700886.504716,21005074432,3070.342754951952,0.6902963762083807,0.9373918430378491,3777259520,4102029312,68.0,647.58,1800.0,2619.0,66.0,668.44,1590.0,2619.0,20260803,2026-08-10T05:25:16.348641+00:00
prefillq256_b64_h65536_sparse_q8kv8_steady,full,prefill,sglang_sparse_q8kv8_fp8,steady,ok,,64,65536,256,2048,64,576,512,10,30,7.522143840789795,7.28934383392334,7.536064147949219,7.482769076029459,0.0710758880769761,3.2207180047407746,2.665200998308137,16.266727005131543,7.253386982483789,29.406032990664244,4672924418048,33554432,621.2224223509879,4460753836.96424,21005074432,2792.4319019396144,0.6278144743314683,0.8525441932810607,4985219072,5309988864,66.0,668.44,1590.0,2619.0,66.0,665.9,1770.0,2619.0,20260803,2026-08-10T05:25:16.711481+00:00
prefillq256_b64_h131072_sparse_q8kv8_steady,full,prefill,sglang_sparse_q8kv8_fp8,steady,ok,,64,131072,256,2048,64,576,512,10,30,8.12399959564209,8.079680442810059,8.169856071472168,8.129552014668782,0.03216632624034328,2.029549010330811,2.699162985663861,28.64624297944829,7.900197000708431,41.27515197615139,4672924418048,33554432,575.199981614311,4130284794.450188,21005074432,2585.558281325818,0.5813036701508955,0.7893845853870182,7401138176,7725907968,66.0,665.9,1770.0,2619.0,65.0,649.18,1740.0,2619.0,20260803,2026-08-10T05:25:17.159441+00:00
prefillq256_b64_h262144_sparse_q8kv8_steady,full,prefill,sglang_sparse_q8kv8_fp8,steady,ok,,64,262144,256,2048,64,576,512,10,30,8.741024017333984,8.680319786071777,9.036864280700684,8.805275694529216,0.1292585041654334,2.7788660081569105,2.6878580101765692,54.492021998157725,8.53653799276799,68.4952840092592,4672924418048,33554432,534.5969086438048,3838730099.9813647,21005074432,2403.0450425883346,0.5402697409235016,0.7336623306117158,12232976384,12557746176,65.0,649.18,1740.0,2619.0,65.0,694.65,1740.0,2619.0,20260803,2026-08-10T05:25:17.567557+00:00
prefillq256_b64_h524288_sparse_q8kv8_steady,full,prefill,sglang_sparse_q8kv8_fp8,steady,ok,,64,524288,256,2048,64,576,512,10,30,9.016960144042969,8.932991981506348,9.389568328857422,9.07108580271403,0.14329497665196128,4.683279985329136,2.7145589992869645,105.74854200240225,8.917533996282145,122.06391498330049,4672924418048,33554432,518.237226670582,3721257659.34184,21005074432,2329.5072947479916,0.5237364594952825,0.7112108681911985,21896652800,22221422592,65.0,694.65,1740.0,2619.0,60.0,676.94,1755.0,2619.0,20260803,2026-08-10T05:25:18.026939+00:00
prefillq512_b64_h2048_sparse_q8kv8_steady,full,prefill,sglang_sparse_q8kv8_fp8,steady,ok,,64,2048,512,2048,64,576,512,10,30,12.969632148742676,12.821632385253906,13.273407936096191,12.994999472300211,0.14221106127878483,4.889686999376863,4.905115987639874,7.103969983290881,12.778139003785327,29.676911974092945,9345848836096,67108864,720.5947500216513,5174307430.647197,42010148864,3239.116451585145,0.7282412834983844,0.9889193431152064,4909991936,5460983808,60.0,676.94,1755.0,2619.0,69.0,691.31,1800.0,2619.0,20260803,2026-08-10T05:25:18.614444+00:00
prefillq512_b64_h4096_sparse_q8kv8_steady,full,prefill,sglang_sparse_q8kv8_fp8,steady,ok,,64,4096,512,2048,64,576,512,10,30,12.966815948486328,12.860159873962402,12.99443244934082,12.939579741160076,0.048969909169748214,1.731397002004087,4.800041991984472,7.486432004952803,12.809588020900264,26.827459019841626,9345848836096,67108864,720.7512525221722,5175431213.538116,42010148864,3239.8199396748614,0.7283994467126551,0.989134121740788,4985489408,5536481280,60.0,637.89,1950.0,2619.0,70.0,679.39,1800.0,2619.0,20260803,2026-08-10T05:25:19.292525+00:00
prefillq512_b64_h8192_sparse_q8kv8_steady,full,prefill,sglang_sparse_q8kv8_fp8,steady,ok,,64,8192,512,2048,64,576,512,10,30,13.11411190032959,12.972415924072266,13.540096282958984,13.158894983927409,0.1699263652248169,1.8904390162788332,4.804027994396165,8.32934697973542,12.86135200643912,27.885165996849537,9345848836096,67108864,712.6558707998455,5117301461.970398,42010148864,3203.4307151934686,0.7202181614955487,0.978024299507321,5136484352,5687476224,60.0,624.87,1950.0,2619.0,70.0,682.4,1800.0,2619.0,20260803,2026-08-10T05:25:19.970521+00:00
prefillq512_b64_h16384_sparse_q8kv8_steady,full,prefill,sglang_sparse_q8kv8_fp8,steady,ok,,64,16384,512,2048,64,576,512,10,30,13.355232238769531,13.083135604858398,14.158080101013184,13.460069433848064,0.3194584304150816,1.7580430139787495,4.813936015125364,9.790764015633613,12.94216001406312,29.304903058800846,9345848836096,67108864,699.7893162026412,5024911794.883396,42010148864,3145.594783597006,0.7072150744847309,0.9603666844330495,5438474240,5989466112,70.0,682.4,1800.0,2619.0,70.0,700.46,1755.0,2619.0,20260803,2026-08-10T05:25:20.624402+00:00
prefillq512_b64_h32768_sparse_q8kv8_steady,full,prefill,sglang_sparse_q8kv8_fp8,steady,ok,,64,32768,512,2048,64,576,512,10,30,13.283616065979004,13.274687767028809,13.345120429992676,13.296772289276124,0.04119557536161266,2.0872619934380054,4.799934016773477,13.095251022605225,13.110799016430974,33.09324604924768,9345848836096,67108864,703.5621015900846,5052002682.603434,42010148864,3162.5536793097494,0.7110278944821471,0.9655443247738278,6042454016,6593445888,63.0,666.06,1950.0,2619.0,70.0,684.88,1785.0,2619.0,20260803,2026-08-10T05:25:21.302898+00:00
prefillq512_b64_h65536_sparse_q8kv8_steady,full,prefill,sglang_sparse_q8kv8_fp8,steady,ok,,64,65536,512,2048,64,576,512,10,30,14.905920028686523,14.542976379394531,15.884927749633789,15.061734422047932,0.47120315881974667,7.529363996582106,4.820180998649448,19.252196012530476,14.088766009081155,45.690507016843185,9345848836096,67108864,626.989063278876,4502161816.972628,42010148864,2818.3532974248646,0.6336423075077069,0.8604581320909354,7250413568,7801405440,70.0,684.88,1785.0,2619.0,67.0,700.09,1770.0,2619.0,20260803,2026-08-10T05:25:21.951462+00:00
prefillq512_b64_h131072_sparse_q8kv8_steady,full,prefill,sglang_sparse_q8kv8_fp8,steady,ok,,64,131072,512,2048,64,576,512,10,30,16.013248443603516,15.819519996643066,16.39743995666504,16.081809107462565,0.17828034398615905,2.5405740016140044,4.822865012101829,32.188197976211086,15.553486999124289,55.10512398905121,9345848836096,67108864,583.6322885397557,4190833873.361067,42010148864,2623.462004724028,0.5898254558259279,0.800956792130692,9666332672,10217324544,64.0,654.62,1920.0,2619.0,66.0,698.85,1665.0,2619.0,20260803,2026-08-10T05:25:22.671621+00:00
prefillq512_b64_h262144_sparse_q8kv8_steady,full,prefill,sglang_sparse_q8kv8_fp8,steady,ok,,64,262144,512,2048,64,576,512,10,30,17.155967712402344,17.08883285522461,17.287200927734375,17.161682256062825,0.06849168331113932,3.2439749920740724,4.88589599262923,58.02205699728802,16.834156005643308,82.98608398763463,9345848836096,67108864,544.7578937409473,3911692136.8117204,42010148864,2448.7192776441366,0.5505385485001995,0.7476069155637539,14498170880,15049162752,62.0,668.81,1830.0,2619.0,66.0,686.87,1680.0,2619.0,20260803,2026-08-10T05:25:23.511303+00:00
prefillq512_b64_h524288_sparse_q8kv8_steady,full,prefill,sglang_sparse_q8kv8_fp8,steady,ok,,64,524288,512,2048,64,576,512,10,30,18.016767501831055,17.996768951416016,18.64668846130371,18.11680005391439,0.23581356811394913,4.800022026756778,10.996373981470242,108.73450399958529,17.80402398435399,142.3349239921663,9345848836096,67108864,518.7306122003392,3724800466.741866,42010148864,2331.7250921804084,0.524235080546073,0.7118879734490087,24161847296,24712839168,66.0,686.87,1680.0,2619.0,66.0,698.7,1650.0,2619.0,20260803,2026-08-10T05:25:24.360413+00:00
prefillq1024_b64_h2048_sparse_q8kv8_steady,full,prefill,sglang_sparse_q8kv8_fp8,steady,ok,,64,2048,1024,2048,64,576,512,10,30,25.89904022216797,25.681568145751953,30.894880294799805,27.32865505218506,2.054183981990778,5.145483009982854,9.012536000227556,13.798697997117415,25.49774499493651,53.454462002264336,18691697672192,134217728,721.7139134056816,5182343702.648794,84020297728,3244.147157858145,0.7293723227950294,0.9904552442837072,9442478080,10190061568,64.0,661.0,1635.0,2619.0,65.0,696.53,1740.0,2619.0,20260803,2026-08-10T05:25:25.301941+00:00
prefillq1024_b64_h4096_sparse_q8kv8_steady,full,prefill,sglang_sparse_q8kv8_fp8,steady,ok,,64,4096,1024,2048,64,576,512,10,30,25.937376022338867,25.87455940246582,31.101791381835938,27.31028486887614,1.9856955822044322,3.1598590139765292,8.874833991285414,14.08805200480856,25.561463000485674,51.684208010556176,18691697672192,134217728,720.6472102688242,5174684127.045211,84020297728,3239.352263530302,0.7282943004232685,0.9889913377462696,9517975552,10265559040,58.0,639.33,1965.0,2619.0,64.0,710.62,1740.0,2619.0,20260803,2026-08-10T05:25:26.570547+00:00
prefillq1024_b64_h8192_sparse_q8kv8_steady,full,prefill,sglang_sparse_q8kv8_fp8,steady,ok,,64,8192,1024,2048,64,576,512,10,30,26.502431869506836,25.956960678100586,31.018272399902344,27.343950907389324,1.626021815764062,2.899723971495405,8.998232980957255,14.891921979142353,25.62889101682231,52.41876994841732,18691697672192,134217728,705.2823591520404,5064355175.436871,84020297728,3170.286339823481,0.7127664064194446,0.9679051468282588,9668970496,10416553984,67.0,678.84,1920.0,2619.0,65.0,706.93,1740.0,2619.0,20260803,2026-08-10T05:25:27.827378+00:00
prefillq1024_b64_h16384_sparse_q8kv8_steady,full,prefill,sglang_sparse_q8kv8_fp8,steady,ok,,64,16384,1024,2048,64,576,512,10,30,27.162208557128906,26.116159439086914,30.791776657104492,27.484972699483237,1.5326751274327342,3.000542987138033,8.918804989662021,16.288230021018535,25.752002984518185,53.959580982336774,18691697672192,134217728,688.1508781908766,4941340749.877044,84020297728,3093.279309423029,0.695453136120138,0.9443944941372757,9970960384,10718543872,67.0,673.46,1785.0,2619.0,67.0,684.45,1800.0,2619.0,20260803,2026-08-10T05:25:29.019118+00:00
prefillq1024_b64_h32768_sparse_q8kv8_steady,full,prefill,sglang_sparse_q8kv8_fp8,steady,ok,,64,32768,1024,2048,64,576,512,10,30,26.583168029785156,26.366527557373047,31.58064079284668,27.966694386800132,2.014943877011694,3.076980006881058,9.006283973576501,19.678204000229016,26.014247006969526,57.7757149876561,18691697672192,134217728,703.1403349385918,5048974142.194621,84020297728,3160.657813013833,0.7106016522876117,0.9649655067905859,10574940160,11322523648,67.0,684.45,1800.0,2619.0,66.0,680.95,1785.0,2619.0,20260803,2026-08-10T05:25:30.270909+00:00
prefillq1024_b64_h65536_sparse_q8kv8_steady,full,prefill,sglang_sparse_q8kv8_fp8,steady,ok,,64,65536,1024,2048,64,576,512,10,30,29.495071411132812,28.92367935180664,33.82134246826172,30.35785045623779,1.8208238375654522,3.286354010924697,9.12262499332428,25.863933988148347,28.18019298138097,66.45310597377829,18691697672192,134217728,633.7227468158251,4550513749.539186,84020297728,2848.62160721153,0.6404474449882012,0.8696992067725166,11782899712,12530483200,66.0,680.95,1785.0,2619.0,65.0,702.22,1755.0,2619.0,20260803,2026-08-10T05:25:31.567679+00:00
prefillq1024_b64_h131072_sparse_q8kv8_steady,full,prefill,sglang_sparse_q8kv8_fp8,steady,ok,,64,131072,1024,2048,64,576,512,10,30,31.91529655456543,31.624448776245117,37.28678512573242,33.068918291727705,1.9883545421885362,4.088062007213011,10.499598021851853,38.66488399216905,30.82265201373957,84.07519603497349,18691697672192,134217728,585.6657994775294,4205435715.4579024,84020297728,2632.602757876647,0.5918805452021519,0.8037475122972494,14198818816,14946402304,67.0,670.2,1770.0,2619.0,66.0,702.12,1725.0,2619.0,20260803,2026-08-10T05:25:32.932886+00:00
prefillq1024_b64_h262144_sparse_q8kv8_steady,full,prefill,sglang_sparse_q8kv8_fp8,steady,ok,,64,262144,1024,2048,64,576,512,10,30,34.34524917602539,34.0939826965332,40.1715202331543,35.52727038065593,2.0690342704702376,4.570654011331499,9.097841015318409,64.39585200860165,33.48087501944974,111.5452220547013,18691697672192,134217728,544.2294966734348,3907897925.331994,84020297728,2446.3441012578282,0.5500045443895248,0.746881761680947,19030657024,19778240512,57.0,665.95,1875.0,2619.0,59.0,673.89,1860.0,2619.0,20260803,2026-08-10T05:25:34.409132+00:00
prefillq1024_b64_h524288_sparse_q8kv8_steady,full,prefill,sglang_sparse_q8kv8_fp8,steady,ok,,64,524288,1024,2048,64,576,512,10,30,35.802913665771484,35.658878326416016,41.09910583496094,36.88673604329427,1.8780143061054353,6.494575005490333,9.12897801026702,116.23723001684994,35.31773400027305,167.17851703288034,18691697672192,134217728,522.0719700827519,3748793443.2642455,84020297728,2346.744695483418,0.5276118949800424,0.7164735375848688,28694333440,29441916928,59.0,673.89,1860.0,2619.0,66.0,699.2,1770.0,2619.0,20260803,2026-08-10T05:25:36.087476+00:00
prefillq2048_b64_h2048_sparse_q8kv8_steady,full,prefill,sglang_sparse_q8kv8_fp8,steady,ok,,64,2048,2048,2048,64,576,512,10,30,53.566593170166016,51.714622497558594,61.268672943115234,54.70554364522298,3.06709648677964,6.764710997231305,17.16046401998028,26.42928101704456,50.96863702055998,101.32309305481613,37383395344384,268435456,697.8863715604883,5011247497.992937,168040595456,3137.0409337435785,0.7052919368979165,0.9577551489403945,18507450368,19927138304,57.0,662.23,1860.0,2619.0,69.0,701.78,1785.0,2619.0,20260803,2026-08-10T05:25:37.833065+00:00
prefillq2048_b64_h4096_sparse_q8kv8_steady,full,prefill,sglang_sparse_q8kv8_fp8,steady,ok,,64,4096,2048,2048,64,576,512,10,30,53.297054290771484,51.753089904785156,61.08000183105469,54.65407600402832,3.1553989456033977,5.574292008532211,16.855126013979316,27.122988976771012,51.02342501049861,100.57583200978115,37383395344384,268435456,701.4157882053347,5036590850.509355,168040595456,3152.905872418856,0.7088588056648153,0.9625987984256238,18582947840,20002635776,69.0,701.78,1785.0,2619.0,63.0,675.46,1875.0,2619.0,20260803,2026-08-10T05:25:40.219033+00:00
prefillq2048_b64_h8192_sparse_q8kv8_steady,full,prefill,sglang_sparse_q8kv8_fp8,steady,ok,,64,8192,2048,2048,64,576,512,10,30,53.288352966308594,51.91747283935547,61.635040283203125,54.86881841023763,3.235020433629743,4.814462998183444,17.15084901661612,28.01221498521045,51.180311013013124,101.15783801302314,37383395344384,268435456,701.5303206691252,5037413263.076784,168040595456,3153.4207026860668,0.7089745534806723,0.9627559788225857,18733942784,20153630720,63.0,675.46,1875.0,2619.0,64.0,679.33,1785.0,2619.0,20260803,2026-08-10T05:25:42.603422+00:00
prefillq2048_b64_h16384_sparse_q8kv8_steady,full,prefill,sglang_sparse_q8kv8_fp8,steady,ok,,64,16384,2048,2048,64,576,512,10,30,53.73676681518555,52.00163269042969,61.769920349121094,54.92705383300781,3.180173470770939,10.656458995072171,17.09842699347064,29.552521998994052,51.533259014831856,108.84066700236872,37383395344384,268435456,695.6763043253985,4995377874.579206,168040595456,3127.106549486583,0.7030584177113679,0.9547221290102607,19035932672,20455620608,64.0,679.33,1785.0,2619.0,69.0,688.62,1875.0,2619.0,20260803,2026-08-10T05:25:45.003191+00:00
prefillq2048_b64_h32768_sparse_q8kv8_steady,full,prefill,sglang_sparse_q8kv8_fp8,steady,ok,,64,32768,2048,2048,64,576,512,10,30,54.36729431152344,52.61654281616211,62.140350341796875,55.542380777994794,3.021924700513818,4.972502996679395,16.993630008073524,32.607936998829246,51.8456079880707,106.41967799165286,37383395344384,268435456,687.6081625504103,4937443722.357611,168040595456,3090.839770195864,0.6949046614961195,0.9436496899395597,19639912448,21059600384,69.0,688.62,1875.0,2619.0,68.0,699.13,1815.0,2619.0,20260803,2026-08-10T05:25:47.431415+00:00
prefillq2048_b64_h65536_sparse_q8kv8_steady,full,prefill,sglang_sparse_q8kv8_fp8,steady,ok,,64,65536,2048,2048,64,576,512,10,30,58.795040130615234,57.544769287109375,67.93241882324219,60.61822853088379,3.4072764606842405,10.888780001550913,17.518278007628396,39.31288898456842,56.193903990788385,123.91385098453611,37383395344384,268435456,635.8256625275785,4565613960.015356,168040595456,2858.0743389696127,0.6425726756216054,0.8725851756534047,20847872000,22267559936,69.0,679.55,1815.0,2619.0,68.0,700.15,1740.0,2619.0,20260803,2026-08-10T05:25:49.796737+00:00
prefillq2048_b64_h131072_sparse_q8kv8_steady,full,prefill,sglang_sparse_q8kv8_fp8,steady,ok,,64,131072,2048,2048,64,576,512,10,30,64.53024291992188,63.60054397583008,72.46160125732422,65.77569872538248,2.7867859222524785,8.225917001254857,17.072101996745914,52.23123598261736,61.30963200121187,138.83888698183,37383395344384,268435456,579.3158936465577,4159839539.6265926,168040595456,2604.059551806247,0.585463257854025,0.7950331208823532,23263791104,24683479040,68.0,700.15,1740.0,2619.0,62.0,661.87,1755.0,2619.0,20260803,2026-08-10T05:25:52.463668+00:00
prefillq2048_b64_h262144_sparse_q8kv8_steady,full,prefill,sglang_sparse_q8kv8_fp8,steady,ok,,64,262144,2048,2048,64,576,512,10,30,69.32380676269531,68.33270263671875,78.36307525634766,71.0765775044759,3.211867183554868,7.256065000547096,17.1885039890185,77.64048999524675,67.42691399995238,169.51197298476472,37383395344384,268435456,539.2576820305379,3872197280.205494,168040595456,2423.995497408639,0.5449799717337422,0.7400586150085677,28095629312,29515317248,62.0,661.87,1755.0,2619.0,62.0,678.31,1845.0,2619.0,20260803,2026-08-10T05:25:55.320326+00:00
prefillq2048_b64_h524288_sparse_q8kv8_steady,full,prefill,sglang_sparse_q8kv8_fp8,steady,ok,,64,524288,2048,2048,64,576,512,10,30,72.43785858154297,71.53462219238281,79.21151733398438,74.25303268432617,3.0545293784784824,8.810063998680562,20.349439000710845,129.90621599601582,71.00316102150828,230.0688800169155,37383395344384,268435456,516.0753793170416,3705734283.928664,168040595456,2319.789661739344,0.5215516718716944,0.7082440235608228,37759305728,39178993664,62.0,678.31,1845.0,2619.0,61.0,700.12,1605.0,2619.0,20260803,2026-08-10T05:25:58.425755+00:00
prefillq4096_b64_h2048_sparse_q8kv8_steady,full,prefill,sglang_sparse_q8kv8_fp8,steady,ok,,64,2048,4096,2048,64,576,512,10,30,106.53648376464844,103.4787826538086,113.96640014648438,107.63470458984375,3.9439927527494723,10.187842999584973,32.77625099872239,52.940296998713166,102.85327999736182,198.75767099438235,74766790688768,536870912,701.79517895425,5039315106.231689,336081190912,3154.6112565010376,0.7092422222882769,0.9631194611839773,36637394944,39126564864,63.0,660.56,1815.0,2619.0,61.0,680.49,1785.0,2619.0,20260803,2026-08-10T05:26:01.697330+00:00
prefillq4096_b64_h4096_sparse_q8kv8_steady,full,prefill,sglang_sparse_q8kv8_fp8,steady,ok,,64,4096,4096,2048,64,576,512,10,30,107.349853515625,103.6304931640625,114.8017578125,107.82659428914388,3.9836375042642893,9.767048992216587,32.65657200245187,52.89885599631816,102.76258300291374,198.08505999390036,74766790688768,536870912,696.477808215039,5001133158.713228,336081190912,3130.7093573544807,0.70386842669534,0.9558220852617095,36712892416,39202062336,61.0,680.49,1785.0,2619.0,62.0,677.4,1860.0,2619.0,20260803,2026-08-10T05:26:06.351241+00:00
prefillq4096_b64_h8192_sparse_q8kv8_steady,full,prefill,sglang_sparse_q8kv8_fp8,steady,ok,,64,8192,4096,2048,64,576,512,10,30,107.51465606689453,103.91680145263672,115.1277084350586,108.21061859130859,3.7800854251442444,8.31305398605764,33.24052199604921,54.0095450123772,103.03698197822087,198.60010297270492,74766790688768,536870912,695.4102205586637,4993467231.722941,336081190912,3125.9104870585616,0.7027895104180533,0.9543569648402398,36863887360,39353057280,62.0,677.4,1860.0,2619.0,69.0,683.28,1785.0,2619.0,20260803,2026-08-10T05:26:10.975374+00:00
prefillq4096_b64_h16384_sparse_q8kv8_steady,full,prefill,sglang_sparse_q8kv8_fp8,steady,ok,,64,16384,4096,2048,64,576,512,10,30,107.4520034790039,104.25580596923828,115.12713623046875,108.3365364074707,3.8004565715949252,17.154795001260936,33.48949798964895,55.92302998411469,103.80779000115581,210.3751129761804,74766790688768,536870912,695.8156969439608,4996378798.138505,336081190912,3127.733127634704,0.7031992894835379,0.9549134266248763,37165877248,39655047168,69.0,683.28,1785.0,2619.0,71.0,698.78,1785.0,2619.0,20260803,2026-08-10T05:26:15.627823+00:00
prefillq4096_b64_h32768_sparse_q8kv8_steady,full,prefill,sglang_sparse_q8kv8_fp8,steady,ok,,64,32768,4096,2048,64,576,512,10,30,108.59187316894531,105.32867431640625,117.5871353149414,109.87331873575846,4.069160293972218,10.014435014454648,33.26468000886962,58.80073198932223,104.27692998200655,206.35677699465305,74766790688768,536870912,688.5118426168701,4943932693.423068,336081190912,3094.901866082841,0.695817930891228,0.9448898692465598,37769857024,40259026944,63.0,658.0,1875.0,2619.0,68.0,671.66,1920.0,2619.0,20260803,2026-08-10T05:26:20.295260+00:00
prefillq4096_b64_h65536_sparse_q8kv8_steady,full,prefill,sglang_sparse_q8kv8_fp8,steady,ok,,64,65536,4096,2048,64,576,512,10,30,118.30623626708984,115.61990356445312,127.25881958007812,120.31373494466146,4.155428330460337,9.707351011456922,33.742158993845806,65.52012599422596,114.04281400609761,223.0124500056263,74766790688768,536870912,631.9767498982338,4537976432.518338,336081190912,2840.7732467564797,0.6386829205641575,0.8673030609155371,38977816576,41466986496,68.0,671.66,1920.0,2619.0,65.0,695.62,1590.0,2619.0,20260803,2026-08-10T05:26:25.031654+00:00
prefillq4096_b64_h131072_sparse_q8kv8_steady,full,prefill,sglang_sparse_q8kv8_fp8,steady,ok,,64,131072,4096,2048,64,576,512,10,30,129.41751098632812,126.53247833251953,140.0773162841797,131.23958333333334,4.4708722540240915,12.053935992298648,37.59103702032007,78.41257099062204,123.8447790092323,251.90232301247306,74766790688768,536870912,577.7177301506478,4148363756.251779,336081190912,2596.8757114136138,0.5838481355741766,0.7928398565066157,41393735680,43882905600,59.0,650.72,1920.0,2619.0,66.0,699.0,1710.0,2619.0,20260803,2026-08-10T05:26:30.188204+00:00
prefillq4096_b64_h262144_sparse_q8kv8_steady,full,prefill,sglang_sparse_q8kv8_fp8,steady,ok,,64,262144,4096,2048,64,576,512,10,30,140.26956176757812,136.4075164794922,149.77305603027344,141.27942911783853,4.27637805182781,10.661526990588754,33.182253973791376,104.11016299622133,135.6548740004655,283.60881796106696,74766790688768,536870912,533.0222020131068,3827422751.128123,336081190912,2395.9666422062046,0.5386783244195117,0.7315012576275146,46225573888,48714743808,61.0,646.15,1935.0,2619.0,63.0,697.26,1500.0,2619.0,20260803,2026-08-10T05:26:35.793020+00:00
prefillq4096_b64_h524288_sparse_q8kv8_steady,full,prefill,sglang_sparse_q8kv8_fp8,steady,ok,,64,524288,4096,2048,64,576,512,10,30,146.7344970703125,143.1281280517578,154.90377807617188,147.73378295898436,3.889874280761913,13.1026360031683,33.14333700109273,156.36935501242988,142.12303698877804,344.73836500546895,74766790688768,536870912,509.5379217672387,3658791372.9839635,336081190912,2290.403399487961,0.514944842614693,0.6992722426456826,55889250304,58378420224,56.0,668.08,1920.0,2619.0,63.0,699.62,1635.0,2619.0,20260803,2026-08-10T05:26:41.851500+00:00
prefillq8192_b64_h2048_sparse_q8kv8_steady,full,prefill,sglang_sparse_q8kv8_fp8,steady,ok,,64,2048,8192,2048,64,576,512,10,30,216.83824157714844,208.83477783203125,223.7604522705078,216.3293884277344,3.9817130235396188,22.4260920076631,68.93901599687524,108.59843200887553,208.41505398857407,408.37859400198795,149533581377536,1073741824,689.6089005791617,4951810235.087041,672162381824,3099.8332071644877,0.696926630196222,0.9463954336978636,72897284096,77529612288,63.0,699.62,1635.0,2619.0,69.0,697.45,1695.0,2619.0,20260803,2026-08-10T05:26:48.259848+00:00
prefillq8192_b64_h4096_sparse_q8kv8_steady,full,prefill,sglang_sparse_q8kv8_fp8,steady,ok,,64,4096,8192,2048,64,576,512,10,30,217.0265350341797,209.9602813720703,223.84506225585938,216.87789967854818,3.9038350159231894,71.55024301027879,66.3157030066941,106.8837660131976,208.53044200339355,453.28015403356403,149533581377536,1073741824,689.0105919720178,4947514016.343188,672162381824,3097.143774230836,0.6963219726852126,0.9455743356330508,72972781568,77605109760,65.0,672.7,1905.0,2619.0,69.0,676.4,1695.0,2619.0,20260803,2026-08-10T05:26:57.402056+00:00
prefillq8192_b64_h8192_sparse_q8kv8_steady,full,prefill,sglang_sparse_q8kv8_fp8,steady,ok,,64,8192,8192,2048,64,576,512,10,30,216.7810516357422,209.56118774414062,225.14247131347656,216.92096405029298,4.318723920608259,109.78059499757364,66.43871898995712,107.51817599521019,206.65194699540734,490.3894369781483,149533581377536,1073741824,689.7908292685918,4953116593.438302,672162381824,3100.6509874923768,0.6971104894073692,0.9466451063467963,73123776512,77756104704,69.0,676.4,1695.0,2619.0,68.0,697.2,1695.0,2619.0,20260803,2026-08-10T05:27:06.663913+00:00
prefillq8192_b64_h16384_sparse_q8kv8_steady,full,prefill,sglang_sparse_q8kv8_fp8,steady,ok,,64,16384,8192,2048,64,576,512,10,30,217.72869873046875,211.48719787597656,224.88479614257812,217.46941833496095,4.114734413204255,47.70436498802155,66.68354501016438,109.02758000884205,207.69954100251198,431.11503100953996,149533581377536,1073741824,686.7885687529276,4931558541.711624,672162381824,3087.1556471114773,0.694076370644697,0.9425249077234757,73425766400,78058094592,58.0,652.13,1965.0,2619.0,69.0,697.95,1695.0,2619.0,20260803,2026-08-10T05:27:15.913220+00:00
prefillq8192_b64_h32768_sparse_q8kv8_steady,full,prefill,sglang_sparse_q8kv8_fp8,steady,ok,,64,32768,8192,2048,64,576,512,10,30,221.1432342529297,214.98361206054688,229.27682495117188,221.17506561279296,3.8465955023774137,51.75654299091548,66.43039800110273,112.44037401047535,211.24580298783258,441.87311799032614,149533581377536,1073741824,676.1842924233844,4855413404.924348,672162381824,3039.488791482642,0.6833595678861893,0.9279719651968906,74029746176,78662074368,62.0,667.55,1830.0,2619.0,68.0,674.55,1695.0,2619.0,20260803,2026-08-10T05:27:25.184390+00:00
prefillq8192_b64_h65536_sparse_q8kv8_steady,full,prefill,sglang_sparse_q8kv8_fp8,steady,ok,,64,65536,8192,2048,64,576,512,10,30,240.1258544921875,234.2776641845703,247.3323516845703,240.93942565917968,4.290707774417607,107.0141599921044,65.50444397726096,117.99909401452169,230.5967369757127,521.1144349595997,149533581377536,1073741824,622.7300333559086,4471579398.523011,672162381824,2799.2087034754054,0.6293380832298218,0.8546131865461581,75237705728,79870033920,68.0,674.55,1695.0,2619.0,60.0,683.01,1635.0,2619.0,20260803,2026-08-10T05:27:34.621178+00:00
prefillq8192_b64_h131072_sparse_q8kv8_steady,full,prefill,sglang_sparse_q8kv8_fp8,steady,ok,,64,131072,8192,2048,64,576,512,10,30,261.46142578125,255.06649780273438,271.4539489746094,262.0315856933594,4.369767031886242,65.4411279829219,65.55146700702608,131.48626999463886,251.72503100475296,514.2038959893398,149533581377536,1073741824,571.9145029930431,4106693064.9201736,672162381824,2570.789858640029,0.5779833279363751,0.7848757080188918,77653624832,82285953024,56.0,635.46,1950.0,2619.0,65.0,691.54,1590.0,2619.0,20260803,2026-08-10T05:27:44.923391+00:00
prefillq8192_b64_h262144_sparse_q8kv8_steady,full,prefill,sglang_sparse_q8kv8_fp8,steady,ok,,64,262144,8192,2048,64,576,512,10,30,281.7291259765625,275.436279296875,290.1715393066406,281.43230997721355,4.332999234143627,111.13168697920628,96.03687201160938,157.65381799428724,270.97090301685967,635.7932800019626,149533581377536,1073741824,530.770756694769,3811256007.9759955,672162381824,2385.846260992973,0.5364029880694988,0.7284114518452722,82485463040,82671828992,65.0,691.54,1590.0,2619.0,64.0,690.74,1665.0,2619.0,20260803,2026-08-10T05:27:56.040990+00:00
prefillq8192_b64_h524288_sparse_q8kv8_steady,full,prefill,sglang_sparse_q8kv8_fp8,steady,skipped_memory_limit,"runtime OOM: CUDA out of memory. Tried to allocate 4.00 GiB. GPU 0 has a total capacity of 79.44 GiB of which 858.69 MiB is free. Including non-PyTorch memory, this process has 78.59 GiB memory in use. Of the allocated memory 77.82 GiB is allocated by PyTorch, and 181.67 MiB is reserved by PyTorch but unallocated. If reserved but unallocated memory is large try setting PYTORCH_CUDA_ALLOC_CONF=expandable_segments:True to avoid fragmentation.  See documentation for Memory Management  (https://pytorch.org/docs/stable/notes/cuda.html#environment-variables)",64,524288,8192,2048,64,576,512,10,30,,,,,,,,,,,,,,,,,,,,,57.0,640.3,1965.0,2619.0,58.0,532.02,1980.0,2619.0,20260803,2026-08-10T05:28:08.083732+00:00
prefillq16384_b64_h2048_sparse_q8kv8_steady,full,prefill,sglang_sparse_q8kv8_fp8,steady,skipped_memory_limit,skipped_memory_limit: estimated live tensors 109.3 GiB exceed current free GPU memory 78.6 GiB,64,2048,16384,2048,64,576,512,10,30,,,,,,,,,,,,,,,,,,,,,,,,,,,,,20260803,2026-08-10T05:28:08.610916+00:00
prefillq16384_b64_h4096_sparse_q8kv8_steady,full,prefill,sglang_sparse_q8kv8_fp8,steady,skipped_memory_limit,skipped_memory_limit: estimated live tensors 109.3 GiB exceed current free GPU memory 78.6 GiB,64,4096,16384,2048,64,576,512,10,30,,,,,,,,,,,,,,,,,,,,,,,,,,,,,20260803,2026-08-10T05:28:08.612194+00:00
prefillq16384_b64_h8192_sparse_q8kv8_steady,full,prefill,sglang_sparse_q8kv8_fp8,steady,skipped_memory_limit,skipped_memory_limit: estimated live tensors 109.5 GiB exceed current free GPU memory 78.6 GiB,64,8192,16384,2048,64,576,512,10,30,,,,,,,,,,,,,,,,,,,,,,,,,,,,,20260803,2026-08-10T05:28:08.613161+00:00
prefillq16384_b64_h16384_sparse_q8kv8_steady,full,prefill,sglang_sparse_q8kv8_fp8,steady,skipped_memory_limit,skipped_memory_limit: estimated live tensors 109.8 GiB exceed current free GPU memory 78.6 GiB,64,16384,16384,2048,64,576,512,10,30,,,,,,,,,,,,,,,,,,,,,,,,,,,,,20260803,2026-08-10T05:28:08.614108+00:00
prefillq16384_b64_h32768_sparse_q8kv8_steady,full,prefill,sglang_sparse_q8kv8_fp8,steady,skipped_memory_limit,skipped_memory_limit: estimated live tensors 110.3 GiB exceed current free GPU memory 78.6 GiB,64,32768,16384,2048,64,576,512,10,30,,,,,,,,,,,,,,,,,,,,,,,,,,,,,20260803,2026-08-10T05:28:08.615080+00:00
prefillq16384_b64_h65536_sparse_q8kv8_steady,full,prefill,sglang_sparse_q8kv8_fp8,steady,skipped_memory_limit,skipped_memory_limit: estimated live tensors 111.5 GiB exceed current free GPU memory 78.6 GiB,64,65536,16384,2048,64,576,512,10,30,,,,,,,,,,,,,,,,,,,,,,,,,,,,,20260803,2026-08-10T05:28:08.616145+00:00
prefillq16384_b64_h131072_sparse_q8kv8_steady,full,prefill,sglang_sparse_q8kv8_fp8,steady,skipped_memory_limit,skipped_memory_limit: estimated live tensors 113.7 GiB exceed current free GPU memory 78.6 GiB,64,131072,16384,2048,64,576,512,10,30,,,,,,,,,,,,,,,,,,,,,,,,,,,,,20260803,2026-08-10T05:28:08.617074+00:00
prefillq16384_b64_h262144_sparse_q8kv8_steady,full,prefill,sglang_sparse_q8kv8_fp8,steady,skipped_memory_limit,skipped_memory_limit: estimated live tensors 118.2 GiB exceed current free GPU memory 78.6 GiB,64,262144,16384,2048,64,576,512,10,30,,,,,,,,,,,,,,,,,,,,,,,,,,,,,20260803,2026-08-10T05:28:08.617994+00:00
prefillq16384_b64_h524288_sparse_q8kv8_steady,full,prefill,sglang_sparse_q8kv8_fp8,steady,skipped_memory_limit,skipped_memory_limit: estimated live tensors 127.2 GiB exceed current free GPU memory 78.6 GiB,64,524288,16384,2048,64,576,512,10,30,,,,,,,,,,,,,,,,,,,,,,,,,,,,,20260803,2026-08-10T05:28:08.618923+00:00
prefillq32768_b64_h2048_sparse_q8kv8_steady,full,prefill,sglang_sparse_q8kv8_fp8,steady,skipped_memory_limit,skipped_memory_limit: estimated live tensors 218.3 GiB exceed current free GPU memory 78.6 GiB,64,2048,32768,2048,64,576,512,10,30,,,,,,,,,,,,,,,,,,,,,,,,,,,,,20260803,2026-08-10T05:28:08.619979+00:00
prefillq32768_b64_h4096_sparse_q8kv8_steady,full,prefill,sglang_sparse_q8kv8_fp8,steady,skipped_memory_limit,skipped_memory_limit: estimated live tensors 218.4 GiB exceed current free GPU memory 78.6 GiB,64,4096,32768,2048,64,576,512,10,30,,,,,,,,,,,,,,,,,,,,,,,,,,,,,20260803,2026-08-10T05:28:08.620840+00:00
prefillq32768_b64_h8192_sparse_q8kv8_steady,full,prefill,sglang_sparse_q8kv8_fp8,steady,skipped_memory_limit,skipped_memory_limit: estimated live tensors 218.5 GiB exceed current free GPU memory 78.6 GiB,64,8192,32768,2048,64,576,512,10,30,,,,,,,,,,,,,,,,,,,,,,,,,,,,,20260803,2026-08-10T05:28:08.621716+00:00
prefillq32768_b64_h16384_sparse_q8kv8_steady,full,prefill,sglang_sparse_q8kv8_fp8,steady,skipped_memory_limit,skipped_memory_limit: estimated live tensors 218.8 GiB exceed current free GPU memory 78.6 GiB,64,16384,32768,2048,64,576,512,10,30,,,,,,,,,,,,,,,,,,,,,,,,,,,,,20260803,2026-08-10T05:28:08.622623+00:00
prefillq32768_b64_h32768_sparse_q8kv8_steady,full,prefill,sglang_sparse_q8kv8_fp8,steady,skipped_memory_limit,skipped_memory_limit: estimated live tensors 219.4 GiB exceed current free GPU memory 78.6 GiB,64,32768,32768,2048,64,576,512,10,30,,,,,,,,,,,,,,,,,,,,,,,,,,,,,20260803,2026-08-10T05:28:08.623554+00:00
prefillq32768_b64_h65536_sparse_q8kv8_steady,full,prefill,sglang_sparse_q8kv8_fp8,steady,skipped_memory_limit,skipped_memory_limit: estimated live tensors 220.5 GiB exceed current free GPU memory 78.6 GiB,64,65536,32768,2048,64,576,512,10,30,,,,,,,,,,,,,,,,,,,,,,,,,,,,,20260803,2026-08-10T05:28:08.624497+00:00
prefillq32768_b64_h131072_sparse_q8kv8_steady,full,prefill,sglang_sparse_q8kv8_fp8,steady,skipped_memory_limit,skipped_memory_limit: estimated live tensors 222.8 GiB exceed current free GPU memory 78.6 GiB,64,131072,32768,2048,64,576,512,10,30,,,,,,,,,,,,,,,,,,,,,,,,,,,,,20260803,2026-08-10T05:28:08.625408+00:00
prefillq32768_b64_h262144_sparse_q8kv8_steady,full,prefill,sglang_sparse_q8kv8_fp8,steady,skipped_memory_limit,skipped_memory_limit: estimated live tensors 227.3 GiB exceed current free GPU memory 78.6 GiB,64,262144,32768,2048,64,576,512,10,30,,,,,,,,,,,,,,,,,,,,,,,,,,,,,20260803,2026-08-10T05:28:08.626445+00:00
prefillq32768_b64_h524288_sparse_q8kv8_steady,full,prefill,sglang_sparse_q8kv8_fp8,steady,skipped_memory_limit,skipped_memory_limit: estimated live tensors 236.3 GiB exceed current free GPU memory 78.6 GiB,64,524288,32768,2048,64,576,512,10,30,,,,,,,,,,,,,,,,,,,,,,,,,,,,,20260803,2026-08-10T05:28:08.627365+00:00
prefillq2_b128_h2048_sparse_q8kv8_steady,full,prefill,sglang_sparse_q8kv8_fp8,steady,ok,,128,2048,2,2048,64,576,512,10,30,0.16432000696659088,0.16316799819469452,0.16771200299263,0.1645194669564565,0.0011835871746108289,19.273490994237363,1.1442739923950285,5.805920984130353,0.22029198589734733,26.443977956660092,73014444032,524288,444.34299498809725,3190652250.316645,328204288,1997.34830869822,0.44905810509155863,0.6098009771903966,823411712,876609536,53.0,485.52,1980.0,2619.0,53.0,485.52,1980.0,2619.0,20260803,2026-08-10T05:28:08.628382+00:00
prefillq2_b128_h4096_sparse_q8kv8_steady,full,prefill,sglang_sparse_q8kv8_fp8,steady,ok,,128,4096,2,2048,64,576,512,10,30,0.16041600704193115,0.1579200029373169,0.16409599781036377,0.16075413326422375,0.0016567777308855692,7.611563021782786,0.8937930106185377,2.1670819842256606,0.1941800001077354,10.86661801673472,73014444032,524288,455.1568473644576,3268302270.252596,328204288,2045.9572211781253,0.45998670779631895,0.624641534644158,974406656,1027604480,51.0,429.28,1980.0,2619.0,51.0,429.28,1980.0,2619.0,20260803,2026-08-10T05:28:08.731132+00:00
prefillq2_b128_h8192_sparse_q8kv8_steady,full,prefill,sglang_sparse_q8kv8_fp8,steady,ok,,128,8192,2,2048,64,576,512,10,30,0.1599999964237213,0.15769599378108978,0.16342400014400482,0.16019306629896163,0.0017411345944668172,0.8774579910095781,0.870054995175451,3.6624220083467662,0.20203200983814895,5.611967004369944,73014444032,524288,456.34028540000025,3276800073.2421894,328204288,2051.2768458496103,0.4611827037897931,0.6262656441241274,1276396544,1329594368,51.0,378.21,1980.0,2619.0,50.0,327.77,1980.0,2619.0,20260803,2026-08-10T05:28:08.821487+00:00
prefillq2_b128_h16384_sparse_q8kv8_steady,full,prefill,sglang_sparse_q8kv8_fp8,steady,ok,,128,16384,2,2048,64,576,512,10,30,0.16995200514793396,0.16767999529838562,0.17337599396705627,0.17035199950138727,0.0017277974029828128,0.9078390139620751,0.8291200210805982,6.896564009366557,0.1991419994737953,8.832665043883026,73014444032,524288,429.6180205019935,3084918001.0770445,328204288,1931.1586686742298,0.4341768777180328,0.5895929308567974,1880376320,1933574144,50.0,327.77,1980.0,2619.0,49.0,296.6,1980.0,2619.0,20260803,2026-08-10T05:28:08.953378+00:00
prefillq2_b128_h32768_sparse_q8kv8_steady,full,prefill,sglang_sparse_q8kv8_fp8,steady,ok,,128,32768,2,2048,64,576,512,10,30,0.1706240028142929,0.1674879938364029,0.1732800006866455,0.17057280043760936,0.0022986834702158673,1.0655729856807739,0.7989709847606719,13.483588001690805,0.20254700211808085,15.550678974250332,73014444032,524288,427.92598243911135,3072768141.365402,328204288,1923.552856494742,0.4324668847287634,0.5872708362680968,3088335872,3141533696,49.0,296.6,1980.0,2619.0,49.0,296.6,1980.0,2619.0,20260803,2026-08-10T05:28:09.043063+00:00
prefillq2_b128_h65536_sparse_q8kv8_steady,full,prefill,sglang_sparse_q8kv8_fp8,steady,ok,,128,65536,2,2048,64,576,512,10,30,0.1695680022239685,0.1664319932460785,0.1722559928894043,0.1694922665754954,0.0016914955686436976,1.408637996064499,0.8621599990874529,26.239519007503986,0.20052798208780587,28.710844984743744,73014444032,524288,430.5909315105405,3091904092.3033986,328204288,1935.5319617819275,0.43516011269382565,0.5909281203172437,5504254976,5557452800,50.0,300.37,1980.0,2619.0,50.0,300.37,1980.0,2619.0,20260803,2026-08-10T05:28:09.124366+00:00
prefillq2_b128_h131072_sparse_q8kv8_steady,full,prefill,sglang_sparse_q8kv8_fp8,steady,ok,,128,131072,2,2048,64,576,512,10,30,0.17103999853134155,0.16723200678825378,0.1761920005083084,0.17113813360532124,0.002505566338027382,2.157037000870332,0.8051549957599491,52.06058200565167,0.20371298887766898,55.22648699115962,73014444032,524288,426.88520029787514,3065294694.2345123,328204288,1918.8744785908048,0.43141505841119265,0.5858425028096496,10336093184,10389291008,49.0,303.97,1980.0,2619.0,49.0,278.43,1980.0,2619.0,20260803,2026-08-10T05:28:09.235465+00:00
prefillq2_b128_h262144_sparse_q8kv8_steady,full,prefill,sglang_sparse_q8kv8_fp8,steady,ok,,128,262144,2,2048,64,576,512,10,30,0.17033599317073822,0.16633599996566772,0.17318400740623474,0.17030613273382186,0.002058937621321612,3.8905359979253262,0.8778180053923279,103.62253300263546,0.2084170118905604,108.59930401784368,73014444032,524288,428.64953362389554,3077963677.79107,328204288,1926.8052622972098,0.433198113818995,0.5882638129201547,19999769600,20052967424,49.0,278.43,1980.0,2619.0,51.0,272.43,1980.0,2619.0,20260803,2026-08-10T05:28:09.380872+00:00
prefillq2_b128_h524288_sparse_q8kv8_steady,full,prefill,sglang_sparse_q8kv8_fp8,steady,ok,,128,524288,2,2048,64,576,512,10,30,0.17123199999332428,0.1682559996843338,0.17417599260807037,0.17131946682929994,0.0017605605148641183,6.0175769904162735,0.8787749975454062,210.6436870235484,0.20675099221989512,217.74679000372998,73014444032,524288,426.4065363649702,3061857596.830266,328204288,1916.7228556157465,0.43093131517430033,0.585185600962825,39327122432,39380320256,51.0,272.43,1980.0,2619.0,55.0,355.65,1980.0,2619.0,20260803,2026-08-10T05:28:09.558729+00:00
prefillq4_b128_h2048_sparse_q8kv8_steady,full,prefill,sglang_sparse_q8kv8_fp8,steady,ok,,128,2048,4,2048,64,576,512,10,30,0.2547520101070404,0.25331199169158936,0.2565760016441345,0.2548522671063741,0.0010465123392601845,9.400888025993481,1.0701259889174253,1.4194100222084671,0.29768497915938497,12.188109016278759,146028888064,1048576,573.2197677366406,4116065657.5758314,656408576,2576.65710164247,0.5793024433922593,0.7866670082646834,849904640,950009856,55.0,355.65,1980.0,2619.0,49.0,354.61,1980.0,2619.0,20260803,2026-08-10T05:28:09.898608+00:00
prefillq4_b128_h4096_sparse_q8kv8_steady,full,prefill,sglang_sparse_q8kv8_fp8,steady,ok,,128,4096,4,2048,64,576,512,10,30,0.26873600482940674,0.2667199969291687,0.2707520127296448,0.26880639990170796,0.001247710981703649,0.6078419974073768,0.978112977463752,2.192045998526737,0.30504100141115487,4.083041974809021,146028888064,1048576,543.3916015708388,3901881330.2133994,656408576,2442.577712713588,0.5491577580301554,0.7457318633859154,1000899584,1101004800,49.0,354.61,1980.0,2619.0,49.0,363.95,1980.0,2619.0,20260803,2026-08-10T05:28:10.001647+00:00
prefillq4_b128_h8192_sparse_q8kv8_steady,full,prefill,sglang_sparse_q8kv8_fp8,steady,ok,,128,8192,4,2048,64,576,512,10,30,0.28415998816490173,0.28201600909233093,0.28697600960731506,0.2843541353940964,0.001632189387263407,0.9942760225385427,0.9657799964770675,3.73693197616376,0.31834800029173493,6.015335995471105,146028888064,1048576,513.8967277098053,3690090243.7801967,656408576,2309.9964926064035,0.5193499016774182,0.7052541173531518,1302889472,1402994688,48.0,353.21,1980.0,2619.0,48.0,353.21,1980.0,2619.0,20260803,2026-08-10T05:28:10.112579+00:00
prefillq4_b128_h16384_sparse_q8kv8_steady,full,prefill,sglang_sparse_q8kv8_fp8,steady,ok,,128,16384,4,2048,64,576,512,10,30,0.3107520043849945,0.3070720136165619,0.3139519989490509,0.3109365324179331,0.0018734934799570359,0.9009519999381155,1.0144079860765487,6.968436005990952,0.34245700226165354,9.22625299426727,146028888064,1048576,469.92098523388125,3374317736.3416333,656408576,2112.3229029498625,0.4749075141322701,0.6449033274521878,1906869248,2006974464,48.0,348.99,1980.0,2619.0,48.0,348.99,1980.0,2619.0,20260803,2026-08-10T05:28:10.205552+00:00
prefillq4_b128_h32768_sparse_q8kv8_steady,full,prefill,sglang_sparse_q8kv8_fp8,steady,ok,,128,32768,4,2048,64,576,512,10,30,0.3132160007953644,0.31040000915527344,0.3166399896144867,0.31324586768945056,0.0017281742148092523,1.0443899955134839,0.9702130046207458,13.432702980935574,0.345406006090343,15.792711987160146,146028888064,1048576,466.22422766774963,3347772774.4984317,656408576,2095.7057568360183,0.4711715287193023,0.6398300250671161,3114828800,3214934016,48.0,346.47,1980.0,2619.0,48.0,346.47,1980.0,2619.0,20260803,2026-08-10T05:28:10.332531+00:00
prefillq4_b128_h65536_sparse_q8kv8_steady,full,prefill,sglang_sparse_q8kv8_fp8,steady,ok,,128,65536,4,2048,64,576,512,10,30,0.31068798899650574,0.30799999833106995,0.31225600838661194,0.3106303999821345,0.0014373258762060536,1.4044940180610865,0.9787180169951171,26.89858799567446,0.35773697891272604,29.63953700964339,146028888064,1048576,470.0178096219946,3375012994.18367,656408576,2112.7581343589773,0.47500536596462317,0.6450362058977881,5530747904,5630853120,48.0,338.15,1980.0,2619.0,51.0,311.9,1980.0,2619.0,20260803,2026-08-10T05:28:10.445572+00:00
prefillq4_b128_h131072_sparse_q8kv8_steady,full,prefill,sglang_sparse_q8kv8_fp8,steady,ok,,128,131072,4,2048,64,576,512,10,30,0.31782400608062744,0.31571200489997864,0.32041600346565247,0.3180053323507309,0.001542171933438349,2.234123006928712,0.9924930054694414,52.1093659917824,0.34817002597264946,55.6841520301532,146028888064,1048576,459.4646259255651,3299234733.4958425,656408576,2065.3209431683977,0.4643401980046135,0.6305533811359735,10362586112,10462691328,51.0,311.9,1980.0,2619.0,47.0,296.95,1980.0,2619.0,20260803,2026-08-10T05:28:10.590738+00:00
prefillq4_b128_h262144_sparse_q8kv8_steady,full,prefill,sglang_sparse_q8kv8_fp8,steady,ok,,128,262144,4,2048,64,576,512,10,30,0.31939199566841125,0.3163839876651764,0.324319988489151,0.3198005338509878,0.0023098427378436927,3.5975940118078142,1.0443200008012354,103.68407299392857,0.35143099376000464,108.67741800029762,146028888064,1048576,457.20897844793,3283037816.290858,656408576,2055.181672998077,0.46206061490442646,0.6274578084554685,20026262528,20126367744,50.0,283.06,1980.0,2619.0,49.0,295.82,1980.0,2619.0,20260803,2026-08-10T05:28:10.736605+00:00
prefillq4_b128_h524288_sparse_q8kv8_steady,full,prefill,sglang_sparse_q8kv8_fp8,steady,ok,,128,524288,4,2048,64,576,512,10,30,0.32067200541496277,0.31750398874282837,0.3235520124435425,0.3207776000102361,0.001916283853727912,6.943511980352923,1.1604229803197086,206.86734802438878,0.36609297967515886,215.33737596473657,146028888064,1048576,455.3839611756337,3269933085.1880865,656408576,2046.9781113277422,0.46021623160751257,0.624953217793326,39353615360,39453720576,49.0,295.82,1980.0,2619.0,55.0,364.1,1980.0,2619.0,20260803,2026-08-10T05:28:10.970162+00:00
prefillq8_b128_h2048_sparse_q8kv8_steady,full,prefill,sglang_sparse_q8kv8_fp8,steady,ok,,128,2048,8,2048,64,576,512,10,30,0.45158401131629944,0.450080007314682,0.4530879855155945,0.45154453416665397,0.000917404547289065,31.80191302089952,0.9154250146821141,1.4120909909252077,0.49268000293523073,34.62210902944207,292057776128,2097152,646.7407366277107,4643990813.3308735,1312817152,2907.138249145127,0.6536035741563524,0.8875646463043249,902890496,1019215872,49.0,359.18,1980.0,2619.0,49.0,359.18,1980.0,2619.0,20260803,2026-08-10T05:28:11.338768+00:00
prefillq8_b128_h4096_sparse_q8kv8_steady,full,prefill,sglang_sparse_q8kv8_fp8,steady,ok,,128,4096,8,2048,64,576,512,10,30,0.47385600209236145,0.4721280038356781,0.4758720099925995,0.47391573488712313,0.0011039046325307211,0.6317069928627461,0.8551350038032979,2.2070090053603053,0.5110480124130845,4.204899014439434,292057776128,2097152,616.3428865275271,4425715809.739252,1312817152,2770.4980968967716,0.6228831597044235,0.8458476868728485,1053885440,1170210816,51.0,362.82,1980.0,2619.0,50.0,365.56,1980.0,2619.0,20260803,2026-08-10T05:28:11.444345+00:00
prefillq8_b128_h8192_sparse_q8kv8_steady,full,prefill,sglang_sparse_q8kv8_fp8,steady,ok,,128,8192,8,2048,64,576,512,10,30,0.5072000026702881,0.5047680139541626,0.5094079971313477,0.5072650671005249,0.0018776012483007005,0.8543420117348433,0.8447100117336959,3.7864689948037267,0.5450769967865199,6.030598015058786,292057776128,2097152,575.8236880725253,4134763385.171511,1312817152,2588.3618791173662,0.5819339950202378,0.790240538585311,1355875328,1472200704,48.0,357.14,1980.0,2619.0,48.0,357.14,1980.0,2619.0,20260803,2026-08-10T05:28:11.605733+00:00
prefillq8_b128_h16384_sparse_q8kv8_steady,full,prefill,sglang_sparse_q8kv8_fp8,steady,ok,,128,16384,8,2048,64,576,512,10,30,0.5498560070991516,0.547327995300293,0.5523520112037659,0.5498271962006887,0.0015969345453274286,0.9212589939124882,0.8518919930793345,7.034608977846801,0.5893789930269122,9.397138957865536,292057776128,2097152,531.1531971229975,3814002162.2457886,1312817152,2387.565353565864,0.5367894867337014,0.7289362998781688,1959855104,2076180480,48.0,357.14,1980.0,2619.0,48.0,345.7,1980.0,2619.0,20260803,2026-08-10T05:28:11.722757+00:00
prefillq8_b128_h32768_sparse_q8kv8_steady,full,prefill,sglang_sparse_q8kv8_fp8,steady,ok,,128,32768,8,2048,64,576,512,10,30,0.5816640257835388,0.5793280005455017,0.5851839780807495,0.5820863982041676,0.0017047767916986353,1.0911569988820702,0.8698109886609018,13.391282001975924,0.6142519996501505,15.966501989169046,292057776128,2097152,502.1073389136958,3605435280.572839,1312817152,2257.002485638597,0.5074354107263221,0.689074767415301,3167814656,3284140032,48.0,345.7,1980.0,2619.0,50.0,327.72,1980.0,2619.0,20260803,2026-08-10T05:28:11.796355+00:00
prefillq8_b128_h65536_sparse_q8kv8_steady,full,prefill,sglang_sparse_q8kv8_fp8,steady,ok,,128,65536,8,2048,64,576,512,10,30,0.5950719714164734,0.5929279923439026,0.5977280139923096,0.5951839963595073,0.0015880950232005403,1.507739012595266,0.8408039866480976,26.230574992951006,0.626985973212868,29.206103965407237,292057776128,2097152,490.79403863166885,3524198921.700288,1312817152,2206.1485249843804,0.49600206026444554,0.6735487849084467,5583733760,5700059136,48.0,326.91,1980.0,2619.0,50.0,349.6,1980.0,2619.0,20260803,2026-08-10T05:28:11.925866+00:00
prefillq8_b128_h131072_sparse_q8kv8_steady,full,prefill,sglang_sparse_q8kv8_fp8,steady,ok,,128,131072,8,2048,64,576,512,10,30,0.6104959845542908,0.6067519783973694,0.614687979221344,0.6106485307216645,0.0022457415619036563,2.1387510059867054,0.8608640055172145,52.1228609723039,0.6420830031856894,55.76455898699351,292057776128,2097152,478.3942622345415,3435161005.2457314,1312817152,2150.410789283828,0.48347070463319,0.6565317601118407,10415571968,10531897344,50.0,349.6,1980.0,2619.0,51.0,323.93,1980.0,2619.0,20260803,2026-08-10T05:28:12.058628+00:00
prefillq8_b128_h262144_sparse_q8kv8_steady,full,prefill,sglang_sparse_q8kv8_fp8,steady,ok,,128,262144,8,2048,64,576,512,10,30,0.612991988658905,0.6081920266151428,0.6160320043563843,0.6125685354073842,0.0023846991565707773,3.5311320098116994,0.838817999465391,103.5671749850735,0.6433440139517188,108.58046900830232,292057776128,2097152,476.4463182740116,3421173585.9519444,1312817152,2141.654664805917,0.48150209022133567,0.6538584691090759,20079248384,20195573760,49.0,309.02,1980.0,2619.0,53.0,323.95,1980.0,2619.0,20260803,2026-08-10T05:28:12.218368+00:00
prefillq8_b128_h524288_sparse_q8kv8_steady,full,prefill,sglang_sparse_q8kv8_fp8,steady,ok,,128,524288,8,2048,64,576,512,10,30,0.616864025592804,0.6144000291824341,0.6210240125656128,0.6174250702063243,0.002161864221387669,6.425553001463413,0.8949239854700863,206.7898690002039,0.6516780122183263,214.76202399935573,292057776128,2097152,473.45567906530715,3399698982.2589264,1312817152,2128.211562894088,0.47847971608419115,0.6497542191659869,39406601216,39522926592,51.0,346.57,1980.0,2619.0,54.0,421.07,1980.0,2619.0,20260803,2026-08-10T05:28:12.449938+00:00
prefillq16_b128_h2048_sparse_q8kv8_steady,full,prefill,sglang_sparse_q8kv8_fp8,steady,ok,,128,2048,16,2048,64,576,512,10,30,0.8588799834251404,0.8567039966583252,0.86080002784729,0.8589631974697113,0.0012842803027048803,8.279183006379753,0.8684289932716638,1.4166559849400073,0.890787981916219,11.455055966507643,584115552256,4194304,680.0898420365985,4883457620.322541,2625634304,3057.044470321911,0.6873065609263249,0.9333318065749849,1009779712,1010827264,49.0,405.51,1980.0,2619.0,49.0,405.51,1980.0,2619.0,20260803,2026-08-10T05:28:12.830680+00:00
prefillq16_b128_h4096_sparse_q8kv8_steady,full,prefill,sglang_sparse_q8kv8_fp8,steady,ok,,128,4096,16,2048,64,576,512,10,30,0.866815984249115,0.8659200072288513,0.8689919710159302,0.8670730690161387,0.0009590932744177326,0.6771530024707317,0.8286699885502458,2.180953015340492,0.8972809882834554,4.584056994644925,584115552256,4194304,673.8633837745781,4838747872.921775,2625634304,3029.0561684490312,0.6810140311011401,0.924786830339415,1160774656,1161822208,51.0,408.43,1980.0,2619.0,51.0,408.43,1980.0,2619.0,20260803,2026-08-10T05:28:12.929649+00:00
prefillq16_b128_h8192_sparse_q8kv8_steady,full,prefill,sglang_sparse_q8kv8_fp8,steady,ok,,128,8192,16,2048,64,576,512,10,30,0.9318079948425293,0.928991973400116,0.933247983455658,0.931495467821757,0.0014861175096264642,2.46643801801838,0.8193340036086738,3.751636977540329,0.9604119986761361,7.997820997843519,584115552256,4194304,626.8625677060353,4501253502.025185,2625634304,2817.7846922677654,0.6335144696372261,0.8602845339363598,1462764544,1463812096,51.0,412.04,1980.0,2619.0,51.0,412.04,1980.0,2619.0,20260803,2026-08-10T05:28:13.025811+00:00
prefillq16_b128_h16384_sparse_q8kv8_steady,full,prefill,sglang_sparse_q8kv8_fp8,steady,ok,,128,16384,16,2048,64,576,512,10,30,1.0264320373535156,1.022655963897705,1.0289599895477295,1.0261333346366883,0.001785648287190006,0.9196639875881374,0.822556990897283,7.068871025694534,1.0537049965932965,9.864797000773251,584115552256,4194304,569.0737730303556,4086294900.5511518,2625634304,2558.020607745021,0.5751124537952053,0.7809771883466569,2066744320,2067791872,53.0,428.16,1965.0,2619.0,53.0,413.19,1965.0,2619.0,20260803,2026-08-10T05:28:13.145442+00:00
prefillq16_b128_h32768_sparse_q8kv8_steady,full,prefill,sglang_sparse_q8kv8_fp8,steady,ok,,128,32768,16,2048,64,576,512,10,30,1.0756160020828247,1.0742080211639404,1.079584002494812,1.076310404141744,0.001643885634219688,1.1562660220079124,0.8182709862012416,13.48430899088271,1.1109889892395586,16.569834988331422,584115552256,4194304,543.0521218770617,3899443660.0777063,2625634304,2441.051731208644,0.548814675974797,0.7452659731809688,3274703872,3275751424,53.0,413.19,1965.0,2619.0,51.0,406.07,1965.0,2619.0,20260803,2026-08-10T05:28:13.295983+00:00
prefillq16_b128_h65536_sparse_q8kv8_steady,full,prefill,sglang_sparse_q8kv8_fp8,steady,ok,,128,65536,16,2048,64,576,512,10,30,1.1287039518356323,1.124832034111023,1.1338560581207275,1.1287541309992473,0.002606119399331085,1.7318250029347837,0.8764730009716004,26.570576999802142,1.1614149843808264,30.340289988089353,584115552256,4194304,517.5099735462449,3716035540.7445197,2625634304,2326.2382485060693,0.5230014891826628,0.7102128111251758,5690622976,5691670528,51.0,406.07,1965.0,2619.0,53.0,421.52,1965.0,2619.0,20260803,2026-08-10T05:28:13.409958+00:00
prefillq16_b128_h131072_sparse_q8kv8_steady,full,prefill,sglang_sparse_q8kv8_fp8,steady,ok,,128,131072,16,2048,64,576,512,10,30,1.1745599508285522,1.1699520349502563,1.1801600456237793,1.1747925321261088,0.002606450068140937,2.1639830083586276,0.9127819794230163,52.11190300178714,1.2147359957452863,56.40340398531407,584115552256,4194304,497.30586492750416,3570957784.693131,2625634304,2235.4195732179,0.5025829862834807,0.6824853903760335,10522461184,10523508736,53.0,421.52,1965.0,2619.0,53.0,392.27,1980.0,2619.0,20260803,2026-08-10T05:28:13.577399+00:00
prefillq16_b128_h262144_sparse_q8kv8_steady,full,prefill,sglang_sparse_q8kv8_fp8,steady,ok,,128,262144,16,2048,64,576,512,10,30,1.1989120244979858,1.195296049118042,1.2026879787445068,1.198954669634501,0.0025383394678549255,3.5877930058632046,1.0203510173596442,103.48917200462893,1.2344569840934128,109.33177301194519,584115552256,4194304,487.20468251253357,3498425167.398133,2625634304,2190.014154791231,0.492374615980327,0.6686228765592184,20186137600,20187185152,52.0,389.02,1965.0,2619.0,54.0,438.45,1965.0,2619.0,20260803,2026-08-10T05:28:13.735206+00:00
prefillq16_b128_h524288_sparse_q8kv8_steady,full,prefill,sglang_sparse_q8kv8_fp8,steady,ok,,128,524288,16,2048,64,576,512,10,30,1.2049599885940552,1.1995840072631836,1.2100800275802612,1.2049301306406657,0.0027065082569507322,13.149780017556623,0.9047790081240237,207.89150000200607,1.2481829908210784,223.1942420185078,584115552256,4194304,484.75929307623306,3480865787.829109,2625634304,2179.0219831810223,0.4899032774898768,0.6652669085689791,39513490432,39514537984,54.0,438.45,1965.0,2619.0,58.0,482.86,1980.0,2619.0,20260803,2026-08-10T05:28:13.971328+00:00
prefillq32_b128_h2048_sparse_q8kv8_steady,full,prefill,sglang_sparse_q8kv8_fp8,steady,ok,,128,2048,32,2048,64,576,512,10,30,1.6638720035552979,1.6599680185317993,1.6687359809875488,1.6649834632873535,0.007550115990978151,8.09172200388275,1.0329490178264678,1.8024070013780147,1.6965730173978955,12.623651040485129,1168231104512,8388608,702.1159692667276,5041618575.272344,5251268608,3156.053228120487,0.7095664166414629,0.9635597027276237,1220805632,1224736768,51.0,468.64,1965.0,2619.0,60.0,473.08,1965.0,2619.0,20260803,2026-08-10T05:28:14.354591+00:00
prefillq32_b128_h4096_sparse_q8kv8_steady,full,prefill,sglang_sparse_q8kv8_fp8,steady,ok,,128,4096,32,2048,64,576,512,10,30,1.6654080152511597,1.6601279973983765,1.6732159852981567,1.6660832047462464,0.004118199089129223,0.7679779955651611,1.0254709923174232,2.5942630018107593,1.6957760090008378,6.083487998694181,1168231104512,8388608,701.4684052279041,5036968672.649817,5251268608,3153.1423890787855,0.7089119810287056,0.9626710082098257,1371800576,1375731712,60.0,473.08,1965.0,2619.0,60.0,462.6,1965.0,2619.0,20260803,2026-08-10T05:28:14.467868+00:00
prefillq32_b128_h8192_sparse_q8kv8_steady,full,prefill,sglang_sparse_q8kv8_fp8,steady,ok,,128,8192,32,2048,64,576,512,10,30,1.699936032295227,1.6987520456314087,1.7032320499420166,1.7005088090896607,0.0013184448695086198,1.0203479905612767,1.023693010210991,4.194798006210476,1.7288939852733165,7.96773299225606,1168231104512,8388608,687.2206261400746,4934660975.844975,5251268608,3089.0977708789546,0.6945130127742037,0.943117848356852,1673790464,1677721600,60.0,462.6,1965.0,2619.0,57.0,479.38,1890.0,2619.0,20260803,2026-08-10T05:28:14.600442+00:00
prefillq32_b128_h16384_sparse_q8kv8_steady,full,prefill,sglang_sparse_q8kv8_fp8,steady,ok,,128,16384,32,2048,64,576,512,10,30,1.8564480543136597,1.8288960456848145,1.8610559701919556,1.8534058809280396,0.010383012621660708,1.0992759780492634,1.080192014342174,7.544755004346371,1.8888649938162416,11.61308799055405,1168231104512,8388608,629.2829480455904,4518633301.108617,5251268608,2828.664446493994,0.6359605336489039,0.8636061803061257,2277770240,2281701376,50.0,452.8,1965.0,2619.0,59.0,452.84,1950.0,2619.0,20260803,2026-08-10T05:28:14.788467+00:00
prefillq32_b128_h32768_sparse_q8kv8_steady,full,prefill,sglang_sparse_q8kv8_fp8,steady,ok,,128,32768,32,2048,64,576,512,10,30,1.9838080406188965,1.9779200553894043,2.0175681114196777,1.9915893395741782,0.013580284488022095,1.1843059910461307,1.0481960198376328,13.889964000554755,2.0191669755149633,18.141632986953482,1168231104512,8388608,588.8831381828367,4228538159.056444,5251268608,2647.064887569334,0.5951320244394509,0.8081628767984979,3485729792,3489660928,59.0,452.84,1950.0,2619.0,56.0,460.05,1920.0,2619.0,20260803,2026-08-10T05:28:14.969997+00:00
prefillq32_b128_h65536_sparse_q8kv8_steady,full,prefill,sglang_sparse_q8kv8_fp8,steady,ok,,128,65536,32,2048,64,576,512,10,30,2.1427841186523438,2.135648012161255,2.163935899734497,2.147977598508199,0.010071776479796887,1.9318230042699724,1.226899999892339,27.057578990934417,2.1926909976173192,32.40899299271405,1168231104512,8388608,545.1930945086214,3914817142.3240848,5251268608,2450.675531094877,0.550978367365964,0.7482041700639823,5901648896,5905580032,56.0,460.05,1920.0,2619.0,59.0,443.26,1965.0,2619.0,20260803,2026-08-10T05:28:15.185913+00:00
prefillq32_b128_h131072_sparse_q8kv8_steady,full,prefill,sglang_sparse_q8kv8_fp8,steady,ok,,128,131072,32,2048,64,576,512,10,30,2.2244160175323486,2.2135679721832275,2.245824098587036,2.225050671895345,0.008730390282914115,2.344818989513442,1.0686909954529256,52.214864001143724,2.244876988697797,57.87325097480789,1168231104512,8388608,525.1855297319674,3771150690.285842,5251268608,2360.740332118937,0.5307584939181076,0.7207464792944215,10733487104,10737418240,59.0,443.26,1965.0,2619.0,60.0,457.11,1965.0,2619.0,20260803,2026-08-10T05:28:15.403157+00:00
prefillq32_b128_h262144_sparse_q8kv8_steady,full,prefill,sglang_sparse_q8kv8_fp8,steady,ok,,128,262144,32,2048,64,576,512,10,30,2.3246400356292725,2.3169920444488525,2.338144063949585,2.3265909274419148,0.006704121347609262,4.072612005984411,1.1047970037907362,103.70519201387651,2.35360098304227,111.23620200669393,1168231104512,8388608,502.5427965649588,3608562130.665203,5251268608,2258.959893796417,0.5078754892015753,0.6896723744536933,20397163520,20401094656,52.0,458.43,1950.0,2619.0,60.0,495.02,1965.0,2619.0,20260803,2026-08-10T05:28:15.646085+00:00
prefillq32_b128_h524288_sparse_q8kv8_steady,full,prefill,sglang_sparse_q8kv8_fp8,steady,ok,,128,524288,32,2048,64,576,512,10,30,2.3608639240264893,2.337376117706299,2.3743040561676025,2.3588341236114503,0.011600130366635035,8.10028100386262,1.0659930121619254,207.9661519965157,2.371943002799526,219.50436901533976,1168231104512,8388608,494.83203696025146,3553194199.2205553,5251268608,2224.299568712068,0.5000829074888847,0.6790903943282798,39724516352,39728447488,60.0,495.02,1965.0,2619.0,60.0,546.14,1920.0,2619.0,20260803,2026-08-10T05:28:15.922076+00:00
prefillq64_b128_h2048_sparse_q8kv8_steady,full,prefill,sglang_sparse_q8kv8_fp8,steady,ok,,128,2048,64,2048,64,576,512,10,30,3.280479907989502,3.2307519912719727,3.2878079414367676,3.268614395459493,0.020591345564269815,5.46170401503332,1.638588000787422,5.499947990756482,3.292816982138902,15.893056988716125,2336462209024,16777216,712.2318302677674,5114256593.719607,10502537216,3201.5246276684743,0.7197896212913263,0.9774423609289115,1644692480,1799356416,60.0,546.14,1920.0,2619.0,55.0,533.25,1920.0,2619.0,20260803,2026-08-10T05:28:16.314334+00:00
prefillq64_b128_h4096_sparse_q8kv8_steady,full,prefill,sglang_sparse_q8kv8_fp8,steady,ok,,128,4096,64,2048,64,576,512,10,30,3.245471954345703,3.241408109664917,3.295775890350342,3.2546186765034992,0.01803174087449275,0.9843760053627193,1.531874993816018,3.4262640110682696,3.2741659961175174,9.216681006364524,2336462209024,16777216,719.9144660287283,5169422578.905735,10502537216,3236.05853439499,0.727553780726355,0.9879857448626614,1795687424,1950351360,55.0,533.25,1920.0,2619.0,64.0,548.22,1905.0,2619.0,20260803,2026-08-10T05:28:16.594025+00:00
prefillq64_b128_h8192_sparse_q8kv8_steady,full,prefill,sglang_sparse_q8kv8_fp8,steady,ok,,128,8192,64,2048,64,576,512,10,30,3.305216073989868,3.263456106185913,3.3508799076080322,3.3039669434229535,0.0256641743242677,1.0811479878611863,1.5225740207824856,4.958320001605898,3.2940160017460585,10.856058011995628,2336462209024,16777216,706.901502570619,5075981607.383236,10502537216,3177.5644862219056,0.7144027312487307,0.9701272033251482,2097677312,2252341248,64.0,548.22,1905.0,2619.0,64.0,541.14,1830.0,2619.0,20260803,2026-08-10T05:28:16.791361+00:00
prefillq64_b128_h16384_sparse_q8kv8_steady,full,prefill,sglang_sparse_q8kv8_fp8,steady,ok,,128,16384,64,2048,64,576,512,10,30,3.384511947631836,3.381119966506958,3.4543039798736572,3.4066517273585,0.032211532486683674,1.1610719957388937,1.5177169989328831,8.13371702679433,3.4153590095229447,14.22786503098905,2336462209024,16777216,690.3394773532524,4957056219.505776,10502537216,3103.1171934106155,0.6976649594272384,0.9473980520259977,2701657088,2856321024,64.0,541.14,1830.0,2619.0,64.0,549.62,1890.0,2619.0,20260803,2026-08-10T05:28:17.011006+00:00
prefillq64_b128_h32768_sparse_q8kv8_steady,full,prefill,sglang_sparse_q8kv8_fp8,steady,ok,,128,32768,64,2048,64,576,512,10,30,3.7024641036987305,3.5988800525665283,3.7331840991973877,3.69017387231191,0.041786053531938275,1.5890939976088703,1.6663550049997866,14.768522989470512,3.6447049933485687,21.668676985427737,2336462209024,16777216,631.056005834032,4531364931.597771,10502537216,2836.6344471802045,0.6377524060980617,0.866039463567485,3909616640,4064280576,58.0,530.67,1890.0,2619.0,63.0,538.43,1830.0,2619.0,20260803,2026-08-10T05:28:17.255451+00:00
prefillq64_b128_h65536_sparse_q8kv8_steady,full,prefill,sglang_sparse_q8kv8_fp8,steady,ok,,128,65536,64,2048,64,576,512,10,30,4.087615966796875,4.019775867462158,4.094016075134277,4.078205903371175,0.022144824396284242,2.103556995280087,1.6760059806983918,27.301324997097254,4.039396997541189,35.12028497061692,2336462209024,16777216,571.5953328303714,4104401229.5379376,10502537216,2569.355169690749,0.5776607709250847,0.7844376899128733,6325535744,6480199680,63.0,538.43,1830.0,2619.0,63.0,596.01,1830.0,2619.0,20260803,2026-08-10T05:28:17.530632+00:00
prefillq64_b128_h131072_sparse_q8kv8_steady,full,prefill,sglang_sparse_q8kv8_fp8,steady,ok,,128,131072,64,2048,64,576,512,10,30,4.354112148284912,4.313568115234375,4.361311912536621,4.349267196655274,0.01427829893742121,2.5195270136464387,1.6268659965135157,52.697267004987225,4.30278800195083,61.14644801709801,2336462209024,16777216,536.6104798068496,3853188762.3998284,10502537216,2412.0961652622923,0.5423046789356742,0.7364256861202234,11157373952,11312037888,64.0,583.93,1770.0,2619.0,63.0,609.69,1800.0,2619.0,20260803,2026-08-10T05:28:17.764494+00:00
prefillq64_b128_h262144_sparse_q8kv8_steady,full,prefill,sglang_sparse_q8kv8_fp8,steady,ok,,128,262144,64,2048,64,576,512,10,30,4.524256229400635,4.4692158699035645,4.544991970062256,4.5146997451782225,0.02538330092548422,3.743706998648122,1.6050119884312153,103.80028098006733,4.513160994974896,113.66216096212156,2336462209024,16777216,516.4301247662823,3708281571.4490633,10502537216,2321.3842637271136,0.5219101816738578,0.7087308639612363,20821050368,20975714304,63.0,609.69,1800.0,2619.0,64.0,638.47,1875.0,2619.0,20260803,2026-08-10T05:28:18.039611+00:00
prefillq64_b128_h524288_sparse_q8kv8_steady,full,prefill,sglang_sparse_q8kv8_fp8,steady,ok,,128,524288,64,2048,64,576,512,10,30,4.597311973571777,4.554368019104004,4.612127780914307,4.595126342773438,0.014412513483012401,6.509338010801002,1.6242359997704625,207.43500598473474,4.612752003595233,220.18133199890144,2336462209024,16777216,508.2235494252826,3649353382.2472615,10502537216,2284.4952172867856,0.5136165229158995,0.6974684434465114,40148403200,40303067136,64.0,676.01,1785.0,2619.0,58.0,637.52,1905.0,2619.0,20260803,2026-08-10T05:28:18.372895+00:00
prefillq128_b128_h2048_sparse_q8kv8_steady,full,prefill,sglang_sparse_q8kv8_fp8,steady,ok,,128,2048,128,2048,64,576,512,10,30,6.495232105255127,6.41209602355957,6.523551940917969,6.480297565460205,0.04017412526759274,8.130483998684213,2.4889780033845454,4.319936997490004,6.439076008973643,21.378475008532405,4672924418048,33554432,719.4391735850758,5166009690.839526,21005074432,3233.922066465543,0.7270734447550034,0.9873334699312242,2753846272,3045064704,58.0,637.52,1905.0,2619.0,67.0,622.91,1830.0,2619.0,20260803,2026-08-10T05:28:18.890692+00:00
prefillq128_b128_h4096_sparse_q8kv8_steady,full,prefill,sglang_sparse_q8kv8_fp8,steady,ok,,128,4096,128,2048,64,576,512,10,30,6.493984222412109,6.48579216003418,6.5348801612854,6.5016714890797935,0.01784420450759184,1.3354650000110269,2.465551981003955,4.950236005242914,6.419989018468186,15.171242004726082,4672924418048,33554432,719.5774208875889,5167002390.334824,21005074432,3234.5434963495995,0.7272131590576947,0.9875231957536571,2904841216,3196059648,62.0,597.64,1815.0,2619.0,68.0,652.06,1815.0,2619.0,20260803,2026-08-10T05:28:19.244362+00:00
prefillq128_b128_h8192_sparse_q8kv8_steady,full,prefill,sglang_sparse_q8kv8_fp8,steady,ok,,128,8192,128,2048,64,576,512,10,30,6.526432037353516,6.461440086364746,6.932223796844482,6.627665074666341,0.18726071477220804,1.382115005981177,2.4763260153122246,6.5955870086327195,6.4937639981508255,16.947792028076947,4672924418048,33554432,715.9998589279545,5141313325.252431,21005074432,3218.4621416080213,0.723597634085856,0.982613473301517,3206831104,3498049536,68.0,652.06,1815.0,2619.0,69.0,661.26,1650.0,2619.0,20260803,2026-08-10T05:28:19.594933+00:00
prefillq128_b128_h16384_sparse_q8kv8_steady,full,prefill,sglang_sparse_q8kv8_fp8,steady,ok,,128,16384,128,2048,64,576,512,10,30,6.619552135467529,6.533599853515625,6.819295883178711,6.664303986231486,0.08894011736949706,1.5421279822476208,2.5398530124220997,9.748566983034834,6.5156969940289855,20.34624497173354,4672924418048,33554432,705.9275797542997,5068988250.763297,21005074432,3173.186644977824,0.7134184737284484,0.9687906252946665,3810810880,4102029312,59.0,670.58,1815.0,2619.0,68.0,663.69,1800.0,2619.0,20260803,2026-08-10T05:28:19.958694+00:00
prefillq128_b128_h32768_sparse_q8kv8_steady,full,prefill,sglang_sparse_q8kv8_fp8,steady,ok,,128,32768,128,2048,64,576,512,10,30,7.004191875457764,6.8970561027526855,7.020256042480469,6.985916805267334,0.043387860724174096,1.701165019767359,2.5081549829337746,16.108184994664043,6.794500019168481,27.112005016533658,4672924418048,33554432,667.1611088242207,4790621473.059949,21005074432,2998.929042135528,0.6742406354969386,0.915588859717112,5018770432,5309988864,68.0,663.69,1800.0,2619.0,68.0,669.7,1800.0,2619.0,20260803,2026-08-10T05:28:20.329139+00:00
prefillq128_b128_h65536_sparse_q8kv8_steady,full,prefill,sglang_sparse_q8kv8_fp8,steady,ok,,128,65536,128,2048,64,576,512,10,30,7.69974422454834,7.6063361167907715,7.7269439697265625,7.672458712259928,0.04372323191050284,2.1525630145333707,2.5604660040698946,28.9492949959822,7.4518100009299815,41.11413401551545,4672924418048,33554432,606.8934605840248,4357863199.276373,21005074432,2728.022362747009,0.6133334619343352,0.8328796211235722,7434689536,7725907968,68.0,669.7,1800.0,2619.0,59.0,634.24,1890.0,2619.0,20260803,2026-08-10T05:28:20.718412+00:00
prefillq128_b128_h131072_sparse_q8kv8_steady,full,prefill,sglang_sparse_q8kv8_fp8,steady,ok,,128,131072,128,2048,64,576,512,10,30,8.33516788482666,8.28764820098877,8.356224060058594,8.329588222503663,0.031640848721431705,2.746128011494875,2.5387049827259034,54.762486019171774,8.140338002704084,68.18765701609664,4672924418048,33554432,560.627510161444,4025645609.500258,21005074432,2520.054151547162,0.5665765640843294,0.7693858289482551,12266527744,12557746176,59.0,634.24,1890.0,2619.0,65.0,613.78,1755.0,2619.0,20260803,2026-08-10T05:28:21.190623+00:00
prefillq128_b128_h262144_sparse_q8kv8_steady,full,prefill,sglang_sparse_q8kv8_fp8,steady,ok,,128,262144,128,2048,64,576,512,10,30,8.871135711669922,8.81049633026123,9.521727561950684,9.008051204681397,0.2611731314652647,4.581350978696719,6.89262300147675,107.3843170015607,8.734119008295238,127.59240999002941,4672924418048,33554432,526.7560513025179,3782427987.868494,21005074432,2367.7999204056773,0.5323456809525193,0.7229018088466426,21930204160,22221422592,65.0,613.78,1755.0,2619.0,63.0,659.73,1395.0,2619.0,20260803,2026-08-10T05:28:21.691294+00:00
prefillq128_b128_h524288_sparse_q8kv8_steady,full,prefill,sglang_sparse_q8kv8_fp8,steady,ok,,128,524288,128,2048,64,576,512,10,30,9.02121639251709,8.934783935546875,9.070464134216309,9.01208963394165,0.037371556100230505,7.673104002606124,2.5699350226204842,210.48610997968353,8.981812978163362,229.7109619830735,4672924418048,33554432,517.9927201307456,3719501954.063833,21005074432,2328.4082232439596,0.5234893583938813,0.7108753158620217,41257556992,41548775424,56.0,662.54,1830.0,2619.0,65.0,658.85,1770.0,2619.0,20260803,2026-08-10T05:28:22.259529+00:00
prefillq256_b128_h2048_sparse_q8kv8_steady,full,prefill,sglang_sparse_q8kv8_fp8,steady,ok,,128,2048,256,2048,64,576,512,10,30,12.967103958129883,12.869119644165039,13.067359924316406,12.963818645477295,0.05001934846629137,8.241007017204538,4.5556590193882585,7.506905996706337,12.802382989320904,33.10595502262004,9345848836096,67108864,720.7352440663134,5175316263.114038,42010148864,3239.747980709388,0.7283832683843491,0.9891121522889543,5019036672,5536481280,57.0,599.59,1950.0,2619.0,69.0,684.04,1800.0,2619.0,20260803,2026-08-10T05:28:22.982524+00:00
prefillq256_b128_h4096_sparse_q8kv8_steady,full,prefill,sglang_sparse_q8kv8_fp8,steady,ok,,128,4096,256,2048,64,576,512,10,30,13.206751823425293,13.00483226776123,14.808320045471191,13.572993024190266,0.6479431520200922,2.0572810026351362,4.611229989677668,8.331993012689054,12.852932006353512,27.85343601135537,9345848836096,67108864,707.6568834676616,5081405700.451385,42010148864,3180.959968482567,0.715166127809663,0.9711638619748022,5170031616,5687476224,69.0,684.04,1800.0,2619.0,68.0,697.01,1785.0,2619.0,20260803,2026-08-10T05:28:23.635213+00:00
prefillq256_b128_h8192_sparse_q8kv8_steady,full,prefill,sglang_sparse_q8kv8_fp8,steady,ok,,128,8192,256,2048,64,576,512,10,30,13.059136390686035,12.966015815734863,13.151968002319336,13.056593036651611,0.04729877334797828,1.9108959822915494,4.595888021867722,9.854320000158623,12.899294990347698,29.260398994665593,9345848836096,67108864,715.6559634955336,5138843947.434611,42010148864,3216.9163110940663,0.7232500894345968,0.9821415230893904,5472021504,5989466112,66.0,668.86,1890.0,2619.0,70.0,675.2,1800.0,2619.0,20260803,2026-08-10T05:28:24.276004+00:00
prefillq256_b128_h16384_sparse_q8kv8_steady,full,prefill,sglang_sparse_q8kv8_fp8,steady,ok,,128,16384,256,2048,64,576,512,10,30,13.434304237365723,13.131487846374512,14.811840057373047,13.68940585454305,0.5765902014510177,2.1309249859768897,4.615876998286694,13.00753201940097,12.954099976923317,32.70843398058787,9345848836096,67108864,695.6704769348435,4995336030.380022,42010148864,3127.080355017894,0.7030525284839246,0.9547141317007609,6076001280,6593445888,70.0,675.2,1800.0,2619.0,69.0,700.04,1800.0,2619.0,20260803,2026-08-10T05:28:24.959181+00:00
prefillq256_b128_h32768_sparse_q8kv8_steady,full,prefill,sglang_sparse_q8kv8_fp8,steady,ok,,128,32768,256,2048,64,576,512,10,30,13.519552230834961,13.42131233215332,14.13366413116455,13.6155424118042,0.25812511106431135,2.245805982965976,4.624790977686644,19.461360992863774,13.253410026663914,39.58536798018031,9345848836096,67108864,691.2839032331476,4963837770.228828,42010148864,3107.3624441632464,0.6986194070067182,0.9486941494798564,7283960832,7801405440,70.0,667.53,1890.0,2619.0,69.0,687.63,1695.0,2619.0,20260803,2026-08-10T05:28:25.589014+00:00
prefillq256_b128_h65536_sparse_q8kv8_steady,full,prefill,sglang_sparse_q8kv8_fp8,steady,ok,,128,65536,256,2048,64,576,512,10,30,14.84988784790039,14.839008331298828,15.10863971710205,14.88542718887329,0.08170672507595177,2.428188017802313,4.604963003657758,32.129891973454505,14.457111014053226,53.6201540089678,9345848836096,67108864,629.3548430682188,4519149550.983878,42010148864,2828.9876189159077,0.6360331915798068,0.8637048465516802,9699879936,10217324544,63.0,658.06,1905.0,2619.0,68.0,688.62,1755.0,2619.0,20260803,2026-08-10T05:28:26.298651+00:00
prefillq256_b128_h131072_sparse_q8kv8_steady,full,prefill,sglang_sparse_q8kv8_fp8,steady,ok,,128,131072,256,2048,64,576,512,10,30,16.228351593017578,16.185760498046875,16.353408813476562,16.256840642293295,0.06279867494474042,3.239523997763172,4.652903997339308,58.06354901869781,15.815744001884013,81.7717210156843,9345848836096,67108864,575.8963738570436,4135285313.1968317,42010148864,2588.688606061217,0.5820074521041371,0.7903402900451675,14531718144,15049162752,68.0,688.62,1755.0,2619.0,67.0,693.65,1725.0,2619.0,20260803,2026-08-10T05:28:27.039614+00:00
prefillq256_b128_h262144_sparse_q8kv8_steady,full,prefill,sglang_sparse_q8kv8_fp8,steady,ok,,128,262144,256,2048,64,576,512,10,30,17.486848831176758,17.382976531982422,17.77020835876465,17.51483949025472,0.1494462381987234,6.708992994390428,4.672290000598878,109.24021602841094,17.126043007010594,137.74754203041084,9345848836096,67108864,534.4501417221368,3837676224.4523835,42010148864,2402.385316507192,0.540121416596399,0.7334609127582515,24195394560,24712839168,67.0,693.65,1725.0,2619.0,66.0,698.55,1755.0,2619.0,20260803,2026-08-10T05:28:27.880632+00:00
prefillq256_b128_h524288_sparse_q8kv8_steady,full,prefill,sglang_sparse_q8kv8_fp8,steady,ok,,128,524288,256,2048,64,576,512,10,30,18.028095245361328,17.99616050720215,20.058528900146484,18.432518450419106,0.7624593107722738,7.123569026589394,4.671895992942154,213.96073698997498,17.914872005349025,243.67107401485555,9345848836096,67108864,518.4046738659597,3722460031.781076,42010148864,2330.2599798949536,0.5239056835431629,0.7114406669379343,43522747392,44040192000,65.0,662.01,1380.0,2619.0,60.0,674.26,1665.0,2619.0,20260803,2026-08-10T05:28:28.819081+00:00
prefillq512_b128_h2048_sparse_q8kv8_steady,full,prefill,sglang_sparse_q8kv8_fp8,steady,ok,,128,2048,512,2048,64,576,512,10,30,25.899871826171875,25.691648483276367,30.92086410522461,27.233231862386067,1.9351351383582727,8.751246990868822,8.487170009175315,14.185445004841313,25.706177984829992,57.13003998971544,18691697672192,134217728,721.6907403110775,5182177305.772328,84020297728,3244.0429934134777,0.7293489038009879,0.9904234423291508,9551514624,10265559040,60.0,674.26,1665.0,2619.0,65.0,708.82,1755.0,2619.0,20260803,2026-08-10T05:28:29.939039+00:00
prefillq512_b128_h4096_sparse_q8kv8_steady,full,prefill,sglang_sparse_q8kv8_fp8,steady,ok,,128,4096,512,2048,64,576,512,10,30,26.82383918762207,25.92144012451172,30.66975975036621,27.32263781229655,1.6239870166692727,3.037413989659399,8.469874010188505,14.659481996204704,25.389484013430774,51.55625400948338,18691697672192,134217728,696.8315587284512,5003673301.990832,84020297728,3132.2994870462608,0.7042259310039931,0.9563075602465603,9702509568,10416553984,65.0,708.82,1755.0,2619.0,66.0,704.82,1770.0,2619.0,20260803,2026-08-10T05:28:31.179831+00:00
prefillq512_b128_h8192_sparse_q8kv8_steady,full,prefill,sglang_sparse_q8kv8_fp8,steady,ok,,128,8192,512,2048,64,576,512,10,30,26.18822479248047,25.850976943969727,30.904863357543945,27.447399520874022,1.87075700373905,2.9401190113276243,8.410237001953647,16.37661299901083,25.70142297190614,53.42839198419824,18691697672192,134217728,713.7443572562819,5125117455.022704,84020297728,3208.3235268442127,0.7213181983388397,0.9795181007200783,10004499456,10718543872,68.0,658.67,1935.0,2619.0,66.0,686.17,1875.0,2619.0,20260803,2026-08-10T05:28:32.403755+00:00
prefillq512_b128_h16384_sparse_q8kv8_steady,full,prefill,sglang_sparse_q8kv8_fp8,steady,ok,,128,16384,512,2048,64,576,512,10,30,26.183008193969727,25.986143112182617,31.063552856445312,27.60725015004476,1.986891053875063,3.141745022730902,8.492969995131716,19.635375996585935,25.80857800785452,57.078669022303075,18691697672192,134217728,713.8865608458592,5126138563.059076,84020297728,3208.9627404749817,0.7214619109104186,0.9797132560142144,10608479232,11322523648,58.0,627.31,1965.0,2619.0,64.0,708.25,1695.0,2619.0,20260803,2026-08-10T05:28:33.655494+00:00
prefillq512_b128_h32768_sparse_q8kv8_steady,full,prefill,sglang_sparse_q8kv8_fp8,steady,ok,,128,32768,512,2048,64,576,512,10,30,27.713375091552734,26.502975463867188,31.50054359436035,28.065315183003744,1.6725300358784094,3.4097750030923635,8.440726989647374,25.88719397317618,26.143177994526923,63.88087396044284,18691697672192,134217728,674.4648607556061,4843066842.512108,84020297728,3031.75984341258,0.6816218906069794,0.9256122765710996,11816438784,12530483200,65.0,679.86,1875.0,2619.0,66.0,701.98,1770.0,2619.0,20260803,2026-08-10T05:28:34.924184+00:00
prefillq512_b128_h65536_sparse_q8kv8_steady,full,prefill,sglang_sparse_q8kv8_fp8,steady,ok,,128,65536,512,2048,64,576,512,10,30,29.743167877197266,29.041791915893555,34.42339324951172,30.65597127278646,1.8940813089680515,3.6458870163187385,8.503532997565344,38.89971299213357,28.40867399936542,79.45780700538307,18691697672192,134217728,628.4366799584275,4512556582.881631,84020297728,2824.8604208839015,0.6351052854557124,0.862444791216306,14232357888,14946402304,63.0,644.99,1950.0,2619.0,67.0,700.55,1755.0,2619.0,20260803,2026-08-10T05:28:36.196213+00:00
prefillq512_b128_h131072_sparse_q8kv8_steady,full,prefill,sglang_sparse_q8kv8_fp8,steady,ok,,128,131072,512,2048,64,576,512,10,30,32.153377532958984,31.847904205322266,38.00831985473633,33.301439094543454,2.054352568776457,4.998977005016059,8.508181985234842,64.55457999254577,31.059258995810524,109.12099797860719,18691697672192,134217728,581.3292134871982,4174296397.397736,84020297728,2613.109544770983,0.5874979418769057,0.7977961314846747,19064196096,19778240512,57.0,662.57,1875.0,2619.0,66.0,700.64,1740.0,2619.0,20260803,2026-08-10T05:28:37.623749+00:00
prefillq512_b128_h262144_sparse_q8kv8_steady,full,prefill,sglang_sparse_q8kv8_fp8,steady,ok,,128,262144,512,2048,64,576,512,10,30,34.71971130371094,34.50291061401367,39.146240234375,35.61105804443359,1.6986916651003776,6.505470024421811,8.609917014837265,115.39681101567112,33.82489300565794,164.33709106058814,18691697672192,134217728,538.3598241553979,3865750116.0055566,84020297728,2419.9595726194784,0.5440725863116704,0.7388264258758165,28727872512,29441916928,58.0,667.83,1740.0,2619.0,66.0,698.97,1710.0,2619.0,20260803,2026-08-10T05:28:39.140617+00:00
prefillq512_b128_h524288_sparse_q8kv8_steady,full,prefill,sglang_sparse_q8kv8_fp8,steady,ok,,128,524288,512,2048,64,576,512,10,30,36.100990295410156,35.90809631347656,40.02774429321289,37.04623425801595,1.4926469250280774,9.211162017891183,8.575776009820402,219.53433498856612,35.58883600635454,272.91010902263224,18691697672192,134217728,517.7613555539623,3717840616.0526934,84020297728,2327.3682256489865,0.5232555387104217,0.7105577991089703,48055225344,48769269760,56.0,647.14,1950.0,2619.0,61.0,689.02,1830.0,2619.0,20260803,2026-08-10T05:28:40.827314+00:00
prefillq1024_b128_h2048_sparse_q8kv8_steady,full,prefill,sglang_sparse_q8kv8_fp8,steady,ok,,128,2048,1024,2048,64,576,512,10,30,53.25664138793945,51.687904357910156,61.33494567871094,54.6210386912028,3.248991126614309,10.238719987682998,16.079872992122546,27.096114004962146,51.15610800567083,104.57081499043852,37383395344384,268435456,701.9480457295581,5040412782.410086,168040595456,3155.2984017887134,0.7093967111971279,0.9633292502658674,18616470528,20002635776,61.0,689.02,1830.0,2619.0,68.0,704.3,1770.0,2619.0,20260803,2026-08-10T05:28:42.688276+00:00
prefillq1024_b128_h4096_sparse_q8kv8_steady,full,prefill,sglang_sparse_q8kv8_fp8,steady,ok,,128,4096,1024,2048,64,576,512,10,30,53.650943756103516,51.78915023803711,61.208160400390625,54.753304672241214,3.1720936001432447,4.071236005984247,15.972655994119123,27.871033002156764,51.10245500691235,99.01738000917248,37383395344384,268435456,696.7891471644641,5003368761.233802,168040595456,3132.10884453236,0.7041830693930916,0.9562493560811852,18767465472,20153630720,60.0,669.37,1920.0,2619.0,68.0,701.77,1755.0,2619.0,20260803,2026-08-10T05:28:45.056743+00:00
prefillq1024_b128_h8192_sparse_q8kv8_steady,full,prefill,sglang_sparse_q8kv8_fp8,steady,ok,,128,8192,1024,2048,64,576,512,10,30,52.97248077392578,51.99817657470703,61.52217483520508,54.80278498331706,3.1232527419023497,5.060731986304745,16.05454698437825,29.470271023456007,51.22734300675802,101.81289300089702,37383395344384,268435456,705.7135100756868,5067451100.6124115,168040595456,3172.2243889833694,0.7132021324665859,0.9684968434624392,19069455360,20455620608,60.0,664.02,1920.0,2619.0,69.0,701.81,1785.0,2619.0,20260803,2026-08-10T05:28:47.448962+00:00
prefillq1024_b128_h16384_sparse_q8kv8_steady,full,prefill,sglang_sparse_q8kv8_fp8,steady,ok,,128,16384,1024,2048,64,576,512,10,30,53.05487823486328,51.96876907348633,62.30476760864258,55.10408426920573,3.4453318425641135,5.8904970064759254,16.142694978043437,33.046650991309434,51.57130799489096,106.65115097071975,37383395344384,268435456,704.6174939634245,5059581040.063652,168040595456,3167.2977310798465,0.7120944860671293,0.9669927088101267,19673435136,21059600384,58.0,647.6,1950.0,2619.0,68.0,704.14,1800.0,2619.0,20260803,2026-08-10T05:28:49.860429+00:00
prefillq1024_b128_h32768_sparse_q8kv8_steady,full,prefill,sglang_sparse_q8kv8_fp8,steady,ok,,128,32768,1024,2048,64,576,512,10,30,54.890174865722656,52.7059211730957,62.16969680786133,55.6377628326416,2.7710271352734166,4.81968600070104,16.048924007918686,39.01419200701639,52.122790017165244,112.00559203280136,37383395344384,268435456,681.0580479263305,4890409925.941596,168040595456,3061.3966136394392,0.6882850408553113,0.9346605388929003,20881394688,22267559936,63.0,668.91,1935.0,2619.0,69.0,700.75,1785.0,2619.0,20260803,2026-08-10T05:28:52.276956+00:00
prefillq1024_b128_h65536_sparse_q8kv8_steady,full,prefill,sglang_sparse_q8kv8_fp8,steady,ok,,128,65536,1024,2048,64,576,512,10,30,59.5731201171875,58.33206558227539,65.45938873291016,60.42822481791178,2.424350416486511,5.4283989884424955,16.13674100372009,51.895297976443544,56.28197200712748,129.7424099757336,37383395344384,268435456,627.5211919544646,4505982823.662,168040595456,2820.7452476124117,0.6341800828241179,0.8611884071037634,23297313792,24683479040,64.0,664.27,1875.0,2619.0,68.0,696.34,1695.0,2619.0,20260803,2026-08-10T05:28:54.668667+00:00
prefillq1024_b128_h131072_sparse_q8kv8_steady,full,prefill,sglang_sparse_q8kv8_fp8,steady,ok,,128,131072,1024,2048,64,576,512,10,30,64.39580535888672,63.4508171081543,74.94236755371094,66.25212224324544,3.4665817720091545,6.36671602842398,16.355208994355053,77.90310200653039,61.56513898167759,162.190166010987,37383395344384,268435456,580.5253173873854,4168523935.7435184,168040595456,2609.4959837754423,0.5866855152980145,0.7966928922466204,28129152000,29515317248,65.0,669.7,1815.0,2619.0,61.0,660.97,1875.0,2619.0,20260803,2026-08-10T05:28:57.284952+00:00
prefillq1024_b128_h262144_sparse_q8kv8_steady,full,prefill,sglang_sparse_q8kv8_fp8,steady,ok,,128,262144,1024,2048,64,576,512,10,30,69.31600189208984,68.29289245605469,79.00691223144531,71.37495905558268,3.434137961002377,8.477454975945875,17.144836980151013,130.4944969888311,67.72847101092339,223.84525995585136,37383395344384,268435456,539.3184015803729,3872633283.4068594,168040595456,2424.2684354126936,0.5450413356042172,0.7401419444212998,37792828416,39178993664,61.0,660.97,1875.0,2619.0,63.0,696.17,1440.0,2619.0,20260803,2026-08-10T05:29:00.224438+00:00
prefillq1024_b128_h524288_sparse_q8kv8_steady,full,prefill,sglang_sparse_q8kv8_fp8,steady,ok,,128,524288,1024,2048,64,576,512,10,30,73.33036804199219,71.3394546508789,77.7765121459961,73.97982737223307,2.2812449285295333,11.64934498956427,16.14424100262113,233.32119997940026,70.88246999774128,331.99725596932694,37383395344384,268435456,509.7941868091624,3660631511.4398723,168040595456,2291.55532616136,0.5152038269925845,0.699623931936945,57120181248,58506346496,60.0,669.78,1905.0,2619.0,59.0,691.25,1665.0,2619.0,20260803,2026-08-10T05:29:03.407515+00:00
prefillq2048_b128_h2048_sparse_q8kv8_steady,full,prefill,sglang_sparse_q8kv8_fp8,steady,ok,,128,2048,2048,2048,64,576,512,10,30,106.5420150756836,103.46701049804688,114.43046569824219,107.77491099039713,3.8571249523008313,9.699827991425991,30.85089402156882,60.46159498509951,102.04462701221928,203.0569440103136,74766790688768,536870912,701.7587440565712,5039053481.564304,336081190912,3154.4474794592543,0.7092054007645995,0.9630694591889892,36746382336,39202062336,54.0,639.04,1950.0,2619.0,71.0,701.12,1770.0,2619.0,20260803,2026-08-10T05:29:06.793275+00:00
prefillq2048_b128_h4096_sparse_q8kv8_steady,full,prefill,sglang_sparse_q8kv8_fp8,steady,ok,,128,4096,2048,2048,64,576,512,10,30,106.03616333007812,103.70870208740234,115.65280151367188,107.9088762919108,4.023841067855013,16.10733801499009,31.10866600763984,54.435917001683265,103.13093400327489,204.78285502758808,74766790688768,536870912,705.1065253655752,5063092582.1861725,336081190912,3169.495956448544,0.712588706786837,0.967663838613616,36897377280,39353057280,59.0,659.22,1935.0,2619.0,70.0,699.01,1785.0,2619.0,20260803,2026-08-10T05:29:11.439770+00:00
prefillq2048_b128_h8192_sparse_q8kv8_steady,full,prefill,sglang_sparse_q8kv8_fp8,steady,ok,,128,8192,2048,2048,64,576,512,10,30,106.9185562133789,104.00345611572266,115.1987533569336,108.13819224039713,4.042200538841256,9.517491009319201,35.266428982140496,55.54886400932446,102.4684619915206,202.80124599230476,74766790688768,536870912,699.2873205241832,5021307161.39263,336081190912,3143.3382830317864,0.7067077519193362,0.9596777629045864,37199367168,39655047168,64.0,676.3,1935.0,2619.0,71.0,695.45,1755.0,2619.0,20260803,2026-08-10T05:29:16.076859+00:00
prefillq2048_b128_h16384_sparse_q8kv8_steady,full,prefill,sglang_sparse_q8kv8_fp8,steady,ok,,128,16384,2048,2048,64,576,512,10,30,107.31970977783203,104.71222686767578,115.997314453125,108.60835978190104,3.3234046342555015,10.614858998451382,40.061512001557276,61.82930202339776,103.4051519818604,215.91082500526682,74766790688768,536870912,696.6734334592082,5002537866.636088,336081190912,3131.5887045141912,0.70406612780112,0.9560905545892404,37803346944,40259026944,71.0,695.45,1755.0,2619.0,70.0,699.13,1770.0,2619.0,20260803,2026-08-10T05:29:20.740099+00:00
prefillq2048_b128_h32768_sparse_q8kv8_steady,full,prefill,sglang_sparse_q8kv8_fp8,steady,ok,,128,32768,2048,2048,64,576,512,10,30,107.86236572265625,105.77859497070312,117.27366638183594,109.53770167032877,3.7153556653319417,10.422135994303972,31.05825200327672,65.64208900090307,105.60340798110701,212.72588497959077,74766790688768,536870912,693.1684669425288,4977370080.871789,336081190912,3115.8336706257396,0.700523968612965,0.9512804596153159,39011306496,41466986496,63.0,660.67,1950.0,2619.0,70.0,699.08,1755.0,2619.0,20260803,2026-08-10T05:29:25.387695+00:00
prefillq2048_b128_h65536_sparse_q8kv8_steady,full,prefill,sglang_sparse_q8kv8_fp8,steady,ok,,128,65536,2048,2048,64,576,512,10,30,118.33455657958984,115.58172607421875,129.00396728515625,120.33031667073568,4.220819898112187,12.423773994669318,31.156247976468876,78.34717197692953,115.0671030045487,236.99429695261642,74766790688768,536870912,631.8255026246801,4536890385.344957,336081190912,2840.093381225943,0.638530068342274,0.8670954943819116,41427225600,43882905600,70.0,699.08,1755.0,2619.0,66.0,699.47,1575.0,2619.0,20260803,2026-08-10T05:29:30.076687+00:00
prefillq2048_b128_h131072_sparse_q8kv8_steady,full,prefill,sglang_sparse_q8kv8_fp8,steady,ok,,128,131072,2048,2048,64,576,512,10,30,129.6092529296875,126.36166381835938,140.3248291015625,131.56596196492512,4.721043697622378,11.74203198752366,31.070466997334734,104.12324199569412,125.41466602124274,272.35040700179525,74766790688768,536870912,576.8630633904562,4142226730.457665,336081190912,2593.0339332664985,0.5829843995861104,0.7916669413680505,46259063808,48714743808,65.0,668.34,1785.0,2619.0,60.0,682.27,1725.0,2619.0,20260803,2026-08-10T05:29:35.208284+00:00
prefillq2048_b128_h262144_sparse_q8kv8_steady,full,prefill,sglang_sparse_q8kv8_fp8,steady,ok,,128,262144,2048,2048,64,576,512,10,30,139.99472045898438,136.986083984375,148.69602966308594,141.58804219563802,3.9450691458349443,13.011819974053651,31.01949198753573,156.0147349955514,136.0089830122888,336.0550299694296,74766790688768,536870912,534.0686451863245,3834936847.9027205,336081190912,2400.670466787103,0.5397358718406513,0.7329373600907018,55922740224,58378420224,55.0,624.92,1965.0,2619.0,63.0,695.62,1500.0,2619.0,20260803,2026-08-10T05:29:40.913701+00:00
prefillq2048_b128_h524288_sparse_q8kv8_steady,full,prefill,sglang_sparse_q8kv8_fp8,steady,ok,,128,524288,2048,2048,64,576,512,10,30,147.64434814453125,143.53663635253906,153.89984130859375,147.7409662882487,3.291781884016663,46.6342449944932,30.9986200009007,259.75534500321373,142.43508101208135,479.823291010689,74766790688768,536870912,506.39791924562985,3636244250.097871,336081190912,2276.288900561267,0.5117715202078119,0.6949630116514848,75250093056,77705773056,63.0,695.62,1500.0,2619.0,62.0,676.01,1665.0,2619.0,20260803,2026-08-10T05:29:47.027884+00:00
prefillq4096_b128_h2048_sparse_q8kv8_steady,full,prefill,sglang_sparse_q8kv8_fp8,steady,ok,,128,2048,4096,2048,64,576,512,10,30,216.13967895507812,208.953857421875,224.49717712402344,216.21463216145833,4.281324090748951,86.40177399502136,61.062049004249275,106.26327100908384,206.09486699686386,459.8219610052183,149533581377536,1073741824,691.8377139285686,4967814466.973292,672162381824,3109.8518563252815,0.6991790944199784,0.9494541801477311,73006205952,77605109760,62.0,676.01,1665.0,2619.0,69.0,685.3,1695.0,2619.0,20260803,2026-08-10T05:29:53.556170+00:00
prefillq4096_b128_h4096_sparse_q8kv8_steady,full,prefill,sglang_sparse_q8kv8_fp8,steady,ok,,128,4096,4096,2048,64,576,512,10,30,217.00384521484375,209.42880249023438,223.8396453857422,216.9580078125,4.345175135630705,35.09981799288653,61.130395013606176,106.87112199957483,207.0506949967239,410.15203000279143,149533581377536,1073741824,689.0826345933681,4948031326.06681,672162381824,3097.467610117823,0.6963947797810693,0.9456732044379927,73157200896,77756104704,59.0,633.73,1965.0,2619.0,65.0,691.9,1695.0,2619.0,20260803,2026-08-10T05:30:02.789531+00:00
prefillq4096_b128_h8192_sparse_q8kv8_steady,full,prefill,sglang_sparse_q8kv8_fp8,steady,ok,,128,8192,4096,2048,64,576,512,10,30,217.37277221679688,210.80496215820312,224.30029296875,217.2307876586914,4.018468088824065,18.491966009605676,61.2820889800787,108.78017399227247,207.26746899890713,395.821697980864,149533581377536,1073741824,687.9131174183976,4939633483.300764,672162381824,3092.2105605462784,0.6952128523682644,0.9440681994661984,73459190784,78058094592,57.0,644.77,1950.0,2619.0,69.0,698.64,1695.0,2619.0,20260803,2026-08-10T05:30:12.047403+00:00
prefillq4096_b128_h16384_sparse_q8kv8_steady,full,prefill,sglang_sparse_q8kv8_fp8,steady,ok,,128,16384,4096,2048,64,576,512,10,30,217.068359375,210.4151611328125,224.82418823242188,217.31017049153647,4.085284185141049,107.34258900629357,61.76441902061924,112.34233499271795,207.94166199630126,489.391005015932,149533581377536,1073741824,688.8778346511886,4946560738.2467,672162381824,3096.5470221424343,0.696187806620706,0.9453921440718381,74063170560,78662074368,61.0,669.1,1905.0,2619.0,68.0,686.29,1680.0,2619.0,20260803,2026-08-10T05:30:21.269016+00:00
prefillq4096_b128_h32768_sparse_q8kv8_steady,full,prefill,sglang_sparse_q8kv8_fp8,steady,ok,,128,32768,4096,2048,64,576,512,10,30,219.98153686523438,213.6150360107422,227.20127868652344,220.31222686767578,3.8649207389153233,70.24983500014059,61.557965993415564,118.89599901041947,210.63100500032306,461.3348050042987,149533581377536,1073741824,679.75514449262,4881054288.92334,672162381824,3055.539984866011,0.6869683117661648,0.9328724792272302,75271130112,79870033920,68.0,686.29,1680.0,2619.0,59.0,682.28,1875.0,2619.0,20260803,2026-08-10T05:30:30.544823+00:00
prefillq4096_b128_h65536_sparse_q8kv8_steady,full,prefill,sglang_sparse_q8kv8_fp8,steady,ok,,128,65536,4096,2048,64,576,512,10,30,240.14627075195312,235.0292510986328,249.37388610839844,240.6148249308268,4.455755072651854,41.65930597810075,61.772854009177536,131.76316599128768,229.79369899258018,464.98902497114614,149533581377536,1073741824,622.6770913798161,4471199243.019131,672162381824,2798.9707261299754,0.6292845794641901,0.8545405308069663,77687049216,82285953024,59.0,682.28,1875.0,2619.0,62.0,681.81,1710.0,2619.0,20260803,2026-08-10T05:30:39.983734+00:00
prefillq4096_b128_h131072_sparse_q8kv8_steady,full,prefill,sglang_sparse_q8kv8_fp8,steady,ok,,128,131072,4096,2048,64,576,512,10,30,261.2717590332031,255.6340789794922,269.7970886230469,261.8135650634766,4.294727515575698,96.99239302426577,85.15192300546914,157.18417000607587,251.66352299856953,590.9920090343803,149533581377536,1073741824,572.3296766970244,4109674263.9664555,672162381824,2572.656089243001,0.5784029072228645,0.7854454780687118,82518887424,82671828992,62.0,681.81,1710.0,2619.0,65.0,697.49,1605.0,2619.0,20260803,2026-08-10T05:30:50.223738+00:00
prefillq4096_b128_h262144_sparse_q8kv8_steady,full,prefill,sglang_sparse_q8kv8_fp8,steady,skipped_memory_limit,"runtime OOM: CUDA out of memory. Tried to allocate 4.00 GiB. GPU 0 has a total capacity of 79.44 GiB of which 858.69 MiB is free. Including non-PyTorch memory, this process has 78.59 GiB memory in use. Of the allocated memory 77.85 GiB is allocated by PyTorch, and 149.79 MiB is reserved by PyTorch but unallocated. If reserved but unallocated memory is large try setting PYTORCH_CUDA_ALLOC_CONF=expandable_segments:True to avoid fragmentation.  See documentation for Memory Management  (https://pytorch.org/docs/stable/notes/cuda.html#environment-variables)",128,262144,4096,2048,64,576,512,10,30,,,,,,,,,,,,,,,,,,,,,60.0,659.54,1785.0,2619.0,59.0,556.71,1980.0,2619.0,20260803,2026-08-10T05:31:01.393269+00:00
prefillq4096_b128_h524288_sparse_q8kv8_steady,full,prefill,sglang_sparse_q8kv8_fp8,steady,skipped_memory_limit,"skipped_memory_limit: larger history after runtime OOM on the same (kind, backend, B, Q) curve",128,524288,4096,2048,64,576,512,10,30,,,,,,,,,,,,,,,,,,,,,,,,,,,,,20260803,2026-08-10T05:31:01.881157+00:00
prefillq8192_b128_h2048_sparse_q8kv8_steady,full,prefill,sglang_sparse_q8kv8_fp8,steady,skipped_memory_limit,skipped_memory_limit: estimated live tensors 109.3 GiB exceed current free GPU memory 78.6 GiB,128,2048,8192,2048,64,576,512,10,30,,,,,,,,,,,,,,,,,,,,,,,,,,,,,20260803,2026-08-10T05:31:01.882315+00:00
prefillq8192_b128_h4096_sparse_q8kv8_steady,full,prefill,sglang_sparse_q8kv8_fp8,steady,skipped_memory_limit,skipped_memory_limit: estimated live tensors 109.5 GiB exceed current free GPU memory 78.6 GiB,128,4096,8192,2048,64,576,512,10,30,,,,,,,,,,,,,,,,,,,,,,,,,,,,,20260803,2026-08-10T05:31:01.883367+00:00
prefillq8192_b128_h8192_sparse_q8kv8_steady,full,prefill,sglang_sparse_q8kv8_fp8,steady,skipped_memory_limit,skipped_memory_limit: estimated live tensors 109.8 GiB exceed current free GPU memory 78.6 GiB,128,8192,8192,2048,64,576,512,10,30,,,,,,,,,,,,,,,,,,,,,,,,,,,,,20260803,2026-08-10T05:31:01.884320+00:00
prefillq8192_b128_h16384_sparse_q8kv8_steady,full,prefill,sglang_sparse_q8kv8_fp8,steady,skipped_memory_limit,skipped_memory_limit: estimated live tensors 110.3 GiB exceed current free GPU memory 78.6 GiB,128,16384,8192,2048,64,576,512,10,30,,,,,,,,,,,,,,,,,,,,,,,,,,,,,20260803,2026-08-10T05:31:01.885194+00:00
prefillq8192_b128_h32768_sparse_q8kv8_steady,full,prefill,sglang_sparse_q8kv8_fp8,steady,skipped_memory_limit,skipped_memory_limit: estimated live tensors 111.5 GiB exceed current free GPU memory 78.6 GiB,128,32768,8192,2048,64,576,512,10,30,,,,,,,,,,,,,,,,,,,,,,,,,,,,,20260803,2026-08-10T05:31:01.886126+00:00
prefillq8192_b128_h65536_sparse_q8kv8_steady,full,prefill,sglang_sparse_q8kv8_fp8,steady,skipped_memory_limit,skipped_memory_limit: estimated live tensors 113.7 GiB exceed current free GPU memory 78.6 GiB,128,65536,8192,2048,64,576,512,10,30,,,,,,,,,,,,,,,,,,,,,,,,,,,,,20260803,2026-08-10T05:31:01.887151+00:00
prefillq8192_b128_h131072_sparse_q8kv8_steady,full,prefill,sglang_sparse_q8kv8_fp8,steady,skipped_memory_limit,skipped_memory_limit: estimated live tensors 118.2 GiB exceed current free GPU memory 78.6 GiB,128,131072,8192,2048,64,576,512,10,30,,,,,,,,,,,,,,,,,,,,,,,,,,,,,20260803,2026-08-10T05:31:01.888010+00:00
prefillq8192_b128_h262144_sparse_q8kv8_steady,full,prefill,sglang_sparse_q8kv8_fp8,steady,skipped_memory_limit,skipped_memory_limit: estimated live tensors 127.2 GiB exceed current free GPU memory 78.6 GiB,128,262144,8192,2048,64,576,512,10,30,,,,,,,,,,,,,,,,,,,,,,,,,,,,,20260803,2026-08-10T05:31:01.888865+00:00
prefillq8192_b128_h524288_sparse_q8kv8_steady,full,prefill,sglang_sparse_q8kv8_fp8,steady,skipped_memory_limit,skipped_memory_limit: estimated live tensors 145.2 GiB exceed current free GPU memory 78.6 GiB,128,524288,8192,2048,64,576,512,10,30,,,,,,,,,,,,,,,,,,,,,,,,,,,,,20260803,2026-08-10T05:31:01.889741+00:00
prefillq16384_b128_h2048_sparse_q8kv8_steady,full,prefill,sglang_sparse_q8kv8_fp8,steady,skipped_memory_limit,skipped_memory_limit: estimated live tensors 218.4 GiB exceed current free GPU memory 78.6 GiB,128,2048,16384,2048,64,576,512,10,30,,,,,,,,,,,,,,,,,,,,,,,,,,,,,20260803,2026-08-10T05:31:01.890597+00:00
prefillq16384_b128_h4096_sparse_q8kv8_steady,full,prefill,sglang_sparse_q8kv8_fp8,steady,skipped_memory_limit,skipped_memory_limit: estimated live tensors 218.5 GiB exceed current free GPU memory 78.6 GiB,128,4096,16384,2048,64,576,512,10,30,,,,,,,,,,,,,,,,,,,,,,,,,,,,,20260803,2026-08-10T05:31:01.891652+00:00
prefillq16384_b128_h8192_sparse_q8kv8_steady,full,prefill,sglang_sparse_q8kv8_fp8,steady,skipped_memory_limit,skipped_memory_limit: estimated live tensors 218.8 GiB exceed current free GPU memory 78.6 GiB,128,8192,16384,2048,64,576,512,10,30,,,,,,,,,,,,,,,,,,,,,,,,,,,,,20260803,2026-08-10T05:31:01.892525+00:00
prefillq16384_b128_h16384_sparse_q8kv8_steady,full,prefill,sglang_sparse_q8kv8_fp8,steady,skipped_memory_limit,skipped_memory_limit: estimated live tensors 219.4 GiB exceed current free GPU memory 78.6 GiB,128,16384,16384,2048,64,576,512,10,30,,,,,,,,,,,,,,,,,,,,,,,,,,,,,20260803,2026-08-10T05:31:01.893381+00:00
prefillq16384_b128_h32768_sparse_q8kv8_steady,full,prefill,sglang_sparse_q8kv8_fp8,steady,skipped_memory_limit,skipped_memory_limit: estimated live tensors 220.5 GiB exceed current free GPU memory 78.6 GiB,128,32768,16384,2048,64,576,512,10,30,,,,,,,,,,,,,,,,,,,,,,,,,,,,,20260803,2026-08-10T05:31:01.894349+00:00
prefillq16384_b128_h65536_sparse_q8kv8_steady,full,prefill,sglang_sparse_q8kv8_fp8,steady,skipped_memory_limit,skipped_memory_limit: estimated live tensors 222.8 GiB exceed current free GPU memory 78.6 GiB,128,65536,16384,2048,64,576,512,10,30,,,,,,,,,,,,,,,,,,,,,,,,,,,,,20260803,2026-08-10T05:31:01.895233+00:00
prefillq16384_b128_h131072_sparse_q8kv8_steady,full,prefill,sglang_sparse_q8kv8_fp8,steady,skipped_memory_limit,skipped_memory_limit: estimated live tensors 227.3 GiB exceed current free GPU memory 78.6 GiB,128,131072,16384,2048,64,576,512,10,30,,,,,,,,,,,,,,,,,,,,,,,,,,,,,20260803,2026-08-10T05:31:01.896087+00:00
prefillq16384_b128_h262144_sparse_q8kv8_steady,full,prefill,sglang_sparse_q8kv8_fp8,steady,skipped_memory_limit,skipped_memory_limit: estimated live tensors 236.3 GiB exceed current free GPU memory 78.6 GiB,128,262144,16384,2048,64,576,512,10,30,,,,,,,,,,,,,,,,,,,,,,,,,,,,,20260803,2026-08-10T05:31:01.896940+00:00
prefillq16384_b128_h524288_sparse_q8kv8_steady,full,prefill,sglang_sparse_q8kv8_fp8,steady,skipped_memory_limit,skipped_memory_limit: estimated live tensors 254.3 GiB exceed current free GPU memory 78.6 GiB,128,524288,16384,2048,64,576,512,10,30,,,,,,,,,,,,,,,,,,,,,,,,,,,,,20260803,2026-08-10T05:31:01.897790+00:00
prefillq32768_b128_h2048_sparse_q8kv8_steady,full,prefill,sglang_sparse_q8kv8_fp8,steady,skipped_memory_limit,skipped_memory_limit: estimated live tensors 436.5 GiB exceed current free GPU memory 78.6 GiB,128,2048,32768,2048,64,576,512,10,30,,,,,,,,,,,,,,,,,,,,,,,,,,,,,20260803,2026-08-10T05:31:01.898653+00:00
prefillq32768_b128_h4096_sparse_q8kv8_steady,full,prefill,sglang_sparse_q8kv8_fp8,steady,skipped_memory_limit,skipped_memory_limit: estimated live tensors 436.7 GiB exceed current free GPU memory 78.6 GiB,128,4096,32768,2048,64,576,512,10,30,,,,,,,,,,,,,,,,,,,,,,,,,,,,,20260803,2026-08-10T05:31:01.899501+00:00
prefillq32768_b128_h8192_sparse_q8kv8_steady,full,prefill,sglang_sparse_q8kv8_fp8,steady,skipped_memory_limit,skipped_memory_limit: estimated live tensors 437.0 GiB exceed current free GPU memory 78.6 GiB,128,8192,32768,2048,64,576,512,10,30,,,,,,,,,,,,,,,,,,,,,,,,,,,,,20260803,2026-08-10T05:31:01.900341+00:00
prefillq32768_b128_h16384_sparse_q8kv8_steady,full,prefill,sglang_sparse_q8kv8_fp8,steady,skipped_memory_limit,skipped_memory_limit: estimated live tensors 437.5 GiB exceed current free GPU memory 78.6 GiB,128,16384,32768,2048,64,576,512,10,30,,,,,,,,,,,,,,,,,,,,,,,,,,,,,20260803,2026-08-10T05:31:01.901416+00:00
prefillq32768_b128_h32768_sparse_q8kv8_steady,full,prefill,sglang_sparse_q8kv8_fp8,steady,skipped_memory_limit,skipped_memory_limit: estimated live tensors 438.6 GiB exceed current free GPU memory 78.6 GiB,128,32768,32768,2048,64,576,512,10,30,,,,,,,,,,,,,,,,,,,,,,,,,,,,,20260803,2026-08-10T05:31:01.902380+00:00
prefillq32768_b128_h65536_sparse_q8kv8_steady,full,prefill,sglang_sparse_q8kv8_fp8,steady,skipped_memory_limit,skipped_memory_limit: estimated live tensors 440.9 GiB exceed current free GPU memory 78.6 GiB,128,65536,32768,2048,64,576,512,10,30,,,,,,,,,,,,,,,,,,,,,,,,,,,,,20260803,2026-08-10T05:31:01.903463+00:00
prefillq32768_b128_h131072_sparse_q8kv8_steady,full,prefill,sglang_sparse_q8kv8_fp8,steady,skipped_memory_limit,skipped_memory_limit: estimated live tensors 445.4 GiB exceed current free GPU memory 78.6 GiB,128,131072,32768,2048,64,576,512,10,30,,,,,,,,,,,,,,,,,,,,,,,,,,,,,20260803,2026-08-10T05:31:01.904355+00:00
prefillq32768_b128_h262144_sparse_q8kv8_steady,full,prefill,sglang_sparse_q8kv8_fp8,steady,skipped_memory_limit,skipped_memory_limit: estimated live tensors 454.4 GiB exceed current free GPU memory 78.6 GiB,128,262144,32768,2048,64,576,512,10,30,,,,,,,,,,,,,,,,,,,,,,,,,,,,,20260803,2026-08-10T05:31:01.905257+00:00
prefillq32768_b128_h524288_sparse_q8kv8_steady,full,prefill,sglang_sparse_q8kv8_fp8,steady,skipped_memory_limit,skipped_memory_limit: estimated live tensors 472.4 GiB exceed current free GPU memory 78.6 GiB,128,524288,32768,2048,64,576,512,10,30,,,,,,,,,,,,,,,,,,,,,,,,,,,,,20260803,2026-08-10T05:31:01.906114+00:00
prefillq2_b256_h2048_sparse_q8kv8_steady,full,prefill,sglang_sparse_q8kv8_fp8,steady,ok,,256,2048,2,2048,64,576,512,10,30,0.30662399530410767,0.30527999997138977,0.3089919984340668,0.30685440003871917,0.0010578835275000355,12.040072993841022,2.211209008237347,7.7777499973308295,0.3632449952419847,22.392276994651183,146028888064,1048576,476.2474245343047,3419745408.2483964,656408576,2140.7606255634964,0.4813010859366394,0.6535855142111741,1000899584,1101004800,54.0,500.08,1980.0,2619.0,52.0,453.76,1980.0,2619.0,20260803,2026-08-10T05:31:01.906984+00:00
prefillq2_b256_h4096_sparse_q8kv8_steady,full,prefill,sglang_sparse_q8kv8_fp8,steady,ok,,256,4096,2,2048,64,576,512,10,30,0.2985599935054779,0.2950400114059448,0.30214399099349976,0.2989055981238683,0.002205344841869002,8.578973007388413,1.122113986639306,3.783229010878131,0.34366099862381816,13.827977003529668,146028888064,1048576,489.11070217222755,3512111544.7798967,656408576,2198.581827032215,0.4943008612149849,0.6712386320997251,1302889472,1402994688,52.0,453.76,1980.0,2619.0,53.0,360.35,1980.0,2619.0,20260803,2026-08-10T05:31:02.042318+00:00
prefillq2_b256_h8192_sparse_q8kv8_steady,full,prefill,sglang_sparse_q8kv8_fp8,steady,ok,,256,8192,2,2048,64,576,512,10,30,0.2970240116119385,0.2945280075073242,0.29926401376724243,0.2970869372288386,0.0014754621963377578,0.9239899809472263,3.7904310156591237,7.020941993687302,0.3438960120547563,12.079259002348408,146028888064,1048576,491.64001008371866,3530273509.907217,656408576,2209.951217201918,0.4968570086748041,0.6747097669064841,1906869248,2006974464,53.0,360.35,1980.0,2619.0,53.0,360.35,1980.0,2619.0,20260803,2026-08-10T05:31:02.226179+00:00
prefillq2_b256_h16384_sparse_q8kv8_steady,full,prefill,sglang_sparse_q8kv8_fp8,steady,ok,,256,16384,2,2048,64,576,512,10,30,0.31836798787117004,0.3150080144405365,0.3213759958744049,0.31836586594581606,0.0020041279667089443,1.03826800477691,0.9750030003488064,13.434849010081962,0.35230698995292187,15.8004270051606,146028888064,1048576,458.67955833264136,3293597471.942795,656408576,2061.79201743619,0.4635467997298043,0.6294759814903726,3114828800,3214934016,50.0,308.48,1980.0,2619.0,50.0,308.48,1980.0,2619.0,20260803,2026-08-10T05:31:02.307959+00:00
prefillq2_b256_h32768_sparse_q8kv8_steady,full,prefill,sglang_sparse_q8kv8_fp8,steady,ok,,256,32768,2,2048,64,576,512,10,30,0.3187200129032135,0.3163520097732544,0.32102400064468384,0.31875199973583224,0.0015557419234448608,1.3987259881105274,0.98588498076424,26.30978697561659,0.35000898060388863,29.044406925095245,146028888064,1048576,458.1729485193795,3289959706.1651216,656408576,2059.5147760593663,0.46303481406708386,0.6287807276826928,5530747904,5630853120,50.0,308.48,1980.0,2619.0,53.0,303.93,1980.0,2619.0,20260803,2026-08-10T05:31:02.381513+00:00
prefillq2_b256_h65536_sparse_q8kv8_steady,full,prefill,sglang_sparse_q8kv8_fp8,steady,ok,,256,65536,2,2048,64,576,512,10,30,0.316864013671875,0.3150720000267029,0.31910398602485657,0.31690026621023815,0.0014061262548324927,2.164189994800836,0.9803560096770525,52.377101994352415,0.3483039909042418,55.869951989734545,146028888064,1048576,460.8566506868104,3309230315.7083697,656408576,2071.5781776334393,0.4657469941251242,0.6324637478329963,10362586112,10462691328,53.0,303.93,1980.0,2619.0,53.0,316.97,1980.0,2619.0,20260803,2026-08-10T05:31:02.488449+00:00
prefillq2_b256_h131072_sparse_q8kv8_steady,full,prefill,sglang_sparse_q8kv8_fp8,steady,ok,,256,131072,2,2048,64,576,512,10,30,0.31833600997924805,0.316864013671875,0.3213439881801605,0.3187413364648819,0.0020338063314642384,3.777590987738222,1.012705994071439,103.65695800282992,0.3506989742163569,108.79795395885594,146028888064,1048576,458.7256341923725,3293928324.566094,656408576,2061.999131178375,0.46359336451983074,0.6295392144086495,20026262528,20126367744,53.0,316.97,1980.0,2619.0,53.0,325.18,1980.0,2619.0,20260803,2026-08-10T05:31:02.598015+00:00
prefillq2_b256_h262144_sparse_q8kv8_steady,full,prefill,sglang_sparse_q8kv8_fp8,steady,ok,,256,262144,2,2048,64,576,512,10,30,0.3195520043373108,0.3155840039253235,0.3230400085449219,0.3198239972194036,0.00223979924330591,6.97022897657007,1.0818940063472837,206.88298900495283,0.35901699448004365,215.29412898235023,146028888064,1048576,456.9800410635375,3281393906.993462,656408576,2054.152585777907,0.4618292481693153,0.6271436226974108,39353615360,39453720576,55.0,300.98,1980.0,2619.0,55.0,349.54,1980.0,2619.0,20260803,2026-08-10T05:31:02.762131+00:00
prefillq2_b256_h524288_sparse_q8kv8_steady,full,prefill,sglang_sparse_q8kv8_fp8,steady,ok,,256,524288,2,2048,64,576,512,10,30,0.32041600346565247,0.31731200218200684,0.3245440125465393,0.3203253368536631,0.0018703288798296235,34.88903201650828,1.291950000450015,415.5050519912038,0.3719950036611408,452.05802901182324,146028888064,1048576,455.747798126612,3272545655.206026,656408576,2048.6135801589726,0.46058392938515613,0.6254525350566722,78008321024,78108426240,56.0,377.38,1980.0,2619.0,57.0,469.14,1980.0,2619.0,20260803,2026-08-10T05:31:03.113650+00:00
prefillq4_b256_h2048_sparse_q8kv8_steady,full,prefill,sglang_sparse_q8kv8_fp8,steady,ok,,256,2048,4,2048,64,576,512,10,30,0.5109760165214539,0.5096960067749023,0.5142719745635986,0.5114101290702819,0.0014524997725603756,3.9555330004077405,0.9183039946947247,6.823903997428715,0.5539490084629506,12.251690000994131,292057776128,2097152,571.568462481326,4104208284.1317644,1312817152,2569.2343858664844,0.5776336154434826,0.7844008139740376,1053885440,1170210816,57.0,453.23,1980.0,2619.0,57.0,453.23,1980.0,2619.0,20260803,2026-08-10T05:31:03.708702+00:00
prefillq4_b256_h4096_sparse_q8kv8_steady,full,prefill,sglang_sparse_q8kv8_fp8,steady,ok,,256,4096,4,2048,64,576,512,10,30,0.5091519951820374,0.5071359872817993,0.5115519762039185,0.5094186683495839,0.0015285665810078899,16.28272101515904,0.8815100009087473,3.7727089948020875,0.5518800171557814,21.488820028025657,292057776128,2097152,573.6160888922383,4118911483.8884296,1312817152,2578.4385889141568,0.5797029700780579,0.7872109057283334,1355875328,1472200704,51.0,453.4,1980.0,2619.0,51.0,434.58,1980.0,2619.0,20260803,2026-08-10T05:31:03.818268+00:00
prefillq4_b256_h8192_sparse_q8kv8_steady,full,prefill,sglang_sparse_q8kv8_fp8,steady,ok,,256,8192,4,2048,64,576,512,10,30,0.540992021560669,0.5390080213546753,0.544160008430481,0.5410858710606893,0.0013712559656884258,0.9081230091396719,0.8720300102140754,6.971427996177226,0.5809080030303448,9.332489018561319,292057776128,2097152,539.8559765917869,3876493398.091301,1312817152,2426.684867205154,0.5455846150498099,0.7408796937972794,1959855104,2076180480,51.0,434.58,1980.0,2619.0,52.0,407.64,1980.0,2619.0,20260803,2026-08-10T05:31:03.967103+00:00
prefillq4_b256_h16384_sparse_q8kv8_steady,full,prefill,sglang_sparse_q8kv8_fp8,steady,ok,,256,16384,4,2048,64,576,512,10,30,0.5989440083503723,0.5966079831123352,0.6024320125579834,0.5992277304331461,0.00155461292845148,1.0779470030684024,0.8387780108023435,13.456590997520834,0.6333580240607262,16.006674035452306,292057776128,2097152,487.62116668032695,3501415776.369535,1312817152,2191.886276007329,0.4927955196365103,0.6691944450443061,3167814656,3284140032,52.0,407.64,1980.0,2619.0,53.0,393.29,1980.0,2619.0,20260803,2026-08-10T05:31:04.076325+00:00
prefillq4_b256_h32768_sparse_q8kv8_steady,full,prefill,sglang_sparse_q8kv8_fp8,steady,ok,,256,32768,4,2048,64,576,512,10,30,0.6028479933738708,0.5998079776763916,0.6068800091743469,0.6032064000765482,0.0020475063803529776,1.5075090050231665,0.8294089930132031,26.229900016915053,0.6350610055960715,29.201879020547494,292057776128,2097152,484.46337938936,3478740948.050896,1312817152,2177.691833479861,0.48960422373861545,0.6648608068469882,5583733760,5700059136,54.0,406.55,1980.0,2619.0,49.0,400.04,1980.0,2619.0,20260803,2026-08-10T05:31:04.210274+00:00
prefillq4_b256_h65536_sparse_q8kv8_steady,full,prefill,sglang_sparse_q8kv8_fp8,steady,ok,,256,65536,4,2048,64,576,512,10,30,0.5947200059890747,0.591808021068573,0.5978879928588867,0.5948127965132396,0.001788590915581781,2.126628009136766,0.8406420238316059,52.22582400892861,0.6256800261326134,55.8187740680296,292057776128,2097152,491.084498901766,3526284602.637911,1312817152,2207.454161251332,0.49629560273043555,0.6739474025496339,10415571968,10531897344,49.0,400.04,1980.0,2619.0,50.0,352.58,1980.0,2619.0,20260803,2026-08-10T05:31:04.357763+00:00
prefillq4_b256_h131072_sparse_q8kv8_steady,full,prefill,sglang_sparse_q8kv8_fp8,steady,ok,,256,131072,4,2048,64,576,512,10,30,0.613215982913971,0.6086400151252747,0.6165120005607605,0.6133290668328603,0.0025853246494464905,3.5072140162810683,0.8503780118189752,103.43212599400431,0.6420270074158907,108.43174502952024,292057776128,2097152,476.27228295674286,3419923906.8010607,1312817152,2140.872365657464,0.4813262081422363,0.653619629051433,20079248384,20195573760,52.0,346.99,1980.0,2619.0,54.0,348.82,1980.0,2619.0,20260803,2026-08-10T05:31:04.530844+00:00
prefillq4_b256_h262144_sparse_q8kv8_steady,full,prefill,sglang_sparse_q8kv8_fp8,steady,ok,,256,262144,4,2048,64,576,512,10,30,0.6155520081520081,0.6125760078430176,0.6185280084609985,0.6156565288702647,0.001932968270855252,8.328303985763341,1.136837003286928,206.94683099281974,0.6697959906887263,217.08176797255874,292057776128,2097152,474.46482549022494,3406945265.755866,1312817152,2132.747736363172,0.47949957098557344,0.6511391368601648,39406601216,39522926592,54.0,348.82,1980.0,2619.0,54.0,394.47,1980.0,2619.0,20260803,2026-08-10T05:31:04.747985+00:00
prefillq4_b256_h524288_sparse_q8kv8_steady,full,prefill,sglang_sparse_q8kv8_fp8,steady,ok,,256,524288,4,2048,64,576,512,10,30,0.6175680160522461,0.6127679944038391,0.6216639876365662,0.6174058616161346,0.0031201938782909064,22.18058900325559,1.1349859996698797,413.1707279884722,0.6809220067225397,437.1672249981202,292057776128,2097152,472.9159680175082,3395823529.537484,1312817152,2125.7855294904653,0.47793427793583443,0.6490135383674585,78061306880,78177632256,55.0,402.48,1980.0,2619.0,56.0,485.86,1980.0,2619.0,20260803,2026-08-10T05:31:05.123798+00:00
prefillq8_b256_h2048_sparse_q8kv8_steady,full,prefill,sglang_sparse_q8kv8_fp8,steady,ok,,256,2048,8,2048,64,576,512,10,30,0.8921599984169006,0.890175998210907,0.8954240083694458,0.8925578693548838,0.0015973665884790544,3.9814229821786284,0.9040709992405027,5.029005988035351,0.9317320073023438,10.846231976756826,584115552256,4194304,654.7206255520174,4701291256.548838,2625634304,2943.0083265995727,0.6616681410328624,0.8985159702113067,1160774656,1161822208,58.0,459.08,1980.0,2619.0,51.0,474.96,1980.0,2619.0,20260803,2026-08-10T05:31:05.713380+00:00
prefillq8_b256_h4096_sparse_q8kv8_steady,full,prefill,sglang_sparse_q8kv8_fp8,steady,ok,,256,4096,8,2048,64,576,512,10,30,0.9316160082817078,0.928991973400116,0.9338240027427673,0.9313728014628092,0.0015889876556518618,15.612426010193303,0.8324229856953025,3.7911770050413907,0.9604670049156994,21.196493005845696,584115552256,4194304,626.9917509611658,4502181116.161864,2625634304,2818.365378717327,0.6336450237101221,0.8604618205732683,1462764544,1463812096,51.0,474.96,1980.0,2619.0,52.0,469.28,1980.0,2619.0,20260803,2026-08-10T05:31:05.839881+00:00
prefillq8_b256_h8192_sparse_q8kv8_steady,full,prefill,sglang_sparse_q8kv8_fp8,steady,ok,,256,8192,8,2048,64,576,512,10,30,0.9821119904518127,0.979200005531311,0.9845439791679382,0.9820586661497752,0.0015338487286182905,0.9659740026108921,0.851630000397563,7.0268209965433925,1.0159369849134237,9.860361984465271,584115552256,4194304,594.7545269122336,4270698291.821531,2625634304,2673.457130680278,0.6010657169401047,0.8162205678728149,2066744320,2067791872,52.0,469.28,1980.0,2619.0,54.0,433.95,1980.0,2619.0,20260803,2026-08-10T05:31:05.969301+00:00
prefillq8_b256_h16384_sparse_q8kv8_steady,full,prefill,sglang_sparse_q8kv8_fp8,steady,ok,,256,16384,8,2048,64,576,512,10,30,1.07750403881073,1.0733439922332764,1.087839961051941,1.0779818654060365,0.0036795323820513464,1.0963100066874176,0.8241280156653374,13.489101984305307,1.108225987991318,16.51776599464938,584115552256,4194304,542.100568737268,3892610931.305061,2625634304,2436.7744429969684,0.5478530255050712,0.7439600945218253,3274703872,3275751424,55.0,433.58,1980.0,2619.0,50.0,457.2,1980.0,2619.0,20260803,2026-08-10T05:31:06.113993+00:00
prefillq8_b256_h32768_sparse_q8kv8_steady,full,prefill,sglang_sparse_q8kv8_fp8,steady,ok,,256,32768,8,2048,64,576,512,10,30,1.1370879411697388,1.1346880197525024,1.1428159475326538,1.1378016074498494,0.0028309849738601613,1.4535519876517355,0.8354519959539175,26.42195500084199,1.1686510115396231,29.879609995987266,584115552256,4194304,513.6942633083523,3688636426.5592856,2625634304,2309.0864030261127,0.5191452888411848,0.7049762622024126,5690622976,5691670528,50.0,457.2,1980.0,2619.0,52.0,435.39,1980.0,2619.0,20260803,2026-08-10T05:31:06.247612+00:00
prefillq8_b256_h65536_sparse_q8kv8_steady,full,prefill,sglang_sparse_q8kv8_fp8,steady,ok,,256,65536,8,2048,64,576,512,10,30,1.163648009300232,1.1599359512329102,1.1677759885787964,1.1636608004570008,0.0025914972864735093,2.152809000108391,0.8252940024249256,51.95248601376079,1.1900160170625895,56.120605033356696,584115552256,4194304,501.9692790152772,3604443926.752622,2625634304,2256.381898147142,0.5072958858163489,0.6888852987797738,10522461184,10523508736,52.0,435.39,1980.0,2619.0,52.0,415.78,1980.0,2619.0,20260803,2026-08-10T05:31:06.394534+00:00
prefillq8_b256_h131072_sparse_q8kv8_steady,full,prefill,sglang_sparse_q8kv8_fp8,steady,ok,,256,131072,8,2048,64,576,512,10,30,1.1990079879760742,1.1949119567871094,1.2012799978256226,1.1985621293385824,0.002114297018244217,3.7986259849276394,0.904424989130348,104.68196199508384,1.2300419912207872,110.61505496036261,584115552256,4194304,487.16568873072083,3498145168.390401,2625634304,2189.838875412391,0.4923352084191216,0.6685693628400375,20186137600,20187185152,52.0,415.78,1980.0,2619.0,51.0,401.38,1965.0,2619.0,20260803,2026-08-10T05:31:06.594302+00:00
prefillq8_b256_h262144_sparse_q8kv8_steady,full,prefill,sglang_sparse_q8kv8_fp8,steady,ok,,256,262144,8,2048,64,576,512,10,30,1.199679970741272,1.1947840452194214,1.217568039894104,1.2015381336212159,0.0065004833848735745,7.055722991935909,1.055687986081466,206.10381799633615,1.2393959914334118,215.45462496578693,584115552256,4194304,486.89281016759827,3496185734.774229,2625634304,2188.6122699686675,0.49205943422698156,0.6681948737261697,39513490432,39514537984,55.0,415.06,1965.0,2619.0,56.0,471.69,1980.0,2619.0,20260803,2026-08-10T05:31:06.823742+00:00
prefillq8_b256_h524288_sparse_q8kv8_steady,full,prefill,sglang_sparse_q8kv8_fp8,steady,ok,,256,524288,8,2048,64,576,512,10,30,1.193951964378357,1.189471960067749,1.1972479820251465,1.1940586646397908,0.0030149093917995313,14.158749021589756,1.1341740028001368,414.2125290236436,1.2439400015864521,430.7493920496199,584115552256,4194304,489.2286873200344,3512958749.7130227,2625634304,2199.112177320352,0.49442009835273815,0.6714005508409635,78168196096,78169243648,55.0,449.21,1980.0,2619.0,60.0,483.75,1980.0,2619.0,20260803,2026-08-10T05:31:07.195481+00:00
prefillq16_b256_h2048_sparse_q8kv8_steady,full,prefill,sglang_sparse_q8kv8_fp8,steady,ok,,256,2048,16,2048,64,576,512,10,30,1.6903040409088135,1.6842880249023438,1.6964800357818604,1.691047469774882,0.004779490243562006,5.596210976364091,1.1849259899463505,5.497423990163952,1.738456019666046,14.01701697614044,1168231104512,8388608,691.1366690479457,4962780539.464224,5251268608,3106.7006177046046,0.698470610457752,0.9484920903700591,1371800576,1375731712,60.0,483.75,1980.0,2619.0,51.0,490.95,1980.0,2619.0,20260803,2026-08-10T05:31:07.859248+00:00
prefillq16_b256_h4096_sparse_q8kv8_steady,full,prefill,sglang_sparse_q8kv8_fp8,steady,ok,,256,4096,16,2048,64,576,512,10,30,1.7028160095214844,1.7003519535064697,1.7316160202026367,1.7118677298227947,0.012519762797443126,16.156869009137154,1.0799599986057729,4.230164980981499,1.742788008414209,23.209781997138634,1168231104512,8388608,686.0583280752039,4926314970.668686,5251268608,3083.873171638598,0.6933383810765072,0.9415227506423857,1673790464,1677721600,61.0,468.19,1950.0,2619.0,51.0,435.01,1965.0,2619.0,20260803,2026-08-10T05:31:08.020689+00:00
prefillq16_b256_h8192_sparse_q8kv8_steady,full,prefill,sglang_sparse_q8kv8_fp8,steady,ok,,256,8192,16,2048,64,576,512,10,30,1.847424030303955,1.8231040239334106,1.8523520231246948,1.8397023955980936,0.011111950738984003,1.0387939983047545,1.0596250067465007,7.427995995385572,1.8616370216477662,11.388052022084594,1168231104512,8388608,632.3567764352355,4540705253.584814,5251268608,2842.481488744094,0.6390669797223199,0.867824596207498,2277770240,2281701376,51.0,435.01,1965.0,2619.0,59.0,459.37,1950.0,2619.0,20260803,2026-08-10T05:31:08.195031+00:00
prefillq16_b256_h16384_sparse_q8kv8_steady,full,prefill,sglang_sparse_q8kv8_fp8,steady,ok,,256,16384,16,2048,64,576,512,10,30,2.026911973953247,1.994431972503662,2.0412158966064453,2.0215829412142434,0.01754321911476086,1.1906299914699048,1.0237250244244933,13.98192998021841,2.0265750063117594,18.222860002424568,1168231104512,8388608,576.3600588107959,4138614852.444249,5251268608,2590.7728976301,0.5824760574136391,0.7909766352584282,3485729792,3489660928,58.0,499.49,1875.0,2619.0,60.0,493.14,1920.0,2619.0,20260803,2026-08-10T05:31:08.346789+00:00
prefillq16_b256_h32768_sparse_q8kv8_steady,full,prefill,sglang_sparse_q8kv8_fp8,steady,ok,,256,32768,16,2048,64,576,512,10,30,2.1439359188079834,2.123584032058716,2.149951934814453,2.1387647946675616,0.01027609653330366,1.5512290119659156,1.020267023704946,26.798835984664038,2.1544919873122126,31.524824007647112,1168231104512,8388608,544.900196999139,3912713960.529203,5251268608,2449.3589392912813,0.5506823617980182,0.7478022076396534,5901648896,5905580032,60.0,493.14,1920.0,2619.0,55.0,497.25,1845.0,2619.0,20260803,2026-08-10T05:31:08.481642+00:00
prefillq16_b256_h65536_sparse_q8kv8_steady,full,prefill,sglang_sparse_q8kv8_fp8,steady,ok,,256,65536,16,2048,64,576,512,10,30,2.2344000339508057,2.223423957824707,2.2413759231567383,2.2328970591227213,0.005811327521099973,2.25413401494734,1.0354310215916485,53.38948400458321,2.2547399858012795,58.93378902692348,1168231104512,8388608,522.8388322418548,3754299978.758723,5251268608,2350.1917867029606,0.5283868946355278,0.7175259527219721,10733487104,10737418240,55.0,497.25,1845.0,2619.0,55.0,502.66,1935.0,2619.0,20260803,2026-08-10T05:31:08.654920+00:00
prefillq16_b256_h131072_sparse_q8kv8_steady,full,prefill,sglang_sparse_q8kv8_fp8,steady,ok,,256,131072,16,2048,64,576,512,10,30,2.327392101287842,2.3149120807647705,2.3424320220947266,2.3280554533004763,0.009438359377207406,3.6559629952535033,1.0591780010145158,104.3156800151337,2.3447459971066564,111.37556700850837,1168231104512,8388608,501.9485560106394,3604295123.0083823,5251268608,2256.2887470032474,0.507274942911207,0.6888568592440525,20397163520,20401094656,51.0,485.21,1965.0,2619.0,60.0,535.48,1905.0,2619.0,20260803,2026-08-10T05:31:08.878034+00:00
prefillq16_b256_h262144_sparse_q8kv8_steady,full,prefill,sglang_sparse_q8kv8_fp8,steady,ok,,256,262144,16,2048,64,576,512,10,30,2.353663921356201,2.3447039127349854,2.361855983734131,2.353753598531087,0.0047241992950534,8.331141987582669,1.0513289889786392,206.94475999334827,2.3866239935159683,218.71385496342555,1168231104512,8388608,496.3457585902304,3564063638.774058,5251268608,2231.1038378725602,0.5016126918547048,0.6811677736041253,39724516352,39728447488,60.0,535.48,1905.0,2619.0,61.0,533.03,1965.0,2619.0,20260803,2026-08-10T05:31:09.205053+00:00
prefillq16_b256_h524288_sparse_q8kv8_steady,full,prefill,sglang_sparse_q8kv8_fp8,steady,ok,,256,524288,16,2048,64,576,512,10,30,2.358016014099121,2.353663921356201,2.363231897354126,2.3586719830830893,0.002898135970969639,30.202922003809363,1.1954560177400708,416.4766790054273,2.4076150148175657,450.2826720417943,1168231104512,8388608,495.42967372862483,3557485593.7544866,5251268608,2226.9859816903086,0.5006868860319604,0.6799105703847713,78379222016,78383153152,61.0,533.03,1965.0,2619.0,54.0,541.53,1935.0,2619.0,20260803,2026-08-10T05:31:09.608100+00:00
prefillq32_b256_h2048_sparse_q8kv8_steady,full,prefill,sglang_sparse_q8kv8_fp8,steady,ok,,256,2048,32,2048,64,576,512,10,30,3.3451199531555176,3.2748160362243652,3.384704113006592,3.3385098536809283,0.04212727504760621,5.324833997292444,2.020851999986917,6.384387001162395,3.3089919888880104,17.039064987329766,2336462209024,16777216,698.4688865402178,5015430308.911261,10502537216,3139.6593733784493,0.7058806331886991,0.9585545723765095,1888116224,1950351360,54.0,541.53,1935.0,2619.0,61.0,552.33,1875.0,2619.0,20260803,2026-08-10T05:31:10.270651+00:00
prefillq32_b256_h4096_sparse_q8kv8_steady,full,prefill,sglang_sparse_q8kv8_fp8,steady,ok,,256,4096,32,2048,64,576,512,10,30,3.3205759525299072,3.267807960510254,3.325792074203491,3.304967459042867,0.023845846882645794,1.061032002326101,1.4459869998972863,4.96416402165778,3.3002080162987113,10.771391040179878,2336462209024,16777216,703.6316116316741,5052501806.868065,10502537216,3162.866131099408,0.7110981421239758,0.96563971795379,2190106112,2252341248,61.0,552.33,1875.0,2619.0,65.0,565.6,1875.0,2619.0,20260803,2026-08-10T05:31:10.490688+00:00
prefillq32_b256_h8192_sparse_q8kv8_steady,full,prefill,sglang_sparse_q8kv8_fp8,steady,ok,,256,8192,32,2048,64,576,512,10,30,3.393120050430298,3.341887950897217,3.4345600605010986,3.391013336181641,0.03577350454953045,1.2803790159523487,1.4597859990317374,8.243548014434054,3.371650993358344,14.355364022776484,2336462209024,16777216,688.5881354913164,4944480522.542195,10502537216,3095.2448071114145,0.6958950333414011,0.9449945709520323,2794085888,2856321024,65.0,565.6,1875.0,2619.0,56.0,554.62,1905.0,2619.0,20260803,2026-08-10T05:31:10.665150+00:00
prefillq32_b256_h16384_sparse_q8kv8_steady,full,prefill,sglang_sparse_q8kv8_fp8,steady,ok,,256,16384,32,2048,64,576,512,10,30,3.679680109024048,3.613759994506836,3.701119899749756,3.6741642634073894,0.025727800700839614,1.4191890077199787,9.365231991978362,14.52381900162436,3.626830002758652,28.935070004081354,2336462209024,16777216,634.9634043714995,4559422423.393695,10502537216,2854.198437044453,0.6417012676821622,0.8714018423453562,4002045440,4064280576,56.0,554.62,1905.0,2619.0,63.0,544.36,1860.0,2619.0,20260803,2026-08-10T05:31:10.969986+00:00
prefillq32_b256_h32768_sparse_q8kv8_steady,full,prefill,sglang_sparse_q8kv8_fp8,steady,ok,,256,32768,32,2048,64,576,512,10,30,4.011168003082275,3.915071964263916,4.023200035095215,3.9902175664901733,0.04115591084623026,1.7418369825463742,1.467417983803898,27.407115005189553,3.953905019443482,34.57027499098331,2336462209024,16777216,582.4892418439237,4182626104.6926966,10502537216,2618.323941537628,0.5886702797816308,0.799388114330086,6417964544,6480199680,63.0,544.36,1860.0,2619.0,61.0,567.29,1770.0,2619.0,20260803,2026-08-10T05:31:11.222781+00:00
prefillq32_b256_h65536_sparse_q8kv8_steady,full,prefill,sglang_sparse_q8kv8_fp8,steady,ok,,256,65536,32,2048,64,576,512,10,30,4.265535831451416,4.222239971160889,4.334720134735107,4.28613117535909,0.0425963680099583,2.4275630130432546,1.586861995747313,53.1080279906746,4.261658003088087,61.384111002553254,2336462209024,16777216,547.7535065574591,3933202454.025872,10502537216,2462.1847362201956,0.5535659490221921,0.7517179911143922,11249802752,11312037888,53.0,548.8,1950.0,2619.0,63.0,567.93,1965.0,2619.0,20260803,2026-08-10T05:31:11.497478+00:00
prefillq32_b256_h131072_sparse_q8kv8_steady,full,prefill,sglang_sparse_q8kv8_fp8,steady,ok,,256,131072,32,2048,64,576,512,10,30,4.457727909088135,4.428607940673828,4.484320163726807,4.457996813456218,0.01751620112050933,3.955941996537149,1.5998250164557248,105.03941599745303,4.448142979526892,115.0433259899728,2336462209024,16777216,524.1374656942538,3763624954.720917,10502537216,2356.0292216552944,0.5296993084327982,0.7193081524127903,20913479168,20975714304,56.0,554.8,1875.0,2619.0,62.0,559.79,1815.0,2619.0,20260803,2026-08-10T05:31:11.855430+00:00
prefillq32_b256_h262144_sparse_q8kv8_steady,full,prefill,sglang_sparse_q8kv8_fp8,steady,ok,,256,262144,32,2048,64,576,512,10,30,4.635263919830322,4.596320152282715,4.656991958618164,4.628690147399903,0.02243727853850218,6.869899021694437,1.5948800137266517,207.20659900689498,4.637092002667487,220.30847004498355,2336462209024,16777216,504.06238985190913,3619473732.2776103,10502537216,2265.7905564057837,0.5094112075309845,0.6917578117887392,40240832000,40303067136,56.0,566.52,1890.0,2619.0,63.0,615.04,1860.0,2619.0,20260803,2026-08-10T05:31:12.243144+00:00
prefillq32_b256_h524288_sparse_q8kv8_steady,full,prefill,sglang_sparse_q8kv8_fp8,steady,ok,,256,524288,32,2048,64,576,512,10,30,4.669343948364258,4.610208034515381,4.742847919464111,4.665549866358439,0.045894808665814975,25.464413018198684,1.7040900129359215,414.68936699675396,4.679242003476247,446.5371120313648,2336462209024,16777216,500.3834017929859,3593056366.275462,10502537216,2249.2532852884397,0.5056931801849277,0.6867088956615405,78895537664,78957772800,55.0,580.09,1950.0,2619.0,57.0,601.07,1935.0,2619.0,20260803,2026-08-10T05:31:12.745014+00:00
prefillq64_b256_h2048_sparse_q8kv8_steady,full,prefill,sglang_sparse_q8kv8_fp8,steady,ok,,256,2048,64,2048,64,576,512,10,30,6.473536014556885,6.424767971038818,6.571775913238525,6.493646971384684,0.056334541830945745,4.63759500416927,4.445245984243229,8.13447599648498,6.516842026030645,23.734159010928124,4672924418048,33554432,721.850377836797,5183323600.045934,21005074432,3244.760573628755,0.729510235307526,0.9906425233550203,2971950080,3196059648,57.0,601.07,1935.0,2619.0,67.0,610.63,1845.0,2619.0,20260803,2026-08-10T05:31:13.497204+00:00
prefillq64_b256_h4096_sparse_q8kv8_steady,full,prefill,sglang_sparse_q8kv8_fp8,steady,ok,,256,4096,64,2048,64,576,512,10,30,6.457920074462891,6.449855804443359,6.602047920227051,6.502181355158488,0.06086583724586779,1.5359460085164756,2.6674400141928345,6.664608023129404,6.483576988102868,17.351571033941582,4672924418048,33554432,723.5958891046898,5195857429.8073435,21005074432,3252.606751059397,0.7312742689284384,0.9930380027231298,3273939968,3498049536,55.0,562.64,1965.0,2619.0,68.0,604.43,1815.0,2619.0,20260803,2026-08-10T05:31:13.912406+00:00
prefillq64_b256_h8192_sparse_q8kv8_steady,full,prefill,sglang_sparse_q8kv8_fp8,steady,ok,,256,8192,64,2048,64,576,512,10,30,6.627871990203857,6.582528114318848,6.640511989593506,6.613571230570475,0.024342198860149038,1.5981399919837713,2.4977989960461855,9.692047984572127,6.437519012251869,20.225505984853953,4672924418048,33554432,705.0414408960654,5062625236.213704,21005074432,3169.2033978697787,0.7125229316786916,0.9675745189359017,3877919744,4102029312,68.0,604.43,1815.0,2619.0,68.0,651.44,1800.0,2619.0,20260803,2026-08-10T05:31:14.273717+00:00
prefillq64_b256_h16384_sparse_q8kv8_steady,full,prefill,sglang_sparse_q8kv8_fp8,steady,ok,,256,16384,64,2048,64,576,512,10,30,6.918015956878662,6.822527885437012,7.024960041046143,6.916724220911662,0.07793830161846317,1.6643989947624505,2.486776007572189,16.098729014629498,6.7547219805419445,27.004625997506082,4672924418048,33554432,675.4717605705517,4850296993.986613,21005074432,3036.28591823562,0.6826394750586677,0.9269941110953575,5085879296,5309988864,59.0,621.55,1935.0,2619.0,67.0,687.2,1755.0,2619.0,20260803,2026-08-10T05:31:14.635179+00:00
prefillq64_b256_h32768_sparse_q8kv8_steady,full,prefill,sglang_sparse_q8kv8_fp8,steady,ok,,256,32768,64,2048,64,576,512,10,30,7.443136215209961,7.352352142333984,7.518976211547852,7.426190980275472,0.05376161332490455,2.1361609979066998,2.5368999922648072,28.843292995588854,7.16807899880223,40.68443298456259,4672924418048,33554432,627.816592755475,4508103980.608592,21005074432,2822.073091860979,0.6344786182470692,0.861593804958913,7501798400,7725907968,67.0,687.2,1755.0,2619.0,67.0,676.34,1755.0,2619.0,20260803,2026-08-10T05:31:15.019557+00:00
prefillq64_b256_h65536_sparse_q8kv8_steady,full,prefill,sglang_sparse_q8kv8_fp8,steady,ok,,256,65536,64,2048,64,576,512,10,30,8.172672271728516,8.096320152282715,8.21996784210205,8.16739517847697,0.0420461145726746,3.0886180175002664,2.497388020856306,54.2191440181341,7.977419998496771,67.78257005498745,4672924418048,33554432,571.7743551534435,4105686718.415696,21005074432,2570.1598857282256,0.5778416929292001,0.7846833739650124,12333636608,12557746176,58.0,629.96,1860.0,2619.0,66.0,658.34,1770.0,2619.0,20260803,2026-08-10T05:31:15.439284+00:00
prefillq64_b256_h131072_sparse_q8kv8_steady,full,prefill,sglang_sparse_q8kv8_fp8,steady,ok,,256,131072,64,2048,64,576,512,10,30,8.67033576965332,8.618464469909668,8.823328018188477,8.689464537302653,0.06274144601609852,4.515289008850232,2.6659239956643432,105.52078898763284,8.532351988833398,121.23435398098081,4672924418048,33554432,538.9554155911134,3870026823.810269,21005074432,2422.6367917052285,0.5446744978182045,0.7396437949884211,21997313024,22221422592,66.0,658.34,1770.0,2619.0,59.0,654.1,1875.0,2619.0,20260803,2026-08-10T05:31:15.917023+00:00
prefillq64_b256_h262144_sparse_q8kv8_steady,full,prefill,sglang_sparse_q8kv8_fp8,steady,ok,,256,262144,64,2048,64,576,512,10,30,9.011808395385742,8.945216178894043,9.094559669494629,9.014416027069093,0.034275946855969255,15.494739986024797,2.620049985125661,210.14396601822227,8.99233200470917,237.2510879940819,4672924418048,33554432,518.5334855144775,3723384977.556853,21005074432,2330.83899595059,0.5240358620661724,0.711617443594764,41324665856,41548775424,59.0,654.1,1875.0,2619.0,65.0,627.73,1785.0,2619.0,20260803,2026-08-10T05:31:16.487878+00:00
prefillq64_b256_h524288_sparse_q8kv8_steady,full,prefill,sglang_sparse_q8kv8_fp8,steady,ok,,256,524288,64,2048,64,576,512,10,30,9.180831909179688,9.155263900756836,9.202943801879883,9.180441602071125,0.014420840117295136,14.410617004614323,2.750396990450099,416.47412499878556,9.183235990349203,442.8183749841992,4672924418048,33554432,508.9870356275294,3654835676.323597,21005074432,2287.927133378572,0.5143881107908331,0.6985162255370424,79979371520,80203481088,56.0,582.37,1950.0,2619.0,62.0,582.27,1785.0,2619.0,20260803,2026-08-10T05:31:17.267899+00:00
prefillq128_b256_h2048_sparse_q8kv8_steady,full,prefill,sglang_sparse_q8kv8_fp8,steady,ok,,256,2048,128,2048,64,576,512,10,30,13.375743865966797,12.881312370300293,13.814271926879883,13.353881581624348,0.31113187714073,4.9085000064224005,6.548891979036853,11.616046976996586,12.94190197950229,36.01534094195813,9345848836096,67108864,698.7161932635051,5017206121.205087,42010148864,3140.771031874384,0.7061305641874737,0.9588939675807265,5237138432,5821693952,62.0,582.27,1785.0,2619.0,67.0,699.9,1770.0,2619.0,20260803,2026-08-10T05:31:18.193141+00:00
prefillq128_b256_h4096_sparse_q8kv8_steady,full,prefill,sglang_sparse_q8kv8_fp8,steady,ok,,256,4096,128,2048,64,576,512,10,30,13.043295860290527,12.9334716796875,13.053631782531738,13.033549785614014,0.03124117389570527,1.8698219791986048,5.5040680163074285,9.820900013437495,12.880541995400563,30.07533200434409,9345848836096,67108864,716.5250973527966,5145084855.761695,42010148864,3220.8231197068208,0.7241284460361764,0.9833342923722334,5539128320,6123683840,67.0,699.9,1770.0,2619.0,70.0,682.68,1800.0,2619.0,20260803,2026-08-10T05:31:18.840543+00:00
prefillq128_b256_h8192_sparse_q8kv8_steady,full,prefill,sglang_sparse_q8kv8_fp8,steady,ok,,256,8192,128,2048,64,576,512,10,30,13.276351928710938,13.088128089904785,13.813088417053223,13.361852773030598,0.21936254012608133,2.0265360071789473,4.3753380014095455,13.049517991021276,12.918810010887682,32.37020201049745,9345848836096,67108864,703.9470546035332,5054766878.759285,42010148864,3164.2840661033124,0.7114169323936667,0.9660726209918871,6143108096,6727663616,68.0,658.38,1935.0,2619.0,69.0,699.48,1785.0,2619.0,20260803,2026-08-10T05:31:19.481724+00:00
prefillq128_b256_h16384_sparse_q8kv8_steady,full,prefill,sglang_sparse_q8kv8_fp8,steady,ok,,256,16384,128,2048,64,576,512,10,30,13.591423988342285,13.189536094665527,14.731871604919434,13.772910944620769,0.4048124969676058,2.2791119990870357,8.385199005715549,19.291278993478045,12.937079009134322,42.89266900741495,9345848836096,67108864,687.6283783150445,4937588883.810925,42010148864,3090.9306412656388,0.6949250917787211,0.9436774333566219,7351067648,7935623168,69.0,699.48,1785.0,2619.0,69.0,681.78,1845.0,2619.0,20260803,2026-08-10T05:31:20.146937+00:00
prefillq128_b256_h32768_sparse_q8kv8_steady,full,prefill,sglang_sparse_q8kv8_fp8,steady,ok,,256,32768,128,2048,64,576,512,10,30,13.964127540588379,13.78172779083252,14.042880058288574,13.929636192321777,0.09382035618821698,2.7408410096541047,6.034215010004118,32.31612499803305,13.50221098982729,54.59339200751856,9345848836096,67108864,669.2755282369909,4805804287.087768,42010148864,3008.433483716942,0.6763774919019615,0.9184906158798982,9766986752,10351542272,69.0,681.78,1845.0,2619.0,69.0,672.55,1830.0,2619.0,20260803,2026-08-10T05:31:20.815369+00:00
prefillq128_b256_h65536_sparse_q8kv8_steady,full,prefill,sglang_sparse_q8kv8_fp8,steady,ok,,256,65536,128,2048,64,576,512,10,30,15.29417610168457,15.145088195800781,15.374015808105469,15.290183448791504,0.055609746956092,4.652542003896087,4.44738898659125,57.79234602232464,14.876140980049968,81.76841799286194,9345848836096,67108864,611.0723960518936,4387870490.951672,42010148864,2746.8069273357464,0.6175567418412266,0.8386146478049095,14598824960,15183380480,69.0,672.55,1830.0,2619.0,68.0,681.29,1740.0,2619.0,20260803,2026-08-10T05:31:21.547274+00:00
prefillq128_b256_h131072_sparse_q8kv8_steady,full,prefill,sglang_sparse_q8kv8_fp8,steady,ok,,256,131072,128,2048,64,576,512,10,30,16.595680236816406,16.53049659729004,16.666847229003906,16.597107124328613,0.04415669033029534,5.101964983623475,4.504647979047149,110.21499501657672,16.269471001578495,136.09107898082584,9345848836096,67108864,563.149488465249,4043754943.5981226,42010148864,2531.3905946924247,0.5691253041589176,0.7728469048546154,24262501376,24847056896,68.0,681.29,1740.0,2619.0,67.0,691.86,1725.0,2619.0,20260803,2026-08-10T05:31:22.345378+00:00
prefillq128_b256_h262144_sparse_q8kv8_steady,full,prefill,sglang_sparse_q8kv8_fp8,steady,ok,,256,262144,128,2048,64,576,512,10,30,17.63520050048828,17.53398323059082,19.815263748168945,18.015216954549153,0.7848190321656895,7.970767008373514,4.521291004493833,213.11543800402433,17.409118998330086,243.01661501522176,9345848836096,67108864,529.9542149144963,3805392742.6649837,42010148864,2382.17585690828,0.5355777816215224,0.72729085811218,43589854208,44174409728,60.0,647.19,1935.0,2619.0,63.0,676.23,1305.0,2619.0,20260803,2026-08-10T05:31:23.275341+00:00
prefillq128_b256_h524288_sparse_q8kv8_steady,full,prefill,sglang_sparse_q8kv8_fp8,steady,ok,,256,524288,128,2048,64,576,512,10,30,18.248064041137695,18.12495994567871,19.717599868774414,18.644098218282064,0.5634226322196346,29.08529099659063,4.568010976072401,421.4221549918875,18.028664984740317,473.10412194929086,9345848836096,67108864,512.155635525341,3677588145.718499,42010148864,2302.1701792197805,0.5175903340326842,0.7028647025824895,82244559872,82829115392,63.0,676.23,1305.0,2619.0,58.0,688.94,1650.0,2619.0,20260803,2026-08-10T05:31:24.391539+00:00
prefillq256_b256_h2048_sparse_q8kv8_steady,full,prefill,sglang_sparse_q8kv8_fp8,steady,ok,,256,2048,256,2048,64,576,512,10,30,25.922304153442383,25.71161651611328,30.884767532348633,27.331752586364747,1.9661685130262359,113.21406200295314,8.04478200734593,15.025850007077679,25.731181987794116,162.01587600517087,18691697672192,134217728,721.0662123841262,5177692816.407155,84020297728,3241.2357030708795,0.7287177487459587,0.9895663617755396,9769612288,10550771712,58.0,688.94,1650.0,2619.0,58.0,675.48,1920.0,2619.0,20260803,2026-08-10T05:31:25.717888+00:00
prefillq256_b256_h4096_sparse_q8kv8_steady,full,prefill,sglang_sparse_q8kv8_fp8,steady,ok,,256,4096,256,2048,64,576,512,10,30,26.035423278808594,25.83126449584961,30.914623260498047,27.36426970163981,1.9139726993286228,2.5994949974119663,8.057504979660735,16.44004599074833,25.65566499833949,52.75271096616052,18691697672192,134217728,717.9333123193744,5155196693.469772,84020297728,3227.1531301120776,0.7255516041630868,0.9852668779477892,10071602176,10852761600,54.0,617.64,1965.0,2619.0,65.0,707.95,1725.0,2619.0,20260803,2026-08-10T05:31:27.091314+00:00
prefillq256_b256_h8192_sparse_q8kv8_steady,full,prefill,sglang_sparse_q8kv8_fp8,steady,ok,,256,8192,256,2048,64,576,512,10,30,26.112607955932617,26.08291244506836,31.278207778930664,27.514929072062174,1.932722642561405,9.332783985882998,8.199603005778044,19.575040001654997,25.73322900570929,62.84065599902533,18691697672192,134217728,715.8112167017529,5139958759.6346,84020297728,3217.6141835312596,0.7234069900977795,0.9823545872266275,10675581952,11456741376,59.0,678.55,1875.0,2619.0,67.0,700.1,1770.0,2619.0,20260803,2026-08-10T05:31:28.353008+00:00
prefillq256_b256_h16384_sparse_q8kv8_steady,full,prefill,sglang_sparse_q8kv8_fp8,steady,ok,,256,16384,256,2048,64,576,512,10,30,27.332416534423828,26.084064483642578,31.075328826904297,27.671076265970864,1.4749777442087528,3.632813022704795,8.035333012230694,25.983248982811347,25.84477700293064,63.49617202067748,18691697672192,134217728,683.8655355866807,4910569390.41447,84020297728,3074.016438399458,0.691122319946115,0.9385134379777108,11883541504,12664700928,67.0,700.1,1770.0,2619.0,67.0,703.88,1740.0,2619.0,20260803,2026-08-10T05:31:29.626810+00:00
prefillq256_b256_h32768_sparse_q8kv8_steady,full,prefill,sglang_sparse_q8kv8_fp8,steady,ok,,256,32768,256,2048,64,576,512,10,30,27.6080322265625,26.981887817382812,31.898208618164062,28.45144011179606,1.8299439070021908,3.858693002257496,8.077797014266253,38.59604598255828,26.454047998413444,76.98658399749547,18691697672192,134217728,677.0383893643882,4861546339.071033,84020297728,3043.3280082584665,0.6842227280084772,0.9291440983352861,14299460608,15080620032,59.0,663.85,1875.0,2619.0,66.0,702.97,1785.0,2619.0,20260803,2026-08-10T05:31:30.845418+00:00
prefillq256_b256_h65536_sparse_q8kv8_steady,full,prefill,sglang_sparse_q8kv8_fp8,steady,ok,,256,65536,256,2048,64,576,512,10,30,30.096416473388672,29.64463996887207,35.74652862548828,31.237178866068522,2.0349664446448474,4.517945024417713,8.087321009952575,64.43090998800471,28.84786800132133,105.88404402369633,18691697672192,134217728,621.0605733981401,4459591663.302362,84020297728,2791.7043812272786,0.6276509079314201,0.8523220773689903,19131298816,19912458240,59.0,659.78,1935.0,2619.0,64.0,676.73,1740.0,2619.0,20260803,2026-08-10T05:31:32.163720+00:00
prefillq256_b256_h131072_sparse_q8kv8_steady,full,prefill,sglang_sparse_q8kv8_fp8,steady,ok,,256,131072,256,2048,64,576,512,10,30,32.54422378540039,32.29702377319336,38.17094421386719,33.70289916992188,2.0323180433299988,5.9928090195171535,8.177266019629315,116.71672499505803,31.5478160046041,162.4346160388086,18691697672192,134217728,574.3476260317891,4124164364.3137436,84020297728,2581.7268920604033,0.5804422698653755,0.7882148420288507,28794975232,29576134656,56.0,616.99,1965.0,2619.0,66.0,701.38,1740.0,2619.0,20260803,2026-08-10T05:31:33.607655+00:00
prefillq256_b256_h262144_sparse_q8kv8_steady,full,prefill,sglang_sparse_q8kv8_fp8,steady,ok,,256,262144,256,2048,64,576,512,10,30,34.77801513671875,34.6341438293457,39.31382369995117,35.8990172068278,1.7006808405965894,11.220550019061193,8.1657919799909,218.70696998666972,34.174770989920944,272.26808297564276,18691697672192,134217728,537.4572872750648,3859269353.7099667,84020297728,2415.902615422439,0.5431604722335167,0.7375878154379671,48122328064,48903487488,66.0,701.38,1740.0,2619.0,66.0,692.82,1755.0,2619.0,20260803,2026-08-10T05:31:35.245056+00:00
prefillq256_b256_h524288_sparse_q8kv8_steady,full,prefill,sglang_sparse_q8kv8_fp8,steady,skipped_memory_limit,skipped_memory_limit: estimated live tensors 79.0 GiB exceed current free GPU memory 78.6 GiB,256,524288,256,2048,64,576,512,10,30,,,,,,,,,,,,,,,,,,,,,,,,,,,,,20260803,2026-08-10T05:31:37.038439+00:00
prefillq512_b256_h2048_sparse_q8kv8_steady,full,prefill,sglang_sparse_q8kv8_fp8,steady,ok,,256,2048,512,2048,64,576,512,10,30,53.36217498779297,51.76505661010742,61.24812698364258,54.67066866556804,3.1765086647554335,10.892787016928196,15.330587018979713,27.9066429939121,50.96967701683752,105.09969404665753,37383395344384,268435456,700.559813256033,5030444431.123858,168040595456,3149.0582138835357,0.7079937476058948,0.9614240879735131,18834560000,20287848448,57.0,632.24,1950.0,2619.0,68.0,699.73,1755.0,2619.0,20260803,2026-08-10T05:31:37.045994+00:00
prefillq512_b256_h4096_sparse_q8kv8_steady,full,prefill,sglang_sparse_q8kv8_fp8,steady,ok,,256,4096,512,2048,64,576,512,10,30,53.278079986572266,51.915103912353516,61.398494720458984,54.81348482767741,3.236180662313596,5.120155023178086,15.22991099045612,29.22910000779666,51.21810600394383,100.7972720253747,37383395344384,268435456,701.6655884334754,5038384567.680631,168040595456,3154.028739368075,0.7091112566280701,0.9629416156297673,19136549888,20589838336,59.0,647.09,1965.0,2619.0,69.0,691.14,1770.0,2619.0,20260803,2026-08-10T05:31:39.467396+00:00
prefillq512_b256_h8192_sparse_q8kv8_steady,full,prefill,sglang_sparse_q8kv8_fp8,steady,ok,,256,8192,512,2048,64,576,512,10,30,53.340736389160156,52.111873626708984,61.63113784790039,54.977437082926436,3.1693819777126557,5.251021008007228,19.26491901394911,32.53101700101979,51.33434300660156,108.38130002957769,37383395344384,268435456,700.8413808096773,5032466256.962871,168040595456,3150.323876858757,0.7082783029910836,0.9618105015578253,19740529664,21193818112,59.0,631.86,1965.0,2619.0,69.0,692.23,1785.0,2619.0,20260803,2026-08-10T05:31:41.840184+00:00
prefillq512_b256_h16384_sparse_q8kv8_steady,full,prefill,sglang_sparse_q8kv8_fp8,steady,ok,,256,16384,512,2048,64,576,512,10,30,54.31875228881836,52.28096008300781,61.31951904296875,55.10710817972819,2.5472265753469165,5.02688399865292,15.240098990034312,38.819537992822006,51.606126013211906,110.69264699472114,37383395344384,268435456,688.2226444674699,4941856075.277673,168040595456,3093.6019031238234,0.6955256639388275,0.944492983696219,20948489216,22401777664,69.0,692.23,1785.0,2619.0,68.0,700.84,1770.0,2619.0,20260803,2026-08-10T05:31:44.237336+00:00
prefillq512_b256_h32768_sparse_q8kv8_steady,full,prefill,sglang_sparse_q8kv8_fp8,steady,ok,,256,32768,512,2048,64,576,512,10,30,54.31670379638672,53.05315017700195,62.98179244995117,56.10552406311035,3.3445419018902642,6.27630899543874,15.344678016845137,52.17075801920146,52.24062199704349,126.03236702852882,37383395344384,268435456,688.2485999982722,4942042451.733917,168040595456,3093.7185747854323,0.6955518948946662,0.9445286041700991,23364408320,24817696768,70.0,679.77,1800.0,2619.0,68.0,701.02,1770.0,2619.0,20260803,2026-08-10T05:31:46.624823+00:00
prefillq512_b256_h65536_sparse_q8kv8_steady,full,prefill,sglang_sparse_q8kv8_fp8,steady,ok,,256,65536,512,2048,64,576,512,10,30,59.41708755493164,58.73622512817383,68.1256332397461,61.13412068684896,3.1159729147933066,6.945798988454044,15.363133017672226,77.44277198798954,56.81926297256723,156.57096696668305,37383395344384,268435456,629.1690973547418,4517815784.084485,168040595456,2828.1526808368876,0.6358454748405677,0.8634499355507985,28196246528,29649534976,68.0,701.02,1770.0,2619.0,68.0,689.3,1740.0,2619.0,20260803,2026-08-10T05:31:49.115431+00:00
prefillq512_b256_h131072_sparse_q8kv8_steady,full,prefill,sglang_sparse_q8kv8_fp8,steady,ok,,256,131072,512,2048,64,576,512,10,30,64.76876831054688,63.72643280029297,73.09910583496094,66.65430844624838,3.3791661554054757,7.260344980750233,15.31806300044991,128.81043498055078,62.514193006791174,213.9030359685421,37383395344384,268435456,577.1824340574426,4144520005.58251,168040595456,2594.469523494651,0.5833071592293508,0.7921052346392642,37859922944,39313211392,68.0,689.3,1740.0,2619.0,65.0,692.95,1515.0,2619.0,20260803,2026-08-10T05:31:51.760985+00:00
prefillq512_b256_h262144_sparse_q8kv8_steady,full,prefill,sglang_sparse_q8kv8_fp8,steady,ok,,256,262144,512,2048,64,576,512,10,30,69.9070053100586,68.5934066772461,76.22870635986328,71.39841588338216,2.606862443943822,12.179880985058844,15.473017992917448,233.37498799082823,67.65888899099082,328.68677595979534,37383395344384,268435456,534.7589297893309,3839893510.0911274,168040595456,2403.773337317046,0.5404334813434369,0.7338846828350696,57187275776,58640564224,56.0,654.91,1845.0,2619.0,61.0,695.03,1560.0,2619.0,20260803,2026-08-10T05:31:54.731918+00:00
prefillq512_b256_h524288_sparse_q8kv8_steady,full,prefill,sglang_sparse_q8kv8_fp8,steady,skipped_memory_limit,skipped_memory_limit: estimated live tensors 85.8 GiB exceed current free GPU memory 78.6 GiB,256,524288,512,2048,64,576,512,10,30,,,,,,,,,,,,,,,,,,,,,,,,,,,,,20260803,2026-08-10T05:31:58.000935+00:00
prefillq1024_b256_h2048_sparse_q8kv8_steady,full,prefill,sglang_sparse_q8kv8_fp8,steady,ok,,256,2048,1024,2048,64,576,512,10,30,105.93756866455078,103.50559997558594,114.78851318359375,107.86880620320638,4.036510518298499,10.078791005071253,36.6367060050834,57.31450498569757,102.35192099935375,206.38192299520597,74766790688768,536870912,705.7627584933118,5067804734.125918,336081190912,3172.4457635628246,0.7132519034798502,0.9685644302895785,36964455424,39487275008,61.0,695.03,1560.0,2619.0,70.0,698.67,1770.0,2619.0,20260803,2026-08-10T05:31:58.002103+00:00
prefillq1024_b256_h4096_sparse_q8kv8_steady,full,prefill,sglang_sparse_q8kv8_fp8,steady,ok,,256,4096,1024,2048,64,576,512,10,30,107.43555450439453,103.8175048828125,115.05974578857422,108.09708251953126,3.902531711017394,10.422872990602627,32.13330602739006,55.13663898454979,103.34958898602054,201.04240698856302,74766790688768,536870912,695.9222301562166,4997143771.227428,336081190912,3128.21200078837,0.7033069531644432,0.9550596291253537,37266445312,39789264896,70.0,698.67,1770.0,2619.0,71.0,699.78,1785.0,2619.0,20260803,2026-08-10T05:32:02.633500+00:00
prefillq1024_b256_h8192_sparse_q8kv8_steady,full,prefill,sglang_sparse_q8kv8_fp8,steady,ok,,256,8192,1024,2048,64,576,512,10,30,107.46857452392578,104.251708984375,116.18025970458984,108.1636744181315,3.6183567730808313,9.92351199965924,29.332606005482376,58.332742017228156,103.23104800772853,200.8199080300983,74766790688768,536870912,695.7084061082679,4995608384.853716,336081190912,3127.2508489184256,0.7030908601397351,0.954766184388165,37870425088,40393244672,71.0,699.78,1785.0,2619.0,70.0,700.09,1785.0,2619.0,20260803,2026-08-10T05:32:07.257072+00:00
prefillq1024_b256_h16384_sparse_q8kv8_steady,full,prefill,sglang_sparse_q8kv8_fp8,steady,ok,,256,16384,1024,2048,64,576,512,10,30,106.80547332763672,104.41779327392578,116.53247833251953,108.68781051635742,3.8815927185576946,10.481233999598771,29.251810017740354,65.00072701601312,103.86532702250406,208.5990980558563,74766790688768,536870912,700.0277079378995,5026623592.155184,336081190912,3146.666368689145,0.7074559958947949,0.9606938450156497,39078384640,41601204224,64.0,663.36,1875.0,2619.0,71.0,687.17,1785.0,2619.0,20260803,2026-08-10T05:32:11.878433+00:00
prefillq1024_b256_h32768_sparse_q8kv8_steady,full,prefill,sglang_sparse_q8kv8_fp8,steady,ok,,256,32768,1024,2048,64,576,512,10,30,108.24118041992188,105.50985717773438,117.87955474853516,110.02595469156901,4.020131136535751,9.869513974990696,29.38750697649084,78.05444599944167,105.0453869975172,222.3568539484404,74766790688768,536870912,690.7425658026832,4959950639.093256,336081190912,3104.9291000723783,0.6980723252174666,0.9479512366899389,41494303744,44017123328,59.0,624.62,1965.0,2619.0,71.0,697.74,1755.0,2619.0,20260803,2026-08-10T05:32:16.552180+00:00
prefillq1024_b256_h65536_sparse_q8kv8_steady,full,prefill,sglang_sparse_q8kv8_fp8,steady,ok,,256,65536,1024,2048,64,576,512,10,30,119.09983825683594,116.1627197265625,128.91714477539062,120.88746719360351,4.239462297922733,11.19394600391388,32.67787900404073,107.11338598048314,114.4286899943836,265.41390098282136,74766790688768,536870912,627.7656777965997,4507738380.317954,336081190912,2821.8442260790393,0.6344271630081856,0.86152393102813,46326141952,48848961536,70.0,661.43,1860.0,2619.0,62.0,694.05,1620.0,2619.0,20260803,2026-08-10T05:32:21.319623+00:00
prefillq1024_b256_h131072_sparse_q8kv8_steady,full,prefill,sglang_sparse_q8kv8_fp8,steady,ok,,256,131072,1024,2048,64,576,512,10,30,130.53631591796875,126.91795349121094,138.90354919433594,131.82897262573243,4.315098434434658,18.765587999951094,29.436392011120915,156.1544620199129,125.9273600007873,330.2838020317722,74766790688768,536870912,572.7662081083454,4112808824.3073974,336081190912,2574.6183240164305,0.5788440708522945,0.7860445586983164,55989818368,58512637952,56.0,646.21,1890.0,2619.0,67.0,698.18,1695.0,2619.0,20260803,2026-08-10T05:32:26.488766+00:00
prefillq1024_b256_h262144_sparse_q8kv8_steady,full,prefill,sglang_sparse_q8kv8_fp8,steady,ok,,256,262144,1024,2048,64,576,512,10,30,140.8534393310547,137.00344848632812,148.09237670898438,141.83189697265624,3.592768210695178,30.25887400144711,29.491576016880572,258.99181500426494,136.1998729989864,454.942138021579,74766790688768,536870912,530.8126733990498,3811556995.3401437,336081190912,2386.0346790829303,0.5364453495695298,0.7284689768822804,75317171200,77839990784,57.0,646.02,1935.0,2619.0,63.0,697.6,1515.0,2619.0,20260803,2026-08-10T05:32:32.224953+00:00
prefillq1024_b256_h524288_sparse_q8kv8_steady,full,prefill,sglang_sparse_q8kv8_fp8,steady,skipped_memory_limit,skipped_memory_limit: estimated live tensors 99.4 GiB exceed current free GPU memory 78.6 GiB,256,524288,1024,2048,64,576,512,10,30,,,,,,,,,,,,,,,,,,,,,,,,,,,,,20260803,2026-08-10T05:32:38.477409+00:00
prefillq2048_b256_h2048_sparse_q8kv8_steady,full,prefill,sglang_sparse_q8kv8_fp8,steady,ok,,256,2048,2048,2048,64,576,512,10,30,215.12733459472656,208.87738037109375,223.8865203857422,216.0546895345052,3.817909764644644,111.7725289950613,57.91674798820168,107.07827200531028,205.87191698723473,482.639465975808,149533581377536,1073741824,695.0933578907528,4991191965.5528555,672162381824,3124.4861704360874,0.7024692853873197,0.9539221134603224,73224246272,77890322432,57.0,666.95,1875.0,2619.0,69.0,698.42,1695.0,2619.0,20260803,2026-08-10T05:32:38.478606+00:00
prefillq2048_b256_h4096_sparse_q8kv8_steady,full,prefill,sglang_sparse_q8kv8_fp8,steady,ok,,256,4096,2048,2048,64,576,512,10,30,217.25765991210938,209.89794921875,224.06912231445312,217.18536020914715,3.9349116510784583,96.33913400466554,58.23110797791742,110.42125101084821,208.1490010023117,473.1404939957429,149533581377536,1073741824,688.2776029072078,4942250710.21375,672162381824,3093.8489445938076,0.6955812055656471,0.9445684067604623,73526236160,78192312320,69.0,654.7,1935.0,2619.0,69.0,674.01,1905.0,2619.0,20260803,2026-08-10T05:32:47.681646+00:00
prefillq2048_b256_h8192_sparse_q8kv8_steady,full,prefill,sglang_sparse_q8kv8_fp8,steady,ok,,256,8192,2048,2048,64,576,512,10,30,217.9463348388672,210.63848876953125,225.8317413330078,217.8896967569987,4.147581707796737,25.220551004167646,57.97576002078131,111.63881298853084,208.72577800764702,403.5609020211268,149533581377536,1073741824,686.1027577641518,4926634002.787165,672162381824,3084.0728857447652,0.693383282227541,0.9415837244127437,74130215936,78796292096,69.0,674.01,1905.0,2619.0,69.0,682.25,1695.0,2619.0,20260803,2026-08-10T05:32:56.959836+00:00
prefillq2048_b256_h16384_sparse_q8kv8_steady,full,prefill,sglang_sparse_q8kv8_fp8,steady,ok,,256,16384,2048,2048,64,576,512,10,30,218.30210876464844,210.86582946777344,225.8618621826172,218.21690673828124,4.093585336793386,37.62122199987061,57.92277699219994,118.27905700192787,207.98048900905997,421.8035450030584,149533581377536,1073741824,684.9845941650898,4918604909.848128,672162381824,3079.0466735649284,0.6922532533250023,0.9400491953145974,75338175488,80004251648,58.0,644.25,1905.0,2619.0,69.0,685.91,1680.0,2619.0,20260803,2026-08-10T05:33:06.257827+00:00
prefillq2048_b256_h32768_sparse_q8kv8_steady,full,prefill,sglang_sparse_q8kv8_fp8,steady,ok,,256,32768,2048,2048,64,576,512,10,30,220.36111450195312,213.0094757080078,227.40908813476562,220.1006088256836,3.9640728043503346,95.56374099338427,57.87563798367046,131.2016690208111,210.17729898449033,494.81834698235616,149533581377536,1073741824,678.5842489293211,4872646548.492943,672162381824,3050.276739356582,0.685784991338374,0.9312655826029079,77754094592,82420170752,69.0,685.91,1680.0,2619.0,68.0,698.86,1680.0,2619.0,20260803,2026-08-10T05:33:15.536897+00:00
prefillq2048_b256_h65536_sparse_q8kv8_steady,full,prefill,sglang_sparse_q8kv8_fp8,steady,ok,,256,65536,2048,2048,64,576,512,10,30,239.8250274658203,234.7624969482422,247.8915557861328,240.528461710612,4.408361449908581,106.9884590106085,79.54410900129005,157.09694699035026,229.391190019669,573.0207050219178,149533581377536,1073741824,623.5111612729719,4477188370.813504,672162381824,2802.7199201292533,0.6301275000232156,0.8556851795166981,82585932800,82671828992,69.0,672.67,1920.0,2619.0,66.0,696.6,1620.0,2619.0,20260803,2026-08-10T05:33:24.940792+00:00
prefillq2048_b256_h131072_sparse_q8kv8_steady,full,prefill,sglang_sparse_q8kv8_fp8,steady,skipped_memory_limit,"runtime OOM: CUDA out of memory. Tried to allocate 4.00 GiB. GPU 0 has a total capacity of 79.44 GiB of which 858.69 MiB is free. Including non-PyTorch memory, this process has 78.59 GiB memory in use. Of the allocated memory 77.91 GiB is allocated by PyTorch, and 85.85 MiB is reserved by PyTorch but unallocated. If reserved but unallocated memory is large try setting PYTORCH_CUDA_ALLOC_CONF=expandable_segments:True to avoid fragmentation.  See documentation for Memory Management  (https://pytorch.org/docs/stable/notes/cuda.html#environment-variables)",256,131072,2048,2048,64,576,512,10,30,,,,,,,,,,,,,,,,,,,,,57.0,650.52,1935.0,2619.0,57.0,542.7,1980.0,2619.0,20260803,2026-08-10T05:33:35.236452+00:00
prefillq2048_b256_h262144_sparse_q8kv8_steady,full,prefill,sglang_sparse_q8kv8_fp8,steady,skipped_memory_limit,"skipped_memory_limit: larger history after runtime OOM on the same (kind, backend, B, Q) curve",256,262144,2048,2048,64,576,512,10,30,,,,,,,,,,,,,,,,,,,,,,,,,,,,,20260803,2026-08-10T05:33:35.711406+00:00
prefillq2048_b256_h524288_sparse_q8kv8_steady,full,prefill,sglang_sparse_q8kv8_fp8,steady,skipped_memory_limit,"skipped_memory_limit: larger history after runtime OOM on the same (kind, backend, B, Q) curve",256,524288,2048,2048,64,576,512,10,30,,,,,,,,,,,,,,,,,,,,,,,,,,,,,20260803,2026-08-10T05:33:35.712597+00:00
prefillq4096_b256_h2048_sparse_q8kv8_steady,full,prefill,sglang_sparse_q8kv8_fp8,steady,skipped_memory_limit,skipped_memory_limit: estimated live tensors 109.5 GiB exceed current free GPU memory 78.6 GiB,256,2048,4096,2048,64,576,512,10,30,,,,,,,,,,,,,,,,,,,,,,,,,,,,,20260803,2026-08-10T05:33:35.713690+00:00
prefillq4096_b256_h4096_sparse_q8kv8_steady,full,prefill,sglang_sparse_q8kv8_fp8,steady,skipped_memory_limit,skipped_memory_limit: estimated live tensors 109.8 GiB exceed current free GPU memory 78.6 GiB,256,4096,4096,2048,64,576,512,10,30,,,,,,,,,,,,,,,,,,,,,,,,,,,,,20260803,2026-08-10T05:33:35.714632+00:00
prefillq4096_b256_h8192_sparse_q8kv8_steady,full,prefill,sglang_sparse_q8kv8_fp8,steady,skipped_memory_limit,skipped_memory_limit: estimated live tensors 110.3 GiB exceed current free GPU memory 78.6 GiB,256,8192,4096,2048,64,576,512,10,30,,,,,,,,,,,,,,,,,,,,,,,,,,,,,20260803,2026-08-10T05:33:35.715512+00:00
prefillq4096_b256_h16384_sparse_q8kv8_steady,full,prefill,sglang_sparse_q8kv8_fp8,steady,skipped_memory_limit,skipped_memory_limit: estimated live tensors 111.5 GiB exceed current free GPU memory 78.6 GiB,256,16384,4096,2048,64,576,512,10,30,,,,,,,,,,,,,,,,,,,,,,,,,,,,,20260803,2026-08-10T05:33:35.716397+00:00
prefillq4096_b256_h32768_sparse_q8kv8_steady,full,prefill,sglang_sparse_q8kv8_fp8,steady,skipped_memory_limit,skipped_memory_limit: estimated live tensors 113.7 GiB exceed current free GPU memory 78.6 GiB,256,32768,4096,2048,64,576,512,10,30,,,,,,,,,,,,,,,,,,,,,,,,,,,,,20260803,2026-08-10T05:33:35.717300+00:00
prefillq4096_b256_h65536_sparse_q8kv8_steady,full,prefill,sglang_sparse_q8kv8_fp8,steady,skipped_memory_limit,skipped_memory_limit: estimated live tensors 118.2 GiB exceed current free GPU memory 78.6 GiB,256,65536,4096,2048,64,576,512,10,30,,,,,,,,,,,,,,,,,,,,,,,,,,,,,20260803,2026-08-10T05:33:35.718212+00:00
prefillq4096_b256_h131072_sparse_q8kv8_steady,full,prefill,sglang_sparse_q8kv8_fp8,steady,skipped_memory_limit,skipped_memory_limit: estimated live tensors 127.2 GiB exceed current free GPU memory 78.6 GiB,256,131072,4096,2048,64,576,512,10,30,,,,,,,,,,,,,,,,,,,,,,,,,,,,,20260803,2026-08-10T05:33:35.719242+00:00
prefillq4096_b256_h262144_sparse_q8kv8_steady,full,prefill,sglang_sparse_q8kv8_fp8,steady,skipped_memory_limit,skipped_memory_limit: estimated live tensors 145.2 GiB exceed current free GPU memory 78.6 GiB,256,262144,4096,2048,64,576,512,10,30,,,,,,,,,,,,,,,,,,,,,,,,,,,,,20260803,2026-08-10T05:33:35.720148+00:00
prefillq4096_b256_h524288_sparse_q8kv8_steady,full,prefill,sglang_sparse_q8kv8_fp8,steady,skipped_memory_limit,skipped_memory_limit: estimated live tensors 181.2 GiB exceed current free GPU memory 78.6 GiB,256,524288,4096,2048,64,576,512,10,30,,,,,,,,,,,,,,,,,,,,,,,,,,,,,20260803,2026-08-10T05:33:35.721043+00:00
prefillq8192_b256_h2048_sparse_q8kv8_steady,full,prefill,sglang_sparse_q8kv8_fp8,steady,skipped_memory_limit,skipped_memory_limit: estimated live tensors 218.5 GiB exceed current free GPU memory 78.6 GiB,256,2048,8192,2048,64,576,512,10,30,,,,,,,,,,,,,,,,,,,,,,,,,,,,,20260803,2026-08-10T05:33:35.721961+00:00
prefillq8192_b256_h4096_sparse_q8kv8_steady,full,prefill,sglang_sparse_q8kv8_fp8,steady,skipped_memory_limit,skipped_memory_limit: estimated live tensors 218.8 GiB exceed current free GPU memory 78.6 GiB,256,4096,8192,2048,64,576,512,10,30,,,,,,,,,,,,,,,,,,,,,,,,,,,,,20260803,2026-08-10T05:33:35.722979+00:00
prefillq8192_b256_h8192_sparse_q8kv8_steady,full,prefill,sglang_sparse_q8kv8_fp8,steady,skipped_memory_limit,skipped_memory_limit: estimated live tensors 219.4 GiB exceed current free GPU memory 78.6 GiB,256,8192,8192,2048,64,576,512,10,30,,,,,,,,,,,,,,,,,,,,,,,,,,,,,20260803,2026-08-10T05:33:35.723924+00:00
prefillq8192_b256_h16384_sparse_q8kv8_steady,full,prefill,sglang_sparse_q8kv8_fp8,steady,skipped_memory_limit,skipped_memory_limit: estimated live tensors 220.5 GiB exceed current free GPU memory 78.6 GiB,256,16384,8192,2048,64,576,512,10,30,,,,,,,,,,,,,,,,,,,,,,,,,,,,,20260803,2026-08-10T05:33:35.724816+00:00
prefillq8192_b256_h32768_sparse_q8kv8_steady,full,prefill,sglang_sparse_q8kv8_fp8,steady,skipped_memory_limit,skipped_memory_limit: estimated live tensors 222.8 GiB exceed current free GPU memory 78.6 GiB,256,32768,8192,2048,64,576,512,10,30,,,,,,,,,,,,,,,,,,,,,,,,,,,,,20260803,2026-08-10T05:33:35.725707+00:00
prefillq8192_b256_h65536_sparse_q8kv8_steady,full,prefill,sglang_sparse_q8kv8_fp8,steady,skipped_memory_limit,skipped_memory_limit: estimated live tensors 227.3 GiB exceed current free GPU memory 78.6 GiB,256,65536,8192,2048,64,576,512,10,30,,,,,,,,,,,,,,,,,,,,,,,,,,,,,20260803,2026-08-10T05:33:35.726765+00:00
prefillq8192_b256_h131072_sparse_q8kv8_steady,full,prefill,sglang_sparse_q8kv8_fp8,steady,skipped_memory_limit,skipped_memory_limit: estimated live tensors 236.3 GiB exceed current free GPU memory 78.6 GiB,256,131072,8192,2048,64,576,512,10,30,,,,,,,,,,,,,,,,,,,,,,,,,,,,,20260803,2026-08-10T05:33:35.727693+00:00
prefillq8192_b256_h262144_sparse_q8kv8_steady,full,prefill,sglang_sparse_q8kv8_fp8,steady,skipped_memory_limit,skipped_memory_limit: estimated live tensors 254.3 GiB exceed current free GPU memory 78.6 GiB,256,262144,8192,2048,64,576,512,10,30,,,,,,,,,,,,,,,,,,,,,,,,,,,,,20260803,2026-08-10T05:33:35.728557+00:00
prefillq8192_b256_h524288_sparse_q8kv8_steady,full,prefill,sglang_sparse_q8kv8_fp8,steady,skipped_memory_limit,skipped_memory_limit: estimated live tensors 290.3 GiB exceed current free GPU memory 78.6 GiB,256,524288,8192,2048,64,576,512,10,30,,,,,,,,,,,,,,,,,,,,,,,,,,,,,20260803,2026-08-10T05:33:35.729420+00:00
prefillq16384_b256_h2048_sparse_q8kv8_steady,full,prefill,sglang_sparse_q8kv8_fp8,steady,skipped_memory_limit,skipped_memory_limit: estimated live tensors 436.7 GiB exceed current free GPU memory 78.6 GiB,256,2048,16384,2048,64,576,512,10,30,,,,,,,,,,,,,,,,,,,,,,,,,,,,,20260803,2026-08-10T05:33:35.730283+00:00
prefillq16384_b256_h4096_sparse_q8kv8_steady,full,prefill,sglang_sparse_q8kv8_fp8,steady,skipped_memory_limit,skipped_memory_limit: estimated live tensors 437.0 GiB exceed current free GPU memory 78.6 GiB,256,4096,16384,2048,64,576,512,10,30,,,,,,,,,,,,,,,,,,,,,,,,,,,,,20260803,2026-08-10T05:33:35.731171+00:00
prefillq16384_b256_h8192_sparse_q8kv8_steady,full,prefill,sglang_sparse_q8kv8_fp8,steady,skipped_memory_limit,skipped_memory_limit: estimated live tensors 437.5 GiB exceed current free GPU memory 78.6 GiB,256,8192,16384,2048,64,576,512,10,30,,,,,,,,,,,,,,,,,,,,,,,,,,,,,20260803,2026-08-10T05:33:35.732028+00:00
prefillq16384_b256_h16384_sparse_q8kv8_steady,full,prefill,sglang_sparse_q8kv8_fp8,steady,skipped_memory_limit,skipped_memory_limit: estimated live tensors 438.6 GiB exceed current free GPU memory 78.6 GiB,256,16384,16384,2048,64,576,512,10,30,,,,,,,,,,,,,,,,,,,,,,,,,,,,,20260803,2026-08-10T05:33:35.732871+00:00
prefillq16384_b256_h32768_sparse_q8kv8_steady,full,prefill,sglang_sparse_q8kv8_fp8,steady,skipped_memory_limit,skipped_memory_limit: estimated live tensors 440.9 GiB exceed current free GPU memory 78.6 GiB,256,32768,16384,2048,64,576,512,10,30,,,,,,,,,,,,,,,,,,,,,,,,,,,,,20260803,2026-08-10T05:33:35.733929+00:00
prefillq16384_b256_h65536_sparse_q8kv8_steady,full,prefill,sglang_sparse_q8kv8_fp8,steady,skipped_memory_limit,skipped_memory_limit: estimated live tensors 445.4 GiB exceed current free GPU memory 78.6 GiB,256,65536,16384,2048,64,576,512,10,30,,,,,,,,,,,,,,,,,,,,,,,,,,,,,20260803,2026-08-10T05:33:35.734732+00:00
prefillq16384_b256_h131072_sparse_q8kv8_steady,full,prefill,sglang_sparse_q8kv8_fp8,steady,skipped_memory_limit,skipped_memory_limit: estimated live tensors 454.4 GiB exceed current free GPU memory 78.6 GiB,256,131072,16384,2048,64,576,512,10,30,,,,,,,,,,,,,,,,,,,,,,,,,,,,,20260803,2026-08-10T05:33:35.735644+00:00
prefillq16384_b256_h262144_sparse_q8kv8_steady,full,prefill,sglang_sparse_q8kv8_fp8,steady,skipped_memory_limit,skipped_memory_limit: estimated live tensors 472.4 GiB exceed current free GPU memory 78.6 GiB,256,262144,16384,2048,64,576,512,10,30,,,,,,,,,,,,,,,,,,,,,,,,,,,,,20260803,2026-08-10T05:33:35.736539+00:00
prefillq16384_b256_h524288_sparse_q8kv8_steady,full,prefill,sglang_sparse_q8kv8_fp8,steady,skipped_memory_limit,skipped_memory_limit: estimated live tensors 508.4 GiB exceed current free GPU memory 78.6 GiB,256,524288,16384,2048,64,576,512,10,30,,,,,,,,,,,,,,,,,,,,,,,,,,,,,20260803,2026-08-10T05:33:35.737395+00:00
prefillq32768_b256_h2048_sparse_q8kv8_steady,full,prefill,sglang_sparse_q8kv8_fp8,steady,skipped_memory_limit,skipped_memory_limit: estimated live tensors 872.9 GiB exceed current free GPU memory 78.6 GiB,256,2048,32768,2048,64,576,512,10,30,,,,,,,,,,,,,,,,,,,,,,,,,,,,,20260803,2026-08-10T05:33:35.738241+00:00
prefillq32768_b256_h4096_sparse_q8kv8_steady,full,prefill,sglang_sparse_q8kv8_fp8,steady,skipped_memory_limit,skipped_memory_limit: estimated live tensors 873.2 GiB exceed current free GPU memory 78.6 GiB,256,4096,32768,2048,64,576,512,10,30,,,,,,,,,,,,,,,,,,,,,,,,,,,,,20260803,2026-08-10T05:33:35.739129+00:00
prefillq32768_b256_h8192_sparse_q8kv8_steady,full,prefill,sglang_sparse_q8kv8_fp8,steady,skipped_memory_limit,skipped_memory_limit: estimated live tensors 873.8 GiB exceed current free GPU memory 78.6 GiB,256,8192,32768,2048,64,576,512,10,30,,,,,,,,,,,,,,,,,,,,,,,,,,,,,20260803,2026-08-10T05:33:35.740208+00:00
prefillq32768_b256_h16384_sparse_q8kv8_steady,full,prefill,sglang_sparse_q8kv8_fp8,steady,skipped_memory_limit,skipped_memory_limit: estimated live tensors 874.9 GiB exceed current free GPU memory 78.6 GiB,256,16384,32768,2048,64,576,512,10,30,,,,,,,,,,,,,,,,,,,,,,,,,,,,,20260803,2026-08-10T05:33:35.741078+00:00
prefillq32768_b256_h32768_sparse_q8kv8_steady,full,prefill,sglang_sparse_q8kv8_fp8,steady,skipped_memory_limit,skipped_memory_limit: estimated live tensors 877.1 GiB exceed current free GPU memory 78.6 GiB,256,32768,32768,2048,64,576,512,10,30,,,,,,,,,,,,,,,,,,,,,,,,,,,,,20260803,2026-08-10T05:33:35.741958+00:00
prefillq32768_b256_h65536_sparse_q8kv8_steady,full,prefill,sglang_sparse_q8kv8_fp8,steady,skipped_memory_limit,skipped_memory_limit: estimated live tensors 881.6 GiB exceed current free GPU memory 78.6 GiB,256,65536,32768,2048,64,576,512,10,30,,,,,,,,,,,,,,,,,,,,,,,,,,,,,20260803,2026-08-10T05:33:35.742879+00:00
prefillq32768_b256_h131072_sparse_q8kv8_steady,full,prefill,sglang_sparse_q8kv8_fp8,steady,skipped_memory_limit,skipped_memory_limit: estimated live tensors 890.6 GiB exceed current free GPU memory 78.6 GiB,256,131072,32768,2048,64,576,512,10,30,,,,,,,,,,,,,,,,,,,,,,,,,,,,,20260803,2026-08-10T05:33:35.743762+00:00
prefillq32768_b256_h262144_sparse_q8kv8_steady,full,prefill,sglang_sparse_q8kv8_fp8,steady,skipped_memory_limit,skipped_memory_limit: estimated live tensors 908.6 GiB exceed current free GPU memory 78.6 GiB,256,262144,32768,2048,64,576,512,10,30,,,,,,,,,,,,,,,,,,,,,,,,,,,,,20260803,2026-08-10T05:33:35.744631+00:00
prefillq32768_b256_h524288_sparse_q8kv8_steady,full,prefill,sglang_sparse_q8kv8_fp8,steady,skipped_memory_limit,skipped_memory_limit: estimated live tensors 944.6 GiB exceed current free GPU memory 78.6 GiB,256,524288,32768,2048,64,576,512,10,30,,,,,,,,,,,,,,,,,,,,,,,,,,,,,20260803,2026-08-10T05:33:35.745515+00:00
