case_id,status,skip_reason,stage,pattern,pass_order,cache_state,B,H,Q,topk,warmup,repeat,seed,timestamp,latency_ms_median,latency_ms_p5,latency_ms_p95,latency_ms_mean,latency_ms_std,tflops,pairs,flops,target_adjacent_overlap,achieved_adjacent_overlap,target_c4_consecutive_fraction,achieved_c4_consecutive_fraction,unique_kv,reuse_factor,selected_kv_working_set_bytes,selected_kv_working_set_vs_l2,profile_bins,extrapolated_64k_plus,setup_alloc_ms,setup_quant_ms,setup_indices_ms,peak_mem_alloc_bytes,temp_c_before,power_w_before,sm_clock_mhz_before,mem_clock_mhz_before,temp_c_after,power_w_after,sm_clock_mhz_after,mem_clock_mhz_after
b128_h131072_q1024_csa_profile_sim_ascending_steady,ok,,full,csa_profile_sim,ascending,steady,128,131072,1024,2048,10,30,20260803,2026-08-12T08:58:41.136755+00:00,87.2143325805664,81.51171112060547,88.13689422607422,85.79915135701498,2.2310811832621305,428.6382093201271,268435456,37383395344384,0.50390625,0.50390625,0.3817648634796384,0.40797920003095955,16586016,16.184444534480132,9553545216,182.2194140625,"[""64K+""]",True,1.808997243642807,123.04382026195526,128939.74785134196,24301798400,44.0,111.28,1620.0,1593.0,64.0,343.5,1545.0,1593.0
b128_h131072_q1024_csa_profile_sim_descending_steady,ok,,full,csa_profile_sim,descending,steady,128,131072,1024,2048,10,30,20260803,2026-08-12T09:32:27.509889+00:00,87.48339080810547,83.33798217773438,88.9945297241211,87.09160537719727,1.5524722838509453,427.31991751879343,268435456,37383395344384,0.50390625,0.50390625,0.3817648634796384,0.40797920003095955,16586016,16.184444534480132,9553545216,182.2194140625,"[""64K+""]",True,2.4651549756526947,126.37429311871529,8567.169215530157,24301798400,55.0,119.97,1725.0,1593.0,72.0,336.62,1635.0,1593.0
b128_h131072_q128_csa_profile_sim_ascending_steady,ok,,full,csa_profile_sim,ascending,steady,128,131072,128,2048,10,30,20260803,2026-08-12T08:26:55.668964+00:00,10.693951606750488,10.368703842163086,10.770112037658691,10.671146615346272,0.11508461659914437,436.9689138202427,33554432,4672924418048,0.50390625,0.50390625,0.3817648634796384,0.4083217314778009,8462616,3.96501885468985,4874466816,92.973076171875,"[""64K+""]",True,1.2845955789089203,84.50021594762802,16302.619576454163,11737760768,44.0,91.75,1755.0,1593.0,55.0,213.7,1680.0,1593.0
b128_h131072_q128_csa_profile_sim_descending_steady,ok,,full,csa_profile_sim,descending,steady,128,131072,128,2048,10,30,20260803,2026-08-12T09:35:24.272239+00:00,10.771871566772461,10.759552001953125,10.785632133483887,10.77498025894165,0.016423290764456505,433.80803317989546,33554432,4672924418048,0.50390625,0.50390625,0.3817648634796384,0.4083217314778009,8462616,3.96501885468985,4874466816,92.973076171875,"[""64K+""]",True,1.3910084962844849,88.8553261756897,1143.178217113018,11737760768,55.0,100.28,1755.0,1593.0,61.0,218.48,1605.0,1593.0
b128_h131072_q2_csa_profile_sim_ascending_steady,ok,,full,csa_profile_sim,ascending,steady,128,131072,2,2048,10,30,20260803,2026-08-12T08:24:07.098457+00:00,0.25299200415611267,0.2492160052061081,0.2544640004634857,0.2524181326230367,0.0016578754080189759,288.60376151234124,524288,73014444032,0.50390625,0.50390625,0.3817648634796384,0.40384203767123283,392192,1.3368146214099217,225902592,4.30875,"[""64K+""]",True,1.0761059820652008,78.92128080129623,301.83640494942665,10067657728,55.0,130.34,1755.0,1593.0,56.0,133.32,1755.0,1593.0
b128_h131072_q2_csa_profile_sim_descending_steady,ok,,full,csa_profile_sim,descending,steady,128,131072,2,2048,10,30,20260803,2026-08-12T09:35:46.077201+00:00,0.2544960081577301,0.25097599625587463,0.25676798820495605,0.2544266670942307,0.0018377800106961757,286.8981897222825,524288,73014444032,0.50390625,0.50390625,0.3817648634796384,0.40384203767123283,392192,1.3368146214099217,225902592,4.30875,"[""64K+""]",True,1.0400861501693726,84.37492698431015,35.12904793024063,10067657728,61.0,237.28,1755.0,1593.0,60.0,237.07,1755.0,1593.0
b128_h131072_q32_csa_profile_sim_ascending_steady,ok,,full,csa_profile_sim,ascending,steady,128,131072,32,2048,10,30,20260803,2026-08-12T08:24:45.830879+00:00,2.7345919609069824,2.5411200523376465,2.7741119861602783,2.6958453257878623,0.08656408214272973,427.2049070620879,8388608,1168231104512,0.50390625,0.50390625,0.3817648634796384,0.40862834056996084,3387432,2.4763915556090867,1951160832,37.215439453125,"[""64K+""]",True,1.2608692049980164,80.73129504919052,4115.544084459543,10465051648,46.0,88.78,1755.0,1593.0,50.0,122.63,1710.0,1593.0
b128_h131072_q32_csa_profile_sim_descending_steady,ok,,full,csa_profile_sim,descending,steady,128,131072,32,2048,10,30,20260803,2026-08-12T09:35:38.912267+00:00,2.819711923599243,2.6510400772094727,2.8566079139709473,2.7830325444539388,0.09096157391076742,414.3086727174606,8388608,1168231104512,0.50390625,0.50390625,0.3817648634796384,0.40862834056996084,3387432,2.4763915556090867,1951160832,37.215439453125,"[""64K+""]",True,1.1862516403198242,85.23878827691078,299.76969212293625,10465051648,57.0,160.71,1755.0,1593.0,60.0,185.78,1665.0,1593.0
b128_h131072_q4096_csa_profile_sim_ascending_steady,ok,,full,csa_profile_sim,ascending,steady,128,131072,4096,2048,10,30,20260803,2026-08-12T09:25:40.861685+00:00,353.4468688964844,347.1585388183594,358.3523864746094,353.39842224121094,3.677979396248539,423.07230459956514,1073741824,149533581377536,0.50390625,0.50390625,0.3817648634796384,0.40795611028801904,17300764,62.06326055889786,9965240064,190.0718701171875,"[""64K+""]",True,181.3342161476612,234.29198563098907,35321.82368636131,68216161280,55.0,186.84,1725.0,1593.0,82.0,331.32,1710.0,1593.0
b128_h131072_q4096_csa_profile_sim_descending_steady,ok,,full,csa_profile_sim,descending,steady,128,131072,4096,2048,10,30,20260803,2026-08-12T09:26:31.167697+00:00,354.0871887207031,346.75738525390625,357.6075439453125,353.6119140625,3.358909947845098,422.3072343221237,1073741824,149533581377536,0.50390625,0.50390625,0.3817648634796384,0.40795611028801904,17300764,62.06326055889786,9965240064,190.0718701171875,"[""64K+""]",True,183.3459474146366,234.32067409157753,36041.348192840815,68216161280,56.0,189.9,1590.0,1593.0,84.0,342.23,1500.0,1593.0
b128_h131072_q512_csa_profile_sim_ascending_steady,ok,,full,csa_profile_sim,ascending,steady,128,131072,512,2048,10,30,20260803,2026-08-12T08:38:26.693765+00:00,41.621246337890625,39.9615364074707,45.294654846191406,42.334160868326826,1.889297513396093,449.09029202173815,134217728,18691697672192,0.50390625,0.50390625,0.3817648634796384,0.4083251953125,14839776,9.044457813918486,8547710976,163.0346484375,"[""64K+""]",True,1.5431642532348633,100.66289454698563,64429.04905229807,16982737920,46.0,101.34,1725.0,1593.0,64.0,332.17,1665.0,1593.0
b128_h131072_q512_csa_profile_sim_descending_steady,ok,,full,csa_profile_sim,descending,steady,128,131072,512,2048,10,30,20260803,2026-08-12T09:34:20.633613+00:00,42.93747329711914,42.067935943603516,44.256736755371094,43.03167279561361,0.9265027904112773,435.3236517400316,134217728,18691697672192,0.50390625,0.50390625,0.3817648634796384,0.4083251953125,14839776,9.044457813918486,8547710976,163.0346484375,"[""64K+""]",True,1.6005262732505798,105.0267294049263,4409.820564091206,16982737920,56.0,107.58,1710.0,1593.0,67.0,337.96,1605.0,1593.0
b128_h131072_q8_csa_profile_sim_ascending_steady,ok,,full,csa_profile_sim,ascending,steady,128,131072,8,2048,10,30,20260803,2026-08-12T08:24:16.455293+00:00,0.7036479711532593,0.7008960247039795,0.7118399739265442,0.7043562670548756,0.003270076069655448,415.0623438156519,2097152,292057776128,0.50390625,0.50390625,0.3817648634796384,0.4072494954745597,1111764,1.886328393436017,640376064,12.2142041015625,"[""64K+""]",True,1.1484324932098389,79.14720103144646,1056.2681406736374,10147136512,49.0,91.82,1755.0,1593.0,50.0,101.11,1755.0,1593.0
b128_h131072_q8_csa_profile_sim_descending_steady,ok,,full,csa_profile_sim,descending,steady,128,131072,8,2048,10,30,20260803,2026-08-12T09:35:43.617987+00:00,0.7067199945449829,0.7019839882850647,0.7173119783401489,0.7082357386747996,0.004406572375057161,413.25811973954336,2097152,292057776128,0.50390625,0.50390625,0.3817648634796384,0.4072494954745597,1111764,1.886328393436017,640376064,12.2142041015625,"[""64K+""]",True,1.0197721421718597,84.74365249276161,74.85948130488396,10147136512,60.0,227.6,1740.0,1593.0,61.0,216.23,1710.0,1593.0
b128_h16384_q1024_csa_profile_sim_ascending_steady,ok,,full,csa_profile_sim,ascending,steady,128,16384,1024,2048,10,30,20260803,2026-08-12T08:52:06.800136+00:00,77.9471664428711,73.09798431396484,79.61788940429688,77.3583770751953,2.124581804337606,479.5991573572206,268435456,37383395344384,0.6015625,0.6015625,0.4795130637871586,0.5724247673019738,2227760,120.49567996552591,1283189760,24.47490234375,"[""16K-32K""]",False,1.5504993498325348,53.31812426447868,135907.2933346033,15846081536,46.0,108.13,1665.0,1593.0,67.0,343.06,1545.0,1593.0
b128_h16384_q1024_csa_profile_sim_descending_steady,ok,,full,csa_profile_sim,descending,steady,128,16384,1024,2048,10,30,20260803,2026-08-12T09:33:03.639679+00:00,79.00032043457031,74.48636627197266,83.58704376220703,79.21113917032878,2.5501948693606193,473.2056166195642,268435456,37383395344384,0.6015625,0.6015625,0.4795130637871586,0.5724247673019738,2227760,120.49567996552591,1283189760,24.47490234375,"[""16K-32K""]",False,1.463763415813446,54.17833849787712,8964.211098849773,15846081536,55.0,119.01,1695.0,1593.0,75.0,342.22,1530.0,1593.0
b128_h16384_q128_csa_profile_sim_ascending_steady,ok,,full,csa_profile_sim,ascending,steady,128,16384,128,2048,10,30,20260803,2026-08-12T08:26:04.296033+00:00,9.775391578674316,9.771488189697266,9.784671783447266,9.77575470606486,0.008424875622915062,478.02938434121694,33554432,4672924418048,0.6015625,0.6015625,0.4795130637871586,0.5750006211013944,2094068,16.02356370471255,1206183168,23.0061181640625,"[""16K-32K""]",False,1.077841967344284,15.398122370243073,17163.31648826599,3282043904,44.0,91.4,1755.0,1593.0,55.0,200.38,1710.0,1593.0
b128_h16384_q128_csa_profile_sim_descending_steady,ok,,full,csa_profile_sim,descending,steady,128,16384,128,2048,10,30,20260803,2026-08-12T09:35:29.521476+00:00,9.945280075073242,9.940608024597168,9.971487998962402,9.95151891708374,0.01469948217008791,469.8635315218698,33554432,4672924418048,0.6015625,0.6015625,0.4795130637871586,0.5750006211013944,2094068,16.02356370471255,1206183168,23.0061181640625,"[""16K-32K""]",False,1.041896641254425,16.03829488158226,1202.5239430367947,3282043904,55.0,100.76,1755.0,1593.0,64.0,207.84,1695.0,1593.0
b128_h16384_q2_csa_profile_sim_ascending_steady,ok,,full,csa_profile_sim,ascending,steady,128,16384,2,2048,10,30,20260803,2026-08-12T08:24:05.642628+00:00,0.2513599991798401,0.24819199740886688,0.25436800718307495,0.25125546505053836,0.0019625130928821624,290.47757905091527,524288,73014444032,0.6015625,0.6015625,0.4795130637871586,0.5674535225048924,366592,1.4301675977653632,211156992,4.0275,"[""16K-32K""]",False,0.7428973913192749,10.294914245605469,364.89758640527725,1611940864,56.0,107.55,1755.0,1593.0,56.0,106.69,1755.0,1593.0
b128_h16384_q2_csa_profile_sim_descending_steady,ok,,full,csa_profile_sim,descending,steady,128,16384,2,2048,10,30,20260803,2026-08-12T09:35:46.731384+00:00,0.2515519857406616,0.2487040013074875,0.2553919851779938,0.2518346647421519,0.0018867713059397358,290.2558841545958,524288,73014444032,0.6015625,0.6015625,0.4795130637871586,0.5674535225048924,366592,1.4301675977653632,211156992,4.0275,"[""16K-32K""]",False,0.6637312471866608,10.846778750419617,31.868871301412582,1611940864,58.0,177.51,1755.0,1593.0,58.0,166.77,1755.0,1593.0
b128_h16384_q32_csa_profile_sim_ascending_steady,ok,,full,csa_profile_sim,ascending,steady,128,16384,32,2048,10,30,20260803,2026-08-12T08:24:32.205027+00:00,2.4873600006103516,2.361759901046753,2.6078081130981445,2.512827730178833,0.08466113458076945,469.6670784387213,8388608,1168231104512,0.6015625,0.6015625,0.4795130637871586,0.5746592542196673,1639060,5.11793833050651,944098560,18.0072509765625,"[""16K-32K""]",False,0.9021461009979248,11.273827403783798,4438.143905252218,2009334784,46.0,89.42,1755.0,1593.0,51.0,119.74,1695.0,1593.0
b128_h16384_q32_csa_profile_sim_descending_steady,ok,,full,csa_profile_sim,descending,steady,128,16384,32,2048,10,30,20260803,2026-08-12T09:35:40.641869+00:00,2.585536003112793,2.3617920875549316,2.6384639739990234,2.5490943988164267,0.10369578567754224,451.8332381005473,8388608,1168231104512,0.6015625,0.6015625,0.4795130637871586,0.5746592542196673,1639060,5.11793833050651,944098560,18.0072509765625,"[""16K-32K""]",False,0.8871778845787048,11.940613389015198,327.3627646267414,2009334784,56.0,158.66,1755.0,1593.0,61.0,165.05,1620.0,1593.0
b128_h16384_q4096_csa_profile_sim_ascending_steady,ok,,full,csa_profile_sim,ascending,steady,128,16384,4096,2048,10,30,20260803,2026-08-12T09:23:16.057878+00:00,322.7170104980469,312.100341796875,329.6763000488281,321.4826212565104,5.264452585038196,463.3582256688666,1073741824,149533581377536,0.6015625,0.6015625,0.4795130637871586,0.5661830267560926,2620976,409.6725128349134,1509682176,28.79490234375,"[""16K-32K""]",False,138.45355808734894,166.84601083397865,36164.45654630661,59760444416,57.0,178.86,1650.0,1593.0,81.0,327.62,1590.0,1593.0
b128_h16384_q4096_csa_profile_sim_descending_steady,ok,,full,csa_profile_sim,descending,steady,128,16384,4096,2048,10,30,20260803,2026-08-12T09:28:58.313853+00:00,322.489013671875,315.7288513183594,332.5684509277344,323.0810953776042,5.4020609317504285,463.68581575830956,1073741824,149533581377536,0.6015625,0.6015625,0.4795130637871586,0.5661830267560926,2620976,409.6725128349134,1509682176,28.79490234375,"[""16K-32K""]",False,140.3217688202858,166.88179224729538,35652.35132351518,59760444416,58.0,181.67,1695.0,1593.0,81.0,318.45,1500.0,1593.0
b128_h16384_q512_csa_profile_sim_ascending_steady,ok,,full,csa_profile_sim,ascending,steady,128,16384,512,2048,10,30,20260803,2026-08-12T08:35:07.155711+00:00,38.76959991455078,37.73507308959961,40.890174865722656,38.98021926879883,0.8574502789734185,482.1225319164756,134217728,18691697672192,0.6015625,0.6015625,0.4795130637871586,0.5732717793981623,2162232,62.0736942196767,1245445632,23.754990234375,"[""16K-32K""]",False,1.2097619473934174,31.69785439968109,68273.26640859246,8527021056,50.0,99.8,1740.0,1593.0,65.0,338.89,1620.0,1593.0
b128_h16384_q512_csa_profile_sim_descending_steady,ok,,full,csa_profile_sim,descending,steady,128,16384,512,2048,10,30,20260803,2026-08-12T09:34:39.208009+00:00,39.2380485534668,38.56208038330078,40.87833786010742,39.316642888387044,0.7037001801159947,476.36664822212555,134217728,18691697672192,0.6015625,0.6015625,0.4795130637871586,0.5732717793981623,2162232,62.0736942196767,1245445632,23.754990234375,"[""16K-32K""]",False,1.2534856796264648,32.306257635354996,4629.778772592545,8527021056,54.0,105.72,1740.0,1593.0,67.0,329.5,1710.0,1593.0
b128_h16384_q8_csa_profile_sim_ascending_steady,ok,,full,csa_profile_sim,ascending,steady,128,16384,8,2048,10,30,20260803,2026-08-12T08:24:12.680693+00:00,0.6543999910354614,0.652895987033844,0.6604480147361755,0.6556117296218872,0.0029850686118989013,446.2985637665964,2097152,292057776128,0.6015625,0.6015625,0.4795130637871586,0.5714113716976517,827496,2.534334909171766,476637696,9.091142578125,"[""16K-32K""]",False,0.7483996450901031,10.301373898983002,1164.7200882434845,1691419648,50.0,92.62,1755.0,1593.0,53.0,100.48,1695.0,1593.0
b128_h16384_q8_csa_profile_sim_descending_steady,ok,,full,csa_profile_sim,descending,steady,128,16384,8,2048,10,30,20260803,2026-08-12T09:35:44.437313+00:00,0.6576640009880066,0.6548479795455933,0.6614720225334167,0.6578613340854644,0.002050185393345318,444.08356803663037,2097152,292057776128,0.6015625,0.6015625,0.4795130637871586,0.5714113716976517,827496,2.534334909171766,476637696,9.091142578125,"[""16K-32K""]",False,0.7598698139190674,10.973088443279266,80.60778677463531,1691419648,58.0,166.96,1740.0,1593.0,60.0,172.17,1740.0,1593.0
b128_h2048_q1024_csa_profile_sim_ascending_steady,ok,,full,csa_profile_sim,ascending,steady,128,2048,1024,2048,10,30,20260803,2026-08-12T08:41:47.626890+00:00,77.87715148925781,73.02249908447266,78.4820785522461,76.94720560709635,1.8040594192924633,480.0303379039304,268435456,37383395344384,0.8476906158357771,0.8476906158357771,0.722527752539372,0.9692006120476471,392988,683.0627296507781,226361088,4.3174951171875,"[""2K-8K""]",False,2.5126561522483826,47.34790697693825,436250.0291466713,14789116928,45.0,109.1,1725.0,1593.0,67.0,342.95,1545.0,1593.0
b128_h2048_q1024_csa_profile_sim_descending_steady,ok,,full,csa_profile_sim,descending,steady,128,2048,1024,2048,10,30,20260803,2026-08-12T09:33:34.793947+00:00,78.78864288330078,73.64134216308594,80.7804183959961,78.08533401489258,2.1560063412835273,474.4769547529216,268435456,37383395344384,0.8476906158357771,0.8476906158357771,0.722527752539372,0.9692006120476471,392988,683.0627296507781,226361088,4.3174951171875,"[""2K-8K""]",False,1.437164843082428,45.14408856630325,29123.452585190535,14789116928,50.0,113.82,1560.0,1593.0,69.0,336.58,1650.0,1593.0
b128_h2048_q128_csa_profile_sim_ascending_steady,ok,,full,csa_profile_sim,ascending,steady,128,2048,128,2048,10,30,20260803,2026-08-12T08:24:59.492279+00:00,9.097951889038086,9.005663871765137,9.269023895263672,9.112573846181233,0.09547085612733806,513.6237776414602,33554432,4672924418048,0.968996062992126,0.968996062992126,0.722527752539372,0.9973115865031801,278528,120.47058823529412,160432128,3.06,"[""2K-8K""]",False,0.9334273636341095,7.289726287126541,40721.01478651166,2225079296,45.0,90.67,1755.0,1593.0,54.0,199.9,1680.0,1593.0
b128_h2048_q128_csa_profile_sim_descending_steady,ok,,full,csa_profile_sim,descending,steady,128,2048,128,2048,10,30,20260803,2026-08-12T09:35:34.001897+00:00,9.106047630310059,9.081855773925781,9.961055755615234,9.278168455759685,0.30710619262290495,513.1671398789827,33554432,4672924418048,0.968996062992126,0.968996062992126,0.722527752539372,0.9973115865031801,278528,120.47058823529412,160432128,3.06,"[""2K-8K""]",False,0.9624101221561432,6.829787045717239,2752.0895674824715,2225079296,54.0,98.83,1755.0,1593.0,63.0,208.15,1665.0,1593.0
b128_h2048_q2_csa_profile_sim_ascending_steady,ok,,full,csa_profile_sim,ascending,steady,128,2048,2,2048,10,30,20260803,2026-08-12T08:24:03.080358+00:00,0.2269439995288849,0.22393600642681122,0.22976000607013702,0.22682666778564453,0.0017968188556933779,321.7289030931479,524288,73014444032,1.0,1.0,0.722527752539372,1.0,262144,2.0,150994944,2.88,"[""2K-8K""]",False,0.8858740329742432,2.0924657583236694,1521.4250460267067,554976256,59.0,101.6,1755.0,1593.0,59.0,102.84,1755.0,1593.0
b128_h2048_q2_csa_profile_sim_descending_steady,ok,,full,csa_profile_sim,descending,steady,128,2048,2,2048,10,30,20260803,2026-08-12T09:35:47.196934+00:00,0.22543999552726746,0.22412799298763275,0.22732800245285034,0.22562773327032726,0.0012333294200603964,323.8752904569178,524288,73014444032,1.0,1.0,0.722527752539372,1.0,262144,2.0,150994944,2.88,"[""2K-8K""]",False,0.6453059613704681,1.7812438309192657,133.74605774879456,554976256,57.0,123.51,1755.0,1593.0,57.0,123.41,1755.0,1593.0
b128_h2048_q32_csa_profile_sim_ascending_steady,ok,,full,csa_profile_sim,ascending,steady,128,2048,32,2048,30,100,20260803,2026-08-12T09:55:53.302346+00:00,2.5417280197143555,2.538144111633301,2.560192108154297,2.5463327980041504,0.008375045126367938,459.62081522919516,8388608,1168231104512,0.9924395161290321,0.9924395161290321,0.722527752539372,0.9981739619006849,266240,31.50769230769231,153354240,2.925,"[""2K-8K""]",False,0.7775463163852692,3.003239631652832,321.41872122883797,952370176,75.0,261.42,1755.0,1593.0,80.0,258.16,1575.0,1593.0
b128_h2048_q32_csa_profile_sim_descending_steady,ok,,full,csa_profile_sim,descending,steady,128,2048,32,2048,30,100,20260803,2026-08-12T09:55:57.783507+00:00,2.542880058288574,2.5394880771636963,2.585088014602661,2.549337601661682,0.015537925468474162,459.41258641127206,8388608,1168231104512,0.9924395161290321,0.9924395161290321,0.722527752539372,0.9981739619006849,266240,31.50769230769231,153354240,2.925,"[""2K-8K""]",False,0.8623301982879639,3.058984875679016,344.6296639740467,952370176,73.0,212.27,1755.0,1593.0,78.0,248.93,1725.0,1593.0
b128_h2048_q4096_csa_profile_sim_ascending_steady,ok,,full,csa_profile_sim,ascending,steady,128,2048,4096,2048,10,30,20260803,2026-08-12T09:05:21.020543+00:00,319.87860107421875,310.97412109375,325.026123046875,319.87086283365886,4.0138523348862805,467.469786585821,1073741824,149533581377536,0.8212912087912088,0.8212912087912088,0.722527752539372,0.8931780365348562,785772,1366.480129095972,452604672,8.6327490234375,"[""2K-8K""]",False,122.62977287173271,159.4524346292019,652902.9951170087,58703479808,51.0,173.27,1650.0,1593.0,82.0,341.59,1515.0,1593.0
b128_h2048_q4096_csa_profile_sim_descending_steady,ok,,full,csa_profile_sim,descending,steady,128,2048,4096,2048,10,30,20260803,2026-08-12T09:31:04.850183+00:00,321.20599365234375,311.8367919921875,323.63360595703125,319.9959187825521,4.0302695905721855,465.53795487198533,1073741824,149533581377536,0.8212912087912088,0.8212912087912088,0.722527752539372,0.8931780365348562,785772,1366.480129095972,452604672,8.6327490234375,"[""2K-8K""]",False,135.22137701511383,158.89886766672134,43776.42164379358,58703479808,53.0,177.13,1710.0,1593.0,84.0,338.81,1635.0,1593.0
b128_h2048_q512_csa_profile_sim_ascending_steady,ok,,full,csa_profile_sim,ascending,steady,128,2048,512,2048,10,30,20260803,2026-08-12T08:27:46.565456+00:00,38.79267120361328,36.09628677368164,39.27164840698242,37.953741963704424,1.4079251468704241,481.8357976454839,134217728,18691697672192,0.882950097847358,0.882950097847358,0.722527752539372,0.9927017600102435,327568,409.7400478679236,188679168,3.59876953125,"[""2K-8K""]",False,1.1633336544036865,24.43510666489601,347260.648522526,7470056448,49.0,99.72,1740.0,1593.0,62.0,342.33,1605.0,1593.0
b128_h2048_q512_csa_profile_sim_descending_steady,ok,,full,csa_profile_sim,descending,steady,128,2048,512,2048,10,30,20260803,2026-08-12T09:34:54.923981+00:00,38.69792175292969,36.093631744384766,39.94454574584961,38.20563735961914,1.5160055847732101,483.01554257954217,134217728,18691697672192,0.882950097847358,0.882950097847358,0.722527752539372,0.9927017600102435,327568,409.7400478679236,188679168,3.59876953125,"[""2K-8K""]",False,1.2081749737262726,23.369241505861282,23666.134644299746,7470056448,48.0,101.5,1755.0,1593.0,62.0,329.63,1710.0,1593.0
b128_h2048_q8_csa_profile_sim_ascending_steady,ok,,full,csa_profile_sim,ascending,steady,128,2048,8,2048,10,30,20260803,2026-08-12T08:24:08.963622+00:00,0.5922560095787048,0.5879359841346741,0.5965120196342468,0.5923658708731333,0.0025580203264711685,493.1275857137394,2097152,292057776128,0.9983258928571427,0.9983258928571427,0.722527752539372,0.9993139218444227,263168,7.968871595330739,151584768,2.89125,"[""2K-8K""]",False,0.6795413792133331,2.0860061049461365,1617.5997331738472,634455040,52.0,96.72,1755.0,1593.0,52.0,105.75,1755.0,1593.0
b128_h2048_q8_csa_profile_sim_descending_steady,ok,,full,csa_profile_sim,descending,steady,128,2048,8,2048,10,30,20260803,2026-08-12T09:35:45.050846+00:00,0.5985919833183289,0.5959360003471375,0.6037439703941345,0.599339735507965,0.002589065886922927,487.9079310567459,2097152,292057776128,0.9983258928571427,0.9983258928571427,0.722527752539372,0.9993139218444227,263168,7.968871595330739,151584768,2.89125,"[""2K-8K""]",False,2.0246170461177826,4.978366196155548,112.2928187251091,634455040,57.0,142.65,1755.0,1593.0,57.0,148.41,1755.0,1593.0
b128_h262144_q1024_csa_profile_sim_ascending_steady,ok,,full,csa_profile_sim,ascending,steady,128,262144,1024,2048,10,30,20260803,2026-08-12T09:00:53.763284+00:00,87.54659271240234,82.51805114746094,88.44412994384766,86.50879262288412,1.8526287690561412,427.0114254153955,268435456,37383395344384,0.50390625,0.50390625,0.3817648634796384,0.4072497492900333,27583684,9.73167529036368,15888201984,303.0434033203125,"[""64K+""]",True,2.086397260427475,201.16592571139336,129362.5874966383,33965474816,45.0,112.39,1620.0,1593.0,66.0,333.82,1710.0,1593.0
b128_h262144_q1024_csa_profile_sim_descending_steady,ok,,full,csa_profile_sim,descending,steady,128,262144,1024,2048,10,30,20260803,2026-08-12T09:32:14.923845+00:00,88.52281951904297,83.73222351074219,89.64383697509766,87.94572601318359,1.6149176350696666,422.3023571491881,268435456,37383395344384,0.50390625,0.50390625,0.3817648634796384,0.4072497492900333,27583684,9.73167529036368,15888201984,303.0434033203125,"[""64K+""]",True,2.0729824900627136,209.82170850038528,8680.919781327248,33965474816,59.0,121.45,1680.0,1593.0,73.0,341.81,1530.0,1593.0
b128_h262144_q128_csa_profile_sim_ascending_steady,ok,,full,csa_profile_sim,ascending,steady,128,262144,128,2048,10,30,20260803,2026-08-12T08:27:12.620730+00:00,10.356160163879395,10.336735725402832,10.634143829345703,10.413039875030517,0.1235458953382358,451.2217215746046,33554432,4672924418048,0.50390625,0.50390625,0.3817648634796384,0.4072282346960616,9073208,3.6981883364737147,5226167808,99.681240234375,"[""64K+""]",True,1.614004373550415,163.44134509563446,16153.874523937702,21401437184,45.0,91.65,1755.0,1593.0,53.0,216.98,1665.0,1593.0
b128_h262144_q128_csa_profile_sim_descending_steady,ok,,full,csa_profile_sim,descending,steady,128,262144,128,2048,10,30,20260803,2026-08-12T09:35:22.376733+00:00,10.36956787109375,10.324671745300293,10.607135772705078,10.410950406392415,0.08883645509370322,450.63829815649916,33554432,4672924418048,0.50390625,0.50390625,0.3817648634796384,0.4072282346960616,9073208,3.6981883364737147,5226167808,99.681240234375,"[""64K+""]",True,1.6083680093288422,173.563152551651,1118.9635284245014,21401437184,55.0,99.2,1755.0,1593.0,63.0,222.64,1665.0,1593.0
b128_h262144_q2_csa_profile_sim_ascending_steady,ok,,full,csa_profile_sim,ascending,steady,128,262144,2,2048,10,30,20260803,2026-08-12T08:24:07.596483+00:00,0.2519040107727051,0.24857600033283234,0.25644800066947937,0.2520629331469536,0.0026281264387749384,289.8502640272826,524288,73014444032,0.50390625,0.50390625,0.3817648634796384,0.40342159980430525,392192,1.3368146214099217,225902592,4.30875,"[""64K+""]",True,1.431431621313095,157.46130421757698,301.6321659088135,19731334144,55.0,155.91,1755.0,1593.0,55.0,143.07,1755.0,1593.0
b128_h262144_q2_csa_profile_sim_descending_steady,ok,,full,csa_profile_sim,descending,steady,128,262144,2,2048,10,30,20260803,2026-08-12T09:35:45.758907+00:00,0.25305598974227905,0.25043201446533203,0.2573759853839874,0.2532853345076243,0.0019465167363916065,288.53078761882074,524288,73014444032,0.50390625,0.50390625,0.3817648634796384,0.40342159980430525,392192,1.3368146214099217,225902592,4.30875,"[""64K+""]",True,1.3319849967956543,168.5086190700531,36.086976528167725,19731334144,61.0,230.66,1755.0,1593.0,61.0,223.52,1755.0,1593.0
b128_h262144_q32_csa_profile_sim_ascending_steady,ok,,full,csa_profile_sim,ascending,steady,128,262144,32,2048,10,30,20260803,2026-08-12T08:24:50.329301+00:00,2.7289280891418457,2.548736095428467,2.7767040729522705,2.7071861267089843,0.08655175017805504,428.0915679531038,8388608,1168231104512,0.50390625,0.50390625,0.3817648634796384,0.4068515128118884,3431892,2.4443100190798543,1976769792,37.7038916015625,"[""64K+""]",True,1.549307256937027,160.19536182284355,4079.242579638958,20128728064,45.0,88.81,1755.0,1593.0,50.0,122.0,1590.0,1593.0
b128_h262144_q32_csa_profile_sim_descending_steady,ok,,full,csa_profile_sim,descending,steady,128,262144,32,2048,10,30,20260803,2026-08-12T09:35:38.174328+00:00,2.838815927505493,2.559936046600342,2.8631041049957275,2.778593063354492,0.09105491555313007,411.5205544653051,8388608,1168231104512,0.50390625,0.50390625,0.3817648634796384,0.4068515128118884,3431892,2.4443100190798543,1976769792,37.7038916015625,"[""64K+""]",True,1.5038512647151947,169.8220744729042,304.23588305711746,20128728064,57.0,169.58,1755.0,1593.0,59.0,204.72,1665.0,1593.0
b128_h262144_q512_csa_profile_sim_ascending_steady,ok,,full,csa_profile_sim,ascending,steady,128,262144,512,2048,10,30,20260803,2026-08-12T08:39:33.103922+00:00,42.222816467285156,40.26188659667969,44.67824172973633,42.527577845255536,1.745553433818549,442.69187221734944,134217728,18691697672192,0.50390625,0.50390625,0.3817648634796384,0.40725009268743884,20248964,6.628375061558705,11663403264,222.4617626953125,"[""64K+""]",True,2.3492611944675446,179.95671927928925,65618.26053261757,26646414336,45.0,101.89,1740.0,1593.0,63.0,338.28,1575.0,1593.0
b128_h262144_q512_csa_profile_sim_descending_steady,ok,,full,csa_profile_sim,descending,steady,128,262144,512,2048,10,30,20260803,2026-08-12T09:34:14.086593+00:00,43.36259078979492,40.49318313598633,45.61648178100586,43.21924565633138,1.4249366180355691,431.055832498619,134217728,18691697672192,0.50390625,0.50390625,0.3817648634796384,0.40725009268743884,20248964,6.628375061558705,11663403264,222.4617626953125,"[""64K+""]",True,2.2057518362998962,187.47619166970253,4477.296698838472,26646414336,56.0,108.28,1650.0,1593.0,68.0,339.57,1530.0,1593.0
b128_h262144_q8_csa_profile_sim_ascending_steady,ok,,full,csa_profile_sim,ascending,steady,128,262144,8,2048,10,30,20260803,2026-08-12T08:24:17.768961+00:00,0.7001280188560486,0.6936960220336914,0.7071040272712708,0.7007423996925354,0.0038390986637643087,417.14910453833613,2097152,292057776128,0.50390625,0.50390625,0.3817648634796384,0.4070469208659491,1114628,1.8814815346465368,642025728,12.2456689453125,"[""64K+""]",True,1.5432052314281464,157.71348401904106,1052.61542648077,19810812928,49.0,92.31,1755.0,1593.0,49.0,103.07,1695.0,1593.0
b128_h262144_q8_csa_profile_sim_descending_steady,ok,,full,csa_profile_sim,descending,steady,128,262144,8,2048,10,30,20260803,2026-08-12T09:35:43.238737+00:00,0.7031360268592834,0.6993920207023621,0.707040011882782,0.7031029343605042,0.0030186680565521683,415.3645453676187,2097152,292057776128,0.50390625,0.50390625,0.3817648634796384,0.4070469208659491,1114628,1.8814815346465368,642025728,12.2456689453125,"[""64K+""]",True,1.4351792633533478,169.1807433962822,73.69692996144295,19810812928,60.0,245.99,1755.0,1593.0,61.0,254.8,1710.0,1593.0
b128_h32768_q1024_csa_profile_sim_ascending_steady,ok,,full,csa_profile_sim,ascending,steady,128,32768,1024,2048,10,30,20260803,2026-08-12T08:54:25.994914+00:00,79.08854675292969,74.63632202148438,83.00064086914062,78.90258611043295,2.1428847529881336,472.6777375385166,268435456,37383395344384,0.5703125,0.5703125,0.4323844906113132,0.5017310513908849,4324708,62.07019202221283,2491031808,47.5126611328125,"[""32K-64K""]",False,1.5955306589603424,63.21382895112038,119009.79768112302,17054041088,46.0,109.3,1710.0,1593.0,65.0,342.09,1650.0,1593.0
b128_h32768_q1024_csa_profile_sim_descending_steady,ok,,full,csa_profile_sim,descending,steady,128,32768,1024,2048,10,30,20260803,2026-08-12T09:32:52.239377+00:00,81.20384216308594,75.38134765625,83.1827163696289,80.80371576944987,2.5428794860367794,460.3648589595671,268435456,37383395344384,0.5703125,0.5703125,0.4323844906113132,0.5017310513908849,4324708,62.07019202221283,2491031808,47.5126611328125,"[""32K-64K""]",False,1.4122799038887024,64.55501914024353,7997.286401689053,17054041088,58.0,117.2,1545.0,1593.0,75.0,341.93,1530.0,1593.0
b128_h32768_q128_csa_profile_sim_ascending_steady,ok,,full,csa_profile_sim,ascending,steady,128,32768,128,2048,10,30,20260803,2026-08-12T08:26:22.054710+00:00,10.118304252624512,9.86348819732666,10.172703742980957,10.093814341227214,0.08790018116179803,461.8288105772195,33554432,4672924418048,0.5703125,0.5703125,0.4323844906113132,0.4973271140380382,3978076,8.434839354502026,2291371776,43.7044482421875,"[""32K-64K""]",False,1.2197159230709076,25.260664522647858,15921.649936586618,4490003456,45.0,90.9,1755.0,1593.0,53.0,204.26,1725.0,1593.0
b128_h32768_q128_csa_profile_sim_descending_steady,ok,,full,csa_profile_sim,descending,steady,128,32768,128,2048,10,30,20260803,2026-08-12T09:35:27.839807+00:00,10.206527709960938,9.530240058898926,10.283967971801758,10.124664465586344,0.22184720438949737,457.83684234624826,33554432,4672924418048,0.5703125,0.5703125,0.4323844906113132,0.4973271140380382,3978076,8.434839354502026,2291371776,43.7044482421875,"[""32K-64K""]",False,1.1042729020118713,26.168212294578552,1113.179162144661,4490003456,54.0,101.09,1755.0,1593.0,62.0,213.46,1590.0,1593.0
b128_h32768_q2_csa_profile_sim_ascending_steady,ok,,full,csa_profile_sim,ascending,steady,128,32768,2,2048,10,30,20260803,2026-08-12T08:24:06.195005+00:00,0.2507520020008087,0.24697600305080414,0.2537600100040436,0.2507210676868757,0.0017043830245691946,291.1818986464742,524288,73014444032,0.5703125,0.5703125,0.432384490611313,0.4885258683953033,374784,1.3989071038251366,215875584,4.1175,"[""32K-64K""]",False,0.7970966398715973,20.112045109272003,317.3517733812332,2819900416,55.0,109.58,1755.0,1593.0,55.0,110.33,1755.0,1593.0
b128_h32768_q2_csa_profile_sim_descending_steady,ok,,full,csa_profile_sim,descending,steady,128,32768,2,2048,10,30,20260803,2026-08-12T09:35:46.560170+00:00,0.2513920068740845,0.2489279955625534,0.25468799471855164,0.25166613459587095,0.002002760293773215,290.4405949094912,524288,73014444032,0.5703125,0.5703125,0.432384490611313,0.4885258683953033,374784,1.3989071038251366,215875584,4.1175,"[""32K-64K""]",False,0.7510557770729065,21.31633460521698,30.784007161855698,2819900416,59.0,182.63,1755.0,1593.0,59.0,184.57,1755.0,1593.0
b128_h32768_q32_csa_profile_sim_ascending_steady,ok,,full,csa_profile_sim,ascending,steady,128,32768,32,2048,30,100,20260803,2026-08-12T09:55:54.046490+00:00,2.775167942047119,2.738719940185547,2.830847978591919,2.770756480693817,0.025935944681522258,420.9587055298165,8388608,1168231104512,0.5703125,0.5703125,0.432384490611313,0.4916504861790607,2361668,3.551984444892339,1360320768,25.9460595703125,"[""32K-64K""]",False,0.8994191884994507,20.83306387066841,270.4733610153198,3217294336,74.0,210.03,1740.0,1593.0,80.0,279.6,1635.0,1593.0
b128_h32768_q32_csa_profile_sim_descending_steady,ok,,full,csa_profile_sim,descending,steady,128,32768,32,2048,30,100,20260803,2026-08-12T09:55:56.995566+00:00,2.798207998275757,2.753376007080078,2.8544321060180664,2.799241282939911,0.028462782454703472,417.49258998325314,8388608,1168231104512,0.5703125,0.5703125,0.432384490611313,0.4916504861790607,2361668,3.551984444892339,1360320768,25.9460595703125,"[""32K-64K""]",False,0.9218379855155945,24.111218750476837,306.14838376641273,3217294336,74.0,225.76,1755.0,1593.0,79.0,260.59,1425.0,1593.0
b128_h32768_q4096_csa_profile_sim_ascending_steady,ok,,full,csa_profile_sim,ascending,steady,128,32768,4096,2048,10,30,20260803,2026-08-12T09:24:05.711934+00:00,329.2587890625,319.6184387207031,343.6441955566406,328.7590565999349,6.371235592076518,454.1521330480004,1073741824,149533581377536,0.5703125,0.5703125,0.4323844906113132,0.49043055196564256,4717936,227.58719575678856,2717531136,51.83279296875,"[""32K-64K""]",False,172.02817648649216,176.48081853985786,31758.92663002014,60968403968,58.0,181.21,1665.0,1593.0,84.0,323.51,1380.0,1593.0
b128_h32768_q4096_csa_profile_sim_descending_steady,ok,,full,csa_profile_sim,descending,steady,128,32768,4096,2048,10,30,20260803,2026-08-12T09:28:12.635104+00:00,329.2839050292969,319.9624328613281,342.4997253417969,329.11680603027344,6.250770173098312,454.1174928189453,1073741824,149533581377536,0.5703125,0.5703125,0.4323844906113132,0.49043055196564256,4717936,227.58719575678856,2717531136,51.83279296875,"[""32K-64K""]",False,171.38080671429634,176.37811973690987,31846.027307212353,60968403968,58.0,182.7,1635.0,1593.0,81.0,319.89,1620.0,1593.0
b128_h32768_q512_csa_profile_sim_ascending_steady,ok,,full,csa_profile_sim,ascending,steady,128,32768,512,2048,10,30,20260803,2026-08-12T08:36:17.166733+00:00,39.475711822509766,38.724639892578125,41.57817459106445,39.77476145426432,0.7411948334306954,473.49868588141976,134217728,18691697672192,0.5703125,0.5703125,0.4323844906113132,0.5033878990815344,4259108,31.51310743939811,2453246208,46.7919580078125,"[""32K-64K""]",False,1.5278905630111694,41.88104718923569,60783.035445958376,9734980608,45.0,101.25,1665.0,1593.0,62.0,338.72,1650.0,1593.0
b128_h32768_q512_csa_profile_sim_descending_steady,ok,,full,csa_profile_sim,descending,steady,128,32768,512,2048,10,30,20260803,2026-08-12T09:34:33.331047+00:00,40.04060745239258,38.96895980834961,41.82944107055664,40.165078481038414,0.8176601095153879,466.8185340198953,134217728,18691697672192,0.5703125,0.5703125,0.4323844906113132,0.5033878990815344,4259108,31.51310743939811,2453246208,46.7919580078125,"[""32K-64K""]",False,1.2837611138820648,43.08668151497841,4070.7037560641766,9734980608,57.0,106.53,1695.0,1593.0,67.0,331.77,1710.0,1593.0
b128_h32768_q8_csa_profile_sim_ascending_steady,ok,,full,csa_profile_sim,ascending,steady,128,32768,8,2048,10,30,20260803,2026-08-12T08:24:13.978596+00:00,0.6740480065345764,0.6649280190467834,0.6812800168991089,0.6735189318656921,0.0038784962408439034,433.2892810254434,2097152,292057776128,0.5703125,0.5703125,0.432384490611313,0.48922150195694714,941744,2.2268811906420427,542444544,10.34630859375,"[""32K-64K""]",False,0.8104927837848663,20.149055868387222,1054.524701088667,2899379200,49.0,92.12,1755.0,1593.0,49.0,101.63,1755.0,1593.0
b128_h32768_q8_csa_profile_sim_descending_steady,ok,,full,csa_profile_sim,descending,steady,128,32768,8,2048,10,30,20260803,2026-08-12T09:35:44.159098+00:00,0.6902719736099243,0.6780160069465637,0.7319999933242798,0.695768537123998,0.015551302521189829,423.1053661365123,2097152,292057776128,0.5703125,0.5703125,0.432384490611313,0.48922150195694714,941744,2.2268811906420427,542444544,10.34630859375,"[""32K-64K""]",False,0.7706135511398315,21.660059690475464,80.16272634267807,2899379200,59.0,189.01,1740.0,1593.0,59.0,170.36,1740.0,1593.0
b128_h4096_q1024_csa_profile_sim_ascending_steady,ok,,full,csa_profile_sim,ascending,steady,128,4096,1024,2048,10,30,20260803,2026-08-12T08:49:07.190706+00:00,77.22886657714844,74.12748718261719,78.81391906738281,76.91128641764323,1.492213366715476,484.05987296265107,268435456,37383395344384,0.8125,0.8125,0.722527752539372,0.8635896805914415,654808,409.9452908333435,377169408,7.193935546875,"[""2K-8K""]",False,1.4604218304157257,45.89920863509178,66935.91678142548,14940111872,44.0,108.11,1740.0,1593.0,67.0,339.75,1605.0,1593.0
b128_h4096_q1024_csa_profile_sim_descending_steady,ok,,full,csa_profile_sim,descending,steady,128,4096,1024,2048,10,30,20260803,2026-08-12T09:33:26.416412+00:00,79.47977447509766,74.44844818115234,81.35011291503906,78.85641174316406,1.8567548548507253,470.3510495754721,268435456,37383395344384,0.8125,0.8125,0.722527752539372,0.8635896805914415,654808,409.9452908333435,377169408,7.193935546875,"[""2K-8K""]",False,1.782052218914032,46.967849135398865,4975.314240902662,14940111872,57.0,120.62,1725.0,1593.0,77.0,335.9,1590.0,1593.0
b128_h4096_q128_csa_profile_sim_ascending_steady,ok,,full,csa_profile_sim,ascending,steady,128,4096,128,2048,10,30,20260803,2026-08-12T08:25:40.750876+00:00,9.602592468261719,9.265567779541016,9.627008438110352,9.55506779352824,0.11881763864803797,486.6315459593697,33554432,4672924418048,0.8125,0.8125,0.722527752539372,0.8765270733320083,540264,62.10747338338294,311192064,5.935517578125,"[""2K-8K""]",False,1.0406896471977234,7.933259010314941,9181.11788854003,2376074240,44.0,92.35,1755.0,1593.0,52.0,198.17,1695.0,1593.0
b128_h4096_q128_csa_profile_sim_descending_steady,ok,,full,csa_profile_sim,descending,steady,128,4096,128,2048,10,30,20260803,2026-08-12T09:35:32.774068+00:00,9.78758430480957,9.683263778686523,9.807904243469238,9.778556791941325,0.03853023888746457,477.43388690422296,33554432,4672924418048,0.8125,0.8125,0.722527752539372,0.8765270733320083,540264,62.10747338338294,311192064,5.935517578125,"[""2K-8K""]",False,1.0051317512989044,8.13160091638565,692.3266500234604,2376074240,56.0,159.77,1755.0,1593.0,61.0,203.84,1695.0,1593.0
b128_h4096_q2_csa_profile_sim_ascending_steady,ok,,full,csa_profile_sim,ascending,steady,128,4096,2,2048,10,30,20260803,2026-08-12T08:24:04.752078+00:00,0.24480000138282776,0.24188800156116486,0.24751999974250793,0.24510613332192102,0.002151640701671167,298.2616160929557,524288,73014444032,0.8125,0.8125,0.722527752539372,0.8567912181996087,311296,1.6842105263157894,179306496,3.42,"[""2K-8K""]",False,0.7688067853450775,3.043975681066513,266.40601456165314,705971200,58.0,102.14,1755.0,1593.0,59.0,105.9,1755.0,1593.0
b128_h4096_q2_csa_profile_sim_descending_steady,ok,,full,csa_profile_sim,descending,steady,128,4096,2,2048,10,30,20260803,2026-08-12T09:35:47.070161+00:00,0.24476799368858337,0.24143999814987183,0.24716800451278687,0.24431786835193633,0.0018655378004241705,298.30061901351274,524288,73014444032,0.8125,0.8125,0.722527752539372,0.8567912181996087,311296,1.6842105263157894,179306496,3.42,"[""2K-8K""]",False,0.6531886756420135,3.021150827407837,28.26184406876564,705971200,58.0,139.63,1755.0,1593.0,58.0,133.84,1755.0,1593.0
b128_h4096_q32_csa_profile_sim_ascending_steady,ok,,full,csa_profile_sim,ascending,steady,128,4096,32,2048,10,30,20260803,2026-08-12T08:24:25.747149+00:00,2.398047924041748,2.2072958946228027,2.4991040229797363,2.3795946836471558,0.10006248519477474,487.1591984463035,8388608,1168231104512,0.8125,0.8125,0.722527752539372,0.8766024415973581,522988,16.03977146703175,301241088,5.7457177734375,"[""2K-8K""]",False,0.9005405008792877,3.76741960644722,2489.0105314552784,1103365120,47.0,90.57,1755.0,1593.0,50.0,119.18,1650.0,1593.0
b128_h4096_q32_csa_profile_sim_descending_steady,ok,,full,csa_profile_sim,descending,steady,128,4096,32,2048,10,30,20260803,2026-08-12T09:35:41.676660+00:00,2.417855978012085,2.2071681022644043,2.5460479259490967,2.392085329691569,0.11714180900116142,483.16819328192463,8388608,1168231104512,0.8125,0.8125,0.722527752539372,0.8766024415973581,522988,16.03977146703175,301241088,5.7457177734375,"[""2K-8K""]",False,0.8169896900653839,4.054810851812363,180.49036338925362,1103365120,57.0,159.54,1755.0,1593.0,59.0,159.98,1725.0,1593.0
b128_h4096_q4096_csa_profile_sim_ascending_steady,ok,,full,csa_profile_sim,ascending,steady,128,4096,4096,2048,10,30,20260803,2026-08-12T09:16:27.317971+00:00,319.6155090332031,311.7449035644531,321.93768310546875,318.6608815511068,3.533668060630467,467.8545851227819,1073741824,149533581377536,0.8124670902014656,0.8124670902014656,0.722487686550595,0.8333098118552489,1047836,1024.7231666024072,603553536,11.5118701171875,"[""2K-8K"", ""8K-16K""]",False,143.36206763982773,159.3523919582367,224581.31767436862,58854474752,55.0,178.35,1680.0,1593.0,84.0,341.86,1395.0,1593.0
b128_h4096_q4096_csa_profile_sim_descending_steady,ok,,full,csa_profile_sim,descending,steady,128,4096,4096,2048,10,30,20260803,2026-08-12T09:30:29.424102+00:00,321.3955078125,313.013427734375,339.6864013671875,323.9967407226562,8.218027015283896,465.2634456383656,1073741824,149533581377536,0.8124670902014656,0.8124670902014656,0.722487686550595,0.8333098118552489,1047836,1024.7231666024072,603553536,11.5118701171875,"[""2K-8K"", ""8K-16K""]",False,139.52698558568954,159.3409851193428,21864.835247397423,58854474752,61.0,181.52,1680.0,1593.0,84.0,314.55,1500.0,1593.0
b128_h4096_q512_csa_profile_sim_ascending_steady,ok,,full,csa_profile_sim,ascending,steady,128,4096,512,2048,10,30,20260803,2026-08-12T08:33:35.518631+00:00,38.501983642578125,38.161216735839844,40.133216857910156,38.75120786031087,0.5907282819416747,485.47362768918333,134217728,18691697672192,0.8125,0.8125,0.722527752539372,0.870645929922563,589280,227.76562584849307,339425280,6.4740234375,"[""2K-8K""]",False,1.194491982460022,24.43736419081688,34744.31462585926,7621051392,46.0,100.64,1710.0,1593.0,62.0,329.54,1725.0,1593.0
b128_h4096_q512_csa_profile_sim_descending_steady,ok,,full,csa_profile_sim,descending,steady,128,4096,512,2048,10,30,20260803,2026-08-12T09:34:50.812104+00:00,39.26134490966797,36.32896041870117,40.3023681640625,38.66132723490397,1.7383598511937006,476.0839883401252,134217728,18691697672192,0.8125,0.8125,0.722527752539372,0.870645929922563,589280,227.76562584849307,339425280,6.4740234375,"[""2K-8K""]",False,1.2137219309806824,24.95763450860977,2352.0505279302597,7621051392,57.0,108.01,1725.0,1593.0,69.0,329.34,1710.0,1593.0
b128_h4096_q8_csa_profile_sim_ascending_steady,ok,,full,csa_profile_sim,ascending,steady,128,4096,8,2048,10,30,20260803,2026-08-12T08:24:10.717728+00:00,0.6018239855766296,0.5995839834213257,0.6089919805526733,0.6024618685245514,0.0028840818911859633,485.28769727941085,2097152,292057776128,0.8125,0.8125,0.722527752539372,0.8709026418786693,440644,4.759288677481141,253810944,4.8410595703125,"[""2K-8K""]",False,0.7393062114715576,3.1577423214912415,685.3387393057346,785449984,52.0,106.3,1755.0,1593.0,53.0,114.14,1710.0,1593.0
b128_h4096_q8_csa_profile_sim_descending_steady,ok,,full,csa_profile_sim,descending,steady,128,4096,8,2048,10,30,20260803,2026-08-12T09:35:44.834708+00:00,0.6110079884529114,0.609279990196228,0.6183680295944214,0.6115434726079305,0.0025980125472546615,477.9933841249738,2097152,292057776128,0.8125,0.8125,0.722527752539372,0.8709026418786693,440644,4.759288677481141,253810944,4.8410595703125,"[""2K-8K""]",False,0.669475644826889,3.177005797624588,54.27047237753868,785449984,58.0,153.23,1740.0,1593.0,59.0,154.44,1740.0,1593.0
b128_h524288_q1024_csa_profile_sim_ascending_steady,ok,,full,csa_profile_sim,ascending,steady,128,524288,1024,2048,10,30,20260803,2026-08-12T09:03:06.969310+00:00,87.7540512084961,82.89897918701172,88.65644836425781,86.75452117919922,2.005524537977684,426.00193187166093,268435456,37383395344384,0.50390625,0.50390625,0.3817648634796384,0.4067556601447835,37017852,7.251513567021663,21322282752,406.6902685546875,"[""64K+""]",True,82.2538509964943,348.61647337675095,130026.43412724137,53292827648,44.0,112.1,1470.0,1593.0,66.0,348.03,1335.0,1593.0
b128_h524288_q1024_csa_profile_sim_descending_steady,ok,,full,csa_profile_sim,descending,steady,128,524288,1024,2048,10,30,20260803,2026-08-12T09:32:02.081619+00:00,89.2747802734375,84.01679992675781,90.4832992553711,88.59880396525065,1.8282330264970643,418.7453078000677,268435456,37383395344384,0.50390625,0.50390625,0.3817648634796384,0.4067556601447835,37017852,7.251513567021663,21322282752,406.6902685546875,"[""64K+""]",True,139.2420269548893,347.3653085529804,8603.035427629948,53292827648,59.0,125.11,1710.0,1593.0,74.0,339.03,1635.0,1593.0
b128_h524288_q128_csa_profile_sim_ascending_steady,ok,,full,csa_profile_sim,ascending,steady,128,524288,128,2048,10,30,20260803,2026-08-12T08:27:29.511812+00:00,10.81612777709961,10.75171184539795,10.832223892211914,10.801089000701904,0.030536092989105017,432.0330264534897,33554432,4672924418048,0.50390625,0.50390625,0.3817648634796384,0.4065760782320206,9351252,3.588228827540954,5386321152,102.7359228515625,"[""64K+""]",True,2.240575850009918,321.59261405467987,16111.0052280128,40728790016,45.0,93.01,1755.0,1593.0,55.0,215.24,1710.0,1593.0
b128_h524288_q128_csa_profile_sim_descending_steady,ok,,full,csa_profile_sim,descending,steady,128,524288,128,2048,10,30,20260803,2026-08-12T09:35:20.324119+00:00,10.398112297058105,10.320544242858887,10.78105640411377,10.480359554290771,0.1720046215459671,449.40122635241124,33554432,4672924418048,0.50390625,0.50390625,0.3817648634796384,0.4065760782320206,9351252,3.588228827540954,5386321152,102.7359228515625,"[""64K+""]",True,2.1883919835090637,315.48764556646347,1132.8306943178177,40728790016,54.0,102.25,1755.0,1593.0,62.0,225.6,1710.0,1593.0
b128_h524288_q2_csa_profile_sim_ascending_steady,ok,,full,csa_profile_sim,ascending,steady,128,524288,2,2048,10,30,20260803,2026-08-12T08:24:08.218140+00:00,0.25254398584365845,0.25040000677108765,0.25699201226234436,0.2529685338338216,0.0021286776495428564,289.1157506209663,524288,73014444032,0.50390625,0.50390625,0.3817648634796384,0.4057225415851272,392192,1.3368146214099217,225902592,4.30875,"[""64K+""]",True,2.1465271711349487,314.7112540900707,300.75518786907196,39058686976,56.0,175.74,1755.0,1593.0,56.0,177.49,1755.0,1593.0
b128_h524288_q2_csa_profile_sim_descending_steady,ok,,full,csa_profile_sim,descending,steady,128,524288,2,2048,10,30,20260803,2026-08-12T09:35:45.280937+00:00,0.2537280023097992,0.2513920068740845,0.2579199969768524,0.2540448009967804,0.0020337212662937887,287.7665979604811,524288,73014444032,0.50390625,0.50390625,0.3817648634796384,0.4057225415851272,392192,1.3368146214099217,225902592,4.30875,"[""64K+""]",True,1.9641667604446411,309.5177970826626,33.742357045412064,39058686976,60.0,197.58,1755.0,1593.0,60.0,200.08,1755.0,1593.0
b128_h524288_q32_csa_profile_sim_ascending_steady,ok,,full,csa_profile_sim,ascending,steady,128,524288,32,2048,30,100,20260803,2026-08-12T09:55:54.784711+00:00,2.9105279445648193,2.9047679901123047,2.918463945388794,2.9116582465171814,0.006649350532361008,401.3811675278979,8388608,1168231104512,0.50390625,0.50390625,0.3817648634796384,0.4060197147137965,3451760,2.43024080469094,1988213760,37.92216796875,"[""64K+""]",True,1.9917860627174377,312.62872740626335,277.0000770688057,39456080896,74.0,273.36,1755.0,1593.0,79.0,285.17,1545.0,1593.0
b128_h524288_q32_csa_profile_sim_descending_steady,ok,,full,csa_profile_sim,descending,steady,128,524288,32,2048,30,100,20260803,2026-08-12T09:55:55.874551+00:00,2.914047956466675,2.9077439308166504,2.9474880695343018,2.9169673562049865,0.01171120744840433,400.8963208445262,8388608,1168231104512,0.50390625,0.50390625,0.3817648634796384,0.4060197147137965,3451760,2.43024080469094,1988213760,37.92216796875,"[""64K+""]",True,2.025604248046875,324.4388550519943,284.4824716448784,39456080896,75.0,275.12,1755.0,1593.0,80.0,283.56,1575.0,1593.0
b128_h524288_q512_csa_profile_sim_ascending_steady,ok,,full,csa_profile_sim,ascending,steady,128,524288,512,2048,10,30,20260803,2026-08-12T08:40:40.793226+00:00,43.07408142089844,40.24921417236328,45.657310485839844,42.92366956075033,1.5564751230524168,433.943036174029,134217728,18691697672192,0.50390625,0.50390625,0.3817648634796384,0.40663693422440683,23575412,5.693123326964551,13579437312,259.0072119140625,"[""64K+""]",True,65.15663117170334,329.4694535434246,64520.9306627512,45973767168,45.0,102.92,1725.0,1593.0,63.0,333.99,1680.0,1593.0
b128_h524288_q512_csa_profile_sim_descending_steady,ok,,full,csa_profile_sim,descending,steady,128,524288,512,2048,10,30,20260803,2026-08-12T09:34:07.239514+00:00,43.52912139892578,40.83273696899414,45.1769905090332,43.14649696350098,1.4966131623291605,429.40672982784525,134217728,18691697672192,0.50390625,0.50390625,0.3817648634796384,0.40663693422440683,23575412,5.693123326964551,13579437312,259.0072119140625,"[""64K+""]",True,75.32423734664917,327.844712883234,4475.029431283474,45973767168,55.0,110.29,1725.0,1593.0,68.0,331.18,1725.0,1593.0
b128_h524288_q8_csa_profile_sim_ascending_steady,ok,,full,csa_profile_sim,ascending,steady,128,524288,8,2048,10,30,20260803,2026-08-12T08:24:19.143933+00:00,0.7019839882850647,0.6986879706382751,0.7092480063438416,0.7029023965199789,0.003228475919423892,416.0462076086555,2097152,292057776128,0.50390625,0.50390625,0.3817648634796384,0.4060627140410959,1114820,1.881157496277426,642136320,12.2477783203125,"[""64K+""]",True,2.257727086544037,315.7663755118847,1055.7993687689304,39138165760,50.0,93.05,1755.0,1593.0,51.0,103.83,1755.0,1593.0
b128_h524288_q8_csa_profile_sim_descending_steady,ok,,full,csa_profile_sim,descending,steady,128,524288,8,2048,10,30,20260803,2026-08-12T09:35:42.720169+00:00,0.7031679749488831,0.6984959840774536,0.7083839774131775,0.7030197282632192,0.0027904590036608944,415.3456734846766,2097152,292057776128,0.50390625,0.50390625,0.3817648634796384,0.4060627140410959,1114820,1.881157496277426,642136320,12.2477783203125,"[""64K+""]",True,2.061128616333008,310.50071120262146,78.1426951289177,39138165760,60.0,198.82,1755.0,1593.0,61.0,207.72,1755.0,1593.0
b128_h65536_q1024_csa_profile_sim_ascending_steady,ok,,full,csa_profile_sim,ascending,steady,128,65536,1024,2048,10,30,20260803,2026-08-12T08:56:28.386029+00:00,83.15631866455078,80.88739013671875,85.8515853881836,83.43098169962565,1.5908299349077633,449.555679529142,268435456,37383395344384,0.50390625,0.50390625,0.3817648634796384,0.41129997238487653,8518872,31.510680756795033,4906870272,93.591123046875,"[""64K+""]",False,2.1003298461437225,82.75887370109558,129112.92454227805,19469960192,43.0,110.54,1740.0,1593.0,66.0,341.57,1545.0,1593.0
b128_h65536_q1024_csa_profile_sim_descending_steady,ok,,full,csa_profile_sim,descending,steady,128,65536,1024,2048,10,30,20260803,2026-08-12T09:32:39.902393+00:00,85.43875122070312,82.56275177001953,87.03788757324219,85.1207903544108,1.6961698055297576,437.5461346317691,268435456,37383395344384,0.50390625,0.50390625,0.3817648634796384,0.41129997238487653,8518872,31.510680756795033,4906870272,93.591123046875,"[""64K+""]",False,1.5413202345371246,85.03876999020576,8609.933231025934,19469960192,58.0,119.57,1695.0,1593.0,72.0,330.96,1695.0,1593.0
b128_h65536_q128_csa_profile_sim_ascending_steady,ok,,full,csa_profile_sim,ascending,steady,128,65536,128,2048,10,30,20260803,2026-08-12T08:26:38.608175+00:00,10.503616333007812,10.424799919128418,10.690367698669434,10.544257068634034,0.0884929551362845,444.88719598061164,33554432,4672924418048,0.50390625,0.50390625,0.3817648634796384,0.4117606026785714,6965952,4.816919783541431,4012388352,76.530234375,"[""64K+""]",False,1.183491200208664,45.05954310297966,16387.49887049198,6905922560,44.0,91.78,1755.0,1593.0,51.0,212.19,1725.0,1593.0
b128_h65536_q128_csa_profile_sim_descending_steady,ok,,full,csa_profile_sim,descending,steady,128,65536,128,2048,10,30,20260803,2026-08-12T09:35:26.106795+00:00,10.674367904663086,10.6179838180542,10.698111534118652,10.668770122528077,0.02304441482056044,437.7705977331583,33554432,4672924418048,0.50390625,0.50390625,0.3817648634796384,0.4117606026785714,6965952,4.816919783541431,4012388352,76.530234375,"[""64K+""]",False,1.2925267219543457,46.93908989429474,1120.6510849297047,6905922560,54.0,99.9,1755.0,1593.0,62.0,216.84,1680.0,1593.0
b128_h65536_q2_csa_profile_sim_ascending_steady,ok,,full,csa_profile_sim,ascending,steady,128,65536,2,2048,10,30,20260803,2026-08-12T08:24:06.647896+00:00,0.25228801369667053,0.25091201066970825,0.255840003490448,0.2528512025872866,0.0016801384965174008,289.40908829614995,524288,73014444032,0.50390625,0.50390625,0.3817648634796384,0.40871147260273977,392192,1.3368146214099217,225902592,4.30875,"[""64K+""]",False,0.8982494473457336,39.60488364100456,303.13311517238617,5235819520,55.0,117.87,1755.0,1593.0,55.0,119.89,1755.0,1593.0
b128_h65536_q2_csa_profile_sim_descending_steady,ok,,full,csa_profile_sim,descending,steady,128,65536,2,2048,10,30,20260803,2026-08-12T09:35:46.320300+00:00,0.25513601303100586,0.25225600600242615,0.25654399394989014,0.2549802670876185,0.0015398342499597525,286.1785099037618,524288,73014444032,0.50390625,0.50390625,0.3817648634796384,0.40871147260273977,392192,1.3368146214099217,225902592,4.30875,"[""64K+""]",False,0.8094124495983124,42.33921691775322,32.07194060087204,5235819520,60.0,213.16,1755.0,1593.0,60.0,197.71,1755.0,1593.0
b128_h65536_q32_csa_profile_sim_ascending_steady,ok,,full,csa_profile_sim,ascending,steady,128,65536,32,2048,10,30,20260803,2026-08-12T08:24:41.290443+00:00,2.701375961303711,2.5221760272979736,2.7546560764312744,2.6828341404596965,0.08953414621390007,432.45779974594876,8388608,1168231104512,0.50390625,0.50390625,0.3817648634796384,0.4106096540178571,3253020,2.5787139335140883,1873739520,35.7387451171875,"[""64K+""]",False,1.0796859860420227,40.970370173454285,4238.730825483799,5633213440,45.0,88.81,1755.0,1593.0,50.0,122.35,1710.0,1593.0
b128_h65536_q32_csa_profile_sim_descending_steady,ok,,full,csa_profile_sim,descending,steady,128,65536,32,2048,10,30,20260803,2026-08-12T09:35:39.549018+00:00,2.830687999725342,2.649888038635254,2.8557119369506836,2.7875871896743774,0.08933311488031759,412.7021786312558,8388608,1168231104512,0.50390625,0.50390625,0.3817648634796384,0.4106096540178571,3253020,2.5787139335140883,1873739520,35.7387451171875,"[""64K+""]",False,1.0226257145404816,43.395817279815674,302.27185785770416,5633213440,57.0,153.47,1755.0,1593.0,61.0,173.23,1590.0,1593.0
b128_h65536_q4096_csa_profile_sim_ascending_steady,ok,,full,csa_profile_sim,ascending,steady,128,65536,4096,2048,10,30,20260803,2026-08-12T09:24:51.273069+00:00,345.08953857421875,338.2460021972656,349.6258850097656,344.9325907389323,3.27884799005481,433.31821067469326,1073741824,149533581377536,0.50390625,0.50390625,0.3817648634796384,0.41109812189688183,8912220,120.47972603907893,5133438720,97.9125732421875,"[""64K+""]",False,138.20115476846695,195.88381052017212,35082.3764577508,63384323072,55.0,187.46,1695.0,1593.0,84.0,334.95,1650.0,1593.0
b128_h65536_q4096_csa_profile_sim_descending_steady,ok,,full,csa_profile_sim,descending,steady,128,65536,4096,2048,10,30,20260803,2026-08-12T09:27:22.096382+00:00,345.7073669433594,338.7132568359375,349.2742919921875,345.25404968261716,3.5163038755548137,432.54380923284043,1073741824,149533581377536,0.50390625,0.50390625,0.3817648634796384,0.41109812189688183,8912220,120.47972603907893,5133438720,97.9125732421875,"[""64K+""]",False,186.14187464118004,195.82801312208176,35992.49877035618,63384323072,57.0,183.53,1695.0,1593.0,83.0,342.21,1515.0,1593.0
b128_h65536_q512_csa_profile_sim_ascending_steady,ok,,full,csa_profile_sim,ascending,steady,128,65536,512,2048,10,30,20260803,2026-08-12T08:37:19.726200+00:00,41.30495834350586,40.89692687988281,43.24006271362305,41.82082354227702,0.855264829650617,452.52914956954044,134217728,18691697672192,0.50390625,0.50390625,0.3817648634796384,0.4113397467626284,8435848,15.910401420224737,4859048448,92.678994140625,"[""64K+""]",False,1.3983659446239471,61.51432543992996,65063.24029713869,12150899712,48.0,101.96,1725.0,1593.0,64.0,333.47,1695.0,1593.0
b128_h65536_q512_csa_profile_sim_descending_steady,ok,,full,csa_profile_sim,descending,steady,128,65536,512,2048,10,30,20260803,2026-08-12T09:34:27.015061+00:00,41.702110290527344,39.99532699584961,43.81721496582031,42.181661732991536,1.0473031832388917,448.2194675994089,134217728,18691697672192,0.50390625,0.50390625,0.3817648634796384,0.4113397467626284,8435848,15.910401420224737,4859048448,92.678994140625,"[""64K+""]",False,1.4288313686847687,64.28965926170349,4435.406386852264,12150899712,55.0,108.29,1650.0,1593.0,70.0,339.77,1560.0,1593.0
b128_h65536_q8_csa_profile_sim_ascending_steady,ok,,full,csa_profile_sim,ascending,steady,128,65536,8,2048,10,30,20260803,2026-08-12T08:24:15.226275+00:00,0.7019839882850647,0.6956160068511963,0.705344021320343,0.7014645318190257,0.0025836499566349322,416.0462076086555,2097152,292057776128,0.50390625,0.50390625,0.3817648634796384,0.411306720890411,1106120,1.8959534227751058,637125120,12.152197265625,"[""64K+""]",False,0.9044073522090912,39.88154977560043,1058.2375898957253,5315298304,49.0,92.17,1755.0,1593.0,49.0,101.93,1620.0,1593.0
b128_h65536_q8_csa_profile_sim_descending_steady,ok,,full,csa_profile_sim,descending,steady,128,65536,8,2048,10,30,20260803,2026-08-12T09:35:43.943492+00:00,0.7062720060348511,0.7026240229606628,0.7149119973182678,0.7072767992814382,0.004873158667695814,413.5202494682882,2097152,292057776128,0.50390625,0.50390625,0.3817648634796384,0.411306720890411,1106120,1.8959534227751058,637125120,12.152197265625,"[""64K+""]",False,0.891566276550293,42.595721781253815,73.69649782776833,5315298304,59.0,195.41,1740.0,1593.0,59.0,205.15,1635.0,1593.0
b128_h8192_q1024_csa_profile_sim_ascending_steady,ok,,full,csa_profile_sim,ascending,steady,128,8192,1024,2048,10,30,20260803,2026-08-12T08:50:17.440038+00:00,77.33132934570312,75.01283264160156,78.50243377685547,77.0930274963379,1.2266809892916117,483.41850141053067,268435456,37383395344384,0.677734375,0.677734375,0.5584174625084869,0.6829018788794949,1179160,227.6497303164965,679196160,12.954638671875,"[""8K-16K""]",False,1.5495233237743378,48.915114253759384,106018.34477484226,15242101760,44.0,109.28,1545.0,1593.0,64.0,331.75,1695.0,1593.0
b128_h8192_q1024_csa_profile_sim_descending_steady,ok,,full,csa_profile_sim,descending,steady,128,8192,1024,2048,10,30,20260803,2026-08-12T09:33:15.982276+00:00,79.84124755859375,74.70470428466797,82.41471862792969,79.23427912394206,2.3735664896083493,468.2215832981461,268435456,37383395344384,0.677734375,0.677734375,0.5584174625084869,0.6829018788794949,1179160,227.6497303164965,679196160,12.954638671875,"[""8K-16K""]",False,1.3622380793094635,48.71634766459465,7087.618466466665,15242101760,58.0,117.85,1635.0,1593.0,73.0,340.73,1530.0,1593.0
b128_h8192_q128_csa_profile_sim_ascending_steady,ok,,full,csa_profile_sim,ascending,steady,128,8192,128,2048,10,30,20260803,2026-08-12T08:25:50.465595+00:00,9.664799690246582,9.657088279724121,9.7359037399292,9.685931777954101,0.032686059363876696,483.49935516654017,33554432,4672924418048,0.677734375,0.677734375,0.5584174625084869,0.6850161916355797,1064448,31.522847522847524,613122048,11.694375,"[""8K-16K""]",False,1.2418068945407867,10.673243552446365,13306.57483637333,2678064128,44.0,90.07,1755.0,1593.0,55.0,196.82,1650.0,1593.0
b128_h8192_q128_csa_profile_sim_descending_steady,ok,,full,csa_profile_sim,descending,steady,128,8192,128,2048,10,30,20260803,2026-08-12T09:35:31.275402+00:00,9.841919898986816,9.823391914367676,9.852255821228027,9.839922142028808,0.009636842922953037,474.7980542423494,33554432,4672924418048,0.677734375,0.677734375,0.5584174625084869,0.6850161916355797,1064448,31.522847522847524,613122048,11.694375,"[""8K-16K""]",False,1.1111348867416382,10.682363063097,950.0579610466957,2678064128,55.0,100.94,1755.0,1593.0,64.0,204.43,1635.0,1593.0
b128_h8192_q2_csa_profile_sim_ascending_steady,ok,,full,csa_profile_sim,ascending,steady,128,8192,2,2048,10,30,20260803,2026-08-12T08:24:05.198999+00:00,0.2494720071554184,0.24675199389457703,0.25468799471855164,0.2500159993767738,0.002464055930948254,292.6758992503427,524288,73014444032,0.677734375,0.677734375,0.5584174625084868,0.6683891878669277,346624,1.5125553914327918,199655424,3.808125,"[""8K-16K""]",False,0.7245615124702454,5.4132044315338135,304.0938898921013,1007961088,57.0,106.58,1755.0,1593.0,57.0,108.22,1755.0,1593.0
b128_h8192_q2_csa_profile_sim_descending_steady,ok,,full,csa_profile_sim,descending,steady,128,8192,2,2048,10,30,20260803,2026-08-12T09:35:46.896277+00:00,0.24873599410057068,0.24643200635910034,0.25200000405311584,0.24895573457082112,0.00194665588400246,293.5419310583505,524288,73014444032,0.677734375,0.677734375,0.5584174625084868,0.6683891878669277,346624,1.5125553914327918,199655424,3.808125,"[""8K-16K""]",False,0.6795600056648254,5.616419017314911,31.145650893449783,1007961088,58.0,149.41,1755.0,1593.0,58.0,150.85,1755.0,1593.0
b128_h8192_q32_csa_profile_sim_ascending_steady,ok,,full,csa_profile_sim,ascending,steady,128,8192,32,2048,10,30,20260803,2026-08-12T08:24:28.459844+00:00,2.4476161003112793,2.291424036026001,2.467967987060547,2.4038272221883137,0.06621969049600518,477.29343844544434,8388608,1168231104512,0.677734375,0.677734375,0.5584174625084868,0.6856032518957926,1011388,8.294154172286007,582559488,11.1114404296875,"[""8K-16K""]",False,0.9570345282554626,6.303425878286362,3457.512315362692,1405355008,47.0,90.46,1755.0,1593.0,50.0,120.5,1725.0,1593.0
b128_h8192_q32_csa_profile_sim_descending_steady,ok,,full,csa_profile_sim,descending,steady,128,8192,32,2048,10,30,20260803,2026-08-12T09:35:41.191155+00:00,2.5440640449523926,2.301055908203125,2.562335968017578,2.4928714752197267,0.08490132832947922,459.1987795393183,8388608,1168231104512,0.677734375,0.677734375,0.5584174625084868,0.6856032518957926,1011388,8.294154172286007,582559488,11.1114404296875,"[""8K-16K""]",False,0.8801296353340149,6.722155958414078,240.20715430378914,1405355008,57.0,164.07,1740.0,1593.0,61.0,160.11,1710.0,1593.0
b128_h8192_q4096_csa_profile_sim_ascending_steady,ok,,full,csa_profile_sim,ascending,steady,128,8192,4096,2048,10,30,20260803,2026-08-12T09:22:31.876486+00:00,318.8565368652344,308.8286437988281,322.80267333984375,317.9091003417969,4.309160755274777,468.96821638860365,1073741824,149533581377536,0.677734375,0.677734375,0.5584174625084869,0.6760018716353027,1572336,682.895910288895,905665536,17.27419921875,"[""8K-16K""]",False,170.6749126315117,183.1442229449749,30812.289346009493,59156464640,52.0,175.03,1485.0,1593.0,82.0,344.46,1335.0,1593.0
b128_h8192_q4096_csa_profile_sim_descending_steady,ok,,full,csa_profile_sim,descending,steady,128,8192,4096,2048,10,30,20260803,2026-08-12T09:29:47.536428+00:00,322.4611511230469,314.6051330566406,335.9183349609375,323.09889729817706,6.1698814590987086,463.725880952636,1073741824,149533581377536,0.677734375,0.677734375,0.5584174625084869,0.6760018716353027,1572336,682.895910288895,905665536,17.27419921875,"[""8K-16K""]",False,137.00338453054428,162.65413910150528,28329.682148993015,59156464640,57.0,179.21,1605.0,1593.0,80.0,312.49,1710.0,1593.0
b128_h8192_q512_csa_profile_sim_ascending_steady,ok,,full,csa_profile_sim,ascending,steady,128,8192,512,2048,10,30,20260803,2026-08-12T08:34:12.028655+00:00,38.589759826660156,37.60121536254883,40.14009475708008,38.76655654907226,0.6465578103845736,484.3693704276085,134217728,18691697672192,0.677734375,0.677734375,0.5584174625084869,0.684267943619282,1113624,120.52337952486656,641447424,12.234638671875,"[""8K-16K""]",False,1.1815465986728668,26.756763458251953,53336.101192981005,7923041280,48.0,100.73,1725.0,1593.0,62.0,331.13,1725.0,1593.0
b128_h8192_q512_csa_profile_sim_descending_steady,ok,,full,csa_profile_sim,descending,steady,128,8192,512,2048,10,30,20260803,2026-08-12T09:34:45.614146+00:00,39.24972915649414,36.457984924316406,40.79782485961914,38.63637135823568,1.745089484775646,476.22488291997115,134217728,18691697672192,0.677734375,0.677734375,0.5584174625084869,0.684267943619282,1113624,120.52337952486656,641447424,12.234638671875,"[""8K-16K""]",False,1.4605037868022919,27.160078287124634,3512.6539394259453,7923041280,57.0,108.59,1740.0,1593.0,71.0,345.66,1440.0,1593.0
b128_h8192_q8_csa_profile_sim_ascending_steady,ok,,full,csa_profile_sim,ascending,steady,128,8192,8,2048,10,30,20260803,2026-08-12T08:24:11.559683+00:00,0.6329600214958191,0.6307200193405151,0.6377599835395813,0.633292802174886,0.001779758184123933,461.4158338749506,2097152,292057776128,0.677734375,0.677734375,0.5584174625084868,0.6794734589041096,671316,3.123941631064953,386678016,7.3752978515625,"[""8K-16K""]",False,0.7333233952522278,5.5748410522937775,930.5101968348026,1087439872,51.0,95.01,1755.0,1593.0,52.0,101.71,1755.0,1593.0
b128_h8192_q8_csa_profile_sim_descending_steady,ok,,full,csa_profile_sim,descending,steady,128,8192,8,2048,10,30,20260803,2026-08-12T09:35:44.646094+00:00,0.6345919966697693,0.6325439810752869,0.6381440162658691,0.6351061324278514,0.0022692195849238826,460.2292144569573,2097152,292057776128,0.677734375,0.677734375,0.5584174625084868,0.6794734589041096,671316,3.123941631064953,386678016,7.3752978515625,"[""8K-16K""]",False,0.6877370178699493,5.755111575126648,65.66915288567543,1087439872,58.0,155.07,1755.0,1593.0,58.0,161.17,1635.0,1593.0
b16_h131072_q1024_csa_profile_sim_ascending_steady,ok,,full,csa_profile_sim,ascending,steady,16,131072,1024,2048,10,30,20260803,2026-08-12T06:46:32.109473+00:00,10.437472343444824,9.838239669799805,10.467519760131836,10.33473482131958,0.21965268272847133,447.7065197670004,33554432,4672924418048,0.50390625,0.50390625,0.3817648634796384,0.4080981349758439,2073676,16.181135336474938,1194437376,22.7820849609375,"[""64K+""]",True,1.0579489171504974,15.264403074979782,16376.009680330753,3282043904,43.0,90.19,1755.0,1593.0,52.0,208.67,1725.0,1593.0
b16_h131072_q1024_csa_profile_sim_descending_steady,ok,,full,csa_profile_sim,descending,steady,16,131072,1024,2048,10,30,20260803,2026-08-12T09:46:16.301568+00:00,10.62393569946289,10.338848114013672,10.641440391540527,10.588767941792806,0.08356643487539922,439.8487105192331,33554432,4672924418048,0.50390625,0.50390625,0.3817648634796384,0.4080981349758439,2073676,16.181135336474938,1194437376,22.7820849609375,"[""64K+""]",True,1.0392703115940094,16.05438068509102,1608.64781960845,3282043904,53.0,97.76,1755.0,1593.0,62.0,212.77,1485.0,1593.0
b16_h131072_q128_csa_profile_sim_ascending_steady,ok,,full,csa_profile_sim,ascending,steady,16,131072,128,2048,10,30,20260803,2026-08-12T06:42:33.105591+00:00,1.2230720520019531,1.218559980392456,1.3157119750976562,1.2431573351224263,0.03759468853678374,477.58065544863524,4194304,584115552256,0.50390625,0.50390625,0.3817648634796384,0.40806743823385516,1056184,3.9711868386569007,608361984,11.603583984375,"[""64K+""]",True,0.7269196212291718,10.518845170736313,2004.4293217360973,1798308864,44.0,88.09,1755.0,1593.0,48.0,105.6,1710.0,1593.0
b16_h131072_q128_csa_profile_sim_descending_steady,ok,,full,csa_profile_sim,descending,steady,16,131072,128,2048,10,30,20260803,2026-08-12T09:46:45.565858+00:00,1.2287039756774902,1.2261760234832764,1.2354880571365356,1.2290464043617249,0.002785479035137361,475.39160271205833,4194304,584115552256,0.50390625,0.50390625,0.3817648634796384,0.40806743823385516,1056184,3.9711868386569007,608361984,11.603583984375,"[""64K+""]",True,0.7383339107036591,11.42805814743042,202.0741142332554,1798308864,53.0,145.04,1740.0,1593.0,56.0,153.17,1650.0,1593.0
b16_h131072_q2_csa_profile_sim_ascending_steady,ok,,full,csa_profile_sim,ascending,steady,16,131072,2,2048,10,30,20260803,2026-08-12T06:42:09.249078+00:00,0.07334399968385696,0.0727040022611618,0.07766400277614594,0.07374079972505569,0.0012281667365100918,124.43833910531623,65536,9126805504,0.50390625,0.50390625,0.38176486347963834,0.4045988258317026,49024,1.3368146214099217,28237824,0.53859375,"[""64K+""]",True,0.6083250045776367,10.093290358781815,38.388777524232864,1588759552,48.0,98.65,1755.0,1593.0,48.0,98.85,1755.0,1593.0
b16_h131072_q2_csa_profile_sim_descending_steady,ok,,full,csa_profile_sim,descending,steady,16,131072,2,2048,10,30,20260803,2026-08-12T09:46:51.490804+00:00,0.07414399832487106,0.07353600114583969,0.07542400062084198,0.07434559961160024,0.0008685764127162389,123.09567477073163,65536,9126805504,0.50390625,0.50390625,0.38176486347963834,0.4045988258317026,49024,1.3368146214099217,28237824,0.53859375,"[""64K+""]",True,0.622134655714035,10.708983987569809,6.17557018995285,1588759552,52.0,117.95,1755.0,1593.0,52.0,117.21,1755.0,1593.0
b16_h131072_q32_csa_profile_sim_ascending_steady,ok,,full,csa_profile_sim,ascending,steady,16,131072,32,2048,10,30,20260803,2026-08-12T06:42:15.970294+00:00,0.3691520094871521,0.3664959967136383,0.37465599179267883,0.36938026746114094,0.002205086834862357,395.5792852566941,1048576,146028888064,0.50390625,0.50390625,0.38176486347963834,0.4079699730919765,422200,2.4836001894836572,243187200,4.638427734375,"[""64K+""]",True,0.7196478545665741,10.26899367570877,507.455475628376,1638433792,45.0,96.33,1755.0,1593.0,46.0,101.61,1755.0,1593.0
b16_h131072_q32_csa_profile_sim_descending_steady,ok,,full,csa_profile_sim,descending,steady,16,131072,32,2048,10,30,20260803,2026-08-12T09:46:48.592934+00:00,0.3715200126171112,0.36979201436042786,0.37433600425720215,0.3718709349632263,0.0016225268998125626,393.05793256014306,1048576,146028888064,0.50390625,0.50390625,0.38176486347963834,0.4079699730919765,422200,2.4836001894836572,243187200,4.638427734375,"[""64K+""]",True,0.7190220057964325,10.931376367807388,55.34151941537857,1638433792,53.0,137.01,1755.0,1593.0,53.0,140.81,1755.0,1593.0
b16_h131072_q4096_csa_profile_sim_ascending_steady,ok,,full,csa_profile_sim,ascending,steady,16,131072,4096,2048,10,30,20260803,2026-08-12T06:53:24.522827+00:00,41.316864013671875,39.81520080566406,45.550113677978516,41.930968602498375,1.8147019395608328,452.3987509315049,134217728,18691697672192,0.50390625,0.50390625,0.3817648634796384,0.4076805040094484,2162620,62.06255745345923,1245669120,23.7592529296875,"[""64K+""]",True,1.2239553034305573,31.748097389936447,64939.13812562823,8527021056,44.0,101.13,1650.0,1593.0,59.0,337.76,1635.0,1593.0
b16_h131072_q4096_csa_profile_sim_descending_steady,ok,,full,csa_profile_sim,descending,steady,16,131072,4096,2048,10,30,20260803,2026-08-12T09:45:14.697665+00:00,41.610591888427734,39.945953369140625,43.71798324584961,42.041175842285156,1.6175095286968058,449.2052822106172,134217728,18691697672192,0.50390625,0.50390625,0.3817648634796384,0.4076805040094484,2162620,62.06255745345923,1245669120,23.7592529296875,"[""64K+""]",True,1.2631826102733612,32.22471848130226,7060.159798711538,8527021056,49.0,105.11,1650.0,1593.0,64.0,330.74,1710.0,1593.0
b16_h131072_q512_csa_profile_sim_ascending_steady,ok,,full,csa_profile_sim,ascending,steady,16,131072,512,2048,10,30,20260803,2026-08-12T06:44:00.162159+00:00,5.220223903656006,5.049344062805176,5.357215881347656,5.215738693873088,0.08086602585565895,447.57892614292825,16777216,2336462209024,0.50390625,0.50390625,0.3817648634796384,0.40883473734099807,1854156,9.048438211240047,1067993856,20.3703662109375,"[""64K+""]",True,0.8681453764438629,12.69475370645523,7983.885176479816,2433221632,43.0,88.45,1755.0,1593.0,51.0,148.87,1710.0,1593.0
b16_h131072_q512_csa_profile_sim_descending_steady,ok,,full,csa_profile_sim,descending,steady,16,131072,512,2048,10,30,20260803,2026-08-12T09:46:35.114680+00:00,5.3520002365112305,5.16758394241333,5.360159873962402,5.313684256871541,0.06578037269827475,436.5586894194632,16777216,2336462209024,0.50390625,0.50390625,0.3817648634796384,0.40883473734099807,1854156,9.048438211240047,1067993856,20.3703662109375,"[""64K+""]",True,0.8857287466526031,13.227138668298721,806.6955059766769,2433221632,53.0,127.96,1755.0,1593.0,59.0,156.03,1680.0,1593.0
b16_h131072_q8_csa_profile_sim_ascending_steady,ok,,full,csa_profile_sim,ascending,steady,16,131072,8,2048,10,30,20260803,2026-08-12T06:42:11.345282+00:00,0.16208000481128693,0.1599999964237213,0.16435199975967407,0.1622464006145795,0.0014049033941540845,225.24198502157074,262144,36507222016,0.50390625,0.50390625,0.38176486347963834,0.4050421966731898,139048,1.8852770266382832,80091648,1.527626953125,"[""64K+""]",True,0.6249286234378815,10.178595781326294,135.01301035284996,1598694400,46.0,100.11,1755.0,1593.0,46.0,101.0,1755.0,1593.0
b16_h131072_q8_csa_profile_sim_descending_steady,ok,,full,csa_profile_sim,descending,steady,16,131072,8,2048,10,30,20260803,2026-08-12T09:46:50.321743+00:00,0.16432000696659088,0.16201600432395935,0.16998399794101715,0.16463253498077393,0.001915917971242151,222.17149749404862,262144,36507222016,0.50390625,0.50390625,0.38176486347963834,0.4050421966731898,139048,1.8852770266382832,80091648,1.527626953125,"[""64K+""]",True,0.6405487656593323,10.808214545249939,18.13846454024315,1598694400,52.0,123.59,1755.0,1593.0,52.0,124.59,1755.0,1593.0
b16_h16384_q1024_csa_profile_sim_ascending_steady,ok,,full,csa_profile_sim,ascending,steady,16,16384,1024,2048,10,30,20260803,2026-08-12T06:45:42.709042+00:00,9.07369613647461,8.853728294372559,9.17910385131836,9.068072509765624,0.08640458902985046,514.9967937832625,33554432,4672924418048,0.6015625,0.6015625,0.4795130637871586,0.5722417364848337,278444,120.50693137578831,160383744,3.0590771484375,"[""16K-32K""]",False,0.8726678788661957,6.700705736875534,16817.95035302639,2225079296,45.0,91.54,1755.0,1593.0,51.0,199.4,1740.0,1593.0
b16_h16384_q1024_csa_profile_sim_descending_steady,ok,,full,csa_profile_sim,descending,steady,16,16384,1024,2048,10,30,20260803,2026-08-12T09:46:22.706757+00:00,9.245439529418945,9.098336219787598,9.805760383605957,9.402251625061036,0.2813409917869759,505.43020731234856,33554432,4672924418048,0.6015625,0.6015625,0.4795130637871586,0.5722417364848337,278444,120.50693137578831,160383744,3.0590771484375,"[""16K-32K""]",False,0.9403415024280548,6.80890679359436,1594.5007726550102,2225079296,53.0,99.3,1755.0,1593.0,63.0,205.31,1605.0,1593.0
b16_h16384_q128_csa_profile_sim_ascending_steady,ok,,full,csa_profile_sim,ascending,steady,16,16384,128,2048,10,30,20260803,2026-08-12T06:42:26.420509+00:00,1.137120008468628,1.1332160234451294,1.201024055480957,1.1516202608744304,0.02706824346648679,513.6797768976336,4194304,584115552256,0.6015625,0.6015625,0.4795130637871586,0.5733950739970646,261804,16.020778903301707,150799104,2.8762646484375,"[""16K-32K""]",False,0.667475163936615,1.9962303340435028,2123.893491923809,741344256,44.0,89.16,1755.0,1593.0,48.0,104.98,1740.0,1593.0
b16_h16384_q128_csa_profile_sim_descending_steady,ok,,full,csa_profile_sim,descending,steady,16,16384,128,2048,10,30,20260803,2026-08-12T09:46:46.792728+00:00,1.1362240314483643,1.1329920291900635,1.2020479440689087,1.1443360010782877,0.0208458877631124,514.0848425036547,4194304,584115552256,0.6015625,0.6015625,0.4795130637871586,0.5733950739970646,261804,16.020778903301707,150799104,2.8762646484375,"[""16K-32K""]",False,0.7338970899581909,2.1127425134181976,192.51566007733345,741344256,53.0,128.77,1740.0,1593.0,57.0,145.13,1680.0,1593.0
b16_h16384_q2_csa_profile_sim_ascending_steady,ok,,full,csa_profile_sim,ascending,steady,16,16384,2,2048,10,30,20260803,2026-08-12T06:42:08.847024+00:00,0.07283200323581696,0.07215999811887741,0.07654400169849396,0.07317973400155703,0.0011705686640647317,125.31311921284167,65536,9126805504,0.6015625,0.6015625,0.4795130637871587,0.5670865949119374,45824,1.4301675977653632,26394624,0.5034375,"[""16K-32K""]",False,0.5604028701782227,1.5567317605018616,46.70000448822975,531794944,49.0,165.8,1755.0,1593.0,49.0,154.29,1755.0,1593.0
b16_h16384_q2_csa_profile_sim_descending_steady,ok,,full,csa_profile_sim,descending,steady,16,16384,2,2048,10,30,20260803,2026-08-12T09:46:51.822996+00:00,0.07385600358247757,0.07347200065851212,0.07452800124883652,0.07400320048133532,0.0007015520145525325,123.5756751149929,65536,9126805504,0.6015625,0.6015625,0.4795130637871587,0.5670865949119374,45824,1.4301675977653632,26394624,0.5034375,"[""16K-32K""]",False,0.5990713834762573,1.57952681183815,7.195495069026947,531794944,51.0,115.89,1755.0,1593.0,51.0,115.03,1755.0,1593.0
b16_h16384_q32_csa_profile_sim_ascending_steady,ok,,full,csa_profile_sim,ascending,steady,16,16384,32,2048,10,30,20260803,2026-08-12T06:42:14.018104+00:00,0.3454720079898834,0.3439359962940216,0.34915199875831604,0.34586666723092396,0.001842418900757896,422.69383535199825,1048576,146028888064,0.6015625,0.6015625,0.4795130637871587,0.5744748348825832,204992,5.115204495785202,118075392,2.252109375,"[""16K-32K""]",False,0.6799213588237762,1.8567033112049103,541.3183346390724,581469184,45.0,94.83,1755.0,1593.0,47.0,98.33,1755.0,1593.0
b16_h16384_q32_csa_profile_sim_descending_steady,ok,,full,csa_profile_sim,descending,steady,16,16384,32,2048,10,30,20260803,2026-08-12T09:46:49.209059+00:00,0.35049599409103394,0.3485119938850403,0.3543359935283661,0.35089706579844154,0.0016712618905934352,416.63497023042174,1048576,146028888064,0.6015625,0.6015625,0.4795130637871587,0.5744748348825832,204992,5.115204495785202,118075392,2.252109375,"[""16K-32K""]",False,0.6782561540603638,1.9077621400356293,53.25111374258995,581469184,53.0,126.71,1755.0,1593.0,53.0,126.93,1755.0,1593.0
b16_h16384_q4096_csa_profile_sim_ascending_steady,ok,,full,csa_profile_sim,ascending,steady,16,16384,4096,2048,10,30,20260803,2026-08-12T06:50:09.882684+00:00,38.77497482299805,36.0458869934082,39.13673782348633,37.94743347167969,1.4166672560791447,482.0557010679388,134217728,18691697672192,0.6015625,0.6015625,0.4795130637871586,0.5660925042139341,327608,409.69001977973676,188702208,3.599208984375,"[""16K-32K""]",False,1.1819936335086823,23.2999287545681,65274.13057908416,7470056448,44.0,97.7,1740.0,1593.0,61.0,339.93,1635.0,1593.0
b16_h16384_q4096_csa_profile_sim_descending_steady,ok,,full,csa_profile_sim,descending,steady,16,16384,4096,2048,10,30,20260803,2026-08-12T09:45:40.875116+00:00,38.59651184082031,36.411582946777344,40.34614562988281,38.36026878356934,1.572956005141142,484.2846355981669,134217728,18691697672192,0.6015625,0.6015625,0.4795130637871586,0.5660925042139341,327608,409.69001977973676,188702208,3.599208984375,"[""16K-32K""]",False,1.1736899614334106,22.99359440803528,6760.034117847681,7470056448,53.0,103.12,1725.0,1593.0,66.0,343.55,1680.0,1593.0
b16_h16384_q512_csa_profile_sim_ascending_steady,ok,,full,csa_profile_sim,ascending,steady,16,16384,512,2048,10,30,20260803,2026-08-12T06:43:34.831484+00:00,4.622111797332764,4.49564790725708,4.6836161613464355,4.619115749994914,0.06288369454833846,505.49668884518957,16777216,2336462209024,0.6015625,0.6015625,0.4795130637871586,0.5737252132766635,270276,62.07438322307567,155678976,2.9693408203125,"[""16K-32K""]",False,1.116875559091568,4.034325480461121,8659.568723291159,1376257024,44.0,89.13,1755.0,1593.0,48.0,144.73,1740.0,1593.0
b16_h16384_q512_csa_profile_sim_descending_steady,ok,,full,csa_profile_sim,descending,steady,16,16384,512,2048,10,30,20260803,2026-08-12T09:46:38.616022+00:00,4.821951866149902,4.6544318199157715,4.95088005065918,4.8217941125233965,0.09622183653767573,484.5469788750822,16777216,2336462209024,0.6015625,0.6015625,0.4795130637871586,0.5737252132766635,270276,62.07438322307567,155678976,2.9693408203125,"[""16K-32K""]",False,0.8905678987503052,4.058163613080978,809.9676743149757,1376257024,53.0,126.67,1755.0,1593.0,58.0,148.28,1635.0,1593.0
b16_h16384_q8_csa_profile_sim_ascending_steady,ok,,full,csa_profile_sim,ascending,steady,16,16384,8,2048,10,30,20260803,2026-08-12T06:42:10.561395+00:00,0.1573760062456131,0.15590399503707886,0.16220800578594208,0.15796693364779155,0.0023033435411885157,231.97451051734035,262144,36507222016,0.6015625,0.6015625,0.4795130637871587,0.567040728962818,103832,2.524693736035134,59807232,1.140732421875,"[""16K-32K""]",False,0.5677975714206696,1.650191843509674,144.8257677257061,541729792,47.0,94.25,1755.0,1593.0,47.0,95.11,1755.0,1593.0
b16_h16384_q8_csa_profile_sim_descending_steady,ok,,full,csa_profile_sim,descending,steady,16,16384,8,2048,10,30,20260803,2026-08-12T09:46:50.729780+00:00,0.15881599485874176,0.15702399611473083,0.16147199273109436,0.15927466650803884,0.001666281605345091,229.87119180578256,262144,36507222016,0.6015625,0.6015625,0.4795130637871587,0.567040728962818,103832,2.524693736035134,59807232,1.140732421875,"[""16K-32K""]",False,0.5940720438957214,1.6613304615020752,19.345607608556747,541729792,52.0,121.27,1755.0,1593.0,52.0,123.26,1755.0,1593.0
b16_h2048_q1024_csa_profile_sim_ascending_steady,ok,,full,csa_profile_sim,ascending,steady,16,2048,1024,2048,10,30,20260803,2026-08-12T06:44:25.360907+00:00,9.04089641571045,8.824640274047852,9.23532772064209,9.049810155232747,0.09126619389106706,516.8651650435698,33554432,4672924418048,0.8476906158357771,0.8476906158357771,0.722527752539372,0.969186562614665,49120,683.1114006514658,28293120,0.5396484375,"[""2K-8K""]",False,0.891655683517456,6.047602742910385,54310.844134539366,2092958720,43.0,88.87,1755.0,1593.0,51.0,195.87,1680.0,1593.0
b16_h2048_q1024_csa_profile_sim_descending_steady,ok,,full,csa_profile_sim,descending,steady,16,2048,1024,2048,10,30,20260803,2026-08-12T09:46:28.020065+00:00,9.04150390625,8.80339241027832,9.139200210571289,9.03283847173055,0.06712508550562186,516.8304373366261,33554432,4672924418048,0.8476906158357771,0.8476906158357771,0.722527752539372,0.969186562614665,49120,683.1114006514658,28293120,0.5396484375,"[""2K-8K""]",False,0.8723996579647064,5.687091499567032,4142.739836126566,2092958720,52.0,95.31,1755.0,1593.0,62.0,206.34,1605.0,1593.0
b16_h2048_q128_csa_profile_sim_ascending_steady,ok,,full,csa_profile_sim,ascending,steady,16,2048,128,2048,10,30,20260803,2026-08-12T06:42:18.006486+00:00,1.1071360111236572,1.1003199815750122,1.1278079748153687,1.1137802561124166,0.0120345104853723,527.5915031100542,4194304,584115552256,0.968996062992126,0.968996062992126,0.722527752539372,0.9973168419765166,34816,120.47058823529412,20054016,0.3825,"[""2K-8K""]",False,0.6341747939586639,1.0489970445632935,5089.072734117508,609223680,44.0,89.41,1755.0,1593.0,47.0,103.43,1680.0,1593.0
b16_h2048_q128_csa_profile_sim_descending_steady,ok,,full,csa_profile_sim,descending,steady,16,2048,128,2048,10,30,20260803,2026-08-12T09:46:47.701921+00:00,1.1149439811706543,1.1123520135879517,1.1205120086669922,1.1152671933174134,0.002164582628259291,523.8967716052407,4194304,584115552256,0.968996062992126,0.968996062992126,0.722527752539372,0.9973168419765166,34816,120.47058823529412,20054016,0.3825,"[""2K-8K""]",False,0.6943643093109131,0.9808465838432312,375.78295171260834,609223680,53.0,126.27,1755.0,1593.0,55.0,137.95,1605.0,1593.0
b16_h2048_q2_csa_profile_sim_ascending_steady,ok,,full,csa_profile_sim,ascending,steady,16,2048,2,2048,10,30,20260803,2026-08-12T06:42:08.241830+00:00,0.0703359991312027,0.06982400268316269,0.07222399860620499,0.07070719972252845,0.0010337404971901309,129.76008895494792,65536,9126805504,1.0,1.0,0.722527752539372,1.0,32768,2.0,18874368,0.36,"[""2K-8K""]",False,0.6089620292186737,0.6655119359493256,198.58751446008682,117550080,51.0,295.05,1740.0,1593.0,50.0,275.47,1740.0,1593.0
b16_h2048_q2_csa_profile_sim_descending_steady,ok,,full,csa_profile_sim,descending,steady,16,2048,2,2048,10,30,20260803,2026-08-12T09:46:52.104935+00:00,0.07068800181150436,0.07004799693822861,0.07283200323581696,0.07094613363345464,0.0011984117250677985,129.11392697642538,65536,9126805504,1.0,1.0,0.722527752539372,1.0,32768,2.0,18874368,0.36,"[""2K-8K""]",False,0.5689971148967743,0.600229948759079,30.001167207956314,117550080,51.0,114.49,1755.0,1593.0,51.0,114.3,1755.0,1593.0
b16_h2048_q32_csa_profile_sim_ascending_steady,ok,,full,csa_profile_sim,ascending,steady,16,2048,32,2048,10,30,20260803,2026-08-12T06:42:12.279986+00:00,0.3336640000343323,0.33228799700737,0.3402239978313446,0.3343370666106542,0.0020456226829326145,437.6525128541718,1048576,146028888064,0.9924395161290323,0.9924395161290323,0.722527752539372,0.9982494496086106,33280,31.50769230769231,19169280,0.365625,"[""2K-8K""]",False,0.6690137088298798,0.8512325584888458,584.1330662369728,167707648,46.0,101.96,1755.0,1593.0,47.0,97.12,1755.0,1593.0
b16_h2048_q32_csa_profile_sim_descending_steady,ok,,full,csa_profile_sim,descending,steady,16,2048,32,2048,10,30,20260803,2026-08-12T09:46:49.752023+00:00,0.3375360071659088,0.3364799916744232,0.3410879969596863,0.33793813387552896,0.0015258266936229506,432.63203025395313,1048576,146028888064,0.9924395161290323,0.9924395161290323,0.722527752539372,0.9982494496086106,33280,31.50769230769231,19169280,0.365625,"[""2K-8K""]",False,0.6737895309925079,0.8134990930557251,76.39480382204056,167707648,52.0,115.53,1755.0,1593.0,52.0,115.84,1755.0,1593.0
b16_h2048_q4096_csa_profile_sim_ascending_steady,ok,,full,csa_profile_sim,ascending,steady,16,2048,4096,2048,10,30,20260803,2026-08-12T06:47:23.279831+00:00,38.51020812988281,35.961952209472656,39.51398468017578,37.95403633117676,1.546354398201184,485.3699468242495,134217728,18691697672192,0.8212912087912088,0.8212912087912088,0.722527752539372,0.8932814028864972,98236,1366.2784315322285,56583936,1.0792529296875,"[""2K-8K""]",False,1.2213103473186493,21.96744829416275,81391.42645895481,7337935872,44.0,98.37,1740.0,1593.0,59.0,334.97,1710.0,1593.0
b16_h2048_q4096_csa_profile_sim_descending_steady,ok,,full,csa_profile_sim,descending,steady,16,2048,4096,2048,10,30,20260803,2026-08-12T09:46:02.505768+00:00,38.905086517333984,35.94723129272461,40.44966506958008,38.16205774943034,1.745518380984537,480.443544672854,134217728,18691697672192,0.8212912087912088,0.8212912087912088,0.722527752539372,0.8932814028864972,98236,1366.2784315322285,56583936,1.0792529296875,"[""2K-8K""]",False,1.1539533734321594,22.080540657043457,7521.820321679115,7337935872,53.0,104.32,1635.0,1593.0,68.0,338.22,1710.0,1593.0
b16_h2048_q512_csa_profile_sim_ascending_steady,ok,,full,csa_profile_sim,ascending,steady,16,2048,512,2048,10,30,20260803,2026-08-12T06:42:39.690796+00:00,4.581503868103027,4.453023910522461,4.902527809143066,4.599748261769613,0.10469406145411084,509.9771333362232,16777216,2336462209024,0.8829500978473581,0.8829500978473581,0.722527752539372,0.9926905921294031,40948,409.7200351665527,23586048,0.4498681640625,"[""2K-8K""]",False,0.7780753076076508,3.1905509531497955,42918.069928884506,1244136448,43.0,88.39,1755.0,1593.0,47.0,142.64,1695.0,1593.0
b16_h2048_q512_csa_profile_sim_descending_steady,ok,,full,csa_profile_sim,descending,steady,16,2048,512,2048,10,30,20260803,2026-08-12T09:46:41.490044+00:00,4.591648101806641,4.4634881019592285,4.669087886810303,4.588958962758382,0.0763164780059398,508.8504513454962,16777216,2336462209024,0.8829500978473581,0.8829500978473581,0.722527752539372,0.9926905921294031,40948,409.7200351665527,23586048,0.4498681640625,"[""2K-8K""]",False,0.8817315101623535,2.9508955776691437,2963.236190378666,1244136448,51.0,95.07,1755.0,1593.0,55.0,149.87,1725.0,1593.0
b16_h2048_q8_csa_profile_sim_ascending_steady,ok,,full,csa_profile_sim,ascending,steady,16,2048,8,2048,10,30,20260803,2026-08-12T06:42:09.693859+00:00,0.14396800100803375,0.14156800508499146,0.14854399859905243,0.1442069336771965,0.002029630615217691,253.5787241635925,262144,36507222016,0.9983258928571429,0.9983258928571429,0.722527752539372,0.9993425880626223,32896,7.968871595330739,18948096,0.36140625,"[""2K-8K""]",False,0.5229748785495758,0.6137639284133911,190.35134837031364,126862336,47.0,110.62,1755.0,1593.0,47.0,111.12,1755.0,1593.0
b16_h2048_q8_csa_profile_sim_descending_steady,ok,,full,csa_profile_sim,descending,steady,16,2048,8,2048,10,30,20260803,2026-08-12T09:46:51.028687+00:00,0.14547200500965118,0.1438400000333786,0.14742399752140045,0.14570026695728303,0.0012119425995679612,250.9570278733559,262144,36507222016,0.9983258928571429,0.9983258928571429,0.722527752539372,0.9993425880626223,32896,7.968871595330739,18948096,0.36140625,"[""2K-8K""]",False,0.5791187286376953,0.6400644779205322,23.938752710819244,126862336,51.0,112.5,1755.0,1593.0,51.0,108.17,1755.0,1593.0
b16_h262144_q1024_csa_profile_sim_ascending_steady,ok,,full,csa_profile_sim,ascending,steady,16,262144,1024,2048,30,100,20260803,2026-08-12T09:54:56.417022+00:00,10.992192268371582,10.079456329345703,11.112704277038574,10.802686376571655,0.36795605205025417,425.11305333456124,33554432,4672924418048,0.50390625,0.50390625,0.3817648634796384,0.40711560034705235,3447772,9.732207350138003,1985916672,37.8783544921875,"[""64K+""]",True,1.0612346231937408,24.884410202503204,1665.3537191450596,4490003456,55.0,100.69,1755.0,1593.0,66.0,337.76,1650.0,1593.0
b16_h262144_q1024_csa_profile_sim_descending_steady,ok,,full,csa_profile_sim,descending,steady,16,262144,1024,2048,30,100,20260803,2026-08-12T09:56:52.970932+00:00,11.302144050598145,10.402591705322266,11.766400337219238,10.988421411514283,0.5085808852499872,413.45468586561634,33554432,4672924418048,0.50390625,0.50390625,0.3817648634796384,0.40711560034705235,3447772,9.732207350138003,1985916672,37.8783544921875,"[""64K+""]",True,1.164950430393219,25.998137891292572,1747.2201138734818,4490003456,66.0,113.05,1755.0,1593.0,76.0,335.88,1665.0,1593.0
b16_h262144_q128_csa_profile_sim_ascending_steady,ok,,full,csa_profile_sim,ascending,steady,16,262144,128,2048,10,30,20260803,2026-08-12T06:42:35.313628+00:00,1.2287360429763794,1.2234879732131958,1.2967360019683838,1.2387701272964478,0.0230008782138332,475.37919604042145,4194304,584115552256,0.50390625,0.50390625,0.3817648634796384,0.40705647627201563,1131768,3.7059750761640196,651898368,12.433974609375,"[""64K+""]",True,0.7487908005714417,20.525366067886353,1995.7866445183754,3006268416,44.0,88.36,1755.0,1593.0,49.0,106.25,1650.0,1593.0
b16_h262144_q128_csa_profile_sim_descending_steady,ok,,full,csa_profile_sim,descending,steady,16,262144,128,2048,10,30,20260803,2026-08-12T09:46:45.203533+00:00,1.2369279861450195,1.230463981628418,1.322111964225769,1.2729642629623412,0.041784683266085525,472.2308483587963,4194304,584115552256,0.50390625,0.50390625,0.3817648634796384,0.40705647627201563,1131768,3.7059750761640196,651898368,12.433974609375,"[""64K+""]",True,0.8121654391288757,21.958407014608383,202.19306275248528,3006268416,53.0,181.29,1740.0,1593.0,55.0,193.89,1515.0,1593.0
b16_h262144_q2_csa_profile_sim_ascending_steady,ok,,full,csa_profile_sim,ascending,steady,16,262144,2,2048,10,30,20260803,2026-08-12T06:42:09.370689+00:00,0.07347200065851212,0.07257600128650665,0.0759039968252182,0.07363413373629252,0.0009437531591522118,124.22154592495924,65536,9126805504,0.50390625,0.50390625,0.38176486347963834,0.41022504892367906,49024,1.3368146214099217,28237824,0.53859375,"[""64K+""]",True,0.679895281791687,19.967664033174515,37.865497171878815,2796719104,48.0,103.0,1755.0,1593.0,48.0,103.35,1755.0,1593.0
b16_h262144_q2_csa_profile_sim_descending_steady,ok,,full,csa_profile_sim,descending,steady,16,262144,2,2048,10,30,20260803,2026-08-12T09:46:51.397999+00:00,0.07436800003051758,0.07385600358247757,0.07628799974918365,0.07472746645410856,0.0009443592904838421,122.72490184292616,65536,9126805504,0.50390625,0.50390625,0.38176486347963834,0.41022504892367906,49024,1.3368146214099217,28237824,0.53859375,"[""64K+""]",True,0.7083006203174591,21.271996200084686,6.445400416851044,2796719104,51.0,116.35,1755.0,1593.0,51.0,116.2,1755.0,1593.0
b16_h262144_q32_csa_profile_sim_ascending_steady,ok,,full,csa_profile_sim,ascending,steady,16,262144,32,2048,10,30,20260803,2026-08-12T06:42:16.691742+00:00,0.36982399225234985,0.3672960102558136,0.37279999256134033,0.3698506673177083,0.002427239531635995,394.8605042486184,1048576,146028888064,0.50390625,0.50390625,0.38176486347963834,0.40605124755381605,429524,2.441251245564858,247405824,4.7188916015625,"[""64K+""]",True,0.7950887084007263,20.069923251867294,507.11365044116974,2846393344,45.0,100.21,1755.0,1593.0,45.0,104.1,1755.0,1593.0
b16_h262144_q32_csa_profile_sim_descending_steady,ok,,full,csa_profile_sim,descending,steady,16,262144,32,2048,10,30,20260803,2026-08-12T09:46:48.419068+00:00,0.3745279908180237,0.3719039857387543,0.37968000769615173,0.3752607971429825,0.002486744305582452,389.9011332772529,1048576,146028888064,0.50390625,0.50390625,0.38176486347963834,0.40605124755381605,429524,2.441251245564858,247405824,4.7188916015625,"[""64K+""]",True,0.7833875715732574,21.506965160369873,55.303435772657394,2846393344,54.0,144.01,1740.0,1593.0,54.0,146.66,1755.0,1593.0
b16_h262144_q4096_csa_profile_sim_ascending_steady,ok,,full,csa_profile_sim,ascending,steady,16,262144,4096,2048,10,30,20260803,2026-08-12T06:54:31.310196+00:00,41.89836883544922,40.09516906738281,45.68080139160156,42.27683016459147,1.7684221273463194,446.1199371651289,134217728,18691697672192,0.50390625,0.50390625,0.3817648634796384,0.4068838518892949,4252524,31.561897828207435,2449453824,46.7196240234375,"[""64K+""]",True,1.4750584959983826,41.7201854288578,65649.78215098381,9734980608,44.0,99.82,1710.0,1593.0,61.0,336.88,1605.0,1593.0
b16_h262144_q4096_csa_profile_sim_descending_steady,ok,,full,csa_profile_sim,descending,steady,16,262144,4096,2048,10,30,20260803,2026-08-12T09:45:05.663055+00:00,42.59862518310547,40.32915115356445,43.884254455566406,42.50321680704753,1.442338657795906,438.78640664687674,134217728,18691697672192,0.50390625,0.50390625,0.3817648634796384,0.4068838518892949,4252524,31.561897828207435,2449453824,46.7196240234375,"[""64K+""]",True,1.3486556708812714,42.38360747694969,7139.80719819665,9734980608,53.0,105.33,1710.0,1593.0,67.0,340.06,1380.0,1593.0
b16_h262144_q512_csa_profile_sim_ascending_steady,ok,,full,csa_profile_sim,ascending,steady,16,262144,512,2048,10,30,20260803,2026-08-12T06:44:08.526859+00:00,5.257631778717041,5.103263854980469,5.380576133728027,5.2409024397532145,0.07331131383484767,444.39441698485393,16777216,2336462209024,0.50390625,0.50390625,0.3817648634796384,0.40710473107265166,2529092,6.633691459227264,1456756992,27.7854345703125,"[""64K+""]",True,0.9556375443935394,22.554107010364532,8007.164016366005,3641181184,43.0,88.28,1755.0,1593.0,51.0,147.96,1680.0,1593.0
b16_h262144_q512_csa_profile_sim_descending_steady,ok,,full,csa_profile_sim,descending,steady,16,262144,512,2048,10,30,20260803,2026-08-12T09:46:33.835953+00:00,5.171167850494385,5.034016132354736,5.461152076721191,5.211867761611939,0.12801886920218744,451.8248636622044,16777216,2336462209024,0.50390625,0.50390625,0.3817648634796384,0.40710473107265166,2529092,6.633691459227264,1456756992,27.7854345703125,"[""64K+""]",True,1.0521449148654938,23.83192628622055,951.8737569451332,3641181184,53.0,102.0,1755.0,1593.0,58.0,154.41,1470.0,1593.0
b16_h262144_q8_csa_profile_sim_ascending_steady,ok,,full,csa_profile_sim,ascending,steady,16,262144,8,2048,10,30,20260803,2026-08-12T06:42:11.613092+00:00,0.16147199273109436,0.15830400586128235,0.16284799575805664,0.16131840099891026,0.001643283552768788,226.09011877865973,262144,36507222016,0.50390625,0.50390625,0.38176486347963834,0.41147871819960863,139340,1.8813262523324243,80259840,1.5308349609375,"[""64K+""]",True,0.7024183869361877,20.08361741900444,132.7049434185028,2806653952,46.0,104.65,1755.0,1593.0,47.0,105.47,1755.0,1593.0
b16_h262144_q8_csa_profile_sim_descending_steady,ok,,full,csa_profile_sim,descending,steady,16,262144,8,2048,10,30,20260803,2026-08-12T09:46:50.143262+00:00,0.16409599781036377,0.1619199961423874,0.16575999557971954,0.16423253218332926,0.0016975275813210997,222.4747861199472,262144,36507222016,0.50390625,0.50390625,0.38176486347963834,0.41147871819960863,139340,1.8813262523324243,80259840,1.5308349609375,"[""64K+""]",True,0.6930828094482422,21.33350446820259,18.218524754047394,2806653952,53.0,124.68,1755.0,1593.0,52.0,126.34,1755.0,1593.0
b16_h32768_q1024_csa_profile_sim_ascending_steady,ok,,full,csa_profile_sim,ascending,steady,16,32768,1024,2048,30,100,20260803,2026-08-12T09:54:49.750763+00:00,9.869536399841309,9.779232025146484,10.423583984375,9.939018564224243,0.20963533083298874,473.46949529697616,33554432,4672924418048,0.5703125,0.5703125,0.432384490611313,0.5020708953797701,540568,62.072545914667536,311367168,5.938857421875,"[""32K-64K""]",False,0.8520260453224182,7.487408816814423,2131.137266755104,2376074240,52.0,95.8,1755.0,1593.0,62.0,333.21,1695.0,1593.0
b16_h32768_q1024_csa_profile_sim_descending_steady,ok,,full,csa_profile_sim,descending,steady,16,32768,1024,2048,30,100,20260803,2026-08-12T09:56:59.620230+00:00,10.051008224487305,9.725407600402832,11.028544425964355,10.243985624313355,0.39488554112197294,464.920962522281,33554432,4672924418048,0.5703125,0.5703125,0.432384490611313,0.5020708953797701,540568,62.072545914667536,311367168,5.938857421875,"[""32K-64K""]",False,0.8506998419761658,8.158538490533829,1600.6431430578232,2376074240,67.0,113.25,1755.0,1593.0,76.0,337.44,1635.0,1593.0
b16_h32768_q128_csa_profile_sim_ascending_steady,ok,,full,csa_profile_sim,ascending,steady,16,32768,128,2048,10,30,20260803,2026-08-12T06:42:28.732462+00:00,1.168544054031372,1.1503679752349854,1.233407974243164,1.1767690579096477,0.028946323847096177,499.8660942570832,4194304,584115552256,0.5703125,0.5703125,0.432384490611313,0.49703877965998045,497244,8.435102283788241,286412544,5.4628857421875,"[""32K-64K""]",False,0.7081367075443268,3.153841942548752,1952.7271129190922,892339200,44.0,89.24,1755.0,1593.0,44.0,105.64,1710.0,1593.0
b16_h32768_q128_csa_profile_sim_descending_steady,ok,,full,csa_profile_sim,descending,steady,16,32768,128,2048,10,30,20260803,2026-08-12T09:46:46.378018+00:00,1.1766719818115234,1.1739200353622437,1.2625600099563599,1.1895093282063802,0.029239410230398333,496.41324114536644,4194304,584115552256,0.5703125,0.5703125,0.432384490611313,0.49703877965998045,497244,8.435102283788241,286412544,5.4628857421875,"[""32K-64K""]",False,0.754188746213913,3.3711306750774384,232.20570385456085,892339200,53.0,133.76,1740.0,1593.0,53.0,148.34,1755.0,1593.0
b16_h32768_q2_csa_profile_sim_ascending_steady,ok,,full,csa_profile_sim,ascending,steady,16,32768,2,2048,30,100,20260803,2026-08-12T09:54:49.616817+00:00,0.07423999905586243,0.07366400212049484,0.07548800110816956,0.07440032005310059,0.0008192316335852029,122.93649811515311,65536,9126805504,0.5703125,0.5703125,0.43238449061131295,0.48312133072407043,46848,1.3989071038251366,26984448,0.5146875,"[""32K-64K""]",False,0.6246007978916168,2.8435438871383667,13.583991676568985,682789888,58.0,267.17,1740.0,1593.0,57.0,264.57,1740.0,1593.0
b16_h32768_q2_csa_profile_sim_descending_steady,ok,,full,csa_profile_sim,descending,steady,16,32768,2,2048,30,100,20260803,2026-08-12T09:57:02.744818+00:00,0.07340800017118454,0.0727040022611618,0.07568000257015228,0.07372288025915623,0.0012292725140245018,124.32984800998055,65536,9126805504,0.5703125,0.5703125,0.43238449061131295,0.48312133072407043,46848,1.3989071038251366,26984448,0.5146875,"[""32K-64K""]",False,0.6234496831893921,3.2007433474063873,9.232819080352783,682789888,75.0,314.31,1740.0,1593.0,74.0,285.57,1740.0,1593.0
b16_h32768_q32_csa_profile_sim_ascending_steady,ok,,full,csa_profile_sim,ascending,steady,16,32768,32,2048,10,30,20260803,2026-08-12T06:42:14.689519+00:00,0.35340800881385803,0.3514240086078644,0.3574720025062561,0.3537589371204376,0.0015869850115266119,413.20197738052457,1048576,146028888064,0.5703125,0.5703125,0.43238449061131295,0.49102174045988256,295372,3.5500182820307953,170134272,3.2450537109375,"[""32K-64K""]",False,0.6625726819038391,3.062758594751358,496.7089965939522,732464128,45.0,95.36,1755.0,1593.0,45.0,100.16,1755.0,1593.0
b16_h32768_q32_csa_profile_sim_descending_steady,ok,,full,csa_profile_sim,descending,steady,16,32768,32,2048,10,30,20260803,2026-08-12T09:46:49.009009+00:00,0.3569920063018799,0.35519999265670776,0.36073601245880127,0.35736000041166943,0.001635148381372123,409.05366362885707,1048576,146028888064,0.5703125,0.5703125,0.43238449061131295,0.49102174045988256,295372,3.5500182820307953,170134272,3.2450537109375,"[""32K-64K""]",False,0.7009319961071014,3.103528171777725,52.15119197964668,732464128,53.0,143.15,1755.0,1593.0,53.0,136.98,1755.0,1593.0
b16_h32768_q4096_csa_profile_sim_ascending_steady,ok,,full,csa_profile_sim,ascending,steady,16,32768,4096,2048,10,30,20260803,2026-08-12T06:51:16.887584+00:00,39.32883071899414,36.903358459472656,40.36550521850586,38.83449567159017,1.4603156735054619,475.2670580456569,134217728,18691697672192,0.5703125,0.5703125,0.432384490611313,0.4904987611416035,589740,227.5879675789331,339690240,6.4790771484375,"[""32K-64K""]",False,1.2355074286460876,24.440709501504898,58526.99280902743,7621051392,46.0,97.77,1725.0,1593.0,62.0,340.18,1620.0,1593.0
b16_h32768_q4096_csa_profile_sim_descending_steady,ok,,full,csa_profile_sim,descending,steady,16,32768,4096,2048,10,30,20260803,2026-08-12T09:45:32.322864+00:00,39.444000244140625,36.95033645629883,41.336097717285156,39.08813247680664,1.7412657804772484,473.8793620448939,134217728,18691697672192,0.5703125,0.5703125,0.432384490611313,0.4904987611416035,589740,227.5879675789331,339690240,6.4790771484375,"[""32K-64K""]",False,1.2433119118213654,24.569455534219742,6818.506721407175,7621051392,52.0,104.46,1755.0,1593.0,67.0,342.45,1605.0,1593.0
b16_h32768_q512_csa_profile_sim_ascending_steady,ok,,full,csa_profile_sim,ascending,steady,16,32768,512,2048,10,30,20260803,2026-08-12T06:43:43.888925+00:00,4.854976177215576,4.677023887634277,4.936831951141357,4.876314687728882,0.06947610783307669,481.2510141633706,16777216,2336462209024,0.5703125,0.5703125,0.432384490611313,0.5034351684809197,532392,31.51290026897474,306657792,5.849033203125,"[""32K-64K""]",False,0.8064284920692444,5.2536725997924805,7576.290741562843,1527251968,43.0,88.5,1755.0,1593.0,51.0,144.98,1695.0,1593.0
b16_h32768_q512_csa_profile_sim_descending_steady,ok,,full,csa_profile_sim,descending,steady,16,32768,512,2048,10,30,20260803,2026-08-12T09:46:37.455270+00:00,4.962240219116211,4.869344234466553,4.970240116119385,4.94382823308309,0.05059889020873115,470.8482672852405,16777216,2336462209024,0.5703125,0.5703125,0.432384490611313,0.5034351684809197,532392,31.51290026897474,306657792,5.849033203125,"[""32K-64K""]",False,0.9190477430820465,5.380842834711075,798.8514378666878,1527251968,53.0,111.2,1755.0,1593.0,57.0,151.17,1650.0,1593.0
b16_h32768_q8_csa_profile_sim_ascending_steady,ok,,full,csa_profile_sim,ascending,steady,16,32768,8,2048,10,30,20260803,2026-08-12T06:42:10.832272+00:00,0.15830400586128235,0.15695999562740326,0.16076800227165222,0.15849600086609522,0.001153155239037353,230.61464438234316,262144,36507222016,0.5703125,0.5703125,0.43238449061131295,0.49201932485322897,117556,2.229949981285515,67712256,1.2915087890625,"[""32K-64K""]",False,0.5991309881210327,2.869129180908203,132.82958790659904,692724736,46.0,95.68,1755.0,1593.0,46.0,95.5,1755.0,1593.0
b16_h32768_q8_csa_profile_sim_descending_steady,ok,,full,csa_profile_sim,descending,steady,16,32768,8,2048,10,30,20260803,2026-08-12T09:46:50.617864+00:00,0.16012799739837646,0.158720001578331,0.1621440052986145,0.1604266663392385,0.0011712849052643247,227.98775110622938,262144,36507222016,0.5703125,0.5703125,0.43238449061131295,0.49201932485322897,117556,2.229949981285515,67712256,1.2915087890625,"[""32K-64K""]",False,0.6053149700164795,2.98115611076355,17.778869718313217,692724736,52.0,123.85,1755.0,1593.0,52.0,121.91,1755.0,1593.0
b16_h4096_q1024_csa_profile_sim_ascending_steady,ok,,full,csa_profile_sim,ascending,steady,16,4096,1024,2048,10,30,20260803,2026-08-12T06:45:20.192281+00:00,9.03609561920166,8.884672164916992,9.114144325256348,9.035188325246175,0.06624139268712424,517.1397708671938,33554432,4672924418048,0.8125,0.8125,0.722527752539372,0.8639821390349804,81852,409.9402824610272,47146752,0.8992529296875,"[""2K-8K""]",False,0.8749999105930328,5.882624536752701,8306.093491613865,2111833088,44.0,90.11,1755.0,1593.0,54.0,197.96,1680.0,1593.0
b16_h4096_q1024_csa_profile_sim_descending_steady,ok,,full,csa_profile_sim,descending,steady,16,4096,1024,2048,10,30,20260803,2026-08-12T09:46:26.579028+00:00,9.118016242980957,9.034496307373047,9.24665641784668,9.115342903137208,0.06770588386352185,512.4935395509099,33554432,4672924418048,0.8125,0.8125,0.722527752539372,0.8639821390349804,81852,409.9402824610272,47146752,0.8992529296875,"[""2K-8K""]",False,0.8543245494365692,5.8029815554618835,934.1588653624058,2111833088,54.0,102.48,1755.0,1593.0,61.0,207.55,1680.0,1593.0
b16_h4096_q128_csa_profile_sim_ascending_steady,ok,,full,csa_profile_sim,ascending,steady,16,4096,128,2048,10,30,20260803,2026-08-12T06:42:23.281776+00:00,1.104416012763977,1.1020480394363403,1.1706559658050537,1.1187925259272258,0.026797465503518938,528.8908758160412,4194304,584115552256,0.8125,0.8125,0.722527752539372,0.8773315190802348,67508,62.13047342537181,38884608,0.7416650390625,"[""2K-8K""]",False,0.6734281778335571,1.1263899505138397,1123.417742550373,628098048,44.0,89.3,1755.0,1593.0,46.0,104.48,1740.0,1593.0
b16_h4096_q128_csa_profile_sim_descending_steady,ok,,full,csa_profile_sim,descending,steady,16,4096,128,2048,10,30,20260803,2026-08-12T09:46:47.474794+00:00,1.1222399473190308,1.1175999641418457,1.160256028175354,1.1368821382522583,0.019386285896094934,520.4907859958289,4194304,584115552256,0.8125,0.8125,0.722527752539372,0.8773315190802348,67508,62.13047342537181,38884608,0.7416650390625,"[""2K-8K""]",False,0.6945393979549408,1.139272004365921,115.38081616163254,628098048,53.0,142.92,1740.0,1593.0,53.0,156.21,1665.0,1593.0
b16_h4096_q2_csa_profile_sim_ascending_steady,ok,,full,csa_profile_sim,ascending,steady,16,4096,2,2048,10,30,20260803,2026-08-12T06:42:08.582880+00:00,0.07158400118350983,0.0711359977722168,0.07308799773454666,0.07194773331284524,0.0011355711190531087,127.49783964440452,65536,9126805504,0.8125,0.8125,0.722527752539372,0.8565313111545988,38912,1.6842105263157894,22413312,0.4275,"[""2K-8K""]",False,0.5344189703464508,0.6547830998897552,33.22436287999153,229897216,50.0,254.92,1755.0,1593.0,50.0,235.1,1755.0,1593.0
b16_h4096_q2_csa_profile_sim_descending_steady,ok,,full,csa_profile_sim,descending,steady,16,4096,2,2048,10,30,20260803,2026-08-12T09:46:52.034068+00:00,0.07241600006818771,0.07174400240182877,0.07782399654388428,0.0727242668469747,0.001493168744715998,126.03299678808686,65536,9126805504,0.8125,0.8125,0.722527752539372,0.8565313111545988,38912,1.6842105263157894,22413312,0.4275,"[""2K-8K""]",False,0.5988627672195435,0.715993344783783,7.239237427711487,229897216,51.0,114.68,1755.0,1593.0,51.0,115.17,1755.0,1593.0
b16_h4096_q32_csa_profile_sim_ascending_steady,ok,,full,csa_profile_sim,ascending,steady,16,4096,32,2048,10,30,20260803,2026-08-12T06:42:13.041567+00:00,0.32790398597717285,0.32556799054145813,0.32972800731658936,0.32779200077056886,0.0015695185733850812,445.3403871527376,1048576,146028888064,0.8125,0.8125,0.722527752539372,0.8754395486790607,65344,16.047012732615084,37638144,0.717890625,"[""2K-8K""]",False,0.6264746189117432,0.9320005774497986,300.34054815769196,280953856,46.0,94.91,1755.0,1593.0,46.0,97.94,1755.0,1593.0
b16_h4096_q32_csa_profile_sim_descending_steady,ok,,full,csa_profile_sim,descending,steady,16,4096,32,2048,10,30,20260803,2026-08-12T09:46:49.609067+00:00,0.33164799213409424,0.3300800025463104,0.3352000117301941,0.3321674674749374,0.0018402395237652892,440.31289658752576,1048576,146028888064,0.8125,0.8125,0.722527752539372,0.8754395486790607,65344,16.047012732615084,37638144,0.717890625,"[""2K-8K""]",False,0.6948970258235931,0.9496696293354034,43.80267858505249,280953856,53.0,118.34,1755.0,1593.0,53.0,120.71,1755.0,1593.0
b16_h4096_q4096_csa_profile_sim_ascending_steady,ok,,full,csa_profile_sim,ascending,steady,16,4096,4096,2048,10,30,20260803,2026-08-12T06:48:46.410732+00:00,38.59308624267578,35.889217376708984,39.35811233520508,37.87590637207031,1.5684777752277324,484.3276216537184,134217728,18691697672192,0.8124670902014652,0.8124670902014652,0.7224876865505949,0.8334292954894662,130988,1024.656670840077,75449088,1.4390771484375,"[""2K-8K"", ""8K-16K""]",False,1.2005046010017395,22.35874906182289,28275.06659179926,7356810240,45.0,98.79,1725.0,1593.0,59.0,327.85,1725.0,1593.0
b16_h4096_q4096_csa_profile_sim_descending_steady,ok,,full,csa_profile_sim,descending,steady,16,4096,4096,2048,10,30,20260803,2026-08-12T09:45:56.769415+00:00,38.62015914916992,35.98179244995117,40.16134262084961,38.23024965922038,1.684471869791277,483.98810579717014,134217728,18691697672192,0.8124670902014652,0.8124670902014652,0.7224876865505949,0.8334292954894662,130988,1024.656670840077,75449088,1.4390771484375,"[""2K-8K"", ""8K-16K""]",False,1.1716559529304504,22.08087220788002,4047.0681376755238,7356810240,54.0,104.03,1725.0,1593.0,68.0,341.33,1575.0,1593.0
b16_h4096_q512_csa_profile_sim_ascending_steady,ok,,full,csa_profile_sim,ascending,steady,16,4096,512,2048,10,30,20260803,2026-08-12T06:43:22.961546+00:00,4.630368232727051,4.458911895751953,4.82912015914917,4.674237855275472,0.10905811592850365,504.5953348828897,16777216,2336462209024,0.8125,0.8125,0.722527752539372,0.8704014608304794,73644,227.81511053174734,42418944,0.8090771484375,"[""2K-8K""]",False,0.8813031017780304,3.115430474281311,4354.812376201153,1263010816,44.0,90.05,1755.0,1593.0,49.0,144.83,1725.0,1593.0
b16_h4096_q512_csa_profile_sim_descending_steady,ok,,full,csa_profile_sim,descending,steady,16,4096,512,2048,10,30,20260803,2026-08-12T09:46:40.757624+00:00,4.675807952880859,4.476191997528076,4.920735836029053,4.713980833689372,0.13236476442967146,499.69165384229666,16777216,2336462209024,0.8125,0.8125,0.722527752539372,0.8704014608304794,73644,227.81511053174734,42418944,0.8090771484375,"[""2K-8K""]",False,0.8758269250392914,3.097791224718094,474.1411507129669,1263010816,54.0,149.43,1755.0,1593.0,60.0,202.15,1515.0,1593.0
b16_h4096_q8_csa_profile_sim_ascending_steady,ok,,full,csa_profile_sim,ascending,steady,16,4096,8,2048,10,30,20260803,2026-08-12T06:42:10.112011+00:00,0.1480959951877594,0.14665600657463074,0.15033599734306335,0.14852800071239472,0.0017088662799690589,246.51052832127792,262144,36507222016,0.8125,0.8125,0.722527752539372,0.8696948385518593,54784,4.785046728971962,31555584,0.601875,"[""2K-8K""]",False,0.5544312298297882,0.7436014711856842,85.37114784121513,240108544,47.0,110.15,1755.0,1593.0,47.0,108.25,1755.0,1593.0
b16_h4096_q8_csa_profile_sim_descending_steady,ok,,full,csa_profile_sim,descending,steady,16,4096,8,2048,10,30,20260803,2026-08-12T09:46:50.947842+00:00,0.15043200552463531,0.1472640037536621,0.15187199413776398,0.15033280005057653,0.001346951799815871,242.68254543758934,262144,36507222016,0.8125,0.8125,0.722527752539372,0.8696948385518593,54784,4.785046728971962,31555584,0.601875,"[""2K-8K""]",False,0.6119571626186371,0.8098557591438293,11.97177916765213,240108544,52.0,120.67,1755.0,1593.0,51.0,118.88,1755.0,1593.0
b16_h524288_q1024_csa_profile_sim_ascending_steady,ok,,full,csa_profile_sim,ascending,steady,16,524288,1024,2048,30,100,20260803,2026-08-12T09:54:59.647632+00:00,11.038559913635254,10.154496192932129,11.171744346618652,10.762767992019654,0.4223339609387218,423.3273592396617,33554432,4672924418048,0.50390625,0.50390625,0.3817648634796384,0.40694921683891877,4626528,7.2526162167396375,2664880128,50.8285546875,"[""64K+""]",True,1.2132935225963593,44.77130249142647,1725.9458005428314,6905922560,57.0,102.29,1755.0,1593.0,70.0,342.81,1635.0,1593.0
b16_h524288_q1024_csa_profile_sim_descending_steady,ok,,full,csa_profile_sim,descending,steady,16,524288,1024,2048,30,100,20260803,2026-08-12T09:56:49.541722+00:00,11.338944435119629,10.361536026000977,11.473376274108887,10.965254392623901,0.44352986560160845,412.1128245037298,33554432,4672924418048,0.50390625,0.50390625,0.3817648634796384,0.40694921683891877,4626528,7.2526162167396375,2664880128,50.8285546875,"[""64K+""]",True,1.0959357023239136,43.91656816005707,1790.0220938026905,6905922560,66.0,111.2,1755.0,1593.0,75.0,332.13,1710.0,1593.0
b16_h524288_q128_csa_profile_sim_ascending_steady,ok,,full,csa_profile_sim,ascending,steady,16,524288,128,2048,10,30,20260803,2026-08-12T06:42:37.498967+00:00,1.232640027999878,1.2276480197906494,1.3377920389175415,1.2570378661155701,0.04491929147861674,473.87358757430997,4194304,584115552256,0.50390625,0.50390625,0.3817648634796384,0.4064745520425636,1167580,3.592305452303054,672526080,12.8274169921875,"[""64K+""]",True,0.8491016924381256,39.74900767207146,2005.641434341669,5422187520,44.0,88.15,1755.0,1593.0,48.0,106.13,1650.0,1593.0
b16_h524288_q128_csa_profile_sim_descending_steady,ok,,full,csa_profile_sim,descending,steady,16,524288,128,2048,10,30,20260803,2026-08-12T09:46:44.817447+00:00,1.2306879758834839,1.2248320579528809,1.318560004234314,1.2629759907722473,0.04286652180867496,474.62522077269523,4194304,584115552256,0.50390625,0.50390625,0.3817648634796384,0.4064745520425636,1167580,3.592305452303054,672526080,12.8274169921875,"[""64K+""]",True,1.0151304304599762,39.69838097691536,210.38009971380234,5422187520,53.0,159.64,1755.0,1593.0,53.0,177.47,1515.0,1593.0
b16_h524288_q2_csa_profile_sim_ascending_steady,ok,,full,csa_profile_sim,ascending,steady,16,524288,2,2048,10,30,20260803,2026-08-12T06:42:09.541764+00:00,0.07315199822187424,0.07231999933719635,0.07440000027418137,0.0732415996491909,0.0011390796744539086,124.76495141414827,65536,9126805504,0.50390625,0.50390625,0.38176486347963834,0.40313111545988256,49024,1.3368146214099217,28237824,0.53859375,"[""64K+""]",True,0.782504677772522,39.69116508960724,38.120780140161514,5212638208,48.0,112.31,1755.0,1593.0,48.0,112.01,1755.0,1593.0
b16_h524288_q2_csa_profile_sim_descending_steady,ok,,full,csa_profile_sim,descending,steady,16,524288,2,2048,10,30,20260803,2026-08-12T09:46:51.186845+00:00,0.07417599856853485,0.07366400212049484,0.07596799731254578,0.0743946669002374,0.0010677996996133082,123.04257010530563,65536,9126805504,0.50390625,0.50390625,0.38176486347963834,0.40313111545988256,49024,1.3368146214099217,28237824,0.53859375,"[""64K+""]",True,0.8041374385356903,38.98272663354874,8.684538304805756,5212638208,52.0,114.32,1755.0,1593.0,52.0,112.87,1755.0,1593.0
b16_h524288_q32_csa_profile_sim_ascending_steady,ok,,full,csa_profile_sim,ascending,steady,16,524288,32,2048,10,30,20260803,2026-08-12T06:42:17.351693+00:00,0.37219199538230896,0.3688639998435974,0.37670400738716125,0.37235200107097627,0.0022859457289692367,392.34827689940437,1048576,146028888064,0.50390625,0.50390625,0.38176486347963834,0.4080731714774951,430632,2.434969997584945,248044032,4.731064453125,"[""64K+""]",True,0.8573457598686218,39.57579657435417,504.81171905994415,5262312448,45.0,103.17,1755.0,1593.0,45.0,106.84,1755.0,1593.0
b16_h524288_q32_csa_profile_sim_descending_steady,ok,,full,csa_profile_sim,descending,steady,16,524288,32,2048,10,30,20260803,2026-08-12T09:46:48.210372+00:00,0.3765760064125061,0.3729279935359955,0.37993600964546204,0.3761002669731776,0.0020209843110872393,387.7806487332019,1048576,146028888064,0.50390625,0.50390625,0.38176486347963834,0.4080731714774951,430632,2.434969997584945,248044032,4.731064453125,"[""64K+""]",True,0.9497851133346558,39.09796103835106,55.28967082500458,5262312448,54.0,147.95,1740.0,1593.0,55.0,152.16,1740.0,1593.0
b16_h524288_q4096_csa_profile_sim_ascending_steady,ok,,full,csa_profile_sim,ascending,steady,16,524288,4096,2048,10,30,20260803,2026-08-12T06:55:38.830494+00:00,41.85091018676758,39.96905517578125,44.780609130859375,42.31883303324381,1.8766764995309384,446.6258341521553,134217728,18691697672192,0.50390625,0.50390625,0.3817648634796384,0.4066558957333201,8033216,16.707845027446044,4627132416,88.255546875,"[""64K+""]",True,1.3119056820869446,61.288878321647644,64643.082950264215,12150899712,47.0,100.59,1725.0,1593.0,59.0,322.51,1710.0,1593.0
b16_h524288_q4096_csa_profile_sim_descending_steady,ok,,full,csa_profile_sim,descending,steady,16,524288,4096,2048,10,30,20260803,2026-08-12T09:44:56.170005+00:00,43.07807922363281,42.23555374145508,44.754207611083984,43.24528223673503,0.8145250598357159,433.9027646789242,134217728,18691697672192,0.50390625,0.50390625,0.3817648634796384,0.4066558957333201,8033216,16.707845027446044,4627132416,88.255546875,"[""64K+""]",True,1.3729855418205261,58.3520233631134,7529.0176793932915,12150899712,52.0,105.65,1725.0,1593.0,64.0,328.72,1710.0,1593.0
b16_h524288_q512_csa_profile_sim_ascending_steady,ok,,full,csa_profile_sim,ascending,steady,16,524288,512,2048,10,30,20260803,2026-08-12T06:44:16.906670+00:00,5.27510404586792,5.167520046234131,5.293056011199951,5.26157972017924,0.04015885521274912,442.9224881079249,16777216,2336462209024,0.50390625,0.50390625,0.3817648634796384,0.40646308555528377,2948272,5.690525161857522,1698204672,32.39068359375,"[""64K+""]",True,0.9735673666000366,42.40499064326286,8020.764734596014,6057100288,44.0,88.42,1755.0,1593.0,48.0,148.97,1620.0,1593.0
b16_h524288_q512_csa_profile_sim_descending_steady,ok,,full,csa_profile_sim,descending,steady,16,524288,512,2048,10,30,20260803,2026-08-12T09:46:32.643291+00:00,5.219359874725342,4.998335838317871,5.48908805847168,5.275698169072469,0.1308625583575121,447.65301973873795,16777216,2336462209024,0.50390625,0.50390625,0.3817648634796384,0.40646308555528377,2948272,5.690525161857522,1698204672,32.39068359375,"[""64K+""]",True,1.0759197175502777,41.533101350069046,853.2613106071949,6057100288,53.0,121.58,1755.0,1593.0,59.0,158.98,1605.0,1593.0
b16_h524288_q8_csa_profile_sim_ascending_steady,ok,,full,csa_profile_sim,ascending,steady,16,524288,8,2048,10,30,20260803,2026-08-12T06:42:11.936894+00:00,0.16185599565505981,0.15958400070667267,0.16672000288963318,0.1620373328526815,0.0019173023609453906,225.5537205665371,262144,36507222016,0.50390625,0.50390625,0.38176486347963834,0.4081305039138943,139164,1.8837055560346065,80158464,1.5289013671875,"[""64K+""]",True,0.7486492395401001,39.58282992243767,134.56513732671738,5222573056,47.0,111.89,1755.0,1593.0,46.0,113.82,1755.0,1593.0
b16_h524288_q8_csa_profile_sim_descending_steady,ok,,full,csa_profile_sim,descending,steady,16,524288,8,2048,10,30,20260803,2026-08-12T09:46:49.974583+00:00,0.16451199352741241,0.16355200111865997,0.16582399606704712,0.1646325315038363,0.0011783556806380217,221.91222191904723,262144,36507222016,0.50390625,0.50390625,0.38176486347963834,0.4081305039138943,139164,1.8837055560346065,80158464,1.5289013671875,"[""64K+""]",True,0.8007027208805084,39.260927587747574,18.63260567188263,5222573056,53.0,122.25,1755.0,1593.0,53.0,124.5,1755.0,1593.0
b16_h65536_q1024_csa_profile_sim_ascending_steady,ok,,full,csa_profile_sim,ascending,steady,16,65536,1024,2048,30,100,20260803,2026-08-12T09:54:53.334725+00:00,10.398336410522461,10.31488037109375,11.000479698181152,10.50682812690735,0.21880882273286453,449.3915404890435,33554432,4672924418048,0.50390625,0.50390625,0.3817648634796384,0.4113515118563479,1064884,31.509940988877663,613373184,11.6991650390625,"[""64K+""]",False,1.038089394569397,10.386776179075241,1576.757751405239,2678064128,54.0,97.9,1755.0,1593.0,68.0,343.91,1560.0,1593.0
b16_h65536_q1024_csa_profile_sim_descending_steady,ok,,full,csa_profile_sim,descending,steady,16,65536,1024,2048,30,100,20260803,2026-08-12T09:56:56.365147+00:00,10.65817642211914,10.548352241516113,11.333024024963379,10.786973485946655,0.22884554338095295,438.4356416122162,33554432,4672924418048,0.50390625,0.50390625,0.3817648634796384,0.4113515118563479,1064884,31.509940988877663,613373184,11.6991650390625,"[""64K+""]",False,0.9476467967033386,10.994445532560349,1685.9363541007042,2678064128,67.0,114.31,1755.0,1593.0,79.0,332.66,1695.0,1593.0
b16_h65536_q128_csa_profile_sim_ascending_steady,ok,,full,csa_profile_sim,ascending,steady,16,65536,128,2048,10,30,20260803,2026-08-12T06:42:30.851478+00:00,1.2082560062408447,1.2020800113677979,1.2879359722137451,1.2210506558418275,0.029441353549732548,483.4369117463065,4194304,584115552256,0.50390625,0.50390625,0.3817648634796384,0.41146247400929553,871292,4.813890176886738,501864192,9.5722998046875,"[""64K+""]",False,0.7728450000286102,5.692958831787109,2085.542991757393,1194329088,44.0,89.12,1755.0,1593.0,48.0,106.11,1665.0,1593.0
b16_h65536_q128_csa_profile_sim_descending_steady,ok,,full,csa_profile_sim,descending,steady,16,65536,128,2048,10,30,20260803,2026-08-12T09:46:45.917519+00:00,1.21343994140625,1.191264033317566,1.297279953956604,1.225102929274241,0.03969203616294969,481.3716215563756,4194304,584115552256,0.50390625,0.50390625,0.3817648634796384,0.41146247400929553,871292,4.813890176886738,501864192,9.5722998046875,"[""64K+""]",False,0.7433593273162842,6.052024662494659,313.7560300529003,1194329088,53.0,133.52,1755.0,1593.0,52.0,150.33,1545.0,1593.0
b16_h65536_q2_csa_profile_sim_ascending_steady,ok,,full,csa_profile_sim,ascending,steady,16,65536,2,2048,10,30,20260803,2026-08-12T06:42:09.133450+00:00,0.07353600114583969,0.07292799651622772,0.07689599692821503,0.07381866623957951,0.0009355489028572303,124.11343235674913,65536,9126805504,0.50390625,0.50390625,0.38176486347963834,0.40808463796477495,49024,1.3368146214099217,28237824,0.53859375,"[""64K+""]",False,0.6025731563568115,5.158614367246628,38.51434215903282,984779776,48.0,98.2,1755.0,1593.0,48.0,96.72,1755.0,1593.0
b16_h65536_q2_csa_profile_sim_descending_steady,ok,,full,csa_profile_sim,descending,steady,16,65536,2,2048,10,30,20260803,2026-08-12T09:46:51.593417+00:00,0.07372800260782242,0.0729919970035553,0.0764160007238388,0.07400959953665734,0.00105141314363044,123.79021784365635,65536,9126805504,0.50390625,0.50390625,0.38176486347963834,0.40808463796477495,49024,1.3368146214099217,28237824,0.53859375,"[""64K+""]",False,0.6359666585922241,5.501251667737961,6.230928003787994,984779776,52.0,116.89,1755.0,1593.0,52.0,117.19,1755.0,1593.0
b16_h65536_q32_csa_profile_sim_ascending_steady,ok,,full,csa_profile_sim,ascending,steady,16,65536,32,2048,10,30,20260803,2026-08-12T06:42:15.341914+00:00,0.3672960102558136,0.3654080033302307,0.3699199855327606,0.36746453245480853,0.001554618150567686,397.5782039186706,1048576,146028888064,0.50390625,0.50390625,0.38176486347963834,0.41015242783757344,407336,2.574228646620971,234625536,4.475126953125,"[""64K+""]",False,0.699114054441452,5.4897405207157135,510.19464805722237,1034454016,45.0,96.37,1755.0,1593.0,46.0,100.74,1755.0,1593.0
b16_h65536_q32_csa_profile_sim_descending_steady,ok,,full,csa_profile_sim,descending,steady,16,65536,32,2048,10,30,20260803,2026-08-12T09:46:48.783997+00:00,0.36982399225234985,0.3678399920463562,0.37251201272010803,0.3703402628501256,0.0021161951347524522,394.8605042486184,1048576,146028888064,0.50390625,0.50390625,0.38176486347963834,0.41015242783757344,407336,2.574228646620971,234625536,4.475126953125,"[""64K+""]",False,0.7122866809368134,5.70308044552803,77.49437540769577,1034454016,53.0,141.92,1755.0,1593.0,53.0,147.52,1755.0,1593.0
b16_h65536_q4096_csa_profile_sim_ascending_steady,ok,,full,csa_profile_sim,ascending,steady,16,65536,4096,2048,10,30,20260803,2026-08-12T06:52:17.131499+00:00,41.636192321777344,38.716705322265625,43.0445442199707,41.18416837056478,1.3629866783857236,448.92908380614614,134217728,18691697672192,0.50390625,0.50390625,0.3817648634796384,0.4112026864068616,1114024,120.48010455789104,641677824,12.239033203125,"[""64K+""]",False,1.2364424765110016,26.757773011922836,65550.07092282176,7923041280,45.0,100.43,1740.0,1593.0,60.0,342.86,1680.0,1593.0
b16_h65536_q4096_csa_profile_sim_descending_steady,ok,,full,csa_profile_sim,descending,steady,16,65536,4096,2048,10,30,20260803,2026-08-12T09:45:23.622614+00:00,41.56582260131836,39.18159866333008,44.527488708496094,41.40199356079101,1.6692613012174546,449.6891075986825,134217728,18691697672192,0.50390625,0.50390625,0.3817648634796384,0.4112026864068616,1114024,120.48010455789104,641677824,12.239033203125,"[""64K+""]",False,1.451350748538971,27.027159929275513,6810.2596662938595,7923041280,53.0,103.37,1740.0,1593.0,63.0,324.48,1725.0,1593.0
b16_h65536_q512_csa_profile_sim_ascending_steady,ok,,full,csa_profile_sim,ascending,steady,16,65536,512,2048,10,30,20260803,2026-08-12T06:43:51.794426+00:00,5.137375831604004,4.986720085144043,5.159679889678955,5.127710914611816,0.042877293369946584,454.7968234386512,16777216,2336462209024,0.50390625,0.50390625,0.3817648634796384,0.4111430845615215,1054524,15.909752646691777,607405824,11.5853466796875,"[""64K+""]",False,0.8484385907649994,7.715281099081039,8017.863653600216,1829241856,44.0,88.76,1755.0,1593.0,48.0,147.99,1635.0,1593.0
b16_h65536_q512_csa_profile_sim_descending_steady,ok,,full,csa_profile_sim,descending,steady,16,65536,512,2048,10,30,20260803,2026-08-12T09:46:36.293295+00:00,5.197375774383545,5.07209587097168,5.206208229064941,5.185009034474691,0.03860334128957053,449.54652317806006,16777216,2336462209024,0.50390625,0.50390625,0.3817648634796384,0.4111430845615215,1054524,15.909752646691777,607405824,11.5853466796875,"[""64K+""]",False,0.9124651551246643,8.016280829906464,769.9869498610497,1829241856,53.0,122.42,1755.0,1593.0,58.0,154.5,1680.0,1593.0
b16_h65536_q8_csa_profile_sim_ascending_steady,ok,,full,csa_profile_sim,ascending,steady,16,65536,8,2048,10,30,20260803,2026-08-12T06:42:11.090604+00:00,0.16102400422096252,0.15881599485874176,0.1629759967327118,0.1613226667046547,0.001502168599591441,226.7191291920897,262144,36507222016,0.50390625,0.50390625,0.38176486347963834,0.41450587084148727,138628,1.890988833424705,79849728,1.5230126953125,"[""64K+""]",False,0.6048493087291718,5.232963711023331,132.26670026779175,994714624,46.0,96.32,1755.0,1593.0,46.0,97.33,1755.0,1593.0
b16_h65536_q8_csa_profile_sim_descending_steady,ok,,full,csa_profile_sim,descending,steady,16,65536,8,2048,10,30,20260803,2026-08-12T09:46:50.481364+00:00,0.16329599916934967,0.16128000617027283,0.16742399334907532,0.16352853377660115,0.0014632303663611756,223.56470582074328,262144,36507222016,0.50390625,0.50390625,0.38176486347963834,0.41450587084148727,138628,1.890988833424705,79849728,1.5230126953125,"[""64K+""]",False,0.6308816373348236,5.583390593528748,17.770007252693176,994714624,52.0,123.82,1755.0,1593.0,52.0,123.24,1755.0,1593.0
b16_h8192_q1024_csa_profile_sim_ascending_steady,ok,,full,csa_profile_sim,ascending,steady,16,8192,1024,2048,10,30,20260803,2026-08-12T06:45:29.035812+00:00,9.130559921264648,8.867263793945312,9.392127990722656,9.16554988225301,0.18582262130341412,511.78946946780087,33554432,4672924418048,0.677734375,0.677734375,0.5584174625084868,0.6828227481730063,147392,227.65436387320887,84897792,1.619296875,"[""8K-16K""]",False,0.8128732442855835,6.0576871037483215,13113.767698407173,2149581824,43.0,89.51,1755.0,1593.0,52.0,198.79,1680.0,1593.0
b16_h8192_q1024_csa_profile_sim_descending_steady,ok,,full,csa_profile_sim,descending,steady,16,8192,1024,2048,10,30,20260803,2026-08-12T09:46:24.792886+00:00,9.12611198425293,9.001343727111816,9.248319625854492,9.131757767995198,0.07596408275166186,512.0389083665763,33554432,4672924418048,0.677734375,0.677734375,0.5584174625084868,0.6828227481730063,147392,227.65436387320887,84897792,1.619296875,"[""8K-16K""]",False,0.9023323655128479,6.252408027648926,1300.4267662763596,2149581824,53.0,100.27,1755.0,1593.0,64.0,208.67,1650.0,1593.0
b16_h8192_q128_csa_profile_sim_ascending_steady,ok,,full,csa_profile_sim,ascending,steady,16,8192,128,2048,10,30,20260803,2026-08-12T06:42:24.589298+00:00,1.1176320314407349,1.1149760484695435,1.1255680322647095,1.119441072146098,0.0037592050532291397,522.6367317899962,4194304,584115552256,0.677734375,0.677734375,0.5584174625084868,0.6834360857999021,133048,31.524742949912813,76635648,1.461708984375,"[""8K-16K""]",False,0.6612315773963928,1.4198310673236847,1648.0325311422348,665846784,44.0,89.01,1755.0,1593.0,49.0,103.67,1710.0,1593.0
b16_h8192_q128_csa_profile_sim_descending_steady,ok,,full,csa_profile_sim,descending,steady,16,8192,128,2048,10,30,20260803,2026-08-12T09:46:47.142559+00:00,1.1146240234375,1.1108800172805786,1.1879040002822876,1.1327349344889324,0.027302790552210892,524.0471584800298,4194304,584115552256,0.677734375,0.677734375,0.5584174625084868,0.6834360857999021,133048,31.524742949912813,76635648,1.461708984375,"[""8K-16K""]",False,0.7255077362060547,1.4568343758583069,151.7677791416645,665846784,53.0,128.89,1740.0,1593.0,53.0,142.39,1605.0,1593.0
b16_h8192_q2_csa_profile_sim_ascending_steady,ok,,full,csa_profile_sim,ascending,steady,16,8192,2,2048,10,30,20260803,2026-08-12T06:42:08.712277+00:00,0.07209599763154984,0.07148800045251846,0.07513599842786789,0.07248853296041488,0.0012358499039754986,126.59240185069623,65536,9126805504,0.677734375,0.677734375,0.5584174625084867,0.6613869863013699,43328,1.5125553914327918,24956928,0.476015625,"[""8K-16K""]",False,0.5299188196659088,0.9303167462348938,39.59033638238907,456297472,49.0,206.3,1755.0,1593.0,49.0,200.68,1755.0,1593.0
b16_h8192_q2_csa_profile_sim_descending_steady,ok,,full,csa_profile_sim,descending,steady,16,8192,2,2048,10,30,20260803,2026-08-12T09:46:51.939572+00:00,0.0724480003118515,0.07184000313282013,0.07420799881219864,0.07263679976264635,0.0009915984760536286,125.9773280796403,65536,9126805504,0.677734375,0.677734375,0.5584174625084867,0.6613869863013699,43328,1.5125553914327918,24956928,0.476015625,"[""8K-16K""]",False,0.5999095737934113,0.9902343153953552,6.205707788467407,456297472,51.0,115.02,1755.0,1593.0,51.0,115.1,1755.0,1593.0
b16_h8192_q32_csa_profile_sim_ascending_steady,ok,,full,csa_profile_sim,ascending,steady,16,8192,32,2048,10,30,20260803,2026-08-12T06:42:13.491960+00:00,0.3378239870071411,0.33638399839401245,0.34064000844955444,0.3384746660788854,0.0020400587255167695,432.26323079572546,1048576,146028888064,0.677734375,0.677734375,0.5584174625084867,0.6856271404109588,126340,8.299635903118569,72771840,1.3880126953125,"[""8K-16K""]",False,0.6643235683441162,1.2283362448215485,419.79971900582314,505971712,45.0,94.9,1755.0,1593.0,45.0,97.81,1755.0,1593.0
b16_h8192_q32_csa_profile_sim_descending_steady,ok,,full,csa_profile_sim,descending,steady,16,8192,32,2048,10,30,20260803,2026-08-12T09:46:49.427971+00:00,0.3429439961910248,0.34166398644447327,0.3469119966030121,0.3434965322415034,0.0017713493810413582,425.80972312068064,1048576,146028888064,0.677734375,0.677734375,0.5584174625084867,0.6856271404109588,126340,8.299635903118569,72771840,1.3880126953125,"[""8K-16K""]",False,0.6884336471557617,1.2706443667411804,58.76463279128075,505971712,52.0,121.06,1755.0,1593.0,53.0,121.13,1755.0,1593.0
b16_h8192_q4096_csa_profile_sim_ascending_steady,ok,,full,csa_profile_sim,ascending,steady,16,8192,4096,2048,10,30,20260803,2026-08-12T06:49:16.421951+00:00,38.75244903564453,35.96579360961914,39.389888763427734,37.98327191670736,1.5802229560862975,482.33590746740583,134217728,18691697672192,0.677734375,0.677734375,0.5584174625084868,0.6759104868670499,196556,682.8472699892143,113216256,2.1594287109375,"[""8K-16K""]",False,1.1854395270347595,22.563301026821136,51787.1511541307,7394558976,47.0,97.86,1695.0,1593.0,62.0,339.92,1620.0,1593.0
b16_h8192_q4096_csa_profile_sim_descending_steady,ok,,full,csa_profile_sim,descending,steady,16,8192,4096,2048,10,30,20260803,2026-08-12T09:45:49.338119+00:00,38.54707336425781,36.31059265136719,40.22159957885742,38.29766222635905,1.600517232698441,484.9057539481997,134217728,18691697672192,0.677734375,0.677734375,0.5584174625084868,0.6759104868670499,196556,682.8472699892143,113216256,2.1594287109375,"[""8K-16K""]",False,1.1995583772659302,22.53354713320732,5752.716206014156,7394558976,51.0,103.6,1605.0,1593.0,68.0,342.08,1590.0,1593.0
b16_h8192_q512_csa_profile_sim_ascending_steady,ok,,full,csa_profile_sim,ascending,steady,16,8192,512,2048,10,30,20260803,2026-08-12T06:43:27.692520+00:00,4.724512100219727,4.6347198486328125,4.8354878425598145,4.742084248860677,0.09657899882834434,494.5404222618747,16777216,2336462209024,0.677734375,0.677734375,0.5584174625084868,0.684425548098092,139200,120.52597701149425,80179200,1.529296875,"[""8K-16K""]",False,1.1036209762096405,3.3962801098823547,6753.709327429533,1300759552,43.0,89.52,1755.0,1593.0,49.0,140.84,1740.0,1593.0
b16_h8192_q512_csa_profile_sim_descending_steady,ok,,full,csa_profile_sim,descending,steady,16,8192,512,2048,10,30,20260803,2026-08-12T09:46:39.733486+00:00,4.835264205932617,4.685247898101807,4.912223815917969,4.81836264928182,0.0674598843789323,483.2129351188882,16777216,2336462209024,0.677734375,0.677734375,0.5584174625084868,0.684425548098092,139200,120.52597701149425,80179200,1.529296875,"[""8K-16K""]",False,0.8645690977573395,3.4937821328639984,653.8417898118496,1300759552,53.0,150.38,1755.0,1593.0,59.0,148.73,1725.0,1593.0
b16_h8192_q8_csa_profile_sim_ascending_steady,ok,,full,csa_profile_sim,ascending,steady,16,8192,8,2048,10,30,20260803,2026-08-12T06:42:10.320519+00:00,0.15411199629306793,0.15244799852371216,0.15644800662994385,0.15435840040445328,0.0011729105600206422,236.88760702687827,262144,36507222016,0.677734375,0.677734375,0.5584174625084867,0.6803296232876712,84052,3.1188311997334983,48413952,0.9234228515625,"[""8K-16K""]",False,0.5402639508247375,1.023702323436737,116.51082336902618,466232320,47.0,103.22,1755.0,1593.0,47.0,103.72,1755.0,1593.0
b16_h8192_q8_csa_profile_sim_descending_steady,ok,,full,csa_profile_sim,descending,steady,16,8192,8,2048,10,30,20260803,2026-08-12T09:46:50.819526+00:00,0.15647999942302704,0.15350399911403656,0.15772800147533417,0.15631786634524664,0.0015536301301904158,233.30280004223803,262144,36507222016,0.677734375,0.677734375,0.5584174625084867,0.6803296232876712,84052,3.1188311997334983,48413952,0.9234228515625,"[""8K-16K""]",False,0.595923513174057,1.1037588119506836,16.1040760576725,466232320,52.0,123.51,1755.0,1593.0,52.0,122.66,1755.0,1593.0
b1_h131072_q1024_csa_profile_sim_ascending_steady,ok,,full,csa_profile_sim,ascending,steady,1,131072,1024,2048,10,30,20260803,2026-08-12T06:28:24.776345+00:00,0.6046720147132874,0.6019200086593628,0.6090239882469177,0.605101865530014,0.0026803184809850926,483.001973005949,2097152,292057776128,0.50390625,0.50390625,0.3817648634796384,0.40730873899217224,129644,16.176236462929253,74674944,1.4243115234375,"[""64K+""]",True,0.6731040775775909,1.2924671173095703,998.3775727450848,558957568,42.0,88.03,1755.0,1593.0,45.0,96.15,1755.0,1593.0
b1_h131072_q1024_csa_profile_sim_descending_steady,ok,,full,csa_profile_sim,descending,steady,1,131072,1024,2048,10,30,20260803,2026-08-12T09:51:16.647934+00:00,0.6061440110206604,0.6042559742927551,0.6108800172805786,0.6064970632394154,0.002036257496409773,481.82902217612644,2097152,292057776128,0.50390625,0.50390625,0.3817648634796384,0.40730873899217224,129644,16.176236462929253,74674944,1.4243115234375,"[""64K+""]",True,0.85463747382164,1.3466626405715942,1008.918784558773,558957568,44.0,88.63,1755.0,1593.0,45.0,96.71,1755.0,1593.0
b1_h131072_q128_csa_profile_sim_ascending_steady,ok,,full,csa_profile_sim,ascending,steady,1,131072,128,2048,10,30,20260803,2026-08-12T06:28:07.523975+00:00,0.1493760049343109,0.1472959965467453,0.15404799580574036,0.14974720080693563,0.002231428385299428,244.39816844783266,262144,36507222016,0.50390625,0.50390625,0.3817648634796384,0.4094453277886497,65760,3.986374695863747,37877760,0.7224609375,"[""64K+""]",True,0.5452930927276611,1.021362841129303,126.57402828335762,466232320,40.0,89.45,1755.0,1593.0,40.0,90.64,1755.0,1593.0
b1_h131072_q128_csa_profile_sim_descending_steady,ok,,full,csa_profile_sim,descending,steady,1,131072,128,2048,10,30,20260803,2026-08-12T09:51:34.498756+00:00,0.1502400040626526,0.14796799421310425,0.1526080071926117,0.15033279955387116,0.0018793448743711348,242.99268522900118,262144,36507222016,0.50390625,0.50390625,0.3817648634796384,0.4094453277886497,65760,3.986374695863747,37877760,0.7224609375,"[""64K+""]",True,0.5806535482406616,1.081276684999466,124.96884912252426,466232320,43.0,97.8,1755.0,1593.0,44.0,98.36,1755.0,1593.0
b1_h131072_q2_csa_profile_sim_ascending_steady,ok,,full,csa_profile_sim,ascending,steady,1,131072,2,2048,10,30,20260803,2026-08-12T06:28:03.245290+00:00,0.06937599927186966,0.06755200028419495,0.07302399724721909,0.06951786627372106,0.001490519415919755,8.222228868583578,4096,570425344,0.50390625,0.50390625,0.38176486347963834,0.4158512720156556,3064,1.3368146214099217,1764864,0.033662109375,"[""64K+""]",True,0.4403926432132721,0.9313486516475677,2.8267614543437958,453193216,38.0,86.31,1755.0,1593.0,38.0,86.12,1755.0,1593.0
b1_h131072_q2_csa_profile_sim_descending_steady,ok,,full,csa_profile_sim,descending,steady,1,131072,2,2048,10,30,20260803,2026-08-12T09:51:38.380723+00:00,0.06777600198984146,0.06684800237417221,0.07311999797821045,0.06855573281645774,0.001961323723061223,8.416332141950445,4096,570425344,0.50390625,0.50390625,0.38176486347963834,0.4158512720156556,3064,1.3368146214099217,1764864,0.033662109375,"[""64K+""]",True,0.44694915413856506,0.9934231638908386,2.8391703963279724,453193216,43.0,90.67,1755.0,1593.0,43.0,90.43,1755.0,1593.0
b1_h131072_q32_csa_profile_sim_ascending_steady,ok,,full,csa_profile_sim,ascending,steady,1,131072,32,2048,10,30,20260803,2026-08-12T06:28:05.413997+00:00,0.06943999975919724,0.06889600306749344,0.07491199672222137,0.0701386662820975,0.0020692736265356428,131.43441151569368,65536,9126805504,0.50390625,0.50390625,0.38176486347963834,0.40747309197651665,26428,2.479794157711518,15222528,0.2903466796875,"[""64K+""]",True,0.5350373685359955,0.9432733058929443,32.415639609098434,456297472,39.0,88.39,1755.0,1593.0,39.0,88.58,1755.0,1593.0
b1_h131072_q32_csa_profile_sim_descending_steady,ok,,full,csa_profile_sim,descending,steady,1,131072,32,2048,10,30,20260803,2026-08-12T09:51:36.471966+00:00,0.0695360004901886,0.06880000233650208,0.07311999797821045,0.06991253371040027,0.0012050217230632008,131.25295443599427,65536,9126805504,0.50390625,0.50390625,0.38176486347963834,0.40747309197651665,26428,2.479794157711518,15222528,0.2903466796875,"[""64K+""]",True,0.5985386669635773,0.987563282251358,32.31183439493179,456297472,43.0,92.61,1755.0,1593.0,43.0,92.7,1755.0,1593.0
b1_h131072_q4096_csa_profile_sim_ascending_steady,ok,,full,csa_profile_sim,ascending,steady,1,131072,4096,2048,10,30,20260803,2026-08-12T06:28:51.965304+00:00,2.516416072845459,2.3161919116973877,2.57423996925354,2.486789345741272,0.0994866820789222,464.2440163684906,8388608,1168231104512,0.50390625,0.50390625,0.3817648634796384,0.40823800223214285,135168,62.06060606060606,77856768,1.485,"[""64K+""]",True,0.7839016616344452,2.026442438364029,4031.3994623720646,876872704,42.0,88.05,1755.0,1593.0,48.0,119.29,1500.0,1593.0
b1_h131072_q4096_csa_profile_sim_descending_steady,ok,,full,csa_profile_sim,descending,steady,1,131072,4096,2048,10,30,20260803,2026-08-12T09:50:46.374270+00:00,2.4668478965759277,2.3368959426879883,2.576575994491577,2.467677855491638,0.08861538543159861,473.5724104163643,8388608,1168231104512,0.50390625,0.50390625,0.3817648634796384,0.40823800223214285,135168,62.06060606060606,77856768,1.485,"[""64K+""]",True,0.8577071130275726,2.0522698760032654,4088.0426689982414,876872704,44.0,89.6,1755.0,1593.0,48.0,120.88,1680.0,1593.0
b1_h131072_q512_csa_profile_sim_ascending_steady,ok,,full,csa_profile_sim,ascending,steady,1,131072,512,2048,10,30,20260803,2026-08-12T06:28:14.088074+00:00,0.34483200311660767,0.3428800106048584,0.35120001435279846,0.3456469347079595,0.002402823585632363,423.4783510352407,1048576,146028888064,0.50390625,0.50390625,0.3817648634796384,0.4077826871330724,115884,9.048496772634703,66749184,1.2731396484375,"[""64K+""]",True,0.6367303431034088,1.1989064514636993,503.66419553756714,505971712,41.0,91.84,1755.0,1593.0,42.0,95.56,1755.0,1593.0
b1_h131072_q512_csa_profile_sim_descending_steady,ok,,full,csa_profile_sim,descending,steady,1,131072,512,2048,10,30,20260803,2026-08-12T09:51:27.896278+00:00,0.34483200311660767,0.34303998947143555,0.3491840064525604,0.3453557332356771,0.002100504136609974,423.4783510352407,1048576,146028888064,0.50390625,0.50390625,0.3817648634796384,0.4077826871330724,115884,9.048496772634703,66749184,1.2731396484375,"[""64K+""]",True,0.7244087755680084,1.3199858367443085,502.8381980955601,505971712,44.0,94.7,1755.0,1593.0,44.0,97.61,1755.0,1593.0
b1_h131072_q8_csa_profile_sim_ascending_steady,ok,,full,csa_profile_sim,ascending,steady,1,131072,8,2048,10,30,20260803,2026-08-12T06:28:04.228524+00:00,0.0708480030298233,0.07036799937486649,0.07727999985218048,0.07176853393514951,0.003293251096626919,32.20558489192028,16384,2281701376,0.50390625,0.50390625,0.38176486347963834,0.3852739726027397,8788,1.8643604915794265,5061888,0.0965478515625,"[""64K+""]",True,0.4838220775127411,1.0420456528663635,9.033702313899994,453813760,39.0,86.97,1755.0,1593.0,39.0,87.0,1755.0,1593.0
b1_h131072_q8_csa_profile_sim_descending_steady,ok,,full,csa_profile_sim,descending,steady,1,131072,8,2048,10,30,20260803,2026-08-12T09:51:37.460009+00:00,0.07135999947786331,0.07046400010585785,0.07440000027418137,0.07172053282459577,0.0012680222394062454,31.974515032161822,16384,2281701376,0.50390625,0.50390625,0.38176486347963834,0.3852739726027397,8788,1.8643604915794265,5061888,0.0965478515625,"[""64K+""]",True,0.46683475375175476,1.0629110038280487,9.021144360303879,453813760,43.0,92.43,1755.0,1593.0,43.0,92.42,1755.0,1593.0
b1_h16384_q1024_csa_profile_sim_ascending_steady,ok,,full,csa_profile_sim,ascending,steady,1,16384,1024,2048,10,30,20260803,2026-08-12T06:28:21.241266+00:00,0.5565119981765747,0.5542719960212708,0.6056640148162842,0.5628991981347402,0.013921575547647017,524.8005022082804,2097152,292057776128,0.6015625,0.6015625,0.4795130637871586,0.5703832100048923,17400,120.52597701149425,10022400,0.191162109375,"[""16K-32K""]",False,0.6397180259227753,0.6247013807296753,1048.6986488103867,304153600,42.0,88.0,1755.0,1593.0,43.0,95.23,1755.0,1593.0
b1_h16384_q1024_csa_profile_sim_descending_steady,ok,,full,csa_profile_sim,descending,steady,1,16384,1024,2048,10,30,20260803,2026-08-12T09:51:20.107367+00:00,0.5551040172576904,0.5534719824790955,0.5599039793014526,0.5554389397303263,0.001877264364327163,526.1316204678463,2097152,292057776128,0.6015625,0.6015625,0.4795130637871586,0.5703832100048923,17400,120.52597701149425,10022400,0.191162109375,"[""16K-32K""]",False,0.7289387285709381,0.7173717021942139,1056.9590292870998,304153600,44.0,89.4,1755.0,1593.0,45.0,96.43,1755.0,1593.0
b1_h16384_q128_csa_profile_sim_ascending_steady,ok,,full,csa_profile_sim,ascending,steady,1,16384,128,2048,10,30,20260803,2026-08-12T06:28:06.735514+00:00,0.13603200018405914,0.13462400436401367,0.138047993183136,0.1361642673611641,0.001396454071348118,268.3723092110946,262144,36507222016,0.6015625,0.6015625,0.4795130637871586,0.5701749021526419,16360,16.023471882640585,9423360,0.179736328125,"[""16K-32K""]",False,0.5181208252906799,0.47238171100616455,137.434720993042,70239232,40.0,89.03,1755.0,1593.0,40.0,90.14,1755.0,1593.0
b1_h16384_q128_csa_profile_sim_descending_steady,ok,,full,csa_profile_sim,descending,steady,1,16384,128,2048,10,30,20260803,2026-08-12T09:51:35.135837+00:00,0.13654400408267975,0.13545599579811096,0.13894400000572205,0.1367391993602117,0.0008940672330883776,267.3659840376019,262144,36507222016,0.6015625,0.6015625,0.4795130637871586,0.5701749021526419,16360,16.023471882640585,9423360,0.179736328125,"[""16K-32K""]",False,0.6294511258602142,0.4951208829879761,136.45711541175842,70239232,43.0,93.64,1755.0,1593.0,43.0,94.1,1755.0,1593.0
b1_h16384_q2_csa_profile_sim_ascending_steady,ok,,full,csa_profile_sim,ascending,steady,1,16384,2,2048,10,30,20260803,2026-08-12T06:28:02.851139+00:00,0.06755200028419495,0.06649599969387054,0.07116799801588058,0.06843626623352368,0.00234779844299922,8.444240608719054,4096,570425344,0.6015625,0.6015625,0.4795130637871587,0.5870841487279843,2864,1.4301675977653632,1649664,0.03146484375,"[""16K-32K""]",False,0.6153471767902374,0.5385354161262512,3.0228644609451294,56838144,38.0,74.51,1755.0,1593.0,38.0,77.85,1755.0,1593.0
b1_h16384_q2_csa_profile_sim_descending_steady,ok,,full,csa_profile_sim,descending,steady,1,16384,2,2048,10,30,20260803,2026-08-12T09:51:38.634687+00:00,0.06828799843788147,0.06675200164318085,0.07011199742555618,0.06843200052777926,0.0010832134108933705,8.353229806828947,4096,570425344,0.6015625,0.6015625,0.4795130637871587,0.5870841487279843,2864,1.4301675977653632,1649664,0.03146484375,"[""16K-32K""]",False,0.415116548538208,0.49537792801856995,3.052257001399994,56838144,43.0,90.13,1755.0,1593.0,43.0,90.12,1755.0,1593.0
b1_h16384_q32_csa_profile_sim_ascending_steady,ok,,full,csa_profile_sim,ascending,steady,1,16384,32,2048,10,30,20260803,2026-08-12T06:28:04.984767+00:00,0.06934399902820587,0.06883200258016586,0.07091200351715088,0.06968853274981181,0.0010429481526188656,131.61637101845895,65536,9126805504,0.6015625,0.6015625,0.4795130637871587,0.5775440313111546,12744,5.142498430634024,7340544,0.140009765625,"[""16K-32K""]",False,0.41467323899269104,0.5499646067619324,35.05348786711693,60027904,39.0,88.24,1755.0,1593.0,39.0,88.53,1755.0,1593.0
b1_h16384_q32_csa_profile_sim_descending_steady,ok,,full,csa_profile_sim,descending,steady,1,16384,32,2048,10,30,20260803,2026-08-12T09:51:36.824596+00:00,0.07168000191450119,0.07123199850320816,0.07321599870920181,0.07219093317786852,0.002287996174284682,127.32708231350654,65536,9126805504,0.6015625,0.6015625,0.4795130637871587,0.5775440313111546,12744,5.142498430634024,7340544,0.140009765625,"[""16K-32K""]",False,0.42957812547683716,0.6095580756664276,34.54619273543358,60027904,43.0,92.88,1755.0,1593.0,43.0,93.0,1755.0,1593.0
b1_h16384_q4096_csa_profile_sim_ascending_steady,ok,,full,csa_profile_sim,ascending,steady,1,16384,4096,2048,10,30,20260803,2026-08-12T06:28:39.333799+00:00,2.278048038482666,2.1603200435638428,2.309567928314209,2.2514591614405313,0.05378644053824742,512.8211015647067,8388608,1168231104512,0.6015625,0.6015625,0.4795130637871586,0.5661238877507339,20476,409.68001562805233,11794176,0.2249560546875,"[""16K-32K""]",False,0.7946938276290894,1.5015676617622375,4225.962534546852,811598848,42.0,88.1,1755.0,1593.0,45.0,117.93,1725.0,1593.0
b1_h16384_q4096_csa_profile_sim_descending_steady,ok,,full,csa_profile_sim,descending,steady,1,16384,4096,2048,10,30,20260803,2026-08-12T09:50:59.010108+00:00,2.3213438987731934,2.1595520973205566,2.4117119312286377,2.296277340253194,0.08853498904707002,503.25637021270234,8388608,1168231104512,0.6015625,0.6015625,0.4795130637871586,0.5661238877507339,20476,409.68001562805233,11794176,0.2249560546875,"[""16K-32K""]",False,0.8000358939170837,1.4663562178611755,4055.1013834774494,811598848,43.0,88.58,1755.0,1593.0,49.0,117.65,1710.0,1593.0
b1_h16384_q512_csa_profile_sim_ascending_steady,ok,,full,csa_profile_sim,ascending,steady,1,16384,512,2048,10,30,20260803,2026-08-12T06:28:12.192273+00:00,0.3213439881801605,0.31907200813293457,0.32556799054145813,0.3218005299568176,0.0023017158768365267,454.4316789338202,1048576,146028888064,0.6015625,0.6015625,0.4795130637871586,0.5716426125244618,16892,62.07530191806772,9729792,0.1855810546875,"[""16K-32K""]",False,0.6032660603523254,0.5502142012119293,532.4208810925484,156795904,41.0,90.85,1755.0,1593.0,41.0,94.71,1755.0,1593.0
b1_h16384_q512_csa_profile_sim_descending_steady,ok,,full,csa_profile_sim,descending,steady,1,16384,512,2048,10,30,20260803,2026-08-12T09:51:29.659362+00:00,0.3197439908981323,0.317984014749527,0.3224000036716461,0.3200554668903351,0.0014541996155512961,456.7056527124025,1048576,146028888064,0.6015625,0.6015625,0.4795130637871586,0.5716426125244618,16892,62.07530191806772,9729792,0.1855810546875,"[""16K-32K""]",False,0.6606057286262512,0.6109513342380524,526.3122878968716,156795904,44.0,92.64,1755.0,1593.0,44.0,96.73,1755.0,1593.0
b1_h16384_q8_csa_profile_sim_ascending_steady,ok,,full,csa_profile_sim,ascending,steady,1,16384,8,2048,10,30,20260803,2026-08-12T06:28:03.937413+00:00,0.07091200351715088,0.07043199986219406,0.07295999675989151,0.07119146684805552,0.000994780971146582,32.17651825967862,16384,2281701376,0.6015625,0.6015625,0.4795130637871587,0.5462328767123288,6484,2.526835286859963,3734784,0.0712353515625,"[""16K-32K""]",False,0.4974864423274994,0.6374716758728027,15.276435762643814,57475072,39.0,86.7,1755.0,1593.0,39.0,86.78,1755.0,1593.0
b1_h16384_q8_csa_profile_sim_descending_steady,ok,,full,csa_profile_sim,descending,steady,1,16384,8,2048,10,30,20260803,2026-08-12T09:51:37.722008+00:00,0.0711359977722168,0.07056000083684921,0.07251200079917908,0.0712821327149868,0.0007240153401262674,32.075200284758665,16384,2281701376,0.6015625,0.6015625,0.4795130637871587,0.5462328767123288,6484,2.526835286859963,3734784,0.0712353515625,"[""16K-32K""]",False,0.4286915063858032,0.6084032356739044,9.876295924186707,57475072,43.0,92.23,1755.0,1593.0,43.0,91.99,1755.0,1593.0
b1_h2048_q1024_csa_profile_sim_ascending_steady,ok,,full,csa_profile_sim,ascending,steady,1,2048,1024,2048,10,30,20260803,2026-08-12T06:28:16.099262+00:00,0.5618240237236023,0.5587520003318787,0.5662400126457214,0.5621877372264862,0.002937895931268872,519.8385326998443,2097152,292057776128,0.8476906158357771,0.8476906158357771,0.722527752539372,0.9695851424902152,3068,683.5567144719687,1767168,0.0337060546875,"[""2K-8K""]",False,0.6906986236572266,0.6751455366611481,3352.962899953127,295896064,41.0,86.59,1755.0,1593.0,44.0,93.51,1755.0,1593.0
b1_h2048_q1024_csa_profile_sim_descending_steady,ok,,full,csa_profile_sim,descending,steady,1,2048,1024,2048,10,30,20260803,2026-08-12T09:51:23.017039+00:00,0.5536640286445618,0.5515519976615906,0.5569279789924622,0.5541173378626506,0.0020544380546171433,527.5000018386487,2097152,292057776128,0.8476906158357771,0.8476906158357771,0.722527752539372,0.9695851424902152,3068,683.5567144719687,1767168,0.0337060546875,"[""2K-8K""]",False,0.67954882979393,0.6076768040657043,3366.0559840500355,295896064,43.0,88.8,1755.0,1593.0,46.0,96.2,1755.0,1593.0
b1_h2048_q128_csa_profile_sim_ascending_steady,ok,,full,csa_profile_sim,ascending,steady,1,2048,128,2048,10,30,20260803,2026-08-12T06:28:05.770559+00:00,0.13619199395179749,0.1337919980287552,0.14006400108337402,0.13675626814365388,0.002070040332481358,268.05703446063814,262144,36507222016,0.968996062992126,0.968996062992126,0.722527752539372,0.9972939090019569,2176,120.47058823529412,1253376,0.02390625,"[""2K-8K""]",False,0.44279545545578003,0.37596002221107483,325.1379691064358,38020096,39.0,88.86,1755.0,1593.0,40.0,89.43,1755.0,1593.0
b1_h2048_q128_csa_profile_sim_descending_steady,ok,,full,csa_profile_sim,descending,steady,1,2048,128,2048,10,30,20260803,2026-08-12T09:51:35.687547+00:00,0.1366720050573349,0.1350719928741455,0.1377280056476593,0.13670506676038105,0.0010407129052636213,267.1155808439699,262144,36507222016,0.968996062992126,0.968996062992126,0.722527752539372,0.9972939090019569,2176,120.47058823529412,1253376,0.02390625,"[""2K-8K""]",False,0.4269927740097046,0.39795413613319397,318.29366460442543,38020096,43.0,91.9,1755.0,1593.0,43.0,92.29,1755.0,1593.0
b1_h2048_q2_csa_profile_sim_ascending_steady,ok,,full,csa_profile_sim,ascending,steady,1,2048,2,2048,10,30,20260803,2026-08-12T06:28:02.231215+00:00,0.06844799965620041,0.06729599833488464,0.07283200323581696,0.06895360027750333,0.0017011124117653096,8.333703641671399,4096,570425344,1.0,1.0,0.722527752539372,1.0,2048,2.0,1179648,0.0225,"[""2K-8K""]",False,215.03931656479836,23.36810529232025,25.200266391038895,7292928,37.0,62.77,1755.0,1593.0,37.0,64.78,1755.0,1593.0
b1_h2048_q2_csa_profile_sim_descending_steady,ok,,full,csa_profile_sim,descending,steady,1,2048,2,2048,10,30,20260803,2026-08-12T09:51:38.913353+00:00,0.06800000369548798,0.06656000018119812,0.07097599655389786,0.06841920018196106,0.0014347363544445454,8.38860754411767,4096,570425344,1.0,1.0,0.722527752539372,1.0,2048,2.0,1179648,0.0225,"[""2K-8K""]",False,0.45401230454444885,0.28547272086143494,10.059434920549393,7292928,43.0,90.01,1755.0,1593.0,43.0,89.98,1755.0,1593.0
b1_h2048_q32_csa_profile_sim_ascending_steady,ok,,full,csa_profile_sim,ascending,steady,1,2048,32,2048,10,30,20260803,2026-08-12T06:28:04.632328+00:00,0.06908799707889557,0.06864000111818314,0.07097599655389786,0.06927786668141683,0.0008936319965647858,132.10406857760796,65536,9126805504,0.9924395161290323,0.9924395161290323,0.722527752539372,0.9982876712328768,2080,31.50769230769231,1198080,0.0228515625,"[""2K-8K""]",False,0.44696033000946045,0.24405121803283691,37.11702302098274,10482688,39.0,87.81,1755.0,1593.0,39.0,88.07,1755.0,1593.0
b1_h2048_q32_csa_profile_sim_descending_steady,ok,,full,csa_profile_sim,descending,steady,1,2048,32,2048,10,30,20260803,2026-08-12T09:51:37.182274+00:00,0.06963200122117996,0.06870400160551071,0.07056000083684921,0.06966933384537696,0.0006613028246454424,131.07199770130833,65536,9126805504,0.9924395161290323,0.9924395161290323,0.722527752539372,0.9982876712328768,2080,31.50769230769231,1198080,0.0228515625,"[""2K-8K""]",False,0.4380457103252411,0.2596713602542877,36.7417111992836,10482688,43.0,91.92,1755.0,1593.0,43.0,92.18,1755.0,1593.0
b1_h2048_q4096_csa_profile_sim_ascending_steady,ok,,full,csa_profile_sim,ascending,steady,1,2048,4096,2048,10,30,20260803,2026-08-12T06:28:28.285947+00:00,2.3051838874816895,2.1338560581207275,2.3171520233154297,2.263934930165609,0.06227376621554409,506.7843441280688,8388608,1168231104512,0.8212912087912088,0.8212912087912088,0.722527752539372,0.8932809251161937,6140,1366.2228013029317,3536640,0.0674560546875,"[""2K-8K""]",False,0.8035264909267426,1.4216825366020203,5198.062188923359,802554880,42.0,88.07,1755.0,1593.0,48.0,116.18,1740.0,1593.0
b1_h2048_q4096_csa_profile_sim_descending_steady,ok,,full,csa_profile_sim,descending,steady,1,2048,4096,2048,10,30,20260803,2026-08-12T09:51:08.703553+00:00,2.3068480491638184,2.1177279949188232,2.379551887512207,2.2910336097081503,0.1030213309202598,506.41874957280265,8388608,1168231104512,0.8212912087912088,0.8212912087912088,0.722527752539372,0.8932809251161937,6140,1366.2228013029317,3536640,0.0674560546875,"[""2K-8K""]",False,1.122787594795227,1.4928840100765228,5439.054809510708,802554880,43.0,89.92,1755.0,1593.0,49.0,118.9,1725.0,1593.0
b1_h2048_q512_csa_profile_sim_ascending_steady,ok,,full,csa_profile_sim,ascending,steady,1,2048,512,2048,10,30,20260803,2026-08-12T06:28:08.303142+00:00,0.32073599100112915,0.31750398874282837,0.32387199997901917,0.3208949347337087,0.002273374055617776,455.2931138416764,1048576,146028888064,0.8829500978473581,0.8829500978473581,0.722527752539372,0.992802868150685,2560,409.6,1474560,0.028125,"[""2K-8K""]",False,0.6558001041412354,0.45657530426979065,2737.483501434326,149160960,40.0,86.87,1755.0,1593.0,40.0,91.07,1755.0,1593.0
b1_h2048_q512_csa_profile_sim_descending_steady,ok,,full,csa_profile_sim,descending,steady,1,2048,512,2048,10,30,20260803,2026-08-12T09:51:31.195784+00:00,0.3185279965400696,0.31673601269721985,0.3214719891548157,0.31896106600761415,0.0018461653219645803,458.4491462295376,1048576,146028888064,0.8829500978473581,0.8829500978473581,0.722527752539372,0.992802868150685,2560,409.6,1474560,0.028125,"[""2K-8K""]",False,0.6710253655910492,0.483587384223938,2751.3003684580326,149160960,43.0,88.96,1755.0,1593.0,43.0,93.29,1755.0,1593.0
b1_h2048_q8_csa_profile_sim_ascending_steady,ok,,full,csa_profile_sim,ascending,steady,1,2048,8,2048,10,30,20260803,2026-08-12T06:28:03.633795+00:00,0.07075200229883194,0.07039999961853027,0.07542400062084198,0.07124373416105906,0.0017197325813687043,32.24928343883307,16384,2281701376,0.9983258928571429,0.9983258928571429,0.722527752539372,0.99926614481409,2056,7.968871595330739,1184256,0.022587890625,"[""2K-8K""]",False,0.4251748323440552,0.39510056376457214,8.111391216516495,7929856,38.0,86.62,1755.0,1593.0,38.0,86.66,1755.0,1593.0
b1_h2048_q8_csa_profile_sim_descending_steady,ok,,full,csa_profile_sim,descending,steady,1,2048,8,2048,10,30,20260803,2026-08-12T09:51:37.991565+00:00,0.07107199728488922,0.07056000083684921,0.07273600250482559,0.07125759993990262,0.0009072591343704395,32.10408407201352,16384,2281701376,0.9983258928571429,0.9983258928571429,0.722527752539372,0.99926614481409,2056,7.968871595330739,1184256,0.022587890625,"[""2K-8K""]",False,0.43801218271255493,0.40199607610702515,8.183956146240234,7929856,43.0,91.88,1755.0,1593.0,43.0,91.52,1755.0,1593.0
b1_h262144_q1024_csa_profile_sim_ascending_steady,ok,,full,csa_profile_sim,ascending,steady,1,262144,1024,2048,10,30,20260803,2026-08-12T06:28:25.945343+00:00,0.6073600053787231,0.6051200032234192,0.6141120195388794,0.6081717352072398,0.002364377275750524,480.8643531703829,2097152,292057776128,0.50390625,0.50390625,0.3817648634796384,0.4077826871330724,215320,9.739699052572915,124024320,2.365576171875,"[""64K+""]",True,0.6525926291942596,1.8758885562419891,1000.1978911459446,634455040,42.0,88.12,1755.0,1593.0,43.0,97.65,1755.0,1593.0
b1_h262144_q1024_csa_profile_sim_descending_steady,ok,,full,csa_profile_sim,descending,steady,1,262144,1024,2048,10,30,20260803,2026-08-12T09:51:15.503395+00:00,0.6062719821929932,0.6034560203552246,0.6096320152282715,0.6064085284868876,0.0017987886183125123,481.7273182764859,2097152,292057776128,0.50390625,0.50390625,0.3817648634796384,0.4077826871330724,215320,9.739699052572915,124024320,2.365576171875,"[""64K+""]",True,0.6800778210163116,1.956004649400711,986.2023331224918,634455040,44.0,89.18,1755.0,1593.0,47.0,98.52,1725.0,1593.0
b1_h262144_q128_csa_profile_sim_ascending_steady,ok,,full,csa_profile_sim,ascending,steady,1,262144,128,2048,10,30,20260803,2026-08-12T06:28:07.819103+00:00,0.15107199549674988,0.14851200580596924,0.15324799716472626,0.1509706676006317,0.0015061322104603738,241.65446346265682,262144,36507222016,0.50390625,0.50390625,0.3817648634796384,0.4108671722113503,70808,3.702180544571235,40785408,0.777919921875,"[""64K+""]",True,0.5899779498577118,1.6566626727581024,126.9318088889122,541729792,40.0,89.86,1755.0,1593.0,40.0,91.19,1755.0,1593.0
b1_h262144_q128_csa_profile_sim_descending_steady,ok,,full,csa_profile_sim,descending,steady,1,262144,128,2048,10,30,20260803,2026-08-12T09:51:34.305058+00:00,0.1510079950094223,0.14803199470043182,0.15276800096035004,0.15079573343197505,0.0017951682030664592,241.75688190365082,262144,36507222016,0.50390625,0.50390625,0.3817648634796384,0.4108671722113503,70808,3.702180544571235,40785408,0.777919921875,"[""64K+""]",True,0.5933120846748352,1.6565397381782532,124.82501193881035,541729792,44.0,96.32,1755.0,1593.0,44.0,97.51,1755.0,1593.0
b1_h262144_q2_csa_profile_sim_ascending_steady,ok,,full,csa_profile_sim,ascending,steady,1,262144,2,2048,10,30,20260803,2026-08-12T06:28:03.433296+00:00,0.06771200150251389,0.06649599969387054,0.07072000205516815,0.06816426714261373,0.0013826252718590164,8.424287147660557,4096,570425344,0.50390625,0.50390625,0.38176486347963834,0.410958904109589,3064,1.3368146214099217,1764864,0.033662109375,"[""64K+""]",True,0.4893988370895386,1.5725195407867432,2.765800803899765,528690688,38.0,86.22,1755.0,1593.0,38.0,86.25,1755.0,1593.0
b1_h262144_q2_csa_profile_sim_descending_steady,ok,,full,csa_profile_sim,descending,steady,1,262144,2,2048,10,30,20260803,2026-08-12T09:51:38.290936+00:00,0.06880000233650208,0.06739199906587601,0.07072000205516815,0.06889493341247241,0.0013870804735500006,8.291065764940518,4096,570425344,0.50390625,0.50390625,0.38176486347963834,0.410958904109589,3064,1.3368146214099217,1764864,0.033662109375,"[""64K+""]",True,0.494394451379776,1.5619657933712006,2.786640077829361,528690688,43.0,90.67,1755.0,1593.0,43.0,90.58,1755.0,1593.0
b1_h262144_q32_csa_profile_sim_ascending_steady,ok,,full,csa_profile_sim,ascending,steady,1,262144,32,2048,10,30,20260803,2026-08-12T06:28:05.526733+00:00,0.06937599927186966,0.06886400282382965,0.07062400132417679,0.06960853313406308,0.0008796585294869121,131.55566189733725,65536,9126805504,0.50390625,0.50390625,0.38176486347963834,0.4016022504892368,26764,2.448662382304588,15416064,0.2940380859375,"[""64K+""]",True,0.5403682589530945,1.5530399978160858,32.877422869205475,531794944,39.0,88.46,1755.0,1593.0,39.0,88.53,1755.0,1593.0
b1_h262144_q32_csa_profile_sim_descending_steady,ok,,full,csa_profile_sim,descending,steady,1,262144,32,2048,10,30,20260803,2026-08-12T09:51:36.328322+00:00,0.07020799815654755,0.06943999975919724,0.0716480016708374,0.07034879972537358,0.0007836449739652278,129.9966633950927,65536,9126805504,0.50390625,0.50390625,0.38176486347963834,0.4016022504892368,26764,2.448662382304588,15416064,0.2940380859375,"[""64K+""]",True,0.5922280251979828,1.562807708978653,32.38002583384514,531794944,43.0,92.81,1755.0,1593.0,43.0,92.93,1755.0,1593.0
b1_h262144_q4096_csa_profile_sim_ascending_steady,ok,,full,csa_profile_sim,ascending,steady,1,262144,4096,2048,10,30,20260803,2026-08-12T06:28:56.197063+00:00,2.5489280223846436,2.3780479431152344,2.64355206489563,2.564861869812012,0.08415659295314115,458.3225160744493,8388608,1168231104512,0.50390625,0.50390625,0.3817648634796384,0.40767996651785715,265720,31.569351196748457,153054720,2.919287109375,"[""64K+""]",True,0.8361227810382843,2.705022692680359,4027.600109577179,952370176,43.0,87.85,1755.0,1593.0,47.0,119.77,1695.0,1593.0
b1_h262144_q4096_csa_profile_sim_descending_steady,ok,,full,csa_profile_sim,descending,steady,1,262144,4096,2048,10,30,20260803,2026-08-12T09:50:42.084708+00:00,2.500159978866577,2.4280641078948975,2.5845439434051514,2.5072522799173993,0.062491265653401844,467.2625409521218,8388608,1168231104512,0.50390625,0.50390625,0.3817648634796384,0.40767996651785715,265720,31.569351196748457,153054720,2.919287109375,"[""64K+""]",True,0.8087269961833954,2.73875892162323,4029.432151466608,952370176,43.0,88.99,1755.0,1593.0,47.0,120.95,1725.0,1593.0
b1_h262144_q512_csa_profile_sim_ascending_steady,ok,,full,csa_profile_sim,ascending,steady,1,262144,512,2048,10,30,20260803,2026-08-12T06:28:14.754933+00:00,0.34835198521614075,0.34668800234794617,0.3524479866027832,0.3489877333243688,0.0024581178742960675,419.199241747952,1048576,146028888064,0.50390625,0.50390625,0.3817648634796384,0.4074883806262231,158800,6.603123425692695,91468800,1.74462890625,"[""64K+""]",True,0.680096447467804,1.9055753946304321,503.3215060830116,581469184,41.0,91.28,1755.0,1593.0,42.0,94.94,1755.0,1593.0
b1_h262144_q512_csa_profile_sim_descending_steady,ok,,full,csa_profile_sim,descending,steady,1,262144,512,2048,10,30,20260803,2026-08-12T09:51:27.190115+00:00,0.34678399562835693,0.34489598870277405,0.36127999424934387,0.34939946432908375,0.005498818731447447,421.09465807210125,1048576,146028888064,0.50390625,0.50390625,0.3817648634796384,0.4074883806262231,158800,6.603123425692695,91468800,1.74462890625,"[""64K+""]",True,0.6838478147983551,1.9152052700519562,512.895405292511,581469184,44.0,94.44,1755.0,1593.0,43.0,99.53,1755.0,1593.0
b1_h262144_q8_csa_profile_sim_ascending_steady,ok,,full,csa_profile_sim,ascending,steady,1,262144,8,2048,10,30,20260803,2026-08-12T06:28:04.408693+00:00,0.07088000327348709,0.07036799937486649,0.07452800124883652,0.07120746696988742,0.001248401596910027,32.191045014433264,16384,2281701376,0.50390625,0.50390625,0.38176486347963834,0.40680039138943247,8716,1.8797613584212942,5020416,0.0957568359375,"[""64K+""]",True,0.46928226947784424,1.6645975410938263,8.800692856311798,529311232,39.0,87.48,1755.0,1593.0,39.0,87.4,1755.0,1593.0
b1_h262144_q8_csa_profile_sim_descending_steady,ok,,full,csa_profile_sim,descending,steady,1,262144,8,2048,10,30,20260803,2026-08-12T09:51:37.391063+00:00,0.07132799923419952,0.07065600156784058,0.07414399832487106,0.07166293263435364,0.0010984200700800673,31.988859921728974,16384,2281701376,0.50390625,0.50390625,0.38176486347963834,0.40680039138943247,8716,1.8797613584212942,5020416,0.0957568359375,"[""64K+""]",True,0.4765652120113373,1.645103096961975,8.74597579240799,529311232,43.0,92.28,1755.0,1593.0,43.0,92.27,1755.0,1593.0
b1_h32768_q1024_csa_profile_sim_ascending_steady,ok,,full,csa_profile_sim,ascending,steady,1,32768,1024,2048,10,30,20260803,2026-08-12T06:28:22.485541+00:00,0.5723199844360352,0.5681920051574707,0.5804479718208313,0.5728544016679128,0.00376135562896417,510.30504625099564,2097152,292057776128,0.5703125,0.5703125,0.432384490611313,0.5019168144569471,33784,62.07530191806772,19459584,0.371162109375,"[""32K-64K""]",False,0.6479322910308838,0.7182620465755463,922.4054999649525,313590784,42.0,88.32,1755.0,1593.0,42.0,95.93,1755.0,1593.0
b1_h32768_q1024_csa_profile_sim_descending_steady,ok,,full,csa_profile_sim,descending,steady,1,32768,1024,2048,10,30,20260803,2026-08-12T09:51:18.999789+00:00,0.5697280168533325,0.5684800148010254,0.5723519921302795,0.5701589286327362,0.0016499690146864682,512.6266700750749,2097152,292057776128,0.5703125,0.5703125,0.432384490611313,0.5019168144569471,33784,62.07530191806772,19459584,0.371162109375,"[""32K-64K""]",False,0.8197426795959473,0.8197389543056488,940.3165280818939,313590784,44.0,89.46,1755.0,1593.0,44.0,96.46,1755.0,1593.0
b1_h32768_q128_csa_profile_sim_ascending_steady,ok,,full,csa_profile_sim,ascending,steady,1,32768,128,2048,10,30,20260803,2026-08-12T06:28:06.996536+00:00,0.14137600362300873,0.13929599523544312,0.14361600577831268,0.14149440079927444,0.0013383288172105572,258.22785395285075,262144,36507222016,0.5703125,0.5703125,0.432384490611313,0.49744679549902154,31112,8.425816405245564,17920512,0.341806640625,"[""32K-64K""]",False,0.5209408700466156,0.5895718932151794,123.28283861279488,126862336,40.0,90.21,1755.0,1593.0,40.0,89.99,1755.0,1593.0
b1_h32768_q128_csa_profile_sim_descending_steady,ok,,full,csa_profile_sim,descending,steady,1,32768,128,2048,10,30,20260803,2026-08-12T09:51:34.905203+00:00,0.14176000654697418,0.14006400108337402,0.14467200636863708,0.14198613315820693,0.0012444663322338345,257.5283601154661,262144,36507222016,0.5703125,0.5703125,0.432384490611313,0.49744679549902154,31112,8.425816405245564,17920512,0.341806640625,"[""32K-64K""]",False,0.562518835067749,0.6324648857116699,121.37137353420258,126862336,43.0,95.36,1755.0,1593.0,43.0,94.92,1755.0,1593.0
b1_h32768_q2_csa_profile_sim_ascending_steady,ok,,full,csa_profile_sim,ascending,steady,1,32768,2,2048,10,30,20260803,2026-08-12T06:28:03.038051+00:00,0.06784000247716904,0.06627199798822403,0.07049600034952164,0.06818773398796717,0.0018111688647707148,8.40839214579881,4096,570425344,0.5703125,0.5703125,0.43238449061131295,0.45596868884540115,2928,1.3989071038251366,1686528,0.03216796875,"[""32K-64K""]",False,0.4492737352848053,0.5845986306667328,3.0241645872592926,113461248,38.0,79.88,1755.0,1593.0,38.0,81.22,1755.0,1593.0
b1_h32768_q2_csa_profile_sim_descending_steady,ok,,full,csa_profile_sim,descending,steady,1,32768,2,2048,10,30,20260803,2026-08-12T09:51:38.550218+00:00,0.0681919977068901,0.06668800115585327,0.07011199742555618,0.06843839983145396,0.0013891129061052753,8.364989488236745,4096,570425344,0.5703125,0.5703125,0.43238449061131295,0.45596868884540115,2928,1.3989071038251366,1686528,0.03216796875,"[""32K-64K""]",False,0.4223175346851349,0.5949363112449646,3.030862659215927,113461248,43.0,90.18,1755.0,1593.0,43.0,90.18,1755.0,1593.0
b1_h32768_q32_csa_profile_sim_ascending_steady,ok,,full,csa_profile_sim,ascending,steady,1,32768,32,2048,10,30,20260803,2026-08-12T06:28:05.169085+00:00,0.06940799951553345,0.06864000111818314,0.07366400212049484,0.06976640050609907,0.0014509430939104316,131.49500875554594,65536,9126805504,0.5703125,0.5703125,0.43238449061131295,0.4859344422700587,18520,3.5386609071274298,10667520,0.203466796875,"[""32K-64K""]",False,0.515177845954895,0.5653351545333862,32.20167011022568,117550080,39.0,88.53,1755.0,1593.0,39.0,88.53,1755.0,1593.0
b1_h32768_q32_csa_profile_sim_descending_steady,ok,,full,csa_profile_sim,descending,steady,1,32768,32,2048,10,30,20260803,2026-08-12T09:51:36.687265+00:00,0.06950400024652481,0.06908799707889557,0.07292799651622772,0.0699125332136949,0.00143885458800644,131.3133844329534,65536,9126805504,0.5703125,0.5703125,0.43238449061131295,0.4859344422700587,18520,3.5386609071274298,10667520,0.203466796875,"[""32K-64K""]",False,0.5530677735805511,0.6039105355739594,31.91591054201126,117550080,43.0,92.46,1755.0,1593.0,43.0,92.75,1755.0,1593.0
b1_h32768_q4096_csa_profile_sim_ascending_steady,ok,,full,csa_profile_sim,ascending,steady,1,32768,4096,2048,10,30,20260803,2026-08-12T06:28:43.797636+00:00,2.301055908203125,2.2155840396881104,2.3546559810638428,2.304424540201823,0.05523822353773548,507.6934899092746,8388608,1168231104512,0.5703125,0.5703125,0.432384490611313,0.4901292655332681,36860,227.58024959305482,21231360,0.4049560546875,"[""32K-64K""]",False,0.814877450466156,1.5956424176692963,3639.425165951252,820249600,42.0,87.57,1755.0,1593.0,45.0,117.84,1665.0,1593.0
b1_h32768_q4096_csa_profile_sim_descending_steady,ok,,full,csa_profile_sim,descending,steady,1,32768,4096,2048,10,30,20260803,2026-08-12T09:50:55.063203+00:00,2.362528085708618,2.222559928894043,2.4390718936920166,2.351756795247396,0.08086422847254747,494.4834779230148,8388608,1168231104512,0.5703125,0.5703125,0.432384490611313,0.4901292655332681,36860,227.58024959305482,21231360,0.4049560546875,"[""32K-64K""]",False,18.596969544887543,2.0633041858673096,3631.257016211748,820249600,43.0,88.09,1755.0,1593.0,49.0,117.33,1725.0,1593.0
b1_h32768_q512_csa_profile_sim_ascending_steady,ok,,full,csa_profile_sim,ascending,steady,1,32768,512,2048,10,30,20260803,2026-08-12T06:28:12.831540+00:00,0.3301120102405548,0.32627201080322266,0.33321601152420044,0.3300298670927683,0.0026186425866915244,442.3616334273563,1048576,146028888064,0.5703125,0.5703125,0.432384490611313,0.5022894752935421,33276,31.51147974516168,19166976,0.3655810546875,"[""32K-64K""]",False,0.6529837846755981,0.8305758237838745,474.0138612687588,167707648,41.0,91.7,1755.0,1593.0,41.0,95.47,1755.0,1593.0
b1_h32768_q512_csa_profile_sim_descending_steady,ok,,full,csa_profile_sim,descending,steady,1,32768,512,2048,10,30,20260803,2026-08-12T09:51:29.093992+00:00,0.32761600613594055,0.32579201459884644,0.3312000036239624,0.3278624008099238,0.0015351799525774928,445.7318486551813,1048576,146028888064,0.5703125,0.5703125,0.432384490611313,0.5022894752935421,33276,31.51147974516168,19166976,0.3655810546875,"[""32K-64K""]",False,0.6770975887775421,0.81653892993927,465.97233042120934,167707648,44.0,92.98,1755.0,1593.0,44.0,95.6,1755.0,1593.0
b1_h32768_q8_csa_profile_sim_ascending_steady,ok,,full,csa_profile_sim,ascending,steady,1,32768,8,2048,10,30,20260803,2026-08-12T06:28:04.050686+00:00,0.07119999825954437,0.07072000205516815,0.07446400076150894,0.07149440025289854,0.0011156452869721134,32.046368423810144,16384,2281701376,0.5703125,0.5703125,0.43238449061131295,0.4936399217221135,7348,2.2297223734349485,4232448,0.0807275390625,"[""32K-64K""]",False,0.48350170254707336,0.7386133074760437,8.91571119427681,114098176,39.0,86.83,1755.0,1593.0,39.0,86.85,1755.0,1593.0
b1_h32768_q8_csa_profile_sim_descending_steady,ok,,full,csa_profile_sim,descending,steady,1,32768,8,2048,10,30,20260803,2026-08-12T09:51:37.596029+00:00,0.07126399874687195,0.07065600156784058,0.07273600250482559,0.0714528001844883,0.0008694092786201602,32.017588349266646,16384,2281701376,0.5703125,0.5703125,0.43238449061131295,0.4936399217221135,7348,2.2297223734349485,4232448,0.0807275390625,"[""32K-64K""]",False,0.4408322274684906,0.699654221534729,8.7960883975029,114098176,43.0,92.45,1755.0,1593.0,43.0,92.29,1755.0,1593.0
b1_h4096_q1024_csa_profile_sim_ascending_steady,ok,,full,csa_profile_sim,ascending,steady,1,4096,1024,2048,10,30,20260803,2026-08-12T06:28:19.620470+00:00,0.5581120252609253,0.5555520057678223,0.5630720257759094,0.5585226714611053,0.0026146356243978647,523.2959744801392,2097152,292057776128,0.8125,0.8125,0.722527752539372,0.8655248593444227,5112,410.24100156494524,2944512,0.056162109375,"[""2K-8K""]",False,0.6983168423175812,0.6441287696361542,524.3091806769371,297075712,41.0,94.71,1755.0,1593.0,43.0,102.5,1755.0,1593.0
b1_h4096_q1024_csa_profile_sim_descending_steady,ok,,full,csa_profile_sim,descending,steady,1,4096,1024,2048,10,30,20260803,2026-08-12T09:51:22.325904+00:00,0.5557760000228882,0.5537919998168945,0.5629760026931763,0.5564149300257365,0.0022677077702996777,525.4954804021266,2097152,292057776128,0.8125,0.8125,0.722527752539372,0.8655248593444227,5112,410.24100156494524,2944512,0.056162109375,"[""2K-8K""]",False,0.731494277715683,0.6610676646232605,514.3561214208603,297075712,44.0,97.98,1755.0,1593.0,44.0,105.13,1755.0,1593.0
b1_h4096_q128_csa_profile_sim_ascending_steady,ok,,full,csa_profile_sim,ascending,steady,1,4096,128,2048,10,30,20260803,2026-08-12T06:28:06.241496+00:00,0.13619199395179749,0.13478399813175201,0.14441600441932678,0.1367509330312411,0.0024195299846175257,268.05703446063814,262144,36507222016,0.8125,0.8125,0.722527752539372,0.8796936154598826,4220,62.119431279620855,2430720,0.0463623046875,"[""2K-8K""]",False,0.4442743957042694,0.35368651151657104,72.07412645220757,39912448,40.0,89.17,1755.0,1593.0,40.0,89.55,1755.0,1593.0
b1_h4096_q128_csa_profile_sim_descending_steady,ok,,full,csa_profile_sim,descending,steady,1,4096,128,2048,10,30,20260803,2026-08-12T09:51:35.532109+00:00,0.13619199395179749,0.13366399705410004,0.13868799805641174,0.13631359984477362,0.0016246301936844836,268.05703446063814,262144,36507222016,0.8125,0.8125,0.722527752539372,0.8796936154598826,4220,62.119431279620855,2430720,0.0463623046875,"[""2K-8K""]",False,0.44860318303108215,0.3899522125720978,70.56783512234688,39912448,43.0,93.27,1755.0,1593.0,43.0,93.6,1755.0,1593.0
b1_h4096_q2_csa_profile_sim_ascending_steady,ok,,full,csa_profile_sim,ascending,steady,1,4096,2,2048,30,100,20260803,2026-08-12T09:54:28.374458+00:00,0.069023996591568,0.06703999638557434,0.07391999661922455,0.06940575964748859,0.002150486831399915,8.264159888847749,4096,570425344,0.8125,0.8125,0.722527752539372,0.8522504892367906,2432,1.6842105263157894,1400832,0.02671875,"[""2K-8K""]",False,175.9607307612896,19.217509776353836,15.102829784154892,14370816,42.0,88.29,1755.0,1593.0,42.0,88.34,1755.0,1593.0
b1_h4096_q2_csa_profile_sim_descending_steady,ok,,full,csa_profile_sim,descending,steady,1,4096,2,2048,30,100,20260803,2026-08-12T09:57:22.132096+00:00,0.069023996591568,0.06755200028419495,0.07100799679756165,0.06919327959418296,0.0013094007107096403,8.264159888847749,4096,570425344,0.8125,0.8125,0.722527752539372,0.8522504892367906,2432,1.6842105263157894,1400832,0.02671875,"[""2K-8K""]",False,0.46564266085624695,0.265754759311676,2.501577138900757,14370816,68.0,214.81,1755.0,1593.0,67.0,191.29,1755.0,1593.0
b1_h4096_q32_csa_profile_sim_ascending_steady,ok,,full,csa_profile_sim,ascending,steady,1,4096,32,2048,10,30,20260803,2026-08-12T06:28:04.784201+00:00,0.06908799707889557,0.06864000111818314,0.07017599791288376,0.06933866689602534,0.0009086749665815366,132.10406857760796,65536,9126805504,0.8125,0.8125,0.722527752539372,0.8745719178082192,4068,16.110127826941987,2343168,0.0446923828125,"[""2K-8K""]",False,0.4207491874694824,0.24228543043136597,19.64825764298439,17560576,39.0,88.02,1755.0,1593.0,39.0,88.19,1755.0,1593.0
b1_h4096_q32_csa_profile_sim_descending_steady,ok,,full,csa_profile_sim,descending,steady,1,4096,32,2048,10,30,20260803,2026-08-12T09:51:37.080032+00:00,0.06969600170850754,0.06896000355482101,0.07225599884986877,0.06992746666073799,0.0009243022749939507,130.95163682662047,65536,9126805504,0.8125,0.8125,0.722527752539372,0.8745719178082192,4068,16.110127826941987,2343168,0.0446923828125,"[""2K-8K""]",False,0.4441477358341217,0.25695934891700745,19.551165401935577,17560576,43.0,92.54,1755.0,1593.0,43.0,92.7,1755.0,1593.0
b1_h4096_q4096_csa_profile_sim_ascending_steady,ok,,full,csa_profile_sim,ascending,steady,1,4096,4096,2048,10,30,20260803,2026-08-12T06:28:33.770734+00:00,2.2783679962158203,2.16483211517334,2.3354239463806152,2.254971734682719,0.0692091331798225,512.7490846309001,8388608,1168231104512,0.8124670902014652,0.8124670902014652,0.7224876865505949,0.8331511435909981,8180,1025.5022004889975,4711680,0.0898681640625,"[""2K-8K"", ""8K-16K""]",False,0.8683986961841583,1.5292763710021973,1788.9631353318691,803734528,42.0,87.07,1755.0,1593.0,46.0,116.17,1695.0,1593.0
b1_h4096_q4096_csa_profile_sim_descending_steady,ok,,full,csa_profile_sim,descending,steady,1,4096,4096,2048,10,30,20260803,2026-08-12T09:51:06.742747+00:00,2.2455360889434814,2.1595840454101562,2.3331520557403564,2.257754675547282,0.0682466891887144,520.2459716697983,8388608,1168231104512,0.8124670902014652,0.8124670902014652,0.7224876865505949,0.8331511435909981,8180,1025.5022004889975,4711680,0.0898681640625,"[""2K-8K"", ""8K-16K""]",False,0.8070394396781921,1.4464780688285828,1759.1380588710308,803734528,44.0,89.29,1755.0,1593.0,48.0,117.27,1695.0,1593.0
b1_h4096_q512_csa_profile_sim_ascending_steady,ok,,full,csa_profile_sim,ascending,steady,1,4096,512,2048,10,30,20260803,2026-08-12T06:28:11.174128+00:00,0.31968000531196594,0.3179199993610382,0.3256959915161133,0.32082453469435374,0.002573531384113844,456.79706468189926,1048576,146028888064,0.8125,0.8125,0.722527752539372,0.8686781433463796,4596,228.1496953872933,2647296,0.0504931640625,"[""2K-8K""]",False,0.7918588817119598,0.6236955523490906,266.8907903134823,149718016,41.0,91.31,1755.0,1593.0,42.0,95.77,1755.0,1593.0
b1_h4096_q512_csa_profile_sim_descending_steady,ok,,full,csa_profile_sim,descending,steady,1,4096,512,2048,10,30,20260803,2026-08-12T09:51:30.790662+00:00,0.3198400139808655,0.3181439936161041,0.3224320113658905,0.32008319993813833,0.0013917995130605899,456.5685395221882,1048576,146028888064,0.8125,0.8125,0.722527752539372,0.8686781433463796,4596,228.1496953872933,2647296,0.0504931640625,"[""2K-8K""]",False,0.6581060588359833,0.577293336391449,264.08402621746063,149718016,44.0,98.03,1755.0,1593.0,44.0,101.41,1755.0,1593.0
b1_h4096_q8_csa_profile_sim_ascending_steady,ok,,full,csa_profile_sim,ascending,steady,1,4096,8,2048,10,30,20260803,2026-08-12T06:28:03.743129+00:00,0.07065600156784058,0.07030399888753891,0.07321599870920181,0.07092906658848126,0.0009296433697725947,32.2931007326988,16384,2281701376,0.8125,0.8125,0.722527752539372,0.8735322896281801,3512,4.665148063781321,2022912,0.038583984375,"[""2K-8K""]",False,0.4233419895172119,0.36307796835899353,6.026860326528549,15007744,39.0,86.65,1755.0,1593.0,39.0,86.67,1755.0,1593.0
b1_h4096_q8_csa_profile_sim_descending_steady,ok,,full,csa_profile_sim,descending,steady,1,4096,8,2048,10,30,20260803,2026-08-12T09:51:37.903586+00:00,0.07091200351715088,0.07046400010585785,0.07155200093984604,0.07107093359033266,0.0007213135110752663,32.17651825967862,16384,2281701376,0.8125,0.8125,0.722527752539372,0.8735322896281801,3512,4.665148063781321,2022912,0.038583984375,"[""2K-8K""]",False,0.42196735739707947,0.3959350287914276,5.993209779262543,15007744,43.0,91.93,1755.0,1593.0,43.0,91.9,1755.0,1593.0
b1_h524288_q1024_csa_profile_sim_ascending_steady,ok,,full,csa_profile_sim,ascending,steady,1,524288,1024,2048,10,30,20260803,2026-08-12T06:28:27.116960+00:00,0.6117759943008423,0.6086400151252747,0.6147519946098328,0.6119199971357981,0.002478524679073999,477.3933250875155,2097152,292057776128,0.50390625,0.50390625,0.3817648634796384,0.40674305895303325,289180,7.252064458122969,166567680,3.1770263671875,"[""64K+""]",True,0.6869658827781677,3.10622900724411,994.9642233550549,785449984,42.0,88.12,1755.0,1593.0,43.0,96.02,1740.0,1593.0
b1_h524288_q1024_csa_profile_sim_descending_steady,ok,,full,csa_profile_sim,descending,steady,1,524288,1024,2048,10,30,20260803,2026-08-12T09:51:14.394339+00:00,0.6158720254898071,0.6135039925575256,0.6192319989204407,0.6158496042092642,0.0016265756218596412,474.21828568317335,2097152,292057776128,0.50390625,0.50390625,0.3817648634796384,0.40674305895303325,289180,7.252064458122969,166567680,3.1770263671875,"[""64K+""]",True,0.6962232291698456,3.1706802546977997,993.102990090847,785449984,44.0,87.67,1755.0,1593.0,44.0,95.74,1755.0,1593.0
b1_h524288_q128_csa_profile_sim_ascending_steady,ok,,full,csa_profile_sim,ascending,steady,1,524288,128,2048,10,30,20260803,2026-08-12T06:28:08.069385+00:00,0.15158399939537048,0.14908799529075623,0.1554879993200302,0.1516181339820226,0.0019139981645165233,240.83822937525005,262144,36507222016,0.50390625,0.50390625,0.3817648634796384,0.4035744863013699,73156,3.5833561156979603,42137856,0.8037158203125,"[""64K+""]",True,0.5874447524547577,2.872105687856674,125.67327916622162,692724736,40.0,91.36,1755.0,1593.0,40.0,91.67,1755.0,1593.0
b1_h524288_q128_csa_profile_sim_descending_steady,ok,,full,csa_profile_sim,descending,steady,1,524288,128,2048,10,30,20260803,2026-08-12T09:51:34.064298+00:00,0.15158399939537048,0.14902399480342865,0.15436799824237823,0.15144106596708298,0.0015201350253562177,240.83822937525005,262144,36507222016,0.50390625,0.50390625,0.3817648634796384,0.4035744863013699,73156,3.5833561156979603,42137856,0.8037158203125,"[""64K+""]",True,0.6150528788566589,2.9200613498687744,125.37259608507156,692724736,44.0,94.29,1755.0,1593.0,44.0,95.78,1755.0,1593.0
b1_h524288_q2_csa_profile_sim_ascending_steady,ok,,full,csa_profile_sim,ascending,steady,1,524288,2,2048,10,30,20260803,2026-08-12T06:28:03.553704+00:00,0.06719999760389328,0.06665600091218948,0.06982400268316269,0.06773333400487899,0.0010838926838367662,8.488472683620333,4096,570425344,0.50390625,0.50390625,0.38176486347963834,0.4021526418786693,3064,1.3368146214099217,1764864,0.033662109375,"[""64K+""]",True,0.47367438673973083,2.7993880212306976,2.788607031106949,679685632,38.0,86.5,1755.0,1593.0,38.0,86.58,1755.0,1593.0
b1_h524288_q2_csa_profile_sim_descending_steady,ok,,full,csa_profile_sim,descending,steady,1,524288,2,2048,10,30,20260803,2026-08-12T09:51:38.130561+00:00,0.0681919977068901,0.06684800237417221,0.07180800288915634,0.06857279986143112,0.0014327846001816315,8.364989488236745,4096,570425344,0.50390625,0.50390625,0.38176486347963834,0.4021526418786693,3064,1.3368146214099217,1764864,0.033662109375,"[""64K+""]",True,0.4820041358470917,2.7916543185710907,2.8480030596256256,679685632,43.0,91.42,1755.0,1593.0,43.0,91.12,1755.0,1593.0
b1_h524288_q32_csa_profile_sim_ascending_steady,ok,,full,csa_profile_sim,ascending,steady,1,524288,32,2048,10,30,20260803,2026-08-12T06:28:05.658414+00:00,0.06950400024652481,0.06915199756622314,0.07152000069618225,0.06975466683506966,0.0007803049732033692,131.3133844329534,65536,9126805504,0.50390625,0.50390625,0.38176486347963834,0.40728962818003916,26908,2.4355581983053365,15499008,0.2956201171875,"[""64K+""]",True,0.5449578166007996,2.7711093425750732,32.1754515171051,682789888,39.0,88.95,1755.0,1593.0,39.0,89.09,1755.0,1593.0
b1_h524288_q32_csa_profile_sim_descending_steady,ok,,full,csa_profile_sim,descending,steady,1,524288,32,2048,10,30,20260803,2026-08-12T09:51:36.187067+00:00,0.06992000341415405,0.06934399902820587,0.07184000313282013,0.07016320079565048,0.0009960388254179266,130.53210895799873,65536,9126805504,0.50390625,0.50390625,0.38176486347963834,0.40728962818003916,26908,2.4355581983053365,15499008,0.2956201171875,"[""64K+""]",True,0.576455146074295,2.789050340652466,32.136112451553345,682789888,44.0,93.06,1755.0,1593.0,44.0,93.3,1755.0,1593.0
b1_h524288_q4096_csa_profile_sim_ascending_steady,ok,,full,csa_profile_sim,ascending,steady,1,524288,4096,2048,10,30,20260803,2026-08-12T06:29:00.453443+00:00,2.5502400398254395,2.36844801902771,2.564192056655884,2.5113109350204468,0.07112410061816143,458.0867237077667,8388608,1168231104512,0.50390625,0.50390625,0.3817648634796384,0.4070798870168787,501608,16.72343343806319,288926208,5.510830078125,"[""64K+""]",True,0.8017309010028839,3.8481466472148895,4104.953091591597,1103365120,42.0,87.95,1755.0,1593.0,46.0,120.33,1620.0,1593.0
b1_h524288_q4096_csa_profile_sim_descending_steady,ok,,full,csa_profile_sim,descending,steady,1,524288,4096,2048,10,30,20260803,2026-08-12T09:50:37.763853+00:00,2.4909119606018066,2.349600076675415,2.5997440814971924,2.5173770586649575,0.07632062730954416,468.99734835660524,8388608,1168231104512,0.50390625,0.50390625,0.3817648634796384,0.4070798870168787,501608,16.72343343806319,288926208,5.510830078125,"[""64K+""]",True,0.8628591895103455,3.808591514825821,4060.52815169096,1103365120,44.0,89.14,1755.0,1593.0,48.0,121.64,1680.0,1593.0
b1_h524288_q512_csa_profile_sim_ascending_steady,ok,,full,csa_profile_sim,ascending,steady,1,524288,512,2048,10,30,20260803,2026-08-12T06:28:15.393776+00:00,0.3493120074272156,0.34729599952697754,0.3532800078392029,0.34976533154646555,0.0022670707443305277,418.0471468460108,1048576,146028888064,0.50390625,0.50390625,0.3817648634796384,0.4069685665362035,184100,5.695687126561651,106041600,2.0225830078125,"[""64K+""]",True,0.6956420838832855,3.0403733253479004,505.42793050408363,732464128,41.0,91.32,1755.0,1593.0,42.0,96.1,1755.0,1593.0
b1_h524288_q512_csa_profile_sim_descending_steady,ok,,full,csa_profile_sim,descending,steady,1,524288,512,2048,10,30,20260803,2026-08-12T09:51:26.559509+00:00,0.3479999899864197,0.3460800051689148,0.3543680012226105,0.34889280001322426,0.0023912699007640507,419.6232536377332,1048576,146028888064,0.50390625,0.50390625,0.3817648634796384,0.4069685665362035,184100,5.695687126561651,106041600,2.0225830078125,"[""64K+""]",True,0.7408112287521362,3.1332559883594513,504.03378158807755,732464128,44.0,97.33,1755.0,1593.0,44.0,102.15,1755.0,1593.0
b1_h524288_q8_csa_profile_sim_ascending_steady,ok,,full,csa_profile_sim,ascending,steady,1,524288,8,2048,10,30,20260803,2026-08-12T06:28:04.523150+00:00,0.07094399631023407,0.07027199864387512,0.07241600006818771,0.07117653315265973,0.0011089724958391225,32.16200798757163,16384,2281701376,0.50390625,0.50390625,0.38176486347963834,0.4026418786692759,8712,1.8806244260789715,5018112,0.095712890625,"[""64K+""]",True,0.44953078031539917,2.8975754976272583,8.78569483757019,680306176,39.0,87.79,1755.0,1593.0,39.0,87.76,1755.0,1593.0
b1_h524288_q8_csa_profile_sim_descending_steady,ok,,full,csa_profile_sim,descending,steady,1,524288,8,2048,10,30,20260803,2026-08-12T09:51:37.301335+00:00,0.07107199728488922,0.07072000205516815,0.0727040022611618,0.07140480056405067,0.0009825817289643827,32.10408407201352,16384,2281701376,0.50390625,0.50390625,0.38176486347963834,0.4026418786692759,8712,1.8806244260789715,5018112,0.095712890625,"[""64K+""]",True,0.4699490964412689,2.885233610868454,8.864864706993103,680306176,43.0,92.23,1755.0,1593.0,43.0,92.14,1755.0,1593.0
b1_h65536_q1024_csa_profile_sim_ascending_steady,ok,,full,csa_profile_sim,ascending,steady,1,65536,1024,2048,10,30,20260803,2026-08-12T06:28:23.546104+00:00,0.5970240235328674,0.5939840078353882,0.6042240262031555,0.5972586711247762,0.0029612518454800625,489.18932005408925,2097152,292057776128,0.50390625,0.50390625,0.3817648634796384,0.4111060573630137,66548,31.513373805373565,38331648,0.7311181640625,"[""64K+""]",False,0.671926885843277,0.9736679494380951,995.1684847474098,337249280,42.0,87.98,1755.0,1593.0,44.0,96.81,1755.0,1593.0
b1_h65536_q1024_csa_profile_sim_descending_steady,ok,,full,csa_profile_sim,descending,steady,1,65536,1024,2048,10,30,20260803,2026-08-12T09:51:17.857344+00:00,0.5934720039367676,0.5917760133743286,0.6011520028114319,0.5942570646603902,0.002582238193795644,492.11719203374207,2097152,292057776128,0.50390625,0.50390625,0.3817648634796384,0.4111060573630137,66548,31.513373805373565,38331648,0.7311181640625,"[""64K+""]",False,0.74000284075737,1.0081492364406586,1005.5130943655968,337249280,44.0,89.44,1755.0,1593.0,44.0,96.7,1755.0,1593.0
b1_h65536_q128_csa_profile_sim_ascending_steady,ok,,full,csa_profile_sim,ascending,steady,1,65536,128,2048,10,30,20260803,2026-08-12T06:28:07.249682+00:00,0.14812800288200378,0.14496000111103058,0.1515520066022873,0.14785600006580352,0.0017944323152516,246.45726200116954,262144,36507222016,0.50390625,0.50390625,0.3817648634796384,0.4079623287671233,54448,4.81457537466941,31362048,0.59818359375,"[""64K+""]",False,0.5757920444011688,0.7788389921188354,125.85250288248062,240108544,40.0,89.76,1755.0,1593.0,40.0,90.35,1755.0,1593.0
b1_h65536_q128_csa_profile_sim_descending_steady,ok,,full,csa_profile_sim,descending,steady,1,65536,128,2048,10,30,20260803,2026-08-12T09:51:34.712323+00:00,0.14825600385665894,0.14604799449443817,0.15145599842071533,0.14835733274618784,0.001843602327315014,246.24447621896613,262144,36507222016,0.50390625,0.50390625,0.3817648634796384,0.4079623287671233,54448,4.81457537466941,31362048,0.59818359375,"[""64K+""]",False,0.5780346691608429,0.7837973535060883,126.00361555814743,240108544,43.0,98.81,1755.0,1593.0,43.0,99.46,1755.0,1593.0
b1_h65536_q2_csa_profile_sim_ascending_steady,ok,,full,csa_profile_sim,ascending,steady,1,65536,2,2048,10,30,20260803,2026-08-12T06:28:03.138543+00:00,0.06854400038719177,0.06659200042486191,0.07174400240182877,0.06890026628971099,0.0026839941404134906,8.322031699022203,4096,570425344,0.50390625,0.50390625,0.38176486347963834,0.449119373776908,3064,1.3368146214099217,1764864,0.033662109375,"[""64K+""]",False,0.4344545304775238,0.6498098373413086,2.721436321735382,226707456,38.0,82.62,1755.0,1593.0,38.0,84.62,1755.0,1593.0
b1_h65536_q2_csa_profile_sim_descending_steady,ok,,full,csa_profile_sim,descending,steady,1,65536,2,2048,10,30,20260803,2026-08-12T09:51:38.488424+00:00,0.069023996591568,0.0676800012588501,0.07049600034952164,0.06908906648556391,0.0008453281937388343,8.264159888847749,4096,570425344,0.50390625,0.50390625,0.38176486347963834,0.449119373776908,3064,1.3368146214099217,1764864,0.033662109375,"[""64K+""]",False,0.470772385597229,0.6858706474304199,2.7593933045864105,226707456,43.0,90.31,1755.0,1593.0,43.0,90.24,1755.0,1593.0
b1_h65536_q32_csa_profile_sim_ascending_steady,ok,,full,csa_profile_sim,ascending,steady,1,65536,32,2048,10,30,20260803,2026-08-12T06:28:05.280201+00:00,0.06924799829721451,0.06883200258016586,0.07075200229883194,0.06951466600100199,0.00098821979350268,131.79883503386588,65536,9126805504,0.50390625,0.50390625,0.38176486347963834,0.4167074363992172,25364,2.5838195868159595,14609664,0.2786572265625,"[""64K+""]",False,0.5176439881324768,0.6401464343070984,34.50985997915268,229897216,39.0,88.62,1755.0,1593.0,40.0,88.82,1755.0,1593.0
b1_h65536_q32_csa_profile_sim_descending_steady,ok,,full,csa_profile_sim,descending,steady,1,65536,32,2048,10,30,20260803,2026-08-12T09:51:36.591106+00:00,0.06988800317049026,0.06911999732255936,0.07155200093984604,0.0699925330777963,0.0008469204600152698,130.59187685954277,65536,9126805504,0.50390625,0.50390625,0.38176486347963834,0.4167074363992172,25364,2.5838195868159595,14609664,0.2786572265625,"[""64K+""]",False,0.577632337808609,0.7990263402462006,32.49799832701683,229897216,43.0,92.72,1755.0,1593.0,43.0,92.74,1755.0,1593.0
b1_h65536_q4096_csa_profile_sim_ascending_steady,ok,,full,csa_profile_sim,ascending,steady,1,65536,4096,2048,10,30,20260803,2026-08-12T06:28:47.677335+00:00,2.4007999897003174,2.309216022491455,2.509536027908325,2.4113994598388673,0.07378218066610716,486.60076204758144,8388608,1168231104512,0.50390625,0.50390625,0.3817648634796384,0.4113841196795499,69628,120.4775090480841,40105728,0.7649560546875,"[""64K+""]",False,0.7996596395969391,1.7230696976184845,4066.6792951524258,839123968,43.0,88.67,1755.0,1593.0,47.0,119.75,1695.0,1593.0
b1_h65536_q4096_csa_profile_sim_descending_steady,ok,,full,csa_profile_sim,descending,steady,1,65536,4096,2048,10,30,20260803,2026-08-12T09:50:50.701601+00:00,2.5087039470672607,2.3104000091552734,2.5221118927001953,2.452271993954976,0.07700973859395364,465.6711709158397,8388608,1168231104512,0.50390625,0.50390625,0.3817648634796384,0.4113841196795499,69628,120.4775090480841,40105728,0.7649560546875,"[""64K+""]",False,0.7955282926559448,1.7255879938602448,4105.038076639175,839123968,43.0,88.45,1755.0,1593.0,48.0,118.47,1695.0,1593.0
b1_h65536_q512_csa_profile_sim_ascending_steady,ok,,full,csa_profile_sim,ascending,steady,1,65536,512,2048,10,30,20260803,2026-08-12T06:28:13.419737+00:00,0.33977600932121277,0.33740800619125366,0.34591999650001526,0.34053333501021066,0.0028358860719730206,429.7798669062277,1048576,146028888064,0.50390625,0.50390625,0.3817648634796384,0.41135640900195697,65952,15.899078117418728,37988352,0.7245703125,"[""64K+""]",False,0.6232261657714844,0.9115375578403473,505.7747848331928,280953856,41.0,91.6,1755.0,1593.0,41.0,95.75,1755.0,1593.0
b1_h65536_q512_csa_profile_sim_descending_steady,ok,,full,csa_profile_sim,descending,steady,1,65536,512,2048,10,30,20260803,2026-08-12T09:51:28.500180+00:00,0.3389120101928711,0.3372479975223541,0.3428800106048584,0.33931733469168346,0.0017168698461108257,430.87551834146143,1048576,146028888064,0.50390625,0.50390625,0.3817648634796384,0.41135640900195697,65952,15.899078117418728,37988352,0.7245703125,"[""64K+""]",False,0.7076375186443329,0.963360071182251,496.3328614830971,280953856,44.0,93.24,1755.0,1593.0,44.0,96.27,1755.0,1593.0
b1_h65536_q8_csa_profile_sim_ascending_steady,ok,,full,csa_profile_sim,ascending,steady,1,65536,8,2048,10,30,20260803,2026-08-12T06:28:04.139916+00:00,0.07107199728488922,0.07036799937486649,0.07571200281381607,0.0715530663728714,0.0019126348849995518,32.10408407201352,16384,2281701376,0.50390625,0.50390625,0.38176486347963834,0.42000978473581213,8664,1.8910433979686057,4990464,0.095185546875,"[""64K+""]",False,0.4474930465221405,0.7510222494602203,8.789848536252975,227344384,39.0,86.81,1755.0,1593.0,39.0,86.85,1755.0,1593.0
b1_h65536_q8_csa_profile_sim_descending_steady,ok,,full,csa_profile_sim,descending,steady,1,65536,8,2048,10,30,20260803,2026-08-12T09:51:37.527665+00:00,0.07123199850320816,0.07049600034952164,0.07318399846553802,0.07138559942444166,0.0007372230998112246,32.031971921961954,16384,2281701376,0.50390625,0.50390625,0.38176486347963834,0.42000978473581213,8664,1.8910433979686057,4990464,0.095185546875,"[""64K+""]",False,0.45968592166900635,0.7900185883045197,8.732981979846954,227344384,43.0,92.4,1755.0,1593.0,43.0,92.43,1755.0,1593.0
b1_h8192_q1024_csa_profile_sim_ascending_steady,ok,,full,csa_profile_sim,ascending,steady,1,8192,1024,2048,10,30,20260803,2026-08-12T06:28:20.293344+00:00,0.5574719905853271,0.5550079941749573,0.5821760296821594,0.5593440016110738,0.0069068362821424305,523.8967716052407,2097152,292057776128,0.677734375,0.677734375,0.5584174625084868,0.683301354574364,9208,227.75325803649,5303808,0.101162109375,"[""8K-16K""]",False,0.6781145930290222,0.5932226777076721,825.0941820442677,299435008,41.0,96.18,1755.0,1593.0,41.0,100.05,1755.0,1593.0
b1_h8192_q1024_csa_profile_sim_descending_steady,ok,,full,csa_profile_sim,descending,steady,1,8192,1024,2048,10,30,20260803,2026-08-12T09:51:21.312954+00:00,0.5564799904823303,0.5537599921226501,0.5606080293655396,0.5569759964942932,0.002343466995769639,524.8306877572692,2097152,292057776128,0.677734375,0.677734375,0.5584174625084868,0.683301354574364,9208,227.75325803649,5303808,0.101162109375,"[""8K-16K""]",False,0.7075890898704529,0.6617940962314606,837.4159336090088,299435008,44.0,96.57,1755.0,1593.0,45.0,97.84,1755.0,1593.0
b1_h8192_q128_csa_profile_sim_ascending_steady,ok,,full,csa_profile_sim,ascending,steady,1,8192,128,2048,10,30,20260803,2026-08-12T06:28:06.479952+00:00,0.13606399297714233,0.13340799510478973,0.14179199934005737,0.13629973431428274,0.0019353606036441066,268.309206699034,262144,36507222016,0.677734375,0.677734375,0.5584174625084868,0.6900226272015656,8320,31.50769230769231,4792320,0.09140625,"[""8K-16K""]",False,0.49099698662757874,0.49249082803726196,102.86662727594376,41927680,40.0,88.75,1755.0,1593.0,40.0,89.43,1755.0,1593.0
b1_h8192_q128_csa_profile_sim_descending_steady,ok,,full,csa_profile_sim,descending,steady,1,8192,128,2048,10,30,20260803,2026-08-12T09:51:35.340744+00:00,0.13600000739097595,0.13439999520778656,0.13782399892807007,0.13612266729275385,0.001146299176680156,268.43544141176545,262144,36507222016,0.677734375,0.677734375,0.5584174625084868,0.6900226272015656,8320,31.50769230769231,4792320,0.09140625,"[""8K-16K""]",False,0.4485622048377991,0.5032755434513092,103.28509658575058,41927680,43.0,94.24,1755.0,1593.0,44.0,93.31,1755.0,1593.0
b1_h8192_q2_csa_profile_sim_ascending_steady,ok,,full,csa_profile_sim,ascending,steady,1,8192,2,2048,10,30,20260803,2026-08-12T06:28:02.733677+00:00,0.06851200014352798,0.0671359971165657,0.0711359977722168,0.06853653291861216,0.0012122246065260278,8.32591871212339,4096,570425344,0.677734375,0.677734375,0.5584174625084867,0.6614481409001957,2708,1.5125553914327918,1559808,0.0297509765625,"[""8K-16K""]",False,0.43662264943122864,0.3771372139453888,2.903927117586136,28526592,38.0,69.48,1755.0,1593.0,38.0,72.21,1755.0,1593.0
b1_h8192_q2_csa_profile_sim_descending_steady,ok,,full,csa_profile_sim,descending,steady,1,8192,2,2048,10,30,20260803,2026-08-12T09:51:38.697740+00:00,0.06761600077152252,0.06675200164318085,0.07039999961853027,0.06806719998518626,0.0010441144250837604,8.436247892381164,4096,570425344,0.677734375,0.677734375,0.5584174625084867,0.6614481409001957,2708,1.5125553914327918,1559808,0.0297509765625,"[""8K-16K""]",False,0.4331730306148529,0.4090704023838043,2.9049664735794067,28526592,43.0,90.12,1755.0,1593.0,43.0,90.08,1755.0,1593.0
b1_h8192_q32_csa_profile_sim_ascending_steady,ok,,full,csa_profile_sim,ascending,steady,1,8192,32,2048,10,30,20260803,2026-08-12T06:28:04.880315+00:00,0.06937599927186966,0.06883200258016586,0.07094399631023407,0.06954773316780725,0.0008407126173495126,131.55566189733725,65536,9126805504,0.677734375,0.677734375,0.5584174625084867,0.6876834637964775,7888,8.308316430020284,4543488,0.08666015625,"[""8K-16K""]",False,0.42174383997917175,0.35972148180007935,27.23260596394539,31716352,39.0,88.18,1755.0,1593.0,39.0,88.35,1755.0,1593.0
b1_h8192_q32_csa_profile_sim_descending_steady,ok,,full,csa_profile_sim,descending,steady,1,8192,32,2048,10,30,20260803,2026-08-12T09:51:36.968564+00:00,0.06963200122117996,0.06908799707889557,0.07023999840021133,0.0697152003645897,0.0006484039667012427,131.07199770130833,65536,9126805504,0.677734375,0.677734375,0.5584174625084867,0.6876834637964775,7888,8.308316430020284,4543488,0.08666015625,"[""8K-16K""]",False,0.44019147753715515,0.4139058291912079,27.20409259200096,31716352,43.0,93.02,1755.0,1593.0,43.0,93.31,1755.0,1593.0
b1_h8192_q4096_csa_profile_sim_ascending_steady,ok,,full,csa_profile_sim,ascending,steady,1,8192,4096,2048,10,30,20260803,2026-08-12T06:28:35.827088+00:00,2.3292479515075684,2.1672000885009766,2.3766720294952393,2.298955758412679,0.06921117934146244,501.54862377613387,8388608,1168231104512,0.677734375,0.677734375,0.5584174625084868,0.6749322521709883,12284,682.8889612504071,7075584,0.1349560546875,"[""8K-16K""]",False,0.7721707224845886,1.4457181096076965,3221.982043236494,806093824,43.0,87.0,1755.0,1593.0,45.0,113.55,1725.0,1593.0
b1_h8192_q4096_csa_profile_sim_descending_steady,ok,,full,csa_profile_sim,descending,steady,1,8192,4096,2048,10,30,20260803,2026-08-12T09:51:03.267451+00:00,2.2457919120788574,2.147615909576416,2.3103039264678955,2.2437941233317056,0.06633194191646778,520.1867092978379,8388608,1168231104512,0.677734375,0.677734375,0.5584174625084868,0.6749322521709883,12284,682.8889612504071,7075584,0.1349560546875,"[""8K-16K""]",False,0.8156634867191315,1.4508813619613647,3253.077395260334,806093824,43.0,89.05,1755.0,1593.0,47.0,117.34,1695.0,1593.0
b1_h8192_q512_csa_profile_sim_ascending_steady,ok,,full,csa_profile_sim,ascending,steady,1,8192,512,2048,10,30,20260803,2026-08-12T06:28:11.619481+00:00,0.3198080062866211,0.3173759877681732,0.3270080089569092,0.3208821336428324,0.0026465337120922597,456.61423477036004,1048576,146028888064,0.677734375,0.677734375,0.5584174625084868,0.6840944532778865,8700,120.52597701149425,5011200,0.0955810546875,"[""8K-16K""]",False,0.6387270987033844,0.5659013986587524,413.39343786239624,152077312,41.0,92.99,1755.0,1593.0,42.0,95.34,1755.0,1593.0
b1_h8192_q512_csa_profile_sim_descending_steady,ok,,full,csa_profile_sim,descending,steady,1,8192,512,2048,10,30,20260803,2026-08-12T09:51:30.284942+00:00,0.320607990026474,0.31625598669052124,0.3250879943370819,0.32087359925111136,0.0037279028256054425,455.4748871103985,1048576,146028888064,0.677734375,0.677734375,0.5584174625084868,0.6840944532778865,8700,120.52597701149425,5011200,0.0955810546875,"[""8K-16K""]",False,0.6571374833583832,0.5777180194854736,406.31556510925293,152077312,44.0,93.88,1755.0,1593.0,44.0,97.47,1755.0,1593.0
b1_h8192_q8_csa_profile_sim_ascending_steady,ok,,full,csa_profile_sim,ascending,steady,1,8192,8,2048,10,30,20260803,2026-08-12T06:28:03.822617+00:00,0.0711359977722168,0.07039999961853027,0.08409599959850311,0.07325866669416428,0.008413308047439822,32.075200284758665,16384,2281701376,0.677734375,0.677734375,0.5584174625084867,0.6778375733855186,5240,3.1267175572519084,3018240,0.057568359375,"[""8K-16K""]",False,0.4195272922515869,0.4649646580219269,7.890790700912476,29163520,39.0,86.68,1755.0,1593.0,39.0,86.72,1755.0,1593.0
b1_h8192_q8_csa_profile_sim_descending_steady,ok,,full,csa_profile_sim,descending,steady,1,8192,8,2048,10,30,20260803,2026-08-12T09:51:37.813340+00:00,0.07123199850320816,0.07068800181150436,0.07225599884986877,0.07140373314420383,0.0006917959742085096,32.031971921961954,16384,2281701376,0.677734375,0.677734375,0.5584174625084867,0.6778375733855186,5240,3.1267175572519084,3018240,0.057568359375,"[""8K-16K""]",False,0.4354901611804962,0.5401968955993652,8.007939904928207,29163520,43.0,91.96,1755.0,1593.0,43.0,92.01,1755.0,1593.0
b2_h131072_q1024_csa_profile_sim_ascending_steady,ok,,full,csa_profile_sim,ascending,steady,2,131072,1024,2048,10,30,20260803,2026-08-12T06:29:43.704557+00:00,1.2008639574050903,1.1804800033569336,1.2391680479049683,1.209445337454478,0.025225978612684725,486.4127602915131,4194304,584115552256,0.50390625,0.50390625,0.3817648634796384,0.40770337726272016,259288,16.176236462929253,149349888,2.848623046875,"[""64K+""]",True,0.6884485483169556,2.0481422543525696,2103.397399187088,741344256,43.0,87.53,1755.0,1593.0,45.0,103.47,1695.0,1593.0
b2_h131072_q1024_csa_profile_sim_descending_steady,ok,,full,csa_profile_sim,descending,steady,2,131072,1024,2048,10,30,20260803,2026-08-12T09:50:14.521310+00:00,1.2013119459152222,1.179967999458313,1.287392020225525,1.2057450612386067,0.029653116337465125,486.2313691644765,4194304,584115552256,0.50390625,0.50390625,0.3817648634796384,0.40770337726272016,259288,16.176236462929253,149349888,2.848623046875,"[""64K+""]",True,0.7073655724525452,2.0525380969047546,1035.0626781582832,741344256,45.0,90.35,1755.0,1593.0,47.0,106.76,1650.0,1593.0
b2_h131072_q128_csa_profile_sim_ascending_steady,ok,,full,csa_profile_sim,ascending,steady,2,131072,128,2048,10,30,20260803,2026-08-12T06:29:11.236945+00:00,0.2215680032968521,0.21907199919223785,0.22752000391483307,0.2222762664159139,0.0023620937199555067,329.5351447211301,524288,73014444032,0.50390625,0.50390625,0.3817648634796384,0.40985047700587085,132012,3.9715177408114415,76038912,1.4503271484375,"[""64K+""]",True,0.6349757313728333,1.7401352524757385,249.54894557595253,554976256,43.0,93.55,1755.0,1593.0,43.0,95.48,1755.0,1593.0
b2_h131072_q128_csa_profile_sim_descending_steady,ok,,full,csa_profile_sim,descending,steady,2,131072,128,2048,10,30,20260803,2026-08-12T09:50:33.105518+00:00,0.22329600155353546,0.22067199647426605,0.22592000663280487,0.22343786706527075,0.0017754422094314827,326.98500431721664,524288,73014444032,0.50390625,0.50390625,0.3817648634796384,0.40985047700587085,132012,3.9715177408114415,76038912,1.4503271484375,"[""64K+""]",True,0.6746463477611542,1.7950758337974548,131.2445029616356,554976256,44.0,104.26,1755.0,1593.0,44.0,105.41,1755.0,1593.0
b2_h131072_q2_csa_profile_sim_ascending_steady,ok,,full,csa_profile_sim,ascending,steady,2,131072,2,2048,10,30,20260803,2026-08-12T06:29:05.597613+00:00,0.07103999704122543,0.07056000083684921,0.07267200201749802,0.07118933325012525,0.0008497923480883084,16.059272740931416,8192,1140850688,0.50390625,0.50390625,0.38176486347963834,0.40508806262230923,6128,1.3368146214099217,3529728,0.06732421875,"[""64K+""]",True,0.4528127610683441,1.5639513731002808,5.337797105312347,528897536,43.0,121.01,1755.0,1593.0,43.0,104.25,1755.0,1593.0
b2_h131072_q2_csa_profile_sim_descending_steady,ok,,full,csa_profile_sim,descending,steady,2,131072,2,2048,10,30,20260803,2026-08-12T09:50:37.103985+00:00,0.07097599655389786,0.0700799971818924,0.07254400104284286,0.07113066663344701,0.0008293331705510354,16.073753710998044,8192,1140850688,0.50390625,0.50390625,0.38176486347963834,0.40508806262230923,6128,1.3368146214099217,3529728,0.06732421875,"[""64K+""]",True,0.4619397222995758,1.5767291188240051,3.478165715932846,528897536,44.0,93.99,1755.0,1593.0,44.0,94.03,1755.0,1593.0
b2_h131072_q32_csa_profile_sim_ascending_steady,ok,,full,csa_profile_sim,ascending,steady,2,131072,32,2048,10,30,20260803,2026-08-12T06:29:08.160849+00:00,0.0759039968252182,0.07529599964618683,0.07772800326347351,0.07625706692536673,0.001522730912235564,240.48287009223014,131072,18253611008,0.50390625,0.50390625,0.38176486347963834,0.40692270058708413,52872,2.479043728249357,30454272,0.580869140625,"[""64K+""]",True,0.591713935136795,1.5789009630680084,66.78121164441109,535106560,43.0,91.26,1755.0,1593.0,43.0,92.13,1755.0,1593.0
b2_h131072_q32_csa_profile_sim_descending_steady,ok,,full,csa_profile_sim,descending,steady,2,131072,32,2048,10,30,20260803,2026-08-12T09:50:35.110094+00:00,0.07580800354480743,0.07529599964618683,0.07756800204515457,0.07616853366295497,0.0014681445377286685,240.78738595471566,131072,18253611008,0.50390625,0.50390625,0.38176486347963834,0.40692270058708413,52872,2.479043728249357,30454272,0.580869140625,"[""64K+""]",True,0.5724802613258362,1.5572942793369293,35.02053767442703,535106560,44.0,96.75,1755.0,1593.0,44.0,97.44,1755.0,1593.0
b2_h131072_q4096_csa_profile_sim_ascending_steady,ok,,full,csa_profile_sim,ascending,steady,2,131072,4096,2048,10,30,20260803,2026-08-12T06:30:36.282010+00:00,5.077119827270508,4.9099202156066895,5.110623836517334,5.021678908665975,0.09019388272718765,460.19441898421707,16777216,2336462209024,0.50390625,0.50390625,0.3817648634796384,0.4077499598672945,270332,62.061524347838954,155711232,2.9699560546875,"[""64K+""]",True,0.8334927260875702,4.060786217451096,8076.9999995827675,1376257024,43.0,91.08,1755.0,1593.0,49.0,152.93,1710.0,1593.0
b2_h131072_q4096_csa_profile_sim_descending_steady,ok,,full,csa_profile_sim,descending,steady,2,131072,4096,2048,10,30,20260803,2026-08-12T09:49:41.980588+00:00,4.928736209869385,4.834943771362305,5.191103935241699,4.98970136642456,0.11463379900265955,474.0489467351547,16777216,2336462209024,0.50390625,0.50390625,0.3817648634796384,0.4077499598672945,270332,62.061524347838954,155711232,2.9699560546875,"[""64K+""]",True,0.8843950927257538,4.1226111352443695,4375.0139735639095,1376257024,45.0,90.63,1755.0,1593.0,52.0,154.26,1590.0,1593.0
b2_h131072_q512_csa_profile_sim_ascending_steady,ok,,full,csa_profile_sim,ascending,steady,2,131072,512,2048,10,30,20260803,2026-08-12T06:29:23.489518+00:00,0.6086080074310303,0.6058239936828613,0.6459199786186218,0.6154271980126699,0.014013649052424183,479.87830025568155,2097152,292057776128,0.50390625,0.50390625,0.3817648634796384,0.408296767979452,231812,9.04677928666333,133523712,2.5467626953125,"[""64K+""]",True,0.6523765623569489,1.872088760137558,1019.6439512073994,634455040,43.0,88.74,1755.0,1593.0,43.0,96.76,1725.0,1593.0
b2_h131072_q512_csa_profile_sim_descending_steady,ok,,full,csa_profile_sim,descending,steady,2,131072,512,2048,10,30,20260803,2026-08-12T09:50:25.981705+00:00,0.6104639768600464,0.6080319881439209,0.6768640279769897,0.6194122731685638,0.02262389941681518,478.4193452826071,2097152,292057776128,0.50390625,0.50390625,0.3817648634796384,0.408296767979452,231812,9.04677928666333,133523712,2.5467626953125,"[""64K+""]",True,0.6783604621887207,1.926325261592865,525.5428850650787,634455040,45.0,99.39,1755.0,1593.0,46.0,108.47,1740.0,1593.0
b2_h131072_q8_csa_profile_sim_ascending_steady,ok,,full,csa_profile_sim,ascending,steady,2,131072,8,2048,10,30,20260803,2026-08-12T06:29:06.705682+00:00,0.07094399631023407,0.07036799937486649,0.07209599763154984,0.07115840017795563,0.000819189007691038,64.32401597514325,32768,4563402752,0.50390625,0.50390625,0.38176486347963834,0.40056262230919765,17448,1.8780375974323704,10050048,0.191689453125,"[""64K+""]",True,0.48953667283058167,1.7518289387226105,17.262451350688934,530139136,43.0,90.46,1755.0,1593.0,43.0,90.08,1755.0,1593.0
b2_h131072_q8_csa_profile_sim_descending_steady,ok,,full,csa_profile_sim,descending,steady,2,131072,8,2048,10,30,20260803,2026-08-12T09:50:36.185106+00:00,0.07081600278615952,0.07020799815654755,0.07248000055551529,0.07110933338602383,0.0010444968918279086,64.44027581985867,32768,4563402752,0.50390625,0.50390625,0.38176486347963834,0.40056262230919765,17448,1.8780375974323704,10050048,0.191689453125,"[""64K+""]",True,0.45935437083244324,1.7342343926429749,11.585898697376251,530139136,44.0,95.92,1755.0,1593.0,44.0,95.52,1755.0,1593.0
b2_h16384_q1024_csa_profile_sim_ascending_steady,ok,,full,csa_profile_sim,ascending,steady,2,16384,1024,2048,10,30,20260803,2026-08-12T06:29:37.012998+00:00,1.1034239530563354,1.0992640256881714,1.196895956993103,1.123629872004191,0.032838113755823614,529.3663878132052,4194304,584115552256,0.6015625,0.6015625,0.4795130637871586,0.57104635518591,34800,120.52597701149425,20044800,0.38232421875,"[""16K-32K""]",False,0.7255375385284424,0.9389519691467285,2153.3718332648277,609223680,43.0,88.44,1755.0,1593.0,47.0,103.38,1710.0,1593.0
b2_h16384_q1024_csa_profile_sim_descending_steady,ok,,full,csa_profile_sim,descending,steady,2,16384,1024,2048,10,30,20260803,2026-08-12T09:50:18.158923+00:00,1.0988800525665283,1.0964159965515137,1.1656320095062256,1.1180938601493835,0.030117509474624892,531.5553329881166,4194304,584115552256,0.6015625,0.6015625,0.4795130637871586,0.57104635518591,34800,120.52597701149425,20044800,0.38232421875,"[""16K-32K""]",False,0.6746947765350342,0.9479820728302002,1088.4000658988953,609223680,45.0,89.48,1755.0,1593.0,47.0,104.94,1740.0,1593.0
b2_h16384_q128_csa_profile_sim_ascending_steady,ok,,full,csa_profile_sim,ascending,steady,2,16384,128,2048,10,30,20260803,2026-08-12T06:29:10.046776+00:00,0.20691199600696564,0.20441600680351257,0.20975999534130096,0.20694080044825872,0.0017784491985806633,352.8768048303105,524288,73014444032,0.6015625,0.6015625,0.4795130637871586,0.5739282656555773,32728,16.01955512099731,18851328,0.359560546875,"[""16K-32K""]",False,1.786697655916214,0.7516816258430481,263.63278552889824,140477440,43.0,94.69,1755.0,1593.0,43.0,94.09,1755.0,1593.0
b2_h16384_q128_csa_profile_sim_descending_steady,ok,,full,csa_profile_sim,descending,steady,2,16384,128,2048,10,30,20260803,2026-08-12T09:50:33.760471+00:00,0.20636799931526184,0.20425599813461304,0.20848000049591064,0.20670720040798188,0.0017076855864487292,353.8070062910198,524288,73014444032,0.6015625,0.6015625,0.4795130637871586,0.5739282656555773,32728,16.01955512099731,18851328,0.359560546875,"[""16K-32K""]",False,0.6355904042720795,0.7485672831535339,138.47846165299416,140477440,44.0,100.07,1755.0,1593.0,44.0,101.29,1755.0,1593.0
b2_h16384_q2_csa_profile_sim_ascending_steady,ok,,full,csa_profile_sim,ascending,steady,2,16384,2,2048,10,30,20260803,2026-08-12T06:29:05.211733+00:00,0.07094399631023407,0.07017599791288376,0.07196799665689468,0.07107839981714885,0.000766149008895127,16.081003993785814,8192,1140850688,0.6015625,0.6015625,0.4795130637871587,0.5797455968688845,5728,1.4301675977653632,3299328,0.0629296875,"[""16K-32K""]",False,0.41877850890159607,0.5838498473167419,5.8437250554561615,113673216,44.0,121.05,1755.0,1593.0,44.0,121.15,1755.0,1593.0
b2_h16384_q2_csa_profile_sim_descending_steady,ok,,full,csa_profile_sim,descending,steady,2,16384,2,2048,10,30,20260803,2026-08-12T09:50:37.393810+00:00,0.07075200229883194,0.06995200365781784,0.07161600142717361,0.07084480077028274,0.0008379014252569327,16.124641719416534,8192,1140850688,0.6015625,0.6015625,0.4795130637871587,0.5797455968688845,5728,1.4301675977653632,3299328,0.0629296875,"[""16K-32K""]",False,0.46847760677337646,0.6273053586483002,3.962606191635132,113673216,44.0,93.04,1755.0,1593.0,44.0,93.01,1755.0,1593.0
b2_h16384_q32_csa_profile_sim_ascending_steady,ok,,full,csa_profile_sim,ascending,steady,2,16384,32,2048,10,30,20260803,2026-08-12T06:29:07.595424+00:00,0.07023999840021133,0.06963200122117996,0.0777600035071373,0.07110293308893839,0.0026504877177580565,259.874877900696,131072,18253611008,0.6015625,0.6015625,0.4795130637871587,0.5747309197651663,25488,5.142498430634024,14681088,0.28001953125,"[""16K-32K""]",False,0.5057267844676971,0.6011426448822021,67.82259792089462,120054784,43.0,92.32,1755.0,1593.0,43.0,92.28,1755.0,1593.0
b2_h16384_q32_csa_profile_sim_descending_steady,ok,,full,csa_profile_sim,descending,steady,2,16384,32,2048,10,30,20260803,2026-08-12T09:50:35.499464+00:00,0.07014399766921997,0.06969600170850754,0.07561600208282471,0.07068479980031649,0.0015800651457577902,260.2305487930567,131072,18253611008,0.6015625,0.6015625,0.4795130637871587,0.5747309197651663,25488,5.142498430634024,14681088,0.28001953125,"[""16K-32K""]",False,0.540122389793396,0.6025172770023346,38.31787407398224,120054784,44.0,97.07,1755.0,1593.0,44.0,97.79,1755.0,1593.0
b2_h16384_q4096_csa_profile_sim_ascending_steady,ok,,full,csa_profile_sim,ascending,steady,2,16384,4096,2048,10,30,20260803,2026-08-12T06:30:11.872525+00:00,4.585375785827637,4.453184127807617,4.837535858154297,4.598353036244711,0.09890402529801366,509.54650570744457,16777216,2336462209024,0.6015625,0.6015625,0.4795130637871586,0.5665873249449609,40952,409.68001562805233,23588352,0.449912109375,"[""16K-32K""]",False,0.8462294936180115,2.8797388076782227,8086.110163480043,1244136448,43.0,89.88,1755.0,1593.0,50.0,143.6,1695.0,1593.0
b2_h16384_q4096_csa_profile_sim_descending_steady,ok,,full,csa_profile_sim,descending,steady,2,16384,4096,2048,10,30,20260803,2026-08-12T09:49:55.370007+00:00,4.631103992462158,4.458047866821289,4.864927768707275,4.655364195505778,0.13043829876365398,504.5151680521438,16777216,2336462209024,0.6015625,0.6015625,0.4795130637871586,0.5665873249449609,40952,409.68001562805233,23588352,0.449912109375,"[""16K-32K""]",False,0.8473619818687439,2.9237158596515656,4428.046088665724,1244136448,44.0,89.92,1755.0,1593.0,49.0,144.31,1650.0,1593.0
b2_h16384_q512_csa_profile_sim_ascending_steady,ok,,full,csa_profile_sim,ascending,steady,2,16384,512,2048,10,30,20260803,2026-08-12T06:29:19.950368+00:00,0.5678079724311829,0.5637760162353516,0.5949440002441406,0.5732618649800618,0.010485715238806556,514.3601187519374,2097152,292057776128,0.6015625,0.6015625,0.4795130637871586,0.572284735812133,33788,62.06795311945069,19461888,0.3712060546875,"[""16K-32K""]",False,0.6166510283946991,0.6851479411125183,1070.3093633055687,313590784,43.0,88.54,1755.0,1593.0,44.0,96.57,1755.0,1593.0
b2_h16384_q512_csa_profile_sim_descending_steady,ok,,full,csa_profile_sim,descending,steady,2,16384,512,2048,10,30,20260803,2026-08-12T09:50:28.021811+00:00,0.5667840242385864,0.56358402967453,0.5723199844360352,0.5669589300950368,0.002734005333631423,515.2893582707245,2097152,292057776128,0.6015625,0.6015625,0.4795130637871586,0.572284735812133,33788,62.06795311945069,19461888,0.3712060546875,"[""16K-32K""]",False,0.6677247583866119,0.7220953702926636,558.4569871425629,313590784,45.0,98.39,1755.0,1593.0,47.0,105.95,1755.0,1593.0
b2_h16384_q8_csa_profile_sim_ascending_steady,ok,,full,csa_profile_sim,ascending,steady,2,16384,8,2048,10,30,20260803,2026-08-12T06:29:06.336891+00:00,0.07119999825954437,0.07065600156784058,0.07382400333881378,0.07139946694175402,0.0008668273674048513,64.09273684762029,32768,4563402752,0.6015625,0.6015625,0.4795130637871587,0.5472113502935421,12944,2.5315203955500616,7455744,0.14220703125,"[""16K-32K""]",False,0.4138834774494171,0.6985999643802643,18.839340656995773,114949120,43.0,90.75,1755.0,1593.0,43.0,90.7,1755.0,1593.0
b2_h16384_q8_csa_profile_sim_descending_steady,ok,,full,csa_profile_sim,descending,steady,2,16384,8,2048,10,30,20260803,2026-08-12T09:50:36.519034+00:00,0.07123199850320816,0.07078400254249573,0.07532799988985062,0.0715925338367621,0.001255198054652705,64.06394384392391,32768,4563402752,0.6015625,0.6015625,0.4795130637871587,0.5472113502935421,12944,2.5315203955500616,7455744,0.14220703125,"[""16K-32K""]",False,0.4680939018726349,0.7526613771915436,10.815884917974472,114949120,44.0,93.44,1755.0,1593.0,44.0,93.39,1755.0,1593.0
b2_h2048_q1024_csa_profile_sim_ascending_steady,ok,,full,csa_profile_sim,ascending,steady,2,2048,1024,2048,10,30,20260803,2026-08-12T06:29:27.032553+00:00,1.0868159532546997,1.0841599702835083,1.1293120384216309,1.0983978629112243,0.017947017895232627,537.455813476737,4194304,584115552256,0.8476906158357771,0.8476906158357771,0.722527752539372,0.9693644126100782,6136,683.5567144719687,3534336,0.067412109375,"[""2K-8K""]",False,0.6433464586734772,0.894647091627121,6750.243134796619,591791104,43.0,88.77,1755.0,1593.0,45.0,104.29,1665.0,1593.0
b2_h2048_q1024_csa_profile_sim_descending_steady,ok,,full,csa_profile_sim,descending,steady,2,2048,1024,2048,10,30,20260803,2026-08-12T09:50:21.075025+00:00,1.096384048461914,1.0900479555130005,1.0997120141983032,1.0952639977137248,0.0036903696786481422,532.7654603105901,4194304,584115552256,0.8476906158357771,0.8476906158357771,0.722527752539372,0.9693644126100782,6136,683.5567144719687,3534336,0.067412109375,"[""2K-8K""]",False,0.6766021251678467,0.8416660130023956,3436.0774122178555,591791104,44.0,88.91,1755.0,1593.0,44.0,102.78,1680.0,1593.0
b2_h2048_q128_csa_profile_sim_ascending_steady,ok,,full,csa_profile_sim,ascending,steady,2,2048,128,2048,10,30,20260803,2026-08-12T06:29:08.692453+00:00,0.19654400646686554,0.19395199418067932,0.20076799392700195,0.19675306628147762,0.0018648554789771773,371.4915826970749,524288,73014444032,0.968996062992126,0.968996062992126,0.722527752539372,0.9972556873776908,4352,120.47058823529412,2506752,0.0478125,"[""2K-8K""]",False,0.5341991782188416,0.5261600017547607,636.5541554987431,76039168,43.0,90.35,1755.0,1593.0,43.0,92.15,1755.0,1593.0
b2_h2048_q128_csa_profile_sim_descending_steady,ok,,full,csa_profile_sim,descending,steady,2,2048,128,2048,10,30,20260803,2026-08-12T09:50:34.339465+00:00,0.19439999759197235,0.192671999335289,0.19846400618553162,0.19499626805384954,0.001842998377390395,375.5887085207201,524288,73014444032,0.968996062992126,0.968996062992126,0.722527752539372,0.9972556873776908,4352,120.47058823529412,2506752,0.0478125,"[""2K-8K""]",False,0.5317255854606628,0.574946403503418,327.0375058054924,76039168,44.0,97.1,1755.0,1593.0,44.0,98.77,1755.0,1593.0
b2_h2048_q2_csa_profile_sim_ascending_steady,ok,,full,csa_profile_sim,ascending,steady,2,2048,2,2048,10,30,20260803,2026-08-12T06:29:04.782286+00:00,0.06972800195217133,0.06908799707889557,0.070592001080513,0.06989013304313024,0.0007740177904399356,16.36144240562846,8192,1140850688,1.0,1.0,0.722527752539372,1.0,4096,2.0,2359296,0.045,"[""2K-8K""]",False,0.4862584173679352,0.29171258211135864,21.653685718774796,14582784,46.0,120.8,1740.0,1593.0,45.0,120.96,1740.0,1593.0
b2_h2048_q2_csa_profile_sim_descending_steady,ok,,full,csa_profile_sim,descending,steady,2,2048,2,2048,10,30,20260803,2026-08-12T09:50:37.682447+00:00,0.07088000327348709,0.07027199864387512,0.07417599856853485,0.07136533359686534,0.0017145568919129783,16.095522507216632,8192,1140850688,1.0,1.0,0.722527752539372,1.0,4096,2.0,2359296,0.045,"[""2K-8K""]",False,0.42045488953590393,0.2550743520259857,22.727876901626587,14582784,44.0,92.8,1755.0,1593.0,44.0,92.85,1755.0,1593.0
b2_h2048_q32_csa_profile_sim_ascending_steady,ok,,full,csa_profile_sim,ascending,steady,2,2048,32,2048,10,30,20260803,2026-08-12T06:29:07.096029+00:00,0.07027199864387512,0.0697920024394989,0.07222399860620499,0.07063253323237101,0.0013406166169051274,259.7565368889786,131072,18253611008,0.9924395161290323,0.9924395161290323,0.722527752539372,0.9983794031311155,4160,31.50769230769231,2396160,0.045703125,"[""2K-8K""]",False,0.44885650277137756,0.2355612814426422,70.97726315259933,21005312,43.0,91.53,1755.0,1593.0,43.0,92.0,1755.0,1593.0
b2_h2048_q32_csa_profile_sim_descending_steady,ok,,full,csa_profile_sim,descending,steady,2,2048,32,2048,10,30,20260803,2026-08-12T09:50:35.890468+00:00,0.06998399645090103,0.06969600170850754,0.07126399874687195,0.07036800061662991,0.0012832751198089674,260.82550202468445,131072,18253611008,0.9924395161290323,0.9924395161290323,0.722527752539372,0.9983794031311155,4160,31.50769230769231,2396160,0.045703125,"[""2K-8K""]",False,0.43112412095069885,0.2585574984550476,38.27711194753647,21005312,44.0,94.76,1755.0,1593.0,44.0,94.98,1755.0,1593.0
b2_h2048_q4096_csa_profile_sim_ascending_steady,ok,,full,csa_profile_sim,ascending,steady,2,2048,4096,2048,10,30,20260803,2026-08-12T06:29:50.552222+00:00,4.48905611038208,4.260672092437744,4.633855819702148,4.484261322021484,0.09996052988504679,520.4796178912397,16777216,2336462209024,0.8212912087912088,0.8212912087912088,0.722527752539372,0.8930676006757583,12280,1366.2228013029317,7073280,0.134912109375,"[""2K-8K""]",False,0.7474720478057861,2.762146294116974,10279.810771346092,1227621376,43.0,88.61,1755.0,1593.0,51.0,144.59,1695.0,1593.0
b2_h2048_q4096_csa_profile_sim_descending_steady,ok,,full,csa_profile_sim,descending,steady,2,2048,4096,2048,10,30,20260803,2026-08-12T09:50:06.189389+00:00,4.5316481590271,4.479487895965576,4.9015679359436035,4.577441072463989,0.11863908611303249,515.5877347560045,16777216,2336462209024,0.8212912087912088,0.8212912087912088,0.722527752539372,0.8930676006757583,12280,1366.2228013029317,7073280,0.134912109375,"[""2K-8K""]",False,0.6969869136810303,2.8781481087207794,5385.257940739393,1227621376,45.0,90.86,1755.0,1593.0,52.0,146.43,1635.0,1593.0
b2_h2048_q512_csa_profile_sim_ascending_steady,ok,,full,csa_profile_sim,ascending,steady,2,2048,512,2048,10,30,20260803,2026-08-12T06:29:12.568728+00:00,0.5576639771461487,0.5537919998168945,0.5653759837150574,0.5581695954004924,0.0038599954751275035,523.7164100550456,2097152,292057776128,0.8829500978473581,0.8829500978473581,0.722527752539372,0.9927837573385518,5120,409.6,2949120,0.05625,"[""2K-8K""]",False,0.6649792194366455,0.638224184513092,5499.263551086187,297075712,42.0,88.71,1755.0,1593.0,45.0,96.86,1755.0,1593.0
b2_h2048_q512_csa_profile_sim_descending_steady,ok,,full,csa_profile_sim,descending,steady,2,2048,512,2048,10,30,20260803,2026-08-12T09:50:29.707196+00:00,0.5616639852523804,0.5591999888420105,0.5657280087471008,0.5619658688704173,0.002522814251634979,519.9866535803708,2097152,292057776128,0.8829500978473581,0.8829500978473581,0.722527752539372,0.9927837573385518,5120,409.6,2949120,0.05625,"[""2K-8K""]",False,0.6588473916053772,0.6104260683059692,2759.814776480198,297075712,44.0,89.0,1755.0,1593.0,44.0,95.76,1755.0,1593.0
b2_h2048_q8_csa_profile_sim_ascending_steady,ok,,full,csa_profile_sim,ascending,steady,2,2048,8,2048,10,30,20260803,2026-08-12T06:29:05.918135+00:00,0.07161600142717361,0.07110399752855301,0.07526399940252304,0.07237973362207413,0.0014940204447235596,63.72043483383429,32768,4563402752,0.9983258928571429,0.9983258928571429,0.722527752539372,0.99926614481409,4112,7.968871595330739,2368512,0.04517578125,"[""2K-8K""]",False,0.47500431537628174,0.39674341678619385,20.68810537457466,15858688,43.0,90.71,1755.0,1593.0,43.0,90.72,1755.0,1593.0
b2_h2048_q8_csa_profile_sim_descending_steady,ok,,full,csa_profile_sim,descending,steady,2,2048,8,2048,10,30,20260803,2026-08-12T09:50:36.806241+00:00,0.07119999825954437,0.0703359991312027,0.07248000055551529,0.07125226656595866,0.0008247686603974612,64.09273684762029,32768,4563402752,0.9983258928571429,0.9983258928571429,0.722527752539372,0.99926614481409,4112,7.968871595330739,2368512,0.04517578125,"[""2K-8K""]",False,0.4161559045314789,0.37435442209243774,12.072701007127762,15858688,44.0,92.8,1755.0,1593.0,44.0,92.76,1755.0,1593.0
b2_h262144_q1024_csa_profile_sim_ascending_steady,ok,,full,csa_profile_sim,ascending,steady,2,262144,1024,2048,10,30,20260803,2026-08-12T06:29:45.982804+00:00,1.1983360052108765,1.1931840181350708,1.2577279806137085,1.2149183988571166,0.022348066238626015,487.43887333437056,4194304,584115552256,0.50390625,0.50390625,0.3817648634796384,0.40744155913649704,430772,9.73671454969218,248124672,4.7326025390625,"[""64K+""]",True,0.7615163922309875,3.2293573021888733,2051.017940044403,892339200,43.0,87.69,1755.0,1593.0,45.0,104.82,1650.0,1593.0
b2_h262144_q1024_csa_profile_sim_descending_steady,ok,,full,csa_profile_sim,descending,steady,2,262144,1024,2048,10,30,20260803,2026-08-12T09:50:13.220903+00:00,1.207584023475647,1.1932480335235596,1.2912319898605347,1.2110858718554178,0.02346495686115242,483.70592927754126,4194304,584115552256,0.50390625,0.50390625,0.3817648634796384,0.40744155913649704,430772,9.73671454969218,248124672,4.7326025390625,"[""64K+""]",True,0.7228739559650421,3.339383751153946,1065.8872798085213,892339200,45.0,89.72,1755.0,1593.0,47.0,105.5,1725.0,1593.0
b2_h262144_q128_csa_profile_sim_ascending_steady,ok,,full,csa_profile_sim,ascending,steady,2,262144,128,2048,10,30,20260803,2026-08-12T06:29:11.706840+00:00,0.22191999852657318,0.21859200298786163,0.2258560061454773,0.2220576008160909,0.0017965106137018698,329.0124572673746,524288,73014444032,0.50390625,0.50390625,0.3817648634796384,0.4057378302348337,141392,3.708045716872242,81441792,1.55337890625,"[""64K+""]",True,0.6394535303115845,2.9505081474781036,250.5486197769642,705971200,43.0,94.69,1755.0,1593.0,43.0,97.48,1755.0,1593.0
b2_h262144_q128_csa_profile_sim_descending_steady,ok,,full,csa_profile_sim,descending,steady,2,262144,128,2048,10,30,20260803,2026-08-12T09:50:32.806708+00:00,0.2234559953212738,0.22179199755191803,0.22854399681091309,0.22415893276532492,0.002109485698836205,326.75088411489475,524288,73014444032,0.50390625,0.50390625,0.3817648634796384,0.4057378302348337,141392,3.708045716872242,81441792,1.55337890625,"[""64K+""]",True,0.6668455898761749,3.0327066779136658,132.42212682962418,705971200,45.0,100.92,1755.0,1593.0,44.0,103.13,1755.0,1593.0
b2_h262144_q2_csa_profile_sim_ascending_steady,ok,,full,csa_profile_sim,ascending,steady,2,262144,2,2048,10,30,20260803,2026-08-12T06:29:05.723089+00:00,0.07107199728488922,0.07049600034952164,0.07558400183916092,0.07141226629416147,0.0012365552299411174,16.05204203600676,8192,1140850688,0.50390625,0.50390625,0.38176486347963834,0.3904109589041096,6128,1.3368146214099217,3529728,0.06732421875,"[""64K+""]",True,0.45741721987724304,2.7729980647563934,5.324792116880417,679892480,43.0,90.16,1755.0,1593.0,43.0,90.09,1755.0,1593.0
b2_h262144_q2_csa_profile_sim_descending_steady,ok,,full,csa_profile_sim,descending,steady,2,262144,2,2048,10,30,20260803,2026-08-12T09:50:37.013775+00:00,0.07116799801588058,0.07049600034952164,0.0724480003118515,0.07121919964750607,0.0007163331108304569,16.03038893612587,8192,1140850688,0.50390625,0.50390625,0.38176486347963834,0.3904109589041096,6128,1.3368146214099217,3529728,0.06732421875,"[""64K+""]",True,0.4925951361656189,2.8765015304088593,3.67717444896698,679892480,44.0,93.94,1755.0,1593.0,44.0,93.83,1755.0,1593.0
b2_h262144_q32_csa_profile_sim_ascending_steady,ok,,full,csa_profile_sim,ascending,steady,2,262144,32,2048,10,30,20260803,2026-08-12T06:29:08.332667+00:00,0.07593599706888199,0.07532799988985062,0.07791999727487564,0.07634239941835404,0.0014074701814437698,240.38152803132408,131072,18253611008,0.50390625,0.50390625,0.38176486347963834,0.40496575342465757,53460,2.4517770295548074,30792960,0.5873291015625,"[""64K+""]",True,0.5788765847682953,2.770591527223587,64.03953209519386,686101504,43.0,92.16,1755.0,1593.0,43.0,92.48,1755.0,1593.0
b2_h262144_q32_csa_profile_sim_descending_steady,ok,,full,csa_profile_sim,descending,steady,2,262144,32,2048,10,30,20260803,2026-08-12T09:50:34.912052+00:00,0.07638400048017502,0.07552000135183334,0.07980799674987793,0.07670826688408852,0.0015150503990565172,238.97165497030505,131072,18253611008,0.50390625,0.50390625,0.38176486347963834,0.40496575342465757,53460,2.4517770295548074,30792960,0.5873291015625,"[""64K+""]",True,0.5944594740867615,2.881105989217758,34.50184687972069,686101504,45.0,98.56,1755.0,1593.0,45.0,97.74,1755.0,1593.0
b2_h262144_q4096_csa_profile_sim_ascending_steady,ok,,full,csa_profile_sim,ascending,steady,2,262144,4096,2048,10,30,20260803,2026-08-12T06:30:44.707496+00:00,5.086463928222656,4.96892786026001,5.3488640785217285,5.1192512035369875,0.09899456115139747,459.3490177055912,16777216,2336462209024,0.50390625,0.50390625,0.3817648634796384,0.4073046779445939,531504,31.565549835937265,306146304,5.83927734375,"[""64K+""]",True,0.820893794298172,5.206596106290817,8142.537474632263,1527251968,43.0,89.29,1755.0,1593.0,48.0,151.36,1680.0,1593.0
b2_h262144_q4096_csa_profile_sim_descending_steady,ok,,full,csa_profile_sim,descending,steady,2,262144,4096,2048,10,30,20260803,2026-08-12T09:49:37.332686+00:00,4.9877119064331055,4.902368068695068,5.217599868774414,5.025830364227295,0.09520896192346226,468.4436978026843,16777216,2336462209024,0.50390625,0.50390625,0.3817648634796384,0.4073046779445939,531504,31.565549835937265,306146304,5.83927734375,"[""64K+""]",True,0.9293705224990845,5.340054631233215,4304.312247782946,1527251968,45.0,91.71,1755.0,1593.0,52.0,154.32,1665.0,1593.0
b2_h262144_q512_csa_profile_sim_ascending_steady,ok,,full,csa_profile_sim,ascending,steady,2,262144,512,2048,10,30,20260803,2026-08-12T06:29:24.661865+00:00,0.616159975528717,0.6118080019950867,0.6197760105133057,0.6161098659038544,0.0029931527722627544,473.9966692536137,2097152,292057776128,0.50390625,0.50390625,0.3817648634796384,0.40669337084148727,316684,6.622222783595003,182409984,3.4791943359375,"[""64K+""]",True,0.6865411996841431,3.0873939394950867,1014.867577701807,785449984,43.0,88.24,1755.0,1593.0,43.0,96.83,1755.0,1593.0
b2_h262144_q512_csa_profile_sim_descending_steady,ok,,full,csa_profile_sim,descending,steady,2,262144,512,2048,10,30,20260803,2026-08-12T09:50:25.325834+00:00,0.6141440272331238,0.6079040169715881,0.6176639795303345,0.613370668888092,0.003474125049349767,475.55257916257057,2097152,292057776128,0.50390625,0.50390625,0.3817648634796384,0.40669337084148727,316684,6.622222783595003,182409984,3.4791943359375,"[""64K+""]",True,0.6920397281646729,3.138720989227295,520.5465331673622,785449984,45.0,99.83,1755.0,1593.0,45.0,108.47,1755.0,1593.0
b2_h262144_q8_csa_profile_sim_ascending_steady,ok,,full,csa_profile_sim,ascending,steady,2,262144,8,2048,10,30,20260803,2026-08-12T06:29:06.846023+00:00,0.07123199850320816,0.07068800181150436,0.07267200201749802,0.07143679931759835,0.0008555278678863772,64.06394384392391,32768,4563402752,0.50390625,0.50390625,0.38176486347963834,0.41988747553816047,17420,1.8810562571756602,10033920,0.1913818359375,"[""64K+""]",True,0.42818114161491394,3.007151186466217,16.793493181467056,681134080,43.0,90.52,1755.0,1593.0,43.0,90.54,1755.0,1593.0
b2_h262144_q8_csa_profile_sim_descending_steady,ok,,full,csa_profile_sim,descending,steady,2,262144,8,2048,10,30,20260803,2026-08-12T09:50:36.088711+00:00,0.0713919997215271,0.07065600156784058,0.07503999769687653,0.07171413401762644,0.0015337080135597817,63.92036600459561,32768,4563402752,0.50390625,0.50390625,0.38176486347963834,0.41988747553816047,17420,1.8810562571756602,10033920,0.1913818359375,"[""64K+""]",True,0.48034265637397766,3.0215419828891754,9.852740913629532,681134080,44.0,95.54,1755.0,1593.0,44.0,95.42,1755.0,1593.0
b2_h32768_q1024_csa_profile_sim_ascending_steady,ok,,full,csa_profile_sim,ascending,steady,2,32768,1024,2048,10,30,20260803,2026-08-12T06:29:39.339014+00:00,1.1173440217971802,1.1128640174865723,1.1814080476760864,1.1336501320203145,0.02773529281082975,522.7714480599141,4194304,584115552256,0.5703125,0.5703125,0.432384490611313,0.5015823752446185,67572,62.07162730124904,38921472,0.7423681640625,"[""32K-64K""]",False,0.6483234465122223,1.1311471462249756,1902.6605486869812,628098048,43.0,89.11,1755.0,1593.0,47.0,105.37,1725.0,1593.0
b2_h32768_q1024_csa_profile_sim_descending_steady,ok,,full,csa_profile_sim,descending,steady,2,32768,1024,2048,10,30,20260803,2026-08-12T09:50:16.906909+00:00,1.1212480068206787,1.1176320314407349,1.194815993309021,1.1267008066177369,0.01870140056000182,520.9512513759302,4194304,584115552256,0.5703125,0.5703125,0.432384490611313,0.5015823752446185,67572,62.07162730124904,38921472,0.7423681640625,"[""32K-64K""]",False,0.6835684180259705,1.1494085192680359,1069.1693648695946,628098048,45.0,89.73,1755.0,1593.0,49.0,104.75,1680.0,1593.0
b2_h32768_q128_csa_profile_sim_ascending_steady,ok,,full,csa_profile_sim,ascending,steady,2,32768,128,2048,10,30,20260803,2026-08-12T06:29:10.466118+00:00,0.21241599321365356,0.2085759937763214,0.21648000180721283,0.21257706582546235,0.0023390586264519474,343.7332703972067,524288,73014444032,0.5703125,0.5703125,0.432384490611313,0.49609375,62252,8.42202660155497,35857152,0.6839208984375,"[""32K-64K""]",False,0.6012022495269775,0.799134373664856,242.28518828749657,253723648,43.0,93.17,1755.0,1593.0,43.0,94.69,1755.0,1593.0
b2_h32768_q128_csa_profile_sim_descending_steady,ok,,full,csa_profile_sim,descending,steady,2,32768,128,2048,10,30,20260803,2026-08-12T09:50:33.560691+00:00,0.2138880044221878,0.21084800362586975,0.21625599265098572,0.21388586709896723,0.001996877584808278,341.3676434508161,524288,73014444032,0.5703125,0.5703125,0.432384490611313,0.49609375,62252,8.42202660155497,35857152,0.6839208984375,"[""32K-64K""]",False,0.6827786564826965,0.8303895592689514,128.76049429178238,253723648,45.0,100.29,1755.0,1593.0,45.0,102.28,1755.0,1593.0
b2_h32768_q2_csa_profile_sim_ascending_steady,ok,,full,csa_profile_sim,ascending,steady,2,32768,2,2048,10,30,20260803,2026-08-12T06:29:05.341725+00:00,0.07081600278615952,0.07004799693822861,0.07459200173616409,0.07110506768027941,0.001095798598949511,16.110068954964667,8192,1140850688,0.5703125,0.5703125,0.43238449061131295,0.46771037181996084,5856,1.3989071038251366,3373056,0.0643359375,"[""32K-64K""]",False,0.4227831959724426,0.651434063911438,5.657747387886047,226919424,43.0,121.36,1755.0,1593.0,43.0,122.17,1755.0,1593.0
b2_h32768_q2_csa_profile_sim_descending_steady,ok,,full,csa_profile_sim,descending,steady,2,32768,2,2048,10,30,20260803,2026-08-12T09:50:37.278082+00:00,0.07088000327348709,0.07039999961853027,0.07225599884986877,0.07107733363906542,0.0006791282471461722,16.095522507216632,8192,1140850688,0.5703125,0.5703125,0.43238449061131295,0.46771037181996084,5856,1.3989071038251366,3373056,0.0643359375,"[""32K-64K""]",False,0.46090781688690186,0.6779171526432037,3.650754690170288,226919424,44.0,93.4,1755.0,1593.0,44.0,93.09,1755.0,1593.0
b2_h32768_q32_csa_profile_sim_ascending_steady,ok,,full,csa_profile_sim,ascending,steady,2,32768,32,2048,10,30,20260803,2026-08-12T06:29:07.740388+00:00,0.07238399982452393,0.07187200337648392,0.07507199794054031,0.07277653341492017,0.0012399313673182538,252.17742943538772,131072,18253611008,0.5703125,0.5703125,0.43238449061131295,0.49021526418786693,36896,3.552471812662619,21252096,0.4053515625,"[""32K-64K""]",False,0.5108043551445007,0.6590448319911957,63.098955899477005,233300992,43.0,92.16,1755.0,1593.0,43.0,91.68,1755.0,1593.0
b2_h32768_q32_csa_profile_sim_descending_steady,ok,,full,csa_profile_sim,descending,steady,2,32768,32,2048,10,30,20260803,2026-08-12T09:50:35.401663+00:00,0.07196799665689468,0.07142399996519089,0.07440000027418137,0.07224106614788374,0.0015294463333802644,253.63511360505916,131072,18253611008,0.5703125,0.5703125,0.43238449061131295,0.49021526418786693,36896,3.552471812662619,21252096,0.4053515625,"[""32K-64K""]",False,0.5640573799610138,0.6860159337520599,33.67411345243454,233300992,44.0,96.39,1755.0,1593.0,44.0,96.86,1755.0,1593.0
b2_h32768_q4096_csa_profile_sim_ascending_steady,ok,,full,csa_profile_sim,ascending,steady,2,32768,4096,2048,10,30,20260803,2026-08-12T06:30:20.271543+00:00,4.628159999847412,4.464640140533447,4.814047813415527,4.645195722579956,0.09638334166362786,504.83609233497367,16777216,2336462209024,0.5703125,0.5703125,0.432384490611313,0.49093574180528377,73720,227.58024959305482,42462720,0.809912109375,"[""32K-64K""]",False,0.8945688605308533,3.1055212020874023,7228.215921670198,1263010816,43.0,90.21,1755.0,1593.0,51.0,148.18,1695.0,1593.0
b2_h32768_q4096_csa_profile_sim_descending_steady,ok,,full,csa_profile_sim,descending,steady,2,32768,4096,2048,10,30,20260803,2026-08-12T09:49:51.190432+00:00,4.819647789001465,4.652639865875244,4.914527893066406,4.8448863824208575,0.07686037788302272,484.7786210344778,16777216,2336462209024,0.5703125,0.5703125,0.432384490611313,0.49093574180528377,73720,227.58024959305482,42462720,0.809912109375,"[""32K-64K""]",False,0.8053109049797058,3.178264945745468,3847.261056303978,1263010816,44.0,91.77,1755.0,1593.0,52.0,145.5,1725.0,1593.0
b2_h32768_q512_csa_profile_sim_ascending_steady,ok,,full,csa_profile_sim,ascending,steady,2,32768,512,2048,10,30,20260803,2026-08-12T06:29:21.183307+00:00,0.5792319774627686,0.5769280195236206,0.5874559879302979,0.5801151990890503,0.0028880200656968016,504.2155604172815,2097152,292057776128,0.5703125,0.5703125,0.432384490611313,0.5023678296232876,66548,31.513373805373565,38331648,0.7311181640625,"[""32K-64K""]",False,0.674273818731308,1.0429881513118744,967.6430150866508,337249280,43.0,88.73,1755.0,1593.0,44.0,96.47,1740.0,1593.0
b2_h32768_q512_csa_profile_sim_descending_steady,ok,,full,csa_profile_sim,descending,steady,2,32768,512,2048,10,30,20260803,2026-08-12T09:50:27.394751+00:00,0.5786240100860596,0.577023983001709,0.5839040279388428,0.5794165352980296,0.002145287201893837,504.745345919126,2097152,292057776128,0.5703125,0.5703125,0.432384490611313,0.5023678296232876,66548,31.513373805373565,38331648,0.7311181640625,"[""32K-64K""]",False,0.6837733089923859,0.9910911321640015,493.00823360681534,337249280,45.0,98.18,1755.0,1593.0,46.0,105.84,1755.0,1593.0
b2_h32768_q8_csa_profile_sim_ascending_steady,ok,,full,csa_profile_sim,ascending,steady,2,32768,8,2048,10,30,20260803,2026-08-12T06:29:06.498674+00:00,0.07135999947786331,0.07075200229883194,0.07283200323581696,0.07160000006357829,0.0008915994106030704,63.949030064323644,32768,4563402752,0.5703125,0.5703125,0.43238449061131295,0.48348825831702547,14688,2.2309368191721135,8460288,0.1613671875,"[""32K-64K""]",False,0.4246160387992859,0.8443742990493774,17.225176095962524,228195328,43.0,90.72,1755.0,1593.0,43.0,90.87,1755.0,1593.0
b2_h32768_q8_csa_profile_sim_descending_steady,ok,,full,csa_profile_sim,descending,steady,2,32768,8,2048,10,30,20260803,2026-08-12T09:50:36.353937+00:00,0.0711359977722168,0.07052800059318542,0.07212799787521362,0.07129386638601622,0.0007642092599318149,64.15040056951733,32768,4563402752,0.5703125,0.5703125,0.43238449061131295,0.48348825831702547,14688,2.2309368191721135,8460288,0.1613671875,"[""32K-64K""]",False,0.4588216543197632,0.8609481155872345,10.353714227676392,228195328,44.0,94.94,1755.0,1593.0,44.0,94.05,1755.0,1593.0
b2_h4096_q1024_csa_profile_sim_ascending_steady,ok,,full,csa_profile_sim,ascending,steady,2,4096,1024,2048,10,30,20260803,2026-08-12T06:29:33.932049+00:00,1.0811519622802734,1.075935959815979,1.1608320474624634,1.0943253318468729,0.026844162223528575,540.2714628793101,4194304,584115552256,0.8125,0.8125,0.722527752539372,0.8646142291462817,10232,409.9202501954652,5893632,0.112412109375,"[""2K-8K""]",False,0.767584890127182,0.8575767278671265,1054.9265034496784,594150400,43.0,88.56,1755.0,1593.0,43.0,103.62,1710.0,1593.0
b2_h4096_q1024_csa_profile_sim_descending_steady,ok,,full,csa_profile_sim,descending,steady,2,4096,1024,2048,10,30,20260803,2026-08-12T09:50:20.431307+00:00,1.0768959522247314,1.071936011314392,1.1595200300216675,1.092794672648112,0.0289062360345356,542.4066745253252,4194304,584115552256,0.8125,0.8125,0.722527752539372,0.8646142291462817,10232,409.9202501954652,5893632,0.112412109375,"[""2K-8K""]",False,0.6777159869670868,0.8942000567913055,534.6151441335678,594150400,45.0,105.13,1755.0,1593.0,45.0,119.77,1605.0,1593.0
b2_h4096_q128_csa_profile_sim_ascending_steady,ok,,full,csa_profile_sim,ascending,steady,2,4096,128,2048,10,30,20260803,2026-08-12T06:29:09.436824+00:00,0.1966720074415207,0.19433599710464478,0.20051200687885284,0.19671360204617183,0.0019004912204006606,371.24980306976545,524288,73014444032,0.8125,0.8125,0.722527752539372,0.8768346379647749,8436,62.1488857278331,4859136,0.0926806640625,"[""2K-8K""]",False,0.5126781761646271,0.5287192761898041,140.71669802069664,78398464,43.0,90.69,1755.0,1593.0,43.0,91.39,1755.0,1593.0
b2_h4096_q128_csa_profile_sim_descending_steady,ok,,full,csa_profile_sim,descending,steady,2,4096,128,2048,10,30,20260803,2026-08-12T09:50:34.194875+00:00,0.19580799341201782,0.19484800100326538,0.1995519995689392,0.19634133378664653,0.0017702171445472003,372.8879641719402,524288,73014444032,0.8125,0.8125,0.722527752539372,0.8768346379647749,8436,62.1488857278331,4859136,0.0926806640625,"[""2K-8K""]",False,0.5425773561000824,0.5643926560878754,74.89781826734543,78398464,45.0,99.93,1755.0,1593.0,44.0,101.94,1755.0,1593.0
b2_h4096_q2_csa_profile_sim_ascending_steady,ok,,full,csa_profile_sim,ascending,steady,2,4096,2,2048,10,30,20260803,2026-08-12T06:29:04.925994+00:00,0.07103999704122543,0.070592001080513,0.07264000177383423,0.07129600023229916,0.0009531134448778399,16.059272740931416,8192,1140850688,0.8125,0.8125,0.722527752539372,0.8434442270058709,4864,1.6842105263157894,2801664,0.0534375,"[""2K-8K""]",False,0.4183351993560791,0.35936757922172546,4.423443228006363,28738560,44.0,121.14,1740.0,1593.0,44.0,120.61,1740.0,1593.0
b2_h4096_q2_csa_profile_sim_descending_steady,ok,,full,csa_profile_sim,descending,steady,2,4096,2,2048,10,30,20260803,2026-08-12T09:50:37.595751+00:00,0.07081600278615952,0.07011199742555618,0.07238399982452393,0.0710645335415999,0.0008348540857255865,16.110068954964667,8192,1140850688,0.8125,0.8125,0.722527752539372,0.8434442270058709,4864,1.6842105263157894,2801664,0.0534375,"[""2K-8K""]",False,0.4391185939311981,0.4093572497367859,3.065243363380432,28738560,44.0,92.87,1755.0,1593.0,44.0,92.94,1755.0,1593.0
b2_h4096_q32_csa_profile_sim_ascending_steady,ok,,full,csa_profile_sim,ascending,steady,2,4096,32,2048,10,30,20260803,2026-08-12T06:29:07.283177+00:00,0.07004799693822861,0.06956800073385239,0.07222399860620499,0.07037760019302368,0.0014221384789117743,260.58719457883757,131072,18253611008,0.8125,0.8125,0.722527752539372,0.8735322896281801,8152,16.078508341511284,4695552,0.089560546875,"[""2K-8K""]",False,0.43131783604621887,0.3565549850463867,40.106311440467834,35271680,43.0,91.89,1755.0,1593.0,43.0,92.1,1755.0,1593.0
b2_h4096_q32_csa_profile_sim_descending_steady,ok,,full,csa_profile_sim,descending,steady,2,4096,32,2048,10,30,20260803,2026-08-12T09:50:35.735842+00:00,0.07017599791288376,0.06934399902820587,0.07148800045251846,0.0703989326953888,0.00131919894291882,260.1118837050236,131072,18253611008,0.8125,0.8125,0.722527752539372,0.8735322896281801,8152,16.078508341511284,4695552,0.089560546875,"[""2K-8K""]",False,0.4944317042827606,0.41083618998527527,21.464958786964417,35271680,44.0,95.19,1755.0,1593.0,44.0,95.25,1755.0,1593.0
b2_h4096_q4096_csa_profile_sim_ascending_steady,ok,,full,csa_profile_sim,ascending,steady,2,4096,4096,2048,10,30,20260803,2026-08-12T06:30:01.151662+00:00,4.63808012008667,4.618912220001221,4.801184177398682,4.663266150156657,0.07309861475634769,503.7563277325057,16777216,2336462209024,0.8124670902014652,0.8124670902014652,0.7224876865505949,0.8327290335280089,16372,1024.7505497190325,9430272,0.1798681640625,"[""2K-8K"", ""8K-16K""]",False,0.7009431719779968,2.838239073753357,3613.2955849170685,1229980672,43.0,88.96,1755.0,1593.0,49.0,142.49,1695.0,1593.0
b2_h4096_q4096_csa_profile_sim_descending_steady,ok,,full,csa_profile_sim,descending,steady,2,4096,4096,2048,10,30,20260803,2026-08-12T09:50:03.871586+00:00,4.572544097900391,4.48364782333374,4.894303798675537,4.606066115697225,0.10565921034030878,510.9764190348325,16777216,2336462209024,0.8124670902014652,0.8124670902014652,0.7224876865505949,0.8327290335280089,16372,1024.7505497190325,9430272,0.1798681640625,"[""2K-8K"", ""8K-16K""]",False,0.7184818387031555,2.846028655767441,1977.0511500537395,1229980672,45.0,89.79,1755.0,1593.0,52.0,143.3,1650.0,1593.0
b2_h4096_q512_csa_profile_sim_ascending_steady,ok,,full,csa_profile_sim,ascending,steady,2,4096,512,2048,10,30,20260803,2026-08-12T06:29:18.213452+00:00,0.5623360276222229,0.5583680272102356,0.5701760053634644,0.5629525363445282,0.0034206039029226858,519.3652225395102,2097152,292057776128,0.8125,0.8125,0.722527752539372,0.8692036906800391,9200,227.9513043478261,5299200,0.10107421875,"[""2K-8K""]",False,0.6227418780326843,0.6123706698417664,542.1946980059147,299435008,43.0,97.17,1755.0,1593.0,45.0,104.15,1755.0,1593.0
b2_h4096_q512_csa_profile_sim_descending_steady,ok,,full,csa_profile_sim,descending,steady,2,4096,512,2048,10,30,20260803,2026-08-12T09:50:29.292123+00:00,0.5607360005378723,0.5573760271072388,0.5648959875106812,0.5605237325032552,0.0023206386230126192,520.8472005504385,2097152,292057776128,0.8125,0.8125,0.722527752539372,0.8692036906800391,9200,227.9513043478261,5299200,0.10107421875,"[""2K-8K""]",False,0.6641261279582977,0.6028115749359131,280.58451414108276,299435008,45.0,105.23,1755.0,1593.0,45.0,106.35,1755.0,1593.0
b2_h4096_q8_csa_profile_sim_ascending_steady,ok,,full,csa_profile_sim,ascending,steady,2,4096,8,2048,10,30,20260803,2026-08-12T06:29:06.075542+00:00,0.07123199850320816,0.07052800059318542,0.07241600006818771,0.07141546631852785,0.0007564438933667061,64.06394384392391,32768,4563402752,0.8125,0.8125,0.722527752539372,0.8774461839530333,6928,4.7297921478060045,3990528,0.07611328125,"[""2K-8K""]",False,0.41768699884414673,0.49499794840812683,14.308646321296692,30014464,43.0,90.65,1755.0,1593.0,43.0,90.8,1755.0,1593.0
b2_h4096_q8_csa_profile_sim_descending_steady,ok,,full,csa_profile_sim,descending,steady,2,4096,8,2048,10,30,20260803,2026-08-12T09:50:36.711548+00:00,0.07110399752855301,0.07056000083684921,0.07228799909353256,0.07127360006173451,0.0007329863941610325,64.17927135766858,32768,4563402752,0.8125,0.8125,0.722527752539372,0.8774461839530333,6928,4.7297921478060045,3990528,0.07611328125,"[""2K-8K""]",False,0.42045488953590393,0.6008855998516083,6.605561822652817,30014464,44.0,92.88,1755.0,1593.0,44.0,92.94,1755.0,1593.0
b2_h524288_q1024_csa_profile_sim_ascending_steady,ok,,full,csa_profile_sim,ascending,steady,2,524288,1024,2048,10,30,20260803,2026-08-12T06:29:48.260714+00:00,1.2090239524841309,1.197119951248169,1.274783968925476,1.2132213314374287,0.020746420218345597,483.12984292481735,4194304,584115552256,0.50390625,0.50390625,0.3817648634796384,0.4073469606164384,579500,7.237798101811907,333792000,6.3665771484375,"[""64K+""]",True,0.721856951713562,5.669351667165756,2111.6064935922623,1194329088,43.0,88.22,1755.0,1593.0,46.0,104.7,1710.0,1593.0
b2_h524288_q1024_csa_profile_sim_descending_steady,ok,,full,csa_profile_sim,descending,steady,2,524288,1024,2048,10,30,20260803,2026-08-12T09:50:11.890938+00:00,1.195296049118042,1.190335988998413,1.2464640140533447,1.2179904103279113,0.026329798984325012,488.6785601667419,4194304,584115552256,0.50390625,0.50390625,0.3817648634796384,0.4073469606164384,579500,7.237798101811907,333792000,6.3665771484375,"[""64K+""]",True,0.6949715316295624,5.943708121776581,1074.80438798666,1194329088,45.0,90.78,1755.0,1593.0,47.0,107.19,1725.0,1593.0
b2_h524288_q128_csa_profile_sim_ascending_steady,ok,,full,csa_profile_sim,ascending,steady,2,524288,128,2048,10,30,20260803,2026-08-12T06:29:12.092068+00:00,0.2287680059671402,0.22060799598693848,0.262719988822937,0.23473706543445588,0.014015873947995396,319.1637035228066,524288,73014444032,0.50390625,0.50390625,0.3817648634796384,0.40724376223091974,146544,3.577683153182662,84409344,1.60998046875,"[""64K+""]",True,0.6933547556400299,5.369450896978378,250.85976719856262,1007961088,43.0,95.81,1755.0,1593.0,44.0,97.78,1755.0,1593.0
b2_h524288_q128_csa_profile_sim_descending_steady,ok,,full,csa_profile_sim,descending,steady,2,524288,128,2048,10,30,20260803,2026-08-12T09:50:32.576173+00:00,0.22623999416828156,0.22329600155353546,0.22835199534893036,0.22616960008939108,0.0018665697437145789,322.7300473571021,524288,73014444032,0.50390625,0.50390625,0.3817648634796384,0.40724376223091974,146544,3.577683153182662,84409344,1.60998046875,"[""64K+""]",True,0.6955265998840332,5.367711186408997,131.82010129094124,1007961088,45.0,97.86,1755.0,1593.0,45.0,100.4,1755.0,1593.0
b2_h524288_q2_csa_profile_sim_ascending_steady,ok,,full,csa_profile_sim,ascending,steady,2,524288,2,2048,10,30,20260803,2026-08-12T06:29:05.808664+00:00,0.07091200351715088,0.07036799937486649,0.07657600194215775,0.0715082677702109,0.0017953199773344064,16.08825912983931,8192,1140850688,0.50390625,0.50390625,0.38176486347963834,0.4143835616438356,6128,1.3368146214099217,3529728,0.06732421875,"[""64K+""]",True,0.463191419839859,5.193933844566345,5.113005638122559,981882368,43.0,90.86,1755.0,1593.0,43.0,90.79,1755.0,1593.0
b2_h524288_q2_csa_profile_sim_descending_steady,ok,,full,csa_profile_sim,descending,steady,2,524288,2,2048,10,30,20260803,2026-08-12T09:50:36.902207+00:00,0.07107199728488922,0.07062400132417679,0.07196799665689468,0.07120213334759076,0.0008046337651741499,16.05204203600676,8192,1140850688,0.50390625,0.50390625,0.38176486347963834,0.4143835616438356,6128,1.3368146214099217,3529728,0.06732421875,"[""64K+""]",True,0.5091913044452667,5.179218947887421,4.03406098484993,981882368,44.0,94.44,1755.0,1593.0,44.0,94.16,1755.0,1593.0
b2_h524288_q32_csa_profile_sim_ascending_steady,ok,,full,csa_profile_sim,ascending,steady,2,524288,32,2048,10,30,20260803,2026-08-12T06:29:08.521830+00:00,0.07619199901819229,0.0756480023264885,0.07791999727487564,0.0764725332458814,0.0011972073789387882,239.57385609008114,131072,18253611008,0.50390625,0.50390625,0.38176486347963834,0.4028559197651663,53756,2.4382766574893964,30963456,0.5905810546875,"[""64K+""]",True,0.6134249269962311,5.161616951227188,64.33079391717911,988091392,43.0,93.38,1755.0,1593.0,44.0,93.82,1755.0,1593.0
b2_h524288_q32_csa_profile_sim_descending_steady,ok,,full,csa_profile_sim,descending,steady,2,524288,32,2048,10,30,20260803,2026-08-12T09:50:34.761557+00:00,0.07628799974918365,0.07552000135183334,0.08195199817419052,0.07677226662635803,0.0017746534944689774,239.27237662559543,131072,18253611008,0.50390625,0.50390625,0.38176486347963834,0.4028559197651663,53756,2.4382766574893964,30963456,0.5905810546875,"[""64K+""]",True,0.5888231098651886,5.180254578590393,34.53812003135681,988091392,45.0,97.93,1755.0,1593.0,45.0,98.37,1755.0,1593.0
b2_h524288_q4096_csa_profile_sim_ascending_steady,ok,,full,csa_profile_sim,ascending,steady,2,524288,4096,2048,10,30,20260803,2026-08-12T06:30:53.201939+00:00,5.012671947479248,4.962368011474609,5.242208003997803,5.0897088209788,0.10158904628371394,466.1111346412667,16777216,2336462209024,0.50390625,0.50390625,0.3817648634796384,0.4070158657962329,1003760,16.714369968916873,578165760,11.02763671875,"[""64K+""]",True,0.884566456079483,7.666774094104767,8155.924551188946,1829241856,43.0,89.25,1755.0,1593.0,51.0,150.07,1710.0,1593.0
b2_h524288_q4096_csa_profile_sim_descending_steady,ok,,full,csa_profile_sim,descending,steady,2,524288,4096,2048,10,30,20260803,2026-08-12T09:49:32.686647+00:00,5.116576194763184,4.949408054351807,5.38592004776001,5.176455497741699,0.13517771765345077,456.6456396008271,16777216,2336462209024,0.50390625,0.50390625,0.3817648634796384,0.4070158657962329,1003760,16.714369968916873,578165760,11.02763671875,"[""64K+""]",True,0.8187443017959595,7.451198995113373,4321.538195014,1829241856,44.0,91.44,1755.0,1593.0,50.0,150.57,1620.0,1593.0
b2_h524288_q512_csa_profile_sim_ascending_steady,ok,,full,csa_profile_sim,ascending,steady,2,524288,512,2048,10,30,20260803,2026-08-12T06:29:25.829889+00:00,0.6173440217971802,0.6133760213851929,0.6215680241584778,0.6172853370507558,0.0025219029648712713,473.087558664254,2097152,292057776128,0.50390625,0.50390625,0.3817648634796384,0.4072265625,367676,5.7038044365147575,211781376,4.0394091796875,"[""64K+""]",True,0.7048808038234711,5.4850950837135315,999.386191368103,1087439872,43.0,88.79,1755.0,1593.0,44.0,97.19,1740.0,1593.0
b2_h524288_q512_csa_profile_sim_descending_steady,ok,,full,csa_profile_sim,descending,steady,2,524288,512,2048,10,30,20260803,2026-08-12T09:50:24.706626+00:00,0.616703987121582,0.6144000291824341,0.6207360029220581,0.6171605308850606,0.0018850851168192232,473.57854372104356,2097152,292057776128,0.50390625,0.50390625,0.3817648634796384,0.4072265625,367676,5.7038044365147575,211781376,4.0394091796875,"[""64K+""]",True,0.7263235747814178,5.575299263000488,522.8438898921013,1087439872,45.0,104.48,1755.0,1593.0,48.0,113.84,1710.0,1593.0
b2_h524288_q8_csa_profile_sim_ascending_steady,ok,,full,csa_profile_sim,ascending,steady,2,524288,8,2048,10,30,20260803,2026-08-12T06:29:06.979240+00:00,0.07135999947786331,0.07072000205516815,0.07603199779987335,0.07182826623320579,0.0016545056888376912,63.949030064323644,32768,4563402752,0.50390625,0.50390625,0.38176486347963834,0.4014187866927593,17452,1.8776071510428605,10052352,0.1917333984375,"[""64K+""]",True,0.48684701323509216,5.35394623875618,17.112385481595993,983123968,43.0,91.69,1755.0,1593.0,43.0,91.67,1755.0,1593.0
b2_h524288_q8_csa_profile_sim_descending_steady,ok,,full,csa_profile_sim,descending,steady,2,524288,8,2048,10,30,20260803,2026-08-12T09:50:35.989323+00:00,0.07116799801588058,0.0703359991312027,0.07305599749088287,0.07141013368964196,0.001041604194329117,64.12155574450348,32768,4563402752,0.50390625,0.50390625,0.38176486347963834,0.4014187866927593,17452,1.8776071510428605,10052352,0.1917333984375,"[""64K+""]",True,0.49047917127609253,5.353737622499466,9.932447224855423,983123968,44.0,95.15,1755.0,1593.0,44.0,95.22,1755.0,1593.0
b2_h65536_q1024_csa_profile_sim_ascending_steady,ok,,full,csa_profile_sim,ascending,steady,2,65536,1024,2048,10,30,20260803,2026-08-12T06:29:41.433641+00:00,1.1779199838638306,1.1609599590301514,1.2254400253295898,1.193557329972585,0.027604657923617663,495.887293073996,4194304,584115552256,0.50390625,0.50390625,0.3817648634796384,0.4106493089530333,133104,31.51147974516168,76667904,1.46232421875,"[""64K+""]",False,0.7259882986545563,1.452811062335968,2030.4666198790073,665846784,43.0,88.51,1755.0,1593.0,45.0,104.66,1725.0,1593.0
b2_h65536_q1024_csa_profile_sim_descending_steady,ok,,full,csa_profile_sim,descending,steady,2,65536,1024,2048,10,30,20260803,2026-08-12T09:50:15.718137+00:00,1.174399971961975,1.168063998222351,1.2323520183563232,1.1941461364428203,0.02814403271121745,497.3736088226955,4194304,584115552256,0.50390625,0.50390625,0.3817648634796384,0.4106493089530333,133104,31.51147974516168,76667904,1.46232421875,"[""64K+""]",False,0.7014013826847076,1.4074668288230896,1027.7539938688278,665846784,45.0,90.0,1755.0,1593.0,45.0,106.76,1605.0,1593.0
b2_h65536_q128_csa_profile_sim_ascending_steady,ok,,full,csa_profile_sim,ascending,steady,2,65536,128,2048,10,30,20260803,2026-08-12T06:29:10.879913+00:00,0.21939200162887573,0.21718400716781616,0.22364799678325653,0.21970666597286861,0.001980488094939308,332.803582126533,524288,73014444032,0.50390625,0.50390625,0.3817648634796384,0.41032442514677103,108824,4.817760788061457,62682624,1.195576171875,"[""64K+""]",False,0.6285980343818665,1.1041611433029175,250.84766745567322,479478784,43.0,92.53,1755.0,1593.0,43.0,94.64,1755.0,1593.0
b2_h65536_q128_csa_profile_sim_descending_steady,ok,,full,csa_profile_sim,descending,steady,2,65536,128,2048,10,30,20260803,2026-08-12T09:50:33.355978+00:00,0.22089600563049316,0.21872000396251678,0.22473600506782532,0.221095468600591,0.0018761691162538854,330.537638395037,524288,73014444032,0.50390625,0.50390625,0.3817648634796384,0.41032442514677103,108824,4.817760788061457,62682624,1.195576171875,"[""64K+""]",False,0.668015331029892,1.1629275977611542,132.84866884350777,479478784,44.0,105.79,1755.0,1593.0,44.0,108.11,1755.0,1593.0
b2_h65536_q2_csa_profile_sim_ascending_steady,ok,,full,csa_profile_sim,ascending,steady,2,65536,2,2048,10,30,20260803,2026-08-12T06:29:05.473836+00:00,0.07091200351715088,0.07039999961853027,0.07251200079917908,0.07120426744222641,0.0011070253620312136,16.08825912983931,8192,1140850688,0.50390625,0.50390625,0.38176486347963834,0.42221135029354206,6128,1.3368146214099217,3529728,0.06732421875,"[""64K+""]",False,0.4487335681915283,0.9400844573974609,5.188491195440292,453400064,43.0,121.58,1755.0,1593.0,43.0,121.69,1755.0,1593.0
b2_h65536_q2_csa_profile_sim_descending_steady,ok,,full,csa_profile_sim,descending,steady,2,65536,2,2048,10,30,20260803,2026-08-12T09:50:37.191348+00:00,0.07107199728488922,0.07052800059318542,0.07235199958086014,0.07127573291460673,0.0008016831762206991,16.05204203600676,8192,1140850688,0.50390625,0.50390625,0.38176486347963834,0.42221135029354206,6128,1.3368146214099217,3529728,0.06732421875,"[""64K+""]",False,0.4603862762451172,0.9620450437068939,3.7487708032131195,453400064,44.0,93.59,1755.0,1593.0,44.0,93.44,1755.0,1593.0
b2_h65536_q32_csa_profile_sim_ascending_steady,ok,,full,csa_profile_sim,ascending,steady,2,65536,32,2048,10,30,20260803,2026-08-12T06:29:07.928887+00:00,0.07555200159549713,0.07497599720954895,0.07788799703121185,0.07594026699662208,0.001617561547229079,241.60327486397009,131072,18253611008,0.50390625,0.50390625,0.38176486347963834,0.41325220156555775,50796,2.580360658319553,29258496,0.5580615234375,"[""64K+""]",False,0.5203001201152802,0.9565092623233795,64.30738419294357,459609088,43.0,90.73,1755.0,1593.0,43.0,91.48,1755.0,1593.0
b2_h65536_q32_csa_profile_sim_descending_steady,ok,,full,csa_profile_sim,descending,steady,2,65536,32,2048,10,30,20260803,2026-08-12T09:50:35.280338+00:00,0.07503999769687653,0.07440000027418137,0.07993599772453308,0.07547946671644847,0.0015913775759944957,243.25175330808665,131072,18253611008,0.50390625,0.50390625,0.38176486347963834,0.41325220156555775,50796,2.580360658319553,29258496,0.5580615234375,"[""64K+""]",False,0.5932189524173737,0.9686201810836792,35.685740411281586,459609088,44.0,95.42,1755.0,1593.0,44.0,95.93,1755.0,1593.0
b2_h65536_q4096_csa_profile_sim_ascending_steady,ok,,full,csa_profile_sim,ascending,steady,2,65536,4096,2048,10,30,20260803,2026-08-12T06:30:27.856112+00:00,4.932799816131592,4.8021440505981445,5.254208087921143,4.961400524775187,0.11145122287200086,473.65842850203154,16777216,2336462209024,0.50390625,0.50390625,0.3817648634796384,0.4115159842832681,139252,120.4809697526786,80209152,1.5298681640625,"[""64K+""]",False,0.7665902376174927,3.383845090866089,8075.404554605484,1300759552,43.0,89.21,1755.0,1593.0,47.0,148.2,1710.0,1593.0
b2_h65536_q4096_csa_profile_sim_descending_steady,ok,,full,csa_profile_sim,descending,steady,2,65536,4096,2048,10,30,20260803,2026-08-12T09:49:46.673290+00:00,5.120768070220947,4.83190393447876,5.176896095275879,5.097246980667114,0.11298075085516306,456.2718281679936,16777216,2336462209024,0.50390625,0.50390625,0.3817648634796384,0.4115159842832681,139252,120.4809697526786,80209152,1.5298681640625,"[""64K+""]",False,0.8289851248264313,3.532085567712784,4222.954787313938,1300759552,44.0,89.61,1755.0,1593.0,51.0,149.0,1530.0,1593.0
b2_h65536_q512_csa_profile_sim_ascending_steady,ok,,full,csa_profile_sim,ascending,steady,2,65536,512,2048,10,30,20260803,2026-08-12T06:29:22.298864+00:00,0.6025279760360718,0.5975679755210876,0.6666240096092224,0.6082965354124705,0.017494444961149293,484.72068973360876,2097152,292057776128,0.50390625,0.50390625,0.3817648634796384,0.4110659246575342,131860,15.904383436978614,75951360,1.4486572265625,"[""64K+""]",False,0.6385743618011475,1.2728609144687653,1012.7197168767452,558957568,43.0,88.59,1755.0,1593.0,44.0,96.93,1755.0,1593.0
b2_h65536_q512_csa_profile_sim_descending_steady,ok,,full,csa_profile_sim,descending,steady,2,65536,512,2048,10,30,20260803,2026-08-12T09:50:26.733858+00:00,0.6006399989128113,0.5984320044517517,0.6048960089683533,0.600956799586614,0.0022170119206762484,486.24430050719127,2097152,292057776128,0.50390625,0.50390625,0.3817648634796384,0.4110659246575342,131860,15.904383436978614,75951360,1.4486572265625,"[""64K+""]",False,0.6946399807929993,1.2862905859947205,524.4065672159195,558957568,45.0,99.25,1755.0,1593.0,45.0,106.73,1755.0,1593.0
b2_h65536_q8_csa_profile_sim_ascending_steady,ok,,full,csa_profile_sim,ascending,steady,2,65536,8,2048,10,30,20260803,2026-08-12T06:29:06.591850+00:00,0.07110399752855301,0.07052800059318542,0.07286400347948074,0.07133653312921524,0.0009377307047783845,64.17927135766858,32768,4563402752,0.50390625,0.50390625,0.38176486347963834,0.40936888454011744,17300,1.8941040462427745,9964800,0.1900634765625,"[""64K+""]",False,0.43215975165367126,1.1198073625564575,20.111113786697388,454641664,43.0,90.73,1755.0,1593.0,43.0,90.83,1755.0,1593.0
b2_h65536_q8_csa_profile_sim_descending_steady,ok,,full,csa_profile_sim,descending,steady,2,65536,8,2048,10,30,20260803,2026-08-12T09:50:36.282235+00:00,0.07100799679756165,0.07046400010585785,0.0767040029168129,0.07147413368026416,0.0016911568569105387,64.26603985196078,32768,4563402752,0.50390625,0.50390625,0.38176486347963834,0.40936888454011744,17300,1.8941040462427745,9964800,0.1900634765625,"[""64K+""]",False,0.466369092464447,1.159030944108963,9.74440947175026,454641664,44.0,95.46,1755.0,1593.0,44.0,95.63,1755.0,1593.0
b2_h8192_q1024_csa_profile_sim_ascending_steady,ok,,full,csa_profile_sim,ascending,steady,2,8192,1024,2048,10,30,20260803,2026-08-12T06:29:35.164893+00:00,1.0964159965515137,1.0925120115280151,1.1427520513534546,1.1120992104212444,0.02193762991748327,532.7499362406065,4194304,584115552256,0.677734375,0.677734375,0.5584174625084868,0.6828933387353229,18424,227.65436387320887,10612224,0.202412109375,"[""8K-16K""]",False,0.6402097642421722,0.8693821728229523,1657.171767205,598868992,43.0,88.26,1755.0,1593.0,45.0,103.58,1740.0,1593.0
b2_h8192_q1024_csa_profile_sim_descending_steady,ok,,full,csa_profile_sim,descending,steady,2,8192,1024,2048,10,30,20260803,2026-08-12T09:50:19.448745+00:00,1.092576026916504,1.0899200439453125,1.099071979522705,1.0933813254038494,0.0025504492042100375,534.6223401079977,4194304,584115552256,0.677734375,0.677734375,0.5584174625084868,0.6828933387353229,18424,227.65436387320887,10612224,0.202412109375,"[""8K-16K""]",False,0.6742477416992188,0.8820965886116028,848.0383194983006,598868992,45.0,103.03,1755.0,1593.0,50.0,104.28,1620.0,1593.0
b2_h8192_q128_csa_profile_sim_ascending_steady,ok,,full,csa_profile_sim,ascending,steady,2,8192,128,2048,10,30,20260803,2026-08-12T06:29:09.703069+00:00,0.19843199849128723,0.19631999731063843,0.20272000133991241,0.19893973420063654,0.002351694165665399,367.95700586166254,524288,73014444032,0.677734375,0.677734375,0.5584174625084868,0.6886619373776908,16636,31.515268093291656,9582336,0.1827685546875,"[""8K-16K""]",False,0.514734536409378,0.635150820016861,205.92667907476425,83854336,43.0,92.07,1755.0,1593.0,43.0,94.14,1755.0,1593.0
b2_h8192_q128_csa_profile_sim_descending_steady,ok,,full,csa_profile_sim,descending,steady,2,8192,128,2048,10,30,20260803,2026-08-12T09:50:33.993175+00:00,0.19945600628852844,0.19657599925994873,0.2022400051355362,0.19939520160357158,0.0017798334502316607,366.0679133742355,524288,73014444032,0.677734375,0.677734375,0.5584174625084868,0.6886619373776908,16636,31.515268093291656,9582336,0.1827685546875,"[""8K-16K""]",False,0.5396567285060883,0.6512105464935303,108.17445814609528,83854336,44.0,99.33,1755.0,1593.0,44.0,99.9,1755.0,1593.0
b2_h8192_q2_csa_profile_sim_ascending_steady,ok,,full,csa_profile_sim,ascending,steady,2,8192,2,2048,10,30,20260803,2026-08-12T06:29:05.058405+00:00,0.07091200351715088,0.07046400010585785,0.07593599706888199,0.07145066658655802,0.0018606661774297141,16.08825912983931,8192,1140850688,0.677734375,0.677734375,0.5584174625084867,0.6653620352250489,5416,1.5125553914327918,3119616,0.059501953125,"[""8K-16K""]",False,16.554851084947586,2.6285164058208466,5.387172102928162,57050112,44.0,120.8,1755.0,1593.0,44.0,121.61,1755.0,1593.0
b2_h8192_q2_csa_profile_sim_descending_steady,ok,,full,csa_profile_sim,descending,steady,2,8192,2,2048,10,30,20260803,2026-08-12T09:50:37.509756+00:00,0.07103999704122543,0.07043199986219406,0.07276800274848938,0.0712704005340735,0.0008393281814225828,16.059272740931416,8192,1140850688,0.677734375,0.677734375,0.5584174625084867,0.6653620352250489,5416,1.5125553914327918,3119616,0.059501953125,"[""8K-16K""]",False,0.4436075687408447,0.530049204826355,3.648526966571808,57050112,44.0,93.0,1755.0,1593.0,44.0,92.96,1755.0,1593.0
b2_h8192_q32_csa_profile_sim_ascending_steady,ok,,full,csa_profile_sim,ascending,steady,2,8192,32,2048,10,30,20260803,2026-08-12T06:29:07.420400+00:00,0.07001599669456482,0.06940799951553345,0.07711999863386154,0.07063680017987888,0.002023648232481686,260.706293843518,131072,18253611008,0.677734375,0.677734375,0.5584174625084867,0.692606409001957,15848,8.270570418980313,9128448,0.174111328125,"[""8K-16K""]",False,0.418834388256073,0.5491077899932861,53.54194715619087,63431680,43.0,92.15,1755.0,1593.0,43.0,92.47,1755.0,1593.0
b2_h8192_q32_csa_profile_sim_descending_steady,ok,,full,csa_profile_sim,descending,steady,2,8192,32,2048,10,30,20260803,2026-08-12T09:50:35.623053+00:00,0.06995200365781784,0.06960000097751617,0.07161600142717361,0.07036053438981374,0.0014226796325449024,260.94479147860653,131072,18253611008,0.677734375,0.677734375,0.5584174625084867,0.692606409001957,15848,8.270570418980313,9128448,0.174111328125,"[""8K-16K""]",False,0.42617693543434143,0.6018541753292084,28.690986335277557,63431680,44.0,97.83,1755.0,1593.0,44.0,98.27,1755.0,1593.0
b2_h8192_q4096_csa_profile_sim_ascending_steady,ok,,full,csa_profile_sim,ascending,steady,2,8192,4096,2048,10,30,20260803,2026-08-12T06:30:05.116239+00:00,4.590176105499268,4.436063766479492,4.626016139984131,4.564556821187337,0.07170734670961923,509.0136315739167,16777216,2336462209024,0.677734375,0.677734375,0.5584174625084868,0.6756560741805284,24568,682.8889612504071,14151168,0.269912109375,"[""8K-16K""]",False,0.8490718901157379,2.8403103351593018,6424.255304038525,1235223552,44.0,90.14,1755.0,1593.0,50.0,143.64,1635.0,1593.0
b2_h8192_q4096_csa_profile_sim_descending_steady,ok,,full,csa_profile_sim,descending,steady,2,8192,4096,2048,10,30,20260803,2026-08-12T09:50:00.116874+00:00,4.535967826843262,4.337279796600342,4.756447792053223,4.56452800432841,0.1078868629747517,515.0967330934589,16777216,2336462209024,0.677734375,0.677734375,0.5584174625084868,0.6756560741805284,24568,682.8889612504071,14151168,0.269912109375,"[""8K-16K""]",False,0.8494667708873749,2.8350651264190674,3454.232696443796,1235223552,45.0,89.92,1755.0,1593.0,52.0,145.3,1620.0,1593.0
b2_h8192_q512_csa_profile_sim_ascending_steady,ok,,full,csa_profile_sim,ascending,steady,2,8192,512,2048,10,30,20260803,2026-08-12T06:29:18.925236+00:00,0.558784008026123,0.5559679865837097,0.5658239722251892,0.5593813339869181,0.003051414708052064,522.6666689329204,2097152,292057776128,0.677734375,0.677734375,0.5584174625084868,0.6840848978718199,17400,120.52597701149425,10022400,0.191162109375,"[""8K-16K""]",False,0.6192885339260101,0.6352141499519348,834.1585546731949,304153600,43.0,96.12,1755.0,1593.0,43.0,97.18,1755.0,1593.0
b2_h8192_q512_csa_profile_sim_descending_steady,ok,,full,csa_profile_sim,descending,steady,2,8192,512,2048,10,30,20260803,2026-08-12T09:50:28.761465+00:00,0.5590400099754333,0.5560640096664429,0.5627520084381104,0.559335466225942,0.0025289252501709525,522.4273234769623,2097152,292057776128,0.677734375,0.677734375,0.5584174625084868,0.6840848978718199,17400,120.52597701149425,10022400,0.191162109375,"[""8K-16K""]",False,0.6718002259731293,0.643167644739151,425.4029095172882,304153600,45.0,97.82,1755.0,1593.0,45.0,104.85,1755.0,1593.0
b2_h8192_q8_csa_profile_sim_ascending_steady,ok,,full,csa_profile_sim,ascending,steady,2,8192,8,2048,10,30,20260803,2026-08-12T06:29:06.228355+00:00,0.07123199850320816,0.07068800181150436,0.07257600128650665,0.07149759953220686,0.0008544715885208631,64.06394384392391,32768,4563402752,0.677734375,0.677734375,0.5584174625084867,0.6811399217221135,10472,3.1291061879297173,6031872,0.115048828125,"[""8K-16K""]",False,0.42887404561042786,0.5973801016807556,15.14364778995514,58326016,43.0,90.76,1755.0,1593.0,43.0,90.83,1755.0,1593.0
b2_h8192_q8_csa_profile_sim_descending_steady,ok,,full,csa_profile_sim,descending,steady,2,8192,8,2048,10,30,20260803,2026-08-12T09:50:36.639711+00:00,0.07119999825954437,0.07052800059318542,0.0748480036854744,0.0715189330279827,0.0013699217730858346,64.09273684762029,32768,4563402752,0.677734375,0.677734375,0.5584174625084867,0.6811399217221135,10472,3.1291061879297173,6031872,0.115048828125,"[""8K-16K""]",False,0.441674143075943,0.628296285867691,8.756574243307114,58326016,44.0,93.36,1755.0,1593.0,44.0,93.43,1755.0,1593.0
b32_h131072_q1024_csa_profile_sim_ascending_steady,ok,,full,csa_profile_sim,ascending,steady,32,131072,1024,2048,10,30,20260803,2026-08-12T07:05:26.491172+00:00,20.017343521118164,19.814464569091797,20.523807525634766,20.015012168884276,0.18337269379686824,466.88756808495555,67108864,9345848836096,0.50390625,0.50390625,0.3817648634796384,0.4079155072773973,4146804,16.183273672929804,2388559104,45.5581494140625,"[""64K+""]",True,1.019410789012909,30.632752925157547,32222.0247015357,6184502272,45.0,94.61,1755.0,1593.0,58.0,335.6,1290.0,1593.0
b32_h131072_q1024_csa_profile_sim_descending_steady,ok,,full,csa_profile_sim,descending,steady,32,131072,1024,2048,10,30,20260803,2026-08-12T09:43:57.201871+00:00,20.26595115661621,20.14339256286621,21.35100746154785,20.339470926920573,0.3467019477765119,461.1601381978495,67108864,9345848836096,0.50390625,0.50390625,0.3817648634796384,0.4079155072773973,4146804,16.183273672929804,2388559104,45.5581494140625,"[""64K+""]",True,3.396153450012207,30.95804527401924,2607.943184673786,6184502272,53.0,100.56,1740.0,1593.0,65.0,335.65,1560.0,1593.0
b32_h131072_q128_csa_profile_sim_ascending_steady,ok,,full,csa_profile_sim,ascending,steady,32,131072,128,2048,10,30,20260803,2026-08-12T06:57:32.385400+00:00,2.615648031234741,2.411328077316284,2.645951986312866,2.5743957281112673,0.07784821483335796,446.63161501913754,8388608,1168231104512,0.50390625,0.50390625,0.3817648634796384,0.40821124709515655,2115876,3.9646028406201497,1218744576,23.2457080078125,"[""64K+""]",True,0.9361803531646729,20.950179547071457,4060.9703585505486,3217294336,44.0,89.24,1755.0,1593.0,48.0,121.76,1710.0,1593.0
b32_h131072_q128_csa_profile_sim_descending_steady,ok,,full,csa_profile_sim,descending,steady,32,131072,128,2048,10,30,20260803,2026-08-12T09:44:46.332042+00:00,2.5797119140625,2.410975933074951,2.625727891921997,2.5607904036839804,0.08300409254141027,452.8533198392233,8388608,1168231104512,0.50390625,0.50390625,0.3817648634796384,0.40821124709515655,2115876,3.9646028406201497,1218744576,23.2457080078125,"[""64K+""]",True,0.9023956954479218,22.143125534057617,338.69991451501846,3217294336,54.0,144.6,1755.0,1593.0,56.0,166.47,1425.0,1593.0
b32_h131072_q2_csa_profile_sim_ascending_steady,ok,,full,csa_profile_sim,ascending,steady,32,131072,2,2048,10,30,20260803,2026-08-12T06:56:47.037972+00:00,0.08601599931716919,0.08457600325345993,0.09040000289678574,0.08634453291694323,0.001904380475531959,212.21181120843522,131072,18253611008,0.50390625,0.50390625,0.38176486347963834,0.4049351761252446,98048,1.3368146214099217,56475648,1.0771875,"[""64K+""]",True,0.6301440298557281,19.95747908949852,79.243004322052,2800030720,50.0,102.37,1755.0,1593.0,50.0,102.14,1755.0,1593.0
b32_h131072_q2_csa_profile_sim_descending_steady,ok,,full,csa_profile_sim,descending,steady,32,131072,2,2048,10,30,20260803,2026-08-12T09:44:55.282475+00:00,0.08694399893283844,0.08556800335645676,0.14022399485111237,0.09581119890014331,0.016782039656489896,209.94676150219811,131072,18253611008,0.50390625,0.50390625,0.38176486347963834,0.4049351761252446,98048,1.3368146214099217,56475648,1.0771875,"[""64K+""]",True,0.670209527015686,21.20409905910492,10.710157454013824,2800030720,54.0,136.62,1755.0,1593.0,54.0,137.3,1755.0,1593.0
b32_h131072_q32_csa_profile_sim_ascending_steady,ok,,full,csa_profile_sim,ascending,steady,32,131072,32,2048,10,30,20260803,2026-08-12T06:56:58.779028+00:00,0.6557120084762573,0.6490880250930786,0.6595519781112671,0.6554570655028026,0.003565049210056477,445.4055627358167,2097152,292057776128,0.50390625,0.50390625,0.38176486347963834,0.4080922822896282,844960,2.4819541753455785,486696960,9.2830078125,"[""64K+""]",True,0.765722244977951,20.04537358880043,1025.4564471542835,2899379200,45.0,89.58,1755.0,1593.0,46.0,99.08,1755.0,1593.0
b32_h131072_q32_csa_profile_sim_descending_steady,ok,,full,csa_profile_sim,descending,steady,32,131072,32,2048,10,30,20260803,2026-08-12T09:44:51.371631+00:00,0.6611840128898621,0.6592320203781128,0.6638399958610535,0.6615338643391927,0.0017245346687123175,441.71935563216664,2097152,292057776128,0.50390625,0.50390625,0.38176486347963834,0.4080922822896282,844960,2.4819541753455785,486696960,9.2830078125,"[""64K+""]",True,0.8075535297393799,21.533731371164322,85.72223410010338,2899379200,55.0,174.56,1740.0,1593.0,55.0,178.05,1740.0,1593.0
b32_h131072_q4096_csa_profile_sim_ascending_steady,ok,,full,csa_profile_sim,ascending,steady,32,131072,4096,2048,10,30,20260803,2026-08-12T07:19:10.124599+00:00,86.14361572265625,81.89481353759766,87.83305358886719,85.4886688232422,1.9593140180142696,433.9659420001796,268435456,37383395344384,0.50390625,0.50390625,0.3817648634796384,0.40782694060741803,4325208,62.06301662255318,2491319808,47.518154296875,"[""64K+""]",True,8.474372327327728,61.61713972687721,130238.21952939034,17054041088,45.0,112.26,1650.0,1593.0,66.0,340.19,1575.0,1593.0
b32_h131072_q4096_csa_profile_sim_descending_steady,ok,,full,csa_profile_sim,descending,steady,32,131072,4096,2048,10,30,20260803,2026-08-12T09:42:07.247362+00:00,86.97427368164062,82.66620635986328,87.93571472167969,85.9323137919108,1.8036696192910395,429.82129958591713,268435456,37383395344384,0.50390625,0.50390625,0.3817648634796384,0.40782694060741803,4325208,62.06301662255318,2491319808,47.518154296875,"[""64K+""]",True,1.5680231153964996,64.54281136393547,10946.769326925278,17054041088,52.0,115.59,1650.0,1593.0,72.0,342.16,1545.0,1593.0
b32_h131072_q512_csa_profile_sim_ascending_steady,ok,,full,csa_profile_sim,ascending,steady,32,131072,512,2048,30,100,20260803,2026-08-12T09:55:16.005946+00:00,11.079071998596191,10.114336013793945,11.443167686462402,10.81659393310547,0.4698473875654853,421.7794070333777,33554432,4672924418048,0.50390625,0.50390625,0.3817648634796384,0.40869630339560914,3709492,9.045559877201514,2136667392,40.7536962890625,"[""64K+""]",True,1.0445937514305115,24.680592119693756,1320.8855390548706,4490003456,61.0,107.0,1755.0,1593.0,72.0,338.23,1650.0,1593.0
b32_h131072_q512_csa_profile_sim_descending_steady,ok,,full,csa_profile_sim,descending,steady,32,131072,512,2048,30,100,20260803,2026-08-12T09:56:33.519000+00:00,11.321279525756836,10.46566390991211,11.598464012145996,11.042013425827026,0.46297927268435135,412.75585568015657,33554432,4672924418048,0.50390625,0.50390625,0.3817648634796384,0.40869630339560914,3709492,9.045559877201514,2136667392,40.7536962890625,"[""64K+""]",True,0.9790770709514618,26.21954306960106,1300.5465678870678,4490003456,71.0,120.26,1755.0,1593.0,82.0,332.48,1710.0,1593.0
b32_h131072_q8_csa_profile_sim_ascending_steady,ok,,full,csa_profile_sim,ascending,steady,32,131072,8,2048,10,30,20260803,2026-08-12T06:56:50.335751+00:00,0.23798400163650513,0.23561599850654602,0.24166400730609894,0.23830613394578298,0.0018811166338387182,306.80400165521075,524288,73014444032,0.50390625,0.50390625,0.38176486347963834,0.407052654109589,277876,1.8867696382559127,160056576,3.0528369140625,"[""64K+""]",True,0.7647387683391571,19.98475193977356,376.41994655132294,2819900416,47.0,103.91,1755.0,1593.0,47.0,103.47,1755.0,1593.0
b32_h131072_q8_csa_profile_sim_descending_steady,ok,,full,csa_profile_sim,descending,steady,32,131072,8,2048,10,30,20260803,2026-08-12T09:44:53.640896+00:00,0.24079999327659607,0.23801599442958832,0.24345600605010986,0.24117013365030288,0.0016009099611917284,303.21613816712863,524288,73014444032,0.50390625,0.50390625,0.38176486347963834,0.407052654109589,277876,1.8867696382559127,160056576,3.0528369140625,"[""64K+""]",True,0.7502324879169464,21.35695144534111,29.69146892428398,2819900416,54.0,140.36,1755.0,1593.0,54.0,139.87,1755.0,1593.0
b32_h16384_q1024_csa_profile_sim_ascending_steady,ok,,full,csa_profile_sim,ascending,steady,32,16384,1024,2048,10,30,20260803,2026-08-12T07:03:48.250961+00:00,18.112863540649414,18.100383758544922,18.140159606933594,18.11621227264404,0.011784086911484373,515.9785373042631,67108864,9345848836096,0.6015625,0.6015625,0.4795130637871586,0.5725702632896588,556916,120.50087266302279,320783616,6.1184619140625,"[""16K-32K""]",False,0.9022653102874756,13.464819639921188,33486.00168898702,4070573056,45.0,95.06,1755.0,1593.0,60.0,312.83,1470.0,1593.0
b32_h16384_q1024_csa_profile_sim_descending_steady,ok,,full,csa_profile_sim,descending,steady,32,16384,1024,2048,10,30,20260803,2026-08-12T09:44:07.579249+00:00,18.27743911743164,18.141376495361328,19.753568649291992,18.51136957804362,0.5763231090020496,511.33251086486376,67108864,9345848836096,0.6015625,0.6015625,0.4795130637871586,0.5725702632896588,556916,120.50087266302279,320783616,6.1184619140625,"[""16K-32K""]",False,1.0705366730690002,13.80147784948349,2642.553888261318,4070573056,54.0,99.89,1755.0,1593.0,63.0,315.3,1710.0,1593.0
b32_h16384_q128_csa_profile_sim_ascending_steady,ok,,full,csa_profile_sim,ascending,steady,32,16384,128,2048,30,100,20260803,2026-08-12T09:55:02.997952+00:00,2.560512065887451,2.4706239700317383,2.564703941345215,2.5456108808517457,0.031902555394499765,456.24901365465786,8388608,1168231104512,0.6015625,0.6015625,0.4795130637871586,0.5739368655210373,523540,16.02285976238683,301559040,5.7517822265625,"[""16K-32K""]",False,1.0489337146282196,4.400048404932022,368.60062181949615,1103365120,62.0,227.34,1755.0,1593.0,69.0,224.45,1635.0,1593.0
b32_h16384_q128_csa_profile_sim_descending_steady,ok,,full,csa_profile_sim,descending,steady,32,16384,128,2048,30,100,20260803,2026-08-12T09:56:48.702445+00:00,2.555039882659912,2.5451838970184326,2.5671041011810303,2.5557977533340455,0.00951801032064149,457.22617186539514,8388608,1168231104512,0.6015625,0.6015625,0.4795130637871586,0.5739368655210373,523540,16.02285976238683,301559040,5.7517822265625,"[""16K-32K""]",False,0.8005239069461823,4.284381866455078,350.52963718771935,1103365120,70.0,236.75,1755.0,1593.0,73.0,222.34,1725.0,1593.0
b32_h16384_q2_csa_profile_sim_ascending_steady,ok,,full,csa_profile_sim,ascending,steady,32,16384,2,2048,10,30,20260803,2026-08-12T06:56:46.424407+00:00,0.08508799970149994,0.08416000008583069,0.08671999722719193,0.08541119943062464,0.0014568114090198704,214.52626777026262,131072,18253611008,0.6015625,0.6015625,0.4795130637871587,0.5692881604696673,91648,1.4301675977653632,52789248,1.006875,"[""16K-32K""]",False,0.5335435271263123,2.7597136795520782,91.66481345891953,686101504,50.0,96.63,1755.0,1593.0,50.0,96.62,1755.0,1593.0
b32_h16384_q2_csa_profile_sim_descending_steady,ok,,full,csa_profile_sim,descending,steady,32,16384,2,2048,10,30,20260803,2026-08-12T09:44:55.653869+00:00,0.08502399921417236,0.08367999643087387,0.08966399729251862,0.08530666629473369,0.001582907457571198,214.68774906741118,131072,18253611008,0.6015625,0.6015625,0.4795130637871587,0.5692881604696673,91648,1.4301675977653632,52789248,1.006875,"[""16K-32K""]",False,0.6036944687366486,2.8799548745155334,11.729888617992401,686101504,53.0,139.87,1755.0,1593.0,53.0,140.78,1755.0,1593.0
b32_h16384_q32_csa_profile_sim_ascending_steady,ok,,full,csa_profile_sim,ascending,steady,32,16384,32,2048,10,30,20260803,2026-08-12T06:56:55.099402+00:00,0.6079679727554321,0.6047040224075317,0.6158720254898071,0.6081855992476145,0.002611694406694442,480.3834892886477,2097152,292057776128,0.6015625,0.6015625,0.4795130637871587,0.5731561888454012,410264,5.1117134333014835,236312064,4.507294921875,"[""16K-32K""]",False,0.7251016795635223,3.1185895204544067,1114.873245358467,785449984,46.0,89.94,1755.0,1593.0,46.0,97.64,1740.0,1593.0
b32_h16384_q32_csa_profile_sim_descending_steady,ok,,full,csa_profile_sim,descending,steady,32,16384,32,2048,10,30,20260803,2026-08-12T09:44:52.114127+00:00,0.6154879927635193,0.6135680079460144,0.6199359893798828,0.6160255968570709,0.0022582737757097975,474.51417340681326,2097152,292057776128,0.6015625,0.6015625,0.4795130637871587,0.5731561888454012,410264,5.1117134333014835,236312064,4.507294921875,"[""16K-32K""]",False,0.689331442117691,3.1660161912441254,103.79675775766373,785449984,54.0,140.53,1740.0,1593.0,55.0,141.28,1725.0,1593.0
b32_h16384_q4096_csa_profile_sim_ascending_steady,ok,,full,csa_profile_sim,ascending,steady,32,16384,4096,2048,10,30,20260803,2026-08-12T07:12:40.285500+00:00,78.00227355957031,73.36685180664062,80.75984191894531,77.41229095458985,2.3288816222634625,479.26032971121424,268435456,37383395344384,0.6015625,0.6015625,0.4795130637871586,0.5661125556363519,655228,409.6825166201689,377411328,7.1985498046875,"[""16K-32K""]",False,1.4350377023220062,46.230219304561615,132114.87886309624,14940111872,47.0,108.48,1740.0,1593.0,68.0,338.18,1650.0,1593.0
b32_h16384_q4096_csa_profile_sim_descending_steady,ok,,full,csa_profile_sim,descending,steady,32,16384,4096,2048,10,30,20260803,2026-08-12T09:42:49.825363+00:00,78.24179077148438,74.0225601196289,81.49571228027344,78.34318822224935,2.255657405370357,477.79319690633366,268435456,37383395344384,0.6015625,0.6015625,0.4795130637871586,0.5661125556363519,655228,409.6825166201689,377411328,7.1985498046875,"[""16K-32K""]",False,1.4308355748653412,46.44224792718887,10903.711549937725,14940111872,51.0,112.71,1530.0,1593.0,72.0,340.22,1545.0,1593.0
b32_h16384_q512_csa_profile_sim_ascending_steady,ok,,full,csa_profile_sim,ascending,steady,32,16384,512,2048,30,100,20260803,2026-08-12T09:55:13.252912+00:00,9.906880378723145,9.478591918945312,10.603520393371582,9.95795654296875,0.3204318689733162,471.6847523549359,33554432,4672924418048,0.6015625,0.6015625,0.4795130637871586,0.5734645895761985,540576,62.07162730124904,311371776,5.9389453125,"[""16K-32K""]",False,0.8011311292648315,7.885053753852844,1327.6847302913666,2376074240,60.0,105.72,1755.0,1593.0,73.0,341.49,1575.0,1593.0
b32_h16384_q512_csa_profile_sim_descending_steady,ok,,full,csa_profile_sim,descending,steady,32,16384,512,2048,30,100,20260803,2026-08-12T09:56:36.433075+00:00,10.107104301452637,9.881759643554688,10.75603199005127,10.203213443756104,0.2523648624334389,462.34057536898945,33554432,4672924418048,0.6015625,0.6015625,0.4795130637871586,0.5734645895761985,540576,62.07162730124904,311371776,5.9389453125,"[""16K-32K""]",False,1.0542310774326324,8.551448583602905,1348.037201911211,2376074240,71.0,120.46,1755.0,1593.0,82.0,331.27,1710.0,1593.0
b32_h16384_q8_csa_profile_sim_ascending_steady,ok,,full,csa_profile_sim,ascending,steady,32,16384,8,2048,10,30,20260803,2026-08-12T06:56:49.043706+00:00,0.22889600694179535,0.2261119931936264,0.23241600394248962,0.22922346790631612,0.0016570458954365183,318.98522393431887,524288,73014444032,0.6015625,0.6015625,0.4795130637871587,0.5716579011741683,206792,2.535339858408449,119112192,2.271884765625,"[""16K-32K""]",False,0.6583929061889648,2.959921956062317,304.3641187250614,705971200,48.0,97.69,1755.0,1593.0,48.0,99.94,1755.0,1593.0
b32_h16384_q8_csa_profile_sim_descending_steady,ok,,full,csa_profile_sim,descending,steady,32,16384,8,2048,10,30,20260803,2026-08-12T09:44:54.268779+00:00,0.2321919947862625,0.2300799936056137,0.23852799832820892,0.2323743984103203,0.0022527353582294475,314.45719779965407,524288,73014444032,0.6015625,0.6015625,0.4795130637871587,0.5716579011741683,206792,2.535339858408449,119112192,2.271884765625,"[""16K-32K""]",False,0.6798505783081055,3.0366145074367523,29.01340276002884,705971200,53.0,121.46,1755.0,1593.0,53.0,115.02,1755.0,1593.0
b32_h2048_q1024_csa_profile_sim_ascending_steady,ok,,full,csa_profile_sim,ascending,steady,32,2048,1024,2048,10,30,20260803,2026-08-12T07:01:14.099839+00:00,18.03913688659668,17.878847122192383,18.22550392150879,18.04961166381836,0.15999136191736982,518.0873616542093,67108864,9345848836096,0.8476906158357771,0.8476906158357771,0.722527752539372,0.969172348948141,98244,683.0835878017996,56588544,1.0793408203125,"[""2K-8K""]",False,0.9383894503116608,12.093603610992432,108775.23394674063,3806331904,45.0,92.93,1755.0,1593.0,60.0,312.98,1680.0,1593.0
b32_h2048_q1024_csa_profile_sim_descending_steady,ok,,full,csa_profile_sim,descending,steady,32,2048,1024,2048,10,30,20260803,2026-08-12T09:44:16.456067+00:00,18.05254364013672,18.028608322143555,18.062271118164062,18.048913065592448,0.01890318528981677,517.70260315655,67108864,9345848836096,0.8476906158357771,0.8476906158357771,0.722527752539372,0.969172348948141,98244,683.0835878017996,56588544,1.0793408203125,"[""2K-8K""]",False,0.9447745978832245,11.4189013838768,7231.803335249424,3806331904,50.0,97.54,1755.0,1593.0,61.0,315.14,1710.0,1593.0
b32_h2048_q128_csa_profile_sim_ascending_steady,ok,,full,csa_profile_sim,ascending,steady,32,2048,128,2048,10,30,20260803,2026-08-12T06:57:02.633105+00:00,2.3117759227752686,2.1432321071624756,2.3666560649871826,2.289062412579854,0.08940109643666266,505.3392472007183,8388608,1168231104512,0.968996062992126,0.968996062992126,0.722527752539372,0.9973082421110567,69632,120.47058823529412,40108032,0.765,"[""2K-8K""]",False,0.8084774017333984,1.9643455743789673,10285.074446350336,839123968,44.0,89.52,1755.0,1593.0,49.0,119.09,1725.0,1593.0
b32_h2048_q128_csa_profile_sim_descending_steady,ok,,full,csa_profile_sim,descending,steady,32,2048,128,2048,10,30,20260803,2026-08-12T09:44:49.748719+00:00,2.275712013244629,2.18723201751709,2.411616086959839,2.2963765303293866,0.09353758356117652,513.3475139705299,8388608,1168231104512,0.968996062992126,0.968996062992126,0.722527752539372,0.9973082421110567,69632,120.47058823529412,40108032,0.765,"[""2K-8K""]",False,0.7762275636196136,1.7308220267295837,703.925147652626,839123968,53.0,124.9,1755.0,1593.0,55.0,125.74,1680.0,1593.0
b32_h2048_q2_csa_profile_sim_ascending_steady,ok,,full,csa_profile_sim,ascending,steady,32,2048,2,2048,10,30,20260803,2026-08-12T06:56:45.458417+00:00,0.08105599880218506,0.0801599994301796,0.08297599852085114,0.08124266664187113,0.0014470720398123461,225.19753352922635,131072,18253611008,1.0,1.0,0.722527752539372,1.0,65536,2.0,37748736,0.72,"[""2K-8K""]",False,0.6328336894512177,0.8031055331230164,375.01052767038345,233300992,53.0,220.63,1755.0,1593.0,53.0,204.51,1755.0,1593.0
b32_h2048_q2_csa_profile_sim_descending_steady,ok,,full,csa_profile_sim,descending,steady,32,2048,2,2048,10,30,20260803,2026-08-12T09:44:56.028821+00:00,0.08076799660921097,0.07980799674987793,0.08374399691820145,0.08102506622672082,0.0015645895578949433,226.00054197603208,131072,18253611008,1.0,1.0,0.722527752539372,1.0,65536,2.0,37748736,0.72,"[""2K-8K""]",False,0.5865655839443207,0.6967410445213318,36.29501909017563,233300992,52.0,121.59,1755.0,1593.0,52.0,121.26,1755.0,1593.0
b32_h2048_q32_csa_profile_sim_ascending_steady,ok,,full,csa_profile_sim,ascending,steady,32,2048,32,2048,10,30,20260803,2026-08-12T06:56:51.911234+00:00,0.5838080048561096,0.5806400179862976,0.5907520055770874,0.5843520045280457,0.003507503558186403,500.263397724365,2097152,292057776128,0.9924395161290323,0.9924395161290323,0.722527752539372,0.9981940282534247,66560,31.50769230769231,38338560,0.73125,"[""2K-8K""]",False,0.6177090108394623,0.9918957948684692,1163.8874895870686,337249280,46.0,91.15,1755.0,1593.0,47.0,98.7,1755.0,1593.0
b32_h2048_q32_csa_profile_sim_descending_steady,ok,,full,csa_profile_sim,descending,steady,32,2048,32,2048,10,30,20260803,2026-08-12T09:44:52.733009+00:00,0.5908799767494202,0.5872319936752319,0.5962880253791809,0.5908149341742198,0.0024792701173232644,494.27597417445673,2097152,292057776128,0.9924395161290323,0.9924395161290323,0.722527752539372,0.9981940282534247,66560,31.50769230769231,38338560,0.73125,"[""2K-8K""]",False,0.6616301834583282,0.9781792759895325,122.81996756792068,337249280,54.0,130.89,1755.0,1593.0,54.0,129.69,1755.0,1593.0
b32_h2048_q4096_csa_profile_sim_ascending_steady,ok,,full,csa_profile_sim,ascending,steady,32,2048,4096,2048,10,30,20260803,2026-08-12T07:07:06.311191+00:00,77.93587493896484,73.68704223632812,78.91629028320312,77.13658854166667,1.647895362081021,479.6686426329422,268435456,37383395344384,0.8212912087912088,0.8212912087912088,0.722527752539372,0.8932640389220355,196444,1366.4731730162287,113151744,2.1581982421875,"[""2K-8K""]",False,1.3590604066848755,43.96139457821846,162901.65711939335,14675870720,48.0,110.66,1680.0,1593.0,67.0,328.06,1695.0,1593.0
b32_h2048_q4096_csa_profile_sim_descending_steady,ok,,full,csa_profile_sim,descending,steady,32,2048,4096,2048,10,30,20260803,2026-08-12T09:43:26.470413+00:00,78.08611297607422,74.69414520263672,81.27123260498047,77.9678591410319,1.8771813883974726,478.74575797925,268435456,37383395344384,0.8212912087912088,0.8212912087912088,0.722527752539372,0.8932640389220355,196444,1366.4731730162287,113151744,2.1581982421875,"[""2K-8K""]",False,1.4768093824386597,44.02758181095123,12870.837930589914,14675870720,52.0,113.76,1725.0,1593.0,73.0,333.16,1695.0,1593.0
b32_h2048_q512_csa_profile_sim_ascending_steady,ok,,full,csa_profile_sim,ascending,steady,32,2048,512,2048,100,300,20260803,2026-08-12T10:00:51.463655+00:00,9.832415580749512,9.507328033447266,10.16380786895752,9.87624652226766,0.23413501890158916,475.2570087860128,33554432,4672924418048,0.8829500978473581,0.8829500978473581,0.722527752539372,0.9927048057959271,81884,409.7800791363392,47165184,0.8996044921875,"[""2K-8K""]",False,1.0593011975288391,5.934230983257294,7371.156092733145,2111833088,54.0,98.54,1755.0,1593.0,75.0,331.48,1695.0,1593.0
b32_h2048_q512_csa_profile_sim_descending_steady,ok,,full,csa_profile_sim,descending,steady,32,2048,512,2048,100,300,20260803,2026-08-12T10:01:13.025816+00:00,10.12019157409668,9.699040412902832,10.30627155303955,10.031590509414674,0.2545600146921981,461.7426838053806,33554432,4672924418048,0.8829500978473581,0.8829500978473581,0.722527752539372,0.9927048057959271,81884,409.7800791363392,47165184,0.8996044921875,"[""2K-8K""]",False,0.965166836977005,5.883365869522095,5825.4694901406765,2111833088,62.0,108.13,1755.0,1593.0,83.0,342.21,1530.0,1593.0
b32_h2048_q8_csa_profile_sim_ascending_steady,ok,,full,csa_profile_sim,ascending,steady,32,2048,8,2048,10,30,20260803,2026-08-12T06:56:47.763059+00:00,0.2112320065498352,0.20979200303554535,0.21369600296020508,0.21146453271309534,0.0011823530249778077,345.65994625806843,524288,73014444032,0.9983258928571429,0.9983258928571429,0.722527752539372,0.9993272994129159,65792,7.968871595330739,37896192,0.7228125,"[""2K-8K""]",False,0.590987503528595,0.8674710988998413,395.68858966231346,253723648,49.0,122.72,1755.0,1593.0,49.0,123.74,1755.0,1593.0
b32_h2048_q8_csa_profile_sim_descending_steady,ok,,full,csa_profile_sim,descending,steady,32,2048,8,2048,10,30,20260803,2026-08-12T09:44:54.789205+00:00,0.21247999370098114,0.21107199788093567,0.21500800549983978,0.2128640001018842,0.001607726874870318,343.629735488188,524288,73014444032,0.9983258928571429,0.9983258928571429,0.722527752539372,0.9993272994129159,65792,7.968871595330739,37896192,0.7228125,"[""2K-8K""]",False,0.6999187171459198,0.8724071085453033,34.76431965827942,253723648,53.0,107.62,1755.0,1593.0,53.0,109.23,1755.0,1593.0
b32_h262144_q1024_csa_profile_sim_ascending_steady,ok,,full,csa_profile_sim,ascending,steady,32,262144,1024,2048,10,30,20260803,2026-08-12T07:05:59.658755+00:00,20.06268882751465,20.040063858032227,21.191455841064453,20.204468218485513,0.3326446095050213,465.83231771400386,67108864,9345848836096,0.50390625,0.50390625,0.3817648634796384,0.4072594689296416,6899072,9.727230560863838,3973865472,75.79546875,"[""64K+""]",True,1.0995306074619293,51.04099214076996,32312.59809061885,8600421376,47.0,94.67,1755.0,1593.0,58.0,338.6,1680.0,1593.0
b32_h262144_q1024_csa_profile_sim_descending_steady,ok,,full,csa_profile_sim,descending,steady,32,262144,1024,2048,10,30,20260803,2026-08-12T09:43:46.585838+00:00,20.19526481628418,20.069759368896484,21.543071746826172,20.31263993581136,0.37744705979576043,462.7742652109271,67108864,9345848836096,0.50390625,0.50390625,0.3817648634796384,0.4072594689296416,6899072,9.727230560863838,3973865472,75.79546875,"[""64K+""]",True,1.6640909016132355,52.6311881840229,9517.520058900118,8600421376,51.0,98.29,1755.0,1593.0,64.0,338.12,1695.0,1593.0
b32_h262144_q128_csa_profile_sim_ascending_steady,ok,,full,csa_profile_sim,ascending,steady,32,262144,128,2048,10,30,20260803,2026-08-12T06:57:36.753325+00:00,2.5506560802459717,2.476191997528076,2.6743040084838867,2.572323218981425,0.0854503261542762,458.0120046601273,8388608,1168231104512,0.50390625,0.50390625,0.3817648634796384,0.4070082214713796,2266404,3.701285384247469,1305448704,24.8994580078125,"[""64K+""]",True,1.2412220239639282,40.86816683411598,4083.2246989011765,5633213440,44.0,87.92,1755.0,1593.0,49.0,120.53,1440.0,1593.0
b32_h262144_q128_csa_profile_sim_descending_steady,ok,,full,csa_profile_sim,descending,steady,32,262144,128,2048,10,30,20260803,2026-08-12T09:44:45.732557+00:00,2.562527894973755,2.5247039794921875,2.6552960872650146,2.590891734759013,0.061136622342444547,455.8901024271444,8388608,1168231104512,0.50390625,0.50390625,0.3817648634796384,0.4070082214713796,2266404,3.701285384247469,1305448704,24.8994580078125,"[""64K+""]",True,0.978328287601471,42.927294969558716,333.0950140953064,5633213440,54.0,139.09,1755.0,1593.0,57.0,170.78,1590.0,1593.0
b32_h262144_q2_csa_profile_sim_ascending_steady,ok,,full,csa_profile_sim,ascending,steady,32,262144,2,2048,10,30,20260803,2026-08-12T06:56:47.271375+00:00,0.08563199639320374,0.08419200032949448,0.09344000369310379,0.08756480018297831,0.0032718923974451677,213.1634409664273,131072,18253611008,0.50390625,0.50390625,0.38176486347963834,0.4015716731898239,98048,1.3368146214099217,56475648,1.0771875,"[""64K+""]",True,0.7022805511951447,39.76425528526306,75.62080398201942,5215949824,50.0,110.61,1755.0,1593.0,50.0,110.12,1755.0,1593.0
b32_h262144_q2_csa_profile_sim_descending_steady,ok,,full,csa_profile_sim,descending,steady,32,262144,2,2048,10,30,20260803,2026-08-12T09:44:55.134494+00:00,0.08575999736785889,0.08441600203514099,0.0926399976015091,0.08618986681103706,0.0019764618022707213,212.8452841445758,131072,18253611008,0.50390625,0.50390625,0.38176486347963834,0.4015716731898239,98048,1.3368146214099217,56475648,1.0771875,"[""64K+""]",True,0.7851608097553253,42.068690061569214,11.143937706947327,5215949824,55.0,132.64,1755.0,1593.0,55.0,132.61,1755.0,1593.0
b32_h262144_q32_csa_profile_sim_ascending_steady,ok,,full,csa_profile_sim,ascending,steady,32,262144,32,2048,10,30,20260803,2026-08-12T06:57:00.013373+00:00,0.6550400257110596,0.6519680023193359,0.6738880276679993,0.674809604883194,0.10071954903457817,445.8624888012992,2097152,292057776128,0.50390625,0.50390625,0.38176486347963834,0.4063226210861057,858932,2.4415809400511335,494744832,9.4365087890625,"[""64K+""]",True,0.8343346416950226,39.799630641937256,1019.1436260938644,5315298304,46.0,90.43,1755.0,1593.0,46.0,100.67,1755.0,1593.0
b32_h262144_q32_csa_profile_sim_descending_steady,ok,,full,csa_profile_sim,descending,steady,32,262144,32,2048,10,30,20260803,2026-08-12T09:44:51.044055+00:00,0.6624000072479248,0.660319983959198,0.6659200191497803,0.6627541343371074,0.0018648766945279813,440.90847362972306,2097152,292057776128,0.50390625,0.50390625,0.38176486347963834,0.4063226210861057,858932,2.4415809400511335,494744832,9.4365087890625,"[""64K+""]",True,0.8835494518280029,42.58384183049202,104.77107763290405,5315298304,55.0,161.84,1740.0,1593.0,57.0,170.11,1695.0,1593.0
b32_h262144_q4096_csa_profile_sim_ascending_steady,ok,,full,csa_profile_sim,ascending,steady,32,262144,4096,2048,10,30,20260803,2026-08-12T07:21:24.003636+00:00,86.74227142333984,82.82710266113281,87.70614624023438,85.97881164550782,1.8756783412039646,430.9709064676995,268435456,37383395344384,0.50390625,0.50390625,0.3817648634796384,0.40703639498895394,8505068,31.56182360917044,4898919168,93.4394677734375,"[""64K+""]",True,2.153635025024414,82.73215219378471,130061.8546642363,19469960192,45.0,110.92,1710.0,1593.0,66.0,340.08,1590.0,1593.0
b32_h262144_q4096_csa_profile_sim_descending_steady,ok,,full,csa_profile_sim,descending,steady,32,262144,4096,2048,10,30,20260803,2026-08-12T09:41:52.463136+00:00,87.59494018554688,83.38902282714844,88.5215072631836,86.7960220336914,1.668264514343783,426.7757391602425,268435456,37383395344384,0.50390625,0.50390625,0.3817648634796384,0.40703639498895394,8505068,31.56182360917044,4898919168,93.4394677734375,"[""64K+""]",True,1.7065666615962982,85.08697897195816,11011.491972953081,19469960192,51.0,117.37,1725.0,1593.0,68.0,335.16,1680.0,1593.0
b32_h262144_q512_csa_profile_sim_ascending_steady,ok,,full,csa_profile_sim,ascending,steady,32,262144,512,2048,30,100,20260803,2026-08-12T09:55:18.886676+00:00,11.098176002502441,10.270943641662598,11.598048210144043,10.994117126464843,0.3447343303622079,421.0533710218993,33554432,4672924418048,0.50390625,0.50390625,0.3817648634796384,0.4070002188187989,5058404,6.633402946858337,2913640704,55.5732861328125,"[""64K+""]",True,1.1742748320102692,44.50710490345955,1414.9819314479828,6905922560,61.0,106.34,1755.0,1593.0,74.0,335.73,1665.0,1593.0
b32_h262144_q512_csa_profile_sim_descending_steady,ok,,full,csa_profile_sim,descending,steady,32,262144,512,2048,30,100,20260803,2026-08-12T09:56:30.555387+00:00,11.143296241760254,10.510432243347168,11.795552253723145,11.169956550598144,0.3695369275044471,419.3484868988676,33554432,4672924418048,0.50390625,0.50390625,0.3817648634796384,0.4070002188187989,5058404,6.633402946858337,2913640704,55.5732861328125,"[""64K+""]",True,1.3846643269062042,47.11044207215309,1347.3629131913185,6905922560,71.0,121.58,1755.0,1593.0,82.0,341.63,1545.0,1593.0
b32_h262144_q8_csa_profile_sim_ascending_steady,ok,,full,csa_profile_sim,ascending,steady,32,262144,8,2048,10,30,20260803,2026-08-12T06:56:50.900411+00:00,0.23731200397014618,0.23472000658512115,0.24006399512290955,0.23763413379589718,0.0017623634041928355,307.67278018176114,524288,73014444032,0.50390625,0.50390625,0.38176486347963834,0.40960585861056753,278852,1.8801658227303373,160618752,3.0635595703125,"[""64K+""]",True,0.819280743598938,39.67563435435295,262.9506029188633,5235819520,47.0,107.53,1755.0,1593.0,47.0,107.61,1755.0,1593.0
b32_h262144_q8_csa_profile_sim_descending_steady,ok,,full,csa_profile_sim,descending,steady,32,262144,8,2048,10,30,20260803,2026-08-12T09:44:53.402034+00:00,0.23996800184249878,0.2378239929676056,0.24355199933052063,0.2405482664704323,0.002133047985876086,304.26741678635346,524288,73014444032,0.50390625,0.50390625,0.38176486347963834,0.40960585861056753,278852,1.8801658227303373,160618752,3.0635595703125,"[""64K+""]",True,0.8512549102306366,42.543940246105194,29.84004095196724,5235819520,54.0,148.37,1755.0,1593.0,54.0,142.42,1755.0,1593.0
b32_h32768_q1024_csa_profile_sim_ascending_steady,ok,,full,csa_profile_sim,ascending,steady,32,32768,1024,2048,30,100,20260803,2026-08-12T09:55:24.907757+00:00,20.151103973388672,19.91551971435547,21.24928092956543,20.30916872024536,0.460504131417166,463.78842808999576,67108864,9345848836096,0.5703125,0.5703125,0.432384490611313,0.5018783539475294,1081136,62.072545914667536,622734336,11.87771484375,"[""32K-64K""]",False,0.9177699685096741,17.015241086483,2504.510276019573,4372562944,60.0,108.96,1740.0,1593.0,78.0,343.36,1470.0,1593.0
b32_h32768_q1024_csa_profile_sim_descending_steady,ok,,full,csa_profile_sim,descending,steady,32,32768,1024,2048,30,100,20260803,2026-08-12T09:56:22.077333+00:00,20.834688186645508,19.740991592407227,21.19388771057129,20.61241533279419,0.5605018629621893,448.57157219595183,67108864,9345848836096,0.5703125,0.5703125,0.432384490611313,0.5018783539475294,1081136,62.072545914667536,622734336,11.87771484375,"[""32K-64K""]",False,1.0444410145282745,16.152355819940567,2477.2874005138874,4372562944,69.0,117.75,1755.0,1593.0,81.0,330.66,1710.0,1593.0
b32_h32768_q128_csa_profile_sim_ascending_steady,ok,,full,csa_profile_sim,ascending,steady,32,32768,128,2048,10,30,20260803,2026-08-12T06:57:23.797566+00:00,2.464031934738159,2.266752004623413,2.5245120525360107,2.4349066416422525,0.10424122348723518,474.11362167923454,8388608,1168231104512,0.5703125,0.5703125,0.432384490611313,0.49630158008194714,994160,8.437885249859178,572636160,10.92216796875,"[""32K-64K""]",False,0.8386895060539246,6.306808441877365,3889.9277560412884,1405355008,44.0,88.87,1755.0,1593.0,49.0,119.44,1725.0,1593.0
b32_h32768_q128_csa_profile_sim_descending_steady,ok,,full,csa_profile_sim,descending,steady,32,32768,128,2048,10,30,20260803,2026-08-12T09:44:47.443900+00:00,2.4556479454040527,2.3106560707092285,2.507456064224243,2.425972278912862,0.07154186174945551,475.7323242113922,8388608,1168231104512,0.5703125,0.5703125,0.432384490611313,0.49630158008194714,994160,8.437885249859178,572636160,10.92216796875,"[""32K-64K""]",False,0.8711777627468109,6.695907562971115,388.2708549499512,1405355008,54.0,134.81,1755.0,1593.0,55.0,160.77,1740.0,1593.0
b32_h32768_q2_csa_profile_sim_ascending_steady,ok,,full,csa_profile_sim,ascending,steady,32,32768,2,2048,10,30,20260803,2026-08-12T06:56:46.671514+00:00,0.08569599688053131,0.08479999750852585,0.08876799792051315,0.08610879977544149,0.0013860921903170822,213.00424375070094,131072,18253611008,0.5703125,0.5703125,0.43238449061131295,0.4877996575342466,93696,1.3989071038251366,53968896,1.029375,"[""32K-64K""]",False,0.5930177867412567,5.192998796701431,79.5973427593708,988091392,50.0,96.84,1755.0,1593.0,50.0,96.97,1755.0,1593.0
b32_h32768_q2_csa_profile_sim_descending_steady,ok,,full,csa_profile_sim,descending,steady,32,32768,2,2048,10,30,20260803,2026-08-12T09:44:55.518154+00:00,0.08528000116348267,0.08396799862384796,0.08691199868917465,0.08552533263961475,0.0013798480644551308,214.0432781304451,131072,18253611008,0.5703125,0.5703125,0.43238449061131295,0.4877996575342466,93696,1.3989071038251366,53968896,1.029375,"[""32K-64K""]",False,0.6243586540222168,5.476534366607666,14.415036886930466,988091392,53.0,140.0,1755.0,1593.0,53.0,139.33,1755.0,1593.0
b32_h32768_q32_csa_profile_sim_ascending_steady,ok,,full,csa_profile_sim,ascending,steady,32,32768,32,2048,10,30,20260803,2026-08-12T06:56:56.374931+00:00,0.6226239800453186,0.6207039952278137,0.6262080073356628,0.6233333309491476,0.001958745541436867,469.0756949431053,2097152,292057776128,0.5703125,0.5703125,0.43238449061131295,0.49096823018590996,590112,3.553820291741229,339904512,6.4831640625,"[""32K-64K""]",False,0.7430389523506165,5.512077361345291,995.755136013031,1087439872,45.0,90.08,1755.0,1593.0,48.0,98.15,1740.0,1593.0
b32_h32768_q32_csa_profile_sim_descending_steady,ok,,full,csa_profile_sim,descending,steady,32,32768,32,2048,10,30,20260803,2026-08-12T09:44:51.848895+00:00,0.6250879764556885,0.6231679916381836,0.6340479850769043,0.6261642654736836,0.0032824866143694423,467.2266738899648,2097152,292057776128,0.5703125,0.5703125,0.43238449061131295,0.49096823018590996,590112,3.553820291741229,339904512,6.4831640625,"[""32K-64K""]",False,0.7057562470436096,5.755983293056488,99.91953521966934,1087439872,54.0,143.53,1740.0,1593.0,55.0,145.09,1740.0,1593.0
b32_h32768_q4096_csa_profile_sim_ascending_steady,ok,,full,csa_profile_sim,ascending,steady,32,32768,4096,2048,10,30,20260803,2026-08-12T07:14:55.736593+00:00,79.510498046875,75.47731018066406,82.1568603515625,78.87773768107097,1.8829497407079339,470.16930169830925,268435456,37383395344384,0.5703125,0.5703125,0.432384490611313,0.49045561251108427,1179492,227.58565212820434,679387392,12.9582861328125,"[""32K-64K""]",False,1.4712661504745483,48.71766269207001,117199.97164607048,15242101760,48.0,109.07,1695.0,1593.0,68.0,337.61,1650.0,1593.0
b32_h32768_q4096_csa_profile_sim_descending_steady,ok,,full,csa_profile_sim,descending,steady,32,32768,4096,2048,10,30,20260803,2026-08-12T09:42:36.171720+00:00,79.8326416015625,75.75965118408203,82.58723449707031,79.7576301574707,2.2123509408538244,468.2720575746591,268435456,37383395344384,0.5703125,0.5703125,0.432384490611313,0.49045561251108427,1179492,227.58565212820434,679387392,12.9582861328125,"[""32K-64K""]",False,1.5247128903865814,48.744168132543564,10238.481413573027,15242101760,52.0,113.91,1725.0,1593.0,69.0,336.95,1650.0,1593.0
b32_h32768_q512_csa_profile_sim_ascending_steady,ok,,full,csa_profile_sim,ascending,steady,32,32768,512,2048,10,30,20260803,2026-08-12T06:59:51.781560+00:00,9.824576377868652,9.493568420410156,9.869695663452148,9.76774730682373,0.1295476695382936,475.6362247408927,33554432,4672924418048,0.5703125,0.5703125,0.432384490611313,0.5036641398987891,1064772,31.513255419939668,613308672,11.6979345703125,"[""32K-64K""]",False,0.9283609688282013,10.176591575145721,15103.029232472181,2678064128,44.0,89.9,1755.0,1593.0,52.0,199.95,1740.0,1593.0
b32_h32768_q512_csa_profile_sim_descending_steady,ok,,full,csa_profile_sim,descending,steady,32,32768,512,2048,10,30,20260803,2026-08-12T09:44:32.318431+00:00,10.015583992004395,9.99500846862793,10.053471565246582,10.012532265981038,0.02162412244754187,466.5653467414853,33554432,4672924418048,0.5703125,0.5703125,0.432384490611313,0.5036641398987891,1064772,31.513255419939668,613308672,11.6979345703125,"[""32K-64K""]",False,0.948633998632431,10.797128081321716,1231.8020164966583,2678064128,55.0,97.97,1755.0,1593.0,63.0,203.76,1695.0,1593.0
b32_h32768_q8_csa_profile_sim_ascending_steady,ok,,full,csa_profile_sim,ascending,steady,32,32768,8,2048,10,30,20260803,2026-08-12T06:56:49.469731+00:00,0.23180800676345825,0.22934399545192719,0.23481599986553192,0.23216319978237152,0.0014935774892751677,314.97809351557675,524288,73014444032,0.5703125,0.5703125,0.43238449061131295,0.4892367906066536,235488,2.2263894550890067,135641088,2.5871484375,"[""32K-64K""]",False,0.6567053496837616,5.362767726182938,278.7022702395916,1007961088,47.0,98.37,1755.0,1593.0,47.0,100.51,1755.0,1593.0
b32_h32768_q8_csa_profile_sim_descending_steady,ok,,full,csa_profile_sim,descending,steady,32,32768,8,2048,10,30,20260803,2026-08-12T09:44:54.075159+00:00,0.2353920042514801,0.23343999683856964,0.23868800699710846,0.23579199959834415,0.0018778258160392775,310.1823456755792,524288,73014444032,0.5703125,0.5703125,0.43238449061131295,0.4892367906066536,235488,2.2263894550890067,135641088,2.5871484375,"[""32K-64K""]",False,0.7105879485607147,5.626518279314041,23.73240888118744,1007961088,53.0,134.68,1755.0,1593.0,53.0,123.8,1755.0,1593.0
b32_h4096_q1024_csa_profile_sim_ascending_steady,ok,,full,csa_profile_sim,ascending,steady,32,4096,1024,2048,10,30,20260803,2026-08-12T07:03:03.746797+00:00,18.018112182617188,17.99488067626953,18.179712295532227,18.067409133911134,0.07748449154668832,518.6918996493054,67108864,9345848836096,0.8125,0.8125,0.722527752539372,0.8634219533543297,163716,409.9102347968433,94300416,1.7986376953125,"[""2K-8K""]",False,0.9028688073158264,11.472512036561966,16571.788538247347,3844080640,45.0,95.0,1755.0,1593.0,60.0,313.86,1650.0,1593.0
b32_h4096_q1024_csa_profile_sim_descending_steady,ok,,full,csa_profile_sim,descending,steady,32,4096,1024,2048,10,30,20260803,2026-08-12T09:44:14.127775+00:00,18.13667106628418,17.993919372558594,18.218496322631836,18.11447245279948,0.09941272437176096,515.301226004468,67108864,9345848836096,0.8125,0.8125,0.722527752539372,0.8634219533543297,163716,409.9102347968433,94300416,1.7986376953125,"[""2K-8K""]",False,0.9115301072597504,11.690512299537659,1465.9537114202976,3844080640,55.0,103.56,1755.0,1593.0,69.0,317.18,1680.0,1593.0
b32_h4096_q128_csa_profile_sim_ascending_steady,ok,,full,csa_profile_sim,ascending,steady,32,4096,128,2048,10,30,20260803,2026-08-12T06:57:13.155447+00:00,2.247328042984009,2.1815359592437744,2.381056070327759,2.27271998723348,0.07686831930856096,519.8311426581138,8388608,1168231104512,0.8125,0.8125,0.722527752539372,0.8768609153314579,135052,62.11391167846459,77789952,1.4837255859375,"[""2K-8K""]",False,0.8444488048553467,2.096090465784073,2291.710566729307,876872704,44.0,89.08,1755.0,1593.0,47.0,116.79,1695.0,1593.0
b32_h4096_q128_csa_profile_sim_descending_steady,ok,,full,csa_profile_sim,descending,steady,32,4096,128,2048,10,30,20260803,2026-08-12T09:44:49.329920+00:00,2.3089919090270996,2.1918399333953857,2.3604159355163574,2.303222393989563,0.06560622336083706,505.94854834473523,8388608,1168231104512,0.8125,0.8125,0.722527752539372,0.8768609153314579,135052,62.11391167846459,77789952,1.4837255859375,"[""2K-8K""]",False,0.8088499307632446,2.058517187833786,190.0710016489029,876872704,54.0,154.96,1740.0,1593.0,57.0,164.19,1725.0,1593.0
b32_h4096_q2_csa_profile_sim_ascending_steady,ok,,full,csa_profile_sim,ascending,steady,32,4096,2,2048,10,30,20260803,2026-08-12T06:56:45.976887+00:00,0.08207999914884567,0.08134400099515915,0.0857279971241951,0.08253973374764124,0.001485307720848831,222.38805064920263,131072,18253611008,0.8125,0.8125,0.722527752539372,0.8555528375733856,77824,1.6842105263157894,44826624,0.855,"[""2K-8K""]",False,0.526033341884613,0.9250938892364502,65.2058757841587,459609088,52.0,175.7,1755.0,1593.0,51.0,143.98,1755.0,1593.0
b32_h4096_q2_csa_profile_sim_descending_steady,ok,,full,csa_profile_sim,descending,steady,32,4096,2,2048,10,30,20260803,2026-08-12T09:44:55.950899+00:00,0.08195199817419052,0.08131200075149536,0.0857279971241951,0.08258453359206518,0.0018886452396534852,222.73539894904826,131072,18253611008,0.8125,0.8125,0.722527752539372,0.8555528375733856,77824,1.6842105263157894,44826624,0.855,"[""2K-8K""]",False,0.6268061697483063,1.0207369923591614,10.29602438211441,459609088,52.0,132.05,1755.0,1593.0,52.0,127.94,1755.0,1593.0
b32_h4096_q32_csa_profile_sim_ascending_steady,ok,,full,csa_profile_sim,ascending,steady,32,4096,32,2048,10,30,20260803,2026-08-12T06:56:53.307160+00:00,0.5698559880256653,0.5687680244445801,0.5744320154190063,0.5703018625577291,0.001726655381088314,512.5115507513913,2097152,292057776128,0.8125,0.8125,0.722527752539372,0.8762135365704501,130668,16.049468882970583,75264768,1.4355615234375,"[""2K-8K""]",False,0.6751455366611481,1.2696199119091034,599.7447893023491,558957568,46.0,99.11,1755.0,1593.0,46.0,107.58,1755.0,1593.0
b32_h4096_q32_csa_profile_sim_descending_steady,ok,,full,csa_profile_sim,descending,steady,32,4096,32,2048,10,30,20260803,2026-08-12T09:44:52.567063+00:00,0.5692480206489563,0.5684159994125366,0.5728960037231445,0.5697376072406769,0.0017915081095168956,513.0589225326548,2097152,292057776128,0.8125,0.8125,0.722527752539372,0.8762135365704501,130668,16.049468882970583,75264768,1.4355615234375,"[""2K-8K""]",False,0.6952323019504547,1.3183876872062683,57.933300733566284,558957568,54.0,132.46,1755.0,1593.0,56.0,139.65,1755.0,1593.0
b32_h4096_q4096_csa_profile_sim_ascending_steady,ok,,full,csa_profile_sim,ascending,steady,32,4096,4096,2048,10,30,20260803,2026-08-12T07:09:52.530765+00:00,77.43660736083984,73.01145935058594,80.18617248535156,77.14654820760092,1.9748070828211137,482.7612755577539,268435456,37383395344384,0.8124670902014652,0.8124670902014652,0.7224876865505949,0.8333927012702957,261964,1024.7036081293613,150891264,2.8780224609375,"[""2K-8K"", ""8K-16K""]",False,1.3786852359771729,44.31439936161041,57068.83806735277,14713619456,47.0,109.81,1725.0,1593.0,69.0,330.56,1725.0,1593.0
b32_h4096_q4096_csa_profile_sim_descending_steady,ok,,full,csa_profile_sim,descending,steady,32,4096,4096,2048,10,30,20260803,2026-08-12T09:43:16.399830+00:00,78.68524932861328,74.5239028930664,80.73836517333984,78.46100285847982,2.0249215751580936,475.100424328068,268435456,37383395344384,0.8124670902014652,0.8124670902014652,0.7224876865505949,0.8333927012702957,261964,1024.7036081293613,150891264,2.8780224609375,"[""2K-8K"", ""8K-16K""]",False,1.5049539506435394,44.065628200769424,6712.4439142644405,14713619456,55.0,115.22,1620.0,1593.0,72.0,332.12,1650.0,1593.0
b32_h4096_q512_csa_profile_sim_ascending_steady,ok,,full,csa_profile_sim,ascending,steady,32,4096,512,2048,100,300,20260803,2026-08-12T10:01:02.970366+00:00,10.119232177734375,9.686976432800293,10.155808448791504,10.039700698852538,0.17115296141703346,461.786461262344,33554432,4672924418048,0.8125,0.8125,0.722527752539372,0.8707602663282779,147320,227.76562584849307,84856320,1.618505859375,"[""2K-8K""]",False,0.9831786155700684,6.177656352519989,854.4195517897606,2149581824,66.0,118.14,1755.0,1593.0,82.0,330.86,1710.0,1593.0
b32_h4096_q512_csa_profile_sim_descending_steady,ok,,full,csa_profile_sim,descending,steady,32,4096,512,2048,100,300,20260803,2026-08-12T10:01:08.004747+00:00,10.2456636428833,9.802495956420898,10.5796480178833,10.244202451705933,0.24533937165252528,456.08801742128645,33554432,4672924418048,0.8125,0.8125,0.722527752539372,0.8707602663282779,147320,227.76562584849307,84856320,1.618505859375,"[""2K-8K""]",False,0.9875446557998657,6.128646433353424,777.8694182634354,2149581824,73.0,143.36,1755.0,1593.0,81.0,314.83,1680.0,1593.0
b32_h4096_q8_csa_profile_sim_ascending_steady,ok,,full,csa_profile_sim,ascending,steady,32,4096,8,2048,10,30,20260803,2026-08-12T06:56:48.300945+00:00,0.22044800221920013,0.21568000316619873,0.26393601298332214,0.22892053425312042,0.01605210283180289,331.209370450084,524288,73014444032,0.8125,0.8125,0.722527752539372,0.8700846991193738,109976,4.767294682476177,63346176,1.208232421875,"[""2K-8K""]",False,0.9200796484947205,1.4093071222305298,176.84060335159302,479478784,48.0,111.55,1755.0,1593.0,49.0,100.07,1755.0,1593.0
b32_h4096_q8_csa_profile_sim_descending_steady,ok,,full,csa_profile_sim,descending,steady,32,4096,8,2048,10,30,20260803,2026-08-12T09:44:54.629762+00:00,0.21836799383163452,0.21593600511550903,0.22035199403762817,0.2182549332578977,0.0014483126978544311,334.36422046490657,524288,73014444032,0.8125,0.8125,0.722527752539372,0.8700846991193738,109976,4.767294682476177,63346176,1.208232421875,"[""2K-8K""]",False,0.6764717400074005,1.1823922395706177,20.005475729703903,479478784,53.0,109.75,1755.0,1593.0,53.0,109.52,1755.0,1593.0
b32_h524288_q1024_csa_profile_sim_ascending_steady,ok,,full,csa_profile_sim,ascending,steady,32,524288,1024,2048,10,30,20260803,2026-08-12T07:06:33.010438+00:00,20.390111923217773,20.097536087036133,21.196096420288086,20.39868590037028,0.2900690122566051,458.35201254849846,67108864,9345848836096,0.50390625,0.50390625,0.3817648634796384,0.4067620503225905,9256628,7.249817536148153,5331817728,101.6963525390625,"[""64K+""]",True,1.5191137790679932,89.99641612172127,32255.73229044676,13432259584,45.0,95.56,1755.0,1593.0,60.0,338.99,1605.0,1593.0
b32_h524288_q1024_csa_profile_sim_descending_steady,ok,,full,csa_profile_sim,descending,steady,32,524288,1024,2048,10,30,20260803,2026-08-12T09:43:42.693845+00:00,20.503456115722656,20.238496780395508,22.398271560668945,20.76779842376709,0.678513499685019,455.81821832121886,67108864,9345848836096,0.50390625,0.50390625,0.3817648634796384,0.4067620503225905,9256628,7.249817536148153,5331817728,101.6963525390625,"[""64K+""]",True,1.5552639961242676,91.11316129565239,2732.440911233425,13432259584,56.0,104.19,1755.0,1593.0,66.0,334.5,1725.0,1593.0
b32_h524288_q128_csa_profile_sim_ascending_steady,ok,,full,csa_profile_sim,ascending,steady,32,524288,128,2048,10,30,20260803,2026-08-12T06:57:41.058182+00:00,2.5647358894348145,2.4202239513397217,2.685920000076294,2.589349325497945,0.08473371349605234,455.4976242678309,8388608,1168231104512,0.50390625,0.50390625,0.3817648634796384,0.4062041340508806,2336724,3.5899010751804665,1345953024,25.6720166015625,"[""64K+""]",True,1.1585019528865814,80.17400652170181,4011.2169310450554,10465051648,44.0,89.38,1755.0,1593.0,49.0,122.22,1680.0,1593.0
b32_h524288_q128_csa_profile_sim_descending_steady,ok,,full,csa_profile_sim,descending,steady,32,524288,128,2048,10,30,20260803,2026-08-12T09:44:45.014823+00:00,2.665600061416626,2.5364480018615723,2.74454402923584,2.6607274691263836,0.08934004941524,438.26195888183867,8388608,1168231104512,0.50390625,0.50390625,0.3817648634796384,0.4062041340508806,2336724,3.5899010751804665,1345953024,25.6720166015625,"[""64K+""]",True,1.2560300529003143,79.30300757288933,414.530448615551,10465051648,54.0,222.16,1755.0,1593.0,57.0,210.87,1620.0,1593.0
b32_h524288_q2_csa_profile_sim_ascending_steady,ok,,full,csa_profile_sim,ascending,steady,32,524288,2,2048,10,30,20260803,2026-08-12T06:56:47.482297+00:00,0.08521600067615509,0.0841279998421669,0.0875839963555336,0.0856053334971269,0.0015481759582314525,214.20403284787898,131072,18253611008,0.50390625,0.50390625,0.38176486347963834,0.4070450097847358,98048,1.3368146214099217,56475648,1.0771875,"[""64K+""]",True,0.8706711232662201,79.00888100266457,75.01014694571495,10047788032,50.0,128.75,1755.0,1593.0,50.0,128.0,1755.0,1593.0
b32_h524288_q2_csa_profile_sim_descending_steady,ok,,full,csa_profile_sim,descending,steady,32,524288,2,2048,10,30,20260803,2026-08-12T09:44:54.948141+00:00,0.08566399663686752,0.08406399935483932,0.08828800171613693,0.08608213340242704,0.0017798821635475624,213.08381262407883,131072,18253611008,0.50390625,0.50390625,0.38176486347963834,0.4070450097847358,98048,1.3368146214099217,56475648,1.0771875,"[""64K+""]",True,0.9881369769573212,77.33732089400291,11.082570999860764,10047788032,54.0,125.55,1755.0,1593.0,54.0,124.94,1755.0,1593.0
b32_h524288_q32_csa_profile_sim_ascending_steady,ok,,full,csa_profile_sim,ascending,steady,32,524288,32,2048,10,30,20260803,2026-08-12T06:57:01.322405+00:00,0.6600639820098877,0.656544029712677,0.6652479767799377,0.6603615959485372,0.0027872110464897217,442.46888799883794,2097152,292057776128,0.50390625,0.50390625,0.38176486347963834,0.40613533512720157,861124,2.4353658706527748,496007424,9.4605908203125,"[""64K+""]",True,1.0882951319217682,79.10473644733429,1027.2018052637577,10147136512,45.0,89.78,1755.0,1593.0,46.0,99.86,1755.0,1593.0
b32_h524288_q32_csa_profile_sim_descending_steady,ok,,full,csa_profile_sim,descending,steady,32,524288,32,2048,10,30,20260803,2026-08-12T09:44:50.707306+00:00,0.6640959978103638,0.6602879762649536,0.6667839884757996,0.6641792019208272,0.002147331278871982,439.78246682853626,2097152,292057776128,0.50390625,0.50390625,0.38176486347963834,0.40613533512720157,861124,2.4353658706527748,496007424,9.4605908203125,"[""64K+""]",True,1.0814405977725983,78.4749761223793,87.71247044205666,10147136512,55.0,142.88,1740.0,1593.0,57.0,150.91,1695.0,1593.0
b32_h524288_q4096_csa_profile_sim_ascending_steady,ok,,full,csa_profile_sim,ascending,steady,32,524288,4096,2048,10,30,20260803,2026-08-12T07:23:37.766291+00:00,87.6785888671875,82.88317108154297,88.55494689941406,86.58790003458658,2.0758895999667106,426.3685790040608,268435456,37383395344384,0.50390625,0.50390625,0.3817648634796384,0.40670404602170224,16064820,16.70952155081725,9253336320,176.4933837890625,"[""64K+""]",True,1.9081123173236847,122.52876535058022,130399.58899840713,24301798400,46.0,111.44,1710.0,1593.0,62.0,330.17,1710.0,1593.0
b32_h524288_q4096_csa_profile_sim_descending_steady,ok,,full,csa_profile_sim,descending,steady,32,524288,4096,2048,10,30,20260803,2026-08-12T09:41:37.290161+00:00,87.79785919189453,82.9879379272461,88.87049865722656,87.09412434895833,1.935960759283363,425.78937218363546,268435456,37383395344384,0.50390625,0.50390625,0.3817648634796384,0.40670404602170224,16064820,16.70952155081725,9253336320,176.4933837890625,"[""64K+""]",True,1.7883479595184326,116.71243235468864,11400.906298309565,24301798400,52.0,115.46,1680.0,1593.0,69.0,338.37,1695.0,1593.0
b32_h524288_q512_csa_profile_sim_ascending_steady,ok,,full,csa_profile_sim,ascending,steady,32,524288,512,2048,30,100,20260803,2026-08-12T09:55:21.910611+00:00,11.270015716552734,10.289376258850098,11.362848281860352,10.938599061965942,0.4520646335674055,414.63335416513075,33554432,4672924418048,0.50390625,0.50390625,0.3817648634796384,0.40661011936613256,5894688,5.692316879196999,3395340288,64.7609765625,"[""64K+""]",True,1.229405403137207,84.15646851062775,1352.455746382475,11737760768,62.0,107.81,1755.0,1593.0,74.0,344.42,1575.0,1593.0
b32_h524288_q512_csa_profile_sim_descending_steady,ok,,full,csa_profile_sim,descending,steady,32,524288,512,2048,30,100,20260803,2026-08-12T09:56:27.449470+00:00,11.380864143371582,10.556447982788086,11.604576110839844,11.188270406723023,0.4399302250160719,410.59486864796594,33554432,4672924418048,0.50390625,0.50390625,0.3817648634796384,0.40661011936613256,5894688,5.692316879196999,3395340288,64.7609765625,"[""64K+""]",True,1.4812648296356201,83.43775570392609,1348.8923236727715,11737760768,72.0,124.79,1755.0,1593.0,79.0,330.43,1695.0,1593.0
b32_h524288_q8_csa_profile_sim_ascending_steady,ok,,full,csa_profile_sim,ascending,steady,32,524288,8,2048,10,30,20260803,2026-08-12T06:56:51.376401+00:00,0.23865599930286407,0.23632000386714935,0.24115200340747833,0.23904853264490764,0.003501401809164301,305.9401156697583,524288,73014444032,0.50390625,0.50390625,0.38176486347963834,0.4064028864970646,278636,1.8816233365394277,160494336,3.0611865234375,"[""64K+""]",True,1.0050572454929352,79.02012020349503,265.3147652745247,10067657728,47.0,124.16,1755.0,1593.0,48.0,124.01,1755.0,1593.0
b32_h524288_q8_csa_profile_sim_descending_steady,ok,,full,csa_profile_sim,descending,steady,32,524288,8,2048,10,30,20260803,2026-08-12T09:44:53.142942+00:00,0.24195200204849243,0.23839999735355377,0.24531200528144836,0.24183360089858372,0.0019525457634863,301.77243177911924,524288,73014444032,0.50390625,0.50390625,0.38176486347963834,0.4064028864970646,278636,1.8816233365394277,160494336,3.0611865234375,"[""64K+""]",True,1.0686106979846954,77.90344953536987,30.081454664468765,10067657728,54.0,145.55,1755.0,1593.0,54.0,140.41,1755.0,1593.0
b32_h65536_q1024_csa_profile_sim_ascending_steady,ok,,full,csa_profile_sim,ascending,steady,32,65536,1024,2048,30,100,20260803,2026-08-12T09:55:30.197075+00:00,21.58380889892578,20.590911865234375,22.005535125732422,21.372660160064697,0.5495571323791101,433.00276053505735,67108864,9345848836096,0.50390625,0.50390625,0.3817648634796384,0.4114476631298924,2129748,31.51023689187641,1226734848,23.3981103515625,"[""64K+""]",False,1.0202713310718536,20.572572946548462,2649.7746147215366,4976542720,63.0,111.79,1740.0,1593.0,79.0,338.68,1590.0,1593.0
b32_h65536_q1024_csa_profile_sim_descending_steady,ok,,full,csa_profile_sim,descending,steady,32,65536,1024,2048,30,100,20260803,2026-08-12T09:56:16.448715+00:00,21.650432586669922,21.31167984008789,22.36720085144043,21.710568656921385,0.38212289645321407,431.6703049088358,67108864,9345848836096,0.50390625,0.50390625,0.3817648634796384,0.4114476631298924,2129748,31.51023689187641,1226734848,23.3981103515625,"[""64K+""]",False,1.0531134903430939,19.92032676935196,2587.7876952290535,4976542720,68.0,117.83,1755.0,1593.0,80.0,331.11,1695.0,1593.0
b32_h65536_q128_csa_profile_sim_ascending_steady,ok,,full,csa_profile_sim,ascending,steady,32,65536,128,2048,10,30,20260803,2026-08-12T06:57:27.981909+00:00,2.5013439655303955,2.3815040588378906,2.639039993286133,2.5116960128148396,0.09185656232423338,467.04136680549783,8388608,1168231104512,0.50390625,0.50390625,0.3817648634796384,0.41246674718688847,1743140,4.812354716201797,1004048640,19.1507080078125,"[""64K+""]",False,0.8377060294151306,11.338558048009872,4158.006303012371,2009334784,44.0,87.71,1755.0,1593.0,49.0,120.18,1680.0,1593.0
b32_h65536_q128_csa_profile_sim_descending_steady,ok,,full,csa_profile_sim,descending,steady,32,65536,128,2048,10,30,20260803,2026-08-12T09:44:46.910743+00:00,2.5978240966796875,2.4054720401763916,2.6377921104431152,2.55960533618927,0.09505821729666733,449.6959998196688,8388608,1168231104512,0.50390625,0.50390625,0.3817648634796384,0.41246674718688847,1743140,4.812354716201797,1004048640,19.1507080078125,"[""64K+""]",False,0.8737854659557343,11.865656822919846,330.2953839302063,2009334784,54.0,140.01,1755.0,1593.0,59.0,163.46,1605.0,1593.0
b32_h65536_q2_csa_profile_sim_ascending_steady,ok,,full,csa_profile_sim,ascending,steady,32,65536,2,2048,10,30,20260803,2026-08-12T06:56:46.875465+00:00,0.08620800077915192,0.08524800091981888,0.0920960009098053,0.08662293404340744,0.0019332787459879549,211.73917551762034,131072,18253611008,0.50390625,0.50390625,0.38176486347963834,0.40750366927592957,98048,1.3368146214099217,56475648,1.0771875,"[""64K+""]",False,0.5857832729816437,10.116256773471832,80.65105974674225,1592071168,50.0,98.18,1755.0,1593.0,50.0,98.48,1755.0,1593.0
b32_h65536_q2_csa_profile_sim_descending_steady,ok,,full,csa_profile_sim,descending,steady,32,65536,2,2048,10,30,20260803,2026-08-12T09:44:55.389360+00:00,0.08595199882984161,0.08479999750852585,0.08748800307512283,0.08622720018029213,0.0017900675115170574,212.36982567603238,131072,18253611008,0.50390625,0.50390625,0.38176486347963834,0.40750366927592957,98048,1.3368146214099217,56475648,1.0771875,"[""64K+""]",False,0.6186440587043762,10.651197284460068,11.499498039484024,1592071168,53.0,138.76,1755.0,1593.0,53.0,139.38,1755.0,1593.0
b32_h65536_q32_csa_profile_sim_ascending_steady,ok,,full,csa_profile_sim,ascending,steady,32,65536,32,2048,10,30,20260803,2026-08-12T06:56:57.536711+00:00,0.6466240286827087,0.6448320150375366,0.6507840156555176,0.6470496018727621,0.0019234486283491944,451.66551685834355,2097152,292057776128,0.50390625,0.50390625,0.38176486347963834,0.40940328400195697,813436,2.5781401364090106,468539136,8.9366748046875,"[""64K+""]",False,0.715453177690506,10.30721515417099,1018.6793394386768,1691419648,45.0,90.54,1755.0,1593.0,48.0,100.85,1755.0,1593.0
b32_h65536_q32_csa_profile_sim_descending_steady,ok,,full,csa_profile_sim,descending,steady,32,65536,32,2048,10,30,20260803,2026-08-12T09:44:51.597171+00:00,0.6521599888801575,0.6500800251960754,0.6643199920654297,0.6533162633577982,0.003611449151071219,447.8314847703257,2097152,292057776128,0.50390625,0.50390625,0.38176486347963834,0.40940328400195697,813436,2.5781401364090106,468539136,8.9366748046875,"[""64K+""]",False,0.700194388628006,10.992076247930527,86.05270087718964,1691419648,55.0,150.14,1755.0,1593.0,57.0,148.08,1710.0,1593.0
b32_h65536_q4096_csa_profile_sim_ascending_steady,ok,,full,csa_profile_sim,ascending,steady,32,65536,4096,2048,10,30,20260803,2026-08-12T07:16:56.327304+00:00,83.83808135986328,79.97913360595703,86.61500549316406,83.69011967976888,2.020684165669925,445.89993876316163,268435456,37383395344384,0.50390625,0.50390625,0.3817648634796384,0.4111827394966977,2228036,120.48075345281674,1283348736,24.4779345703125,"[""64K+""]",False,1.531790941953659,53.35962399840355,130134.02524217963,15846081536,45.0,112.28,1740.0,1593.0,64.0,339.48,1665.0,1593.0
b32_h65536_q4096_csa_profile_sim_descending_steady,ok,,full,csa_profile_sim,descending,steady,32,65536,4096,2048,10,30,20260803,2026-08-12T09:42:21.856290+00:00,85.26691436767578,80.15766143798828,86.22937774658203,84.3958958943685,1.8776557691479994,438.4279133543484,268435456,37383395344384,0.50390625,0.50390625,0.3817648634796384,0.4111827394966977,2228036,120.48075345281674,1283348736,24.4779345703125,"[""64K+""]",False,1.516491174697876,54.224565625190735,10697.703208774328,15846081536,54.0,116.36,1695.0,1593.0,70.0,331.7,1695.0,1593.0
b32_h65536_q512_csa_profile_sim_ascending_steady,ok,,full,csa_profile_sim,ascending,steady,32,65536,512,2048,10,30,20260803,2026-08-12T07:00:07.472932+00:00,10.327775955200195,10.250975608825684,10.35097599029541,10.324151388804118,0.03682797379599837,452.46183092257246,33554432,4672924418048,0.50390625,0.50390625,0.3817648634796384,0.4113392092710372,2109060,15.90966212435872,1214818560,23.1708251953125,"[""64K+""]",False,1.0048113763332367,15.252847224473953,15950.116988271475,3282043904,45.0,92.07,1755.0,1593.0,54.0,204.55,1635.0,1593.0
b32_h65536_q512_csa_profile_sim_descending_steady,ok,,full,csa_profile_sim,descending,steady,32,65536,512,2048,10,30,20260803,2026-08-12T09:44:30.530539+00:00,10.363871574401855,10.111455917358398,10.535872459411621,10.364506657918295,0.14128940681904548,450.8859825694718,33554432,4672924418048,0.50390625,0.50390625,0.3817648634796384,0.4113392092710372,2109060,15.90966212435872,1214818560,23.1708251953125,"[""64K+""]",False,0.97699835896492,16.07886701822281,1263.2458470761776,3282043904,54.0,100.09,1755.0,1593.0,62.0,213.6,1605.0,1593.0
b32_h65536_q8_csa_profile_sim_ascending_steady,ok,,full,csa_profile_sim,ascending,steady,32,65536,8,2048,10,30,20260803,2026-08-12T06:56:49.878632+00:00,0.23788799345493317,0.2348479926586151,0.24140800535678864,0.2380458667874336,0.0022056482055069805,306.92782334906815,524288,73014444032,0.50390625,0.50390625,0.38176486347963834,0.41471226761252444,276696,1.8948159713187036,159376896,3.039873046875,"[""64K+""]",False,0.6957836449146271,10.199125856161118,263.52014020085335,1611940864,47.0,99.93,1755.0,1593.0,47.0,102.61,1755.0,1593.0
b32_h65536_q8_csa_profile_sim_descending_steady,ok,,full,csa_profile_sim,descending,steady,32,65536,8,2048,10,30,20260803,2026-08-12T09:44:53.826886+00:00,0.24009600281715393,0.23721599578857422,0.24278399348258972,0.24020266731580098,0.0019082727432715228,304.1052044819107,524288,73014444032,0.50390625,0.50390625,0.38176486347963834,0.41471226761252444,276696,1.8948159713187036,159376896,3.039873046875,"[""64K+""]",False,0.7044710218906403,10.84611564874649,28.273046016693115,1611940864,54.0,137.67,1755.0,1593.0,54.0,136.21,1755.0,1593.0
b32_h8192_q1024_csa_profile_sim_ascending_steady,ok,,full,csa_profile_sim,ascending,steady,32,8192,1024,2048,10,30,20260803,2026-08-12T07:03:21.204065+00:00,18.12553596496582,17.948959350585938,19.301952362060547,18.366848055521647,0.5169520244540242,515.6177921668218,67108864,9345848836096,0.677734375,0.677734375,0.5584174625084868,0.68331837514142,294800,227.64200814111263,169804800,3.23876953125,"[""8K-16K""]",False,0.8861459791660309,12.172788381576538,26147.261545062065,3919578112,45.0,93.9,1755.0,1593.0,60.0,312.26,1680.0,1593.0
b32_h8192_q1024_csa_profile_sim_descending_steady,ok,,full,csa_profile_sim,descending,steady,32,8192,1024,2048,10,30,20260803,2026-08-12T09:44:11.149927+00:00,18.238880157470703,18.051008224487305,19.107423782348633,18.475814437866212,0.46224138920539604,512.413522946907,67108864,9345848836096,0.677734375,0.677734375,0.5584174625084868,0.68331837514142,294800,227.64200814111263,169804800,3.23876953125,"[""8K-16K""]",False,0.9727030992507935,12.312401086091995,2095.668103545904,3919578112,55.0,100.82,1755.0,1593.0,65.0,308.08,1605.0,1593.0
b32_h8192_q128_csa_profile_sim_ascending_steady,ok,,full,csa_profile_sim,ascending,steady,32,8192,128,2048,10,30,20260803,2026-08-12T06:57:15.697111+00:00,2.2977919578552246,2.185408115386963,2.3671679496765137,2.3009109417597453,0.07163009663645428,508.41465456360777,8388608,1168231104512,0.677734375,0.677734375,0.5584174625084868,0.6843596157962328,266112,31.522847522847524,153280512,2.92359375,"[""8K-16K""]",False,0.8165575563907623,2.6057586073875427,3284.6326380968094,952370176,44.0,89.67,1755.0,1593.0,48.0,119.09,1725.0,1593.0
b32_h8192_q128_csa_profile_sim_descending_steady,ok,,full,csa_profile_sim,descending,steady,32,8192,128,2048,10,30,20260803,2026-08-12T09:44:48.821981+00:00,2.405247926712036,2.2033278942108154,2.454655885696411,2.3633567889531455,0.08001516093927998,485.7009090572077,8388608,1168231104512,0.677734375,0.677734375,0.5584174625084868,0.6843596157962328,266112,31.522847522847524,153280512,2.92359375,"[""8K-16K""]",False,0.7889345288276672,2.7611255645751953,262.33746111392975,952370176,54.0,126.53,1755.0,1593.0,56.0,153.66,1695.0,1593.0
b32_h8192_q2_csa_profile_sim_ascending_steady,ok,,full,csa_profile_sim,ascending,steady,32,8192,2,2048,10,30,20260803,2026-08-12T06:56:46.207424+00:00,0.08409599959850311,0.08320000022649765,0.08566399663686752,0.0844383992254734,0.0014785967396039673,217.05682904237585,131072,18253611008,0.677734375,0.677734375,0.5584174625084867,0.6652091487279843,86656,1.5125553914327918,49913856,0.95203125,"[""8K-16K""]",False,0.5455948412418365,1.5635453164577484,77.09245756268501,535106560,51.0,98.93,1755.0,1593.0,51.0,97.47,1755.0,1593.0
b32_h8192_q2_csa_profile_sim_descending_steady,ok,,full,csa_profile_sim,descending,steady,32,8192,2,2048,10,30,20260803,2026-08-12T09:44:55.798793+00:00,0.08361600339412689,0.08278399705886841,0.08579199761152267,0.08396160006523132,0.001461583886785194,218.3028399714464,131072,18253611008,0.677734375,0.677734375,0.5584174625084867,0.6652091487279843,86656,1.5125553914327918,49913856,0.95203125,"[""8K-16K""]",False,0.6292872130870819,1.5797317028045654,10.912071913480759,535106560,53.0,139.88,1755.0,1593.0,52.0,138.59,1755.0,1593.0
b32_h8192_q32_csa_profile_sim_ascending_steady,ok,,full,csa_profile_sim,ascending,steady,32,8192,32,2048,10,30,20260803,2026-08-12T06:56:54.067906+00:00,0.5914880037307739,0.5900800228118896,0.5954880118370056,0.5920544028282165,0.0017598679510218626,493.7678774309262,2097152,292057776128,0.677734375,0.677734375,0.5584174625084867,0.685428387964775,252892,8.29267829745504,145665792,2.7783544921875,"[""8K-16K""]",False,0.6603598594665527,1.8737167119979858,849.1454981267452,634455040,46.0,100.23,1755.0,1593.0,46.0,99.68,1755.0,1593.0
b32_h8192_q32_csa_profile_sim_descending_steady,ok,,full,csa_profile_sim,descending,steady,32,8192,32,2048,10,30,20260803,2026-08-12T09:44:52.363385+00:00,0.6026560068130493,0.6008639931678772,0.607200026512146,0.6029738664627076,0.0022049686709533266,484.61771363145084,2097152,292057776128,0.677734375,0.677734375,0.5584174625084867,0.685428387964775,252892,8.29267829745504,145665792,2.7783544921875,"[""8K-16K""]",False,0.6728731095790863,1.9538253545761108,90.2835987508297,634455040,54.0,136.12,1740.0,1593.0,54.0,139.57,1740.0,1593.0
b32_h8192_q4096_csa_profile_sim_ascending_steady,ok,,full,csa_profile_sim,ascending,steady,32,8192,4096,2048,10,30,20260803,2026-08-12T07:10:52.957247+00:00,77.62777709960938,73.93740844726562,79.59273529052734,77.36913579305013,1.7389991893710215,481.57240540863194,268435456,37383395344384,0.677734375,0.677734375,0.5584174625084868,0.6759524261414889,393084,682.895910288895,226416384,4.3185498046875,"[""8K-16K""]",False,1.438479870557785,45.224860310554504,104002.82801315188,14789116928,46.0,110.86,1740.0,1593.0,67.0,342.23,1530.0,1593.0
b32_h8192_q4096_csa_profile_sim_descending_steady,ok,,full,csa_profile_sim,descending,steady,32,8192,4096,2048,10,30,20260803,2026-08-12T09:43:04.047961+00:00,78.4175033569336,74.54857635498047,80.82406616210938,78.25772323608399,2.062606567017014,476.7225905449411,268435456,37383395344384,0.677734375,0.677734375,0.5584174625084868,0.6759524261414889,393084,682.895910288895,226416384,4.3185498046875,"[""8K-16K""]",False,1.4599151909351349,45.02374678850174,8980.579759925604,14789116928,52.0,114.39,1695.0,1593.0,73.0,333.58,1725.0,1593.0
b32_h8192_q512_csa_profile_sim_ascending_steady,ok,,full,csa_profile_sim,ascending,steady,32,8192,512,2048,10,30,20260803,2026-08-12T06:59:20.739712+00:00,9.058431625366211,8.893983840942383,9.174464225769043,9.066014957427978,0.08346252511712154,515.864623293338,33554432,4672924418048,0.677734375,0.677734375,0.5584174625084868,0.6843577047150196,278400,120.52597701149425,160358400,3.05859375,"[""8K-16K""]",False,0.8339211344718933,6.676029413938522,13111.656304448843,2225079296,45.0,90.83,1755.0,1593.0,55.0,199.9,1485.0,1593.0
b32_h8192_q512_csa_profile_sim_descending_steady,ok,,full,csa_profile_sim,descending,steady,32,8192,512,2048,10,30,20260803,2026-08-12T09:44:35.877992+00:00,9.143808364868164,9.051936149597168,9.790719985961914,9.36520757675171,0.32441790989528707,511.0479388437374,33554432,4672924418048,0.677734375,0.677734375,0.5584174625084868,0.6843577047150196,278400,120.52597701149425,160358400,3.05859375,"[""8K-16K""]",False,0.8711405098438263,6.8551115691661835,1054.9602024257183,2225079296,55.0,98.75,1755.0,1593.0,63.0,204.51,1680.0,1593.0
b32_h8192_q8_csa_profile_sim_ascending_steady,ok,,full,csa_profile_sim,ascending,steady,32,8192,8,2048,10,30,20260803,2026-08-12T06:56:48.604230+00:00,0.22569599747657776,0.2231999933719635,0.2298240065574646,0.22604906757672627,0.002216448573610614,323.5079259195869,524288,73014444032,0.677734375,0.677734375,0.5584174625084867,0.6796569227005871,167832,3.1238857905524573,96671232,1.843857421875,"[""8K-16K""]",False,0.619746744632721,1.727566123008728,247.2441829741001,554976256,48.0,96.35,1755.0,1593.0,48.0,98.59,1755.0,1593.0
b32_h8192_q8_csa_profile_sim_descending_steady,ok,,full,csa_profile_sim,descending,steady,32,8192,8,2048,10,30,20260803,2026-08-12T09:44:54.484860+00:00,0.2272000014781952,0.22499200701713562,0.23132799565792084,0.22775360097487768,0.00206438748303833,321.3663888950605,524288,73014444032,0.677734375,0.677734375,0.5584174625084867,0.6796569227005871,167832,3.1238857905524573,96671232,1.843857421875,"[""8K-16K""]",False,0.6702393293380737,1.8080100417137146,24.69959482550621,554976256,53.0,113.41,1755.0,1593.0,53.0,114.43,1755.0,1593.0
b4_h131072_q1024_csa_profile_sim_ascending_steady,ok,,full,csa_profile_sim,ascending,steady,4,131072,1024,2048,10,30,20260803,2026-08-12T06:32:12.407411+00:00,2.545248031616211,2.335871934890747,2.589087963104248,2.5089770714441935,0.09779787538593818,458.98517158274086,8388608,1168231104512,0.50390625,0.50390625,0.3817648634796384,0.407442992447407,518720,16.171745835903764,298782720,5.698828125,"[""64K+""]",True,0.8294358849525452,3.852095454931259,3997.8497065603733,1103365120,43.0,89.16,1755.0,1593.0,46.0,121.68,1725.0,1593.0
b4_h131072_q1024_csa_profile_sim_descending_steady,ok,,full,csa_profile_sim,descending,steady,4,131072,1024,2048,10,30,20260803,2026-08-12T09:49:06.903215+00:00,2.471712112426758,2.357408046722412,2.5905280113220215,2.479587197303772,0.08594192866645176,472.64044167547337,8388608,1168231104512,0.50390625,0.50390625,0.3817648634796384,0.407442992447407,518720,16.171745835903764,298782720,5.698828125,"[""64K+""]",True,0.810578465461731,4.054568707942963,1135.348491370678,1103365120,47.0,91.6,1755.0,1593.0,52.0,123.18,1665.0,1593.0
b4_h131072_q128_csa_profile_sim_ascending_steady,ok,,full,csa_profile_sim,ascending,steady,4,131072,128,2048,10,30,20260803,2026-08-12T06:31:10.819461+00:00,0.3558399975299835,0.35257598757743835,0.36105599999427795,0.3564298669497172,0.0028075118950473973,410.37794817232543,1048576,146028888064,0.50390625,0.50390625,0.3817648634796384,0.4076221563111546,263740,3.9757943429134754,151914240,2.8975341796875,"[""64K+""]",True,0.6742551922798157,3.0832551419734955,500.6934218108654,732464128,44.0,95.51,1755.0,1593.0,45.0,100.08,1755.0,1593.0
b4_h131072_q128_csa_profile_sim_descending_steady,ok,,full,csa_profile_sim,descending,steady,4,131072,128,2048,10,30,20260803,2026-08-12T09:49:27.277183+00:00,0.35519999265670776,0.35260799527168274,0.3609600067138672,0.35550293425718943,0.0021448724615756014,411.11737354435536,1048576,146028888064,0.50390625,0.50390625,0.3817648634796384,0.4076221563111546,263740,3.9757943429134754,151914240,2.8975341796875,"[""64K+""]",True,1.5364065766334534,4.437558352947235,141.23960211873055,732464128,46.0,118.85,1755.0,1593.0,48.0,123.89,1755.0,1593.0
b4_h131072_q2_csa_profile_sim_ascending_steady,ok,,full,csa_profile_sim,ascending,steady,4,131072,2,2048,10,30,20260803,2026-08-12T06:31:02.483843+00:00,0.07152000069618225,0.07097599655389786,0.07369600236415863,0.07174293324351311,0.0009599461435569779,31.902983134643588,16384,2281701376,0.50390625,0.50390625,0.38176486347963834,0.4104696673189824,12256,1.3368146214099217,7059456,0.1346484375,"[""64K+""]",True,0.4343762993812561,2.893872559070587,10.102529078722,680306176,45.0,132.76,1755.0,1593.0,45.0,121.43,1755.0,1593.0
b4_h131072_q2_csa_profile_sim_descending_steady,ok,,full,csa_profile_sim,descending,steady,4,131072,2,2048,10,30,20260803,2026-08-12T09:49:31.877768+00:00,0.07132799923419952,0.07075200229883194,0.07199999690055847,0.0714229332904021,0.0006898697086036281,31.988859921728974,16384,2281701376,0.50390625,0.50390625,0.38176486347963834,0.4104696673189824,12256,1.3368146214099217,7059456,0.1346484375,"[""64K+""]",True,0.5070529878139496,2.9731355607509613,4.092179238796234,680306176,46.0,98.39,1755.0,1593.0,46.0,97.94,1755.0,1593.0
b4_h131072_q32_csa_profile_sim_ascending_steady,ok,,full,csa_profile_sim,ascending,steady,4,131072,32,2048,10,30,20260803,2026-08-12T06:31:05.632193+00:00,0.1568319946527481,0.1539520025253296,0.15932799875736237,0.15676906754573186,0.0016539671636561734,232.77917300505555,262144,36507222016,0.50390625,0.50390625,0.38176486347963834,0.4091089774951076,105400,2.487134724857685,60710400,1.157958984375,"[""64K+""]",True,0.5598515272140503,2.894885838031769,127.25681066513062,692724736,44.0,93.38,1755.0,1593.0,44.0,94.44,1755.0,1593.0
b4_h131072_q32_csa_profile_sim_descending_steady,ok,,full,csa_profile_sim,descending,steady,4,131072,32,2048,10,30,20260803,2026-08-12T09:49:29.655861+00:00,0.1573439985513687,0.15433600544929504,0.1592320054769516,0.15725226799647013,0.001629462530135614,232.02169991937345,262144,36507222016,0.50390625,0.50390625,0.38176486347963834,0.4091089774951076,105400,2.487134724857685,60710400,1.157958984375,"[""64K+""]",True,0.7018670439720154,2.945832908153534,38.09158876538277,692724736,46.0,103.67,1755.0,1593.0,46.0,104.2,1755.0,1593.0
b4_h131072_q4096_csa_profile_sim_ascending_steady,ok,,full,csa_profile_sim,ascending,steady,4,131072,4096,2048,100,300,20260803,2026-08-12T10:00:42.059541+00:00,10.942208290100098,10.413984298706055,11.081503868103027,10.84402008374532,0.24823179851056487,427.0549686278411,33554432,4672924418048,0.50390625,0.50390625,0.3817648634796384,0.40786378864206213,540660,62.06198350164614,311420160,5.9398681640625,"[""64K+""]",True,1.1929869651794434,8.003763854503632,4938.7032724916935,2376074240,53.0,97.08,1755.0,1593.0,74.0,340.4,1590.0,1593.0
b4_h131072_q4096_csa_profile_sim_descending_steady,ok,,full,csa_profile_sim,descending,steady,4,131072,4096,2048,100,300,20260803,2026-08-12T10:01:22.977100+00:00,11.04800033569336,10.728511810302734,11.365632057189941,11.041469580332437,0.20000832219084796,422.96562962176387,33554432,4672924418048,0.50390625,0.50390625,0.3817648634796384,0.40786378864206213,540660,62.06198350164614,311420160,5.9398681640625,"[""64K+""]",True,0.9433776140213013,8.020125329494476,4749.396670609713,2376074240,62.0,108.0,1755.0,1593.0,83.0,342.37,1500.0,1593.0
b4_h131072_q512_csa_profile_sim_ascending_steady,ok,,full,csa_profile_sim,ascending,steady,4,131072,512,2048,10,30,20260803,2026-08-12T06:31:33.266939+00:00,1.1979199647903442,1.192352056503296,1.2661759853363037,1.2159146666526794,0.02864204429393871,487.60816200123173,4194304,584115552256,0.50390625,0.50390625,0.3817648634796384,0.4092819303449119,463468,9.04982436759388,266957568,5.0918115234375,"[""64K+""]",True,0.7803291082382202,3.290649503469467,2028.0541367828846,892339200,43.0,88.57,1755.0,1593.0,46.0,106.16,1710.0,1593.0
b4_h131072_q512_csa_profile_sim_descending_steady,ok,,full,csa_profile_sim,descending,steady,4,131072,512,2048,10,30,20260803,2026-08-12T09:49:19.600362+00:00,1.1929600238800049,1.1897599697113037,1.2872960567474365,1.2074623982111612,0.033478211261952405,489.6354786107685,4194304,584115552256,0.50390625,0.50390625,0.3817648634796384,0.4092819303449119,463468,9.04982436759388,266957568,5.0918115234375,"[""64K+""]",True,0.7165707647800446,3.3290013670921326,554.7277107834816,892339200,47.0,109.64,1755.0,1593.0,49.0,125.4,1665.0,1593.0
b4_h131072_q8_csa_profile_sim_ascending_steady,ok,,full,csa_profile_sim,ascending,steady,4,131072,8,2048,10,30,20260803,2026-08-12T06:31:03.669735+00:00,0.07097599655389786,0.07017599791288376,0.07676800340414047,0.07139519974589348,0.0015684213348107945,128.59002968798436,65536,9126805504,0.50390625,0.50390625,0.38176486347963834,0.4005014677103718,34876,1.879114577359789,20088576,0.3831591796875,"[""64K+""]",True,0.5463548004627228,2.777654677629471,33.55146944522858,682789888,44.0,91.08,1755.0,1593.0,44.0,91.23,1755.0,1593.0
b4_h131072_q8_csa_profile_sim_descending_steady,ok,,full,csa_profile_sim,descending,steady,4,131072,8,2048,10,30,20260803,2026-08-12T09:49:30.895557+00:00,0.07075200229883194,0.07023999840021133,0.07280000299215317,0.07093546663721402,0.0008308070609817864,128.99713375533227,65536,9126805504,0.50390625,0.50390625,0.38176486347963834,0.4005014677103718,34876,1.879114577359789,20088576,0.3831591796875,"[""64K+""]",True,0.6015598773956299,2.886403352022171,13.107549399137497,682789888,46.0,99.66,1755.0,1593.0,46.0,98.74,1755.0,1593.0
b4_h16384_q1024_csa_profile_sim_ascending_steady,ok,,full,csa_profile_sim,ascending,steady,4,16384,1024,2048,10,30,20260803,2026-08-12T06:31:59.752448+00:00,2.301919937133789,2.1335361003875732,2.391040086746216,2.304903483390808,0.09804585314666402,507.50292643392737,8388608,1168231104512,0.6015625,0.6015625,0.4795130637871586,0.5716622011068981,69608,120.5121250430985,40094208,0.764736328125,"[""16K-32K""]",False,0.8299797773361206,1.7585493624210358,4248.896826058626,839123968,43.0,88.58,1755.0,1593.0,49.0,117.35,1650.0,1593.0
b4_h16384_q1024_csa_profile_sim_descending_steady,ok,,full,csa_profile_sim,descending,steady,4,16384,1024,2048,10,30,20260803,2026-08-12T09:49:10.956809+00:00,2.349695920944214,2.130784034729004,2.3728320598602295,2.2881813208262125,0.10387020915721745,497.1839522292536,8388608,1168231104512,0.6015625,0.6015625,0.4795130637871586,0.5716622011068981,69608,120.5121250430985,40094208,0.764736328125,"[""16K-32K""]",False,0.7643923163414001,1.7107389867305756,1179.5829460024834,839123968,47.0,90.66,1755.0,1593.0,51.0,118.24,1545.0,1593.0
b4_h16384_q128_csa_profile_sim_ascending_steady,ok,,full,csa_profile_sim,ascending,steady,4,16384,128,2048,10,30,20260803,2026-08-12T06:31:08.876455+00:00,0.33270400762557983,0.3307200074195862,0.33795198798179626,0.3332031975189845,0.0019927808570500737,438.9153262870784,1048576,146028888064,0.6015625,0.6015625,0.4795130637871586,0.5737256910469668,65404,16.032291602960065,37672704,0.7185498046875,"[""16K-32K""]",False,0.6279945373535156,0.9248852729797363,529.0360935032368,280953856,44.0,93.37,1755.0,1593.0,44.0,96.14,1755.0,1593.0
b4_h16384_q128_csa_profile_sim_descending_steady,ok,,full,csa_profile_sim,descending,steady,4,16384,128,2048,10,30,20260803,2026-08-12T09:49:28.134038+00:00,0.33136001229286194,0.3294079899787903,0.33740800619125366,0.3320992022752762,0.002150285355194562,440.69556568864755,1048576,146028888064,0.6015625,0.6015625,0.4795130637871586,0.5737256910469668,65404,16.032291602960065,37672704,0.7185498046875,"[""16K-32K""]",False,0.7120184600353241,0.9558051824569702,147.90011197328568,280953856,46.0,105.92,1755.0,1593.0,46.0,110.92,1755.0,1593.0
b4_h16384_q2_csa_profile_sim_ascending_steady,ok,,full,csa_profile_sim,ascending,steady,4,16384,2,2048,10,30,20260803,2026-08-12T06:31:02.195098+00:00,0.07142399996519089,0.07078400254249573,0.07283200323581696,0.07161279991269112,0.0008193646603579686,31.94586381485225,16384,2281701376,0.6015625,0.6015625,0.4795130637871587,0.5709393346379648,11456,1.4301675977653632,6598656,0.125859375,"[""16K-32K""]",False,0.4385747015476227,0.7322877645492554,11.731620877981186,227344384,45.0,152.44,1755.0,1593.0,45.0,152.63,1755.0,1593.0
b4_h16384_q2_csa_profile_sim_descending_steady,ok,,full,csa_profile_sim,descending,steady,4,16384,2,2048,10,30,20260803,2026-08-12T09:49:32.219423+00:00,0.07135999947786331,0.07065600156784058,0.07235199958086014,0.07146773387988409,0.0008058866749670654,31.974515032161822,16384,2281701376,0.6015625,0.6015625,0.4795130637871587,0.5709393346379648,11456,1.4301675977653632,6598656,0.125859375,"[""16K-32K""]",False,0.4823058843612671,0.837329775094986,4.538591951131821,227344384,46.0,96.96,1755.0,1593.0,46.0,96.63,1755.0,1593.0
b4_h16384_q32_csa_profile_sim_ascending_steady,ok,,full,csa_profile_sim,ascending,steady,4,16384,32,2048,10,30,20260803,2026-08-12T06:31:04.800075+00:00,0.14643199741840363,0.14476799964904785,0.14918400347232819,0.14693439950545628,0.001813776137708471,249.3117806191433,262144,36507222016,0.6015625,0.6015625,0.4795130637871587,0.5751284246575342,51176,5.122401125527591,29477376,0.562236328125,"[""16K-32K""]",False,0.5550272762775421,0.7857754826545715,135.4842446744442,240108544,44.0,94.29,1755.0,1593.0,44.0,93.39,1755.0,1593.0
b4_h16384_q32_csa_profile_sim_descending_steady,ok,,full,csa_profile_sim,descending,steady,4,16384,32,2048,10,30,20260803,2026-08-12T09:49:30.203232+00:00,0.1464959979057312,0.14480000734329224,0.14985600113868713,0.14711146752039592,0.0017428815375375114,249.20286245288457,262144,36507222016,0.6015625,0.6015625,0.4795130637871587,0.5751284246575342,51176,5.122401125527591,29477376,0.562236328125,"[""16K-32K""]",False,0.5816780030727386,0.8063390851020813,38.80540281534195,240108544,46.0,103.68,1755.0,1593.0,46.0,100.68,1755.0,1593.0
b4_h16384_q4096_csa_profile_sim_ascending_steady,ok,,full,csa_profile_sim,ascending,steady,4,16384,4096,2048,10,30,20260803,2026-08-12T06:33:07.057085+00:00,9.046655654907227,8.928000450134277,9.374496459960938,9.115708923339843,0.16752074448354873,516.5361207832908,33554432,4672924418048,0.6015625,0.6015625,0.4795130637871586,0.5664283468765289,81900,409.7000244200244,47174400,0.8997802734375,"[""16K-32K""]",False,1.0558925569057465,5.945879966020584,16480.44166341424,2111833088,44.0,88.2,1755.0,1593.0,54.0,197.76,1680.0,1593.0
b4_h16384_q4096_csa_profile_sim_descending_steady,ok,,full,csa_profile_sim,descending,steady,4,16384,4096,2048,10,30,20260803,2026-08-12T09:48:45.241291+00:00,9.05078411102295,9.002816200256348,9.243680000305176,9.081682141621908,0.08735830351644269,516.3005062022025,33554432,4672924418048,0.6015625,0.6015625,0.4795130637871586,0.5664283468765289,81900,409.7000244200244,47174400,0.8997802734375,"[""16K-32K""]",False,0.8393749594688416,5.873318761587143,4719.919212162495,2111833088,47.0,90.67,1755.0,1593.0,57.0,197.33,1605.0,1593.0
b4_h16384_q512_csa_profile_sim_ascending_steady,ok,,full,csa_profile_sim,ascending,steady,4,16384,512,2048,10,30,20260803,2026-08-12T06:31:26.786668+00:00,1.1013439893722534,1.0970560312271118,1.1377919912338257,1.1153173367182414,0.017656878683302894,530.3661325549482,4194304,584115552256,0.6015625,0.6015625,0.4795130637871586,0.5733052531800391,67580,62.06427937259544,38926080,0.7424560546875,"[""16K-32K""]",False,0.7357150316238403,1.1506080627441406,2094.107799232006,628098048,43.0,88.72,1755.0,1593.0,45.0,104.28,1695.0,1593.0
b4_h16384_q512_csa_profile_sim_descending_steady,ok,,full,csa_profile_sim,descending,steady,4,16384,512,2048,10,30,20260803,2026-08-12T09:49:21.797778+00:00,1.105407953262329,1.1030399799346924,1.1850559711456299,1.1130719979604085,0.022445835876914032,528.4162743104318,4194304,584115552256,0.6015625,0.6015625,0.4795130637871586,0.5733052531800391,67580,62.06427937259544,38926080,0.7424560546875,"[""16K-32K""]",False,0.7276758551597595,1.1333338916301727,579.3233439326286,628098048,47.0,107.4,1755.0,1593.0,51.0,121.83,1620.0,1593.0
b4_h16384_q8_csa_profile_sim_ascending_steady,ok,,full,csa_profile_sim,ascending,steady,4,16384,8,2048,10,30,20260803,2026-08-12T06:31:03.149259+00:00,0.06972800195217133,0.06924799829721451,0.07462400197982788,0.07028693358103434,0.0015499971256947187,130.89153924502767,65536,9126805504,0.6015625,0.6015625,0.4795130637871587,0.5573630136986301,25948,2.525666718051488,14946048,0.2850732421875,"[""16K-32K""]",False,0.5183406174182892,0.6444379687309265,36.96649149060249,229897216,44.0,94.34,1755.0,1593.0,45.0,94.23,1755.0,1593.0
b4_h16384_q8_csa_profile_sim_descending_steady,ok,,full,csa_profile_sim,descending,steady,4,16384,8,2048,10,30,20260803,2026-08-12T09:49:31.145620+00:00,0.06982400268316269,0.06924799829721451,0.07103999704122543,0.07003839959700903,0.0010125403620195965,130.71157701190955,65536,9126805504,0.6015625,0.6015625,0.4795130637871587,0.5573630136986301,25948,2.525666718051488,14946048,0.2850732421875,"[""16K-32K""]",False,0.5567967891693115,0.673934817314148,12.00193539261818,229897216,46.0,98.37,1755.0,1593.0,46.0,98.81,1755.0,1593.0
b4_h2048_q1024_csa_profile_sim_ascending_steady,ok,,full,csa_profile_sim,ascending,steady,4,2048,1024,2048,10,30,20260803,2026-08-12T06:31:39.938722+00:00,2.332319974899292,2.1666879653930664,2.377408027648926,2.295374933878581,0.0718651622055846,500.88800725657006,8388608,1168231104512,0.8476906158357771,0.8476906158357771,0.722527752539372,0.9692354146281801,12276,683.3339850114044,7070976,0.1348681640625,"[""2K-8K""]",False,0.8091554045677185,1.6392767429351807,13630.27124479413,806093824,43.0,88.11,1755.0,1593.0,48.0,115.1,1740.0,1593.0
b4_h2048_q1024_csa_profile_sim_descending_steady,ok,,full,csa_profile_sim,descending,steady,4,2048,1024,2048,10,30,20260803,2026-08-12T09:49:14.307865+00:00,2.3310399055480957,2.1652159690856934,2.3730239868164062,2.2892085313796997,0.0848750582036498,501.1630653475727,8388608,1168231104512,0.8476906158357771,0.8476906158357771,0.722527752539372,0.9692354146281801,12276,683.3339850114044,7070976,0.1348681640625,"[""2K-8K""]",False,0.8457489311695099,1.493901014328003,3565.3654411435127,806093824,46.0,89.35,1755.0,1593.0,50.0,116.3,1710.0,1593.0
b4_h2048_q128_csa_profile_sim_ascending_steady,ok,,full,csa_profile_sim,ascending,steady,4,2048,128,2048,10,30,20260803,2026-08-12T06:31:06.439484+00:00,0.3200640082359314,0.31727999448776245,0.32412800192832947,0.3202058672904968,0.002313252952314458,456.24901365465786,1048576,146028888064,0.968996062992126,0.968996062992126,0.722527752539372,0.9973359527886496,8704,120.47058823529412,5013504,0.095625,"[""2K-8K""]",False,0.6840527057647705,0.6659217178821564,1308.4367774426937,152077312,44.0,88.9,1755.0,1593.0,44.0,92.21,1755.0,1593.0
b4_h2048_q128_csa_profile_sim_descending_steady,ok,,full,csa_profile_sim,descending,steady,4,2048,128,2048,10,30,20260803,2026-08-12T09:49:28.848670+00:00,0.31964799761772156,0.31648001074790955,0.3826560080051422,0.3327285349369049,0.020331334258726207,456.8428056872771,1048576,146028888064,0.968996062992126,0.968996062992126,0.722527752539372,0.9973359527886496,8704,120.47058823529412,5013504,0.095625,"[""2K-8K""]",False,0.6380043923854828,0.567268580198288,358.99173095822334,152077312,46.0,104.35,1755.0,1593.0,47.0,108.07,1755.0,1593.0
b4_h2048_q2_csa_profile_sim_ascending_steady,ok,,full,csa_profile_sim,ascending,steady,4,2048,2,2048,10,30,20260803,2026-08-12T06:31:01.763130+00:00,0.07228799909353256,0.07161600142717361,0.0740479975938797,0.07242666631937027,0.0008482245303775264,31.564041121787508,16384,2281701376,1.0,1.0,0.722527752539372,1.0,8192,2.0,4718592,0.09,"[""2K-8K""]",False,0.4422590136528015,0.5286484956741333,54.912712424993515,29163520,46.0,151.67,1740.0,1593.0,46.0,151.76,1740.0,1593.0
b4_h2048_q2_csa_profile_sim_descending_steady,ok,,full,csa_profile_sim,descending,steady,4,2048,2,2048,10,30,20260803,2026-08-12T09:49:32.512771+00:00,0.0711359977722168,0.07068800181150436,0.07206399738788605,0.07134826655189196,0.0007817642902818162,32.075200284758665,16384,2281701376,1.0,1.0,0.722527752539372,1.0,8192,2.0,4718592,0.09,"[""2K-8K""]",False,0.42755529284477234,0.5186945199966431,24.665631353855133,29163520,45.0,96.35,1755.0,1593.0,45.0,96.44,1755.0,1593.0
b4_h2048_q32_csa_profile_sim_ascending_steady,ok,,full,csa_profile_sim,ascending,steady,4,2048,32,2048,10,30,20260803,2026-08-12T06:31:04.190525+00:00,0.13728000223636627,0.13600000739097595,0.13923199474811554,0.13756480018297831,0.0014232460088901787,265.93255697317454,262144,36507222016,0.9924395161290323,0.9924395161290323,0.722527752539372,0.9982723825831703,8320,31.50769230769231,4792320,0.09140625,"[""2K-8K""]",False,0.4534982144832611,0.45463070273399353,151.4097936451435,41927680,44.0,93.97,1755.0,1593.0,44.0,94.87,1755.0,1593.0
b4_h2048_q32_csa_profile_sim_descending_steady,ok,,full,csa_profile_sim,descending,steady,4,2048,32,2048,10,30,20260803,2026-08-12T09:49:30.570322+00:00,0.1364160031080246,0.13420799374580383,0.14009599387645721,0.13652586688597998,0.00162448954094385,267.6168571446181,262144,36507222016,0.9924395161290323,0.9924395161290323,0.722527752539372,0.9982723825831703,8320,31.50769230769231,4792320,0.09140625,"[""2K-8K""]",False,0.43189898133277893,0.499822199344635,46.53612896800041,41927680,46.0,97.79,1755.0,1593.0,46.0,97.93,1755.0,1593.0
b4_h2048_q4096_csa_profile_sim_ascending_steady,ok,,full,csa_profile_sim,ascending,steady,4,2048,4096,2048,10,30,20260803,2026-08-12T06:32:25.196958+00:00,9.547616004943848,9.441727638244629,9.566271781921387,9.526966381072999,0.04750569663403674,489.43363616931333,33554432,4672924418048,0.8212912087912088,0.8212912087912088,0.722527752539372,0.8931476272015656,24564,1366.0003256798568,14148864,0.2698681640625,"[""2K-8K""]",False,0.9087324142456055,5.485642701387405,20289.198361337185,2078278656,43.0,89.43,1755.0,1593.0,53.0,196.19,1650.0,1593.0
b4_h2048_q4096_csa_profile_sim_descending_steady,ok,,full,csa_profile_sim,descending,steady,4,2048,4096,2048,10,30,20260803,2026-08-12T09:48:57.764110+00:00,9.559231758117676,9.37440013885498,9.576383590698242,9.537024974822998,0.06577728293123168,488.838908427946,33554432,4672924418048,0.8212912087912088,0.8212912087912088,0.722527752539372,0.8931476272015656,24564,1366.0003256798568,14148864,0.2698681640625,"[""2K-8K""]",False,0.838693231344223,5.502104759216309,5717.432491481304,2078278656,46.0,90.73,1755.0,1593.0,54.0,196.37,1725.0,1593.0
b4_h2048_q512_csa_profile_sim_ascending_steady,ok,,full,csa_profile_sim,ascending,steady,4,2048,512,2048,10,30,20260803,2026-08-12T06:31:12.795339+00:00,1.0960639715194702,1.09225594997406,1.133344054222107,1.0996511936187745,0.01388381768928863,532.9210405905801,4194304,584115552256,0.8829500978473581,0.8829500978473581,0.722527752539372,0.9928019126100782,10240,409.6,5898240,0.1125,"[""2K-8K""]",False,0.6591342389583588,0.9128488600254059,10695.77956944704,594150400,43.0,88.05,1755.0,1593.0,45.0,102.56,1695.0,1593.0
b4_h2048_q512_csa_profile_sim_descending_steady,ok,,full,csa_profile_sim,descending,steady,4,2048,512,2048,10,30,20260803,2026-08-12T09:49:23.640427+00:00,1.0911680459976196,1.0882560014724731,1.155135989189148,1.099671467145284,0.018531474238950192,535.3121862379704,4194304,584115552256,0.8829500978473581,0.8829500978473581,0.722527752539372,0.9928019126100782,10240,409.6,5898240,0.1125,"[""2K-8K""]",False,0.695347785949707,0.8549578487873077,2859.4528026878834,594150400,46.0,90.2,1755.0,1593.0,48.0,105.1,1695.0,1593.0
b4_h2048_q8_csa_profile_sim_ascending_steady,ok,,full,csa_profile_sim,ascending,steady,4,2048,8,2048,10,30,20260803,2026-08-12T06:31:02.785465+00:00,0.06972800195217133,0.06924799829721451,0.07158400118350983,0.07004586656888326,0.001114805149628441,130.89153924502767,65536,9126805504,0.9983258928571429,0.9983258928571429,0.722527752539372,0.99926614481409,8224,7.968871595330739,4737024,0.0903515625,"[""2K-8K""]",False,0.45623257756233215,0.3726854920387268,40.368784219026566,31716352,45.0,93.64,1755.0,1593.0,45.0,93.88,1755.0,1593.0
b4_h2048_q8_csa_profile_sim_descending_steady,ok,,full,csa_profile_sim,descending,steady,4,2048,8,2048,10,30,20260803,2026-08-12T09:49:31.482345+00:00,0.06969600170850754,0.06918399780988693,0.0737600028514862,0.07003199979662895,0.0012087856952461664,130.95163682662047,65536,9126805504,0.9983258928571429,0.9983258928571429,0.722527752539372,0.99926614481409,8224,7.968871595330739,4737024,0.0903515625,"[""2K-8K""]",False,0.43887272477149963,0.4108622670173645,12.788008898496628,31716352,46.0,97.12,1755.0,1593.0,46.0,97.18,1755.0,1593.0
b4_h262144_q1024_csa_profile_sim_ascending_steady,ok,,full,csa_profile_sim,ascending,steady,4,262144,1024,2048,10,30,20260803,2026-08-12T06:32:16.679602+00:00,2.573568105697632,2.4068479537963867,2.6287999153137207,2.5433770418167114,0.08541025451113413,453.9344041160787,8388608,1168231104512,0.50390625,0.50390625,0.3817648634796384,0.40662504968811153,861908,9.732602551548425,496459008,9.4692041015625,"[""64K+""]",True,0.8806325495243073,6.3614435493946075,4027.8908498585224,1405355008,43.0,88.64,1755.0,1593.0,48.0,120.45,1635.0,1593.0
b4_h262144_q1024_csa_profile_sim_descending_steady,ok,,full,csa_profile_sim,descending,steady,4,262144,1024,2048,10,30,20260803,2026-08-12T09:49:05.494108+00:00,2.4883201122283936,2.369472026824951,2.6219840049743652,2.5039615790049234,0.08887817619170424,469.48585866060483,8388608,1168231104512,0.50390625,0.50390625,0.3817648634796384,0.40662504968811153,861908,9.732602551548425,496459008,9.4692041015625,"[""64K+""]",True,0.8790083229541779,6.642896682024002,1167.369581758976,1405355008,47.0,90.72,1755.0,1593.0,52.0,122.08,1605.0,1593.0
b4_h262144_q128_csa_profile_sim_ascending_steady,ok,,full,csa_profile_sim,ascending,steady,4,262144,128,2048,10,30,20260803,2026-08-12T06:31:11.497989+00:00,0.35625600814819336,0.35411199927330017,0.3632960021495819,0.3573930690685908,0.002990822205063797,409.8987377730223,1048576,146028888064,0.50390625,0.50390625,0.3817648634796384,0.4056040545499021,283708,3.6959690949849846,163415808,3.1169091796875,"[""64K+""]",True,0.6948746740818024,5.485158413648605,507.0038139820099,1034454016,44.0,95.57,1755.0,1593.0,44.0,100.24,1755.0,1593.0
b4_h262144_q128_csa_profile_sim_descending_steady,ok,,full,csa_profile_sim,descending,steady,4,262144,128,2048,10,30,20260803,2026-08-12T09:49:26.962090+00:00,0.3560959994792938,0.35392001271247864,0.3600960075855255,0.35642026861508685,0.002070026945025167,410.0829222387578,1048576,146028888064,0.50390625,0.50390625,0.3817648634796384,0.4056040545499021,283708,3.6959690949849846,163415808,3.1169091796875,"[""64K+""]",True,0.6827153265476227,5.66636398434639,146.2550051510334,1034454016,46.0,114.02,1755.0,1593.0,47.0,118.05,1755.0,1593.0
b4_h262144_q2_csa_profile_sim_ascending_steady,ok,,full,csa_profile_sim,ascending,steady,4,262144,2,2048,10,30,20260803,2026-08-12T06:31:02.596245+00:00,0.07152000069618225,0.07091200351715088,0.07353600114583969,0.07168960024913153,0.000967302094328071,31.902983134643588,16384,2281701376,0.50390625,0.50390625,0.38176486347963834,0.41364970645792565,12256,1.3368146214099217,7059456,0.1346484375,"[""64K+""]",True,0.498354434967041,5.28021901845932,9.912591427564621,982296064,45.0,105.17,1755.0,1593.0,45.0,93.94,1755.0,1593.0
b4_h262144_q2_csa_profile_sim_descending_steady,ok,,full,csa_profile_sim,descending,steady,4,262144,2,2048,10,30,20260803,2026-08-12T09:49:31.775996+00:00,0.07119999825954437,0.07062400132417679,0.07295999675989151,0.07139946594834327,0.0006824676307648163,32.046368423810144,16384,2281701376,0.50390625,0.50390625,0.38176486347963834,0.41364970645792565,12256,1.3368146214099217,7059456,0.1346484375,"[""64K+""]",True,0.4801228642463684,5.53787499666214,3.9712227880954742,982296064,46.0,98.12,1755.0,1593.0,46.0,98.03,1755.0,1593.0
b4_h262144_q32_csa_profile_sim_ascending_steady,ok,,full,csa_profile_sim,ascending,steady,4,262144,32,2048,10,30,20260803,2026-08-12T06:31:05.867745+00:00,0.1568640023469925,0.15535999834537506,0.16016000509262085,0.15698026716709138,0.0013122215871456174,232.7316750164506,262144,36507222016,0.50390625,0.50390625,0.38176486347963834,0.40655577299412915,107264,2.443914081145585,61784064,1.1784375,"[""64K+""]",True,0.6251297891139984,5.229949951171875,127.08772718906403,994714624,44.0,93.98,1755.0,1593.0,44.0,95.43,1755.0,1593.0
b4_h262144_q32_csa_profile_sim_descending_steady,ok,,full,csa_profile_sim,descending,steady,4,262144,32,2048,10,30,20260803,2026-08-12T09:49:29.471596+00:00,0.15619200468063354,0.1531199961900711,0.15769599378108978,0.15606826643149058,0.0015572027998254534,233.73297558121794,262144,36507222016,0.50390625,0.50390625,0.38176486347963834,0.40655577299412915,107264,2.443914081145585,61784064,1.1784375,"[""64K+""]",True,0.622134655714035,5.553580820560455,37.53947839140892,994714624,47.0,106.93,1755.0,1593.0,47.0,103.4,1755.0,1593.0
b4_h262144_q4096_csa_profile_sim_ascending_steady,ok,,full,csa_profile_sim,ascending,steady,4,262144,4096,2048,10,30,20260803,2026-08-12T06:34:12.907560+00:00,9.986687660217285,9.888416290283203,10.828831672668457,10.173425070444743,0.31979454499507376,467.91534661316615,33554432,4672924418048,0.50390625,0.50390625,0.3817648634796384,0.40714426656525193,1063096,31.562936931377788,612343296,11.679521484375,"[""64K+""]",True,0.9915195405483246,10.281458497047424,16159.654635936022,2678064128,43.0,91.33,1755.0,1593.0,53.0,208.93,1620.0,1593.0
b4_h262144_q4096_csa_profile_sim_descending_steady,ok,,full,csa_profile_sim,descending,steady,4,262144,4096,2048,10,30,20260803,2026-08-12T09:48:24.606800+00:00,10.035615921020508,9.853856086730957,10.676992416381836,10.182263469696045,0.3082494919821398,465.63404327382995,33554432,4672924418048,0.50390625,0.50390625,0.3817648634796384,0.40714426656525193,1063096,31.562936931377788,612343296,11.679521484375,"[""64K+""]",True,1.0114796459674835,10.722652077674866,4689.975336194038,2678064128,46.0,91.74,1755.0,1593.0,57.0,213.68,1665.0,1593.0
b4_h262144_q512_csa_profile_sim_ascending_steady,ok,,full,csa_profile_sim,ascending,steady,4,262144,512,2048,10,30,20260803,2026-08-12T06:31:35.487447+00:00,1.201375961303711,1.1987839937210083,1.2049599885940552,1.2017109354337057,0.002197009979432366,486.20546029748147,4194304,584115552256,0.50390625,0.50390625,0.3817648634796384,0.40681950220156554,633836,6.617333190288971,365089536,6.9635302734375,"[""64K+""]",True,0.7714442908763885,5.675934255123138,2046.286966651678,1194329088,44.0,88.78,1755.0,1593.0,47.0,105.9,1665.0,1593.0
b4_h262144_q512_csa_profile_sim_descending_steady,ok,,full,csa_profile_sim,descending,steady,4,262144,512,2048,10,30,20260803,2026-08-12T09:49:18.860291+00:00,1.2009919881820679,1.1854079961776733,1.2759040594100952,1.2122090737024942,0.02898768531811882,486.3609066536498,4194304,584115552256,0.50390625,0.50390625,0.3817648634796384,0.40681950220156554,633836,6.617333190288971,365089536,6.9635302734375,"[""64K+""]",True,0.7513538002967834,5.914606153964996,571.3368132710457,1194329088,47.0,110.23,1755.0,1593.0,47.0,127.21,1650.0,1593.0
b4_h262144_q8_csa_profile_sim_ascending_steady,ok,,full,csa_profile_sim,ascending,steady,4,262144,8,2048,30,100,20260803,2026-08-12T09:54:30.397721+00:00,0.0713919997215271,0.07062400132417679,0.07267200201749802,0.07164799965918064,0.0013443351215683928,127.84073200919121,65536,9126805504,0.50390625,0.50390625,0.38176486347963834,0.4187866927592955,34792,1.8836514141181881,20040192,0.382236328125,"[""64K+""]",True,0.796142965555191,5.374018102884293,18.01784336566925,984779776,43.0,92.51,1755.0,1593.0,43.0,93.35,1755.0,1593.0
b4_h262144_q8_csa_profile_sim_descending_steady,ok,,full,csa_profile_sim,descending,steady,4,262144,8,2048,30,100,20260803,2026-08-12T09:57:21.717134+00:00,0.07215999811887741,0.07148800045251846,0.07302399724721909,0.07229343988001347,0.0010757719563166755,126.48012391802409,65536,9126805504,0.50390625,0.50390625,0.38176486347963834,0.4187866927592955,34792,1.8836514141181881,20040192,0.382236328125,"[""64K+""]",True,0.7951594889163971,5.473848432302475,12.527938932180405,984779776,70.0,302.34,1740.0,1593.0,70.0,277.57,1740.0,1593.0
b4_h32768_q1024_csa_profile_sim_ascending_steady,ok,,full,csa_profile_sim,ascending,steady,4,32768,1024,2048,10,30,20260803,2026-08-12T06:32:04.214511+00:00,2.3110079765319824,2.22544002532959,2.4378879070281982,2.3243274609247844,0.07371165511627581,505.5071710592309,8388608,1168231104512,0.5703125,0.5703125,0.432384490611313,0.5016449631543543,135144,62.07162730124904,77842944,1.484736328125,"[""32K-64K""]",False,0.8101128041744232,2.058889716863632,3705.4937928915024,876872704,43.0,88.13,1755.0,1593.0,48.0,116.36,1635.0,1593.0
b4_h32768_q1024_csa_profile_sim_descending_steady,ok,,full,csa_profile_sim,descending,steady,4,32768,1024,2048,10,30,20260803,2026-08-12T09:49:09.696897+00:00,2.368607997894287,2.196255922317505,2.4526400566101074,2.3479413588841758,0.07275747421258955,493.2142024136402,8388608,1168231104512,0.5703125,0.5703125,0.432384490611313,0.5016449631543543,135144,62.07162730124904,77842944,1.484736328125,"[""32K-64K""]",False,0.8594915270805359,2.043824642896652,1049.3470691144466,876872704,47.0,90.39,1755.0,1593.0,53.0,118.59,1650.0,1593.0
b4_h32768_q128_csa_profile_sim_ascending_steady,ok,,full,csa_profile_sim,ascending,steady,4,32768,128,2048,10,30,20260803,2026-08-12T06:31:09.521249+00:00,0.34121599793434143,0.33852800726890564,0.34668800234794617,0.34189973374207816,0.002148446604271867,427.9661239450433,1048576,146028888064,0.5703125,0.5703125,0.432384490611313,0.4978634112035225,124336,8.433406254021362,71617536,1.36599609375,"[""32K-64K""]",False,0.6446056067943573,1.2236274778842926,546.7980653047562,505971712,44.0,92.54,1755.0,1593.0,45.0,95.69,1755.0,1593.0
b4_h32768_q128_csa_profile_sim_descending_steady,ok,,full,csa_profile_sim,descending,steady,4,32768,128,2048,10,30,20260803,2026-08-12T09:49:27.845204+00:00,0.34486401081085205,0.3397440016269684,0.41068801283836365,0.360588800907135,0.024811105256973196,423.43904694680543,1048576,146028888064,0.5703125,0.5703125,0.432384490611313,0.4978634112035225,124336,8.433406254021362,71617536,1.36599609375,"[""32K-64K""]",False,0.6733611226081848,1.2577101588249207,140.75013250112534,505971712,46.0,105.8,1755.0,1593.0,47.0,110.0,1755.0,1593.0
b4_h32768_q2_csa_profile_sim_ascending_steady,ok,,full,csa_profile_sim,ascending,steady,4,32768,2,2048,10,30,20260803,2026-08-12T06:31:02.306262+00:00,0.07168000191450119,0.07135999947786331,0.07311999797821045,0.07192000026504199,0.0008538159478916129,31.831770578376634,16384,2281701376,0.5703125,0.5703125,0.43238449061131295,0.475293542074364,11712,1.3989071038251366,6746112,0.128671875,"[""32K-64K""]",False,0.43922290205955505,1.0341405868530273,10.743848979473114,453813760,45.0,152.95,1755.0,1593.0,45.0,151.9,1755.0,1593.0
b4_h32768_q2_csa_profile_sim_descending_steady,ok,,full,csa_profile_sim,descending,steady,4,32768,2,2048,10,30,20260803,2026-08-12T09:49:32.084096+00:00,0.07129599899053574,0.07068800181150436,0.07286400347948074,0.07143680055936177,0.0007533539914665988,32.003217688314976,16384,2281701376,0.5703125,0.5703125,0.43238449061131295,0.475293542074364,11712,1.3989071038251366,6746112,0.128671875,"[""32K-64K""]",False,0.5052275955677032,1.0940469801425934,4.579968750476837,453813760,46.0,97.5,1755.0,1593.0,46.0,97.19,1755.0,1593.0
b4_h32768_q32_csa_profile_sim_ascending_steady,ok,,full,csa_profile_sim,ascending,steady,4,32768,32,2048,10,30,20260803,2026-08-12T06:31:05.120787+00:00,0.15142400562763214,0.14812800288200378,0.15388800203800201,0.1511146679520607,0.0017742032242951435,241.0926977177923,262144,36507222016,0.5703125,0.5703125,0.43238449061131295,0.4898483365949119,73692,3.5572925147912935,42446592,0.8096044921875,"[""32K-64K""]",False,0.5341023206710815,1.023031771183014,125.16564875841141,466232320,44.0,93.42,1755.0,1593.0,44.0,93.91,1755.0,1593.0
b4_h32768_q32_csa_profile_sim_descending_steady,ok,,full,csa_profile_sim,descending,steady,4,32768,32,2048,10,30,20260803,2026-08-12T09:49:29.986764+00:00,0.15158399939537048,0.14803199470043182,0.15360000729560852,0.15132480015357336,0.002037194180841659,240.83822937525005,262144,36507222016,0.5703125,0.5703125,0.43238449061131295,0.4898483365949119,73692,3.5572925147912935,42446592,0.8096044921875,"[""32K-64K""]",False,0.617004930973053,1.0871365666389465,59.36381593346596,466232320,46.0,102.57,1755.0,1593.0,46.0,103.71,1755.0,1593.0
b4_h32768_q4096_csa_profile_sim_ascending_steady,ok,,full,csa_profile_sim,ascending,steady,4,32768,4096,2048,10,30,20260803,2026-08-12T06:33:24.057662+00:00,9.201855659484863,9.1145601272583,9.428383827209473,9.259786669413248,0.0960949092086813,507.8241379749701,33554432,4672924418048,0.5703125,0.5703125,0.432384490611313,0.49055197280913654,147436,227.586423939879,84923136,1.6197802734375,"[""32K-64K""]",False,0.9312629699707031,6.11833855509758,14773.234639316797,2149581824,45.0,91.54,1755.0,1593.0,51.0,203.9,1680.0,1593.0
b4_h32768_q4096_csa_profile_sim_descending_steady,ok,,full,csa_profile_sim,descending,steady,4,32768,4096,2048,10,30,20260803,2026-08-12T09:48:40.454680+00:00,9.27888011932373,9.146207809448242,9.42585563659668,9.27748155593872,0.0798154486152593,503.6086637563516,33554432,4672924418048,0.5703125,0.5703125,0.432384490611313,0.49055197280913654,147436,227.586423939879,84923136,1.6197802734375,"[""32K-64K""]",False,0.8290186524391174,6.104957312345505,4219.386655837297,2149581824,48.0,92.63,1755.0,1593.0,54.0,203.92,1680.0,1593.0
b4_h32768_q512_csa_profile_sim_ascending_steady,ok,,full,csa_profile_sim,ascending,steady,4,32768,512,2048,10,30,20260803,2026-08-12T06:31:29.074201+00:00,1.1376639604568481,1.1335680484771729,1.1472959518432617,1.1395114660263062,0.005099609120856949,513.4341708613487,4194304,584115552256,0.5703125,0.5703125,0.432384490611313,0.5027118242416829,133092,31.51432092086677,76660992,1.4621923828125,"[""32K-64K""]",False,0.6955899298191071,1.456480473279953,1878.0703358352184,665846784,43.0,87.96,1755.0,1593.0,48.0,102.22,1710.0,1593.0
b4_h32768_q512_csa_profile_sim_descending_steady,ok,,full,csa_profile_sim,descending,steady,4,32768,512,2048,10,30,20260803,2026-08-12T09:49:21.073174+00:00,1.1299840211868286,1.127135992050171,1.1994240283966064,1.1385258674621581,0.021992692996045976,516.9237275076688,4194304,584115552256,0.5703125,0.5703125,0.432384490611313,0.5027118242416829,133092,31.51432092086677,76660992,1.4621923828125,"[""32K-64K""]",False,0.7535070180892944,1.4357566833496094,529.1407965123653,665846784,47.0,109.66,1755.0,1593.0,50.0,124.72,1710.0,1593.0
b4_h32768_q8_csa_profile_sim_ascending_steady,ok,,full,csa_profile_sim,ascending,steady,4,32768,8,2048,10,30,20260803,2026-08-12T06:31:03.360227+00:00,0.07065600156784058,0.06995200365781784,0.07257600128650665,0.07090346738696099,0.0011213988146040242,129.1724029307952,65536,9126805504,0.5703125,0.5703125,0.43238449061131295,0.48709637964774954,29356,2.232456737975201,16909056,0.3225146484375,"[""32K-64K""]",False,0.548582524061203,0.9377598762512207,33.7676927447319,456297472,44.0,94.0,1755.0,1593.0,44.0,93.22,1755.0,1593.0
b4_h32768_q8_csa_profile_sim_descending_steady,ok,,full,csa_profile_sim,descending,steady,4,32768,8,2048,10,30,20260803,2026-08-12T09:49:31.074241+00:00,0.07023999840021133,0.06924799829721451,0.07574400305747986,0.07059413368503252,0.0016491423090410169,129.937438950348,65536,9126805504,0.5703125,0.5703125,0.43238449061131295,0.48709637964774954,29356,2.232456737975201,16909056,0.3225146484375,"[""32K-64K""]",False,0.5982443690299988,0.9694285690784454,10.74317842721939,456297472,46.0,99.08,1755.0,1593.0,46.0,98.32,1755.0,1593.0
b4_h4096_q1024_csa_profile_sim_ascending_steady,ok,,full,csa_profile_sim,ascending,steady,4,4096,1024,2048,10,30,20260803,2026-08-12T06:31:53.864408+00:00,2.2921600341796875,2.1389119625091553,2.339456081390381,2.255562663078308,0.08267353751031824,509.66384854977355,8388608,1168231104512,0.8125,0.8125,0.722527752539372,0.8639988609955968,20464,409.9202501954652,11787264,0.22482421875,"[""2K-8K""]",False,0.8537024259567261,1.5294887125492096,2079.4641114771366,811598848,44.0,88.64,1755.0,1593.0,47.0,116.26,1695.0,1593.0
b4_h4096_q1024_csa_profile_sim_descending_steady,ok,,full,csa_profile_sim,descending,steady,4,4096,1024,2048,10,30,20260803,2026-08-12T09:49:13.504200+00:00,2.291935920715332,2.1536641120910645,2.315808057785034,2.2622485240300496,0.058920727969073376,509.71368525320094,8388608,1168231104512,0.8125,0.8125,0.722527752539372,0.8639988609955968,20464,409.9202501954652,11787264,0.22482421875,"[""2K-8K""]",False,0.8169673383235931,1.496538519859314,600.3209836781025,811598848,47.0,121.13,1755.0,1593.0,49.0,149.91,1560.0,1593.0
b4_h4096_q128_csa_profile_sim_ascending_steady,ok,,full,csa_profile_sim,ascending,steady,4,4096,128,2048,10,30,20260803,2026-08-12T06:31:07.900352+00:00,0.3211840093135834,0.3189760148525238,0.32707199454307556,0.3220394680897395,0.0027386045348685812,454.6580272663163,1048576,146028888064,0.8125,0.8125,0.722527752539372,0.877836044520548,16880,62.119431279620855,9722880,0.18544921875,"[""2K-8K""]",False,0.6194449961185455,0.5658455193042755,280.6928865611553,156795904,44.0,92.42,1755.0,1593.0,46.0,96.99,1755.0,1593.0
b4_h4096_q128_csa_profile_sim_descending_steady,ok,,full,csa_profile_sim,descending,steady,4,4096,128,2048,10,30,20260803,2026-08-12T09:49:28.647702+00:00,0.3208000063896179,0.3195520043373108,0.3233279883861542,0.3213984032471975,0.001930552668566003,455.20226045957446,1048576,146028888064,0.8125,0.8125,0.722527752539372,0.877836044520548,16880,62.119431279620855,9722880,0.18544921875,"[""2K-8K""]",False,0.6560571491718292,0.5886480212211609,83.9117132127285,156795904,47.0,106.77,1755.0,1593.0,48.0,109.09,1755.0,1593.0
b4_h4096_q2_csa_profile_sim_ascending_steady,ok,,full,csa_profile_sim,ascending,steady,4,4096,2,2048,10,30,20260803,2026-08-12T06:31:01.939969+00:00,0.07212799787521362,0.0716480016708374,0.07407999783754349,0.0724053330719471,0.0008888605034965761,31.634059494449016,16384,2281701376,0.8125,0.8125,0.722527752539372,0.850293542074364,9728,1.6842105263157894,5603328,0.106875,"[""2K-8K""]",False,0.44039636850357056,0.5883090198040009,8.680794388055801,57475072,46.0,151.88,1740.0,1593.0,46.0,152.0,1740.0,1593.0
b4_h4096_q2_csa_profile_sim_descending_steady,ok,,full,csa_profile_sim,descending,steady,4,4096,2,2048,10,30,20260803,2026-08-12T09:49:32.424473+00:00,0.0713919997215271,0.07097599655389786,0.07302399724721909,0.07167466630538305,0.0008633714310817371,31.960183002297804,16384,2281701376,0.8125,0.8125,0.722527752539372,0.850293542074364,9728,1.6842105263157894,5603328,0.106875,"[""2K-8K""]",False,0.4281066358089447,0.5995631217956543,3.365878015756607,57475072,46.0,96.43,1755.0,1593.0,45.0,96.57,1755.0,1593.0
b4_h4096_q32_csa_profile_sim_ascending_steady,ok,,full,csa_profile_sim,ascending,steady,4,4096,32,2048,10,30,20260803,2026-08-12T06:31:04.446050+00:00,0.1358720064163208,0.13488000631332397,0.1377599984407425,0.1362389345963796,0.0014489966013973945,268.6883264543799,262144,36507222016,0.8125,0.8125,0.722527752539372,0.875703277886497,16280,16.102211302211302,9377280,0.178857421875,"[""2K-8K""]",False,0.5166083574295044,0.4718974232673645,78.61249893903732,70239232,44.0,94.87,1755.0,1593.0,44.0,95.86,1755.0,1593.0
b4_h4096_q32_csa_profile_sim_descending_steady,ok,,full,csa_profile_sim,descending,steady,4,4096,32,2048,10,30,20260803,2026-08-12T09:49:30.454676+00:00,0.13686400651931763,0.1350719928741455,0.13923199474811554,0.13702293237050375,0.0015450943401092024,266.7408542570117,262144,36507222016,0.8125,0.8125,0.722527752539372,0.875703277886497,16280,16.102211302211302,9377280,0.178857421875,"[""2K-8K""]",False,0.5401261150836945,0.4736855626106262,26.84500440955162,70239232,46.0,98.22,1755.0,1593.0,46.0,98.33,1755.0,1593.0
b4_h4096_q4096_csa_profile_sim_ascending_steady,ok,,full,csa_profile_sim,ascending,steady,4,4096,4096,2048,100,300,20260803,2026-08-12T10:05:31.205514+00:00,9.705663681030273,9.198911666870117,10.114336013793945,9.721974458694458,0.3198672275423304,481.463666125299,33554432,4672924418048,0.8124670902014652,0.8124670902014652,0.7224876865505949,0.8328035656953279,32736,1025.0009775171065,18855936,0.3596484375,"[""2K-8K"", ""8K-16K""]",False,176.3356290757656,24.895962327718735,3957.5285166502,2082472960,47.0,94.57,1755.0,1593.0,73.0,330.05,1650.0,1593.0
b4_h4096_q4096_csa_profile_sim_descending_steady,ok,,full,csa_profile_sim,descending,steady,4,4096,4096,2048,100,300,20260803,2026-08-12T10:06:24.440658+00:00,9.772640228271484,9.19212818145752,10.434720039367676,9.745587838490804,0.3531672350872455,478.1639668397487,33554432,4672924418048,0.8124670902014652,0.8124670902014652,0.7224876865505949,0.8328035656953279,32736,1025.0009775171065,18855936,0.3596484375,"[""2K-8K"", ""8K-16K""]",False,1.302659511566162,5.479864776134491,2279.666867107153,2082472960,46.0,93.64,1755.0,1593.0,69.0,335.17,1695.0,1593.0
b4_h4096_q512_csa_profile_sim_ascending_steady,ok,,full,csa_profile_sim,ascending,steady,4,4096,512,2048,10,30,20260803,2026-08-12T06:31:23.679021+00:00,1.0951039791107178,1.091488003730774,1.1609920263290405,1.1044341365496317,0.019374532693192413,533.3882109809633,4194304,584115552256,0.8125,0.8125,0.722527752539372,0.870440160225049,18412,227.80273734520964,10605312,0.2022802734375,"[""2K-8K""]",False,0.736672431230545,0.9103119373321533,1082.3922716081142,598868992,43.0,88.68,1755.0,1593.0,45.0,103.88,1740.0,1593.0
b4_h4096_q512_csa_profile_sim_descending_steady,ok,,full,csa_profile_sim,descending,steady,4,4096,512,2048,10,30,20260803,2026-08-12T09:49:23.162120+00:00,1.092128038406372,1.0899840593338013,1.0944960117340088,1.0926933288574219,0.002112030901780313,534.84164101156,4194304,584115552256,0.8125,0.8125,0.722527752539372,0.870440160225049,18412,227.80273734520964,10605312,0.2022802734375,"[""2K-8K""]",False,0.692758709192276,0.8876286447048187,304.4568933546543,598868992,47.0,108.7,1755.0,1593.0,50.0,123.14,1695.0,1593.0
b4_h4096_q8_csa_profile_sim_ascending_steady,ok,,full,csa_profile_sim,ascending,steady,4,4096,8,2048,30,100,20260803,2026-08-12T09:54:28.707477+00:00,0.07017599791288376,0.06934399902820587,0.07305599749088287,0.07466016039252281,0.041329674076091234,130.0559418525118,65536,9126805504,0.8125,0.8125,0.722527752539372,0.8687622309197651,13648,4.801875732708089,7861248,0.14994140625,"[""2K-8K""]",False,0.4776567220687866,0.6722621619701385,1518.1790366768837,60027904,43.0,90.8,1755.0,1593.0,43.0,91.26,1755.0,1593.0
b4_h4096_q8_csa_profile_sim_descending_steady,ok,,full,csa_profile_sim,descending,steady,4,4096,8,2048,30,100,20260803,2026-08-12T09:57:21.935383+00:00,0.07014399766921997,0.06947200000286102,0.07100799679756165,0.07025088004767895,0.000715115726239043,130.11527439652835,65536,9126805504,0.8125,0.8125,0.722527752539372,0.8687622309197651,13648,4.801875732708089,7861248,0.14994140625,"[""2K-8K""]",False,0.4930756986141205,0.6220117211341858,9.092733263969421,60027904,69.0,247.4,1755.0,1593.0,69.0,224.05,1755.0,1593.0
b4_h524288_q1024_csa_profile_sim_ascending_steady,ok,,full,csa_profile_sim,ascending,steady,4,524288,1024,2048,10,30,20260803,2026-08-12T06:32:20.931166+00:00,2.525439977645874,2.3756799697875977,2.5776638984680176,2.508471465110779,0.06657846096064869,462.5851791579635,8388608,1168231104512,0.50390625,0.50390625,0.3817648634796384,0.4078218642979452,1157784,7.245399832784008,666883584,12.719794921875,"[""64K+""]",True,0.8500479161739349,11.164847761392593,4014.3864192068577,2009334784,43.0,88.44,1755.0,1593.0,47.0,120.77,1680.0,1593.0
b4_h524288_q1024_csa_profile_sim_descending_steady,ok,,full,csa_profile_sim,descending,steady,4,524288,1024,2048,10,30,20260803,2026-08-12T09:49:04.047363+00:00,2.6095359325408936,2.4277119636535645,2.6832640171051025,2.5725162585576373,0.09514703329823085,447.677723055723,8388608,1168231104512,0.50390625,0.50390625,0.3817648634796384,0.4078218642979452,1157784,7.245399832784008,666883584,12.719794921875,"[""64K+""]",True,0.8457489311695099,11.446401476860046,1150.8793979883194,2009334784,48.0,91.31,1755.0,1593.0,52.0,122.52,1680.0,1593.0
b4_h524288_q128_csa_profile_sim_ascending_steady,ok,,full,csa_profile_sim,ascending,steady,4,524288,128,2048,10,30,20260803,2026-08-12T06:31:12.166606+00:00,0.35817599296569824,0.3564479947090149,0.36294400691986084,0.3587103982766469,0.0023058994947210763,407.701495722481,1048576,146028888064,0.50390625,0.50390625,0.3817648634796384,0.40624235567514677,292280,3.5875735596003833,168353280,3.211083984375,"[""64K+""]",True,0.7190331816673279,10.28965413570404,502.8165802359581,1638433792,44.0,95.67,1755.0,1593.0,45.0,100.79,1755.0,1593.0
b4_h524288_q128_csa_profile_sim_descending_steady,ok,,full,csa_profile_sim,descending,steady,4,524288,128,2048,10,30,20260803,2026-08-12T09:49:26.679121+00:00,0.36243200302124023,0.3596160113811493,0.4227840006351471,0.37048426767190296,0.019171361421330687,402.91388963088343,1048576,146028888064,0.50390625,0.50390625,0.3817648634796384,0.40624235567514677,292280,3.5875735596003833,168353280,3.211083984375,"[""64K+""]",True,0.7611401379108429,10.246872901916504,146.72236517071724,1638433792,47.0,108.18,1740.0,1593.0,47.0,112.35,1740.0,1593.0
b4_h524288_q2_csa_profile_sim_ascending_steady,ok,,full,csa_profile_sim,ascending,steady,4,524288,2,2048,10,30,20260803,2026-08-12T06:31:02.687925+00:00,0.07155200093984604,0.07062400132417679,0.07472000271081924,0.07170986731847127,0.001018382870290371,31.888715144643296,16384,2281701376,0.50390625,0.50390625,0.38176486347963834,0.40655577299412915,12256,1.3368146214099217,7059456,0.1346484375,"[""64K+""]",True,0.5233921110630035,10.214872658252716,9.987443685531616,1586275840,45.0,93.44,1755.0,1593.0,45.0,93.61,1755.0,1593.0
b4_h524288_q2_csa_profile_sim_descending_steady,ok,,full,csa_profile_sim,descending,steady,4,524288,2,2048,10,30,20260803,2026-08-12T09:49:31.674269+00:00,0.07155200093984604,0.07094399631023407,0.07497599720954895,0.0719349334637324,0.001464945534200839,31.888715144643296,16384,2281701376,0.50390625,0.50390625,0.38176486347963834,0.40655577299412915,12256,1.3368146214099217,7059456,0.1346484375,"[""64K+""]",True,0.514201819896698,10.1039819419384,4.797942936420441,1586275840,46.0,98.0,1755.0,1593.0,46.0,97.9,1755.0,1593.0
b4_h524288_q32_csa_profile_sim_ascending_steady,ok,,full,csa_profile_sim,ascending,steady,4,524288,32,2048,10,30,20260803,2026-08-12T06:31:06.178928+00:00,0.15785600244998932,0.15596799552440643,0.16044799983501434,0.15808213303486507,0.001681100842717253,231.26914054196908,262144,36507222016,0.50390625,0.50390625,0.38176486347963834,0.4043236301369863,107864,2.4303196617963363,62129664,1.185029296875,"[""64K+""]",True,0.6967633962631226,10.17111912369728,128.409281373024,1598694400,44.0,97.81,1755.0,1593.0,44.0,98.18,1755.0,1593.0
b4_h524288_q32_csa_profile_sim_descending_steady,ok,,full,csa_profile_sim,descending,steady,4,524288,32,2048,10,30,20260803,2026-08-12T09:49:29.330485+00:00,0.15699200332164764,0.15503999590873718,0.15830400586128235,0.1570271998643875,0.0013010106194785238,232.54192088499843,262144,36507222016,0.50390625,0.50390625,0.38176486347963834,0.4043236301369863,107864,2.4303196617963363,62129664,1.185029296875,"[""64K+""]",True,0.6193779408931732,10.070469230413437,37.42947429418564,1598694400,47.0,105.2,1755.0,1593.0,47.0,105.61,1755.0,1593.0
b4_h524288_q4096_csa_profile_sim_ascending_steady,ok,,full,csa_profile_sim,ascending,steady,4,524288,4096,2048,10,30,20260803,2026-08-12T06:34:29.615980+00:00,10.029120445251465,9.9585599899292,10.065183639526367,10.016391468048095,0.041944758653202505,465.9356165435736,33554432,4672924418048,0.50390625,0.50390625,0.3817648634796384,0.4066346050941781,2007776,16.712238815485392,1156478976,22.0580859375,"[""64K+""]",True,0.8864961564540863,15.29138907790184,16200.434811413288,3282043904,44.0,92.39,1755.0,1593.0,50.0,217.43,1710.0,1593.0
b4_h524288_q4096_csa_profile_sim_descending_steady,ok,,full,csa_profile_sim,descending,steady,4,524288,4096,2048,10,30,20260803,2026-08-12T09:48:19.342317+00:00,10.484640121459961,9.959487915039062,10.700736045837402,10.398753102620443,0.23601894266619985,445.6923999216205,33554432,4672924418048,0.50390625,0.50390625,0.3817648634796384,0.4066346050941781,2007776,16.712238815485392,1156478976,22.0580859375,"[""64K+""]",True,0.932157039642334,14.710210263729095,4717.450883239508,3282043904,47.0,95.13,1755.0,1593.0,55.0,215.16,1440.0,1593.0
b4_h524288_q512_csa_profile_sim_ascending_steady,ok,,full,csa_profile_sim,ascending,steady,4,524288,512,2048,10,30,20260803,2026-08-12T06:31:37.685983+00:00,1.2061760425567627,1.2015360593795776,1.2755199670791626,1.2317813356717429,0.032980595947100226,484.2705638704571,4194304,584115552256,0.50390625,0.50390625,0.3817648634796384,0.4062805772994129,735172,5.705200959775399,423459072,8.0768408203125,"[""64K+""]",True,0.7630661129951477,10.560587048530579,2042.9260097444057,1798308864,44.0,88.84,1755.0,1593.0,47.0,106.25,1650.0,1593.0
b4_h524288_q512_csa_profile_sim_descending_steady,ok,,full,csa_profile_sim,descending,steady,4,524288,512,2048,10,30,20260803,2026-08-12T09:49:18.101650+00:00,1.2086080312728882,1.2047679424285889,1.321344017982483,1.2244128028551737,0.03825387075773691,483.2961035686798,4194304,584115552256,0.50390625,0.50390625,0.3817648634796384,0.4062805772994129,735172,5.705200959775399,423459072,8.0768408203125,"[""64K+""]",True,0.7646307349205017,10.502718389034271,587.0137549936771,1798308864,46.0,119.87,1755.0,1593.0,51.0,136.57,1650.0,1593.0
b4_h524288_q8_csa_profile_sim_ascending_steady,ok,,full,csa_profile_sim,ascending,steady,4,524288,8,2048,10,30,20260803,2026-08-12T06:31:03.984051+00:00,0.07100799679756165,0.07030399888753891,0.07225599884986877,0.0711359995106856,0.001061255452044391,128.53207970392157,65536,9126805504,0.50390625,0.50390625,0.38176486347963834,0.4098581213307241,34932,1.8761021413031032,20120832,0.3837744140625,"[""64K+""]",True,0.6148666143417358,10.11069118976593,33.517878502607346,1588759552,44.0,94.17,1755.0,1593.0,44.0,94.29,1755.0,1593.0
b4_h524288_q8_csa_profile_sim_descending_steady,ok,,full,csa_profile_sim,descending,steady,4,524288,8,2048,10,30,20260803,2026-08-12T09:49:30.687093+00:00,0.07081600278615952,0.07027199864387512,0.07248000055551529,0.07103039994835854,0.0008988958450332037,128.88055163971734,65536,9126805504,0.50390625,0.50390625,0.38176486347963834,0.4098581213307241,34932,1.8761021413031032,20120832,0.3837744140625,"[""64K+""]",True,0.605408102273941,10.023541748523712,10.7639841735363,1588759552,46.0,98.8,1755.0,1593.0,46.0,98.56,1755.0,1593.0
b4_h65536_q1024_csa_profile_sim_ascending_steady,ok,,full,csa_profile_sim,ascending,steady,4,65536,1024,2048,10,30,20260803,2026-08-12T06:32:08.158615+00:00,2.4236159324645996,2.3135039806365967,2.5176639556884766,2.4288479963938396,0.07301112941613791,482.0198979811186,8388608,1168231104512,0.50390625,0.50390625,0.3817648634796384,0.41112660148605673,266204,31.511953238869438,153333504,2.9246044921875,"[""64K+""]",False,0.8300691843032837,2.642303705215454,3988.3988797664642,952370176,43.0,88.43,1755.0,1593.0,46.0,118.73,1725.0,1593.0
b4_h65536_q1024_csa_profile_sim_descending_steady,ok,,full,csa_profile_sim,descending,steady,4,65536,1024,2048,10,30,20260803,2026-08-12T09:49:08.298501+00:00,2.5066239833831787,2.2997119426727295,2.557568073272705,2.470033057530721,0.07938730516394468,466.05757874192363,8388608,1168231104512,0.50390625,0.50390625,0.3817648634796384,0.41112660148605673,266204,31.511953238869438,153333504,2.9246044921875,"[""64K+""]",False,0.7879137992858887,2.746615558862686,1109.651330858469,952370176,47.0,91.55,1755.0,1593.0,52.0,121.98,1725.0,1593.0
b4_h65536_q128_csa_profile_sim_ascending_steady,ok,,full,csa_profile_sim,ascending,steady,4,65536,128,2048,10,30,20260803,2026-08-12T06:31:10.179783+00:00,0.3511359989643097,0.34886398911476135,0.3569599986076355,0.35200532972812654,0.002327803904843147,415.87558238038343,1048576,146028888064,0.50390625,0.50390625,0.3817648634796384,0.41053846624266144,217220,4.827253475738882,125118720,2.3864501953125,"[""64K+""]",False,0.6852485239505768,1.852385699748993,502.1800063550472,581469184,44.0,93.24,1755.0,1593.0,46.0,98.05,1755.0,1593.0
b4_h65536_q128_csa_profile_sim_descending_steady,ok,,full,csa_profile_sim,descending,steady,4,65536,128,2048,10,30,20260803,2026-08-12T09:49:27.551994+00:00,0.35068801045417786,0.3489600121974945,0.3551360070705414,0.3513162672519684,0.002300181666161322,416.4068451467081,1048576,146028888064,0.50390625,0.50390625,0.3817648634796384,0.41053846624266144,217220,4.827253475738882,125118720,2.3864501953125,"[""64K+""]",False,0.6856098771095276,1.9139163196086884,145.95169201493263,581469184,46.0,106.31,1755.0,1593.0,47.0,110.81,1755.0,1593.0
b4_h65536_q2_csa_profile_sim_ascending_steady,ok,,full,csa_profile_sim,ascending,steady,4,65536,2,2048,10,30,20260803,2026-08-12T06:31:02.396654+00:00,0.07155200093984604,0.07103999704122543,0.07347200065851212,0.07170453344782193,0.0007096832762839235,31.888715144643296,16384,2281701376,0.50390625,0.50390625,0.38176486347963834,0.4097358121330724,12256,1.3368146214099217,7059456,0.1346484375,"[""64K+""]",False,0.447981059551239,1.6473643481731415,9.997140616178513,529311232,45.0,150.27,1755.0,1593.0,45.0,151.58,1755.0,1593.0
b4_h65536_q2_csa_profile_sim_descending_steady,ok,,full,csa_profile_sim,descending,steady,4,65536,2,2048,10,30,20260803,2026-08-12T09:49:31.972418+00:00,0.0713919997215271,0.07075200229883194,0.07532799988985062,0.07160213390986124,0.0011089950756416097,31.960183002297804,16384,2281701376,0.50390625,0.50390625,0.38176486347963834,0.4097358121330724,12256,1.3368146214099217,7059456,0.1346484375,"[""64K+""]",False,0.4886910319328308,1.6520395874977112,4.001140594482422,529311232,46.0,97.64,1755.0,1593.0,46.0,97.4,1755.0,1593.0
b4_h65536_q32_csa_profile_sim_ascending_steady,ok,,full,csa_profile_sim,ascending,steady,4,65536,32,2048,10,30,20260803,2026-08-12T06:31:05.355150+00:00,0.15670399367809296,0.1542080044746399,0.16467200219631195,0.15695146570603052,0.002450302011608901,232.96931468762983,262144,36507222016,0.50390625,0.50390625,0.38176486347963834,0.41065313111545987,101736,2.5767083431626956,58599936,1.117705078125,"[""64K+""]",False,0.5425587296485901,1.6620904207229614,132.85354524850845,541729792,44.0,93.44,1755.0,1593.0,44.0,93.6,1755.0,1593.0
b4_h65536_q32_csa_profile_sim_descending_steady,ok,,full,csa_profile_sim,descending,steady,4,65536,32,2048,10,30,20260803,2026-08-12T09:49:29.786709+00:00,0.15724800527095795,0.15382400155067444,0.15836800634860992,0.156856532394886,0.0016270284662338306,232.16333938922466,262144,36507222016,0.50390625,0.50390625,0.38176486347963834,0.41065313111545987,101736,2.5767083431626956,58599936,1.117705078125,"[""64K+""]",False,0.5830414593219757,1.651216298341751,37.881460040807724,541729792,46.0,100.89,1755.0,1593.0,46.0,102.22,1755.0,1593.0
b4_h65536_q4096_csa_profile_sim_ascending_steady,ok,,full,csa_profile_sim,ascending,steady,4,65536,4096,2048,30,100,20260803,2026-08-12T09:54:34.268871+00:00,10.366463661193848,10.291487693786621,11.103039741516113,10.441834583282471,0.23239965747220323,450.77324059320006,33554432,4672924418048,0.50390625,0.50390625,0.3817648634796384,0.4114342855613992,278508,120.4792393755296,160420608,3.0597802734375,"[""64K+""]",False,0.9673237800598145,6.800994277000427,4667.865410447121,2225079296,46.0,91.11,1755.0,1593.0,59.0,341.05,1560.0,1593.0
b4_h65536_q4096_csa_profile_sim_descending_steady,ok,,full,csa_profile_sim,descending,steady,4,65536,4096,2048,30,100,20260803,2026-08-12T09:57:11.567931+00:00,10.690688133239746,9.899040222167969,10.983936309814453,10.608710384368896,0.35664529903593617,437.1023043426766,33554432,4672924418048,0.50390625,0.50390625,0.3817648634796384,0.4114342855613992,278508,120.4792393755296,160420608,3.0597802734375,"[""64K+""]",False,0.9425245225429535,6.712343543767929,4783.198159188032,2225079296,60.0,103.62,1755.0,1593.0,71.0,333.57,1725.0,1593.0
b4_h65536_q512_csa_profile_sim_ascending_steady,ok,,full,csa_profile_sim,ascending,steady,4,65536,512,2048,10,30,20260803,2026-08-12T06:31:31.120098+00:00,1.1778240203857422,1.1727039813995361,1.2564799785614014,1.1922069350878397,0.03048052443752978,495.92769560320204,4194304,584115552256,0.50390625,0.50390625,0.3817648634796384,0.4111089239848337,263664,15.907761393288428,151870464,2.89669921875,"[""64K+""]",False,0.7493086159229279,2.0686909556388855,1996.4567311108112,741344256,43.0,88.55,1755.0,1593.0,43.0,104.82,1680.0,1593.0
b4_h65536_q512_csa_profile_sim_descending_steady,ok,,full,csa_profile_sim,descending,steady,4,65536,512,2048,10,30,20260803,2026-08-12T09:49:20.318533+00:00,1.1772160530090332,1.172320008277893,1.256160020828247,1.202562137444814,0.036621193841214976,496.18381499552817,4194304,584115552256,0.50390625,0.50390625,0.3817648634796384,0.4111089239848337,263664,15.907761393288428,151870464,2.89669921875,"[""64K+""]",False,0.7687360048294067,2.06100195646286,544.9724979698658,741344256,47.0,108.65,1755.0,1593.0,49.0,126.51,1740.0,1593.0
b4_h65536_q8_csa_profile_sim_ascending_steady,ok,,full,csa_profile_sim,ascending,steady,4,65536,8,2048,10,30,20260803,2026-08-12T06:31:03.557990+00:00,0.07100799679756165,0.07017599791288376,0.07529599964618683,0.07133120000362396,0.0013975697737792156,128.53207970392157,65536,9126805504,0.50390625,0.50390625,0.38176486347963834,0.4122431506849315,34636,1.8921353505023675,19950336,0.3805224609375,"[""64K+""]",False,0.5434304475784302,1.558750867843628,33.418431878089905,531794944,44.0,92.49,1755.0,1593.0,44.0,92.37,1755.0,1593.0
b4_h65536_q8_csa_profile_sim_descending_steady,ok,,full,csa_profile_sim,descending,steady,4,65536,8,2048,10,30,20260803,2026-08-12T09:49:30.975908+00:00,0.07097599655389786,0.07043199986219406,0.07231999933719635,0.07120640004674593,0.0010976948892721218,128.59002968798436,65536,9126805504,0.50390625,0.50390625,0.38176486347963834,0.4122431506849315,34636,1.8921353505023675,19950336,0.3805224609375,"[""64K+""]",False,0.7423534989356995,1.551598310470581,10.677482932806015,531794944,46.0,98.75,1755.0,1593.0,46.0,99.08,1755.0,1593.0
b4_h8192_q1024_csa_profile_sim_ascending_steady,ok,,full,csa_profile_sim,ascending,steady,4,8192,1024,2048,10,30,20260803,2026-08-12T06:31:56.199509+00:00,2.315040111541748,2.1696319580078125,2.409856081008911,2.287228798866272,0.10527602479197984,504.6267227456343,8388608,1168231104512,0.677734375,0.677734375,0.5584174625084868,0.682232582405822,36844,227.67907936163283,21222144,0.4047802734375,"[""8K-16K""]",False,0.7782578468322754,1.5602260828018188,3331.748891621828,820249600,43.0,87.42,1755.0,1593.0,48.0,116.03,1695.0,1593.0
b4_h8192_q1024_csa_profile_sim_descending_steady,ok,,full,csa_profile_sim,descending,steady,4,8192,1024,2048,10,30,20260803,2026-08-12T09:49:12.339396+00:00,2.2321279048919678,2.168544054031372,2.338815927505493,2.258474659919739,0.0703393037030655,523.3710406790246,8388608,1168231104512,0.677734375,0.677734375,0.5584174625084868,0.682232582405822,36844,227.67907936163283,21222144,0.4047802734375,"[""8K-16K""]",False,0.8275620639324188,1.6155652701854706,917.6734425127506,820249600,47.0,91.24,1755.0,1593.0,51.0,119.31,1695.0,1593.0
b4_h8192_q128_csa_profile_sim_ascending_steady,ok,,full,csa_profile_sim,ascending,steady,4,8192,128,2048,10,30,20260803,2026-08-12T06:31:08.311263+00:00,0.3261120021343231,0.3242560029029846,0.33190399408340454,0.326978134115537,0.0026427175429750874,447.7875303830485,1048576,146028888064,0.677734375,0.677734375,0.5584174625084868,0.6855162977005871,33268,31.519057352410726,19162368,0.3654931640625,"[""8K-16K""]",False,0.6167925894260406,0.8180886507034302,411.95691749453545,167707648,44.0,97.32,1755.0,1593.0,44.0,98.11,1755.0,1593.0
b4_h8192_q128_csa_profile_sim_descending_steady,ok,,full,csa_profile_sim,descending,steady,4,8192,128,2048,10,30,20260803,2026-08-12T09:49:28.406408+00:00,0.3256959915161133,0.3246079981327057,0.3314560055732727,0.3262453367312749,0.0019549375404138785,448.3594881970644,1048576,146028888064,0.677734375,0.677734375,0.5584174625084868,0.6855162977005871,33268,31.519057352410726,19162368,0.3654931640625,"[""8K-16K""]",False,0.6637685000896454,0.8160285651683807,119.43741887807846,167707648,46.0,105.81,1755.0,1593.0,48.0,110.07,1755.0,1593.0
b4_h8192_q2_csa_profile_sim_ascending_steady,ok,,full,csa_profile_sim,ascending,steady,4,8192,2,2048,10,30,20260803,2026-08-12T06:31:02.045053+00:00,0.07155200093984604,0.07094399631023407,0.0735040009021759,0.07177493299047152,0.0009156131742566499,31.888715144643296,16384,2281701376,0.677734375,0.677734375,0.5584174625084867,0.6568003913894325,10832,1.5125553914327918,6239232,0.11900390625,"[""8K-16K""]",False,0.42816996574401855,0.6628334522247314,10.190647095441818,114098176,45.0,152.11,1755.0,1593.0,45.0,152.3,1755.0,1593.0
b4_h8192_q2_csa_profile_sim_descending_steady,ok,,full,csa_profile_sim,descending,steady,4,8192,2,2048,10,30,20260803,2026-08-12T09:49:32.355803+00:00,0.07148800045251846,0.07078400254249573,0.07231999933719635,0.07156160026788712,0.0006879705597962617,31.91726389823255,16384,2281701376,0.677734375,0.677734375,0.5584174625084867,0.6568003913894325,10832,1.5125553914327918,6239232,0.11900390625,"[""8K-16K""]",False,0.47721341252326965,0.7261969149112701,4.097994416952133,114098176,46.0,96.75,1755.0,1593.0,46.0,96.67,1755.0,1593.0
b4_h8192_q32_csa_profile_sim_ascending_steady,ok,,full,csa_profile_sim,ascending,steady,4,8192,32,2048,10,30,20260803,2026-08-12T06:31:04.609162+00:00,0.14124800264835358,0.13900800049304962,0.14819200336933136,0.14164799849192303,0.0022274972579223356,258.4618637538344,262144,36507222016,0.677734375,0.677734375,0.5584174625084867,0.6872400929549902,31596,8.296746423597924,18199296,0.3471240234375,"[""8K-16K""]",False,0.5133934319019318,0.585358589887619,107.99556225538254,126862336,44.0,95.42,1755.0,1593.0,44.0,95.99,1755.0,1593.0
b4_h8192_q32_csa_profile_sim_descending_steady,ok,,full,csa_profile_sim,descending,steady,4,8192,32,2048,10,30,20260803,2026-08-12T09:49:30.355139+00:00,0.14195199310779572,0.14006400108337402,0.14579200744628906,0.14232000013192495,0.0016740377692944267,257.1800593759687,262144,36507222016,0.677734375,0.677734375,0.5584174625084867,0.6872400929549902,31596,8.296746423597924,18199296,0.3471240234375,"[""8K-16K""]",False,0.5703121423721313,0.6369203329086304,32.37567096948624,126862336,46.0,98.81,1755.0,1593.0,46.0,99.49,1755.0,1593.0
b4_h8192_q4096_csa_profile_sim_ascending_steady,ok,,full,csa_profile_sim,ascending,steady,4,8192,4096,2048,10,30,20260803,2026-08-12T06:32:53.667641+00:00,9.032511711120605,8.733535766601562,9.45030403137207,9.086638927459717,0.19781650622394029,517.344960903268,33554432,4672924418048,0.677734375,0.677734375,0.5584174625084868,0.6757343090676982,49136,682.8889612504071,28302336,0.53982421875,"[""8K-16K""]",False,0.882662832736969,5.694422870874405,12894.0782956779,2092958720,43.0,88.89,1755.0,1593.0,54.0,198.19,1620.0,1593.0
b4_h8192_q4096_csa_profile_sim_descending_steady,ok,,full,csa_profile_sim,descending,steady,4,8192,4096,2048,10,30,20260803,2026-08-12T09:48:50.493882+00:00,9.031647682189941,9.02451229095459,9.198752403259277,9.062092844645182,0.06860338988548097,517.3944536457977,33554432,4672924418048,0.677734375,0.677734375,0.5584174625084868,0.6757343090676982,49136,682.8889612504071,28302336,0.53982421875,"[""8K-16K""]",False,0.8279569447040558,5.6275129318237305,3916.548490524292,2092958720,46.0,93.13,1755.0,1593.0,53.0,202.02,1680.0,1593.0
b4_h8192_q512_csa_profile_sim_ascending_steady,ok,,full,csa_profile_sim,ascending,steady,4,8192,512,2048,10,30,20260803,2026-08-12T06:31:24.984266+00:00,1.0996160507202148,1.0964800119400024,1.169119954109192,1.113912538687388,0.027415083639990734,531.1995508554302,4194304,584115552256,0.677734375,0.677734375,0.5584174625084868,0.6842721838307241,34796,120.53983216461663,20042496,0.3822802734375,"[""8K-16K""]",False,0.7027722895145416,0.9848698973655701,1635.8440443873405,609223680,43.0,88.58,1755.0,1593.0,45.0,103.73,1725.0,1593.0
b4_h8192_q512_csa_profile_sim_descending_steady,ok,,full,csa_profile_sim,descending,steady,4,8192,512,2048,10,30,20260803,2026-08-12T09:49:22.534296+00:00,1.096992015838623,1.0938559770584106,1.1476160287857056,1.111844265460968,0.02251525899082116,532.4701946982341,4194304,584115552256,0.677734375,0.677734375,0.5584174625084868,0.6842721838307241,34796,120.53983216461663,20042496,0.3822802734375,"[""8K-16K""]",False,0.7385425269603729,0.9476356208324432,454.71008494496346,609223680,47.0,106.3,1755.0,1593.0,51.0,122.72,1725.0,1593.0
b4_h8192_q8_csa_profile_sim_ascending_steady,ok,,full,csa_profile_sim,ascending,steady,4,8192,8,2048,10,30,20260803,2026-08-12T06:31:03.022243+00:00,0.0697920024394989,0.0692799985408783,0.07481600344181061,0.07023893396059672,0.0014195047067032576,130.77150941344345,65536,9126805504,0.677734375,0.677734375,0.5584174625084867,0.674045988258317,20912,3.13389441469013,12045312,0.22974609375,"[""8K-16K""]",False,0.5286112427711487,0.5879104137420654,29.666978865861893,117550080,44.0,94.24,1755.0,1593.0,44.0,94.51,1755.0,1593.0
b4_h8192_q8_csa_profile_sim_descending_steady,ok,,full,csa_profile_sim,descending,steady,4,8192,8,2048,10,30,20260803,2026-08-12T09:49:31.220478+00:00,0.06947200000286102,0.06915199756622314,0.07142399996519089,0.06975893378257751,0.0008279074237667793,131.37387010053166,65536,9126805504,0.677734375,0.677734375,0.5584174625084867,0.674045988258317,20912,3.13389441469013,12045312,0.22974609375,"[""8K-16K""]",False,0.5654692649841309,0.599883496761322,9.752348065376282,117550080,46.0,98.72,1755.0,1593.0,46.0,98.32,1755.0,1593.0
b64_h131072_q1024_csa_profile_sim_ascending_steady,ok,,full,csa_profile_sim,ascending,steady,64,131072,1024,2048,10,30,20260803,2026-08-12T07:43:08.339133+00:00,42.28883361816406,39.869537353515625,43.833534240722656,42.04910875956217,1.6501022695847005,442.0007853837679,134217728,18691697672192,0.50390625,0.50390625,0.3817648634796384,0.40787322460555286,8293220,16.184030810710436,4776894720,91.1120361328125,"[""64K+""]",True,1.4324523508548737,61.088915914297104,64449.18692111969,12150899712,44.0,100.84,1695.0,1593.0,60.0,339.48,1575.0,1593.0
b64_h131072_q1024_csa_profile_sim_descending_steady,ok,,full,csa_profile_sim,descending,steady,64,131072,1024,2048,10,30,20260803,2026-08-12T09:39:50.887574+00:00,43.30390548706055,40.260894775390625,44.106239318847656,42.54872207641601,1.5350802200649218,431.63999786987307,134217728,18691697672192,0.50390625,0.50390625,0.3817648634796384,0.40787322460555286,8293220,16.184030810710436,4776894720,91.1120361328125,"[""64K+""]",True,1.8518604338169098,63.17245960235596,4865.119032561779,12150899712,55.0,108.66,1710.0,1593.0,70.0,339.46,1545.0,1593.0
b64_h131072_q128_csa_profile_sim_ascending_steady,ok,,full,csa_profile_sim,ascending,steady,64,131072,128,2048,10,30,20260803,2026-08-12T07:27:21.108353+00:00,5.314591884613037,5.218527793884277,5.421088218688965,5.3152586936950685,0.07161475589777239,439.6315389312572,16777216,2336462209024,0.50390625,0.50390625,0.3817648634796384,0.4081718310451321,4228776,3.9673929288285783,2435774976,46.458720703125,"[""64K+""]",True,1.0924004018306732,42.04782843589783,8088.896952569485,6057100288,42.0,87.77,1755.0,1593.0,49.0,148.88,1500.0,1593.0
b64_h131072_q128_csa_profile_sim_descending_steady,ok,,full,csa_profile_sim,descending,steady,64,131072,128,2048,10,30,20260803,2026-08-12T09:41:22.982182+00:00,5.409984111785889,5.293312072753906,5.420191764831543,5.374042654037476,0.05550932082539927,431.8796803735364,16777216,2336462209024,0.50390625,0.50390625,0.3817648634796384,0.4081718310451321,4228776,3.9673929288285783,2435774976,46.458720703125,"[""64K+""]",True,1.0174959897994995,44.252362102270126,585.759561508894,6057100288,54.0,172.05,1755.0,1593.0,60.0,169.93,1680.0,1593.0
b64_h131072_q2_csa_profile_sim_ascending_steady,ok,,full,csa_profile_sim,ascending,steady,64,131072,2,2048,10,30,20260803,2026-08-12T07:25:54.319060+00:00,0.16838400065898895,0.16489599645137787,0.17190399765968323,0.16833066691954932,0.0020882766040840324,216.80932792382322,262144,36507222016,0.50390625,0.50390625,0.3817648634796384,0.4031158268101761,196096,1.3368146214099217,112951296,2.154375,"[""64K+""]",True,0.76274573802948,39.614878594875336,151.78123861551285,5222573056,51.0,114.32,1755.0,1593.0,51.0,116.15,1755.0,1593.0
b64_h131072_q2_csa_profile_sim_descending_steady,ok,,full,csa_profile_sim,descending,steady,64,131072,2,2048,10,30,20260803,2026-08-12T09:41:36.016227+00:00,0.1706559956073761,0.16710400581359863,0.17481599748134613,0.1707104002436002,0.0022717460736120915,213.922879685934,262144,36507222016,0.50390625,0.50390625,0.3817648634796384,0.4031158268101761,196096,1.3368146214099217,112951296,2.154375,"[""64K+""]",True,0.7834173738956451,42.28807985782623,18.605343997478485,5222573056,57.0,175.94,1755.0,1593.0,57.0,172.95,1755.0,1593.0
b64_h131072_q32_csa_profile_sim_ascending_steady,ok,,full,csa_profile_sim,ascending,steady,64,131072,32,2048,10,30,20260803,2026-08-12T07:26:15.454419+00:00,1.3041280508041382,1.275488018989563,1.3595839738845825,1.2994336088498433,0.023291640430901647,447.89739159113145,4194304,584115552256,0.50390625,0.50390625,0.3817648634796384,0.4076288450954012,1692272,2.478504637552356,974748672,18.59185546875,"[""64K+""]",True,0.8500292897224426,40.005821734666824,2074.29888099432,5422187520,44.0,88.85,1755.0,1593.0,46.0,106.74,1725.0,1593.0
b64_h131072_q32_csa_profile_sim_descending_steady,ok,,full,csa_profile_sim,descending,steady,64,131072,32,2048,10,30,20260803,2026-08-12T09:41:31.322768+00:00,1.289023995399475,1.2825599908828735,1.384992003440857,1.3200053254763284,0.045037104017216056,453.14560034623685,4194304,584115552256,0.50390625,0.50390625,0.3817648634796384,0.4076288450954012,1692272,2.478504637552356,974748672,18.59185546875,"[""64K+""]",True,0.9020417928695679,42.811326682567596,163.77829760313034,5422187520,55.0,155.45,1740.0,1593.0,56.0,161.74,1635.0,1593.0
b64_h131072_q4096_csa_profile_sim_ascending_steady,ok,,full,csa_profile_sim,ascending,steady,64,131072,4096,2048,10,30,20260803,2026-08-12T08:10:37.521823+00:00,172.73919677734375,167.461181640625,174.95452880859375,171.82418416341145,2.7642159722763533,432.83048713686225,536870912,74766790688768,0.50390625,0.50390625,0.3817648634796384,0.4078972698891,8650420,62.06298792428576,4982641920,95.0363525390625,"[""64K+""]",True,2.385620027780533,126.50084868073463,261592.21689403057,34108081152,45.0,135.65,1725.0,1593.0,70.0,339.77,1560.0,1593.0
b64_h131072_q4096_csa_profile_sim_descending_steady,ok,,full,csa_profile_sim,descending,steady,64,131072,4096,2048,10,30,20260803,2026-08-12T09:36:41.721282+00:00,174.59336853027344,168.2357177734375,176.25311279296875,173.92953643798828,2.382777818033792,428.23385171014604,536870912,74766790688768,0.50390625,0.50390625,0.3817648634796384,0.4078972698891,8650420,62.06298792428576,4982641920,95.0363525390625,"[""64K+""]",True,46.83211073279381,123.4888844192028,19456.60910382867,34108081152,54.0,138.03,1680.0,1593.0,74.0,336.96,1635.0,1593.0
b64_h131072_q512_csa_profile_sim_ascending_steady,ok,,full,csa_profile_sim,ascending,steady,64,131072,512,2048,30,100,20260803,2026-08-12T09:55:37.076079+00:00,22.278303146362305,20.854496002197266,22.57891273498535,22.07032703399658,0.6470949721887295,419.5045185756003,67108864,9345848836096,0.50390625,0.50390625,0.3817648634796384,0.40844272680711835,7421228,9.042824718496723,4274627328,81.5320458984375,"[""64K+""]",True,1.1150278151035309,49.05734211206436,2269.02824267745,8600421376,66.0,113.32,1755.0,1593.0,80.0,335.62,1635.0,1593.0
b64_h131072_q512_csa_profile_sim_descending_steady,ok,,full,csa_profile_sim,descending,steady,64,131072,512,2048,30,100,20260803,2026-08-12T09:56:09.611039+00:00,22.174400329589844,21.65692710876465,23.178592681884766,22.332269821166992,0.4907517648194972,421.47019523340896,67108864,9345848836096,0.50390625,0.50390625,0.3817648634796384,0.40844272680711835,7421228,9.042824718496723,4274627328,81.5320458984375,"[""64K+""]",True,1.2860968708992004,52.5326281785965,2313.3213073015213,8600421376,69.0,118.73,1755.0,1593.0,80.0,338.23,1680.0,1593.0
b64_h131072_q8_csa_profile_sim_ascending_steady,ok,,full,csa_profile_sim,ascending,steady,64,131072,8,2048,10,30,20260803,2026-08-12T07:25:59.793637+00:00,0.3909440040588379,0.3891200125217438,0.39667201042175293,0.39165013333161675,0.0023647114512087507,373.52891091283334,1048576,146028888064,0.50390625,0.50390625,0.3817648634796384,0.40714820817025443,555824,1.8865252310083767,320154624,6.10646484375,"[""64K+""]",True,0.8689090609550476,39.649296551942825,552.0174540579319,5262312448,47.0,106.15,1755.0,1593.0,47.0,110.69,1755.0,1593.0
b64_h131072_q8_csa_profile_sim_descending_steady,ok,,full,csa_profile_sim,descending,steady,64,131072,8,2048,10,30,20260803,2026-08-12T09:41:34.222713+00:00,0.3919999897480011,0.38892799615859985,0.3973439931869507,0.39211946725845337,0.0025380913244807974,372.52268337526056,1048576,146028888064,0.50390625,0.50390625,0.3817648634796384,0.40714820817025443,555824,1.8865252310083767,320154624,6.10646484375,"[""64K+""]",True,0.895816832780838,42.510904371738434,48.26578125357628,5262312448,57.0,183.81,1755.0,1593.0,58.0,188.35,1755.0,1593.0
b64_h16384_q1024_csa_profile_sim_ascending_steady,ok,,full,csa_profile_sim,ascending,steady,64,16384,1024,2048,10,30,20260803,2026-08-12T07:39:52.271230+00:00,38.3702392578125,36.51929473876953,39.62492752075195,38.6277416229248,0.9145547692530244,487.14050351891444,134217728,18691697672192,0.6015625,0.6015625,0.4795130637871586,0.5724432659709058,1113848,120.49914171412975,641576448,12.237099609375,"[""16K-32K""]",False,1.2670867145061493,26.929911226034164,67249.6602088213,7923041280,42.0,98.42,1710.0,1593.0,61.0,339.28,1620.0,1593.0
b64_h16384_q1024_csa_profile_sim_descending_steady,ok,,full,csa_profile_sim,descending,steady,64,16384,1024,2048,10,30,20260803,2026-08-12T09:40:10.326440+00:00,38.7880973815918,38.4486083984375,40.48787307739258,39.18715731302897,0.7600300842545429,481.8926148479451,134217728,18691697672192,0.6015625,0.6015625,0.4795130637871586,0.5724432659709058,1113848,120.49914171412975,641576448,12.237099609375,"[""16K-32K""]",False,1.4643594622612,27.154266834259033,4879.331670701504,7923041280,56.0,106.26,1740.0,1593.0,70.0,339.28,1590.0,1593.0
b64_h16384_q128_csa_profile_sim_ascending_steady,ok,,full,csa_profile_sim,ascending,steady,64,16384,128,2048,10,30,20260803,2026-08-12T07:26:55.633569+00:00,4.825215816497803,4.619040012359619,4.959680080413818,4.834833097457886,0.09790964309187461,484.2192137884169,16777216,2336462209024,0.6015625,0.6015625,0.4795130637871586,0.5749306277519569,1047008,16.02396161251872,603076608,11.5027734375,"[""16K-32K""]",False,0.9327642619609833,7.758986204862595,8526.622835546732,1829241856,42.0,89.13,1755.0,1593.0,48.0,144.89,1650.0,1593.0
b64_h16384_q128_csa_profile_sim_descending_steady,ok,,full,csa_profile_sim,descending,steady,64,16384,128,2048,10,30,20260803,2026-08-12T09:41:25.980633+00:00,4.970367908477783,4.838367938995361,4.990143775939941,4.955424006779989,0.05855483887598922,470.07832258026167,16777216,2336462209024,0.6015625,0.6015625,0.4795130637871586,0.5749306277519569,1047008,16.02396161251872,603076608,11.5027734375,"[""16K-32K""]",False,0.9228214621543884,7.885098457336426,607.9370863735676,1829241856,54.0,156.64,1755.0,1593.0,58.0,153.02,1530.0,1593.0
b64_h16384_q2_csa_profile_sim_ascending_steady,ok,,full,csa_profile_sim,ascending,steady,64,16384,2,2048,10,30,20260803,2026-08-12T07:25:53.440889+00:00,0.16649599373340607,0.16387200355529785,0.1727360039949417,0.16679466714461644,0.0023326121849101245,219.26787063991154,262144,36507222016,0.6015625,0.6015625,0.47951306378715863,0.5689212328767124,183296,1.4301675977653632,105578496,2.01375,"[""16K-32K""]",False,0.6123296916484833,5.244322121143341,183.00022184848785,994714624,52.0,102.72,1755.0,1593.0,52.0,104.03,1755.0,1593.0
b64_h16384_q2_csa_profile_sim_descending_steady,ok,,full,csa_profile_sim,descending,steady,64,16384,2,2048,10,30,20260803,2026-08-12T09:41:36.511384+00:00,0.16921600699424744,0.16495999693870544,0.17084799706935883,0.1688981334368388,0.001993147790418502,215.7433133216592,262144,36507222016,0.6015625,0.6015625,0.47951306378715863,0.5689212328767124,183296,1.4301675977653632,105578496,2.01375,"[""16K-32K""]",False,0.6221868097782135,5.575906485319138,18.08711513876915,994714624,55.0,165.48,1755.0,1593.0,55.0,156.89,1755.0,1593.0
b64_h16384_q32_csa_profile_sim_ascending_steady,ok,,full,csa_profile_sim,ascending,steady,64,16384,32,2048,10,30,20260803,2026-08-12T07:26:08.250293+00:00,1.2146879434585571,1.1814080476760864,1.2636480331420898,1.2103381315867106,0.024866963634409697,480.8770478060886,4194304,584115552256,0.6015625,0.6015625,0.47951306378715863,0.5735842710371819,819988,5.11507973287414,472313088,9.0086572265625,"[""16K-32K""]",False,0.8441582322120667,5.650009959936142,2373.09892475605,1194329088,45.0,89.72,1755.0,1593.0,48.0,104.99,1665.0,1593.0
b64_h16384_q32_csa_profile_sim_descending_steady,ok,,full,csa_profile_sim,descending,steady,64,16384,32,2048,10,30,20260803,2026-08-12T09:41:32.376865+00:00,1.2093440294265747,1.2004799842834473,1.2839679718017578,1.2372074604034424,0.03582186246450079,483.001973005949,4194304,584115552256,0.6015625,0.6015625,0.47951306378715863,0.5735842710371819,819988,5.11507973287414,472313088,9.0086572265625,"[""16K-32K""]",False,0.7164850831031799,6.029576063156128,156.03163465857506,1194329088,55.0,159.54,1740.0,1593.0,57.0,154.45,1725.0,1593.0
b64_h16384_q4096_csa_profile_sim_ascending_steady,ok,,full,csa_profile_sim,ascending,steady,64,16384,4096,2048,10,30,20260803,2026-08-12T07:57:38.935488+00:00,156.7447052001953,150.43017578125,159.91526794433594,156.08199106852214,3.205972523757925,476.99723313317276,536870912,74766790688768,0.6015625,0.6015625,0.4795130637871586,0.5661711795456021,1310484,409.67376328135254,754838784,14.3974072265625,"[""16K-32K""]",False,1.89179927110672,92.61256083846092,263943.8629373908,29880222720,47.0,130.27,1695.0,1593.0,74.0,342.03,1545.0,1593.0
b64_h16384_q4096_csa_profile_sim_descending_steady,ok,,full,csa_profile_sim,descending,steady,64,16384,4096,2048,10,30,20260803,2026-08-12T09:38:00.380323+00:00,158.16680908203125,151.3970184326172,161.84185791015625,157.93527425130208,3.2488349216785313,472.7084722939003,536870912,74766790688768,0.6015625,0.6015625,0.4795130637871586,0.5661711795456021,1310484,409.67376328135254,754838784,14.3974072265625,"[""16K-32K""]",False,2.0007044076919556,92.19149500131607,19250.45321881771,29880222720,54.0,134.54,1695.0,1593.0,78.0,337.0,1635.0,1593.0
b64_h16384_q512_csa_profile_sim_ascending_steady,ok,,full,csa_profile_sim,ascending,steady,64,16384,512,2048,10,30,20260803,2026-08-12T07:31:25.967583+00:00,19.247072219848633,19.236480712890625,19.267168045043945,19.24888865152995,0.009931546215235156,485.57249275856356,67108864,9345848836096,0.6015625,0.6015625,0.4795130637871586,0.5733509399652947,1081116,62.0736942196767,622722816,11.8774951171875,"[""16K-32K""]",False,0.9641386568546295,16.081124544143677,34007.48871266842,4372562944,42.0,91.28,1755.0,1593.0,53.0,304.65,1740.0,1593.0
b64_h16384_q512_csa_profile_sim_descending_steady,ok,,full,csa_profile_sim,descending,steady,64,16384,512,2048,10,30,20260803,2026-08-12T09:40:59.743188+00:00,19.43769645690918,19.385183334350586,19.827775955200195,19.521836853027345,0.16235393613776386,480.8105146005608,67108864,9345848836096,0.6015625,0.6015625,0.4795130637871586,0.5733509399652947,1081116,62.0736942196767,622722816,11.8774951171875,"[""16K-32K""]",False,1.0150261223316193,16.210265457630157,2410.9314754605293,4372562944,56.0,101.52,1755.0,1593.0,64.0,312.04,1635.0,1593.0
b64_h16384_q8_csa_profile_sim_ascending_steady,ok,,full,csa_profile_sim,ascending,steady,64,16384,8,2048,10,30,20260803,2026-08-12T07:25:57.574533+00:00,0.36931198835372925,0.3670719861984253,0.3728320002555847,0.36951466600100197,0.002141762292687543,395.4079279011453,1048576,146028888064,0.6015625,0.6015625,0.47951306378715863,0.5712795070939335,413248,2.5374012699396005,238030848,4.540078125,"[""16K-32K""]",False,0.7254518568515778,5.495909601449966,589.8754708468914,1034454016,48.0,97.12,1755.0,1593.0,50.0,101.89,1755.0,1593.0
b64_h16384_q8_csa_profile_sim_descending_steady,ok,,full,csa_profile_sim,descending,steady,64,16384,8,2048,10,30,20260803,2026-08-12T09:41:34.846292+00:00,0.3709760010242462,0.3689599931240082,0.37571200728416443,0.37128000060717264,0.0019184137033165906,393.6343258346134,1048576,146028888064,0.6015625,0.6015625,0.47951306378715863,0.5712795070939335,413248,2.5374012699396005,238030848,4.540078125,"[""16K-32K""]",False,0.7246620953083038,5.691688507795334,56.95591866970062,1034454016,55.0,154.67,1755.0,1593.0,56.0,158.21,1755.0,1593.0
b64_h2048_q1024_csa_profile_sim_ascending_steady,ok,,full,csa_profile_sim,ascending,steady,64,2048,1024,2048,10,30,20260803,2026-08-12T07:34:45.816391+00:00,38.49718475341797,36.02931213378906,39.62998580932617,37.99132703145345,1.5850492319700693,485.5341446891765,134217728,18691697672192,0.8476906158357771,0.8476906158357771,0.7225277525393718,0.9692083310241102,196500,683.0418727735369,113184000,2.1588134765625,"[""2K-8K""]",False,1.547008752822876,23.9260271191597,216081.0945406556,7394558976,43.0,99.17,1755.0,1593.0,61.0,339.91,1590.0,1593.0
b64_h2048_q1024_csa_profile_sim_descending_steady,ok,,full,csa_profile_sim,descending,steady,64,2048,1024,2048,10,30,20260803,2026-08-12T09:40:26.735401+00:00,38.66342544555664,36.10316848754883,41.62480163574219,38.316813151041664,1.8046332203427848,483.4464990307817,134217728,18691697672192,0.8476906158357771,0.8476906158357771,0.7225277525393718,0.9692083310241102,196500,683.0418727735369,113184000,2.1588134765625,"[""2K-8K""]",False,1.191556453704834,22.55253493785858,14484.39134657383,7394558976,52.0,103.94,1740.0,1593.0,67.0,341.01,1665.0,1593.0
b64_h2048_q128_csa_profile_sim_ascending_steady,ok,,full,csa_profile_sim,ascending,steady,64,2048,128,2048,10,30,20260803,2026-08-12T07:26:22.692336+00:00,4.662847995758057,4.453536033630371,4.6694722175598145,4.5932085355122885,0.08853667719043715,501.0805008333009,16777216,2336462209024,0.968996062992126,0.968996062992126,0.7225277525393718,0.9973058532595401,139264,120.47058823529412,80216064,1.53,"[""2K-8K""]",False,0.9007714688777924,3.756050020456314,20766.855355352163,1300759552,42.0,88.82,1755.0,1593.0,48.0,144.05,1515.0,1593.0
b64_h2048_q128_csa_profile_sim_descending_steady,ok,,full,csa_profile_sim,descending,steady,64,2048,128,2048,10,30,20260803,2026-08-12T09:41:28.405260+00:00,4.884704113006592,4.763743877410889,4.900224208831787,4.837857087453206,0.07489086330191061,478.3221572833161,16777216,2336462209024,0.968996062992126,0.968996062992126,0.7225277525393718,0.9973058532595401,139264,120.47058823529412,80216064,1.53,"[""2K-8K""]",False,0.842362642288208,3.4728236496448517,1391.7262554168701,1300759552,53.0,95.85,1755.0,1593.0,60.0,148.09,1635.0,1593.0
b64_h2048_q2_csa_profile_sim_ascending_steady,ok,,full,csa_profile_sim,ascending,steady,64,2048,2,2048,10,30,20260803,2026-08-12T07:25:51.973997+00:00,0.1573760062456131,0.15568000078201294,0.16143999993801117,0.1576970671614011,0.0015487567751895877,231.97451051734035,262144,36507222016,1.0,1.0,0.7225277525393718,1.0,131072,2.0,75497472,1.44,"[""2K-8K""]",False,0.6827265024185181,1.2597627937793732,686.5834444761276,466232320,55.0,130.08,1755.0,1593.0,54.0,107.48,1755.0,1593.0
b64_h2048_q2_csa_profile_sim_descending_steady,ok,,full,csa_profile_sim,descending,steady,64,2048,2,2048,10,30,20260803,2026-08-12T09:41:37.035741+00:00,0.15753600001335144,0.15590399503707886,0.16201600432395935,0.15816213538249332,0.0019737488611598964,231.73891690093663,262144,36507222016,1.0,1.0,0.7225277525393718,1.0,131072,2.0,75497472,1.44,"[""2K-8K""]",False,0.5854405462741852,1.0707862675189972,62.42607161402702,466232320,53.0,111.99,1755.0,1593.0,53.0,107.68,1755.0,1593.0
b64_h2048_q32_csa_profile_sim_ascending_steady,ok,,full,csa_profile_sim,ascending,steady,64,2048,32,2048,10,30,20260803,2026-08-12T07:26:02.111686+00:00,1.13481605052948,1.1311999559402466,1.178048014640808,1.1494666616121927,0.020630504640132035,514.7226742021005,4194304,584115552256,0.9924395161290321,0.9924395161290321,0.7225277525393718,0.998171095278865,133120,31.50769230769231,76677120,1.4625,"[""2K-8K""]",False,0.6677135825157166,1.6049742698669434,2447.482969611883,665846784,46.0,90.32,1755.0,1593.0,48.0,106.66,1740.0,1593.0
b64_h2048_q32_csa_profile_sim_descending_steady,ok,,full,csa_profile_sim,descending,steady,64,2048,32,2048,10,30,20260803,2026-08-12T09:41:33.300584+00:00,1.1502399444580078,1.146399974822998,1.219648003578186,1.1630335887273153,0.026827231947466234,507.82061175178086,4194304,584115552256,0.9924395161290321,0.9924395161290321,0.7225277525393718,0.998171095278865,133120,31.50769230769231,76677120,1.4625,"[""2K-8K""]",False,0.7041990756988525,1.4303363859653473,170.07365822792053,665846784,55.0,146.44,1740.0,1593.0,56.0,160.93,1710.0,1593.0
b64_h2048_q4096_csa_profile_sim_ascending_steady,ok,,full,csa_profile_sim,ascending,steady,64,2048,4096,2048,10,30,20260803,2026-08-12T07:46:28.604433+00:00,157.6564483642578,150.96009826660156,161.41436767578125,157.18234608968098,3.3041829333143924,474.23870995763417,536870912,74766790688768,0.8212912087912088,0.8212912087912088,0.7225277525393718,0.8932325359426598,392876,1366.5149105570206,226296576,4.3162646484375,"[""2K-8K""]",False,1.9959025084972382,86.7769867181778,328455.22278547287,29351740416,50.0,132.71,1740.0,1593.0,76.0,331.31,1710.0,1593.0
b64_h2048_q4096_csa_profile_sim_descending_steady,ok,,full,csa_profile_sim,descending,steady,64,2048,4096,2048,10,30,20260803,2026-08-12T09:39:07.283333+00:00,157.63023376464844,148.97152709960938,162.19891357421875,157.60401662190756,3.9339312034084855,474.31757793621864,536870912,74766790688768,0.8212912087912088,0.8212912087912088,0.7225277525393718,0.8932325359426598,392876,1366.5149105570206,226296576,4.3162646484375,"[""2K-8K""]",False,2.0119212567806244,88.49889412522316,23192.4558095634,29351740416,54.0,133.47,1635.0,1593.0,78.0,337.25,1635.0,1593.0
b64_h2048_q512_csa_profile_sim_ascending_steady,ok,,full,csa_profile_sim,ascending,steady,64,2048,512,2048,10,30,20260803,2026-08-12T07:27:46.643144+00:00,18.04729652404785,18.035327911376953,18.06220817565918,18.04913075764974,0.011101763521607062,517.8531213050522,67108864,9345848836096,0.882950097847358,0.882950097847358,0.7225277525393718,0.9927081501880504,163776,409.76006252442363,94334976,1.799296875,"[""2K-8K""]",False,0.9566359221935272,12.106150388717651,173039.2798744142,3844080640,42.0,91.27,1755.0,1593.0,53.0,311.53,1725.0,1593.0
b64_h2048_q512_csa_profile_sim_descending_steady,ok,,full,csa_profile_sim,descending,steady,64,2048,512,2048,10,30,20260803,2026-08-12T09:41:08.112577+00:00,18.10166358947754,18.054624557495117,18.25279998779297,18.17707945505778,0.24632712961977193,516.2977861067268,67108864,9345848836096,0.882950097847358,0.882950097847358,0.7225277525393718,0.9927081501880504,163776,409.76006252442363,94334976,1.799296875,"[""2K-8K""]",False,2.4039894342422485,11.475563049316406,11821.074426174164,3844080640,50.0,96.9,1755.0,1593.0,60.0,310.38,1680.0,1593.0
b64_h2048_q8_csa_profile_sim_ascending_steady,ok,,full,csa_profile_sim,ascending,steady,64,2048,8,2048,10,30,20260803,2026-08-12T07:25:55.466714+00:00,0.3384000062942505,0.3365119993686676,0.3407680094242096,0.338741335272789,0.001719749096414868,431.5274389712122,1048576,146028888064,0.998325892857143,0.998325892857143,0.7225277525393718,0.9993196550880626,131584,7.968871595330739,75792384,1.445625,"[""2K-8K""]",False,0.6622299551963806,1.3485141098499298,788.560900837183,505971712,50.0,96.58,1755.0,1593.0,50.0,100.23,1755.0,1593.0
b64_h2048_q8_csa_profile_sim_descending_steady,ok,,full,csa_profile_sim,descending,steady,64,2048,8,2048,10,30,20260803,2026-08-12T09:41:35.305700+00:00,0.342848002910614,0.3415679931640625,0.3460800051689148,0.3433535973230998,0.0017004319885394698,425.9289446760233,1048576,146028888064,0.998325892857143,0.998325892857143,0.7225277525393718,0.9993196550880626,131584,7.968871595330739,75792384,1.445625,"[""2K-8K""]",False,0.6783641874790192,1.2689046561717987,73.71851056814194,505971712,55.0,131.01,1755.0,1593.0,55.0,130.39,1755.0,1593.0
b64_h262144_q1024_csa_profile_sim_ascending_steady,ok,,full,csa_profile_sim,ascending,steady,64,262144,1024,2048,10,30,20260803,2026-08-12T07:44:14.671050+00:00,41.88630294799805,40.156959533691406,45.767967224121094,42.3979081471761,1.9232251373663956,446.2484477419215,134217728,18691697672192,0.50390625,0.50390625,0.3817648634796384,0.4072101988671111,13792144,9.731462200510668,7944274944,151.52501953125,"[""64K+""]",True,1.7055943608283997,100.40701925754547,64932.71282315254,16982737920,48.0,101.7,1650.0,1593.0,63.0,341.15,1665.0,1593.0
b64_h262144_q1024_csa_profile_sim_descending_steady,ok,,full,csa_profile_sim,descending,steady,64,262144,1024,2048,10,30,20260803,2026-08-12T09:39:43.963665+00:00,43.73516845703125,40.40800094604492,44.462337493896484,42.84238395690918,1.5910303255162446,427.38368986862696,134217728,18691697672192,0.50390625,0.50390625,0.3817648634796384,0.4072101988671111,13792144,9.731462200510668,7944274944,151.52501953125,"[""64K+""]",True,1.691330224275589,104.76679354906082,4933.3759024739265,16982737920,55.0,109.44,1695.0,1593.0,71.0,337.53,1560.0,1593.0
b64_h262144_q128_csa_profile_sim_ascending_steady,ok,,full,csa_profile_sim,ascending,steady,64,262144,128,2048,10,30,20260803,2026-08-12T07:27:29.604739+00:00,5.259232044219971,5.05347204208374,5.407455921173096,5.283578681945801,0.09669285423209621,444.2591978028106,16777216,2336462209024,0.50390625,0.50390625,0.3817648634796384,0.40711810864114484,4537408,3.6975330408903058,2613547008,49.849453125,"[""64K+""]",True,1.2713894248008728,82.41074532270432,8027.891866862774,10888938496,43.0,87.91,1755.0,1593.0,48.0,150.45,1680.0,1593.0
b64_h262144_q128_csa_profile_sim_descending_steady,ok,,full,csa_profile_sim,descending,steady,64,262144,128,2048,10,30,20260803,2026-08-12T09:41:21.948918+00:00,5.375807762145996,5.2893757820129395,5.508096218109131,5.37422399520874,0.054587347780510866,434.625327467308,16777216,2336462209024,0.50390625,0.50390625,0.3817648634796384,0.40711810864114484,4537408,3.6975330408903058,2613547008,49.849453125,"[""64K+""]",True,1.217864453792572,86.23099699616432,588.3285105228424,10888938496,54.0,175.11,1755.0,1593.0,61.0,179.52,1710.0,1593.0
b64_h262144_q2_csa_profile_sim_ascending_steady,ok,,full,csa_profile_sim,ascending,steady,64,262144,2,2048,10,30,20260803,2026-08-12T07:25:54.634177+00:00,0.16835199296474457,0.16607999801635742,0.1708800047636032,0.168477867046992,0.0015330849603492507,216.85054850313034,262144,36507222016,0.50390625,0.50390625,0.3817648634796384,0.4043389187866928,196096,1.3368146214099217,112951296,2.154375,"[""64K+""]",True,0.9362585842609406,78.9608545601368,150.17522871494293,10054411264,52.0,130.72,1755.0,1593.0,52.0,131.58,1755.0,1593.0
b64_h262144_q2_csa_profile_sim_descending_steady,ok,,full,csa_profile_sim,descending,steady,64,262144,2,2048,10,30,20260803,2026-08-12T09:41:35.804179+00:00,0.1703680008649826,0.1671999990940094,0.17209599912166595,0.1701930676897367,0.0018567857515429758,214.28450079033405,262144,36507222016,0.50390625,0.50390625,0.3817648634796384,0.4043389187866928,196096,1.3368146214099217,112951296,2.154375,"[""64K+""]",True,0.9445808827877045,84.2706561088562,17.165865749120712,10054411264,58.0,171.11,1755.0,1593.0,56.0,168.52,1755.0,1593.0
b64_h262144_q32_csa_profile_sim_ascending_steady,ok,,full,csa_profile_sim,ascending,steady,64,262144,32,2048,10,30,20260803,2026-08-12T07:26:17.775112+00:00,1.2903039455413818,1.2805119752883911,1.3731839656829834,1.3064778645833333,0.03213093400396027,452.69609092834213,4194304,584115552256,0.50390625,0.50390625,0.3817648634796384,0.4066551492172211,1717768,2.4417173914055916,989434368,18.871962890625,"[""64K+""]",True,1.03725865483284,79.12463694810867,2070.491522550583,10254025728,44.0,88.73,1755.0,1593.0,46.0,107.13,1740.0,1593.0
b64_h262144_q32_csa_profile_sim_descending_steady,ok,,full,csa_profile_sim,descending,steady,64,262144,32,2048,10,30,20260803,2026-08-12T09:41:30.706030+00:00,1.333791971206665,1.2844799757003784,1.4096640348434448,1.3351061304410299,0.0413978276866678,437.9360236570909,4194304,584115552256,0.50390625,0.50390625,0.3817648634796384,0.4066551492172211,1717768,2.4417173914055916,989434368,18.871962890625,"[""64K+""]",True,1.0739006102085114,84.9829651415348,310.6437847018242,10254025728,55.0,166.89,1755.0,1593.0,57.0,154.18,1695.0,1593.0
b64_h262144_q4096_csa_profile_sim_ascending_steady,ok,,full,csa_profile_sim,ascending,steady,64,262144,4096,2048,10,30,20260803,2026-08-12T08:15:06.387562+00:00,174.39910888671875,168.538330078125,175.86956787109375,173.44678700764973,2.4408353158801352,428.71085274485495,536870912,74766790688768,0.50390625,0.50390625,0.3817648634796384,0.40705555805721394,17010472,31.56120018304019,9798031872,186.882626953125,"[""64K+""]",True,2.2955238819122314,166.46960005164146,261072.03602790833,38939919360,47.0,135.39,1650.0,1593.0,71.0,340.84,1635.0,1593.0
b64_h262144_q4096_csa_profile_sim_descending_steady,ok,,full,csa_profile_sim,descending,steady,64,262144,4096,2048,10,30,20260803,2026-08-12T09:36:14.786950+00:00,175.33392333984375,170.55882263183594,177.94125366210938,175.06647644042968,2.3549800682041164,426.42512791919955,536870912,74766790688768,0.50390625,0.50390625,0.3817648634796384,0.40705555805721394,17010472,31.56120018304019,9798031872,186.882626953125,"[""64K+""]",True,62.472131103277206,162.20048815011978,19420.96895352006,38939919360,51.0,141.42,1710.0,1593.0,74.0,338.51,1680.0,1593.0
b64_h262144_q512_csa_profile_sim_ascending_steady,ok,,full,csa_profile_sim,ascending,steady,64,262144,512,2048,30,100,20260803,2026-08-12T09:55:42.384997+00:00,22.5949764251709,21.12726402282715,22.841535568237305,22.306037425994873,0.6687430654573243,413.6250757794412,67108864,9345848836096,0.50390625,0.50390625,0.3817648634796384,0.4072792963972297,10123732,6.628866113800721,5831269632,111.2226416015625,"[""64K+""]",True,1.468893140554428,89.45970982313156,2314.5083375275135,13432259584,68.0,114.77,1695.0,1593.0,81.0,341.71,1500.0,1593.0
b64_h262144_q512_csa_profile_sim_descending_steady,ok,,full,csa_profile_sim,descending,steady,64,262144,512,2048,30,100,20260803,2026-08-12T09:56:04.083024+00:00,22.75267219543457,21.09996795654297,22.986112594604492,22.395701656341554,0.6139108579201402,410.75829492991545,67108864,9345848836096,0.50390625,0.50390625,0.3817648634796384,0.4072792963972297,10123732,6.628866113800721,5831269632,111.2226416015625,"[""64K+""]",True,1.3534314930438995,94.49200704693794,2365.3486631810665,13432259584,68.0,117.62,1755.0,1593.0,81.0,332.78,1680.0,1593.0
b64_h262144_q8_csa_profile_sim_ascending_steady,ok,,full,csa_profile_sim,ascending,steady,64,262144,8,2048,10,30,20260803,2026-08-12T07:26:00.508791+00:00,0.39030399918556213,0.3879680037498474,0.3928639888763428,0.39075626730918883,0.0020415861899073834,374.1414086678971,1048576,146028888064,0.50390625,0.50390625,0.3817648634796384,0.4077177103718199,557596,1.8805299894547307,321175296,6.1259326171875,"[""64K+""]",True,1.0285861790180206,79.00070771574974,543.3500930666924,10094150656,47.0,114.16,1755.0,1593.0,48.0,118.21,1755.0,1593.0
b64_h262144_q8_csa_profile_sim_descending_steady,ok,,full,csa_profile_sim,descending,steady,64,262144,8,2048,10,30,20260803,2026-08-12T09:41:33.954305+00:00,0.3912000060081482,0.3874239921569824,0.3952319920063019,0.39130879839261373,0.002382294350034275,373.2844729582095,1048576,146028888064,0.50390625,0.50390625,0.3817648634796384,0.4077177103718199,557596,1.8805299894547307,321175296,6.1259326171875,"[""64K+""]",True,1.0472200810909271,84.52881127595901,48.162274062633514,10094150656,57.0,184.89,1755.0,1593.0,57.0,191.69,1755.0,1593.0
b64_h32768_q1024_csa_profile_sim_ascending_steady,ok,,full,csa_profile_sim,ascending,steady,64,32768,1024,2048,10,30,20260803,2026-08-12T07:41:01.240407+00:00,39.46550369262695,36.947425842285156,40.316158294677734,38.89669138590495,1.505588896902705,473.6211608439202,134217728,18691697672192,0.5703125,0.5703125,0.4323844906113131,0.5017241237214867,2162368,62.06979015597715,1245523968,23.756484375,"[""32K-64K""]",False,1.4650076627731323,31.671933829784393,59236.602101475,8527021056,46.0,98.27,1725.0,1593.0,61.0,339.92,1635.0,1593.0
b64_h32768_q1024_csa_profile_sim_descending_steady,ok,,full,csa_profile_sim,descending,steady,64,32768,1024,2048,10,30,20260803,2026-08-12T09:40:04.167537+00:00,39.68364715576172,37.241886138916016,41.26243209838867,39.4085324605306,1.697041737941684,471.0176360258794,134217728,18691697672192,0.5703125,0.5703125,0.4323844906113131,0.5017241237214867,2162368,62.06979015597715,1245523968,23.756484375,"[""32K-64K""]",False,1.3259612023830414,32.34429284930229,4403.010711073875,8527021056,53.0,107.67,1650.0,1593.0,68.0,334.98,1665.0,1593.0
b64_h32768_q128_csa_profile_sim_ascending_steady,ok,,full,csa_profile_sim,ascending,steady,64,32768,128,2048,10,30,20260803,2026-08-12T07:27:04.484799+00:00,5.037439823150635,4.739744186401367,5.045951843261719,4.970983489354452,0.1059303858414539,463.8193787023096,16777216,2336462209024,0.5703125,0.5703125,0.4323844906113131,0.4969570809381116,1988636,8.436544445539555,1145454336,21.8478076171875,"[""32K-64K""]",False,0.9047053754329681,12.65859603881836,7746.26075476408,2433221632,42.0,88.02,1755.0,1593.0,47.0,146.02,1680.0,1593.0
b64_h32768_q128_csa_profile_sim_descending_steady,ok,,full,csa_profile_sim,descending,steady,64,32768,128,2048,10,30,20260803,2026-08-12T09:41:24.937604+00:00,5.0055999755859375,4.925216197967529,5.14902400970459,5.012589852015178,0.07538250700484313,466.7696620624387,16777216,2336462209024,0.5703125,0.5703125,0.4323844906113131,0.4969570809381116,1988636,8.436544445539555,1145454336,21.8478076171875,"[""32K-64K""]",False,0.8897371590137482,13.167381286621094,620.4445324838161,2433221632,55.0,161.81,1755.0,1593.0,60.0,158.17,1740.0,1593.0
b64_h32768_q2_csa_profile_sim_ascending_steady,ok,,full,csa_profile_sim,ascending,steady,64,32768,2,2048,10,30,20260803,2026-08-12T07:25:53.733080+00:00,0.1674560010433197,0.16543999314308167,0.1687999963760376,0.16732159952322642,0.0010199716446766406,218.0108314336005,262144,36507222016,0.5703125,0.5703125,0.4323844906113129,0.48824302837573386,187392,1.3989071038251366,107937792,2.05875,"[""32K-64K""]",False,0.6322674453258514,10.181881487369537,158.78120064735413,1598694400,52.0,103.87,1755.0,1593.0,52.0,104.8,1755.0,1593.0
b64_h32768_q2_csa_profile_sim_descending_steady,ok,,full,csa_profile_sim,descending,steady,64,32768,2,2048,10,30,20260803,2026-08-12T09:41:36.378855+00:00,0.16927999258041382,0.16652800142765045,0.1714559942483902,0.1694709315896034,0.0014861341020255677,215.6617652181064,262144,36507222016,0.5703125,0.5703125,0.4323844906113129,0.48824302837573386,187392,1.3989071038251366,107937792,2.05875,"[""32K-64K""]",False,0.6151832640171051,10.781064629554749,18.013671040534973,1598694400,55.0,175.69,1755.0,1593.0,55.0,173.6,1755.0,1593.0
b64_h32768_q32_csa_profile_sim_ascending_steady,ok,,full,csa_profile_sim,ascending,steady,64,32768,32,2048,10,30,20260803,2026-08-12T07:26:10.827007+00:00,1.2138559818267822,1.2098560333251953,1.320639967918396,1.236080002784729,0.0420506288500023,481.20663489003056,4194304,584115552256,0.5703125,0.5703125,0.4323844906113129,0.4908057882827789,1181016,3.55143706774506,680265216,12.975029296875,"[""32K-64K""]",False,0.8033812046051025,10.531086474657059,2142.9173946380615,1798308864,44.0,89.21,1755.0,1593.0,47.0,107.01,1725.0,1593.0
b64_h32768_q32_csa_profile_sim_descending_steady,ok,,full,csa_profile_sim,descending,steady,64,32768,32,2048,10,30,20260803,2026-08-12T09:41:32.043054+00:00,1.230944037437439,1.2271039485931396,1.333631992340088,1.2597429394721984,0.04563059190992293,474.52648901245186,4194304,584115552256,0.5703125,0.5703125,0.4323844906113129,0.4908057882827789,1181016,3.55143706774506,680265216,12.975029296875,"[""32K-64K""]",False,0.7072798907756805,11.234357953071594,159.75385531783104,1798308864,55.0,155.56,1740.0,1593.0,57.0,165.25,1665.0,1593.0
b64_h32768_q4096_csa_profile_sim_ascending_steady,ok,,full,csa_profile_sim,ascending,steady,64,32768,4096,2048,10,30,20260803,2026-08-12T08:02:09.458573+00:00,158.6165771484375,153.49276733398438,162.4658203125,158.34361419677734,2.6067742117970893,471.36807534813533,536870912,74766790688768,0.5703125,0.5703125,0.4323844906113131,0.49046159957019786,2358984,227.58565212820434,1358774784,25.916572265625,"[""32K-64K""]",False,2.1508410573005676,97.14533761143684,233958.22056010365,30484202496,45.0,130.37,1740.0,1593.0,73.0,332.64,1695.0,1593.0
b64_h32768_q4096_csa_profile_sim_descending_steady,ok,,full,csa_profile_sim,descending,steady,64,32768,4096,2048,10,30,20260803,2026-08-12T09:37:35.605971+00:00,161.04637145996094,157.4965057373047,164.6616973876953,160.9510238647461,2.404338440854545,464.2562884899049,536870912,74766790688768,0.5703125,0.5703125,0.4323844906113131,0.49046159957019786,2358984,227.58565212820434,1358774784,25.916572265625,"[""32K-64K""]",False,2.195831388235092,97.66405075788498,17948.390435427427,30484202496,55.0,135.78,1695.0,1593.0,77.0,333.95,1725.0,1593.0
b64_h32768_q512_csa_profile_sim_ascending_steady,ok,,full,csa_profile_sim,ascending,steady,64,32768,512,2048,10,30,20260803,2026-08-12T07:32:00.922804+00:00,19.59343910217285,19.58515167236328,19.606176376342773,19.59583136240641,0.013146482353092155,476.98868929342655,67108864,9345848836096,0.5703125,0.5703125,0.4323844906113131,0.5035313794757522,2129548,31.51319622755627,1226619648,23.3959130859375,"[""32K-64K""]",False,1.1048391461372375,20.70334181189537,30357.648871839046,4976542720,43.0,92.42,1755.0,1593.0,53.0,311.3,1650.0,1593.0
b64_h32768_q512_csa_profile_sim_descending_steady,ok,,full,csa_profile_sim,descending,steady,64,32768,512,2048,10,30,20260803,2026-08-12T09:40:56.513871+00:00,19.99135971069336,19.880096435546875,20.1177921295166,20.007729975382485,0.09060897081200209,467.49440615071893,67108864,9345848836096,0.5703125,0.5703125,0.4323844906113131,0.5035313794757522,2129548,31.51319622755627,1226619648,23.3959130859375,"[""32K-64K""]",False,0.9827055037021637,21.389082074165344,2205.945871770382,4976542720,55.0,102.34,1755.0,1593.0,64.0,313.03,1725.0,1593.0
b64_h32768_q8_csa_profile_sim_ascending_steady,ok,,full,csa_profile_sim,ascending,steady,64,32768,8,2048,10,30,20260803,2026-08-12T07:25:58.308571+00:00,0.3750399947166443,0.3728959858417511,0.3773120045661926,0.3752981315056483,0.0015283600468517363,389.368840980093,1048576,146028888064,0.5703125,0.5703125,0.4323844906113129,0.4890036386986301,470820,2.227127139883607,271192320,5.1725830078125,"[""32K-64K""]",False,0.789158046245575,10.241873562335968,537.7031750977039,1638433792,48.0,99.26,1755.0,1593.0,48.0,103.64,1755.0,1593.0
b64_h32768_q8_csa_profile_sim_descending_steady,ok,,full,csa_profile_sim,descending,steady,64,32768,8,2048,10,30,20260803,2026-08-12T09:41:34.672478+00:00,0.3867200016975403,0.3838079869747162,0.4014720022678375,0.3878101329008738,0.0052981386639384806,377.6088317723257,1048576,146028888064,0.5703125,0.5703125,0.4323844906113129,0.4890036386986301,470820,2.227127139883607,271192320,5.1725830078125,"[""32K-64K""]",False,0.7424317300319672,10.95152273774147,47.180287539958954,1638433792,56.0,165.52,1755.0,1593.0,57.0,157.91,1755.0,1593.0
b64_h4096_q1024_csa_profile_sim_ascending_steady,ok,,full,csa_profile_sim,ascending,steady,64,4096,1024,2048,10,30,20260803,2026-08-12T07:38:23.629101+00:00,38.55936050415039,35.65465545654297,40.572513580322266,37.935455830891925,1.4574512493093688,484.751236218767,134217728,18691697672192,0.8125,0.8125,0.7225277525393718,0.863446648106883,327424,409.9202501954652,188596224,3.5971875,"[""2K-8K""]",False,1.222267746925354,23.13534915447235,32935.73750182986,7470056448,45.0,99.67,1710.0,1593.0,58.0,325.07,1725.0,1593.0
b64_h4096_q1024_csa_profile_sim_descending_steady,ok,,full,csa_profile_sim,descending,steady,64,4096,1024,2048,10,30,20260803,2026-08-12T09:40:22.431998+00:00,38.99375915527344,36.33647918701172,40.83875274658203,38.48643188476562,1.7546759136874293,479.3510058304849,134217728,18691697672192,0.8125,0.8125,0.7225277525393718,0.863446648106883,327424,409.9202501954652,188596224,3.5971875,"[""2K-8K""]",False,1.2226998805999756,23.185458034276962,2482.0697978138924,7470056448,57.0,108.48,1740.0,1593.0,69.0,332.17,1725.0,1593.0
b64_h4096_q128_csa_profile_sim_ascending_steady,ok,,full,csa_profile_sim,ascending,steady,64,4096,128,2048,10,30,20260803,2026-08-12T07:26:43.777057+00:00,4.78988790512085,4.595359802246094,4.800447940826416,4.730924828847249,0.08599733982643887,487.7905820146851,16777216,2336462209024,0.8125,0.8125,0.7225277525393718,0.8766657461625489,270112,62.11207202938041,155584512,2.9675390625,"[""2K-8K""]",False,0.8100159466266632,3.9876066148281097,4590.108968317509,1376257024,43.0,89.88,1755.0,1593.0,51.0,143.97,1650.0,1593.0
b64_h4096_q128_csa_profile_sim_descending_steady,ok,,full,csa_profile_sim,descending,steady,64,4096,128,2048,10,30,20260803,2026-08-12T09:41:27.723999+00:00,4.667327880859375,4.525568008422852,4.969151973724365,4.684219789505005,0.11604708434354534,500.5995440358472,16777216,2336462209024,0.8125,0.8125,0.7225277525393718,0.8766657461625489,270112,62.11207202938041,155584512,2.9675390625,"[""2K-8K""]",False,0.904671847820282,4.052534699440002,336.8505388498306,1376257024,56.0,154.02,1755.0,1593.0,59.0,206.73,1695.0,1593.0
b64_h4096_q2_csa_profile_sim_ascending_steady,ok,,full,csa_profile_sim,ascending,steady,64,4096,2,2048,10,30,20260803,2026-08-12T07:25:52.895597+00:00,0.16438399255275726,0.16143999993801117,0.16700799763202667,0.164513065914313,0.0015116841730080975,222.08501843197052,262144,36507222016,0.8125,0.8125,0.7225277525393718,0.8553235078277887,155648,1.6842105263157894,89653248,1.71,"[""2K-8K""]",False,0.5822852253913879,1.6699060797691345,128.2063163816929,541729792,54.0,99.12,1755.0,1593.0,54.0,100.68,1755.0,1593.0
b64_h4096_q2_csa_profile_sim_descending_steady,ok,,full,csa_profile_sim,descending,steady,64,4096,2,2048,10,30,20260803,2026-08-12T09:41:36.825529+00:00,0.1671999990940094,0.16415999829769135,0.16966399550437927,0.16724693328142165,0.0015757258856870491,218.34463046541975,262144,36507222016,0.8125,0.8125,0.7225277525393718,0.8553235078277887,155648,1.6842105263157894,89653248,1.71,"[""2K-8K""]",False,0.5785152316093445,1.6461201012134552,17.225440591573715,541729792,54.0,125.81,1755.0,1593.0,54.0,122.75,1755.0,1593.0
b64_h4096_q32_csa_profile_sim_ascending_steady,ok,,full,csa_profile_sim,ascending,steady,64,4096,32,2048,10,30,20260803,2026-08-12T07:26:04.812584+00:00,1.1209919452667236,1.1151039600372314,1.1643840074539185,1.129310933748881,0.015202043622113944,521.0702491863295,4194304,584115552256,0.8125,0.8125,0.7225277525393718,0.8760960050758317,261520,16.03817681248088,150635520,2.87314453125,"[""2K-8K""]",False,0.7639378309249878,2.0437315106391907,1237.2756451368332,741344256,46.0,90.6,1755.0,1593.0,48.0,107.15,1710.0,1593.0
b64_h4096_q32_csa_profile_sim_descending_steady,ok,,full,csa_profile_sim,descending,steady,64,4096,32,2048,10,30,20260803,2026-08-12T09:41:33.042665+00:00,1.1369919776916504,1.1340160369873047,1.203935980796814,1.1618069330851237,0.0335411039314807,513.7376197164434,4194304,584115552256,0.8125,0.8125,0.7225277525393718,0.8760960050758317,261520,16.03817681248088,150635520,2.87314453125,"[""2K-8K""]",False,0.7067099213600159,2.0724795758724213,96.8126431107521,741344256,55.0,151.08,1740.0,1593.0,55.0,164.22,1605.0,1593.0
b64_h4096_q4096_csa_profile_sim_ascending_steady,ok,,full,csa_profile_sim,ascending,steady,64,4096,4096,2048,10,30,20260803,2026-08-12T07:52:03.756702+00:00,157.34573364257812,149.33033752441406,160.59718322753906,156.5576146443685,3.1585193421419104,475.1752014999404,536870912,74766790688768,0.8124670902014655,0.8124670902014655,0.722487686550595,0.8333072401072881,523948,1024.6644934230114,301794048,5.7562646484375,"[""2K-8K"", ""8K-16K""]",False,1.9301436841487885,88.90143409371376,114451.85373350978,29427237888,53.0,132.42,1725.0,1593.0,73.0,333.82,1725.0,1593.0
b64_h4096_q4096_csa_profile_sim_descending_steady,ok,,full,csa_profile_sim,descending,steady,64,4096,4096,2048,10,30,20260803,2026-08-12T09:38:48.650659+00:00,158.56265258789062,152.6544952392578,161.07171630859375,157.7929478963216,3.066036528090815,471.5283799085354,536870912,74766790688768,0.8124670902014655,0.8124670902014655,0.722487686550595,0.8333072401072881,523948,1024.6644934230114,301794048,5.7562646484375,"[""2K-8K"", ""8K-16K""]",False,2.87015363574028,88.9119803905487,11976.88615694642,29427237888,56.0,136.01,1725.0,1593.0,79.0,335.3,1680.0,1593.0
b64_h4096_q512_csa_profile_sim_ascending_steady,ok,,full,csa_profile_sim,ascending,steady,64,4096,512,2048,10,30,20260803,2026-08-12T07:30:40.605405+00:00,17.875743865966797,17.843456268310547,18.216096878051758,18.006790606180825,0.16180041122292654,522.8229329180162,67108864,9345848836096,0.8125,0.8125,0.7225277525393718,0.8707297487501529,294664,227.7470746341596,169726464,3.237275390625,"[""2K-8K""]",False,0.978175550699234,12.163989245891571,17264.58528265357,3919578112,42.0,92.18,1755.0,1593.0,55.0,309.96,1605.0,1593.0
b64_h4096_q512_csa_profile_sim_descending_steady,ok,,full,csa_profile_sim,descending,steady,64,4096,512,2048,10,30,20260803,2026-08-12T09:41:05.919006+00:00,18.21513557434082,18.04070472717285,19.78838348388672,18.630806414286294,0.675867473575781,513.0814864348991,67108864,9345848836096,0.8125,0.8125,0.7225277525393718,0.8707297487501529,294664,227.7470746341596,169726464,3.237275390625,"[""2K-8K""]",False,0.9137056767940521,12.442193925380707,1285.9368324279785,3919578112,57.0,104.07,1755.0,1593.0,66.0,314.27,1665.0,1593.0
b64_h4096_q8_csa_profile_sim_ascending_steady,ok,,full,csa_profile_sim,ascending,steady,64,4096,8,2048,10,30,20260803,2026-08-12T07:25:56.445814+00:00,0.34435200691223145,0.34275200963020325,0.34700798988342285,0.34472000002861025,0.0020718535063018375,424.0686423564823,1048576,146028888064,0.8125,0.8125,0.7225277525393718,0.8703254953522506,219916,4.76807508321359,126671616,2.4160693359375,"[""2K-8K""]",False,0.6943196058273315,1.8691755831241608,354.49742525815964,581469184,49.0,98.85,1755.0,1593.0,49.0,103.14,1755.0,1593.0
b64_h4096_q8_csa_profile_sim_descending_steady,ok,,full,csa_profile_sim,descending,steady,64,4096,8,2048,10,30,20260803,2026-08-12T09:41:35.163444+00:00,0.3484799861907959,0.34678399562835693,0.3532480001449585,0.34917120039463045,0.002679256732491206,419.04526472303024,1048576,146028888064,0.8125,0.8125,0.7225277525393718,0.8703254953522506,219916,4.76807508321359,126671616,2.4160693359375,"[""2K-8K""]",False,0.6801150739192963,2.0132698118686676,33.61012414097786,581469184,55.0,140.44,1755.0,1593.0,56.0,137.3,1755.0,1593.0
b64_h524288_q1024_csa_profile_sim_ascending_steady,ok,,full,csa_profile_sim,ascending,steady,64,524288,1024,2048,10,30,20260803,2026-08-12T07:45:21.537714+00:00,42.590911865234375,40.15670394897461,44.557247161865234,42.55887565612793,1.8260937447378571,438.86587193380683,134217728,18691697672192,0.50390625,0.50390625,0.3817648634796384,0.40687304233618216,18512136,7.250256156285801,10662990336,203.380400390625,"[""64K+""]",True,2.45831161737442,179.6170473098755,65020.40618285537,26646414336,46.0,102.35,1710.0,1593.0,62.0,339.5,1665.0,1593.0
b64_h524288_q1024_csa_profile_sim_descending_steady,ok,,full,csa_profile_sim,descending,steady,64,524288,1024,2048,10,30,20260803,2026-08-12T09:39:37.089691+00:00,43.4824333190918,42.49827194213867,44.60131072998047,43.66628354390462,0.6253102136938372,429.86779362196023,134217728,18691697672192,0.50390625,0.50390625,0.3817648634796384,0.40687304233618216,18512136,7.250256156285801,10662990336,203.380400390625,"[""64K+""]",True,1.9868016242980957,183.26696380972862,4723.883643746376,26646414336,57.0,110.37,1710.0,1593.0,69.0,325.4,1725.0,1593.0
b64_h524288_q128_csa_profile_sim_ascending_steady,ok,,full,csa_profile_sim,ascending,steady,64,524288,128,2048,10,30,20260803,2026-08-12T07:27:38.095107+00:00,5.2969279289245605,5.179423809051514,5.312992095947266,5.291558376948038,0.03293750739782937,441.097602303676,16777216,2336462209024,0.50390625,0.50390625,0.3817648634796384,0.40687277359038654,4676548,3.587521393985478,2693691648,51.3780908203125,"[""64K+""]",True,1.723743975162506,160.83581000566483,8046.0936315357685,20552614912,42.0,87.82,1755.0,1593.0,50.0,151.19,1710.0,1593.0
b64_h524288_q128_csa_profile_sim_descending_steady,ok,,full,csa_profile_sim,descending,steady,64,524288,128,2048,10,30,20260803,2026-08-12T09:41:20.830581+00:00,5.441823959350586,5.342463970184326,5.451551914215088,5.433894411722819,0.028260777162342418,429.3527733489614,16777216,2336462209024,0.50390625,0.50390625,0.3817648634796384,0.40687277359038654,4676548,3.587521393985478,2693691648,51.3780908203125,"[""64K+""]",True,1.6851909458637238,158.25418382883072,588.9804363250732,20552614912,54.0,176.59,1755.0,1593.0,58.0,179.69,1710.0,1593.0
b64_h524288_q2_csa_profile_sim_ascending_steady,ok,,full,csa_profile_sim,ascending,steady,64,524288,2,2048,10,30,20260803,2026-08-12T07:25:55.015277+00:00,0.1690240055322647,0.16566400229930878,0.17270399630069733,0.16894400070110957,0.002024005527480814,215.9883852062138,262144,36507222016,0.50390625,0.50390625,0.3817648634796384,0.407320205479452,196096,1.3368146214099217,112951296,2.154375,"[""64K+""]",True,1.3076923787593842,157.6467640697956,154.73319962620735,19718087680,52.0,157.88,1755.0,1593.0,52.0,154.34,1755.0,1593.0
b64_h524288_q2_csa_profile_sim_descending_steady,ok,,full,csa_profile_sim,descending,steady,64,524288,2,2048,10,30,20260803,2026-08-12T09:41:35.524977+00:00,0.17097599804401398,0.16713599860668182,0.17478400468826294,0.17097600052754083,0.0019787111313863456,213.52249692148035,262144,36507222016,0.50390625,0.50390625,0.3817648634796384,0.407320205479452,196096,1.3368146214099217,112951296,2.154375,"[""64K+""]",True,1.2738965451717377,154.57504242658615,18.173322081565857,19718087680,58.0,157.35,1755.0,1593.0,58.0,156.44,1755.0,1593.0
b64_h524288_q32_csa_profile_sim_ascending_steady,ok,,full,csa_profile_sim,ascending,steady,64,524288,32,2048,10,30,20260803,2026-08-12T07:26:20.207996+00:00,1.2862080335617065,1.2804479598999023,1.3556480407714844,1.3019253293673196,0.027431077341245665,454.137695469445,4194304,584115552256,0.50390625,0.50390625,0.3817648634796384,0.4065939946183953,1725088,2.4313565452892836,993650688,18.9523828125,"[""64K+""]",True,1.3765394687652588,158.51673111319542,2052.1370321512222,19917702144,45.0,88.81,1755.0,1593.0,46.0,108.32,1725.0,1593.0
b64_h524288_q32_csa_profile_sim_descending_steady,ok,,full,csa_profile_sim,descending,steady,64,524288,32,2048,10,30,20260803,2026-08-12T09:41:30.148636+00:00,1.3209919929504395,1.2803200483322144,1.393887996673584,1.3312512079874674,0.03657775079747037,442.1794797948595,4194304,584115552256,0.50390625,0.50390625,0.3817648634796384,0.4065939946183953,1725088,2.4313565452892836,993650688,18.9523828125,"[""64K+""]",True,1.5120990574359894,155.88867664337158,154.11055088043213,19917702144,56.0,185.1,1755.0,1593.0,59.0,203.78,1725.0,1593.0
b64_h524288_q4096_csa_profile_sim_ascending_steady,ok,,full,csa_profile_sim,ascending,steady,64,524288,4096,2048,10,30,20260803,2026-08-12T08:19:34.800120+00:00,175.22329711914062,168.40016174316406,177.15362548828125,174.027224222819,2.6293559305724403,426.6943489707957,536870912,74766790688768,0.50390625,0.50390625,0.3817648634796384,0.4066762830879823,32129788,16.70944458145818,18506757888,352.9883935546875,"[""64K+""]",True,104.5769713819027,234.0378351509571,260657.1913920343,48603595776,45.0,135.77,1725.0,1593.0,70.0,335.35,1695.0,1593.0
b64_h524288_q4096_csa_profile_sim_descending_steady,ok,,full,csa_profile_sim,descending,steady,64,524288,4096,2048,10,30,20260803,2026-08-12T09:35:47.429030+00:00,175.5897216796875,170.47523498535156,177.7993927001953,175.28635864257814,2.1500479879573926,425.8039136547999,536870912,74766790688768,0.50390625,0.50390625,0.3817648634796384,0.4066762830879823,32129788,16.70944458145818,18506757888,352.9883935546875,"[""64K+""]",True,2.403680235147476,233.1903725862503,19796.258863061666,48603595776,50.0,139.57,1725.0,1593.0,75.0,330.75,1710.0,1593.0
b64_h524288_q512_csa_profile_sim_ascending_steady,ok,,full,csa_profile_sim,ascending,steady,64,524288,512,2048,30,100,20260803,2026-08-12T09:55:47.780064+00:00,22.626976013183594,21.273887634277344,23.108959197998047,22.375115394592285,0.593069673346387,413.04011771836616,67108864,9345848836096,0.50390625,0.50390625,0.3817648634796384,0.40675470460417684,11782796,5.695495704075671,6786890496,129.4496630859375,"[""64K+""]",True,1.563791185617447,168.16318035125732,2329.799607396126,23095936000,67.0,116.08,1755.0,1593.0,82.0,342.48,1500.0,1593.0
b64_h524288_q512_csa_profile_sim_descending_steady,ok,,full,csa_profile_sim,descending,steady,64,524288,512,2048,30,100,20260803,2026-08-12T09:55:58.587951+00:00,22.775840759277344,21.145952224731445,22.952768325805664,22.421214714050294,0.6201448374706744,410.3404539430287,67108864,9345848836096,0.50390625,0.50390625,0.3817648634796384,0.40675470460417684,11782796,5.695495704075671,6786890496,129.4496630859375,"[""64K+""]",True,1.6885586082935333,164.7552065551281,2312.551874667406,23095936000,68.0,116.04,1755.0,1593.0,82.0,341.61,1485.0,1593.0
b64_h524288_q8_csa_profile_sim_ascending_steady,ok,,full,csa_profile_sim,ascending,steady,64,524288,8,2048,10,30,20260803,2026-08-12T07:26:01.272790+00:00,0.3917759954929352,0.3903680145740509,0.39689600467681885,0.3928202658891678,0.002374728579763906,372.73566972949806,1048576,146028888064,0.50390625,0.50390625,0.3817648634796384,0.4071061643835616,557400,1.8811912450663797,321062400,6.123779296875,"[""64K+""]",True,1.4357008039951324,157.49777480959892,548.2615455985069,19757827072,48.0,132.4,1755.0,1593.0,48.0,137.24,1755.0,1593.0
b64_h524288_q8_csa_profile_sim_descending_steady,ok,,full,csa_profile_sim,descending,steady,64,524288,8,2048,10,30,20260803,2026-08-12T09:41:33.616352+00:00,0.3933759927749634,0.3904320001602173,0.39686399698257446,0.3937376002470652,0.002293283719717916,371.21962383591114,1048576,146028888064,0.50390625,0.50390625,0.3817648634796384,0.4071061643835616,557400,1.8811912450663797,321062400,6.123779296875,"[""64K+""]",True,1.4482773840427399,155.71722015738487,46.540673822164536,19757827072,58.0,178.34,1740.0,1593.0,58.0,184.48,1755.0,1593.0
b64_h65536_q1024_csa_profile_sim_ascending_steady,ok,,full,csa_profile_sim,ascending,steady,64,65536,1024,2048,10,30,20260803,2026-08-12T07:42:02.207657+00:00,41.408321380615234,38.932350158691406,43.09689712524414,40.99363975524902,1.5324481391495066,451.39955083864555,134217728,18691697672192,0.50390625,0.50390625,0.3817648634796384,0.4113692192182149,4259448,31.51059198281092,2453442048,46.795693359375,"[""64K+""]",False,1.5198998153209686,41.3869172334671,64307.6074719429,9734980608,43.0,99.44,1725.0,1593.0,62.0,334.43,1680.0,1593.0
b64_h65536_q1024_csa_profile_sim_descending_steady,ok,,full,csa_profile_sim,descending,steady,64,65536,1024,2048,10,30,20260803,2026-08-12T09:39:57.649465+00:00,41.15315246582031,39.30409622192383,45.1860466003418,41.53844820658366,1.842881403078753,454.1984405135514,134217728,18691697672192,0.50390625,0.50390625,0.3817648634796384,0.4113692192182149,4259448,31.51059198281092,2453442048,46.795693359375,"[""64K+""]",False,1.3298951089382172,42.46162623167038,4623.3934834599495,9734980608,55.0,107.44,1725.0,1593.0,68.0,322.2,1725.0,1593.0
b64_h65536_q128_csa_profile_sim_ascending_steady,ok,,full,csa_profile_sim,ascending,steady,64,65536,128,2048,10,30,20260803,2026-08-12T07:27:12.583956+00:00,5.2664642333984375,5.183135986328125,5.280320167541504,5.256157875061035,0.03302990361285833,443.64911741103504,16777216,2336462209024,0.50390625,0.50390625,0.3817648634796384,0.4119450220156555,3483336,4.816421958720031,2006401536,38.269072265625,"[""64K+""]",False,1.023508608341217,22.319339215755463,8125.753726810217,3641181184,43.0,88.37,1755.0,1593.0,47.0,148.55,1725.0,1593.0
b64_h65536_q128_csa_profile_sim_descending_steady,ok,,full,csa_profile_sim,descending,steady,64,65536,128,2048,10,30,20260803,2026-08-12T09:41:23.992945+00:00,5.200575828552246,4.996511936187744,5.485568046569824,5.27588480313619,0.14960951254352922,449.2699051124945,16777216,2336462209024,0.50390625,0.50390625,0.3817648634796384,0.4119450220156555,3483336,4.816421958720031,2006401536,38.269072265625,"[""64K+""]",False,1.0214224457740784,23.66780862212181,592.0012332499027,3641181184,54.0,164.6,1755.0,1593.0,59.0,164.37,1680.0,1593.0
b64_h65536_q2_csa_profile_sim_ascending_steady,ok,,full,csa_profile_sim,ascending,steady,64,65536,2,2048,10,30,20260803,2026-08-12T07:25:54.015215+00:00,0.1679999977350235,0.16607999801635742,0.16995200514793396,0.16805333395799002,0.0013636242034750555,217.30489588208619,262144,36507222016,0.50390625,0.50390625,0.3817648634796384,0.40751895792563597,196096,1.3368146214099217,112951296,2.154375,"[""64K+""]",False,0.6938464939594269,19.993968307971954,151.47381275892258,2806653952,51.0,106.6,1755.0,1593.0,51.0,108.1,1755.0,1593.0
b64_h65536_q2_csa_profile_sim_descending_steady,ok,,full,csa_profile_sim,descending,steady,64,65536,2,2048,10,30,20260803,2026-08-12T09:41:36.196410+00:00,0.17136000096797943,0.16860799491405487,0.17375999689102173,0.17118186553319295,0.0015120049753231698,213.04401149496837,262144,36507222016,0.50390625,0.50390625,0.3817648634796384,0.40751895792563597,196096,1.3368146214099217,112951296,2.154375,"[""64K+""]",False,0.6841905415058136,21.273169666528702,18.172480165958405,2806653952,56.0,174.98,1755.0,1593.0,56.0,174.79,1755.0,1593.0
b64_h65536_q32_csa_profile_sim_ascending_steady,ok,,full,csa_profile_sim,ascending,steady,64,65536,32,2048,10,30,20260803,2026-08-12T07:26:13.204559+00:00,1.2867519855499268,1.2637759447097778,1.3722879886627197,1.2987242619196573,0.037001381509778074,453.94571666921735,4194304,584115552256,0.50390625,0.50390625,0.3817648634796384,0.410230782167319,1626508,2.5787171043732955,936868608,17.8693505859375,"[""64K+""]",False,0.8557215332984924,20.223133265972137,2070.2793896198273,3006268416,44.0,88.5,1755.0,1593.0,44.0,105.98,1650.0,1593.0
b64_h65536_q32_csa_profile_sim_descending_steady,ok,,full,csa_profile_sim,descending,steady,64,65536,32,2048,10,30,20260803,2026-08-12T09:41:31.706143+00:00,1.2821120023727417,1.2755839824676514,1.3571840524673462,1.3004096070925395,0.0323969545212085,455.5885532426231,4194304,584115552256,0.50390625,0.50390625,0.3817648634796384,0.410230782167319,1626508,2.5787171043732955,936868608,17.8693505859375,"[""64K+""]",False,0.8024163544178009,21.784380078315735,151.16745606064796,3006268416,55.0,147.71,1740.0,1593.0,59.0,165.73,1635.0,1593.0
b64_h65536_q4096_csa_profile_sim_ascending_steady,ok,,full,csa_profile_sim,ascending,steady,64,65536,4096,2048,10,30,20260803,2026-08-12T08:06:10.155973+00:00,168.47862243652344,162.95712280273438,171.76760864257812,168.00225830078125,3.303961410587802,443.77612784041713,536870912,74766790688768,0.50390625,0.50390625,0.3817648634796384,0.41117500558991255,4456080,120.48053715373153,2566702080,48.95595703125,"[""64K+""]",False,2.134237438440323,107.36915841698647,260287.51358389854,31692162048,45.0,131.88,1695.0,1593.0,71.0,332.39,1695.0,1593.0
b64_h65536_q4096_csa_profile_sim_descending_steady,ok,,full,csa_profile_sim,descending,steady,64,65536,4096,2048,10,30,20260803,2026-08-12T09:37:08.526892+00:00,169.8159637451172,165.47824096679688,173.1219482421875,169.8241399129232,2.5551483600658287,440.2812847500494,536870912,74766790688768,0.50390625,0.50390625,0.3817648634796384,0.41117500558991255,4456080,120.48053715373153,2566702080,48.95595703125,"[""64K+""]",False,2.8814002871513367,107.87878558039665,19834.211729466915,31692162048,52.0,136.6,1725.0,1593.0,77.0,327.75,1725.0,1593.0
b64_h65536_q512_csa_profile_sim_ascending_steady,ok,,full,csa_profile_sim,ascending,steady,64,65536,512,2048,10,30,20260803,2026-08-12T07:32:32.268634+00:00,20.58723258972168,20.45372772216797,20.654464721679688,20.551782417297364,0.08416589384838911,453.9633384606526,67108864,9345848836096,0.50390625,0.50390625,0.3817648634796384,0.4114224607463919,4217800,15.910869173502775,2429452800,46.338134765625,"[""64K+""]",False,1.0864920914173126,30.521869659423828,32054.99105155468,6184502272,42.0,92.27,1755.0,1593.0,56.0,318.74,1695.0,1593.0
b64_h65536_q512_csa_profile_sim_descending_steady,ok,,full,csa_profile_sim,descending,steady,64,65536,512,2048,10,30,20260803,2026-08-12T09:40:53.235992+00:00,20.769088745117188,20.671903610229492,20.892831802368164,20.778712463378906,0.14085327041669454,449.98839144029415,67108864,9345848836096,0.50390625,0.50390625,0.3817648634796384,0.4114224607463919,4217800,15.910869173502775,2429452800,46.338134765625,"[""64K+""]",False,11.504843831062317,32.38307684659958,2274.751789867878,6184502272,56.0,101.87,1755.0,1593.0,64.0,328.42,1665.0,1593.0
b64_h65536_q8_csa_profile_sim_ascending_steady,ok,,full,csa_profile_sim,ascending,steady,64,65536,8,2048,10,30,20260803,2026-08-12T07:25:59.040885+00:00,0.3882560133934021,0.3856639862060547,0.39315199851989746,0.38875520129998525,0.0022032904272227087,376.11494227144294,1048576,146028888064,0.50390625,0.50390625,0.3817648634796384,0.41272856531311153,553816,1.8933653054444075,318998016,6.084404296875,"[""64K+""]",False,0.8002780377864838,20.103827118873596,543.7491573393345,2846393344,47.0,100.69,1755.0,1593.0,48.0,106.12,1755.0,1593.0
b64_h65536_q8_csa_profile_sim_descending_steady,ok,,full,csa_profile_sim,descending,steady,64,65536,8,2048,10,30,20260803,2026-08-12T09:41:34.425610+00:00,0.3908799886703491,0.3880000114440918,0.3959679901599884,0.391362131635348,0.0026692161053396214,373.59008467213783,1048576,146028888064,0.50390625,0.50390625,0.3817648634796384,0.41272856531311153,553816,1.8933653054444075,318998016,6.084404296875,"[""64K+""]",False,0.782843679189682,21.432586014270782,47.279343008995056,2846393344,56.0,189.27,1755.0,1593.0,57.0,184.22,1755.0,1593.0
b64_h8192_q1024_csa_profile_sim_ascending_steady,ok,,full,csa_profile_sim,ascending,steady,64,8192,1024,2048,10,30,20260803,2026-08-12T07:38:58.303456+00:00,38.19196701049805,37.6668815612793,39.493343353271484,38.50446497599284,0.6213928869657463,489.41437520235877,134217728,18691697672192,0.677734375,0.677734375,0.5584174625084869,0.6831094402156465,589580,227.6497303164965,339598080,6.4773193359375,"[""8K-16K""]",False,1.1832639575004578,24.36027303338051,52230.85733130574,7621051392,43.0,97.5,1740.0,1593.0,58.0,340.46,1575.0,1593.0
b64_h8192_q1024_csa_profile_sim_descending_steady,ok,,full,csa_profile_sim,descending,steady,64,8192,1024,2048,10,30,20260803,2026-08-12T09:40:16.959841+00:00,39.188385009765625,36.06086349487305,40.744415283203125,38.487013753255205,1.6587237897786822,476.9703489320646,134217728,18691697672192,0.677734375,0.677734375,0.5584174625084869,0.6831094402156465,589580,227.6497303164965,339598080,6.4773193359375,"[""8K-16K""]",False,1.226920634508133,24.447370320558548,3779.6351984143257,7621051392,56.0,108.03,1665.0,1593.0,70.0,342.64,1665.0,1593.0
b64_h8192_q128_csa_profile_sim_ascending_steady,ok,,full,csa_profile_sim,ascending,steady,64,8192,128,2048,30,100,20260803,2026-08-12T09:55:35.805644+00:00,4.829951763153076,4.7387518882751465,4.962592124938965,4.839363522529602,0.07748457820282416,483.74441890879615,16777216,2336462209024,0.677734375,0.677734375,0.5584174625084869,0.684937240092955,532220,31.523084438765924,306558720,5.8471435546875,"[""8K-16K""]",False,0.8484460413455963,5.813002586364746,522.0090709626675,1527251968,70.0,214.49,1755.0,1593.0,80.0,280.75,1575.0,1593.0
b64_h8192_q128_csa_profile_sim_descending_steady,ok,,full,csa_profile_sim,descending,steady,64,8192,128,2048,30,100,20260803,2026-08-12T09:56:15.063668+00:00,5.065343856811523,4.831935882568359,5.073919773101807,4.9993206405639645,0.10917611483869087,461.2642843352258,16777216,2336462209024,0.677734375,0.677734375,0.5584174625084869,0.684937240092955,532220,31.523084438765924,306558720,5.8471435546875,"[""8K-16K""]",False,1.151788979768753,8.485134690999985,520.7918398082256,1527251968,75.0,194.62,1755.0,1593.0,80.0,287.45,1725.0,1593.0
b64_h8192_q2_csa_profile_sim_ascending_steady,ok,,full,csa_profile_sim,ascending,steady,64,8192,2,2048,10,30,20260803,2026-08-12T07:25:53.137115+00:00,0.16659200191497803,0.16223999857902527,0.17206400632858276,0.16627199947834015,0.0021717769776443477,219.14150497232063,262144,36507222016,0.677734375,0.677734375,0.5584174625084867,0.6659735812133072,173312,1.5125553914327918,99827712,1.9040625,"[""8K-16K""]",False,0.6042122840881348,2.8873197734355927,152.63167396187782,692724736,53.0,100.67,1755.0,1593.0,53.0,101.95,1755.0,1593.0
b64_h8192_q2_csa_profile_sim_descending_steady,ok,,full,csa_profile_sim,descending,steady,64,8192,2,2048,10,30,20260803,2026-08-12T09:41:36.660548+00:00,0.16972799599170685,0.16739200055599213,0.17350399494171143,0.16962986638148625,0.001735665628987977,215.09251790013354,262144,36507222016,0.677734375,0.677734375,0.5584174625084867,0.6659735812133072,173312,1.5125553914327918,99827712,1.9040625,"[""8K-16K""]",False,0.5944333970546722,2.9538609087467194,17.073258757591248,692724736,55.0,142.96,1755.0,1593.0,54.0,141.24,1755.0,1593.0
b64_h8192_q32_csa_profile_sim_ascending_steady,ok,,full,csa_profile_sim,ascending,steady,64,8192,32,2048,10,30,20260803,2026-08-12T07:26:06.239715+00:00,1.1607999801635742,1.1561599969863892,1.2013119459152222,1.1661781350771585,0.013386857683266544,503.20086340257285,4194304,584115552256,0.677734375,0.677734375,0.5584174625084867,0.6861498211227985,505616,8.295433688807316,291234816,5.55486328125,"[""8K-16K""]",False,0.7403269410133362,3.215041011571884,1740.2693964540958,892339200,45.0,89.96,1755.0,1593.0,50.0,107.04,1740.0,1593.0
b64_h8192_q32_csa_profile_sim_descending_steady,ok,,full,csa_profile_sim,descending,steady,64,8192,32,2048,10,30,20260803,2026-08-12T09:41:32.765272+00:00,1.177664041519165,1.1734720468521118,1.2335360050201416,1.1845728079477946,0.017276249722776384,495.9950645198453,4194304,584115552256,0.677734375,0.677734375,0.5584174625084867,0.6861498211227985,505616,8.295433688807316,291234816,5.55486328125,"[""8K-16K""]",False,0.741567462682724,3.3605098724365234,126.21809169650078,892339200,55.0,153.22,1740.0,1593.0,58.0,152.54,1710.0,1593.0
b64_h8192_q4096_csa_profile_sim_ascending_steady,ok,,full,csa_profile_sim,ascending,steady,64,8192,4096,2048,10,30,20260803,2026-08-12T07:54:04.879985+00:00,156.31292724609375,149.83590698242188,160.89523315429688,156.5330820719401,3.230689603550462,478.31482658537715,536870912,74766790688768,0.677734375,0.677734375,0.5584174625084869,0.6759769715908222,786184,682.8820123533422,452841984,8.637275390625,"[""8K-16K""]",False,2.0579658448696136,90.18226340413094,207446.7952810228,29578232832,51.0,133.27,1695.0,1593.0,74.0,335.45,1725.0,1593.0
b64_h8192_q4096_csa_profile_sim_descending_steady,ok,,full,csa_profile_sim,descending,steady,64,8192,4096,2048,10,30,20260803,2026-08-12T09:38:26.294433+00:00,158.3745574951172,151.75698852539062,161.22592163085938,157.78812001546223,3.0579709052103756,472.0883952024498,536870912,74766790688768,0.677734375,0.677734375,0.5584174625084869,0.6759769715908222,786184,682.8820123533422,452841984,8.637275390625,"[""8K-16K""]",False,2.047926187515259,89.9813175201416,15688.346575945616,29578232832,53.0,135.99,1725.0,1593.0,78.0,341.56,1560.0,1593.0
b64_h8192_q512_csa_profile_sim_ascending_steady,ok,,full,csa_profile_sim,ascending,steady,64,8192,512,2048,10,30,20260803,2026-08-12T07:30:58.787419+00:00,18.07619285583496,18.066335678100586,18.0928955078125,18.078103574117026,0.010490202915232224,517.025289043604,67108864,9345848836096,0.677734375,0.677734375,0.5584174625084869,0.6843399077712207,556796,120.52684286525047,320714496,6.1171435546875,"[""8K-16K""]",False,0.9757056832313538,13.398822396993637,26261.04963198304,4070573056,43.0,93.49,1755.0,1593.0,54.0,313.76,1605.0,1593.0
b64_h8192_q512_csa_profile_sim_descending_steady,ok,,full,csa_profile_sim,descending,steady,64,8192,512,2048,10,30,20260803,2026-08-12T09:41:03.125127+00:00,18.28006362915039,18.10918426513672,18.292415618896484,18.25222282409668,0.063875593100501,511.259097653938,67108864,9345848836096,0.677734375,0.677734375,0.5584174625084869,0.6843399077712207,556796,120.52684286525047,320714496,6.1171435546875,"[""8K-16K""]",False,1.0732747614383698,13.62600177526474,1886.9850151240826,4070573056,55.0,102.49,1755.0,1593.0,66.0,318.16,1620.0,1593.0
b64_h8192_q8_csa_profile_sim_ascending_steady,ok,,full,csa_profile_sim,ascending,steady,64,8192,8,2048,10,30,20260803,2026-08-12T07:25:56.939636+00:00,0.359391987323761,0.357695996761322,0.3664320111274719,0.3601066688696543,0.0028002529084773017,406.3220472760534,1048576,146028888064,0.677734375,0.677734375,0.5584174625084867,0.6813616071428572,335696,3.1235880081978933,193360896,3.68806640625,"[""8K-16K""]",False,0.6857328116893768,3.170553594827652,473.8297238945961,732464128,49.0,98.43,1755.0,1593.0,49.0,102.21,1755.0,1593.0
b64_h8192_q8_csa_profile_sim_descending_steady,ok,,full,csa_profile_sim,descending,steady,64,8192,8,2048,10,30,20260803,2026-08-12T09:41:35.002463+00:00,0.36188799142837524,0.359391987323761,0.3633919954299927,0.3618549327055613,0.0016831000345281463,403.5195737985741,1048576,146028888064,0.677734375,0.677734375,0.5584174625084867,0.6813616071428572,335696,3.1235880081978933,193360896,3.68806640625,"[""8K-16K""]",False,0.6994940340518951,3.0943453311920166,44.4708913564682,732464128,55.0,141.03,1755.0,1593.0,55.0,144.88,1755.0,1593.0
b8_h131072_q1024_csa_profile_sim_ascending_steady,ok,,full,csa_profile_sim,ascending,steady,8,131072,1024,2048,10,30,20260803,2026-08-12T06:37:01.345589+00:00,5.070240020751953,4.905792236328125,5.257567882537842,5.088136498133341,0.09317348752005819,460.81885659477825,16777216,2336462209024,0.50390625,0.50390625,0.3817648634796384,0.40788397443737767,1037140,16.17642362651137,597392640,11.3943603515625,"[""64K+""]",True,0.8340105414390564,7.546696811914444,8097.304861992598,1829241856,43.0,89.72,1755.0,1593.0,48.0,151.1,1710.0,1593.0
b8_h131072_q1024_csa_profile_sim_descending_steady,ok,,full,csa_profile_sim,descending,steady,8,131072,1024,2048,10,30,20260803,2026-08-12T09:47:50.218785+00:00,5.237792015075684,5.028831958770752,5.250783920288086,5.216998402277628,0.05865139986548889,446.0776988278789,16777216,2336462209024,0.50390625,0.50390625,0.3817648634796384,0.40788397443737767,1037140,16.17642362651137,597392640,11.3943603515625,"[""64K+""]",True,0.9163841605186462,7.986236363649368,1316.6063465178013,1829241856,50.0,94.31,1755.0,1593.0,57.0,154.54,1530.0,1593.0
b8_h131072_q128_csa_profile_sim_ascending_steady,ok,,full,csa_profile_sim,ascending,steady,8,131072,128,2048,10,30,20260803,2026-08-12T06:35:00.539213+00:00,0.6256319880485535,0.6219199895858765,0.6303359866142273,0.6255669295787811,0.0025193288093552915,466.82040194104377,2097152,292057776128,0.50390625,0.50390625,0.3817648634796384,0.40870382827788654,527188,3.977996464259429,303660288,5.7918603515625,"[""64K+""]",True,0.7685422897338867,5.590192973613739,1000.8543580770493,1087439872,44.0,89.29,1755.0,1593.0,45.0,97.61,1710.0,1593.0
b8_h131072_q128_csa_profile_sim_descending_steady,ok,,full,csa_profile_sim,descending,steady,8,131072,128,2048,10,30,20260803,2026-08-12T09:48:13.095035+00:00,0.62636798620224,0.6239680051803589,0.6320639848709106,0.6268853326638539,0.002339259955064965,466.2718762157509,2097152,292057776128,0.50390625,0.50390625,0.3817648634796384,0.40870382827788654,527188,3.977996464259429,303660288,5.7918603515625,"[""64K+""]",True,0.7109194993972778,5.710732191801071,281.0395397245884,1087439872,49.0,121.62,1755.0,1593.0,51.0,129.29,1755.0,1593.0
b8_h131072_q2_csa_profile_sim_ascending_steady,ok,,full,csa_profile_sim,ascending,steady,8,131072,2,2048,10,30,20260803,2026-08-12T06:34:47.333535+00:00,0.07180800288915634,0.07123199850320816,0.07289600372314453,0.07202453340093294,0.0009256315873783728,63.55005804915813,32768,4563402752,0.50390625,0.50390625,0.38176486347963834,0.40912426614481406,24512,1.3368146214099217,14118912,0.269296875,"[""64K+""]",True,0.498112291097641,5.364511162042618,19.378595054149628,983123968,46.0,93.57,1755.0,1593.0,46.0,93.58,1755.0,1593.0
b8_h131072_q2_csa_profile_sim_descending_steady,ok,,full,csa_profile_sim,descending,steady,8,131072,2,2048,10,30,20260803,2026-08-12T09:48:18.592030+00:00,0.07126399874687195,0.07056000083684921,0.07327999919652939,0.07142293428381284,0.0008940352526149132,64.03517669853329,32768,4563402752,0.50390625,0.50390625,0.38176486347963834,0.40912426614481406,24512,1.3368146214099217,14118912,0.269296875,"[""64K+""]",True,0.5075149238109589,5.636926740407944,6.621848791837692,983123968,48.0,103.33,1755.0,1593.0,48.0,103.58,1755.0,1593.0
b8_h131072_q32_csa_profile_sim_ascending_steady,ok,,full,csa_profile_sim,ascending,steady,8,131072,32,2048,10,30,20260803,2026-08-12T06:34:51.423997+00:00,0.22937600314617157,0.22672000527381897,0.23372800648212433,0.2297258660197258,0.0020013501766621066,318.3177099195987,524288,73014444032,0.50390625,0.50390625,0.38176486347963834,0.4082451687866927,210660,2.488787619861388,121340160,2.3143798828125,"[""64K+""]",True,0.7128827273845673,5.330193787813187,255.9903860092163,1007961088,44.0,95.55,1755.0,1593.0,45.0,98.03,1755.0,1593.0
b8_h131072_q32_csa_profile_sim_descending_steady,ok,,full,csa_profile_sim,descending,steady,8,131072,32,2048,10,30,20260803,2026-08-12T09:48:16.009709+00:00,0.23097600042819977,0.22937600314617157,0.23468799889087677,0.23141226569811504,0.001964140312627962,316.11268658492924,524288,73014444032,0.50390625,0.50390625,0.38176486347963834,0.4082451687866927,210660,2.488787619861388,121340160,2.3143798828125,"[""64K+""]",True,0.7088221609592438,5.606386810541153,73.24111089110374,1007961088,49.0,110.16,1755.0,1593.0,49.0,113.28,1755.0,1593.0
b8_h131072_q4096_csa_profile_sim_ascending_steady,ok,,full,csa_profile_sim,ascending,steady,8,131072,4096,2048,10,30,20260803,2026-08-12T06:40:27.210268+00:00,19.82032012939453,19.618528366088867,20.023935317993164,19.84139200846354,0.17054738927515023,471.52865216519064,67108864,9345848836096,0.50390625,0.50390625,0.3817648634796384,0.40767429299550517,1081308,62.062672245095754,622833408,11.8796044921875,"[""64K+""]",True,0.9437054395675659,15.78451693058014,32233.91068354249,4372562944,43.0,93.6,1755.0,1593.0,56.0,335.47,1695.0,1593.0
b8_h131072_q4096_csa_profile_sim_descending_steady,ok,,full,csa_profile_sim,descending,steady,8,131072,4096,2048,10,30,20260803,2026-08-12T09:47:05.370957+00:00,19.998655319213867,19.95248031616211,21.143104553222656,20.094581158955894,0.3609205288448751,467.32386187569824,67108864,9345848836096,0.50390625,0.50390625,0.3817648634796384,0.40767429299550517,1081308,62.062672245095754,622833408,11.8796044921875,"[""64K+""]",True,0.9577050805091858,16.13003760576248,5426.694333553314,4372562944,49.0,98.81,1755.0,1593.0,59.0,333.5,1635.0,1593.0
b8_h131072_q512_csa_profile_sim_ascending_steady,ok,,full,csa_profile_sim,ascending,steady,8,131072,512,2048,10,30,20260803,2026-08-12T06:35:44.937582+00:00,2.543328046798706,2.3569281101226807,2.559391975402832,2.4929461161295574,0.07393891245973708,459.3316642666115,8388608,1168231104512,0.50390625,0.50390625,0.3817648634796384,0.4089556132277397,927004,9.049160521421697,533954304,10.1843701171875,"[""64K+""]",True,0.7876493036746979,6.292074918746948,4008.6358338594437,1405355008,43.0,88.8,1755.0,1593.0,47.0,120.72,1680.0,1593.0
b8_h131072_q512_csa_profile_sim_descending_steady,ok,,full,csa_profile_sim,descending,steady,8,131072,512,2048,10,30,20260803,2026-08-12T09:48:04.787445+00:00,2.47654390335083,2.408992052078247,2.591871976852417,2.49149227142334,0.07792816405316147,471.7183099121934,8388608,1168231104512,0.50390625,0.50390625,0.3817648634796384,0.4089556132277397,927004,9.049160521421697,533954304,10.1843701171875,"[""64K+""]",True,0.8879117667675018,6.549447774887085,664.1651205718517,1405355008,50.0,128.01,1755.0,1593.0,55.0,153.89,1485.0,1593.0
b8_h131072_q8_csa_profile_sim_ascending_steady,ok,,full,csa_profile_sim,ascending,steady,8,131072,8,2048,10,30,20260803,2026-08-12T06:34:48.596054+00:00,0.07980799674987793,0.07916799932718277,0.08163200318813324,0.08013760025302569,0.001281150208331841,228.71907266646085,131072,18253611008,0.50390625,0.50390625,0.38176486347963834,0.40227495107632094,69544,1.884734844127459,40057344,0.764033203125,"[""64K+""]",True,0.607270747423172,5.17074391245842,67.16332584619522,988091392,45.0,94.69,1755.0,1593.0,45.0,94.69,1755.0,1593.0
b8_h131072_q8_csa_profile_sim_descending_steady,ok,,full,csa_profile_sim,descending,steady,8,131072,8,2048,10,30,20260803,2026-08-12T09:48:17.420997+00:00,0.08028800040483475,0.07980799674987793,0.08163200318813324,0.08056106691559156,0.001241328774116538,227.35167043593245,131072,18253611008,0.50390625,0.50390625,0.38176486347963834,0.40227495107632094,69544,1.884734844127459,40057344,0.764033203125,"[""64K+""]",True,0.6016828119754791,5.454961210489273,12.51639798283577,988091392,49.0,112.83,1755.0,1593.0,49.0,113.3,1755.0,1593.0
b8_h16384_q1024_csa_profile_sim_ascending_steady,ok,,full,csa_profile_sim,ascending,steady,8,16384,1024,2048,30,100,20260803,2026-08-12T09:54:46.609170+00:00,4.824672222137451,4.813375949859619,4.867136001586914,4.827675518989563,0.02131013337047178,484.2737706208129,16777216,2336462209024,0.6015625,0.6015625,0.4795130637871586,0.5719053861912916,139220,120.50866254848441,80190720,1.5295166015625,"[""16K-32K""]",False,0.948052853345871,3.755088895559311,2187.024984508753,1300759552,52.0,94.22,1755.0,1593.0,63.0,264.43,1695.0,1593.0
b8_h16384_q1024_csa_profile_sim_descending_steady,ok,,full,csa_profile_sim,descending,steady,8,16384,1024,2048,30,100,20260803,2026-08-12T09:57:02.951508+00:00,4.964064121246338,4.951935768127441,5.016992092132568,4.967030382156372,0.019413506385016273,470.67526767510395,16777216,2336462209024,0.6015625,0.6015625,0.4795130637871586,0.5719053861912916,139220,120.50866254848441,80190720,1.5295166015625,"[""16K-32K""]",False,0.8143521845340729,3.2378658652305603,1328.357044607401,1300759552,68.0,113.12,1755.0,1593.0,76.0,277.22,1725.0,1593.0
b8_h16384_q128_csa_profile_sim_ascending_steady,ok,,full,csa_profile_sim,ascending,steady,8,16384,128,2048,10,30,20260803,2026-08-12T06:34:57.014135+00:00,0.5856639742851257,0.5838720202445984,0.5901439785957336,0.5863157292207082,0.0022971541889167716,498.67806276541444,2097152,292057776128,0.6015625,0.6015625,0.4795130637871586,0.5738976883561644,130828,16.029840706882318,75356928,1.4373193359375,"[""16K-32K""]",False,0.7000528275966644,1.287270337343216,1066.9201873242855,558957568,44.0,89.19,1755.0,1593.0,46.0,97.89,1755.0,1593.0
b8_h16384_q128_csa_profile_sim_descending_steady,ok,,full,csa_profile_sim,descending,steady,8,16384,128,2048,10,30,20260803,2026-08-12T09:48:14.188141+00:00,0.5902720093727112,0.587552011013031,0.5963519811630249,0.5914389292399088,0.002966977689603871,494.78506771543033,2097152,292057776128,0.6015625,0.6015625,0.4795130637871586,0.5738976883561644,130828,16.029840706882318,75356928,1.4373193359375,"[""16K-32K""]",False,0.6730258464813232,1.2976005673408508,161.06295213103294,558957568,49.0,120.75,1740.0,1593.0,51.0,129.04,1755.0,1593.0
b8_h16384_q2_csa_profile_sim_ascending_steady,ok,,full,csa_profile_sim,ascending,steady,8,16384,2,2048,10,30,20260803,2026-08-12T06:34:46.862472+00:00,0.07126399874687195,0.07068800181150436,0.07292799651622772,0.07140480031569799,0.0009335954333757209,64.03517669853329,32768,4563402752,0.6015625,0.6015625,0.4795130637871587,0.5655577299412916,22912,1.4301675977653632,13197312,0.25171875,"[""16K-32K""]",False,0.4453212022781372,1.1383071541786194,23.4995037317276,454641664,47.0,212.73,1755.0,1593.0,46.0,189.65,1755.0,1593.0
b8_h16384_q2_csa_profile_sim_descending_steady,ok,,full,csa_profile_sim,descending,steady,8,16384,2,2048,10,30,20260803,2026-08-12T09:48:18.882108+00:00,0.07145600020885468,0.07078400254249573,0.07363200187683105,0.07178346638878187,0.0010613740182211517,63.863114905142886,32768,4563402752,0.6015625,0.6015625,0.4795130637871587,0.5655577299412916,22912,1.4301675977653632,13197312,0.25171875,"[""16K-32K""]",False,0.47611817717552185,1.1658668518066406,6.913326680660248,454641664,48.0,103.43,1755.0,1593.0,48.0,103.14,1755.0,1593.0
b8_h16384_q32_csa_profile_sim_ascending_steady,ok,,full,csa_profile_sim,ascending,steady,8,16384,32,2048,10,30,20260803,2026-08-12T06:34:50.211568+00:00,0.2178560048341751,0.21488000452518463,0.2205439954996109,0.21779413471619288,0.001623526860096605,335.1500184150362,524288,73014444032,0.6015625,0.6015625,0.4795130637871587,0.5742875489236792,102416,5.1192001249804715,58991616,1.12517578125,"[""16K-32K""]",False,0.6484240293502808,1.1292994022369385,270.47132328152657,479478784,44.0,94.83,1755.0,1593.0,45.0,95.45,1755.0,1593.0
b8_h16384_q32_csa_profile_sim_descending_steady,ok,,full,csa_profile_sim,descending,steady,8,16384,32,2048,10,30,20260803,2026-08-12T09:48:16.537415+00:00,0.21852800250053406,0.21564799547195435,0.22099199891090393,0.21832853307326636,0.0015524395885306778,334.11939521033037,524288,73014444032,0.6015625,0.6015625,0.4795130637871587,0.5742875489236792,102416,5.1192001249804715,58991616,1.12517578125,"[""16K-32K""]",False,0.6941407918930054,1.1905841529369354,45.74749246239662,479478784,49.0,113.98,1755.0,1593.0,49.0,115.28,1755.0,1593.0
b8_h16384_q4096_csa_profile_sim_ascending_steady,ok,,full,csa_profile_sim,ascending,steady,8,16384,4096,2048,10,30,20260803,2026-08-12T06:38:50.474228+00:00,18.033855438232422,17.869184494018555,18.06048011779785,17.975923283894858,0.08171391481797467,518.2390902547918,67108864,9345848836096,0.6015625,0.6015625,0.4795130637871586,0.566179129942056,163796,409.7100295489511,94346496,1.7995166015625,"[""16K-32K""]",False,0.9427033364772797,11.622566729784012,32669.21904683113,3844080640,42.0,92.12,1755.0,1593.0,59.0,311.12,1680.0,1593.0
b8_h16384_q4096_csa_profile_sim_descending_steady,ok,,full,csa_profile_sim,descending,steady,8,16384,4096,2048,10,30,20260803,2026-08-12T09:47:24.219778+00:00,18.048320770263672,18.030271530151367,18.550912857055664,18.141268475850424,0.18186111729125537,517.8237330253004,67108864,9345848836096,0.6015625,0.6015625,0.4795130637871586,0.566179129942056,163796,409.7100295489511,94346496,1.7995166015625,"[""16K-32K""]",False,0.9413734078407288,11.629462242126465,5445.1976753771305,3844080640,50.0,96.27,1755.0,1593.0,63.0,310.63,1605.0,1593.0
b8_h16384_q512_csa_profile_sim_ascending_steady,ok,,full,csa_profile_sim,ascending,steady,8,16384,512,2048,10,30,20260803,2026-08-12T06:35:31.948300+00:00,2.2667839527130127,2.193631887435913,2.383552074432373,2.287486934661865,0.07458375259544678,515.3694083257456,8388608,1168231104512,0.6015625,0.6015625,0.4795130637871586,0.5730453461350293,135152,62.06795311945069,77847552,1.48482421875,"[""16K-32K""]",False,3.938451409339905,2.0155496895313263,4235.607944428921,876872704,43.0,87.55,1755.0,1593.0,48.0,116.86,1620.0,1593.0
b8_h16384_q512_csa_profile_sim_descending_steady,ok,,full,csa_profile_sim,descending,steady,8,16384,512,2048,10,30,20260803,2026-08-12T09:48:07.281975+00:00,2.353663921356201,2.1951680183410645,2.4157440662384033,2.320031984647115,0.09013027864751348,496.3457585902304,8388608,1168231104512,0.6015625,0.6015625,0.4795130637871586,0.5730453461350293,135152,62.06795311945069,77847552,1.48482421875,"[""16K-32K""]",False,0.8166283369064331,2.021234482526779,650.6474167108536,876872704,50.0,125.91,1755.0,1593.0,54.0,151.67,1695.0,1593.0
b8_h16384_q8_csa_profile_sim_ascending_steady,ok,,full,csa_profile_sim,ascending,steady,8,16384,8,2048,10,30,20260803,2026-08-12T06:34:48.124064+00:00,0.07596799731254578,0.0753600001335144,0.08134400099515915,0.07646506652235985,0.0015880024883696765,240.28027134770207,131072,18253611008,0.6015625,0.6015625,0.4795130637871587,0.5641817514677103,51924,2.5243047531006857,29908224,0.5704541015625,"[""16K-32K""]",False,0.5562081933021545,0.9369514882564545,73.67021217942238,459609088,45.0,99.79,1755.0,1593.0,45.0,100.16,1755.0,1593.0
b8_h16384_q8_csa_profile_sim_descending_steady,ok,,full,csa_profile_sim,descending,steady,8,16384,8,2048,10,30,20260803,2026-08-12T09:48:17.840512+00:00,0.07568000257015228,0.07523199915885925,0.07747200131416321,0.07605866715312004,0.001494257181571363,241.19464043463324,131072,18253611008,0.6015625,0.6015625,0.4795130637871587,0.5641817514677103,51924,2.5243047531006857,29908224,0.5704541015625,"[""16K-32K""]",False,0.5964189767837524,0.9849667549133301,22.5176103413105,459609088,48.0,109.21,1755.0,1593.0,48.0,109.36,1755.0,1593.0
b8_h2048_q1024_csa_profile_sim_ascending_steady,ok,,full,csa_profile_sim,ascending,steady,8,2048,1024,2048,10,30,20260803,2026-08-12T06:35:57.803388+00:00,4.749663829803467,4.552351951599121,4.755136013031006,4.7055807908376055,0.06986045050702826,491.9215954533521,16777216,2336462209024,0.8476906158357771,0.8476906158357771,0.722527752539372,0.9692910748685176,24552,683.3339850114044,14141952,0.269736328125,"[""2K-8K""]",False,0.8514411747455597,3.142997622489929,26765.413116663694,1235223552,42.0,88.16,1755.0,1593.0,50.0,143.09,1725.0,1593.0
b8_h2048_q1024_csa_profile_sim_descending_steady,ok,,full,csa_profile_sim,descending,steady,8,2048,1024,2048,10,30,20260803,2026-08-12T09:47:59.056639+00:00,4.538943767547607,4.268415927886963,4.544159889221191,4.4731029033660885,0.10652650864407677,514.7590119377908,16777216,2336462209024,0.8476906158357771,0.8476906158357771,0.722527752539372,0.9692910748685176,24552,683.3339850114044,14141952,0.269736328125,"[""2K-8K""]",False,0.8473433554172516,2.867531031370163,3630.834896117449,1235223552,48.0,91.9,1755.0,1593.0,56.0,147.9,1710.0,1593.0
b8_h2048_q128_csa_profile_sim_ascending_steady,ok,,full,csa_profile_sim,ascending,steady,8,2048,128,2048,10,30,20260803,2026-08-12T06:34:52.540864+00:00,0.5654399991035461,0.5641279816627502,0.5740159749984741,0.5659647981325785,0.002337756334125218,516.5141776157171,2097152,292057776128,0.968996062992126,0.968996062992126,0.722527752539372,0.997282442514677,17408,120.47058823529412,10027008,0.19125,"[""2K-8K""]",False,0.6248913705348969,0.6639137864112854,2575.2435103058815,304153600,44.0,89.33,1755.0,1593.0,45.0,96.29,1755.0,1593.0
b8_h2048_q128_csa_profile_sim_descending_steady,ok,,full,csa_profile_sim,descending,steady,8,2048,128,2048,10,30,20260803,2026-08-12T09:48:15.054096+00:00,0.5696960091590881,0.5681599974632263,0.5773760080337524,0.5711946725845337,0.003324667669629555,512.6554713962242,2097152,292057776128,0.968996062992126,0.968996062992126,0.722527752539372,0.997282442514677,17408,120.47058823529412,10027008,0.19125,"[""2K-8K""]",False,1.6154535114765167,12.491866946220398,463.7342765927315,304153600,49.0,107.34,1755.0,1593.0,49.0,113.9,1740.0,1593.0
b8_h2048_q2_csa_profile_sim_ascending_steady,ok,,full,csa_profile_sim,ascending,steady,8,2048,2,2048,10,30,20260803,2026-08-12T06:34:46.384968+00:00,0.07158400118350983,0.07081600278615952,0.0729919970035553,0.07191253304481507,0.0012635994976543752,63.74891982220226,32768,4563402752,1.0,1.0,0.722527752539372,1.0,16384,2.0,9437184,0.18,"[""2K-8K""]",False,0.48872828483581543,0.7121674716472626,106.21371492743492,58326016,49.0,218.38,1740.0,1593.0,48.0,218.71,1740.0,1593.0
b8_h2048_q2_csa_profile_sim_descending_steady,ok,,full,csa_profile_sim,descending,steady,8,2048,2,2048,10,30,20260803,2026-08-12T09:48:19.215722+00:00,0.07135999947786331,0.0708480030298233,0.07513599842786789,0.07171413327256838,0.0012151553664816195,63.949030064323644,32768,4563402752,1.0,1.0,0.722527752539372,1.0,16384,2.0,9437184,0.18,"[""2K-8K""]",False,0.458497554063797,0.6278790533542633,36.434393376111984,58326016,48.0,101.68,1755.0,1593.0,48.0,101.81,1755.0,1593.0
b8_h2048_q32_csa_profile_sim_ascending_steady,ok,,full,csa_profile_sim,ascending,steady,8,2048,32,2048,10,30,20260803,2026-08-12T06:34:49.179463+00:00,0.2025279998779297,0.200095996260643,0.2059520035982132,0.20277760128180186,0.0016419963771475443,360.5153069008148,524288,73014444032,0.9924395161290323,0.9924395161290323,0.722527752539372,0.9983029598825832,16640,31.50769230769231,9584640,0.1828125,"[""2K-8K""]",False,0.5364902317523956,0.6661154329776764,286.18158027529716,83854336,45.0,99.68,1755.0,1593.0,45.0,100.72,1755.0,1593.0
b8_h2048_q32_csa_profile_sim_descending_steady,ok,,full,csa_profile_sim,descending,steady,8,2048,32,2048,10,30,20260803,2026-08-12T09:48:17.089854+00:00,0.20032000541687012,0.19756799936294556,0.20473599433898926,0.2003551999727885,0.0019444374406501108,364.4890278435018,524288,73014444032,0.9924395161290323,0.9924395161290323,0.722527752539372,0.9983029598825832,16640,31.50769230769231,9584640,0.1828125,"[""2K-8K""]",False,0.55699422955513,0.6679482758045197,51.00749805569649,83854336,49.0,106.06,1755.0,1593.0,49.0,104.7,1755.0,1593.0
b8_h2048_q4096_csa_profile_sim_ascending_steady,ok,,full,csa_profile_sim,ascending,steady,8,2048,4096,2048,10,30,20260803,2026-08-12T06:37:27.014811+00:00,17.989503860473633,17.975488662719727,18.00966453552246,17.992255147298177,0.01024727209059189,519.5167642522155,67108864,9345848836096,0.8212912087912088,0.8212912087912088,0.722527752539372,0.8933578461350293,49120,1366.2228013029317,28293120,0.5396484375,"[""2K-8K""]",False,0.8548237383365631,11.017590761184692,40942.05118715763,3779068928,42.0,92.43,1755.0,1593.0,58.0,312.95,1665.0,1593.0
b8_h2048_q4096_csa_profile_sim_descending_steady,ok,,full,csa_profile_sim,descending,steady,8,2048,4096,2048,10,30,20260803,2026-08-12T09:47:39.603874+00:00,18.005855560302734,17.893247604370117,18.022079467773438,17.997734451293944,0.03158298011389126,519.0449742749612,67108864,9345848836096,0.8212912087912088,0.8212912087912088,0.722527752539372,0.8933578461350293,49120,1366.2228013029317,28293120,0.5396484375,"[""2K-8K""]",False,0.9252466261386871,10.904449969530106,6307.1861155331135,3779068928,48.0,97.23,1755.0,1593.0,63.0,315.07,1710.0,1593.0
b8_h2048_q512_csa_profile_sim_ascending_steady,ok,,full,csa_profile_sim,ascending,steady,8,2048,512,2048,10,30,20260803,2026-08-12T06:35:04.070812+00:00,2.2634239196777344,2.1380159854888916,2.3022398948669434,2.249018661181132,0.05755042432317959,516.1344697100897,8388608,1168231104512,0.8829500978473581,0.8829500978473581,0.722527752539372,0.99267578125,20472,409.76006252442363,11791872,0.224912109375,"[""2K-8K""]",False,0.7490254938602448,1.664046198129654,21661.978267133236,811598848,43.0,89.09,1755.0,1593.0,46.0,118.27,1545.0,1593.0
b8_h2048_q512_csa_profile_sim_descending_steady,ok,,full,csa_profile_sim,descending,steady,8,2048,512,2048,10,30,20260803,2026-08-12T09:48:09.402537+00:00,2.2268800735473633,2.178528070449829,2.3897600173950195,2.2435359954833984,0.05458538895120184,524.6044088270266,8388608,1168231104512,0.8829500978473581,0.8829500978473581,0.722527752539372,0.99267578125,20472,409.76006252442363,11791872,0.224912109375,"[""2K-8K""]",False,0.7881931960582733,1.4729872345924377,2868.3516047894955,811598848,48.0,91.18,1755.0,1593.0,54.0,119.39,1710.0,1593.0
b8_h2048_q8_csa_profile_sim_ascending_steady,ok,,full,csa_profile_sim,ascending,steady,8,2048,8,2048,10,30,20260803,2026-08-12T06:34:47.699683+00:00,0.07011199742555618,0.06976000219583511,0.07155200093984604,0.07046293318271638,0.0014964116654202278,260.3493222024005,131072,18253611008,0.9983258928571429,0.9983258928571429,0.722527752539372,0.9993884540117417,16448,7.968871595330739,9474048,0.180703125,"[""2K-8K""]",False,0.43185800313949585,0.5881227552890778,90.01314640045166,63431680,45.0,99.96,1755.0,1593.0,45.0,99.9,1755.0,1593.0
b8_h2048_q8_csa_profile_sim_descending_steady,ok,,full,csa_profile_sim,descending,steady,8,2048,8,2048,10,30,20260803,2026-08-12T09:48:18.218242+00:00,0.07011199742555618,0.06943999975919724,0.07174400240182877,0.07033920014897982,0.0014377549768449407,260.3493222024005,131072,18253611008,0.9983258928571429,0.9983258928571429,0.722527752539372,0.9993884540117417,16448,7.968871595330739,9474048,0.180703125,"[""2K-8K""]",False,0.45793503522872925,0.6371475756168365,21.931111812591553,63431680,48.0,103.56,1755.0,1593.0,48.0,103.29,1755.0,1593.0
b8_h262144_q1024_csa_profile_sim_ascending_steady,ok,,full,csa_profile_sim,ascending,steady,8,262144,1024,2048,10,30,20260803,2026-08-12T06:37:09.793680+00:00,5.141952037811279,4.946784019470215,5.153247833251953,5.095700263977051,0.0760662901511853,454.39206586192455,16777216,2336462209024,0.50390625,0.50390625,0.3817648634796384,0.40719789628180036,1723428,9.734793678645119,992694528,18.9341455078125,"[""64K+""]",True,0.8615367114543915,12.59765774011612,8231.751453131437,2433221632,44.0,89.03,1755.0,1593.0,48.0,151.46,1725.0,1593.0
b8_h262144_q1024_csa_profile_sim_descending_steady,ok,,full,csa_profile_sim,descending,steady,8,262144,1024,2048,10,30,20260803,2026-08-12T09:47:48.501342+00:00,5.270080089569092,5.13478422164917,5.333312034606934,5.2717675050099695,0.06697290097679667,443.3447251870969,16777216,2336462209024,0.50390625,0.50390625,0.3817648634796384,0.40719789628180036,1723428,9.734793678645119,992694528,18.9341455078125,"[""64K+""]",True,0.8786804974079132,13.33872601389885,1319.0203309059143,2433221632,51.0,94.61,1755.0,1593.0,54.0,155.75,1725.0,1593.0
b8_h262144_q128_csa_profile_sim_ascending_steady,ok,,full,csa_profile_sim,ascending,steady,8,262144,128,2048,10,30,20260803,2026-08-12T06:35:01.688570+00:00,0.6307839751243591,0.6270400285720825,0.6364160180091858,0.6346112032731374,0.018589407027041652,463.0076026747838,2097152,292057776128,0.50390625,0.50390625,0.3817648634796384,0.406150623776908,566964,3.6989156278000013,326571264,6.2288525390625,"[""64K+""]",True,0.7589906454086304,10.28602197766304,1010.8642131090164,1691419648,44.0,88.73,1755.0,1593.0,45.0,97.72,1755.0,1593.0
b8_h262144_q128_csa_profile_sim_descending_steady,ok,,full,csa_profile_sim,descending,steady,8,262144,128,2048,10,30,20260803,2026-08-12T09:48:12.813786+00:00,0.625823974609375,0.6237120032310486,0.6342399716377258,0.6264191965262095,0.002698332555664386,466.67719355158255,2097152,292057776128,0.50390625,0.50390625,0.3817648634796384,0.406150623776908,566964,3.6989156278000013,326571264,6.2288525390625,"[""64K+""]",True,0.7252693176269531,10.896995663642883,162.447240203619,1691419648,50.0,137.64,1755.0,1593.0,50.0,146.0,1755.0,1593.0
b8_h262144_q2_csa_profile_sim_ascending_steady,ok,,full,csa_profile_sim,ascending,steady,8,262144,2,2048,10,30,20260803,2026-08-12T06:34:47.436375+00:00,0.07148800045251846,0.07103999704122543,0.07254400104284286,0.07160000006357829,0.0007898993322615575,63.8345277964651,32768,4563402752,0.50390625,0.50390625,0.38176486347963834,0.41303816046966735,24512,1.3368146214099217,14118912,0.269296875,"[""64K+""]",True,0.5207844078540802,10.27817651629448,19.07920092344284,1587103744,46.0,95.65,1755.0,1593.0,46.0,95.75,1755.0,1593.0
b8_h262144_q2_csa_profile_sim_descending_steady,ok,,full,csa_profile_sim,descending,steady,8,262144,2,2048,10,30,20260803,2026-08-12T09:48:18.426719+00:00,0.07103999704122543,0.07020799815654755,0.07231999933719635,0.07119146610299747,0.0009849538867393092,64.23709096372566,32768,4563402752,0.50390625,0.50390625,0.38176486347963834,0.41303816046966735,24512,1.3368146214099217,14118912,0.269296875,"[""64K+""]",True,0.5196221172809601,10.860182344913483,5.449060350656509,1587103744,49.0,103.64,1755.0,1593.0,49.0,103.09,1755.0,1593.0
b8_h262144_q32_csa_profile_sim_ascending_steady,ok,,full,csa_profile_sim,ascending,steady,8,262144,32,2048,10,30,20260803,2026-08-12T06:34:51.787642+00:00,0.23004800081253052,0.22752000391483307,0.23369599878787994,0.23042986690998077,0.0017687045555127845,317.3878658980416,524288,73014444032,0.50390625,0.50390625,0.38176486347963834,0.4050574853228963,214840,2.4403649227331967,123747840,2.360302734375,"[""64K+""]",True,0.722881406545639,10.189168155193329,254.68812882900238,1611940864,44.0,98.39,1755.0,1593.0,44.0,100.89,1755.0,1593.0
b8_h262144_q32_csa_profile_sim_descending_steady,ok,,full,csa_profile_sim,descending,steady,8,262144,32,2048,10,30,20260803,2026-08-12T09:48:15.841970+00:00,0.23158399760723114,0.22937600314617157,0.23494400084018707,0.231864532828331,0.0018779693286301868,315.28276904448836,524288,73014444032,0.50390625,0.50390625,0.38176486347963834,0.4050574853228963,214840,2.4403649227331967,123747840,2.360302734375,"[""64K+""]",True,0.6859526038169861,10.846991091966629,43.46350580453873,1611940864,50.0,115.34,1740.0,1593.0,49.0,116.11,1755.0,1593.0
b8_h262144_q4096_csa_profile_sim_ascending_steady,ok,,full,csa_profile_sim,ascending,steady,8,262144,4096,2048,10,30,20260803,2026-08-12T06:41:00.411724+00:00,20.02118492126465,19.98361587524414,20.041919708251953,20.033658727010092,0.08943301297423038,466.7979878738198,67108864,9345848836096,0.50390625,0.50390625,0.3817648634796384,0.4069948439028865,2126164,31.56335259180383,1224670464,23.3587353515625,"[""64K+""]",True,1.0810457170009613,20.77234536409378,33121.53771519661,4976542720,43.0,93.59,1755.0,1593.0,58.0,337.88,1695.0,1593.0
b8_h262144_q4096_csa_profile_sim_descending_steady,ok,,full,csa_profile_sim,descending,steady,8,262144,4096,2048,10,30,20260803,2026-08-12T09:46:58.860540+00:00,20.131071090698242,20.01193618774414,20.894912719726562,20.218674087524413,0.3572419207511374,464.24995441073884,67108864,9345848836096,0.50390625,0.50390625,0.3817648634796384,0.4069948439028865,2126164,31.56335259180383,1224670464,23.3587353515625,"[""64K+""]",True,0.9969323873519897,21.635685116052628,5549.126923084259,4976542720,49.0,97.41,1755.0,1593.0,62.0,338.64,1515.0,1593.0
b8_h262144_q512_csa_profile_sim_ascending_steady,ok,,full,csa_profile_sim,ascending,steady,8,262144,512,2048,10,30,20260803,2026-08-12T06:35:49.196065+00:00,2.479520082473755,2.3788158893585205,2.6148159503936768,2.4984394709269204,0.09251733228575615,471.15210430015355,8388608,1168231104512,0.50390625,0.50390625,0.3817648634796384,0.40649748501712324,1265160,6.6304720351576085,728732160,13.899462890625,"[""64K+""]",True,0.9376890957355499,11.368434876203537,4027.5166891515255,2009334784,43.0,88.12,1755.0,1593.0,48.0,121.21,1605.0,1593.0
b8_h262144_q512_csa_profile_sim_descending_steady,ok,,full,csa_profile_sim,descending,steady,8,262144,512,2048,10,30,20260803,2026-08-12T09:48:03.916710+00:00,2.5108160972595215,2.4514238834381104,2.6495680809020996,2.5435413281122843,0.08618177166206761,465.2794387398935,8388608,1168231104512,0.50390625,0.50390625,0.3817648634796384,0.40649748501712324,1265160,6.6304720351576085,728732160,13.899462890625,"[""64K+""]",True,0.8811168372631073,11.840686202049255,668.5388796031475,2009334784,50.0,129.34,1755.0,1593.0,54.0,158.85,1590.0,1593.0
b8_h262144_q8_csa_profile_sim_ascending_steady,ok,,full,csa_profile_sim,ascending,steady,8,262144,8,2048,10,30,20260803,2026-08-12T06:34:48.745519+00:00,0.0814720019698143,0.08057600259780884,0.0896959975361824,0.08218666712443033,0.0023608292165441763,224.04765522716673,131072,18253611008,0.50390625,0.50390625,0.38176486347963834,0.41251834637964774,69628,1.882461078876314,40105728,0.7649560546875,"[""64K+""]",True,0.613182783126831,10.10490208864212,66.17620214819908,1592071168,45.0,96.51,1755.0,1593.0,45.0,96.68,1755.0,1593.0
b8_h262144_q8_csa_profile_sim_descending_steady,ok,,full,csa_profile_sim,descending,steady,8,262144,8,2048,10,30,20260803,2026-08-12T09:48:17.333556+00:00,0.08032000064849854,0.07939200103282928,0.08460800349712372,0.08135466674963633,0.004711766876796644,227.26109139220011,131072,18253611008,0.50390625,0.50390625,0.38176486347963834,0.41251834637964774,69628,1.882461078876314,40105728,0.7649560546875,"[""64K+""]",True,0.6033144891262054,10.64908504486084,12.340784072875977,1592071168,49.0,110.98,1755.0,1593.0,49.0,111.5,1755.0,1593.0
b8_h32768_q1024_csa_profile_sim_ascending_steady,ok,,full,csa_profile_sim,ascending,steady,8,32768,1024,2048,10,30,20260803,2026-08-12T06:36:45.084931+00:00,4.875135898590088,4.731743812561035,4.888768196105957,4.844898096720377,0.05795552739948571,479.2609391052495,16777216,2336462209024,0.5703125,0.5703125,0.432384490611313,0.5015761642306752,270284,62.072545914667536,155683584,2.9694287109375,"[""32K-64K""]",False,8.828196674585342,4.201613366603851,7408.772334456444,1376257024,43.0,88.63,1755.0,1593.0,50.0,142.62,1725.0,1593.0
b8_h32768_q1024_csa_profile_sim_descending_steady,ok,,full,csa_profile_sim,descending,steady,8,32768,1024,2048,10,30,20260803,2026-08-12T09:47:53.452668+00:00,4.870143890380859,4.734079837799072,4.913055896759033,4.875574382146199,0.046023255540775056,479.7521924637183,16777216,2336462209024,0.5703125,0.5703125,0.432384490611313,0.5015761642306752,270284,62.072545914667536,155683584,2.9694287109375,"[""32K-64K""]",False,0.8619986474514008,4.051093012094498,1223.8859944045544,1376257024,51.0,95.27,1755.0,1593.0,55.0,150.64,1695.0,1593.0
b8_h32768_q128_csa_profile_sim_ascending_steady,ok,,full,csa_profile_sim,ascending,steady,8,32768,128,2048,10,30,20260803,2026-08-12T06:34:58.225217+00:00,0.5980479717254639,0.5960000157356262,0.6036480069160461,0.5987509349981944,0.003367908454649063,488.3517542670811,2097152,292057776128,0.5703125,0.5703125,0.432384490611313,0.49729964224559686,248740,8.431100747768754,143274240,2.7327392578125,"[""32K-64K""]",False,0.7310099899768829,1.9701160490512848,974.5277725160122,634455040,44.0,89.27,1755.0,1593.0,44.0,96.68,1740.0,1593.0
b8_h32768_q128_csa_profile_sim_descending_steady,ok,,full,csa_profile_sim,descending,steady,8,32768,128,2048,10,30,20260803,2026-08-12T09:48:13.791364+00:00,0.5974079966545105,0.5962880253791809,0.6014080047607422,0.5979466676712036,0.0018259802097532652,488.8749025180879,2097152,292057776128,0.5703125,0.5703125,0.432384490611313,0.49729964224559686,248740,8.431100747768754,143274240,2.7327392578125,"[""32K-64K""]",False,0.6730295717716217,1.9270218908786774,242.22849309444427,634455040,49.0,119.18,1755.0,1593.0,50.0,120.28,1740.0,1593.0
b8_h32768_q2_csa_profile_sim_ascending_steady,ok,,full,csa_profile_sim,ascending,steady,8,32768,2,2048,10,30,20260803,2026-08-12T06:34:47.006066+00:00,0.07129599899053574,0.07075200229883194,0.0724480003118515,0.07140906651814778,0.0006660162475080782,64.00643537662995,32768,4563402752,0.5703125,0.5703125,0.43238449061131295,0.48263209393346373,23424,1.3989071038251366,13492224,0.25734375,"[""32K-64K""]",False,0.4613250494003296,1.7593726515769958,20.646441727876663,530139136,46.0,160.6,1755.0,1593.0,46.0,142.72,1755.0,1593.0
b8_h32768_q2_csa_profile_sim_descending_steady,ok,,full,csa_profile_sim,descending,steady,8,32768,2,2048,10,30,20260803,2026-08-12T09:48:18.786054+00:00,0.07119999825954437,0.07043199986219406,0.07382400333881378,0.0713877335190773,0.0009590658228422259,64.09273684762029,32768,4563402752,0.5703125,0.5703125,0.43238449061131295,0.48263209393346373,23424,1.3989071038251366,13492224,0.25734375,"[""32K-64K""]",False,0.5014389753341675,1.8144845962524414,9.083639830350876,530139136,48.0,103.14,1755.0,1593.0,48.0,103.18,1755.0,1593.0
b8_h32768_q32_csa_profile_sim_ascending_steady,ok,,full,csa_profile_sim,ascending,steady,8,32768,32,2048,10,30,20260803,2026-08-12T06:34:50.593902+00:00,0.22195200622081757,0.219200000166893,0.22633600234985352,0.2219637339313825,0.0018843177754445449,328.9650103876905,524288,73014444032,0.5703125,0.5703125,0.43238449061131295,0.4925620719178082,147712,3.5493934142114383,85082112,1.6228125,"[""32K-64K""]",False,0.6802529096603394,1.7193146049976349,248.48466366529465,554976256,44.0,94.01,1755.0,1593.0,44.0,95.26,1755.0,1593.0
b8_h32768_q32_csa_profile_sim_descending_steady,ok,,full,csa_profile_sim,descending,steady,8,32768,32,2048,10,30,20260803,2026-08-12T09:48:16.397843+00:00,0.22249600291252136,0.2200320065021515,0.2239679992198944,0.22228586822748184,0.0014428812660899598,328.16069986078384,524288,73014444032,0.5703125,0.5703125,0.43238449061131295,0.4925620719178082,147712,3.5493934142114383,85082112,1.6228125,"[""32K-64K""]",False,0.6890706717967987,1.821272075176239,45.63121870160103,554976256,49.0,116.11,1755.0,1593.0,49.0,117.94,1755.0,1593.0
b8_h32768_q4096_csa_profile_sim_ascending_steady,ok,,full,csa_profile_sim,ascending,steady,8,32768,4096,2048,10,30,20260803,2026-08-12T06:39:24.041755+00:00,18.495487213134766,18.487424850463867,18.502656936645508,18.49576530456543,0.004025185224814377,505.3042792762414,67108864,9345848836096,0.5703125,0.5703125,0.432384490611313,0.4904958347984956,294864,227.59259862173747,169841664,3.23947265625,"[""32K-64K""]",False,0.9235553443431854,12.105260044336319,29095.21520137787,3919578112,43.0,93.37,1755.0,1593.0,58.0,311.38,1485.0,1593.0
b8_h32768_q4096_csa_profile_sim_descending_steady,ok,,full,csa_profile_sim,descending,steady,8,32768,4096,2048,10,30,20260803,2026-08-12T09:47:18.154918+00:00,18.495616912841797,18.4881591796875,19.98569679260254,18.834489758809408,0.5403587907940516,505.3007358520186,67108864,9345848836096,0.5703125,0.5703125,0.432384490611313,0.4904958347984956,294864,227.59259862173747,169841664,3.23947265625,"[""32K-64K""]",False,0.9243562817573547,12.1893510222435,5124.940555542707,3919578112,48.0,97.05,1755.0,1593.0,59.0,312.86,1710.0,1593.0
b8_h32768_q512_csa_profile_sim_ascending_steady,ok,,full,csa_profile_sim,ascending,steady,8,32768,512,2048,10,30,20260803,2026-08-12T06:35:36.451350+00:00,2.3700480461120605,2.2401280403137207,2.414560079574585,2.342564272880554,0.06660971260246648,492.9145240023391,8388608,1168231104512,0.5703125,0.5703125,0.432384490611313,0.5028150226272016,266208,31.51147974516168,153335808,2.9246484375,"[""32K-64K""]",False,0.827256590127945,2.630028873682022,3891.0712338984013,952370176,43.0,88.29,1755.0,1593.0,47.0,116.89,1725.0,1593.0
b8_h32768_q512_csa_profile_sim_descending_steady,ok,,full,csa_profile_sim,descending,steady,8,32768,512,2048,10,30,20260803,2026-08-12T09:48:06.462090+00:00,2.3088319301605225,2.237056016921997,2.452415943145752,2.3381983995437623,0.09614345443596677,505.9836054982046,8388608,1168231104512,0.5703125,0.5703125,0.432384490611313,0.5028150226272016,266208,31.51147974516168,153335808,2.9246484375,"[""32K-64K""]",False,0.7849633693695068,2.7450919151306152,616.1701045930386,952370176,50.0,128.12,1755.0,1593.0,55.0,158.33,1680.0,1593.0
b8_h32768_q8_csa_profile_sim_ascending_steady,ok,,full,csa_profile_sim,ascending,steady,8,32768,8,2048,10,30,20260803,2026-08-12T06:34:48.299831+00:00,0.07737600058317184,0.07673600316047668,0.0793600007891655,0.07760533392429352,0.00117314201118386,235.90791550900985,131072,18253611008,0.5703125,0.5703125,0.43238449061131295,0.4946489726027397,58948,2.2235190337246387,33954048,0.6476220703125,"[""32K-64K""]",False,0.5772970616817474,1.5615038573741913,66.69166684150696,535106560,45.0,99.15,1755.0,1593.0,45.0,99.19,1755.0,1593.0
b8_h32768_q8_csa_profile_sim_descending_steady,ok,,full,csa_profile_sim,descending,steady,8,32768,8,2048,10,30,20260803,2026-08-12T09:48:17.681461+00:00,0.07772800326347351,0.07731200009584427,0.08502399921417236,0.07888426706194877,0.0040906270784091476,234.83957186094173,131072,18253611008,0.5703125,0.5703125,0.43238449061131295,0.4946489726027397,58948,2.2235190337246387,33954048,0.6476220703125,"[""32K-64K""]",False,0.6070174276828766,1.569405198097229,19.107982516288757,535106560,49.0,109.88,1755.0,1593.0,49.0,110.25,1755.0,1593.0
b8_h4096_q1024_csa_profile_sim_ascending_steady,ok,,full,csa_profile_sim,ascending,steady,8,4096,1024,2048,10,30,20260803,2026-08-12T06:36:24.943311+00:00,4.6287360191345215,4.4567999839782715,4.829408168792725,4.669667196273804,0.1102337091154035,504.7732684182906,16777216,2336462209024,0.8125,0.8125,0.722527752539372,0.8636749327299413,40920,410.0003910068426,23569920,0.449560546875,"[""2K-8K""]",False,0.8099637925624847,2.948012202978134,4180.249594151974,1244136448,43.0,88.89,1755.0,1593.0,48.0,143.26,1725.0,1593.0
b8_h4096_q1024_csa_profile_sim_descending_steady,ok,,full,csa_profile_sim,descending,steady,8,4096,1024,2048,10,30,20260803,2026-08-12T09:47:58.047432+00:00,4.508319854736328,4.336895942687988,4.80182409286499,4.550798924763997,0.17216643253600364,518.2556438557418,16777216,2336462209024,0.8125,0.8125,0.722527752539372,0.8636749327299413,40920,410.0003910068426,23569920,0.449560546875,"[""2K-8K""]",False,0.8542574942111969,2.9597319662570953,710.9318189322948,1244136448,51.0,149.06,1755.0,1593.0,59.0,151.86,1455.0,1593.0
b8_h4096_q128_csa_profile_sim_ascending_steady,ok,,full,csa_profile_sim,ascending,steady,8,4096,128,2048,10,30,20260803,2026-08-12T06:34:55.274829+00:00,0.5648959875106812,0.5634239912033081,0.5692800283432007,0.5658197283744812,0.002183875573541747,517.0115960904709,2097152,292057776128,0.8125,0.8125,0.722527752539372,0.8773066750244618,33756,62.12679227396611,19443456,0.3708544921875,"[""2K-8K""]",False,0.7151924073696136,0.7746778428554535,581.4844332635403,313590784,44.0,97.03,1755.0,1593.0,44.0,104.87,1755.0,1593.0
b8_h4096_q128_csa_profile_sim_descending_steady,ok,,full,csa_profile_sim,descending,steady,8,4096,128,2048,10,30,20260803,2026-08-12T09:48:14.823024+00:00,0.5718079805374146,0.5710399746894836,0.5760319828987122,0.5724010586738586,0.001751188759398704,510.76197966581213,2097152,292057776128,0.8125,0.8125,0.722527752539372,0.8773066750244618,33756,62.12679227396611,19443456,0.3708544921875,"[""2K-8K""]",False,0.6708353757858276,0.7333941757678986,91.55897796154022,313590784,50.0,118.42,1740.0,1593.0,50.0,124.94,1740.0,1593.0
b8_h4096_q2_csa_profile_sim_ascending_steady,ok,,full,csa_profile_sim,ascending,steady,8,4096,2,2048,10,30,20260803,2026-08-12T06:34:46.586517+00:00,0.07180800288915634,0.07107199728488922,0.0777600035071373,0.07239466632405916,0.0019141841609273528,63.55005804915813,32768,4563402752,0.8125,0.8125,0.722527752539372,0.8553082191780822,19456,1.6842105263157894,11206656,0.21375,"[""2K-8K""]",False,0.44262781739234924,0.70919468998909,17.354153096675873,114949120,48.0,219.02,1740.0,1593.0,47.0,219.29,1755.0,1593.0
b8_h4096_q2_csa_profile_sim_descending_steady,ok,,full,csa_profile_sim,descending,steady,8,4096,2,2048,10,30,20260803,2026-08-12T09:48:19.074607+00:00,0.0711359977722168,0.07065600156784058,0.0745600014925003,0.07159146592020989,0.0015465344119729774,64.15040056951733,32768,4563402752,0.8125,0.8125,0.722527752539372,0.8553082191780822,19456,1.6842105263157894,11206656,0.21375,"[""2K-8K""]",False,0.4480108618736267,0.754091888666153,5.285102874040604,114949120,48.0,102.35,1755.0,1593.0,48.0,101.94,1755.0,1593.0
b8_h4096_q32_csa_profile_sim_ascending_steady,ok,,full,csa_profile_sim,ascending,steady,8,4096,32,2048,10,30,20260803,2026-08-12T06:34:49.573884+00:00,0.20601600408554077,0.20316800475120544,0.2078080028295517,0.20562986781199774,0.0015462094913949625,354.41151456215687,524288,73014444032,0.8125,0.8125,0.722527752539372,0.8747630259295499,32636,16.064713812967277,18798336,0.3585498046875,"[""2K-8K""]",False,0.6334595382213593,0.7652081549167633,153.44832465052605,140477440,45.0,97.28,1755.0,1593.0,45.0,98.44,1755.0,1593.0
b8_h4096_q32_csa_profile_sim_descending_steady,ok,,full,csa_profile_sim,descending,steady,8,4096,32,2048,10,30,20260803,2026-08-12T09:48:16.873250+00:00,0.20735999941825867,0.20444799959659576,0.20873600244522095,0.20705173363288243,0.0015367659759083498,352.11441086438805,524288,73014444032,0.8125,0.8125,0.722527752539372,0.8747630259295499,32636,16.064713812967277,18798336,0.3585498046875,"[""2K-8K""]",False,0.6635673344135284,0.7832013070583344,55.40437251329422,140477440,49.0,105.63,1755.0,1593.0,49.0,106.22,1755.0,1593.0
b8_h4096_q4096_csa_profile_sim_ascending_steady,ok,,full,csa_profile_sim,ascending,steady,8,4096,4096,2048,10,30,20260803,2026-08-12T06:38:08.821208+00:00,17.97881507873535,17.961759567260742,17.995616912841797,17.978066062927248,0.013294548030164147,519.8256278385059,67108864,9345848836096,0.8124670902014652,0.8124670902014652,0.7224876865505949,0.8334545874548985,65488,1024.7505497190325,37721088,0.71947265625,"[""2K-8K"", ""8K-16K""]",False,0.9268671274185181,11.054344475269318,14115.487907081842,3787457536,43.0,92.95,1755.0,1593.0,59.0,311.56,1680.0,1593.0
b8_h4096_q4096_csa_profile_sim_descending_steady,ok,,full,csa_profile_sim,descending,steady,8,4096,4096,2048,10,30,20260803,2026-08-12T09:47:35.873559+00:00,17.990943908691406,17.883840560913086,18.571744918823242,18.02631467183431,0.19079394282230244,519.4751805980025,67108864,9345848836096,0.8124670902014652,0.8124670902014652,0.7224876865505949,0.8334545874548985,65488,1024.7505497190325,37721088,0.71947265625,"[""2K-8K"", ""8K-16K""]",False,0.9262561798095703,11.027295142412186,2847.904298454523,3787457536,50.0,97.9,1755.0,1593.0,64.0,315.45,1650.0,1593.0
b8_h4096_q512_csa_profile_sim_ascending_steady,ok,,full,csa_profile_sim,ascending,steady,8,4096,512,2048,10,30,20260803,2026-08-12T06:35:25.970651+00:00,2.339263916015625,2.1676480770111084,2.3867199420928955,2.2965973218282065,0.09096991627202215,499.40115628415344,8388608,1168231104512,0.8125,0.8125,0.722527752539372,0.8703154621758806,36824,227.80273734520964,21210624,0.404560546875,"[""2K-8K""]",False,0.8278116583824158,1.6373544931411743,2152.9559455811977,820249600,43.0,87.28,1755.0,1593.0,48.0,114.47,1575.0,1593.0
b8_h4096_q512_csa_profile_sim_descending_steady,ok,,full,csa_profile_sim,descending,steady,8,4096,512,2048,10,30,20260803,2026-08-12T09:48:08.837838+00:00,2.30678391456604,2.168447971343994,2.3486080169677734,2.280251733462016,0.06654756315622432,506.4328293323355,8388608,1168231104512,0.8125,0.8125,0.722527752539372,0.8703154621758806,36824,227.80273734520964,21210624,0.404560546875,"[""2K-8K""]",False,0.7850266993045807,1.5668943524360657,361.0207960009575,820249600,50.0,122.82,1755.0,1593.0,53.0,151.45,1545.0,1593.0
b8_h4096_q8_csa_profile_sim_ascending_steady,ok,,full,csa_profile_sim,ascending,steady,8,4096,8,2048,10,30,20260803,2026-08-12T06:34:47.867164+00:00,0.07017599791288376,0.0695360004901886,0.07763200253248215,0.0708416000008583,0.002159520554674014,260.1118837050236,131072,18253611008,0.8125,0.8125,0.722527752539372,0.8697712818003913,27264,4.807511737089202,15704064,0.29953125,"[""2K-8K""]",False,0.5256645381450653,0.5898736417293549,44.146254658699036,120054784,45.0,99.82,1755.0,1593.0,45.0,99.97,1755.0,1593.0
b8_h4096_q8_csa_profile_sim_descending_steady,ok,,full,csa_profile_sim,descending,steady,8,4096,8,2048,10,30,20260803,2026-08-12T09:48:18.119165+00:00,0.07027199864387512,0.0697920024394989,0.07715199887752533,0.07082773298025132,0.0019262561606201078,259.7565368889786,131072,18253611008,0.8125,0.8125,0.722527752539372,0.8697712818003913,27264,4.807511737089202,15704064,0.29953125,"[""2K-8K""]",False,0.5658343434333801,0.6280504167079926,11.85104250907898,120054784,48.0,108.81,1755.0,1593.0,48.0,108.48,1755.0,1593.0
b8_h524288_q1024_csa_profile_sim_ascending_steady,ok,,full,csa_profile_sim,ascending,steady,8,524288,1024,2048,10,30,20260803,2026-08-12T06:37:18.421841+00:00,5.240511894226074,5.1375041007995605,5.387360095977783,5.257224496205648,0.06127480477617994,445.8461799501462,16777216,2336462209024,0.50390625,0.50390625,0.3817648634796384,0.40677578621881116,2314720,7.248054192299716,1333278720,25.4302734375,"[""64K+""]",True,0.9446963667869568,22.292856127023697,8197.205759584904,3641181184,43.0,87.9,1755.0,1593.0,50.0,148.63,1620.0,1593.0
b8_h524288_q1024_csa_profile_sim_descending_steady,ok,,full,csa_profile_sim,descending,steady,8,524288,1024,2048,10,30,20260803,2026-08-12T09:47:46.769926+00:00,5.377376079559326,5.186304092407227,5.380896091461182,5.338105614980062,0.08131836473567904,434.4985685314895,16777216,2336462209024,0.50390625,0.50390625,0.3817648634796384,0.40677578621881116,2314720,7.248054192299716,1333278720,25.4302734375,"[""64K+""]",True,0.9486228227615356,22.759877145290375,1337.0453007519245,3641181184,51.0,94.96,1755.0,1593.0,57.0,155.62,1680.0,1593.0
b8_h524288_q128_csa_profile_sim_ascending_steady,ok,,full,csa_profile_sim,ascending,steady,8,524288,128,2048,10,30,20260803,2026-08-12T06:35:02.900659+00:00,0.6305279731750488,0.6285759806632996,0.6363199949264526,0.6312074641386668,0.0021343408059335844,463.1955893365545,2097152,292057776128,0.50390625,0.50390625,0.3817648634796384,0.40700678816046965,583040,3.596926454445664,335831040,6.40546875,"[""64K+""]",True,0.8124113082885742,20.096931606531143,1022.4870704114437,2899379200,44.0,88.36,1755.0,1593.0,45.0,96.0,1710.0,1593.0
b8_h524288_q128_csa_profile_sim_descending_steady,ok,,full,csa_profile_sim,descending,steady,8,524288,128,2048,10,30,20260803,2026-08-12T09:48:12.493776+00:00,0.6357120275497437,0.633247971534729,0.6400319933891296,0.6360469400882721,0.0021212378658719997,459.4183584251076,2097152,292057776128,0.50390625,0.50390625,0.3817648634796384,0.40700678816046965,583040,3.596926454445664,335831040,6.40546875,"[""64K+""]",True,0.7980726659297943,19.722830504179,163.82024437189102,2899379200,50.0,125.11,1740.0,1593.0,51.0,133.49,1755.0,1593.0
b8_h524288_q2_csa_profile_sim_ascending_steady,ok,,full,csa_profile_sim,ascending,steady,8,524288,2,2048,10,30,20260803,2026-08-12T06:34:47.558411+00:00,0.0716480016708374,0.07065600156784058,0.07708799839019775,0.07265280038118363,0.0036921543919676007,63.6919752900439,32768,4563402752,0.50390625,0.50390625,0.38176486347963834,0.40569960861056753,24512,1.3368146214099217,14118912,0.269296875,"[""64K+""]",True,0.5640760064125061,20.14021947979927,19.209157675504684,2795063296,46.0,100.12,1755.0,1593.0,46.0,100.03,1755.0,1593.0
b8_h524288_q2_csa_profile_sim_descending_steady,ok,,full,csa_profile_sim,descending,steady,8,524288,2,2048,10,30,20260803,2026-08-12T09:48:18.330326+00:00,0.07158400118350983,0.07062400132417679,0.0756480023264885,0.07183039983113607,0.0011465694130276545,63.74891982220226,32768,4563402752,0.50390625,0.50390625,0.38176486347963834,0.40569960861056753,24512,1.3368146214099217,14118912,0.269296875,"[""64K+""]",True,0.5983598530292511,19.869476556777954,8.943527936935425,2795063296,48.0,105.02,1755.0,1593.0,49.0,104.22,1755.0,1593.0
b8_h524288_q32_csa_profile_sim_ascending_steady,ok,,full,csa_profile_sim,ascending,steady,8,524288,32,2048,10,30,20260803,2026-08-12T06:34:52.160808+00:00,0.23126399517059326,0.22835199534893036,0.2359679937362671,0.23152639865875244,0.002227491449658247,315.7190291473624,524288,73014444032,0.50390625,0.50390625,0.38176486347963834,0.4078935298434442,215488,2.433026433026433,124121088,2.367421875,"[""64K+""]",True,0.7456913590431213,19.989129155874252,255.39518147706985,2819900416,44.0,102.5,1755.0,1593.0,44.0,104.89,1755.0,1593.0
b8_h524288_q32_csa_profile_sim_descending_steady,ok,,full,csa_profile_sim,descending,steady,8,524288,32,2048,10,30,20260803,2026-08-12T09:48:15.682782+00:00,0.2349119931459427,0.23030400276184082,0.23689599335193634,0.23430826713641484,0.001926030175615377,310.8161616364927,524288,73014444032,0.50390625,0.50390625,0.38176486347963834,0.4078935298434442,215488,2.433026433026433,124121088,2.367421875,"[""64K+""]",True,0.7762163877487183,19.900623708963394,45.30019313097,2819900416,50.0,112.86,1740.0,1593.0,49.0,113.61,1740.0,1593.0
b8_h524288_q4096_csa_profile_sim_ascending_steady,ok,,full,csa_profile_sim,ascending,steady,8,524288,4096,2048,10,30,20260803,2026-08-12T06:41:34.531781+00:00,20.12723159790039,20.11667251586914,21.403135299682617,20.244586944580078,0.41107449937045226,464.3385152417548,67108864,9345848836096,0.50390625,0.50390625,0.3817648634796384,0.40677620426782657,4015728,16.71150635700426,2313059328,44.11810546875,"[""64K+""]",True,0.9826235473155975,30.803803354501724,32718.67658570409,6184502272,44.0,93.82,1755.0,1593.0,58.0,331.29,1500.0,1593.0
b8_h524288_q4096_csa_profile_sim_descending_steady,ok,,full,csa_profile_sim,descending,steady,8,524288,4096,2048,10,30,20260803,2026-08-12T09:46:52.198532+00:00,20.353727340698242,20.093631744384766,20.38582420349121,20.309232902526855,0.10644103708569554,459.17136845046224,67108864,9345848836096,0.50390625,0.50390625,0.3817648634796384,0.40677620426782657,4015728,16.71150635700426,2313059328,44.11810546875,"[""64K+""]",True,1.0263994336128235,29.403232038021088,5674.45370182395,6184502272,48.0,96.74,1755.0,1593.0,62.0,342.51,1620.0,1593.0
b8_h524288_q512_csa_profile_sim_ascending_steady,ok,,full,csa_profile_sim,ascending,steady,8,524288,512,2048,10,30,20260803,2026-08-12T06:35:53.451270+00:00,2.566879987716675,2.4178240299224854,2.5967040061950684,2.531109340985616,0.07445184012889826,455.1171500429907,8388608,1168231104512,0.50390625,0.50390625,0.3817648634796384,0.40623710020181014,1472332,5.697497575275142,848063232,16.1755224609375,"[""64K+""]",True,1.1107176542282104,20.84234729409218,4065.500535070896,3217294336,44.0,88.87,1755.0,1593.0,48.0,120.36,1650.0,1593.0
b8_h524288_q512_csa_profile_sim_descending_steady,ok,,full,csa_profile_sim,descending,steady,8,524288,512,2048,10,30,20260803,2026-08-12T09:48:03.006620+00:00,2.6216959953308105,2.3851840496063232,2.6568961143493652,2.573513627052307,0.09702418721273959,445.6012850431922,8388608,1168231104512,0.50390625,0.50390625,0.3817648634796384,0.40623710020181014,1472332,5.697497575275142,848063232,16.1755224609375,"[""64K+""]",True,0.9581781923770905,20.99631354212761,672.0877662301064,3217294336,50.0,152.48,1755.0,1593.0,52.0,144.59,1620.0,1593.0
b8_h524288_q8_csa_profile_sim_ascending_steady,ok,,full,csa_profile_sim,ascending,steady,8,524288,8,2048,10,30,20260803,2026-08-12T06:34:48.947894+00:00,0.08006399869918823,0.07942400127649307,0.08195199817419052,0.08043733239173889,0.0016316091367200975,227.98775110622938,131072,18253611008,0.50390625,0.50390625,0.38176486347963834,0.40805406066536204,69640,1.8821367030442275,40112640,0.765087890625,"[""64K+""]",True,0.7074885070323944,19.982174038887024,66.71242788434029,2800030720,45.0,100.81,1755.0,1593.0,45.0,101.42,1755.0,1593.0
b8_h524288_q8_csa_profile_sim_descending_steady,ok,,full,csa_profile_sim,descending,steady,8,524288,8,2048,10,30,20260803,2026-08-12T09:48:17.213279+00:00,0.08032000064849854,0.07948800176382065,0.08131200075149536,0.08048320040106774,0.001182163766081469,227.26109139220011,131072,18253611008,0.50390625,0.50390625,0.38176486347963834,0.40805406066536204,69640,1.8821367030442275,40112640,0.765087890625,"[""64K+""]",True,0.6751604378223419,19.575275480747223,16.439594328403473,2800030720,49.0,109.13,1755.0,1593.0,49.0,109.57,1755.0,1593.0
b8_h65536_q1024_csa_profile_sim_ascending_steady,ok,,full,csa_profile_sim,ascending,steady,8,65536,1024,2048,10,30,20260803,2026-08-12T06:36:52.853502+00:00,4.866335868835449,4.732800006866455,5.093632221221924,4.897923199335734,0.12748255500988318,480.1276097663051,16777216,2336462209024,0.50390625,0.50390625,0.3817648634796384,0.411230755412182,532444,31.509822629234247,306687744,5.8496044921875,"[""64K+""]",False,1.0126084089279175,5.190923810005188,8146.496064960957,1527251968,43.0,88.4,1755.0,1593.0,51.0,150.94,1695.0,1593.0
b8_h65536_q1024_csa_profile_sim_descending_steady,ok,,full,csa_profile_sim,descending,steady,8,65536,1024,2048,10,30,20260803,2026-08-12T09:47:51.865155+00:00,4.902560234069824,4.818592071533203,5.078527927398682,4.924834124247233,0.07634503377113673,476.5800107435708,16777216,2336462209024,0.50390625,0.50390625,0.3817648634796384,0.411230755412182,532444,31.509822629234247,306687744,5.8496044921875,"[""64K+""]",False,0.8907988667488098,5.469769239425659,1246.7310056090355,1527251968,50.0,96.85,1755.0,1593.0,58.0,156.1,1470.0,1593.0
b8_h65536_q128_csa_profile_sim_ascending_steady,ok,,full,csa_profile_sim,ascending,steady,8,65536,128,2048,10,30,20260803,2026-08-12T06:34:59.347190+00:00,0.6187840104103088,0.6159359812736511,0.625216007232666,0.6192085345586141,0.0026187531493467235,471.98662411192515,2097152,292057776128,0.50390625,0.50390625,0.3817648634796384,0.41075059625733856,435184,4.819000698555094,250665984,4.78107421875,"[""64K+""]",False,0.725865364074707,3.1828805804252625,1016.3493752479553,785449984,44.0,89.06,1755.0,1593.0,44.0,97.43,1755.0,1593.0
b8_h65536_q128_csa_profile_sim_descending_steady,ok,,full,csa_profile_sim,descending,steady,8,65536,128,2048,10,30,20260803,2026-08-12T09:48:13.537458+00:00,0.6175360083580017,0.6139839887619019,0.6205120086669922,0.6178431967894237,0.002102683715015527,472.9404798670242,2097152,292057776128,0.50390625,0.50390625,0.3817648634796384,0.41075059625733856,435184,4.819000698555094,250665984,4.78107421875,"[""64K+""]",False,0.694669783115387,3.1325332820415497,161.14530712366104,785449984,49.0,125.74,1755.0,1593.0,49.0,126.62,1755.0,1593.0
b8_h65536_q2_csa_profile_sim_ascending_steady,ok,,full,csa_profile_sim,ascending,steady,8,65536,2,2048,10,30,20260803,2026-08-12T06:34:47.168372+00:00,0.07123199850320816,0.070592001080513,0.07555200159549713,0.07161706661184629,0.0013007255451299195,64.06394384392391,32768,4563402752,0.50390625,0.50390625,0.38176486347963834,0.40900195694716246,24512,1.3368146214099217,14118912,0.269296875,"[""64K+""]",False,0.44934824109077454,2.996232360601425,19.422978162765503,681134080,46.0,103.94,1755.0,1593.0,46.0,93.15,1755.0,1593.0
b8_h65536_q2_csa_profile_sim_descending_steady,ok,,full,csa_profile_sim,descending,steady,8,65536,2,2048,10,30,20260803,2026-08-12T09:48:18.690801+00:00,0.07116799801588058,0.07072000205516815,0.07257600128650665,0.07137493267655373,0.0007885570155991386,64.12155574450348,32768,4563402752,0.50390625,0.50390625,0.38176486347963834,0.40900195694716246,24512,1.3368146214099217,14118912,0.269296875,"[""64K+""]",False,0.5076341331005096,3.0460096895694733,5.914222449064255,681134080,48.0,103.37,1755.0,1593.0,48.0,103.38,1755.0,1593.0
b8_h65536_q32_csa_profile_sim_ascending_steady,ok,,full,csa_profile_sim,ascending,steady,8,65536,32,2048,10,30,20260803,2026-08-12T06:34:50.952115+00:00,0.22739200294017792,0.22495999932289124,0.2309119999408722,0.22760746677716573,0.0016777665922626456,321.095038910443,524288,73014444032,0.50390625,0.50390625,0.38176486347963834,0.41065313111545987,203592,2.5751895948760266,117268992,2.236728515625,"[""64K+""]",False,0.6679818034172058,2.961728721857071,255.90642541646957,705971200,44.0,94.37,1755.0,1593.0,45.0,97.16,1755.0,1593.0
b8_h65536_q32_csa_profile_sim_descending_steady,ok,,full,csa_profile_sim,descending,steady,8,65536,32,2048,10,30,20260803,2026-08-12T09:48:16.204993+00:00,0.2285120040178299,0.22627200186252594,0.23129600286483765,0.22892266611258189,0.0017821452797666575,319.5212625517168,524288,73014444032,0.50390625,0.50390625,0.38176486347963834,0.41065313111545987,203592,2.5751895948760266,117268992,2.236728515625,"[""64K+""]",False,0.6973594427108765,3.01915779709816,47.74484783411026,705971200,49.0,113.45,1755.0,1593.0,49.0,115.74,1755.0,1593.0
b8_h65536_q4096_csa_profile_sim_ascending_steady,ok,,full,csa_profile_sim,ascending,steady,8,65536,4096,2048,10,30,20260803,2026-08-12T06:39:54.024895+00:00,20.565471649169922,19.45756721496582,20.676864624023438,20.366919453938802,0.44431723694820363,454.4436906446162,67108864,9345848836096,0.50390625,0.50390625,0.3817648634796384,0.411221558333843,557016,120.4792393755296,320841216,6.119560546875,"[""64K+""]",False,0.9081810712814331,13.37473839521408,32162.573117762804,4070573056,44.0,93.41,1755.0,1593.0,55.0,322.13,1710.0,1593.0
b8_h65536_q4096_csa_profile_sim_descending_steady,ok,,full,csa_profile_sim,descending,steady,8,65536,4096,2048,10,30,20260803,2026-08-12T09:47:11.813005+00:00,20.613439559936523,20.566879272460938,20.69183921813965,20.635123125712077,0.04339306395386571,453.38619054435856,67108864,9345848836096,0.50390625,0.50390625,0.3817648634796384,0.411221558333843,557016,120.4792393755296,320841216,6.119560546875,"[""64K+""]",False,1.2186318635940552,13.520363718271255,5309.456702321768,4070573056,49.0,97.61,1755.0,1593.0,60.0,319.24,1680.0,1593.0
b8_h65536_q512_csa_profile_sim_ascending_steady,ok,,full,csa_profile_sim,ascending,steady,8,65536,512,2048,10,30,20260803,2026-08-12T06:35:40.622596+00:00,2.4773759841918945,2.3371200561523438,2.526495933532715,2.4486570755640664,0.07758160134671815,471.55987301340946,8388608,1168231104512,0.50390625,0.50390625,0.3817648634796384,0.41112803479696675,527356,15.906916769696371,303757056,5.7937060546875,"[""64K+""]",False,0.8397400379180908,3.890611231327057,4003.118697553873,1103365120,43.0,87.56,1755.0,1593.0,47.0,118.76,1740.0,1593.0
b8_h65536_q512_csa_profile_sim_descending_steady,ok,,full,csa_profile_sim,descending,steady,8,65536,512,2048,10,30,20260803,2026-08-12T09:48:05.665468+00:00,2.432159900665283,2.3784639835357666,2.579296112060547,2.4672170877456665,0.08604093731063098,480.3266036054812,8388608,1168231104512,0.50390625,0.50390625,0.3817648634796384,0.41112803479696675,527356,15.906916769696371,303757056,5.7937060546875,"[""64K+""]",False,0.8608251810073853,4.008915275335312,627.6514679193497,1103365120,50.0,127.76,1755.0,1593.0,55.0,160.31,1515.0,1593.0
b8_h65536_q8_csa_profile_sim_ascending_steady,ok,,full,csa_profile_sim,ascending,steady,8,65536,8,2048,10,30,20260803,2026-08-12T06:34:48.447385+00:00,0.07971200346946716,0.07926400005817413,0.08140800148248672,0.08001173436641693,0.0014266758226153245,228.99450789731878,131072,18253611008,0.50390625,0.50390625,0.38176486347963834,0.4106837084148728,69312,1.8910433979686057,39923712,0.761484375,"[""64K+""]",False,0.5895160138607025,2.7888789772987366,67.2370120882988,686101504,45.0,97.04,1755.0,1593.0,45.0,97.38,1755.0,1593.0
b8_h65536_q8_csa_profile_sim_descending_steady,ok,,full,csa_profile_sim,descending,steady,8,65536,8,2048,10,30,20260803,2026-08-12T09:48:17.524502+00:00,0.07996799796819687,0.07894399762153625,0.0820159986615181,0.08031146675348282,0.0015013865950646301,228.26144797646967,131072,18253611008,0.50390625,0.50390625,0.38176486347963834,0.4106837084148728,69312,1.8910433979686057,39923712,0.761484375,"[""64K+""]",False,0.5920045077800751,2.876393496990204,20.088545978069305,686101504,49.0,111.52,1755.0,1593.0,49.0,109.94,1755.0,1593.0
b8_h8192_q1024_csa_profile_sim_ascending_steady,ok,,full,csa_profile_sim,ascending,steady,8,8192,1024,2048,10,30,20260803,2026-08-12T06:36:29.503012+00:00,4.590816020965576,4.467072010040283,4.649824142456055,4.576100301742554,0.056051907225043766,508.9426799840646,16777216,2336462209024,0.677734375,0.677734375,0.5584174625084868,0.6828704057607633,73696,227.65436387320887,42448896,0.8096484375,"[""8K-16K""]",False,0.7899925112724304,3.1439214944839478,6520.806800574064,1263010816,43.0,88.85,1755.0,1593.0,50.0,143.0,1620.0,1593.0
b8_h8192_q1024_csa_profile_sim_descending_steady,ok,,full,csa_profile_sim,descending,steady,8,8192,1024,2048,10,30,20260803,2026-08-12T09:47:56.693591+00:00,4.544384002685547,4.41871976852417,4.7674560546875,4.62052051226298,0.11742829691682612,514.1427765882561,16777216,2336462209024,0.677734375,0.677734375,0.5584174625084868,0.6828704057607633,73696,227.65436387320887,42448896,0.8096484375,"[""8K-16K""]",False,0.8882284164428711,3.092776983976364,1035.4210212826729,1263010816,50.0,95.9,1755.0,1593.0,58.0,148.65,1605.0,1593.0
b8_h8192_q128_csa_profile_sim_ascending_steady,ok,,full,csa_profile_sim,ascending,steady,8,8192,128,2048,10,30,20260803,2026-08-12T06:34:56.068201+00:00,0.5739200115203857,0.5726720094680786,0.5776320099830627,0.5745013316472372,0.0018292349062736916,508.88237082777874,2097152,292057776128,0.677734375,0.677734375,0.5584174625084868,0.6829936704990216,66520,31.52663860493085,38315520,0.730810546875,"[""8K-16K""]",False,0.7207393646240234,1.0343603789806366,826.569601893425,337249280,44.0,97.31,1755.0,1593.0,44.0,97.47,1755.0,1593.0
b8_h8192_q128_csa_profile_sim_descending_steady,ok,,full,csa_profile_sim,descending,steady,8,8192,128,2048,10,30,20260803,2026-08-12T09:48:14.457450+00:00,0.5761920213699341,0.575007975101471,0.5804479718208313,0.5766144057114919,0.0015728749657792794,506.8757728258951,2097152,292057776128,0.677734375,0.677734375,0.5584174625084868,0.6829936704990216,66520,31.52663860493085,38315520,0.730810546875,"[""8K-16K""]",False,0.6614886224269867,0.9645074605941772,207.3424607515335,337249280,49.0,114.71,1755.0,1593.0,52.0,117.8,1710.0,1593.0
b8_h8192_q2_csa_profile_sim_ascending_steady,ok,,full,csa_profile_sim,ascending,steady,8,8192,2,2048,10,30,20260803,2026-08-12T06:34:46.749694+00:00,0.07135999947786331,0.070592001080513,0.07519999891519547,0.07161706661184629,0.001176175099706947,63.949030064323644,32768,4563402752,0.677734375,0.677734375,0.5584174625084867,0.6696428571428572,21664,1.5125553914327918,12478464,0.2380078125,"[""8K-16K""]",False,0.4352964460849762,0.8496828377246857,19.754040986299515,228195328,47.0,219.71,1755.0,1593.0,47.0,216.13,1755.0,1593.0
b8_h8192_q2_csa_profile_sim_descending_steady,ok,,full,csa_profile_sim,descending,steady,8,8192,2,2048,10,30,20260803,2026-08-12T09:48:18.954202+00:00,0.07119999825954437,0.07052800059318542,0.07302399724721909,0.07139626666903495,0.0007966960991065326,64.09273684762029,32768,4563402752,0.677734375,0.677734375,0.5584174625084867,0.6696428571428572,21664,1.5125553914327918,12478464,0.2380078125,"[""8K-16K""]",False,0.47746673226356506,0.8762069046497345,6.761640310287476,228195328,48.0,102.98,1755.0,1593.0,48.0,102.86,1755.0,1593.0
b8_h8192_q32_csa_profile_sim_ascending_steady,ok,,full,csa_profile_sim,ascending,steady,8,8192,32,2048,10,30,20260803,2026-08-12T06:34:49.830481+00:00,0.21318399906158447,0.2110079973936081,0.2162880003452301,0.21330453207095465,0.0015648535531036247,342.49495437463685,524288,73014444032,0.677734375,0.677734375,0.5584174625084867,0.6818890655577299,63128,8.305157774680016,36361728,0.693544921875,"[""8K-16K""]",False,0.6169266998767853,0.8278079330921173,212.4386988580227,253723648,45.0,93.78,1755.0,1593.0,45.0,94.56,1755.0,1593.0
b8_h8192_q32_csa_profile_sim_descending_steady,ok,,full,csa_profile_sim,descending,steady,8,8192,32,2048,10,30,20260803,2026-08-12T09:48:16.676942+00:00,0.21315200626850128,0.2112320065498352,0.21513600647449493,0.21310933530330659,0.0013945633003115152,342.54636074138506,524288,73014444032,0.677734375,0.677734375,0.5584174625084867,0.6818890655577299,63128,8.305157774680016,36361728,0.693544921875,"[""8K-16K""]",False,0.6887353956699371,0.8274354040622711,35.290807485580444,253723648,49.0,109.95,1755.0,1593.0,49.0,108.18,1755.0,1593.0
b8_h8192_q4096_csa_profile_sim_ascending_steady,ok,,full,csa_profile_sim,ascending,steady,8,8192,4096,2048,10,30,20260803,2026-08-12T06:38:23.847104+00:00,17.999391555786133,17.971519470214844,18.326784133911133,18.038647333780926,0.10151132421486321,519.2313755234497,67108864,9345848836096,0.677734375,0.677734375,0.5584174625084868,0.6756886222824425,98272,682.8889612504071,56604672,1.0796484375,"[""8K-16K""]",False,0.9056627750396729,11.194001883268356,25715.543318539858,3806331904,43.0,92.18,1755.0,1593.0,54.0,312.98,1710.0,1593.0
b8_h8192_q4096_csa_profile_sim_descending_steady,ok,,full,csa_profile_sim,descending,steady,8,8192,4096,2048,10,30,20260803,2026-08-12T09:47:30.553308+00:00,18.012351989746094,17.943199157714844,18.666431427001953,18.087553850809734,0.17569975603276725,518.8577727892681,67108864,9345848836096,0.677734375,0.677734375,0.5584174625084868,0.6756886222824425,98272,682.8889612504071,56604672,1.0796484375,"[""8K-16K""]",False,0.9666010737419128,11.279650032520294,4446.658026427031,3806331904,48.0,97.23,1755.0,1593.0,63.0,308.48,1605.0,1593.0
b8_h8192_q512_csa_profile_sim_ascending_steady,ok,,full,csa_profile_sim,ascending,steady,8,8192,512,2048,10,30,20260803,2026-08-12T06:35:28.357639+00:00,2.380255937576294,2.1428160667419434,2.39136004447937,2.317568000157674,0.08757874391151943,490.80062612996,8388608,1168231104512,0.677734375,0.677734375,0.5584174625084868,0.6842745726822407,69596,120.53290418989597,40087296,0.7646044921875,"[""8K-16K""]",False,0.7764548063278198,1.7169676721096039,3306.4416460692883,839123968,43.0,88.27,1755.0,1593.0,49.0,116.4,1725.0,1593.0
b8_h8192_q512_csa_profile_sim_descending_steady,ok,,full,csa_profile_sim,descending,steady,8,8192,512,2048,10,30,20260803,2026-08-12T09:48:08.137631+00:00,2.32476806640625,2.165055990219116,2.4132800102233887,2.2972501277923585,0.09544365299540937,502.51512027946677,8388608,1168231104512,0.677734375,0.677734375,0.5584174625084868,0.6842745726822407,69596,120.53290418989597,40087296,0.7646044921875,"[""8K-16K""]",False,0.7871650159358978,1.7207823693752289,519.4084607064724,839123968,50.0,121.48,1755.0,1593.0,55.0,148.74,1560.0,1593.0
b8_h8192_q8_csa_profile_sim_ascending_steady,ok,,full,csa_profile_sim,ascending,steady,8,8192,8,2048,10,30,20260803,2026-08-12T06:34:47.988352+00:00,0.07366400212049484,0.07327999919652939,0.07487999647855759,0.07399573375781378,0.0010470235715504305,247.7955376106489,131072,18253611008,0.677734375,0.677734375,0.5584174625084867,0.6795804794520548,41968,3.1231414410979794,24173568,0.46107421875,"[""8K-16K""]",False,0.5223974585533142,0.6698593497276306,58.65364521741867,233300992,45.0,99.85,1755.0,1593.0,45.0,99.98,1755.0,1593.0
b8_h8192_q8_csa_profile_sim_descending_steady,ok,,full,csa_profile_sim,descending,steady,8,8192,8,2048,10,30,20260803,2026-08-12T09:48:17.972837+00:00,0.07321599870920181,0.07276800274848938,0.07497599720954895,0.07354879975318909,0.0013297428912163525,249.3117806191433,131072,18253611008,0.677734375,0.677734375,0.5584174625084867,0.6795804794520548,41968,3.1231414410979794,24173568,0.46107421875,"[""8K-16K""]",False,0.5758106708526611,0.6921887397766113,10.887391865253448,233300992,48.0,109.19,1755.0,1593.0,48.0,109.08,1755.0,1593.0
