case_id,stage,kind,backend,cache_state,status,skip_reason,B,H,Q,topk,h_q,d_qk,d_v,warmup,repeat,latency_ms_median,latency_ms_p5,latency_ms_p95,latency_ms_mean,latency_ms_std,setup_alloc_ms,setup_indices_ms,setup_quant_ms,setup_metadata_ms,setup_total_ms,flops,pairs,tflops,pairs_per_s,est_logical_bytes,est_logical_gbps,utilization_vs_h100_sxm_bf16_dense_peak,observed_utilization_vs_platform_max,peak_mem_alloc_bytes,peak_mem_reserved_bytes,temp_c_before,power_w_before,sm_clock_mhz_before,mem_clock_mhz_before,temp_c_after,power_w_after,sm_clock_mhz_after,mem_clock_mhz_after,seed,timestamp
prefillq2_b1_h2048_sparse_q8kv8_steady,full,prefill,sglang_sparse_q8kv8_fp8,steady,ok,,1,2048,2,2048,64,576,512,10,30,0.07052800059318542,0.06787200272083282,0.07513599842786789,0.070858666797479,0.002144785238317967,9.393889456987381,180.9123307466507,23.908626288175583,9.449083358049393,223.66392984986305,570425344,4096,8.08792733669407,58076224.556913994,2564096,36.35571657262816,0.008173751729857575,0.014906756689232787,275728384,291504128,36.0,58.87,1755.0,1593.0,36.0,68.71,1755.0,1593.0,20260803,2026-08-11T06:56:33.391089+00:00
prefillq2_b1_h4096_sparse_q8kv8_steady,full,prefill,sglang_sparse_q8kv8_fp8,steady,ok,,1,4096,2,2048,64,576,512,10,30,0.0703359991312027,0.0692799985408783,0.07372800260782242,0.07075626725951831,0.001207005265517205,0.6310753524303436,1.2119263410568237,0.33524632453918457,0.1301094889640808,2.3083575069904327,570425344,4096,8.110005559684245,58234759.59102312,2564096,36.454959503980476,0.008196064234142743,0.014947448783083827,282806272,291504128,36.0,71.79,1755.0,1593.0,36.0,73.21,1755.0,1593.0,20260803,2026-08-11T06:56:33.815141+00:00
prefillq2_b1_h8192_sparse_q8kv8_steady,full,prefill,sglang_sparse_q8kv8_fp8,steady,ok,,1,8192,2,2048,64,576,512,10,30,0.07283200323581696,0.0713919997215271,0.1029760017991066,0.07705493370691935,0.009539555375228156,0.6705038249492645,1.392073929309845,0.512395054101944,0.13311952352523804,2.7080923318862915,570425344,4096,7.832069950802604,56239013.31860785,2564096,35.20562233744852,0.007915179333807584,0.014435189173866582,296962048,312475648,36.0,74.41,1755.0,1593.0,36.0,76.27,1755.0,1593.0,20260803,2026-08-11T06:56:33.971861+00:00
prefillq2_b1_h16384_sparse_q8kv8_steady,full,prefill,sglang_sparse_q8kv8_fp8,steady,ok,,1,16384,2,2048,64,576,512,10,30,0.06982400268316269,0.06896000355482101,0.07295999675989151,0.07016960059603056,0.0013089373904170065,0.5851462483406067,1.0371096432209015,0.5299113690853119,0.11831894516944885,2.270486205816269,570425344,4096,8.169473563244347,58661775.93092506,2564096,36.72227173275909,0.008256163277659774,0.015057053509110857,325273600,333447168,36.0,77.48,1755.0,1593.0,36.0,78.71,1755.0,1593.0,20260803,2026-08-11T06:56:34.077640+00:00
prefillq2_b1_h32768_sparse_q8kv8_steady,full,prefill,sglang_sparse_q8kv8_fp8,steady,ok,,1,32768,2,2048,64,576,512,10,30,0.06918399780988693,0.06844799965620041,0.07174400240182877,0.06941120053331057,0.001058820313530703,0.5325265228748322,1.0187774896621704,0.622924417257309,0.11847540736198425,2.2927038371562958,570425344,4096,8.245047439546516,59204442.20722166,2564096,37.06198082172076,0.00833253910009754,0.015196342765702904,381896704,392167424,36.0,80.52,1755.0,1593.0,36.0,81.7,1755.0,1593.0,20260803,2026-08-11T06:56:34.159728+00:00
prefillq2_b1_h65536_sparse_q8kv8_steady,full,prefill,sglang_sparse_q8kv8_fp8,steady,ok,,1,65536,2,2048,64,576,512,10,30,0.06896000355482101,0.0681919977068901,0.07027199864387512,0.06912106697758039,0.0007661076659332914,0.6647370755672455,0.9950660169124603,0.7051564753055573,0.12899935245513916,2.493958920240402,570425344,4096,8.271828807934007,59396748.67829451,2564096,37.182364672612366,0.00835960465683073,0.015245703167414948,495142912,505413632,36.0,81.54,1755.0,1593.0,37.0,81.72,1755.0,1593.0,20260803,2026-08-11T06:56:34.310393+00:00
prefillq2_b1_h131072_sparse_q8kv8_steady,full,prefill,sglang_sparse_q8kv8_fp8,steady,ok,,1,131072,2,2048,64,576,512,10,30,0.06943999975919724,0.06867200136184692,0.07129599899053574,0.06963519950707754,0.0011065207752224626,0.5897581577301025,0.9939186275005341,0.9559951722621918,0.12024864554405212,2.6599206030368805,570425344,4096,8.214650719730855,58986175.31975856,2564096,36.92534575016885,0.008301819827924058,0.015140318955450913,721628672,725614592,37.0,81.73,1755.0,1593.0,37.0,81.99,1755.0,1593.0,20260803,2026-08-11T06:56:34.459558+00:00
prefillq2_b1_h262144_sparse_q8kv8_steady,full,prefill,sglang_sparse_q8kv8_fp8,steady,ok,,1,262144,2,2048,64,576,512,10,30,0.06911999732255936,0.06812799721956253,0.0697920024394989,0.0691263996064663,0.0008068576728610242,0.612948089838028,1.0181441903114319,1.5674643218517303,0.12276694178581238,3.3213235437870026,570425344,4096,8.252681801158356,59259261.55473314,2564096,37.09629773326294,0.00834025447312618,0.015210413561135129,797126144,801112064,37.0,82.0,1755.0,1593.0,37.0,82.43,1755.0,1593.0,20260803,2026-08-11T06:56:34.592052+00:00
prefillq2_b1_h524288_sparse_q8kv8_steady,full,prefill,sglang_sparse_q8kv8_fp8,steady,ok,,1,524288,2,2048,64,576,512,10,30,0.06969600170850754,0.069023996591568,0.07065600156784058,0.06976639951268832,0.0006350963735244075,0.6389766931533813,1.0028667747974396,2.8504058718681335,0.1242421567440033,4.616491496562958,570425344,4096,8.18447730166378,58769511.874309085,2564096,36.78971443331749,0.00827132622704778,0.015084706709830486,948121088,952107008,37.0,82.42,1755.0,1593.0,37.0,83.04,1755.0,1593.0,20260803,2026-08-11T06:56:34.696185+00:00
prefillq4_b1_h2048_sparse_q8kv8_steady,full,prefill,sglang_sparse_q8kv8_fp8,steady,ok,,1,2048,4,2048,64,576,512,10,30,0.07215999811887741,0.07123199850320816,0.0759039968252182,0.07260266616940499,0.0021301375062158425,0.6697662174701691,1.0065548121929169,0.27113407850265503,0.12078136205673218,2.068236470222473,1140850688,8192,15.810015489753011,113525501.85082299,5128192,71.06696415861519,0.015977782202883286,0.029139239801217347,275940352,291504128,37.0,83.04,1755.0,1593.0,37.0,83.06,1755.0,1593.0,20260803,2026-08-11T06:56:34.802011+00:00
prefillq4_b1_h4096_sparse_q8kv8_steady,full,prefill,sglang_sparse_q8kv8_fp8,steady,ok,,1,4096,4,2048,64,576,512,10,30,0.07199999690055847,0.07103999704122543,0.07315199822187424,0.07205119952559472,0.0007698467249397803,0.5659833550453186,1.0053180158138275,0.27431920170783997,0.1160837709903717,1.9617043435573578,1140850688,8192,15.845149126543241,113777782.67566091,5128192,71.22489195496372,0.016013288657446428,0.029203994163297695,283018240,291504128,37.0,83.03,1755.0,1593.0,37.0,83.08,1755.0,1593.0,20260803,2026-08-11T06:56:34.942105+00:00
prefillq4_b1_h8192_sparse_q8kv8_steady,full,prefill,sglang_sparse_q8kv8_fp8,steady,ok,,1,8192,4,2048,64,576,512,10,30,0.07257600128650665,0.0719359964132309,0.07638400048017502,0.07293119976917903,0.001160570784891938,0.5480647087097168,1.04425847530365,0.39471685886383057,0.12015178799629211,2.1071918308734894,1140850688,8192,15.719393019412701,112874777.54058982,5128192,70.65961074040922,0.015886198099457,0.028972214671081548,297174016,312475648,37.0,83.05,1755.0,1593.0,37.0,83.09,1755.0,1593.0,20260803,2026-08-11T06:56:35.058596+00:00
prefillq4_b1_h16384_sparse_q8kv8_steady,full,prefill,sglang_sparse_q8kv8_fp8,steady,ok,,1,16384,4,2048,64,576,512,10,30,0.07235199958086014,0.07174400240182877,0.07318399846553802,0.07245653346180916,0.0007480482030699653,0.5494281649589539,1.004830002784729,0.5036108195781708,0.12002885341644287,2.1778978407382965,1140850688,8192,15.768060241721342,113224237.71916175,5128192,70.87837281219525,0.015935381750097365,0.029061912613643954,325485568,333447168,37.0,83.11,1755.0,1593.0,37.0,83.1,1755.0,1593.0,20260803,2026-08-11T06:56:35.195555+00:00
prefillq4_b1_h32768_sparse_q8kv8_steady,full,prefill,sglang_sparse_q8kv8_fp8,steady,ok,,1,32768,4,2048,64,576,512,10,30,0.07260800153017044,0.07212799787521362,0.07340800017118454,0.07273813386758168,0.0007800802677118141,0.5503110587596893,1.0099522769451141,0.6074756383895874,0.1211017370223999,2.2888407111167908,1140850688,8192,15.712465072130486,112825030.67648843,5128192,70.62846920348177,0.015879196636817066,0.028959445858975228,382108672,392167424,37.0,83.14,1755.0,1593.0,37.0,82.97,1755.0,1593.0,20260803,2026-08-11T06:56:35.299093+00:00
prefillq4_b1_h65536_sparse_q8kv8_steady,full,prefill,sglang_sparse_q8kv8_fp8,steady,ok,,1,65536,4,2048,64,576,512,10,30,0.07251200079917908,0.07184000313282013,0.07344000041484833,0.07262720093131066,0.0007309085029926912,0.5767792463302612,1.004587858915329,0.680088996887207,0.12420117855072021,2.3856572806835175,1140850688,8192,15.733267258195912,112974402.99141136,5128192,70.72197627262351,0.015900219563613857,0.028997786105292057,495354880,505413632,37.0,82.97,1755.0,1593.0,37.0,82.78,1755.0,1593.0,20260803,2026-08-11T06:56:35.451213+00:00
prefillq4_b1_h131072_sparse_q8kv8_steady,full,prefill,sglang_sparse_q8kv8_fp8,steady,ok,,1,131072,4,2048,64,576,512,10,30,0.0724480003118515,0.07174400240182877,0.07561600208282471,0.07484373400608699,0.01240713228311285,0.5738548934459686,1.0002665221691132,0.96144899725914,0.12484565377235413,2.660416066646576,1140850688,8192,15.747166009955038,113074204.46026997,5128192,70.784451992129,0.01591426580086411,0.029023402719058768,721835520,725614592,37.0,82.81,1755.0,1593.0,37.0,83.06,1755.0,1593.0,20260803,2026-08-11T06:56:35.558113+00:00
prefillq4_b1_h262144_sparse_q8kv8_steady,full,prefill,sglang_sparse_q8kv8_fp8,steady,ok,,1,262144,4,2048,64,576,512,10,30,0.0724480003118515,0.07180800288915634,0.0753600001335144,0.07266346688071887,0.0009002160557140111,0.629030168056488,1.286778599023819,1.63186714053154,0.1221783459186554,3.6698542535305023,1140850688,8192,15.747166009955038,113074204.46026997,5128192,70.784451992129,0.01591426580086411,0.029023402719058768,797332992,801112064,37.0,82.72,1755.0,1593.0,37.0,82.38,1755.0,1593.0,20260803,2026-08-11T06:56:35.644042+00:00
prefillq4_b1_h524288_sparse_q8kv8_steady,full,prefill,sglang_sparse_q8kv8_fp8,steady,ok,,1,524288,4,2048,64,576,512,10,30,0.07292799651622772,0.07241600006818771,0.07366400212049484,0.07306560029586157,0.0006163167732419076,0.6543807685375214,1.0114312171936035,2.8223916888237,0.1280456781387329,4.616249352693558,1140850688,8192,15.643521589766166,112329974.65077956,5128192,70.318564131388,0.015809521566211387,0.02883237699767987,948327936,952107008,37.0,82.36,1755.0,1593.0,37.0,82.76,1755.0,1593.0,20260803,2026-08-11T06:56:35.796914+00:00
prefillq8_b1_h2048_sparse_q8kv8_steady,full,prefill,sglang_sparse_q8kv8_fp8,steady,ok,,1,2048,8,2048,64,576,512,10,30,0.07225599884986877,0.0716480016708374,0.07583999633789062,0.07252906660238902,0.0013207314419529982,0.6539784371852875,1.011863350868225,0.4069618880748749,0.11955574154853821,2.1923594176769257,2281701376,16384,31.57801998891257,226749339.30457672,10256384,141.94508640466503,0.031913107618911134,0.05820104967644994,276365312,293601280,37.0,82.72,1755.0,1593.0,37.0,82.78,1755.0,1593.0,20260803,2026-08-11T06:56:35.950252+00:00
prefillq8_b1_h4096_sparse_q8kv8_steady,full,prefill,sglang_sparse_q8kv8_fp8,steady,ok,,1,4096,8,2048,64,576,512,10,30,0.07174400240182877,0.07142399996519089,0.07315199822187424,0.07194240093231201,0.0006939100095252761,0.5670823156833649,1.0113418102264404,0.39701908826828003,0.11679530143737793,2.0922385156154633,2281701376,16384,31.80337449283202,228367521.3467373,10256384,142.95806836305752,0.032140853454100074,0.058616397715435066,283443200,293601280,37.0,82.83,1755.0,1593.0,37.0,83.0,1755.0,1593.0,20260803,2026-08-11T06:56:36.056717+00:00
prefillq8_b1_h8192_sparse_q8kv8_steady,full,prefill,sglang_sparse_q8kv8_fp8,steady,ok,,1,8192,8,2048,64,576,512,10,30,0.07225599884986877,0.07184000313282013,0.07382400333881378,0.07251306648055712,0.001003681690289665,0.5386099219322205,1.00722536444664,0.505354255437851,0.1184903085231781,2.1696798503398895,2281701376,16384,31.57801998891257,226749339.30457672,10256384,141.94508640466503,0.031913107618911134,0.05820104967644994,297598976,314572800,37.0,83.0,1755.0,1593.0,37.0,83.05,1755.0,1593.0,20260803,2026-08-11T06:56:36.268175+00:00
prefillq8_b1_h16384_sparse_q8kv8_steady,full,prefill,sglang_sparse_q8kv8_fp8,steady,ok,,1,16384,8,2048,64,576,512,10,30,0.07212799787521362,0.07145600020885468,0.07321599870920181,0.07232639988263448,0.000800144308818712,0.5142576992511749,0.9969994425773621,0.5951225757598877,0.11708587408065796,2.2234655916690826,2281701376,16384,31.634059494449016,227151736.9488814,10256384,142.19698732999976,0.03196974178317233,0.058304335381086134,325910528,335544320,37.0,83.14,1755.0,1593.0,37.0,83.17,1755.0,1593.0,20260803,2026-08-11T06:56:36.345248+00:00
prefillq8_b1_h32768_sparse_q8kv8_steady,full,prefill,sglang_sparse_q8kv8_fp8,steady,ok,,1,32768,8,2048,64,576,512,10,30,0.07228799909353256,0.07196799665689468,0.07382400333881378,0.07263466641306877,0.0010385341689431553,0.5351155996322632,1.0224059224128723,0.7035844027996063,0.12158602476119995,2.3826919496059418,2281701376,16384,31.564041121787508,226648962.55879128,10256384,141.88225056180335,0.03189898041615716,0.05817528540306447,382533632,394264576,37.0,83.27,1755.0,1593.0,37.0,83.31,1755.0,1593.0,20260803,2026-08-11T06:56:36.421470+00:00
prefillq8_b1_h65536_sparse_q8kv8_steady,full,prefill,sglang_sparse_q8kv8_fp8,steady,ok,,1,65536,8,2048,64,576,512,10,30,0.07222399860620499,0.0719359964132309,0.07388799637556076,0.07242026527722677,0.0006589587362172745,0.5933381617069244,1.0190531611442566,0.7940866053104401,0.12391805648803711,2.530395984649658,2281701376,16384,31.59201124325415,226849804.99809104,10256384,142.007977928805,0.03192724734032759,0.05822683678055768,495779840,507510784,37.0,83.33,1755.0,1593.0,37.0,83.43,1755.0,1593.0,20260803,2026-08-11T06:56:36.498791+00:00
prefillq8_b1_h131072_sparse_q8kv8_steady,full,prefill,sglang_sparse_q8kv8_fp8,steady,ok,,1,131072,8,2048,64,576,512,10,30,0.07238399982452393,0.07187200337648392,0.07519999891519547,0.07259840021530788,0.0008686163069839369,0.6772316992282867,0.9846910834312439,1.0570287704467773,0.12496858835220337,2.8439201414585114,2281701376,16384,31.522178679423465,226348364.82812116,10256384,141.69407638240384,0.03185667375383877,0.058098129264444555,722249216,727711744,37.0,83.26,1755.0,1593.0,37.0,83.39,1755.0,1593.0,20260803,2026-08-11T06:56:36.601327+00:00
prefillq8_b1_h262144_sparse_q8kv8_steady,full,prefill,sglang_sparse_q8kv8_fp8,steady,ok,,1,262144,8,2048,64,576,512,10,30,0.07225599884986877,0.07174400240182877,0.07430399954319,0.07249920020500819,0.00083468725492431,0.5890056490898132,0.9966343641281128,1.6573220491409302,0.12518465518951416,3.3681467175483704,2281701376,16384,31.57801998891257,226749339.30457672,10256384,141.94508640466503,0.031913107618911134,0.05820104967644994,797746688,803209216,37.0,83.18,1755.0,1593.0,37.0,83.44,1755.0,1593.0,20260803,2026-08-11T06:56:36.726264+00:00
prefillq8_b1_h524288_sparse_q8kv8_steady,full,prefill,sglang_sparse_q8kv8_fp8,steady,ok,,1,524288,8,2048,64,576,512,10,30,0.07254400104284286,0.07196799665689468,0.07385600358247757,0.07269760047396025,0.0007684622528746226,0.5723536014556885,0.9887181222438812,2.8894469141960144,0.12495741248130798,4.575476050376892,2281701376,16384,31.452654157474413,225849136.58572504,10256384,141.3815595026639,0.03178641147799334,0.05796998949643158,948741632,954204160,37.0,83.56,1755.0,1593.0,37.0,84.02,1755.0,1593.0,20260803,2026-08-11T06:56:36.806708+00:00
prefillq16_b1_h2048_sparse_q8kv8_steady,full,prefill,sglang_sparse_q8kv8_fp8,steady,ok,,1,2048,16,2048,64,576,512,10,30,0.07158400118350983,0.07097599655389786,0.07280000299215317,0.07173973272244136,0.0009259283904441349,0.5990676581859589,0.993482768535614,0.3844425082206726,0.11708587408065796,2.0940788090229034,4563402752,32768,63.74891982220226,457755915.54315734,20512768,286.5552031300165,0.06442538637918369,0.1174948287034695,277216256,293601280,37.0,83.8,1755.0,1593.0,37.0,83.92,1755.0,1593.0,20260803,2026-08-11T06:56:36.887587+00:00
prefillq16_b1_h4096_sparse_q8kv8_steady,full,prefill,sglang_sparse_q8kv8_fp8,steady,ok,,1,4096,16,2048,64,576,512,10,30,0.07177600264549255,0.07123199850320816,0.07379200309515,0.07211413333813349,0.0012358428500437108,0.6262287497520447,1.050647348165512,0.43816491961479187,0.12243911623954773,2.2374801337718964,4563402752,32768,63.57839088001338,456531414.2923755,20512768,285.7886653470271,0.06425304788278259,0.11718052896462926,284294144,293601280,37.0,84.0,1755.0,1593.0,37.0,84.06,1755.0,1593.0,20260803,2026-08-11T06:56:37.039582+00:00
prefillq16_b1_h8192_sparse_q8kv8_steady,full,prefill,sglang_sparse_q8kv8_fp8,steady,ok,,1,8192,16,2048,64,576,512,10,30,0.07187200337648392,0.07158400118350983,0.07257600128650665,0.07205226694544156,0.0006692247015664663,0.5729496479034424,1.0150782763957977,0.6356872618198395,0.11827424168586731,2.341989427804947,4563402752,32768,63.49346807679384,455921617.0495881,20512768,285.4069322730421,0.06416722392803824,0.11702400881895263,298449920,314572800,37.0,84.1,1755.0,1593.0,37.0,84.17,1755.0,1593.0,20260803,2026-08-11T06:56:37.144262+00:00
prefillq16_b1_h16384_sparse_q8kv8_steady,full,prefill,sglang_sparse_q8kv8_fp8,steady,ok,,1,16384,16,2048,64,576,512,10,30,0.07215999811887741,0.07145600020885468,0.07356800138950348,0.07231466645995775,0.0007896971514420049,0.5595237016677856,1.0524466633796692,0.6344281136989594,0.12054294347763062,2.366941422224045,4563402752,32768,63.240061959012046,454102007.40329194,20512768,284.26785663446077,0.06391112881153314,0.11655695920486939,326761472,335544320,37.0,84.12,1755.0,1593.0,37.0,84.17,1755.0,1593.0,20260803,2026-08-11T06:56:37.275991+00:00
prefillq16_b1_h32768_sparse_q8kv8_steady,full,prefill,sglang_sparse_q8kv8_fp8,steady,ok,,1,32768,16,2048,64,576,512,10,30,0.07180800288915634,0.0711359977722168,0.07302399724721909,0.07198720028003057,0.0007654445543054298,0.5733668804168701,1.0298602283000946,0.7579177618026733,0.11921674013137817,2.4803616106510162,4563402752,32768,63.55005804915813,456327967.3796396,20512768,285.6613075796544,0.06422441440036193,0.11712830908204448,383384576,394264576,37.0,84.16,1755.0,1593.0,37.0,84.17,1755.0,1593.0,20260803,2026-08-11T06:56:37.376296+00:00
prefillq16_b1_h65536_sparse_q8kv8_steady,full,prefill,sglang_sparse_q8kv8_fp8,steady,ok,,1,65536,16,2048,64,576,512,10,30,0.07206399738788605,0.07135999947786331,0.07311999797821045,0.0722410668929418,0.0008740440455327012,0.5431286990642548,1.0543875396251678,0.8794665336608887,0.1252107322216034,2.6021935045719147,4563402752,32768,63.3243078015418,454706943.6576703,20512768,284.6465467297016,0.06399626862207357,0.11671223165285156,496630784,528482304,37.0,84.22,1755.0,1593.0,37.0,84.31,1755.0,1593.0,20260803,2026-08-11T06:56:37.545894+00:00
prefillq16_b1_h131072_sparse_q8kv8_steady,full,prefill,sglang_sparse_q8kv8_fp8,steady,ok,,1,131072,16,2048,64,576,512,10,30,0.07235199958086014,0.07161600142717361,0.07523199915885925,0.07269973357518514,0.0013302857082630574,0.5699396133422852,1.0060220956802368,1.1580400168895721,0.1269988715648651,2.8610005974769592,4563402752,32768,63.07224096688537,452896950.876647,20512768,283.513491248781,0.06374152700038946,0.11624765045457582,723077120,748683264,37.0,84.17,1755.0,1593.0,37.0,84.44,1755.0,1593.0,20260803,2026-08-11T06:56:37.648212+00:00
prefillq16_b1_h262144_sparse_q8kv8_steady,full,prefill,sglang_sparse_q8kv8_fp8,steady,ok,,1,262144,16,2048,64,576,512,10,30,0.09318400174379349,0.07583999633789062,0.1241919994354248,0.09418666685620944,0.013468685697904685,0.5880258977413177,1.0298974812030792,1.7648115754127502,0.12780725955963135,3.5105422139167786,4563402752,32768,48.97195512752215,351648345.06780034,20512768,220.13186401244303,0.049491617107147196,0.09025959177081214,798574592,824180736,37.0,84.13,1755.0,1593.0,37.0,83.83,1755.0,1593.0,20260803,2026-08-11T06:56:37.796478+00:00
prefillq16_b1_h524288_sparse_q8kv8_steady,full,prefill,sglang_sparse_q8kv8_fp8,steady,ok,,1,524288,16,2048,64,576,512,10,30,0.0735040009021759,0.07267200201749802,0.07436800003051758,0.07376639991998672,0.0010459780786229267,0.6152838468551636,1.091141253709793,3.003474324941635,0.12784823775291443,4.837747663259506,4563402752,32768,62.0837328035148,445798862.6171502,20512768,279.070087998336,0.06274252936181385,0.11442574354774293,949569536,975175680,37.0,83.73,1755.0,1593.0,37.0,84.59,1755.0,1593.0,20260803,2026-08-11T06:56:37.928360+00:00
prefillq32_b1_h2048_sparse_q8kv8_steady,full,prefill,sglang_sparse_q8kv8_fp8,steady,ok,,1,2048,32,2048,64,576,512,10,30,0.07014399766921997,0.06950400024652481,0.07135999947786331,0.07032533312837283,0.000792254330461157,0.6293393671512604,1.0014139115810394,0.2555549144744873,0.11614710092544556,2.0024552941322327,9126805504,65536,130.11527439652835,934306600.3886743,41025536,584.87593184331,0.13149598220973052,0.23981381832921067,278918144,291504128,37.0,84.48,1755.0,1593.0,37.0,84.66,1755.0,1593.0,20260803,2026-08-11T06:56:38.063167+00:00
prefillq32_b1_h4096_sparse_q8kv8_steady,full,prefill,sglang_sparse_q8kv8_fp8,steady,ok,,1,4096,32,2048,64,576,512,10,30,0.07039999961853027,0.06976000219583511,0.07443200051784515,0.07073173349102338,0.0013696970875590726,0.5463883280754089,1.0259710252285004,0.2613067626953125,0.11628121137619019,1.949947327375412,9126805504,65536,129.642124338843,930909095.9533187,41025536,582.7490940667776,0.13101781135810306,0.23894176143579463,285996032,291504128,37.0,84.66,1755.0,1593.0,37.0,84.8,1755.0,1593.0,20260803,2026-08-11T06:56:38.187455+00:00
prefillq32_b1_h8192_sparse_q8kv8_steady,full,prefill,sglang_sparse_q8kv8_fp8,steady,ok,,1,8192,32,2048,64,576,512,10,30,0.07078400254249573,0.07014399766921997,0.0719359964132309,0.070961066087087,0.0010521698059625982,0.5345866084098816,1.0197609663009644,0.3964826464653015,0.11798366904258728,2.0688138902187347,9126805504,65536,128.938816345129,925858917.9194119,41025536,579.5876826175519,0.1303070402679424,0.23764550335836088,300151808,312475648,37.0,84.86,1755.0,1593.0,37.0,85.01,1755.0,1593.0,20260803,2026-08-11T06:56:38.296513+00:00
prefillq32_b1_h16384_sparse_q8kv8_steady,full,prefill,sglang_sparse_q8kv8_fp8,steady,ok,,1,16384,32,2048,64,576,512,10,30,0.07039999961853027,0.0700799971818924,0.0719040036201477,0.0706677330036958,0.000910642813070935,0.5340836942195892,1.039072871208191,0.5979835987091064,0.11723488569259644,2.288375049829483,9126805504,65536,129.642124338843,930909095.9533187,41025536,582.7490940667776,0.13101781135810306,0.23894176143579463,328463360,354418688,37.0,84.96,1755.0,1593.0,37.0,85.17,1755.0,1593.0,20260803,2026-08-11T06:56:38.377466+00:00
prefillq32_b1_h32768_sparse_q8kv8_steady,full,prefill,sglang_sparse_q8kv8_fp8,steady,ok,,1,32768,32,2048,64,576,512,10,30,0.07043199986219406,0.06985600292682648,0.07452800124883652,0.07084266692399979,0.0014810639026089434,0.6533972918987274,1.0374486446380615,0.6209202110767365,0.11901929974555969,2.430785447359085,9126805504,65536,129.58322242528024,930486144.482998,41025536,582.4843264463568,0.13095828441160207,0.23883320006308958,385985536,413138944,37.0,85.16,1755.0,1593.0,37.0,85.27,1755.0,1593.0,20260803,2026-08-11T06:56:38.480462+00:00
prefillq32_b1_h65536_sparse_q8kv8_steady,full,prefill,sglang_sparse_q8kv8_fp8,steady,ok,,1,65536,32,2048,64,576,512,10,30,0.0727040022611618,0.07209599763154984,0.07747200131416321,0.07310506651798884,0.0013508078614939722,0.6262138485908508,1.0121017694473267,0.6611309945583344,0.12362748384475708,2.423074096441269,9126805504,65536,125.53374257465747,901408422.6695877,41025536,564.281672591162,0.1268658338298711,0.2313696549126137,499231744,526385152,37.0,85.22,1755.0,1593.0,37.0,85.36,1755.0,1593.0,20260803,2026-08-11T06:56:38.583043+00:00
prefillq32_b1_h131072_sparse_q8kv8_steady,full,prefill,sglang_sparse_q8kv8_fp8,steady,ok,,1,131072,32,2048,64,576,512,10,30,0.07491199672222137,0.07423999905586243,0.07561600208282471,0.0750591998298963,0.001005451779053809,0.6663277745246887,1.0281316936016083,0.9467564523220062,0.12846291065216064,2.769678831100464,9126805504,65536,121.83369691563284,874839850.3247993,41025536,547.6497463033244,0.12312652543267594,0.22455014750582772,725632000,746586112,37.0,85.42,1755.0,1593.0,37.0,85.48,1755.0,1593.0,20260803,2026-08-11T06:56:38.662496+00:00
prefillq32_b1_h262144_sparse_q8kv8_steady,full,prefill,sglang_sparse_q8kv8_fp8,steady,ok,,1,262144,32,2048,64,576,512,10,30,0.07811199873685837,0.07753600180149078,0.08195199817419052,0.07849706610043844,0.0015631480018923828,0.6866864860057831,1.0390840470790863,1.554742455482483,0.13018399477005005,3.4106969833374023,9126805504,65536,116.84255494147757,839000423.2355639,41025536,525.214264945463,0.11808242035520725,0.21535103679267914,801129472,822083584,37.0,85.49,1755.0,1593.0,37.0,85.91,1755.0,1593.0,20260803,2026-08-11T06:56:38.788057+00:00
prefillq32_b1_h524288_sparse_q8kv8_steady,full,prefill,sglang_sparse_q8kv8_fp8,steady,ok,,1,524288,32,2048,64,576,512,10,30,0.07999999821186066,0.07929600030183792,0.08153600245714188,0.08017813364664714,0.0009331968810450212,0.7219202816486359,1.0208822786808014,2.800431102514267,0.1326724886894226,4.675906151533127,9126805504,65536,114.08507135000006,819200018.3105474,41025536,512.8192114624026,0.11529567594744827,0.21026875362400904,952124416,973078528,37.0,85.9,1755.0,1593.0,37.0,86.39,1755.0,1593.0,20260803,2026-08-11T06:56:38.889737+00:00
prefillq64_b1_h2048_sparse_q8kv8_steady,full,prefill,sglang_sparse_q8kv8_fp8,steady,ok,,1,2048,64,2048,64,576,512,10,30,0.070592001080513,0.0700799971818924,0.07788799703121185,0.07286400000254313,0.00921669654446768,0.6253421306610107,1.3604424893856049,0.26079267263412476,0.12025237083435059,2.366829663515091,18253611008,131072,258.57902777371373,1856754278.0166712,82051072,1162.3281780384364,0.2613229184170932,0.4765837391334267,288035840,293601280,37.0,86.28,1755.0,1593.0,37.0,86.54,1755.0,1593.0,20260803,2026-08-11T06:56:39.016751+00:00
prefillq64_b1_h4096_sparse_q8kv8_steady,full,prefill,sglang_sparse_q8kv8_fp8,steady,ok,,1,4096,64,2048,64,576,512,10,30,0.070592001080513,0.07004799693822861,0.0769599974155426,0.07109013299147288,0.0016715246068249997,0.5443617701530457,1.3551674783229828,0.24941563606262207,0.12014061212539673,2.2690854966640472,18253611008,131072,258.57902777371373,1856754278.0166712,82051072,1162.3281780384364,0.2613229184170932,0.4765837391334267,289440768,293601280,37.0,86.51,1755.0,1593.0,37.0,86.61,1755.0,1593.0,20260803,2026-08-11T06:56:39.099761+00:00
prefillq64_b1_h8192_sparse_q8kv8_steady,full,prefill,sglang_sparse_q8kv8_fp8,steady,ok,,1,8192,64,2048,64,576,512,10,30,0.07094399631023407,0.07036799937486649,0.07321599870920181,0.07116586615641912,0.0011045617905735383,0.5334019660949707,1.327604055404663,0.3831833600997925,0.12043118476867676,2.364620566368103,18253611008,131072,257.296063900573,1847541819.1389952,82051072,1156.561178781011,0.26002634047556644,0.47421912462814836,303707136,314572800,37.0,86.4,1755.0,1593.0,37.0,86.9,1755.0,1593.0,20260803,2026-08-11T06:56:39.248095+00:00
prefillq64_b1_h16384_sparse_q8kv8_steady,full,prefill,sglang_sparse_q8kv8_fp8,steady,ok,,1,16384,64,2048,64,576,512,10,30,0.07091200351715088,0.07027199864387512,0.07267200201749802,0.07125226631760598,0.001546265015173962,0.5703754723072052,1.3566762208938599,0.5995854735374451,0.12287870049476624,2.6495158672332764,18253611008,131072,257.412146077429,1848375359.586318,82051072,1157.0829751010351,0.260143654449145,0.47443307422169845,331867136,356515840,37.0,86.7,1755.0,1593.0,37.0,86.86,1755.0,1593.0,20260803,2026-08-11T06:56:39.355608+00:00
prefillq64_b1_h32768_sparse_q8kv8_steady,full,prefill,sglang_sparse_q8kv8_fp8,steady,ok,,1,32768,64,2048,64,576,512,10,30,0.08140800148248672,0.07088000327348709,0.11004800349473953,0.0861653337876002,0.014375534477692162,0.631578266620636,1.329965889453888,0.6083361804485321,0.12226030230522156,2.6921406388282776,18253611008,131072,224.22379465889347,1610062863.7615857,82051072,1007.8993527147527,0.22660312749761846,0.4132640430326666,388490240,415236096,37.0,86.97,1755.0,1593.0,37.0,87.19,1755.0,1593.0,20260803,2026-08-11T06:56:39.506461+00:00
prefillq64_b1_h65536_sparse_q8kv8_steady,full,prefill,sglang_sparse_q8kv8_fp8,steady,ok,,1,65536,64,2048,64,576,512,10,30,0.07836800068616867,0.07791999727487564,0.08009599894285202,0.07870186666647593,0.0011201733907390237,0.6257742643356323,1.3475976884365082,0.6646327674388885,0.13060495257377625,2.7686096727848053,18253611008,131072,232.9217390794253,1672519381.0275826,82051072,1046.9971325232668,0.2353933694587421,0.4292951145020025,501736448,528482304,37.0,86.97,1755.0,1593.0,37.0,87.85,1755.0,1593.0,20260803,2026-08-11T06:56:39.631759+00:00
prefillq64_b1_h131072_sparse_q8kv8_steady,full,prefill,sglang_sparse_q8kv8_fp8,steady,ok,,1,131072,64,2048,64,576,512,10,30,0.08473599702119827,0.08399999886751175,0.09305600076913834,0.08532586644093196,0.0021398519844217714,0.6759800016880035,1.333378255367279,0.9445473551750183,0.13900548219680786,3.0929110944271088,18253611008,131072,215.4174335546382,1546827848.9389806,82051072,968.3142334358018,0.21770331839781526,0.39703315014332535,728044544,748683264,37.0,87.6,1755.0,1593.0,37.0,88.28,1755.0,1593.0,20260803,2026-08-11T06:56:39.766401+00:00
prefillq64_b1_h262144_sparse_q8kv8_steady,full,prefill,sglang_sparse_q8kv8_fp8,steady,ok,,1,262144,64,2048,64,576,512,10,30,0.08991999924182892,0.08873599767684937,0.09203200042247772,0.09010560015837352,0.001574395212298335,0.6958544254302979,1.346338540315628,1.5674717724323273,0.1410357654094696,3.750700503587723,18253611008,131072,202.99834477210268,1457651257.84196,82051072,912.4896874090668,0.20515244544932054,0.3741436845143094,803542016,824180736,37.0,87.75,1755.0,1593.0,37.0,87.83,1755.0,1593.0,20260803,2026-08-11T06:56:39.868376+00:00
prefillq64_b1_h524288_sparse_q8kv8_steady,full,prefill,sglang_sparse_q8kv8_fp8,steady,ok,,1,524288,64,2048,64,576,512,10,30,0.09286399930715561,0.09177599847316742,0.09609600156545639,0.09329813321431478,0.0015115316305865448,0.7045939564704895,3.6571621894836426,2.8201714158058167,0.17137452960014343,7.353302091360092,18253611008,131072,196.56283537417576,1411440396.4712758,82051072,883.5616881910187,0.19864864615884362,0.36228247845093003,954536960,975175680,37.0,87.61,1755.0,1593.0,37.0,88.99,1755.0,1593.0,20260803,2026-08-11T06:56:40.064143+00:00
prefillq128_b1_h2048_sparse_q8kv8_steady,full,prefill,sglang_sparse_q8kv8_fp8,steady,ok,,1,2048,128,2048,64,576,512,10,30,0.13702400028705597,0.1351040005683899,0.14000000059604645,0.13725546697775523,0.0013312336315431678,0.6360448896884918,1.7300136387348175,0.376235693693161,0.18798187375068665,2.930276095867157,36507222016,262144,266.42939878794846,1913124704.0724702,164102144,1197.6160647493662,0.26925659301460175,0.49105265876608456,306455552,316669952,37.0,88.35,1755.0,1593.0,37.0,89.43,1755.0,1593.0,20260803,2026-08-11T06:56:40.265453+00:00
prefillq128_b1_h4096_sparse_q8kv8_steady,full,prefill,sglang_sparse_q8kv8_fp8,steady,ok,,1,4096,128,2048,64,576,512,10,30,0.1393280029296875,0.13660800457000732,0.14563199877738953,0.14849706490834555,0.04983339219126837,0.6397739052772522,1.953810453414917,0.44451653957366943,0.19533559679985046,3.233436495065689,36507222016,262144,262.0235792400149,1881488247.0704193,164102144,1177.8116426660824,0.2648040214654016,0.4829323484215858,308347904,316669952,37.0,89.21,1755.0,1593.0,38.0,90.17,1755.0,1593.0,20260803,2026-08-11T06:56:40.421846+00:00
prefillq128_b1_h8192_sparse_q8kv8_steady,full,prefill,sglang_sparse_q8kv8_fp8,steady,ok,,1,8192,128,2048,64,576,512,10,30,0.13977600634098053,0.1377280056476593,0.14243200421333313,0.1398912007610003,0.0014141118925760884,0.695057213306427,2.198062837123871,0.5485489964485168,0.19165128469467163,3.6333203315734863,36507222016,262144,261.18375371908553,1875457790.3771653,164102144,1174.0365767761054,0.26395528420321934,0.4813844766145402,310363136,337641472,38.0,90.21,1755.0,1593.0,37.0,90.24,1755.0,1593.0,20260803,2026-08-11T06:56:40.560025+00:00
prefillq128_b1_h16384_sparse_q8kv8_steady,full,prefill,sglang_sparse_q8kv8_fp8,steady,ok,,1,16384,128,2048,64,576,512,10,30,0.13859200477600098,0.1351040005683899,0.141184002161026,0.13864320069551467,0.0014474622283519012,0.6972551345825195,1.767430454492569,0.5066245794296265,0.19057467579841614,3.161884844303131,36507222016,262144,263.41506550110677,1891479962.5251806,164102144,1184.0664565407633,0.2662102733715076,0.4854969791689962,338674688,358612992,37.0,89.68,1755.0,1593.0,38.0,90.52,1755.0,1593.0,20260803,2026-08-11T06:56:40.643498+00:00
prefillq128_b1_h32768_sparse_q8kv8_steady,full,prefill,sglang_sparse_q8kv8_fp8,steady,ok,,1,32768,128,2048,64,576,512,10,30,0.14425599575042725,0.14112000167369843,0.14931200444698334,0.14451306760311128,0.0024618315959352498,0.6507299840450287,1.750890165567398,0.6497800350189209,0.19341707229614258,3.2448172569274902,36507222016,262144,253.07247595559213,1817213895.591051,164102144,1137.575898639998,0.25575793426537863,0.46643468304868907,395297792,417333248,38.0,90.66,1755.0,1593.0,37.0,90.39,1755.0,1593.0,20260803,2026-08-11T06:56:40.776746+00:00
prefillq128_b1_h65536_sparse_q8kv8_steady,full,prefill,sglang_sparse_q8kv8_fp8,steady,ok,,1,65536,128,2048,64,576,512,10,30,0.15343999862670898,0.150751993060112,0.15520000457763672,0.15326506545146307,0.0011605541276306344,0.628940761089325,1.700855791568756,0.7559694349765778,0.20229816436767578,3.2880641520023346,36507222016,262144,237.92506740576357,1708446313.5179484,164102144,1069.4873922622355,0.24044979020289395,0.4385166857268939,508544000,551550976,37.0,90.18,1755.0,1593.0,37.0,91.12,1755.0,1593.0,20260803,2026-08-11T06:56:40.864042+00:00
prefillq128_b1_h131072_sparse_q8kv8_steady,full,prefill,sglang_sparse_q8kv8_fp8,steady,ok,,1,131072,128,2048,64,576,512,10,30,0.16227200627326965,0.15984000265598297,0.1648319959640503,0.16269866625467935,0.0022300472698449955,0.7465854287147522,2.0962506532669067,1.1431463062763214,0.22309646010398865,4.209078848361969,36507222016,262144,224.97547700569518,1615460398.9953985,164102144,1011.2782097711195,0.2273627862614403,0.4146494592691019,734667776,771751936,37.0,89.84,1755.0,1593.0,38.0,90.81,1755.0,1593.0,20260803,2026-08-11T06:56:40.949844+00:00
prefillq128_b1_h262144_sparse_q8kv8_steady,full,prefill,sglang_sparse_q8kv8_fp8,steady,ok,,1,262144,128,2048,64,576,512,10,30,0.17030400037765503,0.16780799627304077,0.17340800166130066,0.17045439928770065,0.0016689392883134967,0.7992349565029144,2.0077377557754517,1.7246678471565247,0.2331361174583435,4.764776676893234,36507222016,262144,214.36502921272532,1539270947.3570004,164102144,963.5836130454823,0.21663974655151624,0.39509347699710246,810165248,847249408,38.0,90.92,1755.0,1593.0,38.0,92.69,1755.0,1593.0,20260803,2026-08-11T06:56:41.062501+00:00
prefillq128_b1_h524288_sparse_q8kv8_steady,full,prefill,sglang_sparse_q8kv8_fp8,steady,ok,,1,524288,128,2048,64,576,512,10,30,0.176256000995636,0.17401599884033203,0.21036800742149353,0.17917013317346572,0.009888272888283913,0.7903985679149628,2.2577904164791107,3.0280128121376038,0.23923441767692566,6.315436214208603,36507222016,262144,207.12612228677477,1487291204.3799891,164102144,931.0442939418732,0.20932402454449195,0.3817515391001611,961160192,998244352,38.0,91.27,1755.0,1593.0,37.0,92.75,1755.0,1593.0,20260803,2026-08-11T06:56:41.152759+00:00
prefillq256_b1_h2048_sparse_q8kv8_steady,full,prefill,sglang_sparse_q8kv8_fp8,steady,ok,,1,2048,256,2048,64,576,512,10,30,0.19808000326156616,0.19599999487400055,0.1998399943113327,0.19832106630007426,0.0014412031239436122,0.734429806470871,2.385701984167099,0.5286745727062225,0.2500005066394806,3.898806869983673,73014444032,524288,368.61087858315443,2646849714.090895,328204288,1656.9279210209004,0.37252236339884226,0.6793820531885987,344065024,348127232,37.0,92.95,1755.0,1593.0,38.0,95.0,1755.0,1593.0,20260803,2026-08-11T06:56:41.267277+00:00
prefillq256_b1_h4096_sparse_q8kv8_steady,full,prefill,sglang_sparse_q8kv8_fp8,steady,ok,,1,4096,256,2048,64,576,512,10,30,0.2033279985189438,0.20163199305534363,0.20630399882793427,0.2040810654560725,0.003596726638839823,0.8646026253700256,3.092493861913681,0.7697157561779022,0.25191530585289,4.978727549314499,73014444032,524288,359.0968512149956,2578533226.2106185,328204288,1614.1617996078471,0.3629073786912537,0.6618468695491008,344474624,369098752,38.0,94.08,1755.0,1593.0,37.0,95.19,1755.0,1593.0,20260803,2026-08-11T06:56:41.360830+00:00
prefillq256_b1_h8192_sparse_q8kv8_steady,full,prefill,sglang_sparse_q8kv8_fp8,steady,ok,,1,8192,256,2048,64,576,512,10,30,0.20015999674797058,0.19740800559520721,0.2035840004682541,0.20041173398494722,0.0016515363467482327,0.7248073816299438,2.370506525039673,0.6325356662273407,0.2580992877483368,3.985948860645294,73014444032,524288,364.780401769967,2619344566.937378,328204288,1639.7096989027987,0.3686512397877382,0.6723221497694771,346833920,369098752,37.0,94.35,1755.0,1593.0,37.0,95.31,1755.0,1593.0,20260803,2026-08-11T06:56:41.490990+00:00
prefillq256_b1_h16384_sparse_q8kv8_steady,full,prefill,sglang_sparse_q8kv8_fp8,steady,ok,,1,16384,256,2048,64,576,512,10,30,0.20175999402999878,0.1995840072631836,0.20499199628829956,0.20205759902795156,0.0016882560608336523,0.6909482181072235,2.397298812866211,0.7557980716228485,0.25627389550209045,4.100318998098373,73014444032,524288,361.8876199071646,2598572638.34993,328204288,1626.7064716070558,0.3657277614018844,0.6669905000663225,352289792,390070272,37.0,95.09,1755.0,1593.0,37.0,96.46,1755.0,1593.0,20260803,2026-08-11T06:56:41.607535+00:00
prefillq256_b1_h32768_sparse_q8kv8_steady,full,prefill,sglang_sparse_q8kv8_fp8,steady,ok,,1,32768,256,2048,64,576,512,10,30,0.2067199945449829,0.20528000593185425,0.20880000293254852,0.20698986699183783,0.0015038117656275974,0.7549747824668884,2.1350346505641937,0.787883996963501,0.25745853781700134,3.9353519678115845,73014444032,524288,353.2045566889362,2536222977.143671,328204288,1587.675583691938,0.3569525585537506,0.650986855952939,408912896,469762048,37.0,96.01,1755.0,1593.0,37.0,98.07,1755.0,1593.0,20260803,2026-08-11T06:56:41.744183+00:00
prefillq256_b1_h65536_sparse_q8kv8_steady,full,prefill,sglang_sparse_q8kv8_fp8,steady,ok,,1,65536,256,2048,64,576,512,10,30,0.2181120067834854,0.21651199460029602,0.2199999988079071,0.21836906770865122,0.0011409090605263817,0.8147843182086945,2.3854561150074005,0.9135827422142029,0.27996301651000977,4.393786191940308,73014444032,524288,334.7566468657532,2403755793.7855673,328204288,1504.7511269097652,0.3383088902129896,0.6169857464336365,522159104,583008256,37.0,97.69,1755.0,1593.0,38.0,98.2,1755.0,1593.0,20260803,2026-08-11T06:56:41.830428+00:00
prefillq256_b1_h131072_sparse_q8kv8_steady,full,prefill,sglang_sparse_q8kv8_fp8,steady,ok,,1,131072,256,2048,64,576,512,10,30,0.23324799537658691,0.23174400627613068,0.23555199801921844,0.2335594654083252,0.0012498289440452048,0.7661357522010803,2.13608518242836,1.146797090768814,0.2887919545173645,4.337809979915619,73014444032,524288,313.0335328889566,2247770657.8078794,328204288,1407.1044317877327,0.31635526315205315,0.5769481495186102,747914240,803209216,38.0,98.02,1755.0,1593.0,38.0,99.75,1755.0,1593.0,20260803,2026-08-11T06:56:41.947556+00:00
prefillq256_b1_h262144_sparse_q8kv8_steady,full,prefill,sglang_sparse_q8kv8_fp8,steady,ok,,1,262144,256,2048,64,576,512,10,30,0.25123199820518494,0.24851199984550476,0.25491198897361755,0.2513290653626124,0.001787011483923211,0.8003674447536469,2.169165760278702,1.748066395521164,0.3050491213798523,5.022648721933365,73014444032,524288,290.62557537900886,2086867929.8239954,328204288,1306.379324069821,0.2937095253956633,0.5356483261401287,823411712,878706688,38.0,99.54,1755.0,1593.0,38.0,100.87,1755.0,1593.0,20260803,2026-08-11T06:56:42.063398+00:00
prefillq256_b1_h524288_sparse_q8kv8_steady,full,prefill,sglang_sparse_q8kv8_fp8,steady,ok,,1,524288,256,2048,64,576,512,10,30,0.26284798979759216,0.2614719867706299,0.26582399010658264,0.26331946551799773,0.0015885440519061902,0.8791796863079071,2.1181628108024597,3.009207546710968,0.312168151140213,6.318718194961548,73014444032,524288,277.7820141908837,1994643369.3623886,328204288,1248.6467492208553,0.28072967578664343,0.5119765207832678,974406656,1029701632,38.0,100.88,1755.0,1593.0,37.0,101.74,1755.0,1593.0,20260803,2026-08-11T06:56:42.193689+00:00
prefillq512_b1_h2048_sparse_q8kv8_steady,full,prefill,sglang_sparse_q8kv8_fp8,steady,ok,,1,2048,512,2048,64,576,512,10,30,0.3219200074672699,0.3206399977207184,0.32707199454307556,0.3223093330860138,0.0017973656366891773,0.7077828049659729,3.197416663169861,0.5642399191856384,0.368606299161911,4.838045686483383,146028888064,1048576,453.61855329494233,3257256385.677148,656408576,2039.0424974338946,0.45843209024248843,0.8360586244402922,417596416,423624704,37.0,101.78,1755.0,1593.0,37.0,104.05,1755.0,1593.0,20260803,2026-08-11T06:56:42.289767+00:00
prefillq512_b1_h4096_sparse_q8kv8_steady,full,prefill,sglang_sparse_q8kv8_fp8,steady,ok,,1,4096,512,2048,64,576,512,10,30,0.3219839930534363,0.3199999928474426,0.33219200372695923,0.3238837351401647,0.007508974797527294,0.7169358432292938,3.1348057091236115,0.5627572536468506,0.3719627857208252,4.786461591720581,146028888064,1048576,453.5284089099583,3256609094.3097873,656408576,2038.637293037927,0.4583409892975829,0.8358924804632363,418153472,442499072,38.0,102.71,1755.0,1593.0,38.0,106.46,1755.0,1593.0,20260803,2026-08-11T06:56:42.406636+00:00
prefillq512_b1_h8192_sparse_q8kv8_steady,full,prefill,sglang_sparse_q8kv8_fp8,steady,ok,,1,8192,512,2048,64,576,512,10,30,0.324288010597229,0.3214080035686493,0.3298560082912445,0.3246944010257721,0.002427112627361811,0.7398128509521484,3.2108016312122345,0.5789883434772491,0.37211179733276367,4.901714622974396,146028888064,1048576,450.30615777334515,3233471376.4745026,656408576,2024.1530816730385,0.4550845455011068,0.8299535901041237,420512768,442499072,38.0,106.19,1755.0,1593.0,38.0,108.26,1755.0,1593.0,20260803,2026-08-11T06:56:42.536739+00:00
prefillq512_b1_h16384_sparse_q8kv8_steady,full,prefill,sglang_sparse_q8kv8_fp8,steady,ok,,1,16384,512,2048,64,576,512,10,30,0.3240000009536743,0.3222079873085022,0.33129599690437317,0.3252831995487213,0.004609090803317493,0.7123090326786041,3.180071711540222,0.5731955170631409,0.37096813321113586,4.836544394493103,146028888064,1048576,450.7064433153482,3236345669.4863586,656408576,2025.9523890984603,0.45548907864107957,0.8306913513292754,425231360,442499072,38.0,106.46,1755.0,1593.0,38.0,110.24,1755.0,1593.0,20260803,2026-08-11T06:56:42.630213+00:00
prefillq512_b1_h32768_sparse_q8kv8_steady,full,prefill,sglang_sparse_q8kv8_fp8,steady,ok,,1,32768,512,2048,64,576,512,10,30,0.3253760039806366,0.32419198751449585,0.3282560110092163,0.32569706737995147,0.0014872393217430953,0.7058680057525635,3.179039806127548,0.7928274571895599,0.37689879536628723,5.054634064435959,146028888064,1048576,448.80042251883543,3222659283.941546,656408576,2017.3847117474077,0.45356283225753957,0.827178388480397,436143104,522190848,37.0,108.29,1755.0,1593.0,37.0,111.81,1755.0,1593.0,20260803,2026-08-11T06:56:42.790479+00:00
prefillq512_b1_h65536_sparse_q8kv8_steady,full,prefill,sglang_sparse_q8kv8_fp8,steady,ok,,1,65536,512,2048,64,576,512,10,30,0.34329599142074585,0.34166398644447327,0.3457599878311157,0.3436906655629476,0.0026655222376657,1.9068792462348938,4.616830497980118,1.0877065360546112,0.4135593771934509,8.024975657463074,146028888064,1048576,425.3731232329655,3054437063.65583,656408576,1912.0776018485496,0.42988693606161243,0.7839998291533489,549389312,656408576,38.0,110.42,1755.0,1593.0,38.0,113.66,1755.0,1593.0,20260803,2026-08-11T06:56:42.927616+00:00
prefillq512_b1_h131072_sparse_q8kv8_steady,full,prefill,sglang_sparse_q8kv8_fp8,steady,ok,,1,131072,512,2048,64,576,512,10,30,0.37676799297332764,0.3755840063095093,0.3802559971809387,0.3769909312327703,0.0014603479348883652,0.733599066734314,3.1865164637565613,1.2291446328163147,0.4329271614551544,5.582187324762344,146028888064,1048576,387.5830505441521,2783081417.625173,656408576,1742.2089674333583,0.3916958570431047,0.71434942363044,774407168,876609536,38.0,111.74,1755.0,1593.0,39.0,113.31,1755.0,1593.0,20260803,2026-08-11T06:56:43.030515+00:00
prefillq512_b1_h262144_sparse_q8kv8_steady,full,prefill,sglang_sparse_q8kv8_fp8,steady,ok,,1,262144,512,2048,64,576,512,10,30,0.41977599263191223,0.4169279932975769,0.42262399196624756,0.4199200004339218,0.001901757151277831,0.791013240814209,3.187708556652069,1.8991641700267792,0.4754774272441864,6.353363394737244,146028888064,1048576,347.87336728912925,2497941803.259487,656408576,1563.711568840439,0.35156479766460763,0.6411610081258216,849904640,952107008,39.0,113.31,1755.0,1593.0,38.0,116.18,1755.0,1593.0,20260803,2026-08-11T06:56:43.174174+00:00
prefillq512_b1_h524288_sparse_q8kv8_steady,full,prefill,sglang_sparse_q8kv8_fp8,steady,ok,,1,524288,512,2048,64,576,512,10,30,0.4535039961338043,0.44944000244140625,0.4585599899291992,0.45399146477381386,0.004146797777551715,0.7944665849208832,3.169473260641098,3.120768815279007,0.5069226026535034,7.591631263494492,146028888064,1048576,322.00132591756665,2312164851.7748065,656408576,1447.4151972110287,0.3254182171981472,0.5934765755481558,1000899584,1103101952,38.0,115.69,1755.0,1593.0,38.0,118.78,1755.0,1593.0,20260803,2026-08-11T06:56:43.294799+00:00
prefillq1024_b1_h2048_sparse_q8kv8_steady,full,prefill,sglang_sparse_q8kv8_fp8,steady,ok,,1,2048,1024,2048,64,576,512,10,30,0.5613440275192261,0.5598080158233643,0.5652480125427246,0.561926398674647,0.0019441423301261077,1.5636198222637177,5.544677376747131,0.6762444972991943,0.6235465407371521,8.408088237047195,292057776128,2097152,520.2830382264947,3735947827.338685,1312817152,2338.7033399140173,0.5258039800166697,0.9589270943607788,564331520,587202560,38.0,114.85,1755.0,1593.0,38.0,118.74,1755.0,1593.0,20260803,2026-08-11T06:56:43.438621+00:00
prefillq1024_b1_h4096_sparse_q8kv8_steady,full,prefill,sglang_sparse_q8kv8_fp8,steady,ok,,1,4096,1024,2048,64,576,512,10,30,0.5628160238265991,0.559328019618988,0.5660480260848999,0.5626965383688609,0.0019501434672291138,0.8480362594127655,5.4377056658267975,0.6612241268157959,0.6190873682498932,7.566053420305252,292057776128,2097152,518.9222832397209,3726176781.075661,1312817152,2332.5866649533637,0.524428785487338,0.9564191040367969,565511168,587202560,38.0,118.7,1755.0,1593.0,41.0,121.49,1755.0,1593.0,20260803,2026-08-11T06:56:43.650215+00:00
prefillq1024_b1_h8192_sparse_q8kv8_steady,full,prefill,sglang_sparse_q8kv8_fp8,steady,ok,,1,8192,1024,2048,64,576,512,10,30,0.5622079968452454,0.5595200061798096,0.5688319802284241,0.5634911954402924,0.005699008839442857,0.8385330438613892,5.401767790317535,0.6665252149105072,0.6225518882274628,7.5293779373168945,292057776128,2097152,519.48349679628,3730206634.8538027,1312817152,2335.1093534184806,0.5249959543166043,0.9574534696523694,567870464,587202560,38.0,121.52,1755.0,1593.0,38.0,127.08,1755.0,1593.0,20260803,2026-08-11T06:56:43.784151+00:00
prefillq1024_b1_h16384_sparse_q8kv8_steady,full,prefill,sglang_sparse_q8kv8_fp8,steady,ok,,1,16384,1024,2048,64,576,512,10,30,0.5628479719161987,0.5609920024871826,0.567359983921051,0.5633290608723959,0.0021278468734370766,0.845540314912796,5.534473806619644,0.7050298154354095,0.6203800439834595,7.705423980951309,292057776128,2097152,518.8928284376653,3725965277.7290998,1312817152,2332.4542638584167,0.5243990181280095,0.9563648162632682,572589056,587202560,38.0,122.94,1755.0,1593.0,38.0,129.61,1740.0,1593.0,20260803,2026-08-11T06:56:43.946349+00:00
prefillq1024_b1_h32768_sparse_q8kv8_steady,full,prefill,sglang_sparse_q8kv8_fp8,steady,ok,,1,32768,1024,2048,64,576,512,10,30,0.573311984539032,0.570688009262085,0.5783360004425049,0.5735797305901845,0.002292173169580161,0.8331462740898132,5.536355078220367,0.7756240665912628,0.6379075348377228,7.783032953739166,292057776128,2097152,509.4220668748575,3657959464.577044,1312817152,2289.8826248252294,0.5148277583374001,0.938909375282981,582026240,587202560,38.0,125.94,1740.0,1593.0,38.0,133.1,1740.0,1593.0,20260803,2026-08-11T06:56:44.098924+00:00
prefillq1024_b1_h65536_sparse_q8kv8_steady,full,prefill,sglang_sparse_q8kv8_fp8,steady,ok,,1,65536,1024,2048,64,576,512,10,30,0.6113920211791992,0.6096959710121155,0.6160640120506287,0.6118762711683909,0.0019021907675313863,0.8062385022640228,5.536127835512161,1.080736517906189,0.6774142384529114,8.100517094135284,292057776128,2097152,477.6931428786143,3430126542.9588,1312817152,2147.259215892209,0.4827621454053707,0.8804301963371814,605684736,761266176,39.0,133.26,1740.0,1593.0,39.0,137.72,1710.0,1593.0,20260803,2026-08-11T06:56:44.230770+00:00
prefillq1024_b1_h131072_sparse_q8kv8_steady,full,prefill,sglang_sparse_q8kv8_fp8,steady,ok,,1,131072,1024,2048,64,576,512,10,30,0.6817280054092407,0.6795840263366699,0.6849600076675415,0.6819274683793386,0.0016244685552498784,0.8624829351902008,6.043318659067154,1.3777390122413635,0.7476210594177246,9.031161665916443,292057776128,2097152,428.40806569575795,3076229791.588335,1312817152,1925.719849534298,0.43295408357327736,0.7895934932622503,827393024,945815552,39.0,131.52,1740.0,1593.0,39.0,141.53,1725.0,1593.0,20260803,2026-08-11T06:56:44.343549+00:00
prefillq1024_b1_h262144_sparse_q8kv8_steady,full,prefill,sglang_sparse_q8kv8_fp8,steady,ok,,1,262144,1024,2048,64,576,512,10,30,0.7672960162162781,0.7639359831809998,0.7723519802093506,0.7676511963208517,0.0025504295383637883,0.8791834115982056,5.524620413780212,2.0026452839374542,0.8294805884361267,9.235929697751999,292057776128,2097152,380.6324677250475,2733172016.6378064,1312817152,1710.9656824152669,0.384671518671094,0.7015388922520628,902890496,1021313024,38.0,141.47,1740.0,1593.0,40.0,144.58,1740.0,1593.0,20260803,2026-08-11T06:56:44.507886+00:00
prefillq1024_b1_h524288_sparse_q8kv8_steady,full,prefill,sglang_sparse_q8kv8_fp8,steady,ok,,1,524288,1024,2048,64,576,512,10,30,0.8343679904937744,0.8273919820785522,0.8384320139884949,0.8343808015187582,0.0030694858205202345,0.9471923112869263,5.476638674736023,3.1769759953022003,0.8918456733226776,10.492652654647827,292057776128,2097152,350.0347322230828,2513461714.6073847,1312817152,1573.4270333442228,0.35374909774945207,0.6451445925283312,1053885440,1172307968,40.0,143.36,1740.0,1593.0,38.0,150.76,1740.0,1593.0,20260803,2026-08-11T06:56:44.674976+00:00
prefillq2048_b1_h2048_sparse_q8kv8_steady,full,prefill,sglang_sparse_q8kv8_fp8,steady,ok,,1,2048,2048,2048,64,576,512,10,30,1.094688057899475,1.0918400287628174,1.0986239910125732,1.0948181430498758,0.002109098812731576,0.9521022439002991,8.81197676062584,0.8540414273738861,1.1461861431598663,11.76430657505989,584115552256,4194304,533.5908691438736,3831506126.090545,2625634304,2398.5228349326812,0.5392530259159916,0.9834545893899198,859046912,880803840,38.0,150.79,1740.0,1593.0,41.0,155.13,1740.0,1593.0,20260803,2026-08-11T06:56:44.816114+00:00
prefillq2048_b1_h4096_sparse_q8kv8_steady,full,prefill,sglang_sparse_q8kv8_fp8,steady,ok,,1,4096,2048,2048,64,576,512,10,30,1.0928000211715698,1.082144021987915,1.1065599918365479,1.0938464045524596,0.009450987585517722,0.8216388523578644,8.747350424528122,0.8166059851646423,1.1461898684501648,11.531785130500793,584115552256,4194304,534.5127570822893,3838125840.721862,2625634304,2402.6667762918855,0.5401846963944309,0.9851537094018361,860226560,880803840,41.0,154.94,1740.0,1593.0,39.0,162.2,1710.0,1593.0,20260803,2026-08-11T06:56:44.948090+00:00
prefillq2048_b1_h8192_sparse_q8kv8_steady,full,prefill,sglang_sparse_q8kv8_fp8,steady,ok,,1,8192,2048,2048,64,576,512,10,30,1.1108160018920898,1.0840320587158203,1.1237119436264038,1.1041237394014993,0.01698982772636606,0.7865391671657562,8.636508136987686,0.8260197937488556,1.1310167610645294,11.380083858966827,584115552256,4194304,525.8436602111029,3775876466.359597,2625634304,2363.698667941108,0.5314236080961121,0.9691758064862311,862585856,880803840,39.0,160.44,1740.0,1593.0,42.0,162.69,1725.0,1593.0,20260803,2026-08-11T06:56:45.132851+00:00
prefillq2048_b1_h16384_sparse_q8kv8_steady,full,prefill,sglang_sparse_q8kv8_fp8,steady,ok,,1,16384,2048,2048,64,576,512,10,30,1.1073280572891235,1.1049280166625977,1.1140480041503906,1.107966947555542,0.002647687789471173,0.809989869594574,8.805282413959503,0.8547268807888031,1.1535286903381348,11.623527854681015,584115552256,4194304,527.5000018386487,3787770004.0114365,2625634304,2371.144022511159,0.5330975258601806,0.9722285888132994,867304448,872415232,39.0,160.96,1740.0,1593.0,39.0,164.05,1680.0,1593.0,20260803,2026-08-11T06:56:45.325816+00:00
prefillq2048_b1_h32768_sparse_q8kv8_steady,full,prefill,sglang_sparse_q8kv8_fp8,steady,ok,,1,32768,2048,2048,64,576,512,10,30,1.1312960386276245,1.1126400232315063,1.1474239826202393,1.1306901335716248,0.014683165517164752,0.8027628064155579,8.68336483836174,0.9338632225990295,1.1670365929603577,11.587027460336685,584115552256,4194304,516.3242266494548,3707521158.730575,2625634304,2320.9082453653405,0.521803159827645,0.9516306587598163,877659136,880803840,39.0,164.07,1740.0,1593.0,42.0,170.33,1680.0,1593.0,20260803,2026-08-11T06:56:45.504760+00:00
prefillq2048_b1_h65536_sparse_q8kv8_steady,full,prefill,sglang_sparse_q8kv8_fp8,steady,ok,,1,65536,2048,2048,64,576,512,10,30,1.1981120109558105,1.192031979560852,1.262495994567871,1.2260330677032472,0.03176515726694723,0.8163787424564362,8.909936994314194,1.138634979724884,1.2451782822608948,12.110128998756409,584115552256,4194304,487.5300029669293,3500761165.605823,2625634304,2191.476489669245,0.49270338854666934,0.8985603888844446,896533504,899678208,39.0,163.11,1740.0,1593.0,42.0,169.2,1695.0,1593.0,20260803,2026-08-11T06:56:45.703000+00:00
prefillq2048_b1_h131072_sparse_q8kv8_steady,full,prefill,sglang_sparse_q8kv8_fp8,steady,ok,,1,131072,2048,2048,64,576,512,10,30,1.3382079601287842,1.3335360288619995,1.4155839681625366,1.357596798737844,0.032201092891228016,0.834345817565918,9.112507104873657,1.471642404794693,1.3861022889614105,12.804597616195679,584115552256,4194304,436.49086663614446,3134269205.509999,2625634304,1962.0525226492591,0.44112265450848354,0.8044908015552168,934282240,937426944,39.0,160.09,1740.0,1593.0,43.0,166.86,1695.0,1593.0,20260803,2026-08-11T06:56:45.905785+00:00
prefillq2048_b1_h262144_sparse_q8kv8_steady,full,prefill,sglang_sparse_q8kv8_fp8,steady,ok,,1,262144,2048,2048,64,576,512,10,30,1.5127999782562256,1.505568027496338,1.564736008644104,1.5304448088010152,0.02547308544260562,0.8253641426563263,8.950728923082352,2.0598359405994415,1.5574321150779724,13.393361121416092,584115552256,4194304,386.11552131914914,2772543667.5605264,2625634304,1735.6123358928894,0.39021275524926646,0.711644639056992,1009779712,1012924416,39.0,165.4,1740.0,1593.0,42.0,171.9,1635.0,1593.0,20260803,2026-08-11T06:56:46.088970+00:00
prefillq2048_b1_h524288_sparse_q8kv8_steady,full,prefill,sglang_sparse_q8kv8_fp8,steady,ok,,1,524288,2048,2048,64,576,512,10,30,1.6536320447921753,1.640895962715149,1.6793919801712036,1.658184536298116,0.014351295667435607,0.8638016879558563,8.885428309440613,3.2324306666851044,1.6907155513763428,14.672376215457916,584115552256,4194304,353.2318777297342,2536419158.790026,2625634304,1587.7983934025565,0.35698016950958483,0.6510372110180526,1160774656,1163919360,39.0,171.84,1740.0,1593.0,42.0,185.53,1650.0,1593.0,20260803,2026-08-11T06:56:46.303253+00:00
prefillq4096_b1_h2048_sparse_q8kv8_steady,full,prefill,sglang_sparse_q8kv8_fp8,steady,ok,,1,2048,4096,2048,64,576,512,10,30,2.3783040046691895,2.2066240310668945,2.3855679035186768,2.3338549296061197,0.10421320201971145,0.9721666574478149,16.208048909902573,1.4133602380752563,2.2213831543922424,20.814958959817886,1168231104512,8388608,491.2034383402955,3527138659.9573145,5251268608,2207.9888011332787,0.4964158042852911,0.905330851209935,1070990336,1090519040,42.0,177.25,1695.0,1593.0,44.0,192.02,1665.0,1593.0,20260803,2026-08-11T06:56:46.484351+00:00
prefillq4096_b1_h4096_sparse_q8kv8_steady,full,prefill,sglang_sparse_q8kv8_fp8,steady,ok,,1,4096,4096,2048,64,576,512,10,30,2.2434558868408203,2.1909120082855225,2.3863039016723633,2.3006922642389935,0.07210043650403286,1.054372638463974,16.518887132406235,1.477997750043869,2.2226162254810333,21.27387374639511,1168231104512,8388608,520.7283599220106,3739145507.252488,5251268608,2340.705087540058,0.5262540272076913,0.9597478611514713,1072169984,1090519040,39.0,191.86,1740.0,1593.0,44.0,202.8,1710.0,1593.0,20260803,2026-08-11T06:56:46.676715+00:00
prefillq4096_b1_h8192_sparse_q8kv8_steady,full,prefill,sglang_sparse_q8kv8_fp8,steady,ok,,1,8192,4096,2048,64,576,512,10,30,2.2819199562072754,2.1425280570983887,2.3243839740753174,2.266538651784261,0.06751410017479158,0.9677298367023468,16.15523174405098,1.4282949268817902,2.1858811378479004,20.737137645483017,1168231104512,8388608,511.9509566206209,3676118427.0207725,5251268608,2301.2501353150033,0.5173834831941596,0.943570340022731,1074529280,1090519040,40.0,200.8,1740.0,1593.0,44.0,213.87,1530.0,1593.0,20260803,2026-08-11T06:56:46.914494+00:00
prefillq4096_b1_h16384_sparse_q8kv8_steady,full,prefill,sglang_sparse_q8kv8_fp8,steady,ok,,1,16384,4096,2048,64,576,512,10,30,2.3625919818878174,2.176352024078369,2.4100160598754883,2.315066655476888,0.09092829856454754,0.9787864983081818,16.20776206254959,1.468755304813385,2.226404845714569,20.881708711385727,1168231104512,8388608,494.47010464266907,3550595305.6257834,5251268608,2222.67266132174,0.4997171345555018,0.9113516025999076,1080034304,1082130432,41.0,214.24,1695.0,1593.0,44.0,221.7,1650.0,1593.0,20260803,2026-08-11T06:56:47.120551+00:00
prefillq4096_b1_h32768_sparse_q8kv8_steady,full,prefill,sglang_sparse_q8kv8_fp8,steady,ok,,1,32768,4096,2048,64,576,512,10,30,2.4104321002960205,2.2296640872955322,2.440160036087036,2.362651737531026,0.07381713821132503,0.9745880961418152,16.288746148347855,1.568961888551712,2.277970314025879,21.11026644706726,1168231104512,8388608,484.65630057305157,3480126239.1791964,5251268608,2178.559025726177,0.4897991920899965,0.8932639043094099,1088685056,1092616192,40.0,219.48,1740.0,1593.0,42.0,227.61,1695.0,1593.0,20260803,2026-08-11T06:56:47.307684+00:00
prefillq4096_b1_h65536_sparse_q8kv8_steady,full,prefill,sglang_sparse_q8kv8_fp8,steady,ok,,1,65536,4096,2048,64,576,512,10,30,2.6055359840393066,2.352544069290161,2.6619200706481934,2.53634774684906,0.12452622343505347,1.02151557803154,16.69646054506302,1.7510652542114258,2.4054795503616333,21.874520927667618,1168231104512,8388608,448.3649858102963,3219532584.230643,5251268608,2015.4273977283826,0.45312277494724235,0.8263758405843119,1107559424,1111490560,40.0,203.26,1740.0,1593.0,44.0,223.6,1680.0,1593.0,20260803,2026-08-11T06:56:47.566963+00:00
prefillq4096_b1_h131072_sparse_q8kv8_steady,full,prefill,sglang_sparse_q8kv8_fp8,steady,ok,,1,131072,4096,2048,64,576,512,10,30,2.887968063354492,2.7073919773101807,2.9523520469665527,2.8765013456344604,0.07337006004856472,0.9912289679050446,16.527950763702393,2.0219609141349792,2.701934427022934,22.24307507276535,1168231104512,8388608,404.516628606707,2904674780.321598,5251268608,1818.3264124813204,0.40880912441304396,0.7455594874141998,1145308160,1149239296,41.0,205.25,1740.0,1593.0,44.0,220.49,1605.0,1593.0,20260803,2026-08-11T06:56:47.827379+00:00
prefillq4096_b1_h262144_sparse_q8kv8_steady,full,prefill,sglang_sparse_q8kv8_fp8,steady,ok,,1,262144,4096,2048,64,576,512,10,30,3.1470720767974854,2.9937920570373535,3.1907520294189453,3.1286794741948447,0.05911552915973616,0.9730085730552673,16.399379819631577,2.637069672346115,3.0500292778015137,23.059487342834473,1168231104512,8388608,371.2120587021356,2665527765.2669435,5251268608,1668.6203810571067,0.375151145732325,0.6841762554018904,1220805632,1224736768,44.0,212.28,1710.0,1593.0,44.0,223.94,1605.0,1593.0,20260803,2026-08-11T06:56:48.086719+00:00
prefillq4096_b1_h524288_sparse_q8kv8_steady,full,prefill,sglang_sparse_q8kv8_fp8,steady,ok,,1,524288,4096,2048,64,576,512,10,30,3.356703996658325,3.2807679176330566,3.3750720024108887,3.3473130544026692,0.0277528129160996,1.1308230459690094,16.653943806886673,3.896847367286682,3.3083148300647736,24.989929050207138,1168231104512,8388608,348.0292291709369,2499060986.119434,5251268608,1564.4121773107659,0.35172231346229094,0.6414482751909808,1371800576,1375731712,41.0,221.15,1725.0,1593.0,44.0,235.79,1680.0,1593.0,20260803,2026-08-11T06:56:48.316482+00:00
prefillq8192_b1_h2048_sparse_q8kv8_steady,full,prefill,sglang_sparse_q8kv8_fp8,steady,ok,,1,2048,8192,2048,64,576,512,10,30,4.749216079711914,4.551136016845703,4.7579522132873535,4.7149440288543705,0.08168169965299465,0.9352937340736389,31.6447950899601,2.6585161685943604,4.348084330558777,39.586689323186874,2336462209024,16777216,491.9679731998484,3532628484.0292425,10502537216,2211.4254310023057,0.4971884519452738,0.9067399557502399,1494877184,1509949440,44.0,235.79,1725.0,1593.0,45.0,256.95,1710.0,1593.0,20260803,2026-08-11T06:56:48.595052+00:00
prefillq8192_b1_h4096_sparse_q8kv8_steady,full,prefill,sglang_sparse_q8kv8_fp8,steady,ok,,1,4096,8192,2048,64,576,512,10,30,4.542367935180664,4.463359832763672,4.594848155975342,4.539993588129679,0.03697659788390763,0.9644404053688049,31.5278097987175,2.636019140481949,4.2754486203193665,39.40371796488762,2336462209024,16777216,514.3709717850215,3693495603.9250746,10502537216,2312.1282480570967,0.5198291781556559,0.9480306393971216,1496056832,1509949440,41.0,256.77,1740.0,1593.0,46.0,261.17,1680.0,1593.0,20260803,2026-08-11T06:56:48.915124+00:00
prefillq8192_b1_h8192_sparse_q8kv8_steady,full,prefill,sglang_sparse_q8kv8_fp8,steady,ok,,1,8192,8192,2048,64,576,512,10,30,4.761983871459961,4.388480186462402,4.767648220062256,4.673009093602499,0.13674453477117837,1.0095909237861633,31.76836296916008,2.6696287095546722,4.247304052114487,39.6948866546154,2336462209024,16777216,490.64891274141837,3523156829.772363,10502537216,2205.4961754374995,0.4958553943824339,0.9043088120846686,1498416128,1509949440,42.0,249.65,1725.0,1593.0,43.0,262.33,1695.0,1593.0,20260803,2026-08-11T06:56:49.232019+00:00
prefillq8192_b1_h16384_sparse_q8kv8_steady,full,prefill,sglang_sparse_q8kv8_fp8,steady,ok,,1,16384,8192,2048,64,576,512,10,30,4.513728141784668,4.434847831726074,4.772064208984375,4.567590427398682,0.11093294317897914,1.0571256279945374,31.903333961963654,2.6730410754680634,4.290685057640076,39.92418572306633,2336462209024,16777216,517.6346770632478,3716930987.643955,10502537216,2326.7987982651157,0.5231275159810488,0.9540459333608987,1503659008,1524629504,43.0,257.54,1740.0,1593.0,42.0,260.53,1740.0,1593.0,20260803,2026-08-11T06:56:49.555926+00:00
prefillq8192_b1_h32768_sparse_q8kv8_steady,full,prefill,sglang_sparse_q8kv8_fp8,steady,ok,,1,32768,8192,2048,64,576,512,10,30,4.678847789764404,4.627711772918701,4.7994561195373535,4.684773317972819,0.05373581778331342,6.696175783872604,36.12976521253586,3.1126178801059723,4.45917621254921,50.397735089063644,2336462209024,16777216,499.36700529889407,3585758022.883833,10502537216,2244.6845223252794,0.5046659982808429,0.9203770183306488,1512571904,1535115264,42.0,251.63,1740.0,1593.0,46.0,262.16,1620.0,1593.0,20260803,2026-08-11T06:56:49.948196+00:00
prefillq8192_b1_h65536_sparse_q8kv8_steady,full,prefill,sglang_sparse_q8kv8_fp8,steady,ok,,1,65536,8192,2048,64,576,512,10,30,5.268671989440918,4.948671817779541,5.279551982879639,5.183798376719157,0.11673619218408941,1.051880419254303,32.0846326649189,2.9293447732925415,4.639185965061188,40.70504382252693,2336462209024,16777216,443.46321306518314,3184334882.4188814,10502537216,1993.3936363942198,0.4481689874332321,0.8173414451680963,1531446272,1553989632,42.0,254.1,1710.0,1593.0,43.0,269.44,1665.0,1593.0,20260803,2026-08-11T06:56:50.311139+00:00
prefillq8192_b1_h131072_sparse_q8kv8_steady,full,prefill,sglang_sparse_q8kv8_fp8,steady,ok,,1,131072,8192,2048,64,576,512,10,30,5.893375873565674,5.590752124786377,5.967904090881348,5.820026652018229,0.1074306449247399,1.1012516915798187,32.1698859333992,3.219820559024811,5.3094662725925446,41.800424456596375,2336462209024,16777216,396.4556578690387,2846792120.498038,10502537216,1782.0918674317716,0.40066261533000375,0.7307024140920545,1569195008,1591738368,43.0,259.72,1725.0,1593.0,45.0,283.17,1575.0,1593.0,20260803,2026-08-11T06:56:50.655257+00:00
prefillq8192_b1_h262144_sparse_q8kv8_steady,full,prefill,sglang_sparse_q8kv8_fp8,steady,ok,,1,262144,8192,2048,64,576,512,10,30,6.400000095367432,6.291647911071777,6.421792030334473,6.375260845820109,0.04812250512767256,1.2021437287330627,32.0466123521328,3.876369446516037,6.014961749315262,43.14008727669716,2336462209024,16777216,365.07221472000015,2621439960.937501,10502537216,1641.0214155468755,0.3689461492875191,0.6728599865308407,1644692480,1667235840,42.0,283.23,1725.0,1593.0,45.0,296.3,1605.0,1593.0,20260803,2026-08-11T06:56:51.025921+00:00
prefillq8192_b1_h524288_sparse_q8kv8_steady,full,prefill,sglang_sparse_q8kv8_fp8,steady,ok,,1,524288,8192,2048,64,576,512,10,30,6.761280059814453,6.7412800788879395,6.79145622253418,6.763260809580485,0.017794131681479263,1.1089332401752472,32.52542018890381,5.0651393830776215,6.594497710466385,45.29399052262306,2336462209024,16777216,345.5650687967684,2481366819.829736,10502537216,1553.3356292134151,0.3492320048476689,0.6369066123382092,1795687424,1818230784,42.0,271.89,1740.0,1593.0,45.0,277.33,1650.0,1593.0,20260803,2026-08-11T06:56:51.420905+00:00
prefillq16384_b1_h2048_sparse_q8kv8_steady,full,prefill,sglang_sparse_q8kv8_fp8,steady,ok,,1,2048,16384,2048,64,576,512,10,30,9.048319816589355,8.91100788116455,9.541824340820312,9.101226743062337,0.17543277602447324,1.1997558176517487,63.12910094857216,5.085468292236328,8.610248565673828,78.02457362413406,4672924418048,33554432,516.4411197624308,3708360522.1911683,21005074432,2321.433686891671,0.5219212933425273,0.9518461029794839,2536916992,2764046336,42.0,260.96,1740.0,1593.0,44.0,280.26,1680.0,1593.0,20260803,2026-08-11T06:56:51.881801+00:00
prefillq16384_b1_h4096_sparse_q8kv8_steady,full,prefill,sglang_sparse_q8kv8_fp8,steady,ok,,1,4096,16384,2048,64,576,512,10,30,8.95571231842041,8.922271728515625,9.380736351013184,9.027204291025798,0.16207790601565406,1.3439580798149109,61.77863106131554,5.0511434674263,8.526012301445007,76.69974491000175,4672924418048,33554432,521.7814342290308,3746707219.5903516,21005074432,2345.43871946356,0.5273182761283788,0.9616887691019189,2538883072,2764046336,44.0,276.89,1740.0,1593.0,44.0,303.58,1710.0,1593.0,20260803,2026-08-11T06:56:52.448906+00:00
prefillq16384_b1_h8192_sparse_q8kv8_steady,full,prefill,sglang_sparse_q8kv8_fp8,steady,ok,,1,8192,16384,2048,64,576,512,10,30,8.962911605834961,8.932000160217285,9.385151863098145,9.022401110331218,0.14812272477735805,1.2678131461143494,62.41637095808983,5.089420825242996,8.540816605091095,77.31442153453827,4672924418048,33554432,521.3623232662331,3743697748.637359,21005074432,2343.554790646987,0.5268947178031664,0.9609163109815462,2540980224,2766143488,42.0,279.62,1740.0,1593.0,44.0,304.99,1680.0,1593.0,20260803,2026-08-11T06:56:53.056450+00:00
prefillq16384_b1_h16384_sparse_q8kv8_steady,full,prefill,sglang_sparse_q8kv8_fp8,steady,ok,,1,16384,16384,2048,64,576,512,10,30,9.022047996520996,9.015520095825195,9.166175842285156,9.062053298950195,0.0650202940756964,1.265551894903183,63.4709931910038,5.1428526639938354,8.613504469394684,78.4929022192955,4672924418048,33554432,517.9449743395217,3719159110.319405,21005074432,2328.1936030599477,0.5234411059520179,0.9546178383504207,2545174528,2770337792,44.0,289.99,1740.0,1593.0,49.0,316.2,1680.0,1593.0,20260803,2026-08-11T06:56:53.666279+00:00
prefillq16384_b1_h32768_sparse_q8kv8_steady,full,prefill,sglang_sparse_q8kv8_fp8,steady,ok,,1,32768,16384,2048,64,576,512,10,30,9.324095726013184,9.311264038085938,9.360320091247559,9.329355684916179,0.02428921004345402,1.2831538915634155,62.2098445892334,5.237400531768799,8.88090580701828,77.61130481958389,4672924418048,33554432,501.16649971868736,3598679484.4230194,21005074432,2252.77335724881,0.5064845878915486,0.923693643760478,2555660288,2780823552,44.0,293.72,1740.0,1593.0,49.0,317.25,1605.0,1593.0,20260803,2026-08-11T06:56:54.208647+00:00
prefillq16384_b1_h65536_sparse_q8kv8_steady,full,prefill,sglang_sparse_q8kv8_fp8,steady,ok,,1,65536,16384,2048,64,576,512,10,30,10.102911949157715,10.09216022491455,10.232383728027344,10.131041018168132,0.053033330786591275,1.2713558971881866,62.375396490097046,5.302947014570236,9.366203099489212,78.31590250134468,4672924418048,33554432,462.53243040859957,3321263430.668368,21005074432,2079.110907598398,0.4674405562492163,0.8524876787281764,2574534656,2799697920,44.0,304.14,1710.0,1593.0,48.0,328.9,1620.0,1593.0,20260803,2026-08-11T06:56:54.799337+00:00
prefillq16384_b1_h131072_sparse_q8kv8_steady,full,prefill,sglang_sparse_q8kv8_fp8,steady,ok,,1,131072,16384,2048,64,576,512,10,30,11.434623718261719,11.352160453796387,11.446016311645508,11.418124866485595,0.03261392531890273,1.3368241488933563,62.84819915890694,5.647245794534683,10.698556900024414,80.53082600235939,4672924418048,33554432,408.66446795141013,2934458782.9691095,21005074432,1836.9711981386627,0.413000978222749,0.753204317705515,2612283392,2837446656,48.0,320.92,1710.0,1593.0,48.0,326.89,1665.0,1593.0,20260803,2026-08-11T06:56:55.377589+00:00
prefillq16384_b1_h262144_sparse_q8kv8_steady,full,prefill,sglang_sparse_q8kv8_fp8,steady,ok,,1,262144,16384,2048,64,576,512,10,30,12.457152366638184,12.419103622436523,12.484416007995605,12.455699189503987,0.01973622765720303,1.3109557330608368,63.377559185028076,6.2807053327560425,12.0847187936306,83.05393904447556,4672924418048,33554432,375.119793072667,2693587668.5479884,21005074432,1686.1858805110405,0.3791003467131551,0.69137855124886,2687780864,2912944128,44.0,315.08,1725.0,1593.0,48.0,313.65,1725.0,1593.0,20260803,2026-08-11T06:56:56.011770+00:00
prefillq16384_b1_h524288_sparse_q8kv8_steady,full,prefill,sglang_sparse_q8kv8_fp8,steady,ok,,1,524288,16384,2048,64,576,512,10,30,13.335519790649414,13.3056640625,13.382464408874512,13.341631921132405,0.026960025483622037,1.3186298310756683,63.45357000827789,7.484201341867447,13.183120638132095,85.4395218193531,4672924418048,33554432,350.41186930895304,2516169787.661945,21005074432,1575.1222870763775,0.35413023679530375,0.6458396891264482,2838775808,3063939072,44.0,286.1,1740.0,1593.0,45.0,286.74,1710.0,1593.0,20260803,2026-08-11T06:56:56.738384+00:00
prefillq32768_b1_h2048_sparse_q8kv8_steady,full,prefill,sglang_sparse_q8kv8_fp8,steady,ok,,1,2048,32768,2048,64,576,512,10,30,17.982688903808594,17.931264877319336,18.25961685180664,18.074770164489745,0.14516828954188937,1.4517344534397125,124.04029443860054,9.8920539021492,17.035681754350662,152.41976454854012,9345848836096,67108864,519.7136471685623,3731859254.140067,42010148864,2336.143893091682,0.5252285469111291,0.9578776568957419,4804593664,5389680640,45.0,266.73,1740.0,1593.0,47.0,313.55,1680.0,1593.0,20260803,2026-08-11T06:56:57.554370+00:00
prefillq32768_b1_h4096_sparse_q8kv8_steady,full,prefill,sglang_sparse_q8kv8_fp8,steady,ok,,1,4096,32768,2048,64,576,512,10,30,17.963424682617188,17.935903549194336,18.168415069580078,18.030562019348146,0.09677814744396201,1.7464719712734222,125.8513554930687,9.92293655872345,17.184332013130188,154.70509603619576,9345848836096,67108864,520.2709951593904,3735861350.8113394,42010148864,2338.6492056078982,0.5257918091555234,0.9589048979359542,4804855808,5391777792,47.0,309.17,1725.0,1593.0,51.0,315.6,1665.0,1593.0,20260803,2026-08-11T06:56:58.552129+00:00
prefillq32768_b1_h8192_sparse_q8kv8_steady,full,prefill,sglang_sparse_q8kv8_fp8,steady,ok,,1,8192,32768,2048,64,576,512,10,30,18.157760620117188,18.148096084594727,18.213632583618164,18.168296559651694,0.04603018596130777,1.7666816711425781,123.99858236312866,10.00010222196579,17.235785722732544,153.00115197896957,9345848836096,67108864,514.7027230737709,3695877779.424481,42010148864,2313.6194899197253,0.5201644497966356,0.9486420860059815,4807215104,5393874944,46.0,313.05,1740.0,1593.0,48.0,317.76,1665.0,1593.0,20260803,2026-08-11T06:56:59.528177+00:00
prefillq32768_b1_h16384_sparse_q8kv8_steady,full,prefill,sglang_sparse_q8kv8_fp8,steady,ok,,1,16384,32768,2048,64,576,512,10,30,18.400896072387695,18.18604850769043,18.521503448486328,18.39755853017171,0.152553225405506,1.7380937933921814,125.19947066903114,9.976763278245926,17.28523150086403,154.19955924153328,9345848836096,67108864,507.90183257000945,3647043260.0672784,42010148864,2283.0490808021164,0.5132913921879833,0.9361074506427607,4812982272,5398069248,48.0,313.35,1740.0,1593.0,49.0,318.15,1560.0,1593.0,20260803,2026-08-11T06:57:00.555930+00:00
prefillq32768_b1_h32768_sparse_q8kv8_steady,full,prefill,sglang_sparse_q8kv8_fp8,steady,ok,,1,32768,32768,2048,64,576,512,10,30,19.02716827392578,19.002880096435547,19.660736083984375,19.092712783813475,0.21012728553954826,1.8276795744895935,124.23518300056458,10.170463472604752,17.827697098255157,154.06102314591408,9345848836096,67108864,491.18443173192776,3527002180.9794903,42010148864,2207.903365293161,0.4963965959898209,0.9052958203701869,4821370880,5406457856,46.0,311.52,1740.0,1593.0,48.0,325.95,1725.0,1593.0,20260803,2026-08-11T06:57:01.563635+00:00
prefillq32768_b1_h65536_sparse_q8kv8_steady,full,prefill,sglang_sparse_q8kv8_fp8,steady,ok,,1,65536,32768,2048,64,576,512,10,30,20.73276710510254,20.67510414123535,22.498624801635742,20.974601554870606,0.5703741535320144,1.728016883134842,124.2837980389595,10.281853377819061,18.924497067928314,155.21816536784172,9345848836096,67108864,450.7767240483733,3236850327.7830114,42010148864,2026.2683051921654,0.45556010515247425,0.8308208848603684,4840245248,5425332224,46.0,324.67,1740.0,1593.0,51.0,341.39,1560.0,1593.0,20260803,2026-08-11T06:57:02.703703+00:00
prefillq32768_b1_h131072_sparse_q8kv8_steady,full,prefill,sglang_sparse_q8kv8_fp8,steady,ok,,1,131072,32768,2048,64,576,512,10,30,23.002304077148438,22.962112426757812,24.7554874420166,23.482343419392905,0.758688495808128,1.806054264307022,124.17837604880333,10.626401752233505,21.713878959417343,158.3247110247612,9345848836096,67108864,406.30055166432663,2917484430.0345144,42010148864,1826.345253201606,0.4106119774273134,0.7488474134631394,4877993984,5463080960,47.0,340.83,1725.0,1593.0,48.0,345.85,1740.0,1593.0,20260803,2026-08-11T06:57:03.820663+00:00
prefillq32768_b1_h262144_sparse_q8kv8_steady,full,prefill,sglang_sparse_q8kv8_fp8,steady,ok,,1,262144,32768,2048,64,576,512,10,30,24.971168518066406,24.940671920776367,26.69046401977539,25.574922815958658,0.7759085399641927,1.7452947795391083,126.13844871520996,11.171333491802216,24.193014949560165,163.24809193611145,9345848836096,67108864,374.26557869466,2687453891.132382,42010148864,1682.3461358488712,0.37823706790769074,0.6898041595211273,4953491456,5538578432,47.0,321.58,1740.0,1593.0,51.0,362.29,1560.0,1593.0,20260803,2026-08-11T06:57:05.117827+00:00
prefillq32768_b1_h524288_sparse_q8kv8_steady,full,prefill,sglang_sparse_q8kv8_fp8,steady,ok,,1,524288,32768,2048,64,576,512,10,30,26.87126350402832,26.70217514038086,28.79475212097168,27.445189221700033,0.8174929637663425,1.8580704927444458,126.11182034015656,12.421917170286179,26.34444087743759,166.73624888062477,9345848836096,67108864,347.8008704240851,2497421231.790592,42010148864,1563.385691100911,0.3514915315048864,0.6410273900698034,5104486400,5689573376,48.0,333.23,1740.0,1593.0,49.0,337.76,1725.0,1593.0,20260803,2026-08-11T06:57:06.416840+00:00
prefillq2_b2_h2048_sparse_q8kv8_steady,full,prefill,sglang_sparse_q8kv8_fp8,steady,ok,,2,2048,2,2048,64,576,512,10,30,0.0724480003118515,0.0719040036201477,0.07427199929952621,0.07266453305880229,0.0007459816670761298,1.3969503343105316,1.279674470424652,0.31458213925361633,0.11806562542915344,3.1092725694179535,1140850688,8192,15.747166009955038,113074204.46026997,5128192,70.784451992129,0.01591426580086411,0.029023402719058768,283018240,291504128,48.0,320.01,1740.0,1593.0,48.0,300.85,1740.0,1593.0,20260803,2026-08-11T06:57:07.889996+00:00
prefillq2_b2_h4096_sparse_q8kv8_steady,full,prefill,sglang_sparse_q8kv8_fp8,steady,ok,,2,4096,2,2048,64,576,512,10,30,0.07286400347948074,0.07212799787521362,0.07427199929952621,0.07304959992567699,0.0008776555320067655,0.5253143608570099,1.0021589696407318,0.3955252468585968,0.12655556201934814,2.0495541393756866,1140850688,8192,15.657260561057084,112428628.7989508,5128192,70.38032162814321,0.01582340632749579,0.028857699122084336,297174016,312475648,48.0,273.3,1740.0,1593.0,47.0,255.72,1740.0,1593.0,20260803,2026-08-11T06:57:08.012794+00:00
prefillq2_b2_h8192_sparse_q8kv8_steady,full,prefill,sglang_sparse_q8kv8_fp8,steady,ok,,2,8192,2,2048,64,576,512,10,30,0.07228799909353256,0.07196799665689468,0.07379200309515,0.07258346651991208,0.0008970920991506892,0.5278848111629486,0.9959004819393158,0.49065425992012024,0.11923909187316895,2.1336786448955536,1140850688,8192,15.782020560893754,113324481.27939564,5128192,70.94112528090167,0.01594949020807858,0.029087642701532235,325485568,333447168,47.0,240.99,1755.0,1593.0,47.0,232.08,1755.0,1593.0,20260803,2026-08-11T06:57:08.180268+00:00
prefillq2_b2_h16384_sparse_q8kv8_steady,full,prefill,sglang_sparse_q8kv8_fp8,steady,ok,,2,16384,2,2048,64,576,512,10,30,0.07241600006818771,0.07161600142717361,0.07423999905586243,0.0726069338619709,0.0009346151874381062,0.5089528858661652,0.9996518492698669,0.5988515913486481,0.11697039008140564,2.224426716566086,1140850688,8192,15.754124598510858,113124171.34730338,5128192,70.8157312634119,0.015921298229925072,0.02903622800570934,382108672,392167424,47.0,216.78,1755.0,1593.0,47.0,202.4,1755.0,1593.0,20260803,2026-08-11T06:57:08.257189+00:00
prefillq2_b2_h32768_sparse_q8kv8_steady,full,prefill,sglang_sparse_q8kv8_fp8,steady,ok,,2,32768,2,2048,64,576,512,10,30,0.07254400104284286,0.07177600264549255,0.07398399710655212,0.07278506656487783,0.0008408035801544088,0.5531422793865204,0.9902343153953552,0.6806664168834686,0.12055039405822754,2.3445934057235718,1140850688,8192,15.726327078737206,112924568.29286252,5128192,70.69077975133195,0.01589320573899667,0.02898499474821579,495354880,505413632,47.0,180.5,1755.0,1593.0,47.0,153.85,1755.0,1593.0,20260803,2026-08-11T06:57:08.359542+00:00
prefillq2_b2_h65536_sparse_q8kv8_steady,full,prefill,sglang_sparse_q8kv8_fp8,steady,ok,,2,65536,2,2048,64,576,512,10,30,0.07254400104284286,0.0719359964132309,0.07407999783754349,0.07274880011876424,0.000806061654813617,0.5728974938392639,1.002248376607895,0.9457767009735107,0.12114644050598145,2.642069011926651,1140850688,8192,15.726327078737206,112924568.29286252,5128192,70.69077975133195,0.01589320573899667,0.02898499474821579,721835520,725614592,47.0,137.96,1755.0,1593.0,47.0,120.5,1755.0,1593.0,20260803,2026-08-11T06:57:08.510955+00:00
prefillq2_b2_h131072_sparse_q8kv8_steady,full,prefill,sglang_sparse_q8kv8_fp8,steady,ok,,2,131072,2,2048,64,576,512,10,30,0.0724480003118515,0.07203199714422226,0.07315199822187424,0.07260693286856015,0.0007607431893211009,0.597730278968811,1.0138079524040222,1.5591979026794434,0.1240558922290802,3.294792026281357,1140850688,8192,15.747166009955038,113074204.46026997,5128192,70.784451992129,0.01591426580086411,0.029023402719058768,797332992,801112064,47.0,107.19,1755.0,1593.0,47.0,88.7,1755.0,1593.0,20260803,2026-08-11T06:57:08.686180+00:00
prefillq2_b2_h262144_sparse_q8kv8_steady,full,prefill,sglang_sparse_q8kv8_fp8,steady,ok,,2,262144,2,2048,64,576,512,10,30,0.07251200079917908,0.07203199714422226,0.07382400333881378,0.07263786693414052,0.0006391965866640293,0.6338246166706085,1.020137220621109,2.8358735144138336,0.12429431080818176,4.614129662513733,1140850688,8192,15.733267258195912,112974402.99141136,5128192,70.72197627262351,0.015900219563613857,0.028997786105292057,948327936,952107008,47.0,87.65,1755.0,1593.0,47.0,88.59,1755.0,1593.0,20260803,2026-08-11T06:57:08.790848+00:00
prefillq2_b2_h524288_sparse_q8kv8_steady,full,prefill,sglang_sparse_q8kv8_fp8,steady,ok,,2,524288,2,2048,64,576,512,10,30,0.07257600128650665,0.0721919983625412,0.07433599978685379,0.07289600024620692,0.0012221875128260124,0.6994903087615967,1.0718852281570435,5.174461752176285,0.12520328164100647,7.071040570735931,1140850688,8192,15.719393019412701,112874777.54058982,5128192,70.65961074040922,0.015886198099457,0.028972214671081548,1250317824,1254096896,47.0,88.64,1755.0,1593.0,47.0,89.47,1755.0,1593.0,20260803,2026-08-11T06:57:08.915588+00:00
prefillq4_b2_h2048_sparse_q8kv8_steady,full,prefill,sglang_sparse_q8kv8_fp8,steady,ok,,2,2048,4,2048,64,576,512,10,30,0.07222399860620499,0.0716480016708374,0.07318399846553802,0.0724042663971583,0.0008077904403790571,0.6562061607837677,0.9971857070922852,0.3849305212497711,0.11701136827468872,2.1553337574005127,2281701376,16384,31.59201124325415,226849804.99809104,10256384,142.007977928805,0.03192724734032759,0.05822683678055768,283443200,293601280,47.0,89.59,1755.0,1593.0,47.0,89.62,1755.0,1593.0,20260803,2026-08-11T06:57:09.024604+00:00
prefillq4_b2_h4096_sparse_q8kv8_steady,full,prefill,sglang_sparse_q8kv8_fp8,steady,ok,,2,4096,4,2048,64,576,512,10,30,0.07248000055551529,0.07209599763154984,0.0737600028514862,0.07270826622843743,0.0009032746592756775,0.5361661314964294,1.0312534868717194,0.4905201494693756,0.11741742491722107,2.1753571927547455,2281701376,16384,31.480427131790027,226048563.3888875,10256384,141.50640068144358,0.03181447916300154,0.05802117751450154,297598976,314572800,47.0,89.63,1755.0,1593.0,47.0,89.69,1755.0,1593.0,20260803,2026-08-11T06:57:09.151488+00:00
prefillq4_b2_h8192_sparse_q8kv8_steady,full,prefill,sglang_sparse_q8kv8_fp8,steady,ok,,2,8192,4,2048,64,576,512,10,30,0.07251200079917908,0.07177600264549255,0.07475200295448303,0.0728501337269942,0.0010912797715064702,0.5168430507183075,1.001644879579544,0.6005726754665375,0.12010708451271057,2.2391676902770996,2281701376,16384,31.466534516391825,225948805.98282272,10256384,141.44395254524701,0.031800439127227714,0.057995572210584115,325910528,335544320,47.0,89.68,1755.0,1593.0,47.0,89.76,1755.0,1593.0,20260803,2026-08-11T06:57:09.256683+00:00
prefillq4_b2_h16384_sparse_q8kv8_steady,full,prefill,sglang_sparse_q8kv8_fp8,steady,ok,,2,16384,4,2048,64,576,512,10,30,0.07248000055551529,0.07187200337648392,0.07443200051784515,0.07272746612628302,0.000953719825558158,0.5272403359413147,1.0064542293548584,0.7035024464130402,0.11970847845077515,2.3569054901599884,2281701376,16384,31.480427131790027,226048563.3888875,10256384,141.50640068144358,0.03181447916300154,0.05802117751450154,382533632,394264576,47.0,89.73,1755.0,1593.0,47.0,89.85,1755.0,1593.0,20260803,2026-08-11T06:57:09.336829+00:00
prefillq4_b2_h32768_sparse_q8kv8_steady,full,prefill,sglang_sparse_q8kv8_fp8,steady,ok,,2,32768,4,2048,64,576,512,10,30,0.0724480003118515,0.07196799665689468,0.07369600236415863,0.07267413288354874,0.0008150872398632132,0.5181431770324707,1.009371131658554,0.7796101272106171,0.12279301881790161,2.4299174547195435,2281701376,16384,31.494332019910075,226148408.92053995,10256384,141.568903984258,0.03182853160172822,0.058046805438117535,495779840,507510784,47.0,89.83,1755.0,1593.0,47.0,90.01,1755.0,1593.0,20260803,2026-08-11T06:57:09.460389+00:00
prefillq4_b2_h65536_sparse_q8kv8_steady,full,prefill,sglang_sparse_q8kv8_fp8,steady,ok,,2,65536,4,2048,64,576,512,10,30,0.07248000055551529,0.0719040036201477,0.07382400333881378,0.07265600015719732,0.0006994158203079156,0.5189403891563416,0.9976588189601898,1.041024923324585,0.12390315532684326,2.6815272867679596,2281701376,16384,31.480427131790027,226048563.3888875,10256384,141.50640068144358,0.03181447916300154,0.05802117751450154,722249216,727711744,47.0,90.0,1755.0,1593.0,47.0,89.89,1755.0,1593.0,20260803,2026-08-11T06:57:09.562431+00:00
prefillq4_b2_h131072_sparse_q8kv8_steady,full,prefill,sglang_sparse_q8kv8_fp8,steady,ok,,2,131072,4,2048,64,576,512,10,30,0.07257600128650665,0.0721919983625412,0.07689599692821503,0.0732032005985578,0.0021457124898630734,0.5994364619255066,1.0085701942443848,1.6577094793319702,0.12584030628204346,3.391556441783905,2281701376,16384,31.438786038825402,225749555.08117965,10256384,141.31922148081844,0.031772396198914,0.057944429342163095,797746688,803209216,47.0,89.91,1755.0,1593.0,47.0,89.96,1755.0,1593.0,20260803,2026-08-11T06:57:09.639486+00:00
prefillq4_b2_h262144_sparse_q8kv8_steady,full,prefill,sglang_sparse_q8kv8_fp8,steady,ok,,2,262144,4,2048,64,576,512,10,30,0.07251200079917908,0.07187200337648392,0.07468800246715546,0.07261653418342272,0.0007395597766388784,0.6121285259723663,1.0013319551944733,2.9182694852352142,0.12497231364250183,4.656702280044556,2281701376,16384,31.466534516391825,225948805.98282272,10256384,141.44395254524701,0.031800439127227714,0.057995572210584115,948741632,954204160,46.0,89.92,1755.0,1593.0,46.0,89.54,1755.0,1593.0,20260803,2026-08-11T06:57:09.820232+00:00
prefillq4_b2_h524288_sparse_q8kv8_steady,full,prefill,sglang_sparse_q8kv8_fp8,steady,ok,,2,524288,4,2048,64,576,512,10,30,0.07280000299215317,0.0721919983625412,0.0735040009021759,0.07289600074291229,0.0007499207498842277,2.0798854529857635,1.02899968624115,32.86395221948624,0.12695416808128357,36.099791526794434,2281701376,16384,31.34205057994209,225054935.80496103,10256384,140.8843898139056,0.03167463423945638,0.05776613744007681,1250731520,1256194048,46.0,88.66,1755.0,1593.0,46.0,90.12,1755.0,1593.0,20260803,2026-08-11T06:57:09.950488+00:00
prefillq8_b2_h2048_sparse_q8kv8_steady,full,prefill,sglang_sparse_q8kv8_fp8,steady,ok,,2,2048,8,2048,64,576,512,10,30,0.07148800045251846,0.07088000327348709,0.07295999675989151,0.0716629333794117,0.0009051615563998493,0.6495751440525055,1.01437047123909,0.3946460783481598,0.11876970529556274,2.177361398935318,4563402752,32768,63.8345277964651,458370632.72967243,20512768,286.94001608877494,0.064511902775609,0.1176526116792394,284294144,293601280,46.0,90.23,1755.0,1593.0,46.0,90.22,1755.0,1593.0,20260803,2026-08-11T06:57:10.141060+00:00
prefillq8_b2_h4096_sparse_q8kv8_steady,full,prefill,sglang_sparse_q8kv8_fp8,steady,ok,,2,4096,8,2048,64,576,512,10,30,0.07206399738788605,0.07142399996519089,0.07311999797821045,0.07233706613381703,0.0008745126551547925,0.5415230989456177,1.0075755417346954,0.4975646734237671,0.11821463704109192,2.164877951145172,4563402752,32768,63.3243078015418,454706943.6576703,20512768,284.6465467297016,0.06399626862207357,0.11671223165285156,298449920,314572800,46.0,90.17,1755.0,1593.0,46.0,90.2,1755.0,1593.0,20260803,2026-08-11T06:57:10.268179+00:00
prefillq8_b2_h8192_sparse_q8kv8_steady,full,prefill,sglang_sparse_q8kv8_fp8,steady,ok,,2,8192,8,2048,64,576,512,10,30,0.07209599763154984,0.07155200093984604,0.07340800017118454,0.07238613367080689,0.000988481235489931,0.5639940500259399,0.9930208325386047,0.6137564778327942,0.11848285794258118,2.28925421833992,4563402752,32768,63.29620092534812,454505119.23647255,20512768,284.5202046420318,0.06396786349201426,0.11666042822444875,326761472,335544320,46.0,90.18,1755.0,1593.0,46.0,90.33,1755.0,1593.0,20260803,2026-08-11T06:57:10.369047+00:00
prefillq8_b2_h16384_sparse_q8kv8_steady,full,prefill,sglang_sparse_q8kv8_fp8,steady,ok,,2,16384,8,2048,64,576,512,10,30,0.07206399738788605,0.07161600142717361,0.07311999797821045,0.07246186683575312,0.0019289339675188767,0.552300363779068,1.002814620733261,0.7287710905075073,0.12075528502464294,2.4046413600444794,4563402752,32768,63.3243078015418,454706943.6576703,20512768,284.6465467297016,0.06399626862207357,0.11671223165285156,383384576,394264576,46.0,90.29,1755.0,1593.0,46.0,90.4,1755.0,1593.0,20260803,2026-08-11T06:57:10.471102+00:00
prefillq8_b2_h32768_sparse_q8kv8_steady,full,prefill,sglang_sparse_q8kv8_fp8,steady,ok,,2,32768,8,2048,64,576,512,10,30,0.07241600006818771,0.07148800045251846,0.07427199929952621,0.07252266655365626,0.0008213191673939916,0.5205608904361725,1.0001398622989655,0.8588321506977081,0.1296810805797577,2.5092139840126038,4563402752,32768,63.01649839404343,452496685.3892135,20512768,283.2629250536476,0.06368519291970029,0.11614491202283736,496630784,528482304,46.0,90.36,1755.0,1593.0,46.0,90.43,1755.0,1593.0,20260803,2026-08-11T06:57:10.580172+00:00
prefillq8_b2_h65536_sparse_q8kv8_steady,full,prefill,sglang_sparse_q8kv8_fp8,steady,ok,,2,65536,8,2048,64,576,512,10,30,0.07235199958086014,0.07168000191450119,0.07347200065851212,0.07256213302413622,0.0007783598942810397,0.5463138222694397,1.010015606880188,1.1473335325717926,0.12518838047981262,2.828851342201233,4563402752,32768,63.07224096688537,452896950.876647,20512768,283.513491248781,0.06374152700038946,0.11624765045457582,723077120,748683264,46.0,90.43,1755.0,1593.0,46.0,90.57,1755.0,1593.0,20260803,2026-08-11T06:57:10.663090+00:00
prefillq8_b2_h131072_sparse_q8kv8_steady,full,prefill,sglang_sparse_q8kv8_fp8,steady,ok,,2,131072,8,2048,64,576,512,10,30,0.07398399710655212,0.07327999919652939,0.07542400062084198,0.07413440023859343,0.0008411862701879347,0.6001777946949005,1.0029040277004242,1.7581954598426819,0.14005601406097412,3.5013332962989807,4563402752,32768,61.68094358875696,442906591.7161432,20512768,277.2595264143056,0.06233546598156338,0.11368336783496898,798574592,824180736,46.0,90.41,1755.0,1593.0,46.0,90.78,1755.0,1593.0,20260803,2026-08-11T06:57:10.746369+00:00
prefillq8_b2_h262144_sparse_q8kv8_steady,full,prefill,sglang_sparse_q8kv8_fp8,steady,ok,,2,262144,8,2048,64,576,512,10,30,0.0737600028514862,0.07302399724721909,0.0751039981842041,0.07396373351414999,0.0008560419466659946,0.6274767220020294,1.0074712336063385,3.0047819018363953,0.12639909982681274,4.766128957271576,4563402752,32768,61.86825617656617,444251609.7237346,20512768,278.10150768705785,0.06252476622189608,0.11402860129900301,949569536,975175680,46.0,90.6,1755.0,1593.0,46.0,91.38,1755.0,1593.0,20260803,2026-08-11T06:57:10.853319+00:00
prefillq8_b2_h524288_sparse_q8kv8_steady,full,prefill,sglang_sparse_q8kv8_fp8,steady,ok,,2,524288,8,2048,64,576,512,10,30,0.07481600344181061,0.07430399954319,0.07852800190448761,0.07520533353090286,0.001162091799729168,0.6940476596355438,1.034613698720932,5.3341202437877655,0.1303441822528839,7.193125784397125,4563402752,32768,60.99500831462165,437981160.3474096,20512768,274.17620637747837,0.06164225196020379,0.11241912919749912,1251559424,1277165568,46.0,91.49,1755.0,1593.0,46.0,91.29,1755.0,1593.0,20260803,2026-08-11T06:57:10.942791+00:00
prefillq16_b2_h2048_sparse_q8kv8_steady,full,prefill,sglang_sparse_q8kv8_fp8,steady,ok,,2,2048,16,2048,64,576,512,10,30,0.07014399766921997,0.06963200122117996,0.07168000191450119,0.07028479998310407,0.0007717068023995791,0.6964355707168579,1.186080276966095,0.2555660903453827,0.11688098311424255,2.254962921142578,9126805504,65536,130.11527439652835,934306600.3886743,41025536,584.87593184331,0.13149598220973052,0.23981381832921067,285996032,293601280,46.0,90.83,1755.0,1593.0,46.0,91.02,1755.0,1593.0,20260803,2026-08-11T06:57:11.095401+00:00
prefillq16_b2_h4096_sparse_q8kv8_steady,full,prefill,sglang_sparse_q8kv8_fp8,steady,ok,,2,4096,16,2048,64,576,512,10,30,0.07020799815654755,0.06982400268316269,0.07196799665689468,0.0705802654226621,0.0013611226341200306,0.5346536636352539,1.16637721657753,0.4062242805957794,0.118255615234375,2.2255107760429382,9126805504,65536,129.9966633950927,933454901.4468398,41025536,584.3427683057218,0.1313761125771528,0.2395952078910276,300151808,314572800,46.0,90.89,1755.0,1593.0,46.0,91.02,1755.0,1593.0,20260803,2026-08-11T06:57:11.224416+00:00
prefillq16_b2_h8192_sparse_q8kv8_steady,full,prefill,sglang_sparse_q8kv8_fp8,steady,ok,,2,8192,16,2048,64,576,512,10,30,0.07043199986219406,0.07001599669456482,0.07228799909353256,0.07071146617333095,0.000854463883156213,0.5375631153583527,1.168370246887207,0.5856640636920929,0.11643022298812866,2.4080276489257812,9126805504,65536,129.58322242528024,930486144.482998,41025536,582.4843264463568,0.13095828441160207,0.23883320006308958,328463360,356515840,46.0,90.92,1755.0,1593.0,46.0,91.35,1755.0,1593.0,20260803,2026-08-11T06:57:11.352322+00:00
prefillq16_b2_h16384_sparse_q8kv8_steady,full,prefill,sglang_sparse_q8kv8_fp8,steady,ok,,2,16384,16,2048,64,576,512,10,30,0.07052800059318542,0.06985600292682648,0.07494399696588516,0.0707658663392067,0.0011913764301492353,0.6453953683376312,1.1886358261108398,0.6091371178627014,0.12025237083435059,2.563420683145523,9126805504,65536,129.40683738710513,929219592.9106239,41025536,581.6914651620506,0.1307800276777212,0.2385081070277246,385985536,415236096,46.0,91.15,1755.0,1593.0,46.0,91.28,1755.0,1593.0,20260803,2026-08-11T06:57:11.438454+00:00
prefillq16_b2_h32768_sparse_q8kv8_steady,full,prefill,sglang_sparse_q8kv8_fp8,steady,ok,,2,32768,16,2048,64,576,512,10,30,0.07222399860620499,0.0716480016708374,0.0756480023264885,0.0726602666079998,0.0017037801183170853,0.625215470790863,1.1600703001022339,0.660531222820282,0.12349337339401245,2.5693103671073914,9126805504,65536,126.3680449730166,907399219.9923642,41025536,568.03191171522,0.12770898936131037,0.2329073471222307,499231744,528482304,46.0,91.08,1755.0,1593.0,46.0,91.36,1755.0,1593.0,20260803,2026-08-11T06:57:11.526962+00:00
prefillq16_b2_h65536_sparse_q8kv8_steady,full,prefill,sglang_sparse_q8kv8_fp8,steady,ok,,2,65536,16,2048,64,576,512,10,30,0.07446400076150894,0.07398399710655212,0.07587199658155441,0.07469973241289457,0.0008893649638727737,0.6325207650661469,1.1653974652290344,0.9443685412406921,0.1257285475730896,2.868015319108963,9126805504,65536,122.56668202976441,880103128.0859691,41025536,550.9445581818167,0.12386728855964063,0.22590110310895445,725632000,748683264,46.0,91.19,1755.0,1593.0,46.0,91.68,1755.0,1593.0,20260803,2026-08-11T06:57:11.635178+00:00
prefillq16_b2_h131072_sparse_q8kv8_steady,full,prefill,sglang_sparse_q8kv8_fp8,steady,ok,,2,131072,16,2048,64,576,512,10,30,0.07708799839019775,0.07664000242948532,0.08131200075149536,0.07744320034980774,0.0011434155326101188,0.6850510835647583,1.1455565690994263,1.5605278313159943,0.12822821736335754,3.5193637013435364,9126805504,65536,118.39463593026089,850145306.2547456,41025536,532.1909617154707,0.11965097112709538,0.2182116576537011,801129472,824180736,46.0,91.59,1755.0,1593.0,46.0,92.39,1755.0,1593.0,20260803,2026-08-11T06:57:11.732846+00:00
prefillq16_b2_h262144_sparse_q8kv8_steady,full,prefill,sglang_sparse_q8kv8_fp8,steady,ok,,2,262144,16,2048,64,576,512,10,30,0.07968000322580338,0.07878399640321732,0.08134400099515915,0.07982080007592837,0.0010310958987551522,0.7164329290390015,3.1052343547344208,2.826746553182602,0.134151428937912,6.782565265893936,9126805504,65536,114.54323712984487,822489926.5412804,41025536,514.8786940148416,0.11575870351677096,0.21111319318425253,952124416,975175680,46.0,92.09,1755.0,1593.0,46.0,93.01,1755.0,1593.0,20260803,2026-08-11T06:57:11.815375+00:00
prefillq16_b2_h524288_sparse_q8kv8_steady,full,prefill,sglang_sparse_q8kv8_fp8,steady,ok,,2,524288,16,2048,64,576,512,10,30,0.07983999699354172,0.07894399762153625,0.08195199817419052,0.08005226676662763,0.0010815325305990305,0.7429756224155426,1.247212290763855,5.111042410135269,0.13381615281105042,7.235046476125717,9126805504,65536,114.31370049698613,820841714.2763824,41025536,513.8469131370155,0.11552673117431646,0.21069013711625753,1254114304,1277165568,46.0,92.15,1755.0,1593.0,46.0,92.75,1755.0,1593.0,20260803,2026-08-11T06:57:11.899732+00:00
prefillq32_b2_h2048_sparse_q8kv8_steady,full,prefill,sglang_sparse_q8kv8_fp8,steady,ok,,2,2048,32,2048,64,576,512,10,30,0.0708480030298233,0.07023999840021133,0.07264000177383423,0.07115946660439174,0.0014016811836269198,0.6401762366294861,1.3361647725105286,0.26226043701171875,0.11926144361495972,2.357862889766693,18253611008,131072,257.64467913536225,1850045088.0009353,82051072,1158.1282250885854,0.2603786550129987,0.4748616529628907,289440768,295698432,46.0,93.04,1755.0,1593.0,46.0,92.41,1755.0,1593.0,20260803,2026-08-11T06:57:11.990258+00:00
prefillq32_b2_h4096_sparse_q8kv8_steady,full,prefill,sglang_sparse_q8kv8_fp8,steady,ok,,2,4096,32,2048,64,576,512,10,30,0.07107199728488922,0.07030399888753891,0.07235199958086014,0.07122986589868864,0.0011207601309557484,0.5306042730808258,1.2825950980186462,0.37298351526260376,0.12131407856941223,2.307496964931488,18253611008,131072,256.83267257610817,1844214388.3279824,82051072,1154.4782070933172,0.2595580319111755,0.4733650539326366,303707136,316669952,46.0,92.47,1755.0,1593.0,46.0,93.04,1755.0,1593.0,20260803,2026-08-11T06:57:12.069607+00:00
prefillq32_b2_h8192_sparse_q8kv8_steady,full,prefill,sglang_sparse_q8kv8_fp8,steady,ok,,2,8192,32,2048,64,576,512,10,30,0.07110399752855301,0.07043199986219406,0.07305599749088287,0.0713557335237662,0.0012923071645031237,0.5408227443695068,1.2543685734272003,0.5711279809474945,0.13460591435432434,2.500925213098526,18253611008,131072,256.71708543067433,1843384402.5065656,82051072,1153.9586359691102,0.2594412182220054,0.47315201672524626,331867136,358612992,46.0,92.93,1755.0,1593.0,46.0,93.43,1755.0,1593.0,20260803,2026-08-11T06:57:12.154109+00:00
prefillq32_b2_h16384_sparse_q8kv8_steady,full,prefill,sglang_sparse_q8kv8_fp8,steady,ok,,2,16384,32,2048,64,576,512,10,30,0.07171200215816498,0.07100799679756165,0.07347200065851212,0.07196906680862108,0.0011913430878270688,0.6205961108207703,1.2635588645935059,0.5833134055137634,0.12388080358505249,2.591349184513092,18253611008,131072,254.54052959978165,1827755411.303579,82051072,1144.1748874760406,0.2572415660432356,0.46914043417251405,388490240,417333248,46.0,93.41,1755.0,1593.0,46.0,93.88,1755.0,1593.0,20260803,2026-08-11T06:57:12.253316+00:00
prefillq32_b2_h32768_sparse_q8kv8_steady,full,prefill,sglang_sparse_q8kv8_fp8,steady,ok,,2,32768,32,2048,64,576,512,10,30,0.07782399654388428,0.07727999985218048,0.07977599650621414,0.07815786649783453,0.0012335761570835403,0.6355121731758118,1.2705549597740173,0.6664358079433441,0.1313723623752594,2.7038753032684326,18253611008,131072,234.54990515305838,1684210601.1105409,82051072,1054.3158362951986,0.23703881268626414,0.4322959668216318,501736448,530579456,46.0,93.58,1755.0,1593.0,46.0,94.13,1755.0,1593.0,20260803,2026-08-11T06:57:12.404449+00:00
prefillq32_b2_h65536_sparse_q8kv8_steady,full,prefill,sglang_sparse_q8kv8_fp8,steady,ok,,2,65536,32,2048,64,576,512,10,30,0.08505599945783615,0.08364800363779068,0.08700799942016602,0.08525439972678821,0.0013107346912002453,0.6468258798122406,1.2775510549545288,0.9552128612995148,0.14115124940872192,3.020741045475006,18253611008,131072,214.60697804213865,1541008286.7226179,82051072,964.6711874883589,0.21688426280155498,0.3955394098277482,728044544,750780416,46.0,93.89,1755.0,1593.0,46.0,94.62,1755.0,1593.0,20260803,2026-08-11T06:57:12.508039+00:00
prefillq32_b2_h131072_sparse_q8kv8_steady,full,prefill,sglang_sparse_q8kv8_fp8,steady,ok,,2,131072,32,2048,64,576,512,10,30,0.08879999816417694,0.08752000331878662,0.0926399976015091,0.08908480008443197,0.001725338344377294,0.6713606417179108,1.250293105840683,1.5508085489273071,0.14465674757957458,3.6171190440654755,18253611008,131072,205.55868677217768,1476036066.551138,82051072,923.9985776610123,0.20773995631346912,0.3788626185066049,803542016,826277888,46.0,94.29,1755.0,1593.0,46.0,95.68,1755.0,1593.0,20260803,2026-08-11T06:57:12.589903+00:00
prefillq32_b2_h262144_sparse_q8kv8_steady,full,prefill,sglang_sparse_q8kv8_fp8,steady,ok,,2,262144,32,2048,64,576,512,10,30,0.09324800223112106,0.09177599847316742,0.09865599870681763,0.0937301330268383,0.0017744649625629086,0.7197372615337372,1.3225823640823364,2.810657024383545,0.14582648873329163,4.99880313873291,18253611008,131072,195.75337349058987,1405627969.113266,82051072,879.9231086649046,0.19783059473531062,0.3607905694802499,954536960,977272832,46.0,95.22,1755.0,1593.0,46.0,96.96,1755.0,1593.0,20260803,2026-08-11T06:57:12.695211+00:00
prefillq32_b2_h524288_sparse_q8kv8_steady,full,prefill,sglang_sparse_q8kv8_fp8,steady,ok,,2,524288,32,2048,64,576,512,10,30,0.09567999839782715,0.09455999732017517,0.0976639986038208,0.09584639941652616,0.0013148168815438413,0.7906407117843628,1.317497342824936,5.124296993017197,0.1498199999332428,7.382255047559738,18253611008,131072,190.77771021800658,1369899688.4909708,82051072,857.5572049953478,0.19280213261041595,0.3516199873664066,1256526848,1279262720,46.0,96.17,1755.0,1593.0,46.0,97.24,1755.0,1593.0,20260803,2026-08-11T06:57:12.780429+00:00
prefillq64_b2_h2048_sparse_q8kv8_steady,full,prefill,sglang_sparse_q8kv8_fp8,steady,ok,,2,2048,64,2048,64,576,512,10,30,0.13737599551677704,0.1348160058259964,0.13916799426078796,0.1374069313208262,0.0016776360409601527,0.6401240825653076,1.4841742813587189,0.35546720027923584,0.18189847469329834,2.6616640388965607,36507222016,262144,265.7467331076888,1908222750.3711567,164102144,1194.547441732344,0.2685666832821514,0.48979444627577795,308347904,316669952,46.0,96.67,1755.0,1593.0,46.0,97.41,1755.0,1593.0,20260803,2026-08-11T06:57:12.868555+00:00
prefillq64_b2_h4096_sparse_q8kv8_steady,full,prefill,sglang_sparse_q8kv8_fp8,steady,ok,,2,4096,64,2048,64,576,512,10,30,0.13686400651931763,0.1340160071849823,0.1391039937734604,0.13691306660572689,0.0014487368380449435,0.5378350615501404,1.4330558478832245,0.4810318350791931,0.18474087119102478,2.6366636157035828,36507222016,262144,266.7408542570117,1915361143.2747276,164102144,1199.0160756899795,0.2695713534684302,0.4916266984061036,310363136,337641472,46.0,96.54,1755.0,1593.0,46.0,97.66,1755.0,1593.0,20260803,2026-08-11T06:57:12.951309+00:00
prefillq64_b2_h8192_sparse_q8kv8_steady,full,prefill,sglang_sparse_q8kv8_fp8,steady,ok,,2,8192,64,2048,64,576,512,10,30,0.13785600662231445,0.13449600338935852,0.14137600362300873,0.13772693326075872,0.0018074102523792978,0.6253644824028015,1.4449022710323334,0.47156959772109985,0.18458068370819092,2.7264170348644257,36507222016,262144,264.82140974835585,1901578367.3336675,164102144,1190.388057950876,0.26763154092810093,0.4880889944829732,338674688,358612992,46.0,97.14,1755.0,1593.0,46.0,97.99,1755.0,1593.0,20260803,2026-08-11T06:57:13.037645+00:00
prefillq64_b2_h16384_sparse_q8kv8_steady,full,prefill,sglang_sparse_q8kv8_fp8,steady,ok,,2,16384,64,2048,64,576,512,10,30,0.14243200421333313,0.13891200721263885,0.14662399888038635,0.1426165332396825,0.0032281912619781055,0.6156265735626221,1.4976449310779572,0.5992874503135681,0.18974393606185913,2.9023028910160065,36507222016,262144,256.31333503753746,1840485229.761729,164102144,1152.1437538308423,0.2590331834639085,0.4724078694767457,395297792,417333248,46.0,97.64,1755.0,1593.0,46.0,97.79,1755.0,1593.0,20260803,2026-08-11T06:57:13.143328+00:00
prefillq64_b2_h32768_sparse_q8kv8_steady,full,prefill,sglang_sparse_q8kv8_fp8,steady,ok,,2,32768,64,2048,64,576,512,10,30,0.15107199549674988,0.14867199957370758,0.1563200056552887,0.1518527999520302,0.00311345050557592,0.6335899233818054,1.5075057744979858,0.742446631193161,0.19574537873268127,3.0792877078056335,36507222016,262144,241.65446346265682,1735225639.523903,164102144,1086.2512503419632,0.24421876044735405,0.44539028848117085,508544000,551550976,46.0,97.86,1755.0,1593.0,46.0,98.61,1755.0,1593.0,20260803,2026-08-11T06:57:13.248514+00:00
prefillq64_b2_h65536_sparse_q8kv8_steady,full,prefill,sglang_sparse_q8kv8_fp8,steady,ok,,2,65536,64,2048,64,576,512,10,30,0.1599999964237213,0.1560640037059784,0.1615999937057495,0.15970560014247895,0.0014890472443728686,0.6322190165519714,1.4596693217754364,1.0329149663448334,0.20961463451385498,3.334417939186096,36507222016,262144,228.17014270000013,1638400036.6210947,164102144,1025.6384229248051,0.23059135189489655,0.4205375072480181,734667776,771751936,46.0,98.73,1755.0,1593.0,46.0,99.49,1755.0,1593.0,20260803,2026-08-11T06:57:13.356578+00:00
prefillq64_b2_h131072_sparse_q8kv8_steady,full,prefill,sglang_sparse_q8kv8_fp8,steady,ok,,2,131072,64,2048,64,576,512,10,30,0.16604800522327423,0.16256000101566315,0.16857600212097168,0.16623466610908508,0.0019012621919972535,0.6913542747497559,1.4245323836803436,1.6486160457134247,0.21775811910629272,3.982260823249817,36507222016,262144,219.85944345980582,1578724174.659681,164102144,988.2813333369603,0.22219246433532674,0.4052201624780036,810165248,847249408,45.0,99.49,1755.0,1593.0,45.0,100.63,1755.0,1593.0,20260803,2026-08-11T06:57:13.511586+00:00
prefillq64_b2_h262144_sparse_q8kv8_steady,full,prefill,sglang_sparse_q8kv8_fp8,steady,ok,,2,262144,64,2048,64,576,512,10,30,0.1751679927110672,0.17267200350761414,0.1777919977903366,0.17527679999669393,0.001633956978302755,0.6706416606903076,1.4872066676616669,2.8963088989257812,0.22385641932487488,5.278013646602631,36507222016,262144,208.41262979029074,1496529108.6733882,164102144,936.8272220295412,0.21062418371934385,0.3841226848258129,961160192,998244352,45.0,99.47,1755.0,1593.0,46.0,99.49,1755.0,1593.0,20260803,2026-08-11T06:57:13.620925+00:00
prefillq64_b2_h524288_sparse_q8kv8_steady,full,prefill,sglang_sparse_q8kv8_fp8,steady,ok,,2,524288,64,2048,64,576,512,10,30,0.17824000120162964,0.1759680062532425,0.1820800006389618,0.17832106699546177,0.0017222372469735412,0.7792860269546509,1.532822847366333,5.185570567846298,0.230543315410614,7.728222757577896,36507222016,262144,204.8205889243801,1470736076.2607715,164102144,920.680783739243,0.20699402619947457,0.377502239688654,1263150080,1300234240,46.0,98.88,1755.0,1593.0,46.0,99.82,1755.0,1593.0,20260803,2026-08-11T06:57:13.750610+00:00
prefillq128_b2_h2048_sparse_q8kv8_steady,full,prefill,sglang_sparse_q8kv8_fp8,steady,ok,,2,2048,128,2048,64,576,512,10,30,0.1958719938993454,0.19433599710464478,0.19782400131225586,0.1959957331418991,0.0012171420063809733,0.7617510855197906,1.7239563167095184,0.5516111850738525,0.24483352899551392,3.2821521162986755,73014444032,524288,372.7661243369005,2676686899.248194,328204288,1675.6059989293694,0.3767217022101066,0.6870405341388465,344474624,371195904,45.0,99.62,1755.0,1593.0,46.0,99.3,1755.0,1593.0,20260803,2026-08-11T06:57:13.935320+00:00
prefillq128_b2_h4096_sparse_q8kv8_steady,full,prefill,sglang_sparse_q8kv8_fp8,steady,ok,,2,4096,128,2048,64,576,512,10,30,0.19679999351501465,0.19439999759197235,0.20175999402999878,0.19696213354667028,0.002211628093869562,0.6434880197048187,1.699507236480713,0.6043910980224609,0.24658069014549255,3.193967044353485,73014444032,524288,371.00836604666574,2664065128.4371104,328204288,1667.704770401631,0.37494529160855555,0.6838008320421012,346833920,371195904,45.0,98.52,1755.0,1593.0,45.0,99.39,1755.0,1593.0,20260803,2026-08-11T06:57:14.091408+00:00
prefillq128_b2_h8192_sparse_q8kv8_steady,full,prefill,sglang_sparse_q8kv8_fp8,steady,ok,,2,8192,128,2048,64,576,512,10,30,0.1998399943113327,0.19811199605464935,0.20652799308300018,0.2020896002650261,0.009346141893507806,0.6042085587978363,1.6709305346012115,0.6459616124629974,0.24901330471038818,3.1701140105724335,73014444032,524288,365.364522169922,2623538905.7467976,328204288,1642.3353549974952,0.3692415585345346,0.6733987346987015,352289792,392167424,45.0,98.93,1755.0,1593.0,45.0,100.42,1755.0,1593.0,20260803,2026-08-11T06:57:14.224482+00:00
prefillq128_b2_h16384_sparse_q8kv8_steady,full,prefill,sglang_sparse_q8kv8_fp8,steady,ok,,2,16384,128,2048,64,576,512,10,30,0.20707200467586517,0.2046400010585785,0.2091519981622696,0.20710933357477188,0.0016650673628209127,0.7228218019008636,1.6986764967441559,0.7825605571269989,0.25530532002449036,3.459364175796509,73014444032,524288,352.6041298836667,2531911548.45234,328204288,1584.9766293311648,0.35634576036752574,0.649880216894099,408912896,471859200,45.0,99.12,1755.0,1593.0,46.0,99.58,1755.0,1593.0,20260803,2026-08-11T06:57:14.331351+00:00
prefillq128_b2_h32768_sparse_q8kv8_steady,full,prefill,sglang_sparse_q8kv8_fp8,steady,ok,,2,32768,128,2048,64,576,512,10,30,0.21350400149822235,0.21171200275421143,0.21529600024223328,0.21362773329019547,0.0012837740768763457,0.7445216178894043,1.7015859484672546,0.8505135774612427,0.2591833472251892,3.555804491043091,73014444032,524288,341.9816187033287,2455635474.3747754,328204288,1537.2278069586093,0.3456105292605646,0.6303020007452534,522159104,585105408,46.0,99.64,1755.0,1593.0,46.0,101.94,1755.0,1593.0,20260803,2026-08-11T06:57:14.447072+00:00
prefillq128_b2_h65536_sparse_q8kv8_steady,full,prefill,sglang_sparse_q8kv8_fp8,steady,ok,,2,65536,128,2048,64,576,512,10,30,0.22575999796390533,0.2231680005788803,0.22979199886322021,0.22580906649430593,0.0018510225428742138,0.7348135113716125,1.6968362033367157,1.1468417942523956,0.2727620303630829,3.8512535393238068,73014444032,524288,323.4162149650338,2322324613.4322853,328204288,1453.775208008611,0.32684812022742177,0.5960843396754575,747914240,805306368,46.0,100.29,1755.0,1593.0,45.0,102.79,1755.0,1593.0,20260803,2026-08-11T06:57:14.560725+00:00
prefillq128_b2_h131072_sparse_q8kv8_steady,full,prefill,sglang_sparse_q8kv8_fp8,steady,ok,,2,131072,128,2048,64,576,512,10,30,0.23977600038051605,0.23801599442958832,0.24214400351047516,0.23978879948457082,0.0011616378283832985,0.7893554866313934,1.7130859196186066,1.743163913488388,0.2880766987800598,4.533682018518448,73014444032,524288,304.5110599731777,2186574132.39012,328204288,1368.7954068762153,0.30774235469750144,0.5612404873627307,823411712,880803840,45.0,101.32,1755.0,1593.0,45.0,103.78,1755.0,1593.0,20260803,2026-08-11T06:57:14.696859+00:00
prefillq128_b2_h262144_sparse_q8kv8_steady,full,prefill,sglang_sparse_q8kv8_fp8,steady,ok,,2,262144,128,2048,64,576,512,10,30,0.25779199600219727,0.25513601303100586,0.26099199056625366,0.2581130683422089,0.002155550113940342,0.7821805775165558,1.691233366727829,3.0060037970542908,0.30652061104774475,5.78593835234642,73014444032,524288,283.2300659613096,2033763685.9583929,328204288,1273.136067409954,0.28623553912209154,0.5220177561692029,974406656,1031798784,45.0,101.2,1755.0,1593.0,45.0,103.59,1755.0,1593.0,20260803,2026-08-11T06:57:14.834200+00:00
prefillq128_b2_h524288_sparse_q8kv8_steady,full,prefill,sglang_sparse_q8kv8_fp8,steady,ok,,2,524288,128,2048,64,576,512,10,30,0.2656959891319275,0.25999999046325684,0.26953598856925964,0.265243731935819,0.002689455352311374,0.8846186101436615,1.7878822982311249,5.295269191265106,0.31802430748939514,8.285794407129288,73014444032,524288,274.80446457076823,1973262756.8558154,328204288,1235.2624857917406,0.27772053013720893,0.506488636697588,1276396544,1333788672,46.0,104.04,1755.0,1593.0,47.0,107.13,1755.0,1593.0,20260803,2026-08-11T06:57:14.946081+00:00
prefillq256_b2_h2048_sparse_q8kv8_steady,full,prefill,sglang_sparse_q8kv8_fp8,steady,ok,,2,2048,256,2048,64,576,512,10,30,0.3202880024909973,0.31830400228500366,0.3235520124435425,0.3208213369051615,0.0016393337780765992,0.8595697581768036,2.1849647164344788,0.5706027150154114,0.36542490124702454,3.9805620908737183,146028888064,1048576,455.9299347096356,3273853506.3594007,656408576,2049.432294980985,0.460767998695943,0.840318702323105,418153472,442499072,45.0,106.86,1755.0,1593.0,46.0,108.78,1755.0,1593.0,20260803,2026-08-11T06:57:15.132538+00:00
prefillq256_b2_h4096_sparse_q8kv8_steady,full,prefill,sglang_sparse_q8kv8_fp8,steady,ok,,2,4096,256,2048,64,576,512,10,30,0.3221760094165802,0.32041600346565247,0.3282879889011383,0.32278186579545337,0.002355610941587541,0.7226578891277313,2.1579116582870483,0.5799457430839539,0.3658123314380646,3.826327621936798,146028888064,1048576,453.2581067362519,3254668160.7325068,656408576,2037.4222686185494,0.458067818834009,0.8353942899419476,420512768,442499072,46.0,108.77,1755.0,1593.0,46.0,111.43,1755.0,1593.0,20260803,2026-08-11T06:57:15.247795+00:00
prefillq256_b2_h8192_sparse_q8kv8_steady,full,prefill,sglang_sparse_q8kv8_fp8,steady,ok,,2,8192,256,2048,64,576,512,10,30,0.3224959969520569,0.3214719891548157,0.32576000690460205,0.3228447993596395,0.0013374428643338778,0.7142722606658936,2.220168709754944,0.584140419960022,0.36882609128952026,3.8874074816703796,146028888064,1048576,452.8083741942045,3251438808.26491,656408576,2035.400693973834,0.45761331399111116,0.8345653935757409,425231360,442499072,46.0,111.44,1755.0,1593.0,46.0,113.18,1755.0,1593.0,20260803,2026-08-11T06:57:15.361801+00:00
prefillq256_b2_h16384_sparse_q8kv8_steady,full,prefill,sglang_sparse_q8kv8_fp8,steady,ok,,2,16384,256,2048,64,576,512,10,30,0.3266240060329437,0.32528001070022583,0.33273598551750183,0.3272341330846151,0.0019141210755207606,0.7369183003902435,2.1872855722904205,0.8311383426189423,0.37284567952156067,4.128187894821167,146028888064,1048576,447.08559495553834,3210345781.792411,656408576,2009.6764594020492,0.45182980793889677,0.8240178114640724,436143104,522190848,46.0,113.09,1755.0,1593.0,47.0,114.8,1755.0,1593.0,20260803,2026-08-11T06:57:15.450100+00:00
prefillq256_b2_h32768_sparse_q8kv8_steady,full,prefill,sglang_sparse_q8kv8_fp8,steady,ok,,2,32768,256,2048,64,576,512,10,30,0.3335359990596771,0.3319680094718933,0.3401919901371002,0.3338122675816218,0.002027083383477354,0.7156208157539368,2.2454001009464264,0.9494982659816742,0.3791339695453644,4.289653152227402,146028888064,1048576,437.8204705809646,3143816568.3950233,656408576,1968.0291718152846,0.44246636743907486,0.8069413777873444,549389312,656408576,47.0,114.29,1755.0,1593.0,45.0,117.03,1755.0,1593.0,20260803,2026-08-11T06:57:15.585772+00:00
prefillq256_b2_h65536_sparse_q8kv8_steady,full,prefill,sglang_sparse_q8kv8_fp8,steady,ok,,2,65536,256,2048,64,576,512,10,30,0.355679988861084,0.3543680012226105,0.3590719997882843,0.3563125322262446,0.0019556800185961246,0.7306002080440521,2.208087593317032,1.2440234422683716,0.4064328968524933,4.589144140481949,146028888064,1048576,410.56256364491094,2948088261.4667892,656408576,1845.50325167821,0.4149192154066811,0.7567026738971598,774407168,876609536,45.0,116.45,1755.0,1593.0,45.0,119.43,1755.0,1593.0,20260803,2026-08-11T06:57:15.700654+00:00
prefillq256_b2_h131072_sparse_q8kv8_steady,full,prefill,sglang_sparse_q8kv8_fp8,steady,ok,,2,131072,256,2048,64,576,512,10,30,0.3887679874897003,0.3871999979019165,0.3928639888763428,0.3891349325577418,0.0016325783580237482,0.7792823016643524,2.1853744983673096,1.9035637378692627,0.43998658657073975,5.308207124471664,146028888064,1048576,375.61963115049116,2697176809.1573644,656408576,1688.43268253251,0.3796054887827096,0.6922997964950104,849904640,952107008,45.0,119.38,1755.0,1593.0,46.0,121.01,1755.0,1593.0,20260803,2026-08-11T06:57:15.818964+00:00
prefillq256_b2_h262144_sparse_q8kv8_steady,full,prefill,sglang_sparse_q8kv8_fp8,steady,ok,,2,262144,256,2048,64,576,512,10,30,0.42745599150657654,0.42502400279045105,0.4301440119743347,0.4276544004678726,0.0018054811948337265,0.8076690137386322,2.2384189069271088,3.1403452157974243,0.4795156419277191,6.665948778390884,146028888064,1048576,341.6232102615254,2453061884.3457417,656408576,1535.6167396004344,0.3452483175962864,0.6296414226743935,1000899584,1103101952,45.0,118.16,1755.0,1593.0,45.0,123.09,1755.0,1593.0,20260803,2026-08-11T06:57:15.964080+00:00
prefillq256_b2_h524288_sparse_q8kv8_steady,full,prefill,sglang_sparse_q8kv8_fp8,steady,ok,,2,524288,256,2048,64,576,512,10,30,0.4458560049533844,0.4431360065937042,0.4498560130596161,0.4462037334839503,0.0019903857593580356,0.8839629590511322,2.2078044712543488,5.415186285972595,0.4945434629917145,9.00149717926979,146028888064,1048576,327.5247758057397,2351826572.5940638,656408576,1472.243434443884,0.3310002787324302,0.6036567762523106,1302889472,1405091840,45.0,123.15,1755.0,1593.0,46.0,126.21,1755.0,1593.0,20260803,2026-08-11T06:57:16.112384+00:00
prefillq512_b2_h2048_sparse_q8kv8_steady,full,prefill,sglang_sparse_q8kv8_fp8,steady,ok,,2,2048,512,2048,64,576,512,10,30,0.5629119873046875,0.5603839755058289,0.5665919780731201,0.5631381313006083,0.002082044861640525,0.8731558918952942,3.1550228595733643,0.6006695330142975,0.6080344319343567,5.236882716417313,292057776128,2097152,518.8338189890381,3725541554.091784,1312817152,2332.189012861457,0.5243393825053443,0.9562560566940445,565511168,589299712,45.0,122.46,1755.0,1593.0,46.0,127.83,1755.0,1593.0,20260803,2026-08-11T06:57:16.310175+00:00
prefillq512_b2_h4096_sparse_q8kv8_steady,full,prefill,sglang_sparse_q8kv8_fp8,steady,ok,,2,4096,512,2048,64,576,512,10,30,0.5525760054588318,0.5514559745788574,0.5546560287475586,0.552946134408315,0.001995135448365385,0.7259994745254517,3.1360946595668793,0.6067492067813873,0.6003007292747498,5.069144070148468,292057776128,2097152,528.5386503264644,3795228130.2164555,1312817152,2375.812809515501,0.5341471958832384,0.9741429087186311,567870464,589299712,46.0,127.79,1755.0,1593.0,49.0,131.63,1695.0,1593.0,20260803,2026-08-11T06:57:16.458615+00:00
prefillq512_b2_h8192_sparse_q8kv8_steady,full,prefill,sglang_sparse_q8kv8_fp8,steady,ok,,2,8192,512,2048,64,576,512,10,30,0.5565119981765747,0.5549759864807129,0.5622720122337341,0.5569184005260468,0.0022192155043497855,0.7446557283401489,3.1426027417182922,0.6388984620571136,0.6030164659023285,5.129173398017883,292057776128,2097152,524.8005022082804,3768385959.101278,1312817152,2359.0096103973997,0.5303693807056901,0.9672531751507649,572589056,589299712,49.0,131.71,1740.0,1593.0,47.0,134.53,1695.0,1593.0,20260803,2026-08-11T06:57:16.560645+00:00
prefillq512_b2_h16384_sparse_q8kv8_steady,full,prefill,sglang_sparse_q8kv8_fp8,steady,ok,,2,16384,512,2048,64,576,512,10,30,0.5752639770507812,0.5737599730491638,0.5811520218849182,0.5759605427583059,0.002455408144705653,0.7545202970504761,3.178603947162628,0.7213316857814789,0.6121620535850525,5.266617983579636,292057776128,2097152,507.6934899092746,3645547233.3788676,1312817152,2282.1125680951714,0.5130808387157904,0.935723456917017,582026240,589299712,46.0,134.73,1740.0,1593.0,46.0,137.11,1740.0,1593.0,20260803,2026-08-11T06:57:16.679750+00:00
prefillq512_b2_h32768_sparse_q8kv8_steady,full,prefill,sglang_sparse_q8kv8_fp8,steady,ok,,2,32768,512,2048,64,576,512,10,30,0.5826560258865356,0.5799999833106995,0.5877119898796082,0.5830101331075033,0.0019967742117762443,0.744696706533432,3.124430775642395,0.9965039789676666,0.6315745413303375,5.497206002473831,292057776128,2097152,501.2524768513667,3599296852.3909025,1312817152,2253.159829596705,0.5065714773636854,0.9238521071274612,605684736,763363328,46.0,136.59,1740.0,1593.0,46.0,141.53,1740.0,1593.0,20260803,2026-08-11T06:57:16.811292+00:00
prefillq512_b2_h65536_sparse_q8kv8_steady,full,prefill,sglang_sparse_q8kv8_fp8,steady,ok,,2,65536,512,2048,64,576,512,10,30,0.6219840049743652,0.61980801820755,0.6258879899978638,0.6223253409067789,0.0020440180526451615,0.7346980273723602,3.1852684915065765,1.298423856496811,0.6721280515193939,5.890518426895142,292057776128,2097152,469.5583387872442,3371713714.867046,1312817152,2110.6927855067706,0.4745410194919093,0.8654370416936586,827393024,947912704,46.0,141.63,1740.0,1593.0,47.0,149.76,1740.0,1593.0,20260803,2026-08-11T06:57:16.917960+00:00
prefillq512_b2_h131072_sparse_q8kv8_steady,full,prefill,sglang_sparse_q8kv8_fp8,steady,ok,,2,131072,512,2048,64,576,512,10,30,0.6919680237770081,0.6904320120811462,0.6984000205993652,0.6927221397558848,0.0021225855555428576,0.7801316678524017,3.1892769038677216,1.92328542470932,0.7437542080879211,6.6364482045173645,292057776128,2097152,422.06831254115554,3030706518.1321487,1312817152,1897.222280350725,0.42654705663583176,0.7779087743211324,902890496,1023410176,47.0,149.24,1740.0,1593.0,49.0,155.51,1605.0,1593.0,20260803,2026-08-11T06:57:17.048775+00:00
prefillq512_b2_h262144_sparse_q8kv8_steady,full,prefill,sglang_sparse_q8kv8_fp8,steady,ok,,2,262144,512,2048,64,576,512,10,30,0.777504026889801,0.7740799784660339,0.7848960161209106,0.778303998708725,0.0030756168730845953,0.8281581103801727,3.2001398503780365,3.0994564294815063,0.8246451616287231,7.952399551868439,292057776128,2097152,375.63506557811644,2697287637.71051,1312817152,1688.502061206779,0.37962108699152747,0.6923282434935638,1053885440,1174405120,49.0,154.47,1710.0,1593.0,46.0,160.09,1740.0,1593.0,20260803,2026-08-11T06:57:17.161282+00:00
prefillq512_b2_h524288_sparse_q8kv8_steady,full,prefill,sglang_sparse_q8kv8_fp8,steady,ok,,2,524288,512,2048,64,576,512,10,30,0.8511679768562317,0.8424000144004822,0.8562560081481934,0.8507936000823975,0.004525186145487523,0.865589827299118,3.1736157834529877,5.5101178586483,0.9022876620292664,10.451611131429672,292057776128,2097152,343.12589767146585,2463852091.5058155,1312817152,1542.3714092826406,0.34676695065332575,0.6324110068543017,1355875328,1476395008,46.0,160.07,1740.0,1593.0,48.0,164.53,1710.0,1593.0,20260803,2026-08-11T06:57:17.347053+00:00
prefillq1024_b2_h2048_sparse_q8kv8_steady,full,prefill,sglang_sparse_q8kv8_fp8,steady,ok,,2,2048,1024,2048,64,576,512,10,30,1.125440001487732,1.0913599729537964,1.1276799440383911,1.1134442607561748,0.015592358125884585,0.8601807057857513,5.044925957918167,0.8169263601303101,1.145634800195694,7.8676678240299225,584115552256,4194304,519.0108326377692,3726812619.469276,2625634304,2332.9846997877667,0.5245182745202317,0.9565823083135832,860226560,882900992,48.0,159.17,1740.0,1593.0,45.0,169.78,1605.0,1593.0,20260803,2026-08-11T06:57:17.474110+00:00
prefillq1024_b2_h4096_sparse_q8kv8_steady,full,prefill,sglang_sparse_q8kv8_fp8,steady,ok,,2,4096,1024,2048,64,576,512,10,30,1.1051839590072632,1.102560043334961,1.1441279649734497,1.1103039900461833,0.013559187541988652,0.8103847503662109,5.053363740444183,0.8357018232345581,1.1486783623695374,7.84812867641449,584115552256,4194304,528.5233716029362,3795118419.7131796,2625634304,2375.74413074045,0.5341317550307592,0.9741147486963316,862585856,882900992,47.0,165.78,1725.0,1593.0,49.0,178.36,1725.0,1593.0,20260803,2026-08-11T06:57:17.626977+00:00
prefillq1024_b2_h8192_sparse_q8kv8_steady,full,prefill,sglang_sparse_q8kv8_fp8,steady,ok,,2,8192,1024,2048,64,576,512,10,30,1.1145919561386108,1.106112003326416,1.1219199895858765,1.113418662548065,0.005826735173085592,0.8331052958965302,5.318913608789444,0.8908212184906006,1.1500753462314606,8.192915469408035,584115552256,4194304,524.0622355463682,3763084756.623163,2625634304,2355.6910576461,0.5296232799862236,0.9658924851936523,867304448,874512384,49.0,172.51,1740.0,1593.0,46.0,177.94,1710.0,1593.0,20260803,2026-08-11T06:57:17.776901+00:00
prefillq1024_b2_h16384_sparse_q8kv8_steady,full,prefill,sglang_sparse_q8kv8_fp8,steady,ok,,2,16384,1024,2048,64,576,512,10,30,1.1134400367736816,1.1109119653701782,1.1374720335006714,1.11611305475235,0.010995720154550397,0.7842890918254852,5.052994936704636,0.941988080739975,1.1532045900821686,7.932476699352264,584115552256,4194304,524.6044088270266,3766977889.6701703,2625634304,2358.1281589335267,0.5301712064952265,0.9668917579172722,877659136,882900992,46.0,177.79,1740.0,1593.0,49.0,184.19,1665.0,1593.0,20260803,2026-08-11T06:57:17.929062+00:00
prefillq1024_b2_h32768_sparse_q8kv8_steady,full,prefill,sglang_sparse_q8kv8_fp8,steady,ok,,2,32768,1024,2048,64,576,512,10,30,1.129088044166565,1.1016960144042969,1.1773760318756104,1.1333269397417705,0.02415837565659556,0.8074827492237091,5.038756877183914,1.1540651321411133,1.1764764785766602,8.176781237125397,584115552256,4194304,517.333927388421,3714771422.5386386,2625634304,2325.446910509188,0.5228235749251349,0.953491625434977,896533504,901775360,46.0,180.72,1740.0,1593.0,47.0,183.63,1710.0,1593.0,20260803,2026-08-11T06:57:18.057952+00:00
prefillq1024_b2_h65536_sparse_q8kv8_steady,full,prefill,sglang_sparse_q8kv8_fp8,steady,ok,,2,65536,1024,2048,64,576,512,10,30,1.24617600440979,1.196287989616394,1.3137279748916626,1.2356842597325643,0.03416350733175517,0.7922351360321045,5.080558359622955,1.4539547264575958,1.2428723275661469,8.569620549678802,584115552256,4194304,468.7263678557564,3365739658.890714,2625634304,2106.953026465587,0.4737002201675153,0.8639036465811758,934282240,939524096,47.0,177.37,1740.0,1593.0,49.0,191.2,1695.0,1593.0,20260803,2026-08-11T06:57:18.255588+00:00
prefillq1024_b2_h131072_sparse_q8kv8_steady,full,prefill,sglang_sparse_q8kv8_fp8,steady,ok,,2,131072,1024,2048,64,576,512,10,30,1.3491519689559937,1.3342399597167969,1.4363839626312256,1.3701077302296956,0.038416373942644404,0.8165277540683746,5.095694214105606,2.0621605217456818,1.382201910018921,9.356584399938583,584115552256,4194304,432.95015364948307,3108844738.406789,2625634304,1946.13680624265,0.4375443695295433,0.7979649581838121,1009779712,1015021568,46.0,181.69,1740.0,1593.0,50.0,189.84,1680.0,1593.0,20260803,2026-08-11T06:57:18.414103+00:00
prefillq1024_b2_h262144_sparse_q8kv8_steady,full,prefill,sglang_sparse_q8kv8_fp8,steady,ok,,2,262144,1024,2048,64,576,512,10,30,1.5094079971313477,1.5003520250320435,1.573855996131897,1.5265546639760335,0.027621166900107474,0.8803494274616241,5.1118433475494385,3.231711685657501,1.5597715973854065,10.78367605805397,584115552256,4194304,386.9832102162704,2778774200.197254,2625634304,1739.5126493234811,0.39108965155762543,0.7132438655006637,1160774656,1166016512,46.0,186.88,1740.0,1593.0,49.0,193.04,1695.0,1593.0,20260803,2026-08-11T06:57:18.599120+00:00
prefillq1024_b2_h524288_sparse_q8kv8_steady,full,prefill,sglang_sparse_q8kv8_fp8,steady,ok,,2,524288,1024,2048,64,576,512,10,30,1.6656320095062256,1.6336640119552612,1.680799961090088,1.6602976004282632,0.015800992661305267,0.9173564612865448,5.055062472820282,5.613207817077637,1.680377870798111,13.266004621982574,584115552256,4194304,350.68703586523907,2518145650.4569674,2625634304,1576.3591771860615,0.3544083232594634,0.6463468451298114,1462764544,1468006400,46.0,185.61,1740.0,1593.0,46.0,191.95,1665.0,1593.0,20260803,2026-08-11T06:57:18.796033+00:00
prefillq2048_b2_h2048_sparse_q8kv8_steady,full,prefill,sglang_sparse_q8kv8_fp8,steady,ok,,2,2048,2048,2048,64,576,512,10,30,2.2694718837738037,2.1925439834594727,2.3595199584960938,2.290952523549398,0.05856033727542523,1.0507330298423767,9.101778268814087,1.4243610203266144,2.220418304204941,13.797290623188019,1168231104512,8388608,514.7590119377908,3696281967.613962,5251268608,2313.8725117263402,0.5202213359654277,0.948745831300088,1072169984,1094713344,46.0,185.99,1740.0,1593.0,49.0,197.17,1635.0,1593.0,20260803,2026-08-11T06:57:19.048082+00:00
prefillq2048_b2_h4096_sparse_q8kv8_steady,full,prefill,sglang_sparse_q8kv8_fp8,steady,ok,,2,4096,2048,2048,64,576,512,10,30,2.3166399002075195,2.1183040142059326,2.3232319355010986,2.265757854779561,0.08579868791691139,0.9769909083843231,8.922982960939407,1.4237910509109497,2.158891409635544,13.482656329870224,1168231104512,8388608,504.2782455777234,3621023707.330849,5251268608,2266.760840789111,0.5096293537925451,0.9294288632386414,1074529280,1094713344,48.0,198.45,1725.0,1593.0,51.0,211.8,1635.0,1593.0,20260803,2026-08-11T06:57:19.232045+00:00
prefillq2048_b2_h8192_sparse_q8kv8_steady,full,prefill,sglang_sparse_q8kv8_fp8,steady,ok,,2,8192,2048,2048,64,576,512,10,30,2.3678719997406006,2.1804800033569336,2.4145920276641846,2.332407482465108,0.09771036616354095,0.9879544377326965,8.920937776565552,1.4745034277439117,2.226147800683975,13.609543442726135,1168231104512,8388608,493.36750662197073,3542677982.9817524,5251268608,2217.716417346577,0.498602836404215,0.9093194181184755,1080034304,1086324736,47.0,211.88,1740.0,1593.0,47.0,222.21,1680.0,1593.0,20260803,2026-08-11T06:57:19.413275+00:00
prefillq2048_b2_h16384_sparse_q8kv8_steady,full,prefill,sglang_sparse_q8kv8_fp8,steady,ok,,2,16384,2048,2048,64,576,512,10,30,2.327807903289795,2.2015678882598877,2.3718719482421875,2.300119431813558,0.06909500427815221,0.9901002049446106,9.05744731426239,1.5599317848682404,2.244655042886734,13.852134346961975,1168231104512,8388608,501.85889602874323,3603651309.949041,5251268608,2255.8857200280995,0.507184331509594,0.9249697906516225,1088685056,1096810496,47.0,218.38,1740.0,1593.0,49.0,229.41,1725.0,1593.0,20260803,2026-08-11T06:57:19.645772+00:00
prefillq2048_b2_h32768_sparse_q8kv8_steady,full,prefill,sglang_sparse_q8kv8_fp8,steady,ok,,2,32768,2048,2048,64,576,512,10,30,2.265216112136841,2.2122559547424316,2.4169280529022217,2.3107936064402264,0.08735340500000978,0.9917281568050385,8.906006813049316,1.7211809754371643,2.2608451545238495,13.879761099815369,1168231104512,8388608,515.7261147193482,3703226352.247157,5251268608,2318.2196965067205,0.5211987010806954,0.9505282862181423,1107559424,1115684864,46.0,216.29,1740.0,1593.0,47.0,228.07,1710.0,1593.0,20260803,2026-08-11T06:57:19.895075+00:00
prefillq2048_b2_h65536_sparse_q8kv8_steady,full,prefill,sglang_sparse_q8kv8_fp8,steady,ok,,2,65536,2048,2048,64,576,512,10,30,2.5895040035247803,2.3224000930786133,2.593087911605835,2.538090642293294,0.09640708136064838,0.9294003248214722,9.10894200205803,2.007480710744858,2.3673735558986664,14.413196593523026,1168231104512,8388608,451.1408759831333,3239465159.575578,5251268608,2027.9051898943117,0.4559281212563247,0.8314920486905321,1145308160,1153433600,47.0,210.2,1740.0,1593.0,51.0,220.26,1605.0,1593.0,20260803,2026-08-11T06:57:20.155687+00:00
prefillq2048_b2_h131072_sparse_q8kv8_steady,full,prefill,sglang_sparse_q8kv8_fp8,steady,ok,,2,131072,2048,2048,64,576,512,10,30,2.879136085510254,2.65881609916687,2.9461441040039062,2.856334948539734,0.0902360678974715,0.9876489639282227,8.993774652481079,2.629857510328293,2.698782831430435,15.31006395816803,1168231104512,8388608,405.7575153850224,2913585100.13372,5251268608,1823.9042726837088,0.41006317876202364,0.7478465501576187,1220805632,1228931072,51.0,212.72,1725.0,1593.0,50.0,221.39,1665.0,1593.0,20260803,2026-08-11T06:57:20.374177+00:00
prefillq2048_b2_h262144_sparse_q8kv8_steady,full,prefill,sglang_sparse_q8kv8_fp8,steady,ok,,2,262144,2048,2048,64,576,512,10,30,3.157439947128296,3.011904001235962,3.209120035171509,3.1503104050954183,0.05992398544604247,1.028362661600113,9.048715233802795,3.8684941828250885,3.0576586723327637,17.00323075056076,1168231104512,8388608,369.9931349682551,2656775153.437034,5251268608,1663.1412460515835,0.3739192874868672,0.6819296724681824,1371800576,1379926016,47.0,218.47,1740.0,1593.0,50.0,232.32,1605.0,1593.0,20260803,2026-08-11T06:57:20.628458+00:00
prefillq2048_b2_h524288_sparse_q8kv8_steady,full,prefill,sglang_sparse_q8kv8_fp8,steady,ok,,2,524288,2048,2048,64,576,512,10,30,3.3691840171813965,3.320672035217285,3.3798720836639404,3.3590709368387857,0.02268598122112151,1.0429136455059052,8.982058614492416,6.211236119270325,3.341957926750183,19.57816630601883,1168231104512,8388608,346.740070757347,2489804046.683615,5251268608,1558.6173332239432,0.35041947524744516,0.639072243606464,1673790464,1681915904,50.0,229.54,1710.0,1593.0,47.0,242.89,1710.0,1593.0,20260803,2026-08-11T06:57:20.872204+00:00
prefillq4096_b2_h2048_sparse_q8kv8_steady,full,prefill,sglang_sparse_q8kv8_fp8,steady,ok,,2,2048,4096,2048,64,576,512,10,30,4.709343910217285,4.419936180114746,4.712319850921631,4.614238929748535,0.11479174478986924,1.0043606162071228,16.898296773433685,2.656199038028717,4.348985850811005,24.90784227848053,2336462209024,16777216,496.13327324744006,3562537865.1154647,10502537216,2230.148703562281,0.5013979517407176,0.9144169676424458,1496056832,1512046592,47.0,242.6,1740.0,1593.0,49.0,265.37,1710.0,1593.0,20260803,2026-08-11T06:57:21.150748+00:00
prefillq4096_b2_h4096_sparse_q8kv8_steady,full,prefill,sglang_sparse_q8kv8_fp8,steady,ok,,2,4096,4096,2048,64,576,512,10,30,4.550432205200195,4.455008029937744,4.759615898132324,4.604860782623291,0.1092606394580945,0.9884573519229889,16.906309872865677,2.6457123458385468,4.30741161108017,24.847891181707382,2336462209024,16777216,513.4594042196499,3686949995.832734,10502537216,2308.0306973912916,0.5189079375640726,0.9463505407343725,1498416128,1512046592,47.0,243.61,1740.0,1593.0,52.0,259.13,1680.0,1593.0,20260803,2026-08-11T06:57:21.479663+00:00
prefillq4096_b2_h8192_sparse_q8kv8_steady,full,prefill,sglang_sparse_q8kv8_fp8,steady,ok,,2,8192,4096,2048,64,576,512,10,30,4.672224044799805,4.470208168029785,4.67958402633667,4.611090119679769,0.07988314512780013,1.0591521859169006,16.920100897550583,2.7013644576072693,4.278857260942459,24.959474802017212,2336462209024,16777216,500.074950734541,3590841500.563972,10502537216,2247.8667793530462,0.5053814560227802,0.9216818236187184,1503659008,1526726656,47.0,249.76,1740.0,1593.0,52.0,264.08,1620.0,1593.0,20260803,2026-08-11T06:57:21.811539+00:00
prefillq4096_b2_h16384_sparse_q8kv8_steady,full,prefill,sglang_sparse_q8kv8_fp8,steady,ok,,2,16384,4096,2048,64,576,512,10,30,4.539680004119873,4.476992130279541,4.7205119132995605,4.563077322642008,0.07516825258974072,1.0941699147224426,17.167534679174423,2.7725137770175934,4.259705543518066,25.293923914432526,2336462209024,16777216,514.6755293112295,3695682511.7132173,10502537216,2313.497252332474,0.520136967469661,0.9485919655258147,1512571904,1537212416,48.0,260.98,1740.0,1593.0,51.0,263.54,1680.0,1593.0,20260803,2026-08-11T06:57:22.147386+00:00
prefillq4096_b2_h32768_sparse_q8kv8_steady,full,prefill,sglang_sparse_q8kv8_fp8,steady,ok,,2,32768,4096,2048,64,576,512,10,30,4.626560211181641,4.576704025268555,4.786367893218994,4.652075735727946,0.07441568667651113,1.1020004749298096,16.96716994047165,2.911929041147232,4.3669529259204865,25.348052382469177,2336462209024,16777216,505.01065637860984,3626282861.1745305,10502537216,2270.0530710952557,0.5103695365119857,0.930778760332282,1531446272,1556086784,47.0,266.53,1725.0,1593.0,48.0,267.27,1725.0,1593.0,20260803,2026-08-11T06:57:22.477591+00:00
prefillq4096_b2_h65536_sparse_q8kv8_steady,full,prefill,sglang_sparse_q8kv8_fp8,steady,ok,,2,65536,4096,2048,64,576,512,10,30,5.072512149810791,4.9088640213012695,5.216224193572998,5.0812511761983234,0.07751827518225445,1.1157281696796417,17.11256429553032,3.228168934583664,4.710961133241653,26.16742253303528,2336462209024,16777216,460.6124421232095,3307476750.080491,10502537216,2070.4804455503872,0.4655001941619096,0.8489489725770174,1569195008,1593835520,48.0,258.12,1740.0,1593.0,52.0,273.33,1425.0,1593.0,20260803,2026-08-11T06:57:22.857862+00:00
prefillq4096_b2_h131072_sparse_q8kv8_steady,full,prefill,sglang_sparse_q8kv8_fp8,steady,ok,,2,131072,4096,2048,64,576,512,10,30,5.643295764923096,5.59449577331543,5.852543830871582,5.733787679672242,0.10636447280080615,1.1178143322467804,16.97457954287529,3.835786134004593,5.3357332944869995,27.263913303613663,2336462209024,16777216,414.024411682743,2972946430.396535,10502537216,1861.0644654282307,0.4184177985677039,0.7630831622777781,1644692480,1669332992,48.0,262.4,1740.0,1593.0,52.0,281.99,1605.0,1593.0,20260803,2026-08-11T06:57:23.204028+00:00
prefillq4096_b2_h262144_sparse_q8kv8_steady,full,prefill,sglang_sparse_q8kv8_fp8,steady,ok,,2,262144,4096,2048,64,576,512,10,30,6.339327812194824,6.255263805389404,6.393375873565674,6.321608511606852,0.046520741641770065,1.1167526245117188,17.04702526330948,5.0636157393455505,6.055314093828201,29.28270772099495,2336462209024,16777216,368.5662389203788,2646529174.2329593,10502537216,1656.7272630698326,0.37247725004586035,0.6792997783901262,1795687424,1820327936,47.0,257.13,1740.0,1593.0,51.0,292.65,1590.0,1593.0,20260803,2026-08-11T06:57:23.600442+00:00
prefillq4096_b2_h524288_sparse_q8kv8_steady,full,prefill,sglang_sparse_q8kv8_fp8,steady,ok,,2,524288,4096,2048,64,576,512,10,30,6.756159782409668,6.6650238037109375,6.780064105987549,6.743295987447103,0.03681326613875174,1.1428296566009521,17.086990177631378,7.4656084179878235,6.590411067008972,32.285839319229126,2336462209024,16777216,345.82696150958583,2483247368.376507,10502537216,1554.5128526036933,0.34949667661403316,0.6373893034883807,2097677312,2122317824,48.0,273.62,1740.0,1593.0,51.0,293.74,1605.0,1593.0,20260803,2026-08-11T06:57:24.024079+00:00
prefillq8192_b2_h2048_sparse_q8kv8_steady,full,prefill,sglang_sparse_q8kv8_fp8,steady,ok,,2,2048,8192,2048,64,576,512,10,30,8.963968276977539,8.77177619934082,9.127455711364746,8.978640111287435,0.10577543899745616,1.225888729095459,35.15931963920593,5.101602524518967,8.59888270497322,50.08569359779358,4672924418048,33554432,521.3008651591983,3743256442.147277,21005074432,2343.2785327841952,0.526832607538351,0.9608030383209484,2539145216,2764046336,49.0,269.4,1740.0,1593.0,53.0,288.96,1695.0,1593.0,20260803,2026-08-11T06:57:24.425810+00:00
prefillq8192_b2_h4096_sparse_q8kv8_steady,full,prefill,sglang_sparse_q8kv8_fp8,steady,ok,,2,4096,8192,2048,64,576,512,10,30,9.036191940307617,8.88809585571289,9.05731201171875,9.023960494995118,0.11742089818823502,1.8245577812194824,49.90515112876892,5.112055689096451,8.56490433216095,65.4066689312458,4672924418048,33554432,517.1342584262238,3713337678.267347,21005074432,2324.5493865953595,0.522621787191737,0.9531236180934222,2541242368,2766143488,48.0,285.09,1740.0,1593.0,52.0,312.91,1680.0,1593.0,20260803,2026-08-11T06:57:25.007482+00:00
prefillq8192_b2_h8192_sparse_q8kv8_steady,full,prefill,sglang_sparse_q8kv8_fp8,steady,ok,,2,8192,8192,2048,64,576,512,10,30,9.053759574890137,8.970175743103027,9.13644790649414,9.04231039683024,0.06952843924511504,1.4683492481708527,35.34814715385437,5.148831754922867,8.410841226577759,50.37616938352585,4672924418048,33554432,516.1308271326284,3706132432.8802013,21005074432,2320.0389029830058,0.5216077080673354,0.9512742065538147,2545436672,2770337792,52.0,302.5,1725.0,1593.0,54.0,313.78,1680.0,1593.0,20260803,2026-08-11T06:57:25.576699+00:00
prefillq8192_b2_h16384_sparse_q8kv8_steady,full,prefill,sglang_sparse_q8kv8_fp8,steady,ok,,2,16384,8192,2048,64,576,512,10,30,8.994303703308105,8.94377613067627,9.405856132507324,9.040090656280517,0.13417621385634773,1.3000518083572388,32.583702355623245,5.234017968177795,8.576437830924988,47.69420996308327,4672924418048,33554432,519.5426541277785,3730631420.379843,21005074432,2335.3752691577815,0.525055739391388,0.9575625017826449,2555922432,2780823552,48.0,311.42,1740.0,1593.0,50.0,318.88,1680.0,1593.0,20260803,2026-08-11T06:57:26.093392+00:00
prefillq8192_b2_h32768_sparse_q8kv8_steady,full,prefill,sglang_sparse_q8kv8_fp8,steady,ok,,2,32768,8192,2048,64,576,512,10,30,9.2391996383667,9.228128433227539,9.309791564941406,9.248085308074952,0.024049744544560814,1.2845546007156372,32.32409060001373,5.351599305868149,8.732225745916367,47.692470252513885,4672924418048,33554432,505.7715604112736,3631746613.70687,21005074432,2273.4733801805005,0.5111385148168505,0.9321811729414204,2574796800,2799697920,50.0,305.46,1725.0,1593.0,49.0,314.76,1725.0,1593.0,20260803,2026-08-11T06:57:26.648206+00:00
prefillq8192_b2_h65536_sparse_q8kv8_steady,full,prefill,sglang_sparse_q8kv8_fp8,steady,ok,,2,65536,8192,2048,64,576,512,10,30,10.116191864013672,10.108415603637695,10.232447624206543,10.139372825622559,0.04500948231251846,1.360468566417694,32.378967851400375,5.661614239215851,9.300705045461655,48.701755702495575,4672924418048,33554432,461.92524626495015,3316903480.1883483,21005074432,2076.381578597906,0.46682692901965656,0.8513685853043423,2612545536,2837446656,48.0,288.62,1740.0,1593.0,50.0,312.98,1650.0,1593.0,20260803,2026-08-11T06:57:27.261687+00:00
prefillq8192_b2_h131072_sparse_q8kv8_steady,full,prefill,sglang_sparse_q8kv8_fp8,steady,ok,,2,131072,8192,2048,64,576,512,10,30,11.350784301757812,11.298111915588379,11.883744239807129,11.419830417633056,0.1834729561070349,1.4094524085521698,32.86658972501755,6.312750279903412,10.654211044311523,51.24300345778465,4672924418048,33554432,411.6829545711954,2956133347.9664197,21005074432,1850.5394758269788,0.41605149527154667,0.7587676522580774,2688043008,2912944128,50.0,295.6,1740.0,1593.0,53.0,328.39,1665.0,1593.0,20260803,2026-08-11T06:57:27.861475+00:00
prefillq8192_b2_h262144_sparse_q8kv8_steady,full,prefill,sglang_sparse_q8kv8_fp8,steady,ok,,2,262144,8192,2048,64,576,512,10,30,12.458911895751953,12.402527809143066,12.507231712341309,12.47255048751831,0.09380682857767562,1.372694969177246,32.585177570581436,7.524698972702026,12.025553733110428,53.50812524557114,4672924418048,33554432,375.0668161993586,2693207262.4609275,21005074432,1685.9477463005405,0.37904680767999854,0.6912809102429892,2839037952,3063939072,49.0,309.67,1740.0,1593.0,51.0,327.71,1665.0,1593.0,20260803,2026-08-11T06:57:28.494092+00:00
prefillq8192_b2_h524288_sparse_q8kv8_steady,full,prefill,sglang_sparse_q8kv8_fp8,steady,ok,,2,524288,8192,2048,64,576,512,10,30,13.323807716369629,13.305919647216797,13.438655853271484,13.334371185302734,0.0375760629487291,1.5307031571865082,33.373888581991196,9.871989488601685,13.183627277612686,57.960208505392075,4672924418048,33554432,350.7198931058458,2518381585.3763056,21005074432,1576.5068724455673,0.3544415291620473,0.6464074038948466,3141027840,3365928960,51.0,309.84,1740.0,1593.0,53.0,334.39,1665.0,1593.0,20260803,2026-08-11T06:57:29.173004+00:00
prefillq16384_b2_h2048_sparse_q8kv8_steady,full,prefill,sglang_sparse_q8kv8_fp8,steady,ok,,2,2048,16384,2048,64,576,512,10,30,18.178335189819336,17.85750389099121,18.25174331665039,18.121331151326498,0.14753297044154579,1.507822424173355,64.15507569909096,10.046649724245071,17.069395631551743,92.77894347906113,9345848836096,67108864,514.1201731900115,3691694717.874049,42010148864,2311.000893389155,0.5195757182314417,0.947568395675315,4804855808,5393874944,53.0,322.7,1725.0,1593.0,55.0,325.61,1695.0,1593.0,20260803,2026-08-11T06:57:29.889395+00:00
prefillq16384_b2_h4096_sparse_q8kv8_steady,full,prefill,sglang_sparse_q8kv8_fp8,steady,ok,,2,4096,16384,2048,64,576,512,10,30,18.060895919799805,18.02796745300293,18.09561538696289,18.064475695292156,0.024704853860203862,1.802690327167511,64.21869620680809,10.053776204586029,17.076168209314346,93.15133094787598,9345848836096,67108864,517.4631910618747,3715699614.1276617,42010148864,2326.027958443916,0.5229542102697066,0.9537298696783678,4807215104,5395972096,50.0,311.35,1740.0,1593.0,53.0,310.53,1710.0,1593.0,20260803,2026-08-11T06:57:30.829263+00:00
prefillq16384_b2_h8192_sparse_q8kv8_steady,full,prefill,sglang_sparse_q8kv8_fp8,steady,ok,,2,8192,16384,2048,64,576,512,10,30,18.057472229003906,18.023103713989258,18.53913688659668,18.13117872873942,0.1688385135727649,1.8394812941551208,64.08699229359627,10.101426392793655,16.96416735649109,92.99206733703613,9345848836096,67108864,517.5613019127173,3716404109.5524855,42010148864,2326.4689725798557,0.5230533622159852,0.9539106965479973,4812982272,5400166400,50.0,310.27,1740.0,1593.0,51.0,317.41,1605.0,1593.0,20260803,2026-08-11T06:57:31.797783+00:00
prefillq16384_b2_h16384_sparse_q8kv8_steady,full,prefill,sglang_sparse_q8kv8_fp8,steady,ok,,2,16384,16384,2048,64,576,512,10,30,18.152223587036133,18.142431259155273,18.172704696655273,18.170443725585937,0.09756572544760078,1.8229447305202484,64.3966943025589,10.129455476999283,17.10643619298935,93.45553070306778,9345848836096,67108864,514.8597245557604,3697005145.3050346,42010148864,2314.325220960952,0.5203231172872768,0.9489314534538378,4821370880,5408555008,51.0,312.02,1740.0,1593.0,51.0,314.51,1725.0,1593.0,20260803,2026-08-11T06:57:32.742053+00:00
prefillq16384_b2_h32768_sparse_q8kv8_steady,full,prefill,sglang_sparse_q8kv8_fp8,steady,ok,,2,32768,16384,2048,64,576,512,10,30,18.766143798828125,18.75993537902832,19.072704315185547,18.8824982325236,0.2001916134250027,2.3386329412460327,64.40332159399986,10.31934842467308,17.56482571363449,94.62612867355347,9345848836096,67108864,498.01647777417185,3576060416.002498,42010148864,2238.613820417564,0.5033011397414572,0.9178878781127576,4840245248,5427429376,51.0,314.52,1740.0,1593.0,56.0,322.48,1650.0,1593.0,20260803,2026-08-11T06:57:33.761594+00:00
prefillq16384_b2_h65536_sparse_q8kv8_steady,full,prefill,sglang_sparse_q8kv8_fp8,steady,ok,,2,65536,16384,2048,64,576,512,10,30,20.444223403930664,20.279775619506836,21.748287200927734,20.62049700419108,0.4620845928351169,1.760035753250122,64.11692500114441,10.58695837855339,18.65706592798233,95.12098506093025,9345848836096,67108864,457.1388529387299,3282534272.5954294,42010148864,2054.866454644739,0.4619897452640019,0.8425468442373538,4877993984,5465178112,51.0,317.95,1740.0,1593.0,55.0,341.86,1560.0,1593.0,20260803,2026-08-11T06:57:34.714575+00:00
prefillq16384_b2_h131072_sparse_q8kv8_steady,full,prefill,sglang_sparse_q8kv8_fp8,steady,ok,,2,131072,16384,2048,64,576,512,10,30,23.007423400878906,22.857440948486328,24.69593620300293,23.398651758829754,0.723426201650732,1.822490245103836,64.59247693419456,11.221088469028473,21.472886204719543,99.10894185304642,9345848836096,67108864,406.2101467537204,2916835267.9351473,42010148864,1825.938877727402,0.41052061319223887,0.7486807893146007,4953491456,5540675584,51.0,339.81,1740.0,1593.0,53.0,359.95,1665.0,1593.0,20260803,2026-08-11T06:57:35.803429+00:00
prefillq16384_b2_h262144_sparse_q8kv8_steady,full,prefill,sglang_sparse_q8kv8_fp8,steady,ok,,2,262144,16384,2048,64,576,512,10,30,25.012447357177734,24.979520797729492,27.46828842163086,25.7330420811971,0.9765685306916791,1.8442273139953613,64.84181806445122,12.446030974388123,24.125270545482635,103.25734689831734,9345848836096,67108864,373.6479162809334,2683018700.3169045,42010148864,1679.5697063983823,0.37761285121873006,0.6886657537300992,5104486400,5691670528,51.0,333.54,1740.0,1593.0,53.0,350.54,1695.0,1593.0,20260803,2026-08-11T06:57:37.001733+00:00
prefillq16384_b2_h524288_sparse_q8kv8_steady,full,prefill,sglang_sparse_q8kv8_fp8,steady,ok,,2,524288,16384,2048,64,576,512,10,30,26.853471755981445,26.797504425048828,28.188831329345703,27.34304860432943,0.5997438205616703,1.919914036989212,65.26853516697884,14.684002846479416,26.316266506910324,108.18871855735779,9345848836096,67108864,348.0313056360867,2499075896.3988304,42010148864,1564.4215111456676,0.35172441196168436,0.6414521022976637,5406476288,5993660416,51.0,321.46,1740.0,1593.0,53.0,346.3,1695.0,1593.0,20260803,2026-08-11T06:57:38.294010+00:00
prefillq32768_b2_h2048_sparse_q8kv8_steady,full,prefill,sglang_sparse_q8kv8_fp8,steady,ok,,2,2048,32768,2048,64,576,512,10,30,37.954463958740234,36.868896484375,39.58531188964844,38.22818247477213,1.173003892324865,2.1988414227962494,130.72846084833145,19.918151199817657,34.522272646427155,187.3677261173725,18691697672192,134217728,492.47692425616873,3536283061.3523145,84020297728,2213.713196406549,0.4977028036949659,0.9076779970119206,9337849856,10122952704,52.0,327.08,1740.0,1593.0,53.0,323.05,1710.0,1593.0,20260803,2026-08-11T06:57:39.705558+00:00
prefillq32768_b2_h4096_sparse_q8kv8_steady,full,prefill,sglang_sparse_q8kv8_fp8,steady,ok,,2,4096,32768,2048,64,576,512,10,30,38.10793685913086,36.9189453125,39.80636978149414,38.25785942077637,1.1574230243315535,2.865355461835861,126.02957710623741,19.81300860643387,34.18441489338875,182.8923560678959,18691697672192,134217728,490.4935615194128,3522041313.75957,84020297728,2204.7978624134907,0.4956983946633783,0.9040224862101389,9340209152,10125049856,52.0,307.41,1740.0,1593.0,53.0,327.86,1710.0,1593.0,20260803,2026-08-11T06:57:41.580222+00:00
prefillq32768_b2_h8192_sparse_q8kv8_steady,full,prefill,sglang_sparse_q8kv8_fp8,steady,ok,,2,8192,32768,2048,64,576,512,10,30,38.19001770019531,36.39459228515625,41.998878479003906,38.3993216196696,1.740110183312977,3.223702311515808,126.88715755939484,19.870217889547348,34.66599062085152,184.6470683813095,18691697672192,134217728,489.4393560884998,3514471479.2659965,84020297728,2200.0591460205137,0.49463300261596743,0.9020794934995352,9345976320,10129244160,53.0,306.43,1740.0,1593.0,57.0,337.01,1680.0,1593.0,20260803,2026-08-11T06:57:43.451260+00:00
prefillq32768_b2_h16384_sparse_q8kv8_steady,full,prefill,sglang_sparse_q8kv8_fp8,steady,ok,,2,16384,32768,2048,64,576,512,10,30,38.711360931396484,37.34899139404297,42.256385803222656,38.94773763020833,1.4782134870027475,2.8351396322250366,127.064548432827,19.942082464694977,34.91511195898056,184.75688248872757,18691697672192,134217728,482.8478571269314,3467140518.202345,84020297728,2170.429964394668,0.4879715584910878,0.8899307850422219,9354364928,10137632768,53.0,312.38,1740.0,1593.0,55.0,332.04,1710.0,1593.0,20260803,2026-08-11T06:57:45.283593+00:00
prefillq32768_b2_h32768_sparse_q8kv8_steady,full,prefill,sglang_sparse_q8kv8_fp8,steady,ok,,2,32768,32768,2048,64,576,512,10,30,39.941951751708984,38.3818244934082,43.92038345336914,40.295331446329754,1.7391799230460847,3.026425838470459,126.9671581685543,20.068567246198654,35.99823638796806,186.06038764119148,18691697672192,134217728,467.97156504482143,3360319716.831496,84020297728,2103.5601427365164,0.472937407827005,0.8625124790567213,9373239296,10156507136,53.0,302.07,1740.0,1593.0,55.0,331.92,1710.0,1593.0,20260803,2026-08-11T06:57:47.185756+00:00
prefillq32768_b2_h65536_sparse_q8kv8_steady,full,prefill,sglang_sparse_q8kv8_fp8,steady,ok,,2,65536,32768,2048,64,576,512,10,30,44.00495910644531,41.737281799316406,45.14704132080078,43.62624537150065,1.3808448659672325,2.8125904500484467,126.50473043322563,20.3254371881485,38.07394579052925,187.71670386195183,18691697672192,134217728,424.7634369339583,3050059146.1824903,84020297728,1909.337025510239,0.4292707801252737,0.7828761240385878,9410988032,10194255872,55.0,314.79,1740.0,1593.0,58.0,338.85,1560.0,1593.0,20260803,2026-08-11T06:57:49.165043+00:00
prefillq32768_b2_h131072_sparse_q8kv8_steady,full,prefill,sglang_sparse_q8kv8_fp8,steady,ok,,2,131072,32768,2048,64,576,512,10,30,49.376033782958984,46.241825103759766,49.789249420166016,48.50244382222493,1.4011373637248365,2.739846706390381,126.15256011486053,21.0283026099205,44.03594881296158,193.956658244133,18691697672192,134217728,378.55810279040713,2718276818.060713,84020297728,1701.6412881060062,0.3825751417790876,0.6977156564491062,9486485504,10269753344,54.0,324.45,1740.0,1593.0,55.0,335.39,1635.0,1593.0,20260803,2026-08-11T06:57:51.204480+00:00
prefillq32768_b2_h262144_sparse_q8kv8_steady,full,prefill,sglang_sparse_q8kv8_fp8,steady,ok,,2,262144,32768,2048,64,576,512,10,30,53.242366790771484,50.45561599731445,53.762176513671875,52.59828491210938,1.2800238969614712,3.366086632013321,130.17185777425766,22.21711352467537,48.69680106639862,204.45185899734497,18691697672192,134217728,351.0681211007291,2520882073.6208143,84020297728,1578.07217808663,0.3547934523504084,0.6470492185126108,9637480448,10420748288,54.0,311.47,1740.0,1593.0,58.0,330.88,1695.0,1593.0,20260803,2026-08-11T06:57:53.465396+00:00
prefillq32768_b2_h524288_sparse_q8kv8_steady,full,prefill,sglang_sparse_q8kv8_fp8,steady,ok,,2,524288,32768,2048,64,576,512,10,30,56.605918884277344,53.81721496582031,57.064510345458984,55.81933962504069,1.206885848936213,3.392893821001053,131.5656378865242,24.35705065727234,52.958328276872635,212.27391064167023,18691697672192,134217728,330.20747724994067,2371089996.337465,84020297728,1484.302337707253,0.3337114474481462,0.6086012293901529,9939470336,10722738176,55.0,316.84,1740.0,1593.0,57.0,328.45,1725.0,1593.0,20260803,2026-08-11T06:57:55.933998+00:00
prefillq2_b4_h2048_sparse_q8kv8_steady,full,prefill,sglang_sparse_q8kv8_fp8,steady,ok,,4,2048,2,2048,64,576,512,10,30,0.07276800274848938,0.07222399860620499,0.0748480036854744,0.07301226705312729,0.0008723152955631275,2.1619871258735657,1.008652150630951,0.5556605756282806,0.12109801173210144,3.8473978638648987,2281701376,16384,31.355833468266614,225153905.30407438,10256384,140.94634472035057,0.03168856338379648,0.05779154050741106,297598976,314572800,55.0,309.25,1740.0,1593.0,55.0,299.08,1740.0,1593.0,20260803,2026-08-11T06:57:58.531636+00:00
prefillq2_b4_h4096_sparse_q8kv8_steady,full,prefill,sglang_sparse_q8kv8_fp8,steady,ok,,4,4096,2,2048,64,576,512,10,30,0.07315199822187424,0.07248000055551529,0.07606399804353714,0.07342293312152227,0.0009833505767214265,0.5443915724754333,1.008935272693634,0.5860105156898499,0.11864304542541504,2.2579804062843323,2281701376,16384,31.191237853537068,223972008.9437117,10256384,140.2064775987635,0.031522221175883845,0.057488176409447866,325910528,335544320,55.0,277.55,1740.0,1593.0,54.0,258.05,1740.0,1593.0,20260803,2026-08-11T06:57:58.637913+00:00
prefillq2_b4_h8192_sparse_q8kv8_steady,full,prefill,sglang_sparse_q8kv8_fp8,steady,ok,,4,8192,2,2048,64,576,512,10,30,0.07251200079917908,0.07212799787521362,0.07503999769687653,0.07287999987602234,0.000989027722830077,0.5394294857978821,1.0037235915660858,0.72493776679039,0.12158602476119995,2.389676868915558,2281701376,16384,31.466534516391825,225948805.98282272,10256384,141.44395254524701,0.031800439127227714,0.057995572210584115,382533632,394264576,54.0,240.61,1755.0,1593.0,54.0,226.54,1755.0,1593.0,20260803,2026-08-11T06:57:58.783891+00:00
prefillq2_b4_h16384_sparse_q8kv8_steady,full,prefill,sglang_sparse_q8kv8_fp8,steady,ok,,4,16384,2,2048,64,576,512,10,30,0.07280000299215317,0.07212799787521362,0.07430399954319,0.07305066684881846,0.0009620984861353799,0.5369745194911957,1.0165683925151825,0.8783899247646332,0.12328103184700012,2.5552138686180115,2281701376,16384,31.34205057994209,225054935.80496103,10256384,140.8843898139056,0.03167463423945638,0.05776613744007681,495779840,507510784,54.0,202.12,1755.0,1593.0,54.0,190.09,1755.0,1593.0,20260803,2026-08-11T06:57:58.891592+00:00
prefillq2_b4_h32768_sparse_q8kv8_steady,full,prefill,sglang_sparse_q8kv8_fp8,steady,ok,,4,32768,2,2048,64,576,512,10,30,0.07289600372314453,0.07225599884986877,0.07587199658155441,0.0732010672489802,0.0010182074950574722,0.5710795521736145,1.0091215372085571,1.0555759072303772,0.124368816614151,2.7601458132267,2281701376,16384,31.300774520723945,224758548.6609888,10256384,140.698851461779,0.03163292018264168,0.05769006205682457,722249216,727711744,54.0,175.42,1755.0,1593.0,54.0,166.53,1755.0,1593.0,20260803,2026-08-11T06:57:59.038657+00:00
prefillq2_b4_h65536_sparse_q8kv8_steady,full,prefill,sglang_sparse_q8kv8_fp8,steady,ok,,4,65536,2,2048,64,576,512,10,30,0.07241600006818771,0.07135999947786331,0.07836800068616867,0.072885333498319,0.00156225027612455,0.5792491137981415,0.9913668036460876,1.6622543334960938,0.12535974383354187,3.3582299947738647,2281701376,16384,31.508249197021716,226248342.69460675,10256384,141.6314625268238,0.031842596459850145,0.05807245601141868,797746688,803209216,54.0,144.84,1755.0,1593.0,54.0,130.44,1755.0,1593.0,20260803,2026-08-11T06:57:59.145738+00:00
prefillq2_b4_h131072_sparse_q8kv8_steady,full,prefill,sglang_sparse_q8kv8_fp8,steady,ok,,4,131072,2,2048,64,576,512,10,30,0.0727040022611618,0.07206399738788605,0.07369600236415863,0.07282133375604948,0.0007712525916100146,0.6027817726135254,1.0545775294303894,2.911258488893509,0.12681260704994202,4.695430397987366,2281701376,16384,31.383435643664367,225352105.66739693,10256384,141.0704181477905,0.031716458457467775,0.05784241372815342,948741632,954204160,54.0,116.65,1755.0,1593.0,54.0,103.3,1755.0,1593.0,20260803,2026-08-11T06:57:59.297808+00:00
prefillq2_b4_h262144_sparse_q8kv8_steady,full,prefill,sglang_sparse_q8kv8_fp8,steady,ok,,4,262144,2,2048,64,576,512,10,30,0.07257600128650665,0.07196799665689468,0.08086399734020233,0.07314133321245511,0.0021158317087085483,0.6888546049594879,1.0624192655086517,5.246832966804504,0.12733787298202515,7.125444710254669,2281701376,16384,31.438786038825402,225749555.08117965,10256384,141.31922148081844,0.031772396198914,0.057944429342163095,1250731520,1256194048,54.0,93.93,1755.0,1593.0,54.0,93.43,1755.0,1593.0,20260803,2026-08-11T06:57:59.406874+00:00
prefillq2_b4_h524288_sparse_q8kv8_steady,full,prefill,sglang_sparse_q8kv8_fp8,steady,ok,,4,524288,2,2048,64,576,512,10,30,0.07280000299215317,0.07231999933719635,0.0740479975938797,0.07298666685819626,0.0007976108604612172,0.7539279758930206,1.1000148952007294,10.12447476387024,0.12646615505218506,12.104883790016174,2281701376,16384,31.34205057994209,225054935.80496103,10256384,140.8843898139056,0.03167463423945638,0.05776613744007681,1854711296,1860173824,54.0,93.72,1755.0,1593.0,54.0,96.86,1755.0,1593.0,20260803,2026-08-11T06:57:59.506617+00:00
prefillq4_b4_h2048_sparse_q8kv8_steady,full,prefill,sglang_sparse_q8kv8_fp8,steady,ok,,4,2048,4,2048,64,576,512,10,30,0.07196799665689468,0.07126399874687195,0.07356800138950348,0.07219093342622121,0.0010793535485083938,0.7797814905643463,1.0108985006809235,0.49212947487831116,0.11774525046348572,2.4005547165870667,4563402752,32768,63.40877840126479,455313493.80503786,20512768,285.0262471219537,0.06408163557480019,0.11686791834797695,298449920,314572800,54.0,96.91,1755.0,1593.0,53.0,97.07,1755.0,1593.0,20260803,2026-08-11T06:57:59.627360+00:00
prefillq4_b4_h4096_sparse_q8kv8_steady,full,prefill,sglang_sparse_q8kv8_fp8,steady,ok,,4,4096,4,2048,64,576,512,10,30,0.07228799909353256,0.07152000069618225,0.07433599978685379,0.07244373311599096,0.0008184223527315112,0.5578026175498962,1.0281018912792206,0.5982480943202972,0.11824443936347961,2.3023970425128937,4563402752,32768,63.128082243575015,453297925.11758256,20512768,283.7645011236067,0.06379796083231432,0.11635057080612894,326761472,335544320,53.0,97.1,1755.0,1593.0,53.0,97.07,1755.0,1593.0,20260803,2026-08-11T06:57:59.803037+00:00
prefillq4_b4_h8192_sparse_q8kv8_steady,full,prefill,sglang_sparse_q8kv8_fp8,steady,ok,,4,8192,4,2048,64,576,512,10,30,0.07231999933719635,0.07187200337648392,0.07603199779987335,0.07266346563895544,0.0010485698754370532,0.5592703819274902,1.03793665766716,0.7356256246566772,0.12201815843582153,2.454850822687149,4563402752,32768,63.100149250871254,453097349.28532326,20512768,283.63894065261235,0.06376973143089566,0.11629908786018951,383384576,394264576,53.0,97.16,1755.0,1593.0,53.0,97.13,1755.0,1593.0,20260803,2026-08-11T06:57:59.924670+00:00
prefillq4_b4_h16384_sparse_q8kv8_steady,full,prefill,sglang_sparse_q8kv8_fp8,steady,ok,,4,16384,4,2048,64,576,512,10,30,0.07215999811887741,0.07180800288915634,0.0740479975938797,0.07245333269238471,0.0007854499141934151,0.6096959114074707,1.0365620255470276,0.8689314126968384,0.12489780783653259,2.6400871574878693,4563402752,32768,63.240061959012046,454102007.40329194,20512768,284.26785663446077,0.06391112881153314,0.11655695920486939,496630784,528482304,53.0,97.09,1755.0,1593.0,53.0,97.1,1755.0,1593.0,20260803,2026-08-11T06:58:00.011363+00:00
prefillq4_b4_h32768_sparse_q8kv8_steady,full,prefill,sglang_sparse_q8kv8_fp8,steady,ok,,4,32768,4,2048,64,576,512,10,30,0.07331199944019318,0.07251200079917908,0.07430399954319,0.07352000003059705,0.001094061421511878,0.5609616637229919,1.0169073939323425,1.1481605470180511,0.1267753541469574,2.852804958820343,4563402752,32768,62.24632784327149,446966393.6356236,20512768,279.80096241590036,0.06290684976581253,0.11472542041124945,723077120,748683264,53.0,96.99,1755.0,1593.0,53.0,97.19,1755.0,1593.0,20260803,2026-08-11T06:58:00.171234+00:00
prefillq4_b4_h65536_sparse_q8kv8_steady,full,prefill,sglang_sparse_q8kv8_fp8,steady,ok,,4,65536,4,2048,64,576,512,10,30,0.07356800138950348,0.07286400347948074,0.07472000271081924,0.0737354670961698,0.000836691717676729,0.6496347486972809,1.0258741676807404,1.773931086063385,0.12789666652679443,3.5773366689682007,4563402752,32768,62.02972305634901,445411039.8692341,20512768,278.8273109581406,0.06268794649454171,0.1143261988651152,798574592,824180736,53.0,96.88,1755.0,1593.0,53.0,97.49,1755.0,1593.0,20260803,2026-08-11T06:58:00.251953+00:00
prefillq4_b4_h131072_sparse_q8kv8_steady,full,prefill,sglang_sparse_q8kv8_fp8,steady,ok,,4,131072,4,2048,64,576,512,10,30,0.07417599856853485,0.07344000041484833,0.07606399804353714,0.07437439933419228,0.0009254370016679817,0.5894191563129425,1.0078437626361847,3.0127987265586853,0.12766197323799133,4.737723618745804,4563402752,32768,61.521285052652814,441760146.5752299,20512768,276.54185175609393,0.062174113241690566,0.11338910320424389,949569536,975175680,53.0,97.4,1755.0,1593.0,53.0,98.1,1755.0,1593.0,20260803,2026-08-11T06:58:00.357565+00:00
prefillq4_b4_h262144_sparse_q8kv8_steady,full,prefill,sglang_sparse_q8kv8_fp8,steady,ok,,4,262144,4,2048,64,576,512,10,30,0.07472000271081924,0.07423999905586243,0.07593599706888199,0.07493120009700457,0.0007610614848514162,0.7019750773906708,1.0023079812526703,5.352471023797989,0.13018399477005005,7.18693807721138,4563402752,32768,61.07337508620342,438543881.3060333,20512768,274.52846969757684,0.06172145031450573,0.11256356600409483,1251559424,1277165568,53.0,98.01,1755.0,1593.0,53.0,98.11,1755.0,1593.0,20260803,2026-08-11T06:58:00.439982+00:00
prefillq4_b4_h524288_sparse_q8kv8_steady,full,prefill,sglang_sparse_q8kv8_fp8,steady,ok,,4,524288,4,2048,64,576,512,10,30,0.07475200295448303,0.07385600358247757,0.07814399898052216,0.0749429335196813,0.0010056174634711565,0.7522813975811005,1.0421238839626312,10.231409221887589,0.1279674470424652,12.153781950473785,4563402752,32768,61.04723046389386,438356147.05806136,20512768,274.4109480583464,0.06169502826063048,0.1125153791810342,1855539200,1881145344,53.0,98.24,1755.0,1593.0,53.0,98.53,1755.0,1593.0,20260803,2026-08-11T06:58:00.534233+00:00
prefillq8_b4_h2048_sparse_q8kv8_steady,full,prefill,sglang_sparse_q8kv8_fp8,steady,ok,,4,2048,8,2048,64,576,512,10,30,0.07023999840021133,0.06969600170850754,0.07107199728488922,0.07045226643482844,0.0009561690912370812,0.7397793233394623,1.0056756436824799,0.3988705575466156,0.11736154556274414,2.261687070131302,9126805504,65536,129.937438950348,933029634.0069795,41025536,584.0765508883692,0.13131625967695604,0.23948605206517606,300151808,312475648,53.0,98.08,1755.0,1593.0,53.0,98.07,1755.0,1593.0,20260803,2026-08-11T06:58:00.625026+00:00
prefillq8_b4_h4096_sparse_q8kv8_steady,full,prefill,sglang_sparse_q8kv8_fp8,steady,ok,,4,4096,8,2048,64,576,512,10,30,0.07065600156784058,0.06982400268316269,0.07532799988985062,0.07122559994459152,0.0017531673045303596,0.5366504192352295,0.9964294731616974,0.5778558552265167,0.1175515353679657,2.2284872829914093,9126805504,65536,129.1724029307952,927536211.3022403,41025536,580.6376682752024,0.1305431055389542,0.23807602384320709,328463360,354418688,53.0,97.94,1755.0,1593.0,53.0,98.2,1755.0,1593.0,20260803,2026-08-11T06:58:00.703977+00:00
prefillq8_b4_h8192_sparse_q8kv8_steady,full,prefill,sglang_sparse_q8kv8_fp8,steady,ok,,4,8192,8,2048,64,576,512,10,30,0.08124800026416779,0.0732479989528656,0.11699199676513672,0.08840213318665822,0.020463183475011096,0.6393119692802429,1.0060109198093414,0.6068460643291473,0.12176111340522766,2.3739300668239594,9126805504,65536,112.3326786422475,806616775.6365428,41025536,504.94210154847576,0.1135246878648282,0.2070389407645465,385985536,413138944,53.0,98.11,1755.0,1593.0,53.0,98.43,1755.0,1593.0,20260803,2026-08-11T06:58:00.809001+00:00
prefillq8_b4_h16384_sparse_q8kv8_steady,full,prefill,sglang_sparse_q8kv8_fp8,steady,ok,,4,16384,8,2048,64,576,512,10,30,0.07199999690055847,0.07116799801588058,0.07583999633789062,0.07242240011692047,0.001507929570784754,0.6444230675697327,1.046929508447647,0.6834119558334351,0.12496113777160645,2.4997256696224213,9126805504,65536,126.76119301234593,910222261.4052873,41025536,569.7991356397098,0.12810630925957142,0.23363195330638156,499231744,526385152,53.0,98.39,1755.0,1593.0,53.0,98.79,1755.0,1593.0,20260803,2026-08-11T06:58:00.913574+00:00
prefillq8_b4_h32768_sparse_q8kv8_steady,full,prefill,sglang_sparse_q8kv8_fp8,steady,ok,,4,32768,8,2048,64,576,512,10,30,0.07753600180149078,0.07708799839019775,0.07846400141716003,0.07777599965532621,0.0009546075083599614,0.6830394268035889,1.026846468448639,0.9484700858592987,0.13064593076705933,2.789001911878586,9126805504,65536,117.71055112393633,845233162.3674196,41025536,529.1159596420047,0.11895962720963751,0.21695082959007392,725632000,746586112,53.0,98.78,1755.0,1593.0,53.0,99.12,1755.0,1593.0,20260803,2026-08-11T06:58:01.044067+00:00
prefillq8_b4_h65536_sparse_q8kv8_steady,full,prefill,sglang_sparse_q8kv8_fp8,steady,ok,,4,65536,8,2048,64,576,512,10,30,0.07760000228881836,0.07718399912118912,0.07862400263547897,0.07777386729915937,0.0007978506966156251,0.6738603115081787,1.0193176567554474,1.558244228363037,0.13427436351776123,3.3856965601444244,9126805504,65536,117.6134695206718,844536057.5645666,41025536,528.6795720354187,0.11886151543271531,0.2167718997136519,801129472,822083584,53.0,98.9,1755.0,1593.0,53.0,99.56,1755.0,1593.0,20260803,2026-08-11T06:58:01.136511+00:00
prefillq8_b4_h131072_sparse_q8kv8_steady,full,prefill,sglang_sparse_q8kv8_fp8,steady,ok,,4,131072,8,2048,64,576,512,10,30,0.07884799689054489,0.07823999971151352,0.08441600203514099,0.07940159961581231,0.0019815586083347094,0.7428787648677826,1.0088756680488586,2.815399318933487,0.1326538622379303,4.6998076140880585,9126805504,65536,115.75190066869595,831168863.9468632,41025536,520.3117088307363,0.11698019269196155,0.2133408656821319,952124416,973078528,53.0,99.66,1755.0,1593.0,53.0,99.96,1755.0,1593.0,20260803,2026-08-11T06:58:01.261832+00:00
prefillq8_b4_h262144_sparse_q8kv8_steady,full,prefill,sglang_sparse_q8kv8_fp8,steady,ok,,4,262144,8,2048,64,576,512,10,30,0.0801599994301796,0.07929600030183792,0.08495999872684479,0.0806229330599308,0.0015929601488051726,0.7834620773792267,1.0005421936511993,5.130752921104431,0.1347959041595459,7.049553096294403,9126805504,65536,113.8573549011757,817564876.071172,41025536,511.79561242055365,0.11506554310376522,0.20984905231421114,1254114304,1275068416,53.0,99.43,1755.0,1593.0,53.0,100.06,1755.0,1593.0,20260803,2026-08-11T06:58:01.346734+00:00
prefillq8_b4_h524288_sparse_q8kv8_steady,full,prefill,sglang_sparse_q8kv8_fp8,steady,ok,,4,524288,8,2048,64,576,512,10,30,0.08060800284147263,0.07968000322580338,0.08380799740552902,0.08094826688369115,0.0012365550735516533,0.9155087172985077,1.0822191834449768,10.04234328866005,0.13497844338417053,12.175049632787704,9126805504,65536,113.22455813660576,813021011.4358755,41025536,508.9511531588581,0.11442603146700936,0.20868275259235514,1858094080,1879048192,53.0,100.1,1755.0,1593.0,53.0,102.03,1755.0,1593.0,20260803,2026-08-11T06:58:01.454556+00:00
prefillq16_b4_h2048_sparse_q8kv8_steady,full,prefill,sglang_sparse_q8kv8_fp8,steady,ok,,4,2048,16,2048,64,576,512,10,30,0.070592001080513,0.07001599669456482,0.077504001557827,0.07144746631383896,0.003040717999115749,0.8555501699447632,1.2648366391658783,0.400349497795105,0.12134388089179993,2.6420801877975464,18253611008,131072,258.57902777371373,1856754278.0166712,82051072,1162.3281780384364,0.2613229184170932,0.4765837391334267,303707136,316669952,53.0,99.86,1755.0,1593.0,53.0,99.67,1755.0,1593.0,20260803,2026-08-11T06:58:01.573319+00:00
prefillq16_b4_h4096_sparse_q8kv8_steady,full,prefill,sglang_sparse_q8kv8_fp8,steady,ok,,4,4096,16,2048,64,576,512,10,30,0.07097599655389786,0.07023999840021133,0.07353600114583969,0.07127999936540921,0.001250042513039492,0.5512014031410217,1.3257116079330444,0.5921423435211182,0.12223795056343079,2.591293305158615,18253611008,131072,257.1800593759687,1846708836.2819445,82051072,1156.0397315124974,0.2599091049782402,0.4740053181544822,331867136,358612992,52.0,99.65,1755.0,1593.0,52.0,99.95,1755.0,1593.0,20260803,2026-08-11T06:58:01.730371+00:00
prefillq16_b4_h8192_sparse_q8kv8_steady,full,prefill,sglang_sparse_q8kv8_fp8,steady,ok,,4,8192,16,2048,64,576,512,10,30,0.07177600264549255,0.07123199850320816,0.07503999769687653,0.07213759993513426,0.0012959842700590622,0.640522688627243,1.2719109654426575,0.5976967513561249,0.1295320689678192,2.6396624743938446,18253611008,131072,254.31356352005352,1826125657.169502,82051072,1143.1546613881085,0.25701219153113036,0.46872211585851703,388490240,417333248,52.0,99.68,1755.0,1593.0,53.0,99.78,1755.0,1593.0,20260803,2026-08-11T06:58:01.831795+00:00
prefillq16_b4_h16384_sparse_q8kv8_steady,full,prefill,sglang_sparse_q8kv8_fp8,steady,ok,,4,16384,16,2048,64,576,512,10,30,0.07900799810886383,0.07827199995517731,0.08054400235414505,0.07922559926907222,0.0011211082801480757,0.6507225334644318,1.277003437280655,0.6645657122135162,0.1339241862297058,2.7262158691883087,18253611008,131072,231.0349767734736,1658971283.1275392,82051072,1038.5160232378396,0.23348658592569338,0.4258176467337604,501736448,530579456,52.0,99.46,1755.0,1593.0,52.0,99.91,1755.0,1593.0,20260803,2026-08-11T06:58:01.985177+00:00
prefillq16_b4_h32768_sparse_q8kv8_steady,full,prefill,sglang_sparse_q8kv8_fp8,steady,ok,,4,32768,16,2048,64,576,512,10,30,0.08454400300979614,0.0835840031504631,0.08582399785518646,0.08464213286836943,0.0009460289170145365,0.6424784660339355,1.2825056910514832,0.9481199085712433,0.14002248644828796,3.01312655210495,18253611008,131072,215.9066327375692,1550340595.8292825,82051072,970.5132129891308,0.2181977086786955,0.3979347869767127,728044544,750780416,52.0,100.01,1755.0,1593.0,52.0,100.24,1755.0,1593.0,20260803,2026-08-11T06:58:02.137484+00:00
prefillq16_b4_h65536_sparse_q8kv8_steady,full,prefill,sglang_sparse_q8kv8_fp8,steady,ok,,4,65536,16,2048,64,576,512,10,30,0.08953599631786346,0.08825600147247314,0.09132800251245499,0.08980373293161392,0.0012769431026388067,0.6994195282459259,1.291658729314804,1.552235335111618,0.14407187700271606,3.687385469675064,18253611008,131072,203.8689662110589,1463902847.9079943,82051072,916.4031827904045,0.20603230541794734,0.3757483158887865,803542016,826277888,52.0,100.21,1755.0,1593.0,52.0,100.61,1755.0,1593.0,20260803,2026-08-11T06:58:02.241118+00:00
prefillq16_b4_h131072_sparse_q8kv8_steady,full,prefill,sglang_sparse_q8kv8_fp8,steady,ok,,4,131072,16,2048,64,576,512,10,30,0.09158399701118469,0.0907839983701706,0.11488000303506851,0.09406933387120565,0.00679739306334009,0.697210431098938,1.2582018971443176,2.8189606964588165,0.14583393931388855,4.920206964015961,18253611008,131072,199.3100498307666,1431167062.7783678,82051072,895.9105812992582,0.20142501246161354,0.36734583470683346,954536960,977272832,52.0,99.22,1755.0,1593.0,52.0,100.31,1755.0,1593.0,20260803,2026-08-11T06:58:02.393527+00:00
prefillq16_b4_h262144_sparse_q8kv8_steady,full,prefill,sglang_sparse_q8kv8_fp8,steady,ok,,4,262144,16,2048,64,576,512,10,30,0.09487999975681305,0.09385599941015244,0.10044799745082855,0.0954805331925551,0.0024246586153264583,0.7664225995540619,1.2700967490673065,5.127571523189545,0.14886632561683655,7.31295719742775,18253611008,131072,192.38628852008682,1381450256.4918916,82051072,864.7878605639241,0.19442778021231613,0.354584737711764,1256526848,1279262720,52.0,97.43,1755.0,1593.0,52.0,99.06,1755.0,1593.0,20260803,2026-08-11T06:58:02.526837+00:00
prefillq16_b4_h524288_sparse_q8kv8_steady,full,prefill,sglang_sparse_q8kv8_fp8,steady,ok,,4,524288,16,2048,64,576,512,10,30,0.09567999839782715,0.0947519987821579,0.0966079980134964,0.09587946683168411,0.0012725031284233947,0.8740425109863281,1.3100504875183105,9.994085878133774,0.14904513955116272,12.327224016189575,18253611008,131072,190.77771021800658,1369899688.4909708,82051072,857.5572049953478,0.19280213261041595,0.3516199873664066,1860506624,1883242496,52.0,98.53,1755.0,1593.0,52.0,100.46,1755.0,1593.0,20260803,2026-08-11T06:58:02.652124+00:00
prefillq32_b4_h2048_sparse_q8kv8_steady,full,prefill,sglang_sparse_q8kv8_fp8,steady,ok,,4,2048,32,2048,64,576,512,10,30,0.13728000223636627,0.13583999872207642,0.13875199854373932,0.13743466685215633,0.0011104228516592139,0.764261931180954,1.190241426229477,0.47098472714424133,0.1841336488723755,2.6096217334270477,36507222016,262144,265.93255697317454,1909557078.4493806,164102144,1195.3827311093123,0.26875447900270294,0.4901369358945066,310363136,335544320,52.0,100.39,1755.0,1593.0,52.0,101.29,1755.0,1593.0,20260803,2026-08-11T06:58:02.833858+00:00
prefillq32_b4_h4096_sparse_q8kv8_steady,full,prefill,sglang_sparse_q8kv8_fp8,steady,ok,,4,4096,32,2048,64,576,512,10,30,0.13811199367046356,0.13657599687576294,0.13926400244235992,0.13805440068244934,0.0009128107366318071,0.6361119449138641,1.1980831623077393,0.47694891691207886,0.19092857837677002,2.5020726025104523,36507222016,262144,264.3305700380124,1898053840.4613714,164102144,1188.1817041288186,0.26713549271148296,0.48718433401423883,338674688,356515840,52.0,101.21,1755.0,1593.0,52.0,101.7,1755.0,1593.0,20260803,2026-08-11T06:58:02.961675+00:00
prefillq32_b4_h8192_sparse_q8kv8_steady,full,prefill,sglang_sparse_q8kv8_fp8,steady,ok,,4,8192,32,2048,64,576,512,10,30,0.1496960073709488,0.14534400403499603,0.15308800339698792,0.14943573276201885,0.002752332182586603,0.8005276322364807,1.60897895693779,0.7885433733463287,0.20776689052581787,3.4058168530464172,36507222016,262144,243.87572292115044,1751175629.8910732,164102144,1096.2359443118119,0.24646359062268866,0.44948426372513683,395297792,415236096,52.0,100.73,1755.0,1593.0,52.0,100.65,1755.0,1593.0,20260803,2026-08-11T06:58:03.089887+00:00
prefillq32_b4_h16384_sparse_q8kv8_steady,full,prefill,sglang_sparse_q8kv8_fp8,steady,ok,,4,16384,32,2048,64,576,512,10,30,0.15811200439929962,0.15436799824237823,0.16291199624538422,0.1584842657049497,0.0023725567329227334,0.797320157289505,1.7130039632320404,0.9374208748340607,0.2131722867488861,3.660917282104492,36507222016,262144,230.89468857661078,1657963928.772768,164102144,1037.8854194117528,0.23334480907186536,0.42555908333056097,508544000,549453824,52.0,100.43,1755.0,1593.0,52.0,101.33,1755.0,1593.0,20260803,2026-08-11T06:58:03.222489+00:00
prefillq32_b4_h32768_sparse_q8kv8_steady,full,prefill,sglang_sparse_q8kv8_fp8,steady,ok,,4,32768,32,2048,64,576,512,10,30,0.1598079949617386,0.15699200332164764,0.16223999857902527,0.1599904015660286,0.0016668315005337715,0.6466768682003021,1.1738650500774384,1.0398328304290771,0.20859017968177795,3.0689649283885956,36507222016,262144,228.44427792702487,1640368493.8463988,164102144,1026.8706771478458,0.2308683960859271,0.42104276242144995,734667776,769654784,52.0,100.71,1755.0,1593.0,52.0,102.51,1755.0,1593.0,20260803,2026-08-11T06:58:03.354025+00:00
prefillq32_b4_h65536_sparse_q8kv8_steady,full,prefill,sglang_sparse_q8kv8_fp8,steady,ok,,4,65536,32,2048,64,576,512,10,30,0.16835199296474457,0.16467200219631195,0.17139199376106262,0.16853866676489512,0.0021489464398108185,0.7083527743816376,1.178242266178131,1.642707735300064,0.21520256996154785,3.7445053458213806,36507222016,262144,216.85054850313034,1557118483.6219723,164102144,974.7561707473546,0.2191516407308038,0.3996745061985353,810165248,845152256,52.0,101.44,1755.0,1593.0,52.0,102.67,1755.0,1593.0,20260803,2026-08-11T06:58:03.463152+00:00
prefillq32_b4_h131072_sparse_q8kv8_steady,full,prefill,sglang_sparse_q8kv8_fp8,steady,ok,,4,131072,32,2048,64,576,512,10,30,0.1735360026359558,0.17110399901866913,0.1780479997396469,0.17379839966694513,0.002056887767993402,0.672806054353714,1.18362158536911,2.89226695895195,0.23098289966583252,4.979677498340607,36507222016,262144,210.37261122457065,1510602964.330844,164102144,945.6374556711082,0.21260496333963683,0.38773510184440674,961160192,996147200,52.0,102.96,1755.0,1593.0,52.0,103.49,1755.0,1593.0,20260803,2026-08-11T06:58:03.555246+00:00
prefillq32_b4_h262144_sparse_q8kv8_steady,full,prefill,sglang_sparse_q8kv8_fp8,steady,ok,,4,262144,32,2048,64,576,512,10,30,0.1812479943037033,0.177824005484581,0.18300800025463104,0.1810421332716942,0.001997247898371505,0.8409582078456879,1.235123723745346,5.17486035823822,0.23284927010536194,7.483791559934616,36507222016,262144,201.42138486138313,1446327729.0712829,164102144,905.401158398623,0.20355875175480861,0.37123720962659373,1263150080,1298137088,52.0,103.49,1755.0,1593.0,52.0,105.65,1755.0,1593.0,20260803,2026-08-11T06:58:03.640833+00:00
prefillq32_b4_h524288_sparse_q8kv8_steady,full,prefill,sglang_sparse_q8kv8_fp8,steady,ok,,4,524288,32,2048,64,576,512,10,30,0.18323199450969696,0.1802240014076233,0.18585599958896637,0.183317331969738,0.001755443900265836,0.8513778448104858,1.2295842170715332,10.09233295917511,0.22999942302703857,12.403294444084167,36507222016,262144,199.24043349355114,1430667175.246662,164102144,895.5976517044103,0.20135465739621136,0.367217525715263,1867129856,1902116864,52.0,103.66,1755.0,1593.0,52.0,107.07,1755.0,1593.0,20260803,2026-08-11T06:58:03.777931+00:00
prefillq64_b4_h2048_sparse_q8kv8_steady,full,prefill,sglang_sparse_q8kv8_fp8,steady,ok,,4,2048,64,2048,64,576,512,10,30,0.19708800315856934,0.19404800236225128,0.19913600385189056,0.19720320055882137,0.0016832029836844494,0.830482691526413,1.1796541512012482,0.5546584725379944,0.23999810218811035,2.804793417453766,73014444032,524288,370.4662022135128,2660172063.2289233,328204288,1665.2677115813062,0.37439737464730954,0.6828015767310593,346833920,367001600,52.0,106.1,1755.0,1593.0,53.0,108.68,1755.0,1593.0,20260803,2026-08-11T06:58:03.873628+00:00
prefillq64_b4_h4096_sparse_q8kv8_steady,full,prefill,sglang_sparse_q8kv8_fp8,steady,ok,,4,4096,64,2048,64,576,512,10,30,0.19942399859428406,0.1966399997472763,0.20182399451732635,0.19941119949022929,0.001379012960125277,0.6413199007511139,1.1900663375854492,0.6695352494716644,0.24612247943878174,2.7470439672470093,73014444032,524288,366.1266675358537,2629011571.8050156,328204288,1645.7612439499399,0.37001179134497597,0.6748034351935026,352289792,387973120,53.0,108.81,1755.0,1593.0,51.0,109.65,1755.0,1593.0,20260803,2026-08-11T06:58:03.961836+00:00
prefillq64_b4_h8192_sparse_q8kv8_steady,full,prefill,sglang_sparse_q8kv8_fp8,steady,ok,,4,8192,64,2048,64,576,512,10,30,0.2062399983406067,0.20297600328922272,0.20768000185489655,0.20621759990851085,0.0016323792568977927,0.9256452322006226,1.1686906218528748,0.832781195640564,0.2520829439163208,3.179199993610382,73014444032,524288,354.0265933837731,2542125699.2745657,328204288,1591.3706877458783,0.35778331822513704,0.6525019413993624,408912896,467664896,51.0,109.46,1755.0,1593.0,53.0,111.68,1755.0,1593.0,20260803,2026-08-11T06:58:04.070775+00:00
prefillq64_b4_h16384_sparse_q8kv8_steady,full,prefill,sglang_sparse_q8kv8_fp8,steady,ok,,4,16384,64,2048,64,576,512,10,30,0.2231680005788803,0.21199999749660492,0.24476799368858337,0.22547733336687087,0.01077199464376116,0.7682628929615021,1.847248524427414,0.9308233857154846,0.26502087712287903,3.8113556802272797,73014444032,524288,327.17255091503375,2349297384.2129607,328204288,1470.6601625173134,0.33064431623550655,0.6030075950063536,522159104,580911104,53.0,111.03,1755.0,1593.0,52.0,112.03,1755.0,1593.0,20260803,2026-08-11T06:58:04.180293+00:00
prefillq64_b4_h32768_sparse_q8kv8_steady,full,prefill,sglang_sparse_q8kv8_fp8,steady,ok,,4,32768,64,2048,64,576,512,10,30,0.22022399306297302,0.21875199675559998,0.22441600263118744,0.22080746640761692,0.0017804143423790916,0.7426440715789795,1.1567920446395874,1.1358149349689484,0.2679750323295593,3.3032260835170746,73014444032,524288,331.54627257676475,2380703358.9209323,328204288,1490.3203026845038,0.33506444929435547,0.6110687461423256,747914240,801112064,52.0,112.09,1755.0,1593.0,53.0,112.38,1755.0,1593.0,20260803,2026-08-11T06:58:04.276187+00:00
prefillq64_b4_h65536_sparse_q8kv8_steady,full,prefill,sglang_sparse_q8kv8_fp8,steady,ok,,4,65536,64,2048,64,576,512,10,30,0.23839999735355377,0.2353920042514801,0.24223999679088593,0.2385280003150304,0.0019418327099824557,0.7743239402770996,1.1893324553966522,1.7341747879981995,0.2863183617591858,3.984149545431137,73014444032,524288,306.2686444736724,2199194655.285446,328204288,1376.6958542086895,0.30951858966515655,0.5644798691498019,823411712,876609536,51.0,112.26,1755.0,1593.0,52.0,112.6,1755.0,1593.0,20260803,2026-08-11T06:58:04.441231+00:00
prefillq64_b4_h131072_sparse_q8kv8_steady,full,prefill,sglang_sparse_q8kv8_fp8,steady,ok,,4,131072,64,2048,64,576,512,10,30,0.2566399872303009,0.2516799867153168,0.3250240087509155,0.26590186754862466,0.019790515915040146,0.802110880613327,1.1599324643611908,2.993084490299225,0.29892846941947937,5.254056304693222,73014444032,524288,284.50143260987255,2042892869.7285194,328204288,1278.8509364500533,0.28752039677602076,0.5243609959763844,974406656,1027604480,51.0,110.63,1755.0,1593.0,51.0,111.42,1755.0,1593.0,20260803,2026-08-11T06:58:04.557174+00:00
prefillq64_b4_h262144_sparse_q8kv8_steady,full,prefill,sglang_sparse_q8kv8_fp8,steady,ok,,4,262144,64,2048,64,576,512,10,30,0.2703680098056793,0.26764801144599915,0.2747519910335541,0.2706240008274714,0.002124503381560127,0.8721537888050079,1.192346215248108,5.324777215719223,0.32032281160354614,7.709600031375885,73014444032,524288,270.055780950111,1939164327.8242116,328204288,1213.9168692179564,0.2729214562406377,0.49773639791248825,1276396544,1329594368,51.0,110.79,1755.0,1593.0,51.0,113.83,1755.0,1593.0,20260803,2026-08-11T06:58:04.718807+00:00
prefillq64_b4_h524288_sparse_q8kv8_steady,full,prefill,sglang_sparse_q8kv8_fp8,steady,ok,,4,524288,64,2048,64,576,512,10,30,0.2761920094490051,0.2728959918022156,0.27900800108909607,0.2763253331184387,0.0018897357451743003,0.9303353726863861,1.2014210224151611,10.192334651947021,0.3307461738586426,12.654837220907211,73014444032,524288,264.3611745961139,1898273599.7538054,328204288,1188.3192734458821,0.26716642202740165,0.4872407408886096,1880376320,1933574144,51.0,110.87,1755.0,1593.0,51.0,112.8,1755.0,1593.0,20260803,2026-08-11T06:58:04.838942+00:00
prefillq128_b4_h2048_sparse_q8kv8_steady,full,prefill,sglang_sparse_q8kv8_fp8,steady,ok,,4,2048,128,2048,64,576,512,10,30,0.3235200047492981,0.3216319978237152,0.32943999767303467,0.3239253322283427,0.0018742510911882396,1.746848225593567,1.5934184193611145,0.5746632814407349,0.36761537194252014,4.282545298337936,146028888064,1048576,451.3751419395552,3241147331.25255,656408576,2028.9582293640965,0.45616487310718057,0.8319238213150347,420512768,440401920,51.0,113.03,1755.0,1593.0,51.0,115.81,1755.0,1593.0,20260803,2026-08-11T06:58:04.988254+00:00
prefillq128_b4_h4096_sparse_q8kv8_steady,full,prefill,sglang_sparse_q8kv8_fp8,steady,ok,,4,4096,128,2048,64,576,512,10,30,0.3246079981327057,0.323199987411499,0.32864001393318176,0.3251829316218694,0.0018283641683494588,0.7277056574821472,1.6296952962875366,0.5768202245235443,0.36980584263801575,3.304027020931244,146028888064,1048576,449.8622612628932,3230283930.254001,656408576,2022.1577403390047,0.45463593861838625,0.8291354500540165,425231360,440401920,51.0,113.91,1755.0,1593.0,51.0,117.75,1755.0,1593.0,20260803,2026-08-11T06:58:05.120522+00:00
prefillq128_b4_h8192_sparse_q8kv8_steady,full,prefill,sglang_sparse_q8kv8_fp8,steady,ok,,4,8192,128,2048,64,576,512,10,30,0.3253439962863922,0.3240639865398407,0.3298879861831665,0.3258272002140681,0.001553794160696712,0.7455199956893921,1.6012638807296753,0.8141994476318359,0.380001962184906,3.5409852862358093,146028888064,1048576,448.8445759898222,3222976332.6475053,656408576,2017.5831842373384,0.45360745425954746,0.8272597671849261,436143104,520093696,51.0,115.8,1755.0,1593.0,51.0,117.26,1755.0,1593.0,20260803,2026-08-11T06:58:05.235958+00:00
prefillq128_b4_h16384_sparse_q8kv8_steady,full,prefill,sglang_sparse_q8kv8_fp8,steady,ok,,4,16384,128,2048,64,576,512,10,30,0.3296000063419342,0.32812801003456116,0.3734079897403717,0.3362976004679998,0.015277481247733843,0.7172897458076477,1.5987865626811981,0.9381063282489777,0.3799758851528168,3.6341585218906403,146028888064,1048576,443.0488023489492,3181359162.0874686,656408576,1991.5308354667552,0.4477501792308734,0.8165776500127808,549389312,654311424,51.0,116.89,1755.0,1593.0,51.0,121.18,1755.0,1593.0,20260803,2026-08-11T06:58:05.393310+00:00
prefillq128_b4_h32768_sparse_q8kv8_steady,full,prefill,sglang_sparse_q8kv8_fp8,steady,ok,,4,32768,128,2048,64,576,512,10,30,0.3381119966506958,0.33632001280784607,0.34060800075531006,0.3381973346074422,0.0014201234594889063,0.7322803139686584,1.6161948442459106,1.2343041598796844,0.387486070394516,3.9702653884887695,146028888064,1048576,431.8950215033711,3101268249.535925,656408576,1941.3939242094891,0.4364780409331694,0.7960202574561336,774407168,874512384,51.0,119.56,1755.0,1593.0,52.0,123.77,1755.0,1593.0,20260803,2026-08-11T06:58:05.530254+00:00
prefillq128_b4_h65536_sparse_q8kv8_steady,full,prefill,sglang_sparse_q8kv8_fp8,steady,ok,,4,65536,128,2048,64,576,512,10,30,0.3659519851207733,0.36508798599243164,0.3692159950733185,0.36652693152427673,0.0015820754718104974,0.7820390164852142,1.6065910458564758,1.887056976556778,0.4157125949859619,4.69139963388443,146028888064,1048576,399.03838208667406,2865337647.106747,656408576,1793.7013670888236,0.4032727459188217,0.7354626004667526,849904640,950009856,51.0,120.6,1755.0,1593.0,51.0,124.17,1755.0,1593.0,20260803,2026-08-11T06:58:05.689448+00:00
prefillq128_b4_h131072_sparse_q8kv8_steady,full,prefill,sglang_sparse_q8kv8_fp8,steady,ok,,4,131072,128,2048,64,576,512,10,30,0.40252798795700073,0.400736004114151,0.4055359959602356,0.40271466771761577,0.001401856274945468,0.7691197097301483,1.592833548784256,3.0929744243621826,0.449497252702713,5.9044249355793,146028888064,1048576,362.7794648644388,2604976626.152048,656408576,1630.715367971182,0.366629070100494,0.6686342482392679,1000899584,1101004800,51.0,122.6,1755.0,1593.0,51.0,127.33,1755.0,1593.0,20260803,2026-08-11T06:58:05.808597+00:00
prefillq128_b4_h262144_sparse_q8kv8_steady,full,prefill,sglang_sparse_q8kv8_fp8,steady,ok,,4,262144,128,2048,64,576,512,10,30,0.43958398699760437,0.43721601366996765,0.4431680142879486,0.4401909351348877,0.0022109606885888132,0.8558556437492371,1.6190782189369202,5.423314869403839,0.49219653010368347,8.39044526219368,146028888064,1048576,332.1979243634182,2385382614.052578,656408576,1493.2495163969138,0.33572301603175164,0.6122697973171645,1302889472,1402994688,51.0,127.8,1755.0,1593.0,51.0,129.64,1755.0,1593.0,20260803,2026-08-11T06:58:05.906918+00:00
prefillq128_b4_h524288_sparse_q8kv8_steady,full,prefill,sglang_sparse_q8kv8_fp8,steady,ok,,4,524288,128,2048,64,576,512,10,30,0.4556159973144531,0.4513919949531555,0.4614720046520233,0.4558794657389323,0.002703456684753572,0.9224042296409607,1.634746789932251,10.287903249263763,0.5014874041080475,13.346541672945023,146028888064,1048576,320.5086935593594,2301446845.9857497,656408576,1440.7057255870793,0.3239097458912172,0.5907255237070589,1906869248,2006974464,51.0,126.08,1755.0,1593.0,52.0,134.14,1755.0,1593.0,20260803,2026-08-11T06:58:06.070873+00:00
prefillq256_b4_h2048_sparse_q8kv8_steady,full,prefill,sglang_sparse_q8kv8_fp8,steady,ok,,4,2048,256,2048,64,576,512,10,30,0.5624960064888,0.5606080293655396,0.5668799877166748,0.5629546682039896,0.0024964667806689086,1.0103732347488403,1.9013956189155579,0.6011947989463806,0.6074234843254089,4.120387136936188,292057776128,2097152,519.2175104514546,3728296691.5459456,1312817152,2333.9137289077617,0.5247271454789839,0.9569632335807641,567870464,585105408,51.0,131.29,1755.0,1593.0,51.0,137.66,1755.0,1593.0,20260803,2026-08-11T06:58:06.180594+00:00
prefillq256_b4_h4096_sparse_q8kv8_steady,full,prefill,sglang_sparse_q8kv8_fp8,steady,ok,,4,4096,256,2048,64,576,512,10,30,0.5625600218772888,0.5615040063858032,0.5676479935646057,0.5630303978919983,0.001971771458756206,0.7640756666660309,1.89879909157753,0.6376616656780243,0.6103739142417908,3.910910338163376,292057776128,2097152,519.1584271370541,3727872437.507569,1312817152,2333.648145879738,0.5246674352067248,0.9568543378704669,572589056,585105408,51.0,134.16,1755.0,1593.0,51.0,138.63,1755.0,1593.0,20260803,2026-08-11T06:58:06.370689+00:00
prefillq256_b4_h8192_sparse_q8kv8_steady,full,prefill,sglang_sparse_q8kv8_fp8,steady,ok,,4,8192,256,2048,64,576,512,10,30,0.5715519785881042,0.5702720284461975,0.579039990901947,0.5722485303878784,0.00211112157178898,0.7487647235393524,1.909106969833374,0.7094666361808777,0.616706907749176,3.98404523730278,292057776128,2097152,510.99075336851377,3669223585.1944056,1312817152,2296.9339643316985,0.5164130908221463,0.9418006015402359,582026240,585105408,51.0,138.38,1755.0,1593.0,51.0,143.23,1755.0,1593.0,20260803,2026-08-11T06:58:06.511617+00:00
prefillq256_b4_h16384_sparse_q8kv8_steady,full,prefill,sglang_sparse_q8kv8_fp8,steady,ok,,4,16384,256,2048,64,576,512,10,30,0.5687040090560913,0.566752016544342,0.574400007724762,0.569025069475174,0.002239477332069462,0.7613375782966614,1.9052401185035706,0.9752139449119568,0.616319477558136,4.258111119270325,292057776128,2097152,513.5497050789988,3687598410.7809544,1312817152,2308.4366051488773,0.5189991966437583,0.9465169731073535,605684736,759169024,52.0,141.51,1755.0,1593.0,54.0,145.82,1755.0,1593.0,20260803,2026-08-11T06:58:06.641949+00:00
prefillq256_b4_h32768_sparse_q8kv8_steady,full,prefill,sglang_sparse_q8kv8_fp8,steady,ok,,4,32768,256,2048,64,576,512,10,30,0.5858880281448364,0.5841919779777527,0.5882560014724731,0.5861472010612487,0.0017439515537391456,0.7457435131072998,1.8993355333805084,1.2873224914073944,0.6361007690429688,4.568502306938171,292057776128,2097152,498.487359526317,3579441632.6280804,1312817152,2240.7304620251784,0.5037770182176018,0.918755754320891,827393024,943718400,51.0,144.19,1755.0,1593.0,51.0,146.26,1725.0,1593.0,20260803,2026-08-11T06:58:06.796584+00:00
prefillq256_b4_h65536_sparse_q8kv8_steady,full,prefill,sglang_sparse_q8kv8_fp8,steady,ok,,4,65536,256,2048,64,576,512,10,30,0.6403200030326843,0.6385279893875122,0.6438720226287842,0.6408053318659465,0.0019410063499537761,0.801965594291687,1.9159018993377686,1.9271411001682281,0.6890930235385895,5.334101617336273,292057776128,2097152,456.11221693021554,3275162403.2787766,1312817152,2050.251664452514,0.46095221518970747,0.8406546643808538,902890496,1019215872,52.0,147.32,1740.0,1593.0,52.0,150.42,1740.0,1593.0,20260803,2026-08-11T06:58:06.928266+00:00
prefillq256_b4_h131072_sparse_q8kv8_steady,full,prefill,sglang_sparse_q8kv8_fp8,steady,ok,,4,131072,256,2048,64,576,512,10,30,0.7147200107574463,0.7062079906463623,0.7217280268669128,0.7137791991233826,0.006434516020619274,0.8424073457717896,1.9046366214752197,3.0925609171390533,0.7592998445034027,6.598904728889465,292057776128,2097152,408.6324319064229,2934228744.732471,1312817152,1836.827194202527,0.41296860222983617,0.7531452724757509,1053885440,1170210816,52.0,149.99,1740.0,1593.0,52.0,152.56,1725.0,1593.0,20260803,2026-08-11T06:58:07.036637+00:00
prefillq256_b4_h262144_sparse_q8kv8_steady,full,prefill,sglang_sparse_q8kv8_fp8,steady,ok,,4,262144,256,2048,64,576,512,10,30,0.7912319898605347,0.7863360047340393,0.7978559732437134,0.7913973311583201,0.0034440480094072774,0.8740685880184174,1.9180625677108765,5.503784865140915,0.8395761251449585,9.135492146015167,292057776128,2097152,369.11775543792044,2650489397.3885603,1312817152,1659.2063627652387,0.3730346189367564,0.6803162715156007,1355875328,1472200704,52.0,152.46,1740.0,1593.0,51.0,157.36,1740.0,1593.0,20260803,2026-08-11T06:58:07.196031+00:00
prefillq256_b4_h524288_sparse_q8kv8_steady,full,prefill,sglang_sparse_q8kv8_fp8,steady,ok,,4,524288,256,2048,64,576,512,10,30,0.8397759795188904,0.8332800269126892,0.8511679768562317,0.8405066629250845,0.004815808356905408,0.9639114141464233,1.9147656857967377,10.349910706281662,0.8959248661994934,14.124512672424316,292057776128,2097152,347.7805786911416,2497275524.8387356,1312817152,1563.2944785490483,0.35147102444784395,0.6409899906331864,1959855104,2076180480,51.0,156.01,1740.0,1593.0,53.0,162.77,1680.0,1593.0,20260803,2026-08-11T06:58:07.339431+00:00
prefillq512_b4_h2048_sparse_q8kv8_steady,full,prefill,sglang_sparse_q8kv8_fp8,steady,ok,,4,2048,512,2048,64,576,512,10,30,1.1039680242538452,1.0919359922409058,1.1637760400772095,1.1239925384521485,0.031265521459944635,0.9476654231548309,3.034651279449463,0.8285678923130035,1.1447668075561523,5.95565140247345,584115552256,4194304,529.1054989122485,3799298446.9227405,2625634304,2378.3608277736357,0.5347200595373911,0.9751876601853737,862585856,880803840,53.0,162.55,1725.0,1593.0,52.0,169.75,1695.0,1593.0,20260803,2026-08-11T06:58:07.491440+00:00
prefillq512_b4_h4096_sparse_q8kv8_steady,full,prefill,sglang_sparse_q8kv8_fp8,steady,ok,,4,4096,512,2048,64,576,512,10,30,1.0765759944915771,1.0746879577636719,1.1130880117416382,1.086732800801595,0.015829681697198346,0.7802769541740417,3.0103586614131927,0.8468702435493469,1.1156797409057617,5.753185600042343,584115552256,4194304,542.5678774602939,3895966491.4141045,2625634304,2438.8750236252295,0.5483252930371842,1.0,867304448,872415232,52.0,168.46,1740.0,1593.0,56.0,176.03,1725.0,1593.0,20260803,2026-08-11T06:58:07.640912+00:00
prefillq512_b4_h8192_sparse_q8kv8_steady,full,prefill,sglang_sparse_q8kv8_fp8,steady,ok,,4,8192,512,2048,64,576,512,10,30,1.1128640174865723,1.1093120574951172,1.1588799953460693,1.130345598856608,0.02247401467259098,0.8103922009468079,3.0201971530914307,0.9375810623168945,1.1502429842948914,5.918413400650024,584115552256,4194304,524.8759444799355,3768927680.3763747,2625634304,2359.3487279156107,0.5304456235269687,0.9673922218484947,877659136,880803840,51.0,177.68,1740.0,1593.0,53.0,185.6,1725.0,1593.0,20260803,2026-08-11T06:58:07.814405+00:00
prefillq512_b4_h16384_sparse_q8kv8_steady,full,prefill,sglang_sparse_q8kv8_fp8,steady,ok,,4,16384,512,2048,64,576,512,10,30,1.0994880199432373,1.0907200574874878,1.1628479957580566,1.1235914667447409,0.031522757174291025,0.8304901421070099,3.0397996306419373,1.1381320655345917,1.1356435716152191,6.144065409898758,584115552256,4194304,531.2614068192901,3814779173.507081,2625634304,2388.051762615433,0.5368988446885196,0.9791611868105273,896533504,899678208,53.0,175.27,1740.0,1593.0,52.0,182.78,1650.0,1593.0,20260803,2026-08-11T06:58:07.990567+00:00
prefillq512_b4_h32768_sparse_q8kv8_steady,full,prefill,sglang_sparse_q8kv8_fp8,steady,ok,,4,32768,512,2048,64,576,512,10,30,1.117408037185669,1.1130880117416382,1.230463981628418,1.1466527978579204,0.047059639732724215,0.8059628307819366,3.0274242162704468,1.443762332201004,1.1600218713283539,6.437171250581741,584115552256,4194304,522.7414989131165,3753601066.414267,2625634304,2349.7542675753316,0.5282885284619672,0.9634582521914444,934282240,937426944,52.0,179.64,1740.0,1593.0,54.0,186.49,1695.0,1593.0,20260803,2026-08-11T06:58:08.144967+00:00
prefillq512_b4_h65536_sparse_q8kv8_steady,full,prefill,sglang_sparse_q8kv8_fp8,steady,ok,,4,65536,512,2048,64,576,512,10,30,1.2169280052185059,1.2138880491256714,1.3382400274276733,1.246290143330892,0.04151656177341691,0.8077621459960938,3.062322735786438,2.0592883229255676,1.2620240449905396,7.191397249698639,584115552256,4194304,479.99187277403394,3446632818.0580335,2625634304,2157.592144104329,0.4850852680889681,0.8846669563646636,1009779712,1012924416,51.0,184.35,1740.0,1593.0,55.0,197.18,1635.0,1593.0,20260803,2026-08-11T06:58:08.320329+00:00
prefillq512_b4_h131072_sparse_q8kv8_steady,full,prefill,sglang_sparse_q8kv8_fp8,steady,ok,,4,131072,512,2048,64,576,512,10,30,1.4120320081710815,1.3494720458984375,1.459328055381775,1.4020778576533,0.03932871063219274,0.8828900754451752,3.0919909477233887,3.23597714304924,1.4020614326000214,8.612919598817825,584115552256,4194304,413.6701922306769,2970402919.8549294,2625634304,1859.4722278291858,0.41805982034429195,0.7624303048809778,1160774656,1163919360,55.0,188.59,1740.0,1593.0,52.0,192.16,1680.0,1593.0,20260803,2026-08-11T06:58:08.472175+00:00
prefillq512_b4_h262144_sparse_q8kv8_steady,full,prefill,sglang_sparse_q8kv8_fp8,steady,ok,,4,262144,512,2048,64,576,512,10,30,1.5643199682235718,1.5205119848251343,1.5748480558395386,1.5516874631245932,0.021401029065982284,0.9342320263385773,3.10419499874115,5.589853972196579,1.5673041343688965,11.195585131645203,584115552256,4194304,373.3990258523111,2681231516.05807,2625634304,1678.450929052352,0.37736131970925835,0.6882070269256535,1462764544,1465909248,51.0,185.88,1740.0,1593.0,54.0,200.84,1620.0,1593.0,20260803,2026-08-11T06:58:08.659922+00:00
prefillq512_b4_h524288_sparse_q8kv8_steady,full,prefill,sglang_sparse_q8kv8_fp8,steady,ok,,4,524288,512,2048,64,576,512,10,30,1.679360032081604,1.6650559902191162,1.7087680101394653,1.6818656047185263,0.011461457853802202,0.9917058050632477,3.066878765821457,10.490600019693375,1.7122849822044373,16.261469572782516,584115552256,4194304,347.8203250627418,2497560927.897675,2625634304,1563.4731408639443,0.35151119258488306,0.6410632466685166,2066744320,2069889024,51.0,184.79,1740.0,1593.0,55.0,204.58,1695.0,1593.0,20260803,2026-08-11T06:58:08.859735+00:00
prefillq1024_b4_h2048_sparse_q8kv8_steady,full,prefill,sglang_sparse_q8kv8_fp8,steady,ok,,4,2048,1024,2048,64,576,512,10,30,2.3898561000823975,2.1848320960998535,2.4459519386291504,2.3412917375564577,0.09777054642255091,1.1188872158527374,4.930410534143448,1.4405958354473114,2.225685864686966,9.715579450130463,1168231104512,8388608,488.82905731090744,3510089163.8248754,5251268608,2197.315816554372,0.4940162277017761,0.9009546595332321,1074529280,1090519040,51.0,190.14,1740.0,1593.0,56.0,204.08,1695.0,1593.0,20260803,2026-08-11T06:58:09.090903+00:00
prefillq1024_b4_h4096_sparse_q8kv8_steady,full,prefill,sglang_sparse_q8kv8_fp8,steady,ok,,4,4096,1024,2048,64,576,512,10,30,2.361759901046753,2.1922879219055176,2.385632038116455,2.3178933540980022,0.08115966908333071,1.1178068816661835,4.895903170108795,1.4833658933639526,2.211853861808777,9.708929806947708,1168231104512,8388608,494.6443133335567,3551846229.7044225,5251268608,2223.455739794969,0.49989319184796027,0.9116726844370835,1080034304,1082130432,52.0,197.66,1740.0,1593.0,54.0,196.91,1740.0,1593.0,20260803,2026-08-11T06:58:09.333027+00:00
prefillq1024_b4_h8192_sparse_q8kv8_steady,full,prefill,sglang_sparse_q8kv8_fp8,steady,ok,,4,8192,1024,2048,64,576,512,10,30,2.3202240467071533,2.1799681186676025,2.4220480918884277,2.32161922454834,0.07999418716697906,0.9955838322639465,4.908822476863861,1.5396662056446075,2.183668315410614,9.62774083018303,1168231104512,8388608,503.4992660169805,3615430161.541967,5251268608,2263.2592811252716,0.5088421081525827,0.9279931358520714,1088685056,1092616192,51.0,194.17,1740.0,1593.0,52.0,202.64,1740.0,1593.0,20260803,2026-08-11T06:58:09.618786+00:00
prefillq1024_b4_h16384_sparse_q8kv8_steady,full,prefill,sglang_sparse_q8kv8_fp8,steady,ok,,4,16384,1024,2048,64,576,512,10,30,2.375135898590088,2.189728021621704,2.4174399375915527,2.350934402147929,0.08289276181544201,1.0086148977279663,4.898440092802048,1.7460472881793976,2.2335797548294067,9.886682033538818,1168231104512,8388608,491.8586364702237,3531843379.984947,5251268608,2210.9339558705765,0.4970779549976995,0.906538438605258,1107559424,1111490560,51.0,200.18,1740.0,1593.0,56.0,207.85,1695.0,1593.0,20260803,2026-08-11T06:58:09.859708+00:00
prefillq1024_b4_h32768_sparse_q8kv8_steady,full,prefill,sglang_sparse_q8kv8_fp8,steady,ok,,4,32768,1024,2048,64,576,512,10,30,2.410752058029175,2.2778239250183105,2.4866878986358643,2.356443723042806,0.07838223508726684,0.9246841073036194,4.840202629566193,2.0054951310157776,2.224121242761612,9.994503110647202,1168231104512,8388608,484.59197644200964,3479664352.898162,5251268608,2178.2698849142494,0.4897341853885898,0.8931453493161747,1145308160,1149239296,52.0,208.15,1740.0,1593.0,56.0,209.24,1695.0,1593.0,20260803,2026-08-11T06:58:10.116128+00:00
prefillq1024_b4_h65536_sparse_q8kv8_steady,full,prefill,sglang_sparse_q8kv8_fp8,steady,ok,,4,65536,1024,2048,64,576,512,10,30,2.6244800090789795,2.3696320056915283,2.6938560009002686,2.560023474693298,0.13423820806878675,0.9816251695156097,4.909835755825043,2.6300065219402313,2.4019144475460052,10.923381894826889,1168231104512,8388608,445.12859708235027,3196293349.9134755,5251268608,2000.8796370458358,0.4498520435395152,0.8204108934092318,1220805632,1224736768,52.0,209.18,1740.0,1593.0,56.0,214.25,1680.0,1593.0,20260803,2026-08-11T06:58:10.321970+00:00
prefillq1024_b4_h131072_sparse_q8kv8_steady,full,prefill,sglang_sparse_q8kv8_fp8,steady,ok,,4,131072,1024,2048,64,576,512,10,30,2.8740479946136475,2.657344102859497,2.9629440307617188,2.8611989418665567,0.07417275842552434,1.0700710117816925,4.92095947265625,3.8528479635715485,2.6857107877731323,12.529589235782623,1168231104512,8388608,406.4758510301227,2918743185.8206196,5251268608,1827.1332343237077,0.4107891369682898,0.7491705055094593,1371800576,1375731712,51.0,212.98,1740.0,1593.0,52.0,219.03,1710.0,1593.0,20260803,2026-08-11T06:58:10.535904+00:00
prefillq1024_b4_h262144_sparse_q8kv8_steady,full,prefill,sglang_sparse_q8kv8_fp8,steady,ok,,4,262144,1024,2048,64,576,512,10,30,3.1748158931732178,3.054431915283203,3.1852478981018066,3.1522218624750775,0.0413338857151207,1.0761208832263947,4.930611699819565,6.184328347444534,3.0413679778575897,15.232428908348083,1168231104512,8388608,367.96814171934767,2642234473.513239,5251268608,1654.0387804192874,0.37187280618428264,0.6781974329954251,1673790464,1677721600,52.0,221.67,1740.0,1593.0,55.0,231.31,1590.0,1593.0,20260803,2026-08-11T06:58:10.852416+00:00
prefillq1024_b4_h524288_sparse_q8kv8_steady,full,prefill,sglang_sparse_q8kv8_fp8,steady,ok,,4,524288,1024,2048,64,576,512,10,30,3.3596160411834717,3.3160319328308105,3.396224021911621,3.360926938056946,0.02828593098436094,1.1219531297683716,4.894774407148361,11.12757995724678,3.3444203436374664,20.48872783780098,1168231104512,8388608,347.7275647548326,2496894852.616847,5251268608,1563.0561777381463,0.35141744795839575,0.6408922813169675,2277770240,2281701376,51.0,233.52,1710.0,1593.0,52.0,246.64,1680.0,1593.0,20260803,2026-08-11T06:58:11.101612+00:00
prefillq2048_b4_h2048_sparse_q8kv8_steady,full,prefill,sglang_sparse_q8kv8_fp8,steady,ok,,4,2048,2048,2048,64,576,512,10,30,4.665599822998047,4.473887920379639,4.814367771148682,4.641924301783244,0.13358329288562457,1.0775774717330933,8.887037634849548,2.6733875274658203,4.345458000898361,16.983460634946823,2336462209024,16777216,500.78495748969385,3595939779.7685966,10502537216,2251.0583021351417,0.5060989969577502,0.9229904280987262,1498416128,1507852288,52.0,234.29,1740.0,1593.0,55.0,267.58,1680.0,1593.0,20260803,2026-08-11T06:58:11.356712+00:00
prefillq2048_b4_h4096_sparse_q8kv8_steady,full,prefill,sglang_sparse_q8kv8_fp8,steady,ok,,4,4096,2048,2048,64,576,512,10,30,4.855519771575928,4.668320178985596,4.861536026000977,4.817540295918783,0.06559646340633349,1.0822340846061707,8.915495127439499,2.6727691292762756,4.280053079128265,16.95055142045021,2336462209024,16777216,481.1971362369034,3455287340.855522,10502537216,2163.0098753755565,0.48630332110854313,0.8868883622254587,1503659008,1522532352,52.0,249.96,1740.0,1593.0,56.0,270.84,1635.0,1593.0,20260803,2026-08-11T06:58:11.676502+00:00
prefillq2048_b4_h8192_sparse_q8kv8_steady,full,prefill,sglang_sparse_q8kv8_fp8,steady,ok,,4,8192,2048,2048,64,576,512,10,30,4.679743766784668,4.504288196563721,4.696415901184082,4.623255443572998,0.08036650951358501,1.0952353477478027,8.858371526002884,2.7824975550174713,4.281613975763321,17.01771840453148,2336462209024,16777216,499.27139720927994,3585071498.802849,10502537216,2244.2547582505836,0.5045693756536432,0.920200804268619,1512571904,1533018112,52.0,250.58,1740.0,1593.0,57.0,265.45,1455.0,1593.0,20260803,2026-08-11T06:58:12.004447+00:00
prefillq2048_b4_h16384_sparse_q8kv8_steady,full,prefill,sglang_sparse_q8kv8_fp8,steady,ok,,4,16384,2048,2048,64,576,512,10,30,4.6869120597839355,4.532288074493408,4.700384140014648,4.644996293385824,0.06258169176926492,1.0860301554203033,8.937891572713852,2.9339008033275604,4.25339862704277,17.211221158504486,2336462209024,16777216,498.5077977186775,3579588391.247397,10502537216,2240.8223329208704,0.5037976732882037,0.918793423695009,1531446272,1551892480,53.0,261.7,1725.0,1593.0,53.0,266.2,1710.0,1593.0,20260803,2026-08-11T06:58:12.327378+00:00
prefillq2048_b4_h32768_sparse_q8kv8_steady,full,prefill,sglang_sparse_q8kv8_fp8,steady,ok,,4,32768,2048,2048,64,576,512,10,30,4.919583797454834,4.826047897338867,4.931168079376221,4.887983989715576,0.04488411105362008,1.0784417390823364,8.96168127655983,3.222830593585968,4.320982843637466,17.5839364528656,2336462209024,16777216,474.9308691992965,3410291742.297338,10502537216,2134.8426306781334,0.479970560080138,0.8753390846181321,1569195008,1589641216,53.0,262.57,1740.0,1593.0,57.0,263.43,1665.0,1593.0,20260803,2026-08-11T06:58:12.671039+00:00
prefillq2048_b4_h65536_sparse_q8kv8_steady,full,prefill,sglang_sparse_q8kv8_fp8,steady,ok,,4,65536,2048,2048,64,576,512,10,30,5.224959850311279,4.946879863739014,5.348095893859863,5.193957312901815,0.13477952323692666,1.1101961135864258,9.069710969924927,3.83087620139122,4.684340208768845,18.695123493671417,2336462209024,16777216,447.17323691679746,3210975104.2394114,10502537216,2010.0704152538715,0.45191837990580846,0.8241793432555772,1644692480,1665138688,52.0,263.23,1740.0,1593.0,55.0,273.05,1710.0,1593.0,20260803,2026-08-11T06:58:13.009543+00:00
prefillq2048_b4_h131072_sparse_q8kv8_steady,full,prefill,sglang_sparse_q8kv8_fp8,steady,ok,,4,131072,2048,2048,64,576,512,10,30,5.911808013916016,5.798655986785889,5.926112174987793,5.877955230077108,0.048897836078456235,1.1312328279018402,9.028788655996323,5.045980215072632,5.30952587723732,20.515527576208115,2336462209024,16777216,395.21956794336324,2837916244.9977255,10502537216,1776.5355693685763,0.3994134087350816,0.7284241923671314,1795687424,1816133632,52.0,259.39,1740.0,1593.0,54.0,285.13,1590.0,1593.0,20260803,2026-08-11T06:58:13.399494+00:00
prefillq2048_b4_h262144_sparse_q8kv8_steady,full,prefill,sglang_sparse_q8kv8_fp8,steady,ok,,4,262144,2048,2048,64,576,512,10,30,6.4009599685668945,6.264736175537109,6.458176136016846,6.363557322820028,0.07127422910868167,1.2600347399711609,9.189438074827194,7.4464380741119385,6.013881415128708,23.909792304039,2336462209024,16777216,365.01746933235523,2621046855.844692,10502537216,1640.7753317587774,0.3688908229735778,0.6727590859985402,2097677312,2118123520,54.0,272.46,1710.0,1593.0,52.0,301.88,1710.0,1593.0,20260803,2026-08-11T06:58:13.755196+00:00
prefillq2048_b4_h524288_sparse_q8kv8_steady,full,prefill,sglang_sparse_q8kv8_fp8,steady,ok,,4,524288,2048,2048,64,576,512,10,30,6.78166389465332,6.753471851348877,6.799071788787842,6.78110720316569,0.013054740029190584,1.210622489452362,9.041357785463333,12.297872453927994,6.610050797462463,29.159903526306152,2336462209024,16777216,344.52639430657604,2473908506.91188,10502537216,1548.6667253268367,0.3481823085463123,0.6349922445082259,2701657088,2722103296,52.0,275.36,1740.0,1593.0,54.0,299.34,1680.0,1593.0,20260803,2026-08-11T06:58:14.149491+00:00
prefillq4096_b4_h2048_sparse_q8kv8_steady,full,prefill,sglang_sparse_q8kv8_fp8,steady,ok,,4,2048,4096,2048,64,576,512,10,30,9.053600311279297,9.000224113464355,9.657407760620117,9.151707712809245,0.2286747380417904,1.2968555092811584,17.035726457834244,5.130533128976822,8.520741015672684,31.983856111764908,4672924418048,33554432,516.1399064885054,3706197628.163096,21005074432,2320.079715230098,0.5216168837680701,0.9512909405999206,2542159872,2764046336,52.0,272.7,1740.0,1593.0,53.0,289.15,1710.0,1593.0,20260803,2026-08-11T06:58:14.572491+00:00
prefillq4096_b4_h4096_sparse_q8kv8_steady,full,prefill,sglang_sparse_q8kv8_fp8,steady,ok,,4,4096,4096,2048,64,576,512,10,30,9.057503700256348,8.978015899658203,9.100671768188477,9.058977063496908,0.04412446969540844,1.2428387999534607,16.94445312023163,5.113400518894196,8.525211364030838,31.825903803110123,4672924418048,33554432,515.9174727045098,3704600418.6617484,21005074432,2319.0798620822543,0.5213920896457906,0.950880975702926,2546354176,2768240640,53.0,289.32,1740.0,1593.0,58.0,313.32,1680.0,1593.0,20260803,2026-08-11T06:58:15.173958+00:00
prefillq4096_b4_h8192_sparse_q8kv8_steady,full,prefill,sglang_sparse_q8kv8_fp8,steady,ok,,4,8192,4096,2048,64,576,512,10,30,9.04736042022705,8.915072441101074,9.22652816772461,9.110463015238444,0.10047209407287229,1.3044290244579315,17.017249017953873,5.164865404367447,8.51321592926979,31.99975937604904,4672924418048,33554432,516.4958839929502,3708753762.587246,21005074432,2321.679855379616,0.5219766386992928,0.9519470382408483,2556839936,2778726400,58.0,316.48,1680.0,1593.0,58.0,320.67,1680.0,1593.0,20260803,2026-08-11T06:58:15.692629+00:00
prefillq4096_b4_h16384_sparse_q8kv8_steady,full,prefill,sglang_sparse_q8kv8_fp8,steady,ok,,4,16384,4096,2048,64,576,512,10,30,9.238592147827148,8.971967697143555,9.577695846557617,9.290887482961018,0.19359884228500687,1.3176500797271729,17.115164548158646,5.331318825483322,8.44130665063858,32.20544010400772,4672924418048,33554432,505.8048177986771,3631985421.922946,21005074432,2273.622874123764,0.5111721251123569,0.9322424692119612,2575714304,2797600768,53.0,319.26,1725.0,1593.0,58.0,318.98,1710.0,1593.0,20260803,2026-08-11T06:58:16.213959+00:00
prefillq4096_b4_h32768_sparse_q8kv8_steady,full,prefill,sglang_sparse_q8kv8_fp8,steady,ok,,4,32768,4096,2048,64,576,512,10,30,9.367615699768066,9.097951889038086,9.417535781860352,9.30194346110026,0.10849114836190386,1.3475343585014343,17.07935333251953,5.673915147781372,8.627921342849731,32.72872418165207,4672924418048,33554432,498.83818549086055,3581960775.8707247,21005074432,2242.3074456950735,0.5041315669437701,0.9194023572237124,2613463040,2835349504,53.0,307.34,1740.0,1593.0,58.0,311.95,1710.0,1593.0,20260803,2026-08-11T06:58:16.741006+00:00
prefillq4096_b4_h65536_sparse_q8kv8_steady,full,prefill,sglang_sparse_q8kv8_fp8,steady,ok,,4,65536,4096,2048,64,576,512,10,30,10.189184188842773,10.09331226348877,10.603903770446777,10.199095503489177,0.121935355543677,1.3474151492118835,17.338119447231293,6.281256675720215,9.306121617555618,34.27291288971901,4672924418048,33554432,458.6161493836655,3293142157.2241607,21005074432,2061.5069904223246,0.46348271792184487,0.8452696306504579,2688960512,2910846976,53.0,287.08,1740.0,1593.0,53.0,310.48,1725.0,1593.0,20260803,2026-08-11T06:58:17.332532+00:00
prefillq4096_b4_h131072_sparse_q8kv8_steady,full,prefill,sglang_sparse_q8kv8_fp8,steady,ok,,4,131072,4096,2048,64,576,512,10,30,11.3023681640625,11.23583984375,12.012160301208496,11.481133874257406,0.28639110935692286,1.3019368052482605,20.168382674455643,7.49916210770607,10.614603757858276,39.58408534526825,4672924418048,33554432,413.4464875163272,2968796584.302671,21005074432,1858.466661773472,0.41783374180528265,0.7620179975483049,2839955456,3061841920,53.0,291.27,1740.0,1593.0,55.0,321.67,1575.0,1593.0,20260803,2026-08-11T06:58:17.942948+00:00
prefillq4096_b4_h262144_sparse_q8kv8_steady,full,prefill,sglang_sparse_q8kv8_fp8,steady,ok,,4,262144,4096,2048,64,576,512,10,30,12.545632362365723,12.49398422241211,12.840160369873047,12.577817662556965,0.10644494076491674,1.3386830687522888,17.154302448034286,9.764052927494049,12.029841542243958,40.28687998652458,4672924418048,33554432,372.4742032187869,2674590728.5356364,21005074432,1674.2937960633085,0.3764266833944284,0.6865024980142604,3141945344,3363831808,55.0,304.0,1740.0,1593.0,57.0,336.16,1665.0,1593.0,20260803,2026-08-11T06:58:18.569922+00:00
prefillq4096_b4_h524288_sparse_q8kv8_steady,full,prefill,sglang_sparse_q8kv8_fp8,steady,ok,,4,524288,4096,2048,64,576,512,10,30,13.3887357711792,13.365823745727539,13.422431945800781,13.389181900024415,0.016727926289105296,1.472610980272293,17.219550907611847,14.682494103908539,13.121355324983597,46.496011316776276,4672924418048,33554432,349.0190932072175,2506168810.3689218,21005074432,1568.8616752909447,0.3527226813615134,0.6432726810900437,3745925120,3967811584,54.0,314.2,1740.0,1593.0,54.0,323.9,1725.0,1593.0,20260803,2026-08-11T06:58:19.233460+00:00
prefillq8192_b4_h2048_sparse_q8kv8_steady,full,prefill,sglang_sparse_q8kv8_fp8,steady,ok,,4,2048,8192,2048,64,576,512,10,30,18.358720779418945,18.072032928466797,18.37731170654297,18.330280812581382,0.09428383638029793,1.9189193844795227,44.92080584168434,9.993117302656174,16.934499144554138,73.76734167337418,9345848836096,67108864,509.06863001986335,3655421573.5571527,42010148864,2288.293905046778,0.5144705710155264,0.9382579602809566,4808001536,5391777792,54.0,313.61,1740.0,1593.0,59.0,315.96,1695.0,1593.0,20260803,2026-08-11T06:58:19.985536+00:00
prefillq8192_b4_h4096_sparse_q8kv8_steady,full,prefill,sglang_sparse_q8kv8_fp8,steady,ok,,4,4096,8192,2048,64,576,512,10,30,18.3624324798584,18.013696670532227,18.373695373535156,18.328982416788737,0.10603798664295012,1.8101893365383148,33.10677409172058,9.911052882671356,16.949046403169632,61.777062714099884,9345848836096,67108864,508.9657291509383,3654682682.8967876,42010148864,2287.8313594933893,0.5143665782222722,0.9380683049895179,4813768704,5395972096,54.0,315.66,1740.0,1593.0,59.0,332.7,1665.0,1593.0,20260803,2026-08-11T06:58:20.916498+00:00
prefillq8192_b4_h8192_sparse_q8kv8_steady,full,prefill,sglang_sparse_q8kv8_fp8,steady,ok,,4,8192,8192,2048,64,576,512,10,30,18.369983673095703,18.356063842773438,18.397279739379883,18.373279825846353,0.012874399882778312,1.8980763852596283,33.2818366587162,10.113641619682312,16.95767045021057,62.25122511386871,9345848836096,67108864,508.756512929499,3653180383.512602,42010148864,2286.8909200788885,0.5141551419196554,0.9376827012150766,4822157312,5404360704,54.0,318.47,1740.0,1593.0,55.0,313.81,1725.0,1593.0,20260803,2026-08-11T06:58:21.811252+00:00
prefillq8192_b4_h16384_sparse_q8kv8_steady,full,prefill,sglang_sparse_q8kv8_fp8,steady,ok,,4,16384,8192,2048,64,576,512,10,30,18.424800872802734,18.40438461303711,18.613983154296875,18.44177182515462,0.059786473130260726,1.7500370740890503,33.55398401618004,10.263070464134216,17.011649906635284,62.57874146103859,9345848836096,67108864,507.24286794825656,3642311494.3435245,42010148864,2280.086995459046,0.5126254350159237,0.9348929212739424,4841031680,5423235072,54.0,317.64,1740.0,1593.0,55.0,317.12,1665.0,1593.0,20260803,2026-08-11T06:58:22.797124+00:00
prefillq8192_b4_h32768_sparse_q8kv8_steady,full,prefill,sglang_sparse_q8kv8_fp8,steady,ok,,4,32768,8192,2048,64,576,512,10,30,18.75904083251953,18.750207901000977,18.937183380126953,18.779027303059895,0.05256470472297453,1.7515160143375397,33.51310268044472,10.626450181007385,17.502371221780777,63.39344009757042,9345848836096,67108864,498.20504787721376,3577414463.7322907,42010148864,2239.461454296414,0.5034917108410447,0.9182354292872293,4878780416,5460983808,54.0,312.54,1740.0,1593.0,55.0,317.38,1695.0,1593.0,20260803,2026-08-11T06:58:23.746737+00:00
prefillq8192_b4_h65536_sparse_q8kv8_steady,full,prefill,sglang_sparse_q8kv8_fp8,steady,ok,,4,65536,8192,2048,64,576,512,10,30,20.225215911865234,20.218048095703125,22.254047393798828,20.500852203369142,0.6295423205828129,1.8030256032943726,33.40169042348862,11.17708906531334,18.530674278736115,64.91247937083244,9345848836096,67108864,462.0889525640716,3318078990.7231703,42010148864,2077.1174481927046,0.4669923724750597,0.8516703103159441,4954277888,5536481280,54.0,321.79,1740.0,1593.0,58.0,341.03,1530.0,1593.0,20260803,2026-08-11T06:58:24.771708+00:00
prefillq8192_b4_h131072_sparse_q8kv8_steady,full,prefill,sglang_sparse_q8kv8_fp8,steady,ok,,4,131072,8192,2048,64,576,512,10,30,22.946367263793945,22.86614418029785,24.611839294433594,23.402184613545735,0.7341133991278769,1.7787516117095947,36.37920692563057,12.343961745500565,21.3659405708313,71.86786085367203,9345848836096,67108864,407.29099855567995,2924596439.536994,42010148864,1830.7973711501581,0.4116129343665285,0.7506728936150229,5105272832,5687476224,54.0,336.37,1695.0,1593.0,55.0,349.42,1710.0,1593.0,20260803,2026-08-11T06:58:25.805189+00:00
prefillq8192_b4_h262144_sparse_q8kv8_steady,full,prefill,sglang_sparse_q8kv8_fp8,steady,ok,,4,262144,8192,2048,64,576,512,10,30,25.186464309692383,25.14303970336914,26.876415252685547,25.737070910135905,0.7473016296696706,1.8129236996173859,33.73851254582405,14.730434864759445,24.07383918762207,74.35571029782295,9345848836096,67108864,371.06632837303346,2664481333.1014004,42010148864,1667.9653145214766,0.37500386899750726,0.683907661673518,5407262720,5989466112,55.0,331.26,1740.0,1593.0,57.0,347.61,1725.0,1593.0,20260803,2026-08-11T06:58:26.960737+00:00
prefillq8192_b4_h524288_sparse_q8kv8_steady,full,prefill,sglang_sparse_q8kv8_fp8,steady,ok,,4,524288,8192,2048,64,576,512,10,30,26.903392791748047,26.853408813476562,28.132064819335938,27.396776644388833,0.5949079800936565,1.9143782556056976,37.87807747721672,19.68403160572052,26.324834674596786,85.80132201313972,9345848836096,67108864,347.38551038672745,2494438694.757636,42010148864,1561.5186229182802,0.3510717639077589,0.6402618452327189,6011242496,6593445888,54.0,319.66,1740.0,1593.0,56.0,354.93,1590.0,1593.0,20260803,2026-08-11T06:58:28.231462+00:00
prefillq16384_b4_h2048_sparse_q8kv8_steady,full,prefill,sglang_sparse_q8kv8_fp8,steady,ok,,4,2048,16384,2048,64,576,512,10,30,38.327552795410156,36.66912078857422,39.80217742919922,38.23910725911458,1.2496218740485532,2.2151879966259003,65.77695906162262,19.804075360298157,34.07817706465721,121.87439948320389,18691697672192,134217728,487.6830454573241,3501860103.5251327,84020297728,2192.164424806733,0.49285805503519364,0.8988424595649116,9340733440,10122952704,55.0,331.48,1740.0,1593.0,56.0,332.73,1725.0,1593.0,20260803,2026-08-11T06:58:29.562365+00:00
prefillq16384_b4_h4096_sparse_q8kv8_steady,full,prefill,sglang_sparse_q8kv8_fp8,steady,ok,,4,4096,16384,2048,64,576,512,10,30,38.328800201416016,36.66553497314453,39.46700668334961,38.267957305908205,1.198184436998002,2.9532164335250854,65.713070333004,19.86778900027275,34.43601354956627,122.9700893163681,18691697672192,134217728,487.66717387364116,3501746135.9263067,84020297728,2192.093081089868,0.4928420150314716,0.8988132068495513,9346500608,10127147008,56.0,310.96,1740.0,1593.0,60.0,336.86,1680.0,1593.0,20260803,2026-08-11T06:58:31.371570+00:00
prefillq16384_b4_h8192_sparse_q8kv8_steady,full,prefill,sglang_sparse_q8kv8_fp8,steady,ok,,4,8192,16384,2048,64,576,512,10,30,38.37865447998047,36.70707321166992,39.68806457519531,38.27371520996094,1.2057963875004847,2.716183662414551,66.07404723763466,19.892074167728424,34.15693715214729,122.83924221992493,18691697672192,134217728,487.0336890508286,3497197330.61544,84020297728,2189.2455289652653,0.4922018080351982,0.8976456389762416,9354889216,10135535616,57.0,315.04,1740.0,1593.0,61.0,333.8,1680.0,1593.0,20260803,2026-08-11T06:58:33.139423+00:00
prefillq16384_b4_h16384_sparse_q8kv8_steady,full,prefill,sglang_sparse_q8kv8_fp8,steady,ok,,4,16384,16384,2048,64,576,512,10,30,38.56108856201172,37.00233459472656,39.91721725463867,38.531724802652995,1.2014886069122481,2.730034291744232,71.63507863879204,20.081322640180588,34.417640417814255,128.8640759885311,18691697672192,134217728,484.72951281271764,3480651947.471835,84020297728,2178.8881191173687,0.4898731812154802,0.8933988408633555,9373763584,10154409984,56.0,316.51,1740.0,1593.0,61.0,333.97,1680.0,1593.0,20260803,2026-08-11T06:58:34.934645+00:00
prefillq16384_b4_h32768_sparse_q8kv8_steady,full,prefill,sglang_sparse_q8kv8_fp8,steady,ok,,4,32768,16384,2048,64,576,512,10,30,40.31206512451172,37.77475357055664,40.627777099609375,39.512703069051106,1.1687392737364029,3.2377205789089203,69.63558867573738,20.393621176481247,35.541512072086334,128.80844250321388,18691697672192,134217728,463.6750217201482,3329467929.4013395,84020297728,2084.2469238052386,0.4685952720769562,0.8545935743386888,9411512320,10192158720,56.0,306.88,1740.0,1593.0,61.0,329.05,1710.0,1593.0,20260803,2026-08-11T06:58:36.716495+00:00
prefillq16384_b4_h65536_sparse_q8kv8_steady,full,prefill,sglang_sparse_q8kv8_fp8,steady,ok,,4,65536,16384,2048,64,576,512,10,30,42.88524627685547,41.284095764160156,44.696800231933594,43.115756607055665,1.4296431062820636,2.7214959263801575,68.74503940343857,20.995277911424637,37.212155759334564,129.67396900057793,18691697672192,134217728,435.8538027629244,3129694700.4460907,84020297728,1959.1888824792527,0.44047883048299585,0.8033166371793196,9487009792,10267656192,56.0,311.84,1740.0,1593.0,60.0,333.68,1695.0,1593.0,20260803,2026-08-11T06:58:38.621008+00:00
prefillq16384_b4_h131072_sparse_q8kv8_steady,full,prefill,sglang_sparse_q8kv8_fp8,steady,ok,,4,131072,16384,2048,64,576,512,10,30,48.971744537353516,46.11356735229492,49.5203857421875,48.23430302937825,1.2962722571061691,3.0702874064445496,66.39416888356209,22.245094180107117,42.9958775639534,134.70542803406715,18691697672192,134217728,381.6833124646966,2740717719.3294506,84020297728,1715.689292300236,0.3857335143655347,0.7034756909150577,9638004736,10418651136,56.0,314.33,1740.0,1593.0,60.0,340.58,1500.0,1593.0,20260803,2026-08-11T06:58:40.613623+00:00
prefillq16384_b4_h262144_sparse_q8kv8_steady,full,prefill,sglang_sparse_q8kv8_fp8,steady,ok,,4,262144,16384,2048,64,576,512,10,30,53.48508834838867,50.473697662353516,53.65769577026367,52.67125002543131,1.2002611609429108,2.8405077755451202,66.46810844540596,24.525165557861328,48.46256598830223,142.29634776711464,18691697672192,134217728,349.4749330960976,2509442017.2916017,84020297728,1570.9107028245426,0.35318335835886566,0.6441128338300359,9939994624,10720641024,57.0,316.68,1740.0,1593.0,59.0,334.39,1665.0,1593.0,20260803,2026-08-11T06:58:42.789561+00:00
prefillq16384_b4_h524288_sparse_q8kv8_steady,full,prefill,sglang_sparse_q8kv8_fp8,steady,ok,,4,524288,16384,2048,64,576,512,10,30,56.451297760009766,53.85404968261719,56.607200622558594,55.752938461303714,1.0206211135422314,2.864055335521698,67.19043478369713,29.500160366296768,52.932873368263245,152.48752385377884,18691697672192,134217728,331.1119214948012,2377584454.6674027,84020297728,1488.3678686217943,0.3346254891306733,0.6102681991508658,10543974400,11324620800,57.0,305.56,1740.0,1593.0,58.0,331.53,1725.0,1593.0,20260803,2026-08-11T06:58:45.207857+00:00
prefillq32768_b4_h2048_sparse_q8kv8_steady,full,prefill,sglang_sparse_q8kv8_fp8,steady,ok,,4,2048,32768,2048,64,576,512,10,30,77.99459075927734,74.13065338134766,82.29337310791016,78.09248809814453,2.5463322970396796,3.1600221991539,130.3957886993885,39.47864845395088,70.7804448902607,243.81490424275398,37383395344384,268435456,479.3075389005397,3441718885.717341,168040595456,2154.5160224590554,0.48439367246138426,0.8834056692484828,18406197248,19857932288,57.0,302.06,1740.0,1593.0,62.0,338.86,1650.0,1593.0,20260803,2026-08-11T06:58:47.791108+00:00
prefillq32768_b4_h4096_sparse_q8kv8_steady,full,prefill,sglang_sparse_q8kv8_fp8,steady,ok,,4,4096,32768,2048,64,576,512,10,30,78.18854522705078,73.09219360351562,79.57510375976562,77.47264506022135,2.0988369322993323,5.36007434129715,130.32933324575424,39.587005972862244,72.33056798577309,247.60698154568672,37383395344384,268435456,478.1185688495266,3433181359.5008516,168040595456,2149.171531047533,0.4831920857499005,0.8812142935692248,18411964416,19862126592,58.0,324.94,1740.0,1593.0,59.0,337.74,1650.0,1593.0,20260803,2026-08-11T06:58:51.306838+00:00
prefillq32768_b4_h8192_sparse_q8kv8_steady,full,prefill,sglang_sparse_q8kv8_fp8,steady,ok,,4,8192,32768,2048,64,576,512,10,30,78.18633270263672,74.06867218017578,79.76080322265625,77.53797124226888,1.9106732814754905,4.749849438667297,130.2613466978073,39.60604965686798,73.27837496995926,247.89562076330185,37383395344384,268435456,478.1320986950869,3433278511.9994173,168040595456,2149.2323485116353,0.4832057591663334,0.8812392302566373,18420353024,19870515200,58.0,318.25,1740.0,1593.0,59.0,331.82,1695.0,1593.0,20260803,2026-08-11T06:58:54.765580+00:00
prefillq32768_b4_h16384_sparse_q8kv8_steady,full,prefill,sglang_sparse_q8kv8_fp8,steady,ok,,4,16384,32768,2048,64,576,512,10,30,79.33577728271484,74.66432189941406,80.51289367675781,78.62067998250326,1.9995478697097733,4.650615155696869,130.8962143957615,39.89684581756592,73.93597811460495,249.37965348362923,37383395344384,268435456,471.20475307335073,3383535968.1852508,168040595456,2118.093516083967,0.4762049045713499,0.868471527063145,18439227392,19889389568,58.0,307.02,1740.0,1593.0,62.0,332.17,1710.0,1593.0,20260803,2026-08-11T06:58:58.256419+00:00
prefillq32768_b4_h32768_sparse_q8kv8_steady,full,prefill,sglang_sparse_q8kv8_fp8,steady,ok,,4,32768,32768,2048,64,576,512,10,30,81.12742614746094,77.69551849365234,87.25698852539062,81.89300155639648,2.5628661731181466,4.507802426815033,130.97088783979416,39.947688579559326,74.95108246803284,250.37746131420135,37383395344384,268435456,460.7984884967782,3308812675.9017277,168040595456,2071.3167351144816,0.4656882147516707,0.8492918722975823,18476976128,19927138304,58.0,317.21,1740.0,1593.0,59.0,326.49,1725.0,1593.0,20260803,2026-08-11T06:59:01.818141+00:00
prefillq32768_b4_h65536_sparse_q8kv8_steady,full,prefill,sglang_sparse_q8kv8_fp8,steady,ok,,4,65536,32768,2048,64,576,512,10,30,89.0195541381836,84.3848648071289,90.85177612304688,88.41703872680664,2.393478346994907,4.482533782720566,131.68229907751083,40.6818762421608,81.68739825487137,258.53410735726357,37383395344384,268435456,419.9458838712489,3015466192.779533,168040595456,1887.6818366799878,0.42440210598408173,0.7739969528549565,18552473600,20002635776,58.0,305.87,1740.0,1593.0,63.0,333.55,1710.0,1593.0,20260803,2026-08-11T06:59:05.487358+00:00
prefillq32768_b4_h131072_sparse_q8kv8_steady,full,prefill,sglang_sparse_q8kv8_fp8,steady,ok,,4,131072,32768,2048,64,576,512,10,30,97.46969604492188,93.17587280273438,100.25679779052734,97.45669759114584,2.0587572182065204,4.847202450037003,131.79846853017807,41.63917526602745,90.16651660203934,268.45136284828186,37383395344384,268435456,383.5386469980857,2754040146.757853,168040595456,1724.029131870416,0.3876085366327294,0.7068952345527566,18703468544,20153630720,59.0,312.43,1740.0,1593.0,62.0,335.34,1650.0,1593.0,20260803,2026-08-11T06:59:09.431175+00:00
prefillq32768_b4_h262144_sparse_q8kv8_steady,full,prefill,sglang_sparse_q8kv8_fp8,steady,ok,,4,262144,32768,2048,64,576,512,10,30,106.1962890625,101.87996673583984,109.24246215820312,105.62111638387044,2.2623998320596654,4.560887813568115,131.8891942501068,44.37427595257759,100.40951892733574,281.23387694358826,37383395344384,268435456,352.0216730208213,2527729154.848499,168040595456,1582.3584509351601,0.3557571228103298,0.6488066980091038,19005458432,20455620608,59.0,312.11,1740.0,1593.0,61.0,327.99,1725.0,1593.0,20260803,2026-08-11T06:59:13.728870+00:00
prefillq32768_b4_h524288_sparse_q8kv8_steady,full,prefill,sglang_sparse_q8kv8_fp8,steady,ok,,4,524288,32768,2048,64,576,512,10,30,111.37833404541016,107.64556884765625,114.82598114013672,111.48790715535482,2.387384739203297,5.477726459503174,143.14551651477814,49.08379912376404,107.96577855944633,305.6728206574917,37383395344384,268435456,335.6433337307989,2410122743.356495,168040595456,1508.7368373411657,0.3392049860846881,0.6186199877919641,19609438208,21059600384,59.0,311.87,1740.0,1593.0,60.0,331.61,1695.0,1593.0,20260803,2026-08-11T06:59:18.447907+00:00
prefillq2_b8_h2048_sparse_q8kv8_steady,full,prefill,sglang_sparse_q8kv8_fp8,steady,ok,,8,2048,2,2048,64,576,512,10,30,0.07203199714422226,0.07132799923419952,0.07552000135183334,0.07248533392945926,0.0018571971257612442,4.503410309553146,1.4462321996688843,0.7329694926738739,0.1623593270778656,6.84497132897377,4563402752,32768,63.35243965071756,454908947.4000284,20512768,284.7730010724178,0.06402469899011375,0.11676408110864213,326761472,335544320,60.0,315.04,1740.0,1593.0,59.0,280.4,1740.0,1593.0,20260803,2026-08-11T06:59:23.370777+00:00
prefillq2_b8_h4096_sparse_q8kv8_steady,full,prefill,sglang_sparse_q8kv8_fp8,steady,ok,,8,4096,2,2048,64,576,512,10,30,0.07155200093984604,0.07081600278615952,0.07292799651622772,0.07175359974304835,0.0008386259535471536,0.5433335900306702,1.007966697216034,0.7287114858627319,0.12163445353507996,2.401646226644516,4563402752,32768,63.77743028928659,457960637.99177533,20512768,286.68335938285134,0.06445419938280605,0.11754737598514381,383384576,394264576,58.0,251.39,1740.0,1593.0,58.0,227.45,1755.0,1593.0,20260803,2026-08-11T06:59:23.549368+00:00
prefillq2_b8_h8192_sparse_q8kv8_steady,full,prefill,sglang_sparse_q8kv8_fp8,steady,ok,,8,8192,2,2048,64,576,512,10,30,0.07174400240182877,0.07123199850320816,0.07302399724721909,0.07190933326880138,0.0007690694932501696,0.5457326769828796,1.0041743516921997,0.8731558918952942,0.1229606568813324,2.546023577451706,4563402752,32768,63.60674898566404,456735042.6934746,20512768,285.91613672611504,0.06428170690820015,0.11723279543087013,496630784,528482304,58.0,218.18,1755.0,1593.0,58.0,198.65,1755.0,1593.0,20260803,2026-08-11T06:59:23.773085+00:00
prefillq2_b8_h16384_sparse_q8kv8_steady,full,prefill,sglang_sparse_q8kv8_fp8,steady,ok,,8,16384,2,2048,64,576,512,10,30,0.07260800153017044,0.07209599763154984,0.07497599720954895,0.07294080033898354,0.0009827911610437296,0.5696453154087067,0.9981580078601837,1.1479370296001434,0.125151127576828,2.840891480445862,4563402752,32768,62.849860288521946,451300122.7059537,20512768,282.5138768139271,0.06351678654726826,0.11583778343590091,723077120,748683264,58.0,173.97,1755.0,1593.0,58.0,160.52,1755.0,1593.0,20260803,2026-08-11T06:59:23.883330+00:00
prefillq2_b8_h32768_sparse_q8kv8_steady,full,prefill,sglang_sparse_q8kv8_fp8,steady,ok,,8,32768,2,2048,64,576,512,10,30,0.07267200201749802,0.0719359964132309,0.0759039968252182,0.07302719975511233,0.0013428648710460487,0.5828477442264557,1.0067224502563477,1.7687231302261353,0.12657791376113892,3.4848712384700775,4563402752,32768,62.79450992558621,450902673.5235683,20512768,282.2650736257537,0.0634608488383893,0.1157357678812853,798574592,824180736,58.0,146.02,1755.0,1593.0,58.0,136.17,1755.0,1593.0,20260803,2026-08-11T06:59:24.063362+00:00
prefillq2_b8_h65536_sparse_q8kv8_steady,full,prefill,sglang_sparse_q8kv8_fp8,steady,ok,,8,65536,2,2048,64,576,512,10,30,0.07420799881219864,0.07331199944019318,0.07571200281381607,0.0743146667877833,0.0008773423473025346,0.6130002439022064,0.9999498724937439,3.0206069350242615,0.128868967294693,4.762426018714905,4563402752,32768,61.494755619927155,441569649.1550376,20512768,276.42260037105353,0.06214730229401431,0.11334020714196714,949569536,975175680,58.0,105.91,1755.0,1593.0,58.0,100.82,1755.0,1593.0,20260803,2026-08-11T06:59:24.181315+00:00
prefillq2_b8_h131072_sparse_q8kv8_steady,full,prefill,sglang_sparse_q8kv8_fp8,steady,ok,,8,131072,2,2048,64,576,512,10,30,0.07395199686288834,0.07340800017118454,0.08022399991750717,0.07471893280744553,0.0024030055902293976,0.692225992679596,1.0143257677555084,5.312591791152954,0.1302585005760193,7.149402052164078,4563402752,32768,61.70763394612368,443098244.67287797,20512768,277.3795011652216,0.062362439561519635,0.1137325604954185,1251559424,1277165568,58.0,97.96,1755.0,1593.0,58.0,98.82,1755.0,1593.0,20260803,2026-08-11T06:59:24.313384+00:00
prefillq2_b8_h262144_sparse_q8kv8_steady,full,prefill,sglang_sparse_q8kv8_fp8,steady,ok,,8,262144,2,2048,64,576,512,10,30,0.07436800003051758,0.07382400333881378,0.07526399940252304,0.07449813336133956,0.0007802987028295281,0.7502958178520203,1.0044462978839874,10.206084698438644,0.12738630175590515,12.088213115930557,4563402752,32768,61.36245092146308,440619621.16170067,20512768,275.8278828472246,0.06201359365483889,0.1130963580238008,1855539200,1881145344,58.0,98.93,1755.0,1593.0,58.0,100.43,1755.0,1593.0,20260803,2026-08-11T06:59:24.402655+00:00
prefillq2_b8_h524288_sparse_q8kv8_steady,full,prefill,sglang_sparse_q8kv8_fp8,steady,ok,,8,524288,2,2048,64,576,512,10,30,0.07465600222349167,0.07398399710655212,0.07638400048017502,0.07477546681960424,0.000886076416692062,0.9069964289665222,1.0130926966667175,19.822586327791214,0.12789666652679443,21.870572119951248,4563402752,32768,61.12573156996685,438919832.6198217,20512768,274.7638152200084,0.06177436237490334,0.11266006357783345,3063498752,3089104896,58.0,100.48,1755.0,1593.0,59.0,105.36,1755.0,1593.0,20260803,2026-08-11T06:59:24.541983+00:00
prefillq4_b8_h2048_sparse_q8kv8_steady,full,prefill,sglang_sparse_q8kv8_fp8,steady,ok,,8,2048,4,2048,64,576,512,10,30,0.07046400010585785,0.06982400268316269,0.07593599706888199,0.07133653362592061,0.003750557098165667,0.955481082201004,1.0014362633228302,0.5986019968986511,0.11752545833587646,2.673044800758362,9126805504,65536,129.52437401068389,930063577.1677094,41025536,582.219799306986,0.13089881153176744,0.2387247372936536,328463360,354418688,58.0,105.35,1755.0,1593.0,57.0,105.47,1755.0,1593.0,20260803,2026-08-11T06:59:24.695396+00:00
prefillq4_b8_h4096_sparse_q8kv8_steady,full,prefill,sglang_sparse_q8kv8_fp8,steady,ok,,8,4096,4,2048,64,576,512,10,30,0.0700799971818924,0.06931199878454208,0.07417599856853485,0.07055786649386088,0.0023853628724223,0.6322003901004791,0.9949728846549988,0.6075240671634674,0.1177377998828888,2.352435141801834,9126805504,65536,130.2341020407208,935159854.9569222,41025536,585.4100692030333,0.13161607078395232,0.2400328280589217,385985536,413138944,57.0,105.45,1755.0,1593.0,57.0,105.44,1755.0,1593.0,20260803,2026-08-11T06:59:24.890433+00:00
prefillq4_b8_h8192_sparse_q8kv8_steady,full,prefill,sglang_sparse_q8kv8_fp8,steady,ok,,8,8192,4,2048,64,576,512,10,30,0.0724480003118515,0.07187200337648392,0.07395199686288834,0.07262826710939407,0.0008830867346090545,3.7361159920692444,1.0019093751907349,0.6864145398139954,0.12305378913879395,5.5474936962127686,9126805504,65536,125.9773280796403,904593635.6821598,41025536,566.275615937032,0.1273141264069129,0.23218722175247014,499231744,526385152,57.0,105.41,1755.0,1593.0,57.0,105.53,1755.0,1593.0,20260803,2026-08-11T06:59:24.979669+00:00
prefillq4_b8_h16384_sparse_q8kv8_steady,full,prefill,sglang_sparse_q8kv8_fp8,steady,ok,,8,16384,4,2048,64,576,512,10,30,0.07603199779987335,0.07548800110816956,0.07833600044250488,0.07625173330307007,0.000869109871831868,0.6546415388584137,1.0069534182548523,0.9456761181354523,0.12952089309692383,2.736791968345642,9126805504,65536,120.03900684055421,861952886.8950641,41025536,539.5825071963101,0.12131279114760406,0.2212423769030427,725632000,746586112,57.0,105.26,1755.0,1593.0,57.0,105.73,1755.0,1593.0,20260803,2026-08-11T06:59:25.134996+00:00
prefillq4_b8_h32768_sparse_q8kv8_steady,full,prefill,sglang_sparse_q8kv8_fp8,steady,ok,,8,32768,4,2048,64,576,512,10,30,0.07945600152015686,0.07868800312280655,0.08079999685287476,0.0795946665108204,0.0008187380109414015,0.6804615259170532,1.0195374488830566,1.5477873384952545,0.13042986392974854,3.378216177225113,9126805504,65536,114.86615648139127,824808683.3739606,41025536,516.3302357920994,0.11608504950115338,0.2117083617612386,801129472,822083584,57.0,105.82,1755.0,1593.0,57.0,106.15,1755.0,1593.0,20260803,2026-08-11T06:59:25.244131+00:00
prefillq4_b8_h65536_sparse_q8kv8_steady,full,prefill,sglang_sparse_q8kv8_fp8,steady,ok,,8,65536,4,2048,64,576,512,10,30,0.07932800054550171,0.07859200239181519,0.08556800335645676,0.0799381343026956,0.001999337904456839,0.7140524685382843,1.0192953050136566,2.8007887303829193,0.1304149627685547,4.664551466703415,9126805504,65536,115.05150062070403,826139566.7272521,41025536,517.1633687712598,0.11627236040495607,0.21204996720271874,952124416,973078528,57.0,105.95,1755.0,1593.0,57.0,105.46,1755.0,1593.0,20260803,2026-08-11T06:59:25.349597+00:00
prefillq4_b8_h131072_sparse_q8kv8_steady,full,prefill,sglang_sparse_q8kv8_fp8,steady,ok,,8,131072,4,2048,64,576,512,10,30,0.07945600152015686,0.07878399640321732,0.0806720033288002,0.07960640043020248,0.0008947105176314928,0.8137635886669159,0.9900219738483429,5.113914608955383,0.13522431254386902,7.052924484014511,9126805504,65536,114.86615648139127,824808683.3739606,41025536,516.3302357920994,0.11608504950115338,0.2117083617612386,1254114304,1275068416,57.0,105.29,1755.0,1593.0,57.0,105.58,1755.0,1593.0,20260803,2026-08-11T06:59:25.436581+00:00
prefillq4_b8_h262144_sparse_q8kv8_steady,full,prefill,sglang_sparse_q8kv8_fp8,steady,ok,,8,262144,4,2048,64,576,512,10,30,0.07958400249481201,0.07903999835252762,0.08185599744319916,0.07987626691659291,0.0011736552569138465,0.8498206734657288,1.0063350200653076,9.962406009435654,0.13241544365882874,11.950977146625519,9126805504,65536,114.68140854809313,823482081.1415235,41025536,515.4997827945938,0.11589834112995769,0.2113678551795314,1858094080,1879048192,57.0,102.03,1755.0,1593.0,57.0,103.84,1755.0,1593.0,20260803,2026-08-11T06:59:25.573840+00:00
prefillq4_b8_h524288_sparse_q8kv8_steady,full,prefill,sglang_sparse_q8kv8_fp8,steady,ok,,8,524288,4,2048,64,576,512,10,30,0.07964800298213959,0.07903999835252762,0.08131200075149536,0.07981013357639313,0.0009949186522127693,0.9919404983520508,1.0205991566181183,19.641004502773285,0.13197585940361023,21.785520017147064,9126805504,65536,114.5892572604314,822820378.9955149,41025536,515.0855572511923,0.11580521198628742,0.21119801230550597,3066053632,3087007744,57.0,103.96,1755.0,1593.0,57.0,108.66,1755.0,1593.0,20260803,2026-08-11T06:59:25.688793+00:00
prefillq8_b8_h2048_sparse_q8kv8_steady,full,prefill,sglang_sparse_q8kv8_fp8,steady,ok,,8,2048,8,2048,64,576,512,10,30,0.07056000083684921,0.07011199742555618,0.07628799974918365,0.07113066638509433,0.0017359243666463721,0.9518750011920929,1.2832172214984894,0.5813911557197571,0.12030452489852905,2.9367879033088684,18253611008,131072,258.69629806562085,1857596349.850793,82051072,1162.8553150065964,0.26144143311331064,0.47679987852681666,331867136,358612992,57.0,108.6,1755.0,1593.0,57.0,108.92,1755.0,1593.0,20260803,2026-08-11T06:59:25.813293+00:00
prefillq8_b8_h4096_sparse_q8kv8_steady,full,prefill,sglang_sparse_q8kv8_fp8,steady,ok,,8,4096,8,2048,64,576,512,10,30,0.07168000191450119,0.07100799679756165,0.0740479975938797,0.07196479986111323,0.0010473780478201756,0.6360858678817749,1.2645348906517029,0.5988739430904388,0.12341141700744629,2.622906118631363,18253611008,131072,254.65416462701307,1828571379.7321136,82051072,1144.6856837123032,0.2573564068994574,0.46934987345550905,388490240,417333248,57.0,108.85,1755.0,1593.0,57.0,109.07,1755.0,1593.0,20260803,2026-08-11T06:59:25.988304+00:00
prefillq8_b8_h8192_sparse_q8kv8_steady,full,prefill,sglang_sparse_q8kv8_fp8,steady,ok,,8,8192,8,2048,64,576,512,10,30,0.07782399654388428,0.07731200009584427,0.07974400371313095,0.07802453339099884,0.0010597729379275287,0.6208606064319611,1.2471862137317657,0.6700381636619568,0.1305416226387024,2.668626606464386,18253611008,131072,234.54990515305838,1684210601.1105409,82051072,1054.3158362951986,0.23703881268626414,0.4322959668216318,501736448,530579456,57.0,109.04,1755.0,1593.0,57.0,109.33,1755.0,1593.0,20260803,2026-08-11T06:59:26.117146+00:00
prefillq8_b8_h16384_sparse_q8kv8_steady,full,prefill,sglang_sparse_q8kv8_fp8,steady,ok,,8,16384,8,2048,64,576,512,10,30,0.08528000116348267,0.08457600325345993,0.08707199990749359,0.08567039941747984,0.0012053541583974434,0.6480291485786438,1.271963119506836,0.9458363056182861,0.13762712478637695,3.003455698490143,18253611008,131072,214.0432781304451,1536960579.406344,82051072,962.1373227083714,0.21631458123339575,0.3945004616424406,728044544,750780416,57.0,108.65,1755.0,1593.0,57.0,109.47,1755.0,1593.0,20260803,2026-08-11T06:59:26.231071+00:00
prefillq8_b8_h32768_sparse_q8kv8_steady,full,prefill,sglang_sparse_q8kv8_fp8,steady,ok,,8,32768,8,2048,64,576,512,10,30,0.09065599739551544,0.08959999680519104,0.09417600184679031,0.09114453345537185,0.0013704550592258673,0.6818585097789764,1.2700259685516357,1.560218632221222,0.14493241906166077,3.657035529613495,18253611008,131072,201.35028605292214,1445817196.496741,82051072,905.08156500696,0.20348689848703602,0.3711061683110006,803542016,826277888,57.0,109.46,1755.0,1593.0,57.0,109.42,1755.0,1593.0,20260803,2026-08-11T06:59:26.344773+00:00
prefillq8_b8_h65536_sparse_q8kv8_steady,full,prefill,sglang_sparse_q8kv8_fp8,steady,ok,,8,65536,8,2048,64,576,512,10,30,0.09321600198745728,0.09200000017881393,0.09465599805116653,0.09339946657419204,0.0011382567506397852,0.7272772490978241,1.2795552611351013,2.8054527938365936,0.14518946409225464,4.957474768161774,18253611008,131072,195.82057392309235,1406110508.983602,82051072,880.2251786237349,0.19789850825982047,0.3609144257483671,954536960,977272832,57.0,107.38,1755.0,1593.0,56.0,108.39,1755.0,1593.0,20260803,2026-08-11T06:59:26.479175+00:00
prefillq8_b8_h131072_sparse_q8kv8_steady,full,prefill,sglang_sparse_q8kv8_fp8,steady,ok,,8,131072,8,2048,64,576,512,10,30,0.09424000233411789,0.09324800223112106,0.09577599912881851,0.09447893326481184,0.0012095187791774595,0.769343227148056,1.3009309768676758,5.127832293510437,0.14673545956611633,7.344841957092285,18253611008,131072,193.69281150146588,1390831884.0580902,82051072,870.6607594203645,0.19574816725767144,0.35699277371178445,1256526848,1279262720,56.0,105.9,1755.0,1593.0,56.0,107.07,1755.0,1593.0,20260803,2026-08-11T06:59:26.637474+00:00
prefillq8_b8_h262144_sparse_q8kv8_steady,full,prefill,sglang_sparse_q8kv8_fp8,steady,ok,,8,262144,8,2048,64,576,512,10,30,0.09532800316810608,0.0944959968328476,0.0976639986038208,0.09562133277455966,0.0010585532597429338,0.8450262248516083,1.3006813824176788,9.956497699022293,0.14483556151390076,12.247040867805481,18253611008,131072,191.48215006466344,1374957993.9156094,82051072,860.7237041911715,0.19351404756408636,0.35291833154769925,1860506624,1883242496,56.0,102.23,1755.0,1593.0,57.0,105.56,1755.0,1593.0,20260803,2026-08-11T06:59:26.752960+00:00
prefillq8_b8_h524288_sparse_q8kv8_steady,full,prefill,sglang_sparse_q8kv8_fp8,steady,ok,,8,524288,8,2048,64,576,512,10,30,0.09600000083446503,0.09529600292444229,0.09785600006580353,0.09620693400502205,0.001017771397725051,1.0210983455181122,1.3731829822063446,19.57469806075096,0.14793872833251953,22.116918116807938,18253611008,131072,190.14177968055557,1365333321.4653864,82051072,854.6986592373319,0.19215945394699907,0.35044791182734647,3068466176,3091202048,56.0,104.81,1755.0,1593.0,56.0,110.38,1755.0,1593.0,20260803,2026-08-11T06:59:26.895032+00:00
prefillq16_b8_h2048_sparse_q8kv8_steady,full,prefill,sglang_sparse_q8kv8_fp8,steady,ok,,8,2048,16,2048,64,576,512,10,30,0.13660800457000732,0.13417600095272064,0.13913600146770477,0.1367872009674708,0.0014628960696733003,1.03045254945755,1.1851191520690918,0.47991424798965454,0.18407776951789856,2.879563719034195,36507222016,262144,267.24072378417026,1918950509.7094028,164102144,1201.2630190780862,0.2700765273210412,0.4925480016161249,338674688,356515840,56.0,109.84,1755.0,1593.0,56.0,110.74,1755.0,1593.0,20260803,2026-08-11T06:59:27.095726+00:00
prefillq16_b8_h4096_sparse_q8kv8_steady,full,prefill,sglang_sparse_q8kv8_fp8,steady,ok,,8,4096,16,2048,64,576,512,10,30,0.14281600713729858,0.14073599874973297,0.14422400295734406,0.14262080043554307,0.0011962004354296775,0.6239823997020721,1.1471472680568695,0.6200820207595825,0.19644945859909058,2.5876611471176147,36507222016,262144,255.62416109913482,1835536542.8189254,164102144,1149.0458758046473,0.2583366964114551,0.4711376616980829,395297792,415236096,56.0,110.51,1755.0,1593.0,56.0,110.14,1755.0,1593.0,20260803,2026-08-11T06:59:27.207265+00:00
prefillq16_b8_h8192_sparse_q8kv8_steady,full,prefill,sglang_sparse_q8kv8_fp8,steady,ok,,8,8192,16,2048,64,576,512,10,30,0.151296004652977,0.14975999295711517,0.15350399911403656,0.1514837324619293,0.0013622564066040506,0.6300173699855804,1.1682845652103424,0.7460154592990875,0.1983046531677246,2.742622047662735,36507222016,262144,241.29666939808158,1732656461.096059,164102144,1084.642944646133,0.24385716967971863,0.4447308427612177,508544000,549453824,56.0,110.17,1755.0,1593.0,56.0,110.61,1755.0,1593.0,20260803,2026-08-11T06:59:27.339636+00:00
prefillq16_b8_h16384_sparse_q8kv8_steady,full,prefill,sglang_sparse_q8kv8_fp8,steady,ok,,8,16384,16,2048,64,576,512,10,30,0.16156800091266632,0.15849600732326508,0.1642879992723465,0.1612959995865822,0.0017223560715643232,0.6341934204101562,1.1821649968624115,1.034911721944809,0.20702555775642395,3.0582956969738007,36507222016,262144,225.95576976739068,1622499495.6872606,164102144,1015.6846843002252,0.22835348132126396,0.41645622447290304,734667776,769654784,56.0,110.23,1755.0,1593.0,56.0,111.18,1755.0,1593.0,20260803,2026-08-11T06:59:27.447557+00:00
prefillq16_b8_h32768_sparse_q8kv8_steady,full,prefill,sglang_sparse_q8kv8_fp8,steady,ok,,8,32768,16,2048,64,576,512,10,30,0.16697600483894348,0.16406400501728058,0.1693120002746582,0.166988800962766,0.0015354586929104716,0.696040689945221,1.1675246059894562,1.6580261290073395,0.215187668800354,3.7367790937423706,36507222016,262144,218.6375344841494,1569950126.9829202,164102144,982.788779491308,0.220957589170439,0.40296807748289465,810165248,845152256,56.0,110.72,1755.0,1593.0,56.0,111.5,1755.0,1593.0,20260803,2026-08-11T06:59:27.583715+00:00
prefillq16_b8_h65536_sparse_q8kv8_steady,full,prefill,sglang_sparse_q8kv8_fp8,steady,ok,,8,65536,16,2048,64,576,512,10,30,0.17132799327373505,0.16892799735069275,0.17375999689102173,0.17152853260437648,0.0015219335635498865,0.704348087310791,1.2044943869113922,2.891242504119873,0.21910667419433594,5.019191652536392,36507222016,262144,213.08381262407883,1530071035.0419264,164102144,957.8244679362459,0.2153449344356532,0.3927320828897997,961160192,996147200,56.0,111.69,1755.0,1593.0,56.0,111.92,1755.0,1593.0,20260803,2026-08-11T06:59:27.672123+00:00
prefillq16_b8_h131072_sparse_q8kv8_steady,full,prefill,sglang_sparse_q8kv8_fp8,steady,ok,,8,131072,16,2048,64,576,512,10,30,0.18105599284172058,0.17839999496936798,0.1842239946126938,0.18104319820801418,0.0016525063629973299,0.7574111223220825,1.1792145669460297,5.191057920455933,0.23100897669792175,7.3586925864219666,36507222016,262144,201.6349828746882,1447861492.3791375,164102144,906.36129422934,0.20377461634632463,0.3716308894262621,1263150080,1298137088,56.0,111.98,1755.0,1593.0,56.0,110.74,1755.0,1593.0,20260803,2026-08-11T06:59:27.762682+00:00
prefillq16_b8_h262144_sparse_q8kv8_steady,full,prefill,sglang_sparse_q8kv8_fp8,steady,ok,,8,262144,16,2048,64,576,512,10,30,0.18236799538135529,0.1793919950723648,0.18934400379657745,0.18417599846919377,0.008715976765597015,0.8404143154621124,1.2002550065517426,10.071545839309692,0.2323053777217865,12.344520539045334,36507222016,262144,200.18436864241795,1437445202.2232447,164102144,899.8406965917512,0.2023086090373097,0.3689572806622114,1867129856,1902116864,56.0,110.68,1755.0,1593.0,56.0,108.82,1755.0,1593.0,20260803,2026-08-11T06:59:27.904464+00:00
prefillq16_b8_h524288_sparse_q8kv8_steady,full,prefill,sglang_sparse_q8kv8_fp8,steady,ok,,8,524288,16,2048,64,576,512,10,30,0.18332800269126892,0.18121600151062012,0.18515199422836304,0.1833290661374728,0.0012992548606734638,1.0312274098396301,1.5058405697345734,19.75821703672409,0.23039430379867554,22.52567932009697,36507222016,262144,199.1360920321567,1429917940.2584782,164102144,895.1286306018073,0.20124920872375615,0.36702521528604476,3075089408,3110076416,56.0,108.89,1755.0,1593.0,56.0,114.58,1755.0,1593.0,20260803,2026-08-11T06:59:28.049710+00:00
prefillq32_b8_h2048_sparse_q8kv8_steady,full,prefill,sglang_sparse_q8kv8_fp8,steady,ok,,8,2048,32,2048,64,576,512,10,30,0.1993280053138733,0.19705599546432495,0.20127999782562256,0.19932906677325565,0.0013481711017007004,1.0297521948814392,1.037638634443283,0.6788149476051331,0.2454891800880432,2.9916949570178986,73014444032,524288,366.30298846881686,2630277663.063081,328204288,1646.5538170774887,0.37018998329339753,0.6751284100773615,352289792,387973120,56.0,113.69,1755.0,1593.0,56.0,114.49,1755.0,1593.0,20260803,2026-08-11T06:59:28.184680+00:00
prefillq32_b8_h4096_sparse_q8kv8_steady,full,prefill,sglang_sparse_q8kv8_fp8,steady,ok,,8,4096,32,2048,64,576,512,10,30,0.20611199736595154,0.20336000621318817,0.20774400234222412,0.20604373464981715,0.0013205507773397871,0.7232464849948883,1.0463856160640717,0.7730424404144287,0.24710223078727722,2.789776772260666,73014444032,524288,354.2464532152535,2543704426.2354484,328204288,1592.3589708233908,0.3580055110816104,0.6529071622769963,408912896,467664896,55.0,114.46,1755.0,1593.0,55.0,114.52,1755.0,1593.0,20260803,2026-08-11T06:59:28.302728+00:00
prefillq32_b8_h8192_sparse_q8kv8_steady,full,prefill,sglang_sparse_q8kv8_fp8,steady,ok,,8,8192,32,2048,64,576,512,10,30,0.21059200167655945,0.20774400234222412,0.21379199624061584,0.2106069321433703,0.0016751168002688314,0.7325001060962677,1.063082367181778,0.8427202701568604,0.2556741237640381,2.893976867198944,73014444032,524288,346.71043273590334,2489591227.710703,328204288,1558.4841085469,0.3503895227245107,0.6390176181435958,522159104,580911104,55.0,114.01,1755.0,1593.0,56.0,114.34,1755.0,1593.0,20260803,2026-08-11T06:59:28.439743+00:00
prefillq32_b8_h16384_sparse_q8kv8_steady,full,prefill,sglang_sparse_q8kv8_fp8,steady,ok,,8,16384,32,2048,64,576,512,10,30,0.2205120027065277,0.21872000396251678,0.2229440063238144,0.22092693348725637,0.0014332396759278254,0.7519349455833435,1.0519102215766907,1.1353157460689545,0.2651624381542206,3.2043233513832092,73014444032,524288,331.11324161874563,2377593933.9581347,328204288,1488.3738026577923,0.3346268232630072,0.6102706322546291,747914240,801112064,55.0,113.27,1755.0,1593.0,55.0,114.6,1755.0,1593.0,20260803,2026-08-11T06:59:28.618643+00:00
prefillq32_b8_h32768_sparse_q8kv8_steady,full,prefill,sglang_sparse_q8kv8_fp8,steady,ok,,8,32768,32,2048,64,576,512,10,30,0.2348479926586151,0.2325119972229004,0.23769600689411163,0.23469546635945637,0.0013864942551386089,0.7633790373802185,1.047518104314804,1.743365079164505,0.28150901198387146,3.835771232843399,73014444032,524288,310.9008648761876,2232456807.762147,328204288,1397.517961659104,0.3141999645034741,0.5730174560489714,823411712,876609536,55.0,110.27,1755.0,1593.0,55.0,111.46,1755.0,1593.0,20260803,2026-08-11T06:59:28.734464+00:00
prefillq32_b8_h65536_sparse_q8kv8_steady,full,prefill,sglang_sparse_q8kv8_fp8,steady,ok,,8,65536,32,2048,64,576,512,10,30,0.2536959946155548,0.25142401456832886,0.2596159875392914,0.25400426785151164,0.0019949357635869313,0.7969997823238373,1.0106675326824188,2.982296049594879,0.30213966965675354,5.092103034257889,73014444032,524288,287.802904191075,2066599438.4124756,328204288,1293.6912484462098,0.29085690165848915,0.5304458965360274,974406656,1027604480,55.0,112.07,1755.0,1593.0,55.0,115.12,1755.0,1593.0,20260803,2026-08-11T06:59:28.894165+00:00
prefillq32_b8_h131072_sparse_q8kv8_steady,full,prefill,sglang_sparse_q8kv8_fp8,steady,ok,,8,131072,32,2048,64,576,512,10,30,0.26230400800704956,0.259552001953125,0.26576000452041626,0.2623306701580683,0.0018129278721099884,0.9056590497493744,1.024089753627777,5.323570221662521,0.3197193145751953,7.573038339614868,73014444032,524288,278.35809519936004,1998779980.4641547,328204288,1251.2362677705607,0.28131186983260237,0.5130382884116298,1276396544,1329594368,55.0,111.67,1755.0,1593.0,56.0,109.46,1755.0,1593.0,20260803,2026-08-11T06:59:28.988786+00:00
prefillq32_b8_h262144_sparse_q8kv8_steady,full,prefill,sglang_sparse_q8kv8_fp8,steady,ok,,8,262144,32,2048,64,576,512,10,30,0.2768000066280365,0.2734079957008362,0.2803199887275696,0.27689493000507354,0.0020102770826975307,0.9271726012229919,1.040671020746231,10.163847357034683,0.3250539302825928,12.456744909286499,73014444032,524288,263.78049957967204,1894104000.8880403,328204288,1185.709104555913,0.2665795852245296,0.48617050610220836,1880376320,1933574144,56.0,109.62,1755.0,1593.0,56.0,114.2,1755.0,1593.0,20260803,2026-08-11T06:59:29.178360+00:00
prefillq32_b8_h524288_sparse_q8kv8_steady,full,prefill,sglang_sparse_q8kv8_fp8,steady,ok,,8,524288,32,2048,64,576,512,10,30,0.2813119888305664,0.27878400683403015,0.2850880026817322,0.2813280026117961,0.0019620062030306145,1.0938271880149841,1.0537579655647278,19.831694662570953,0.33428892493247986,22.313568741083145,73014444032,524288,259.54970613064216,1863724337.4500387,328204288,1166.691435243724,0.2623038970496636,0.47837278414927265,3088335872,3141533696,55.0,114.34,1755.0,1593.0,55.0,119.68,1755.0,1593.0,20260803,2026-08-11T06:59:29.282031+00:00
prefillq64_b8_h2048_sparse_q8kv8_steady,full,prefill,sglang_sparse_q8kv8_fp8,steady,ok,,8,2048,64,2048,64,576,512,10,30,0.3210560083389282,0.3197439908981323,0.32470399141311646,0.3217130661010742,0.0022262714428869707,1.1231973767280579,1.3630315661430359,0.5827397108078003,0.3656037151813507,3.4345723688602448,146028888064,1048576,454.8392936781364,3266022042.15114,656408576,2044.529798386614,0.4596657844144885,0.8383085556173981,425231360,440401920,55.0,119.67,1755.0,1593.0,55.0,122.85,1755.0,1593.0,20260803,2026-08-11T06:59:29.464180+00:00
prefillq64_b8_h4096_sparse_q8kv8_steady,full,prefill,sglang_sparse_q8kv8_fp8,steady,ok,,8,4096,64,2048,64,576,512,10,30,0.3214080035686493,0.32044801115989685,0.32390400767326355,0.32181226710478467,0.0013940273409407177,0.7167346775531769,1.345064491033554,0.8102692663669586,0.36500394344329834,3.237072378396988,146028888064,1048576,454.34116898961975,3262445204.7163644,656408576,2042.290698152444,0.45916237391573494,0.837390468297433,436143104,520093696,55.0,122.53,1755.0,1593.0,56.0,125.73,1755.0,1593.0,20260803,2026-08-11T06:59:29.606704+00:00
prefillq64_b8_h8192_sparse_q8kv8_steady,full,prefill,sglang_sparse_q8kv8_fp8,steady,ok,,8,8192,64,2048,64,576,512,10,30,0.3299199938774109,0.32844799757003784,0.3349759876728058,0.33039893209934235,0.0018343106857422937,0.7150880992412567,1.3385266065597534,0.9415820240974426,0.37749484181404114,3.372691571712494,146028888064,1048576,442.61909182218363,3178273579.8353033,656408576,1989.5992609768996,0.44731590886526895,0.8157856559699764,549389312,654311424,55.0,125.43,1755.0,1593.0,55.0,127.63,1755.0,1593.0,20260803,2026-08-11T06:59:29.770605+00:00
prefillq64_b8_h16384_sparse_q8kv8_steady,full,prefill,sglang_sparse_q8kv8_fp8,steady,ok,,8,16384,64,2048,64,576,512,10,30,0.33766400814056396,0.3364799916744232,0.34121599793434143,0.33802986741065977,0.0016075917299258108,0.7348433136940002,1.3847164809703827,1.2384802103042603,0.38566067814826965,3.743700683116913,146028888064,1048576,432.46802899766146,3105382790.9413877,656408576,1943.969627129309,0.43705712885059267,0.7970763603293309,774407168,874512384,55.0,124.5,1755.0,1593.0,56.0,127.35,1755.0,1593.0,20260803,2026-08-11T06:59:29.976448+00:00
prefillq64_b8_h32768_sparse_q8kv8_steady,full,prefill,sglang_sparse_q8kv8_fp8,steady,ok,,8,32768,64,2048,64,576,512,10,30,0.3537600040435791,0.35235199332237244,0.35657599568367004,0.3539658675591151,0.0012060996601515378,0.7720552384853363,1.3359598815441132,1.8983669579029083,0.4027746617794037,4.4091567397117615,146028888064,1048576,412.7908367108989,2964088613.790347,656408576,1855.5194722327574,0.4171711336138442,0.7608095758324869,849904640,950009856,55.0,124.86,1755.0,1593.0,57.0,124.35,1755.0,1593.0,20260803,2026-08-11T06:59:30.147268+00:00
prefillq64_b8_h65536_sparse_q8kv8_steady,full,prefill,sglang_sparse_q8kv8_fp8,steady,ok,,8,65536,64,2048,64,576,512,10,30,0.3908799886703491,0.38950398564338684,0.39318400621414185,0.39120533168315885,0.0017053749054949678,0.9135007858276367,1.3914704322814941,3.12698632478714,0.44032931327819824,5.872286856174469,146028888064,1048576,373.59008467213783,2682603434.284078,656408576,1679.3097498618329,0.37755440593444956,0.6885591650225881,1000899584,1101004800,55.0,123.98,1755.0,1593.0,55.0,122.46,1755.0,1593.0,20260803,2026-08-11T06:59:30.295829+00:00
prefillq64_b8_h131072_sparse_q8kv8_steady,full,prefill,sglang_sparse_q8kv8_fp8,steady,ok,,8,131072,64,2048,64,576,512,10,30,0.42262399196624756,0.41948801279067993,0.4275200068950653,0.42260480125745137,0.0022028572749165916,0.8648484945297241,1.3842806220054626,5.43149933218956,0.4770718514919281,8.157700300216675,146028888064,1048576,345.52910113929937,2481108550.230493,656408576,1553.1739524442885,0.3491956555222833,0.636840320803153,1302889472,1402994688,55.0,122.32,1755.0,1593.0,54.0,127.73,1755.0,1593.0,20260803,2026-08-11T06:59:30.441491+00:00
prefillq64_b8_h262144_sparse_q8kv8_steady,full,prefill,sglang_sparse_q8kv8_fp8,steady,ok,,8,262144,64,2048,64,576,512,10,30,0.46057599782943726,0.45763200521469116,0.4641920030117035,0.46087786654631296,0.002134804716292847,0.9339787065982819,1.3889744877815247,10.286502540111542,0.5136504769325256,13.123106211423874,146028888064,1048576,317.0570953592726,2276662277.108747,656408576,1425.1905854700756,0.32042152133327195,0.5843639266728897,1906869248,2006974464,54.0,123.99,1755.0,1593.0,55.0,132.5,1755.0,1593.0,20260803,2026-08-11T06:59:30.593931+00:00
prefillq64_b8_h524288_sparse_q8kv8_steady,full,prefill,sglang_sparse_q8kv8_fp8,steady,ok,,8,524288,64,2048,64,576,512,10,30,0.4732159972190857,0.4674240052700043,0.4761599898338318,0.472665598988533,0.0023904855039061923,1.0914616286754608,1.5007704496383667,19.953876733779907,0.5232729017734528,23.069381713867188,146028888064,1048576,308.58823227058554,2215850702.7701745,656408576,1387.1225399341292,0.3118627915821986,0.5687550721120025,3114828800,3214934016,55.0,128.53,1755.0,1593.0,57.0,137.24,1755.0,1593.0,20260803,2026-08-11T06:59:30.710007+00:00
prefillq128_b8_h2048_sparse_q8kv8_steady,full,prefill,sglang_sparse_q8kv8_fp8,steady,ok,,8,2048,128,2048,64,576,512,10,30,0.5657600164413452,0.5642880201339722,0.5745919942855835,0.5664960046609243,0.0024666738636678807,1.122068613767624,1.4360323548316956,0.6324127316474915,0.6107762455940247,3.8012899458408356,292057776128,2097152,516.2220157674908,3706787222.595149,1312817152,2320.4488013445634,0.5216998643430932,0.9514422751746281,572589056,585105408,55.0,134.98,1755.0,1593.0,55.0,141.98,1725.0,1593.0,20260803,2026-08-11T06:59:30.899818+00:00
prefillq128_b8_h4096_sparse_q8kv8_steady,full,prefill,sglang_sparse_q8kv8_fp8,steady,ok,,8,4096,128,2048,64,576,512,10,30,0.5752639770507812,0.5736640095710754,0.5824959874153137,0.5756927986939748,0.0022297772148406362,0.746648758649826,1.4307200908660889,0.7084831595420837,0.6204396486282349,3.5062916576862335,292057776128,2097152,507.6934899092746,3645547233.3788676,1312817152,2282.1125680951714,0.5130808387157904,0.935723456917017,582026240,585105408,55.0,137.99,1740.0,1593.0,56.0,145.01,1740.0,1593.0,20260803,2026-08-11T06:59:31.028168+00:00
prefillq128_b8_h8192_sparse_q8kv8_steady,full,prefill,sglang_sparse_q8kv8_fp8,steady,ok,,8,8192,128,2048,64,576,512,10,30,0.5736960172653198,0.5694400072097778,0.5873919725418091,0.5756106654802958,0.005912426260392791,0.8469037711620331,1.5224926173686981,1.0189861059188843,0.6329156458377838,4.021298140287399,292057776128,2097152,509.0810591995633,3655510822.607158,1312817152,2288.349774952081,0.5144831320864712,0.9382808683450281,605684736,759169024,54.0,140.56,1755.0,1593.0,54.0,143.86,1755.0,1593.0,20260803,2026-08-11T06:59:31.229484+00:00
prefillq128_b8_h16384_sparse_q8kv8_steady,full,prefill,sglang_sparse_q8kv8_fp8,steady,ok,,8,16384,128,2048,64,576,512,10,30,0.582144021987915,0.5804799795150757,0.5898879766464233,0.5862410684426625,0.02060697202768728,0.7742196321487427,1.4297254383563995,1.2906379997730255,0.6330236792564392,4.127606749534607,292057776128,2097152,501.6933354922658,3602462484.86519,1312817152,2255.141515525609,0.5070170141407436,0.924664648118577,827393024,943718400,55.0,144.2,1755.0,1593.0,57.0,148.28,1755.0,1593.0,20260803,2026-08-11T06:59:31.428024+00:00
prefillq128_b8_h32768_sparse_q8kv8_steady,full,prefill,sglang_sparse_q8kv8_fp8,steady,ok,,8,32768,128,2048,64,576,512,10,30,0.6025279760360718,0.6008960008621216,0.6043840050697327,0.6026048004627228,0.0015038563856031328,0.8694492280483246,1.5801899135112762,1.971520483493805,0.6524883210659027,5.0736479461193085,292057776128,2097152,484.72068973360876,3480588592.4115977,1312817152,2178.8484588496603,0.489864264510974,0.893382579157723,902890496,1019215872,57.0,147.15,1755.0,1593.0,54.0,146.25,1725.0,1593.0,20260803,2026-08-11T06:59:31.582275+00:00
prefillq128_b8_h65536_sparse_q8kv8_steady,full,prefill,sglang_sparse_q8kv8_fp8,steady,ok,,8,65536,128,2048,64,576,512,10,30,0.6636800169944763,0.6619200110435486,0.6690559983253479,0.6641162653764089,0.0018774752816310216,0.8593052625656128,1.4344938099384308,3.1064338982105255,0.7155798375606537,6.115812808275223,292057776128,2097152,440.0581133218461,3159884200.6681275,1312817152,1978.0875096182479,0.44472775474668635,0.8110655488520888,1053885440,1170210816,55.0,146.96,1740.0,1593.0,57.0,148.24,1710.0,1593.0,20260803,2026-08-11T06:59:31.732521+00:00
prefillq128_b8_h131072_sparse_q8kv8_steady,full,prefill,sglang_sparse_q8kv8_fp8,steady,ok,,8,131072,128,2048,64,576,512,10,30,0.7353280186653137,0.7323840260505676,0.7409279942512512,0.7357333342234293,0.002353924915465773,0.8936449885368347,1.4371499419212341,5.513925105333328,0.7882453501224518,8.632965385913849,292057776128,2097152,397.18026338519104,2851995227.662505,1312817152,1785.349012516728,0.4013949099395564,0.7320379253640158,1355875328,1472200704,54.0,147.86,1740.0,1593.0,57.0,152.34,1665.0,1593.0,20260803,2026-08-11T06:59:31.886697+00:00
prefillq128_b8_h262144_sparse_q8kv8_steady,full,prefill,sglang_sparse_q8kv8_fp8,steady,ok,,8,262144,128,2048,64,576,512,10,30,0.8167359828948975,0.8127679824829102,0.825760006904602,0.8178581317265828,0.004326884915897314,0.9695664048194885,1.4474466443061829,10.3682279586792,0.8693188428878784,13.654559850692749,292057776128,2097152,357.5914153957188,2567723283.804277,1312817152,1607.3947756614773,0.3613859680603525,0.6590722198106688,1959855104,2076180480,57.0,151.22,1740.0,1593.0,55.0,156.55,1740.0,1593.0,20260803,2026-08-11T06:59:32.091565+00:00
prefillq128_b8_h524288_sparse_q8kv8_steady,full,prefill,sglang_sparse_q8kv8_fp8,steady,ok,,8,524288,128,2048,64,576,512,10,30,0.85343998670578,0.8492799997329712,0.8687999844551086,0.85578453540802,0.006334944583474831,1.1061504483222961,1.4342926442623138,20.0912244617939,0.8969679474830627,23.528635501861572,292057776128,2097152,342.21243517698656,2457292876.6729846,1312817152,1538.2653407972882,0.3458437950247464,0.6307274156716554,3167814656,3284140032,55.0,156.58,1740.0,1593.0,55.0,163.09,1680.0,1593.0,20260803,2026-08-11T06:59:32.256401+00:00
prefillq256_b8_h2048_sparse_q8kv8_steady,full,prefill,sglang_sparse_q8kv8_fp8,steady,ok,,8,2048,256,2048,64,576,512,10,30,1.1412800550460815,1.1103999614715576,1.144320011138916,1.1300042589505515,0.014879017345936375,1.1537857353687286,1.9237063825130463,0.8595660328865051,1.1537447571754456,5.090802907943726,584115552256,4194304,511.8073777539336,3675087443.660484,2625634304,2300.604739731463,0.5172383807518278,0.9433057116275533,867304448,870318080,55.0,164.03,1740.0,1593.0,58.0,168.77,1710.0,1593.0,20260803,2026-08-11T06:59:32.417992+00:00
prefillq256_b8_h4096_sparse_q8kv8_steady,full,prefill,sglang_sparse_q8kv8_fp8,steady,ok,,8,4096,256,2048,64,576,512,10,30,1.1090879440307617,1.1073600053787231,1.1913280487060547,1.1351072033246359,0.03715680675522453,0.8016787469387054,1.9218698143959045,0.9417906403541565,1.1534355580806732,4.81877475976944,584115552256,4194304,526.6629714981366,3781759618.4091845,2625634304,2367.3815211241495,0.5322516134392486,0.9706858687679658,877659136,878706688,55.0,161.61,1740.0,1593.0,58.0,174.37,1710.0,1593.0,20260803,2026-08-11T06:59:32.614361+00:00
prefillq256_b8_h8192_sparse_q8kv8_steady,full,prefill,sglang_sparse_q8kv8_fp8,steady,ok,,8,8192,256,2048,64,576,512,10,30,1.103551983833313,1.0994240045547485,1.2007360458374023,1.1264469385147096,0.040773084141131274,0.8155554533004761,1.9156299531459808,1.1326223611831665,1.131787896156311,4.9955956637859344,584115552256,4194304,529.304972319481,3800730786.9907584,2625634304,2379.2574726562148,0.5349216496407084,0.9755553071020436,896533504,897581056,54.0,165.94,1740.0,1593.0,56.0,181.27,1740.0,1593.0,20260803,2026-08-11T06:59:32.810491+00:00
prefillq256_b8_h16384_sparse_q8kv8_steady,full,prefill,sglang_sparse_q8kv8_fp8,steady,ok,,8,16384,256,2048,64,576,512,10,30,1.128000020980835,1.1250239610671997,1.2258880138397217,1.1368170619010924,0.026852860852207176,0.8158944547176361,1.919534057378769,1.455884426832199,1.171313226222992,5.362626165151596,584115552256,4194304,517.8329267654547,3718354540.767568,2625634304,2327.6899425204974,0.5233278693940926,0.9544113248822967,934282240,935329792,54.0,176.85,1740.0,1593.0,55.0,184.78,1710.0,1593.0,20260803,2026-08-11T06:59:33.004104+00:00
prefillq256_b8_h32768_sparse_q8kv8_steady,full,prefill,sglang_sparse_q8kv8_fp8,steady,ok,,8,32768,256,2048,64,576,512,10,30,1.1739200353622437,1.1452159881591797,1.2548160552978516,1.1728640119234721,0.02870413258446211,0.8052922785282135,1.8862411379814148,2.0617470145225525,1.1914558708667755,5.944736301898956,584115552256,4194304,497.576951291879,3572904349.2351146,2625634304,2236.6381226211815,0.5028569492590995,0.9170777924063384,1009779712,1010827264,55.0,170.68,1740.0,1593.0,54.0,186.62,1650.0,1593.0,20260803,2026-08-11T06:59:33.158434+00:00
prefillq256_b8_h65536_sparse_q8kv8_steady,full,prefill,sglang_sparse_q8kv8_fp8,steady,ok,,8,65536,256,2048,64,576,512,10,30,1.3339519500732422,1.2426879405975342,1.3402880430221558,1.2952160000801087,0.04528840318224193,0.8486248552799225,1.9230917096138,3.2331570982933044,1.2913979589939117,7.296271622180939,584115552256,4194304,437.88350264335116,3144269176.8393207,2625634304,1968.3125047014148,0.44253006836114317,0.8070575513851652,1160774656,1161822208,55.0,184.29,1725.0,1593.0,56.0,190.45,1680.0,1593.0,20260803,2026-08-11T06:59:33.315770+00:00
prefillq256_b8_h131072_sparse_q8kv8_steady,full,prefill,sglang_sparse_q8kv8_fp8,steady,ok,,8,131072,256,2048,64,576,512,10,30,1.3832639455795288,1.3751039505004883,1.4717119932174683,1.419482664267222,0.044410621405479016,0.9004920721054077,1.916445791721344,5.599096417427063,1.424890011548996,9.84092429280281,584115552256,4194304,422.2733876080898,3032179081.514891,2625634304,1898.1441050283217,0.4267543078404142,0.778286745586026,1462764544,1463812096,54.0,176.9,1740.0,1593.0,58.0,194.78,1605.0,1593.0,20260803,2026-08-11T06:59:33.481024+00:00
prefillq256_b8_h262144_sparse_q8kv8_steady,full,prefill,sglang_sparse_q8kv8_fp8,steady,ok,,8,262144,256,2048,64,576,512,10,30,1.5810240507125854,1.5451840162277222,1.6172480583190918,1.582974946498871,0.02041181074629872,0.9617768228054047,1.923486590385437,10.52718237042427,1.59478560090065,15.007231384515762,584115552256,4194304,369.4539320845451,2652903349.6420116,2625634304,1660.7174968758993,0.37337436289494197,0.6809358744456493,2066744320,2067791872,54.0,182.0,1725.0,1593.0,58.0,193.08,1680.0,1593.0,20260803,2026-08-11T06:59:33.693512+00:00
prefillq256_b8_h524288_sparse_q8kv8_steady,full,prefill,sglang_sparse_q8kv8_fp8,steady,ok,,8,524288,256,2048,64,576,512,10,30,1.6845120191574097,1.6520960330963135,1.7029759883880615,1.6814677317937214,0.01472956196045331,1.1162571609020233,2.256058156490326,20.187299698591232,1.725420355796814,25.285035371780396,584115552256,4194304,346.75653578783823,2489922275.590521,2625634304,1558.691344519666,0.35043611499528876,0.6391025900961388,3274703872,3275751424,58.0,187.0,1725.0,1593.0,58.0,199.52,1725.0,1593.0,20260803,2026-08-11T06:59:33.898643+00:00
prefillq512_b8_h2048_sparse_q8kv8_steady,full,prefill,sglang_sparse_q8kv8_fp8,steady,ok,,8,2048,512,2048,64,576,512,10,30,2.270911931991577,2.2462399005889893,2.3821120262145996,2.3072853565216063,0.06195575613863424,1.3648271560668945,2.982877194881439,1.4721155166625977,2.2243112325668335,8.044131100177765,1168231104512,8388608,514.4325889764768,3693938052.737799,5251268608,2312.4052210138625,0.5198914491930033,0.948144205264205,1080034304,1082130432,54.0,195.66,1740.0,1593.0,56.0,210.6,1695.0,1593.0,20260803,2026-08-11T06:59:34.136102+00:00
prefillq512_b8_h4096_sparse_q8kv8_steady,full,prefill,sglang_sparse_q8kv8_fp8,steady,ok,,8,4096,512,2048,64,576,512,10,30,2.3081600666046143,2.124191999435425,2.3643200397491455,2.2892736037572226,0.09358117918990806,0.9693503379821777,2.9687583446502686,1.53297558426857,2.1647177636623383,7.6358020305633545,1168231104512,8388608,506.130888153918,3634326804.873607,5251268608,2275.088579850878,0.5115016555370572,0.932843445364046,1088685056,1092616192,56.0,201.62,1740.0,1593.0,58.0,220.85,1515.0,1593.0,20260803,2026-08-11T06:59:34.367637+00:00
prefillq512_b8_h8192_sparse_q8kv8_steady,full,prefill,sglang_sparse_q8kv8_fp8,steady,ok,,8,8192,512,2048,64,576,512,10,30,2.454848051071167,2.126688003540039,2.4944000244140625,2.368764805793762,0.1379310278054679,0.9667463600635529,2.9607638716697693,1.6935169696807861,2.165868878364563,7.786896079778671,1168231104512,8388608,475.8873381194592,3417159769.3550324,5251268608,2139.1420156162503,0.4809371784936424,0.8771019404006009,1107559424,1111490560,56.0,223.9,1725.0,1593.0,59.0,232.36,1635.0,1593.0,20260803,2026-08-11T06:59:34.554506+00:00
prefillq512_b8_h16384_sparse_q8kv8_steady,full,prefill,sglang_sparse_q8kv8_fp8,steady,ok,,8,16384,512,2048,64,576,512,10,30,2.3948159217834473,2.1629440784454346,2.4846079349517822,2.3573909123738606,0.1156297506315502,0.9705089032649994,3.0062235891819,2.0027048885822296,2.2145137190818787,8.193951100111008,1168231104512,8388608,487.8166600972006,3502819537.692445,5251268608,2192.7650305954703,0.49299308751611987,0.899088723019545,1145308160,1149239296,56.0,230.08,1725.0,1593.0,59.0,235.98,1695.0,1593.0,20260803,2026-08-11T06:59:34.737248+00:00
prefillq512_b8_h32768_sparse_q8kv8_steady,full,prefill,sglang_sparse_q8kv8_fp8,steady,ok,,8,32768,512,2048,64,576,512,10,30,2.4721920490264893,2.282655954360962,2.5084478855133057,2.431437865893046,0.08326239973501287,0.9787455201148987,2.980567514896393,2.6195310056209564,2.2380538284778595,8.816897869110107,1168231104512,8388608,472.5486860828758,3393186222.4471207,5251268608,2124.1345752518973,0.47756309861836865,0.870948513013393,1220805632,1224736768,55.0,231.38,1740.0,1593.0,56.0,243.22,1710.0,1593.0,20260803,2026-08-11T06:59:34.942791+00:00
prefillq512_b8_h65536_sparse_q8kv8_steady,full,prefill,sglang_sparse_q8kv8_fp8,steady,ok,,8,65536,512,2048,64,576,512,10,30,2.660543918609619,2.396928071975708,2.7432639598846436,2.6478389342625936,0.11329300940023809,0.9940750896930695,3.0287988483905792,3.8585104048252106,2.4378634989261627,10.319247841835022,1168231104512,8388608,439.09483934492204,3152967309.1748195,5251268608,1973.757535543437,0.4437542590651056,0.80929015075548,1371800576,1375731712,54.0,228.28,1740.0,1593.0,55.0,242.86,1680.0,1593.0,20260803,2026-08-11T06:59:35.174164+00:00
prefillq512_b8_h131072_sparse_q8kv8_steady,full,prefill,sglang_sparse_q8kv8_fp8,steady,ok,,8,131072,512,2048,64,576,512,10,30,2.9534718990325928,2.8314878940582275,2.9639360904693604,2.9208607912063598,0.04845488270518648,1.1235810816287994,3.16687673330307,6.247282028198242,2.765744924545288,13.3034847676754,1168231104512,8388608,395.54502106305904,2840253195.822747,5251268608,1777.99850058504,0.3997423153744912,0.7290240309001813,1673790464,1677721600,55.0,220.46,1740.0,1593.0,54.0,221.12,1725.0,1593.0,20260803,2026-08-11T06:59:35.452813+00:00
prefillq512_b8_h262144_sparse_q8kv8_steady,full,prefill,sglang_sparse_q8kv8_fp8,steady,ok,,8,262144,512,2048,64,576,512,10,30,3.1690878868103027,3.109247922897339,3.2416000366210938,3.16952424844106,0.03781074699227462,1.1494234204292297,3.039710223674774,11.106841266155243,3.0750930309295654,18.371067941188812,1168231104512,8388608,368.6332302029744,2647010212.2800894,5251268608,1657.028392887336,0.3725449522010858,0.6794232491766925,2277770240,2281701376,54.0,219.3,1740.0,1593.0,55.0,222.16,1725.0,1593.0,20260803,2026-08-11T06:59:35.748986+00:00
prefillq512_b8_h524288_sparse_q8kv8_steady,full,prefill,sglang_sparse_q8kv8_fp8,steady,ok,,8,524288,512,2048,64,576,512,10,30,3.4171841144561768,3.3645119667053223,3.4378879070281982,3.4114240169525147,0.021354765738548918,1.297779381275177,3.0197948217391968,20.76883241534233,3.3770836889743805,28.463490307331085,1168231104512,8388608,341.86952338033933,2454830561.9567103,5251268608,1536.7239317849007,0.34549724444703317,0.6300953992716939,3485729792,3489660928,55.0,205.81,1740.0,1593.0,55.0,225.26,1725.0,1593.0,20260803,2026-08-11T06:59:36.079128+00:00
prefillq1024_b8_h2048_sparse_q8kv8_steady,full,prefill,sglang_sparse_q8kv8_fp8,steady,ok,,8,2048,1024,2048,64,576,512,10,30,4.6113600730896,4.458655834197998,4.81382417678833,4.632154639561971,0.1376978870799509,1.3519786298274994,5.18367812037468,2.6906318962574005,4.276219755411148,13.502508401870728,2336462209024,16777216,506.6752914522626,3638235950.8003693,10502537216,2277.5357052010313,0.5120518357274003,0.9338468282050887,1503659008,1522532352,55.0,215.71,1740.0,1593.0,60.0,238.46,1710.0,1593.0,20260803,2026-08-11T06:59:36.398344+00:00
prefillq1024_b8_h4096_sparse_q8kv8_steady,full,prefill,sglang_sparse_q8kv8_fp8,steady,ok,,8,4096,1024,2048,64,576,512,10,30,4.676959991455078,4.506944179534912,4.728288173675537,4.635579776763916,0.07614809552683088,2.4784207344055176,5.17701730132103,3.4423284232616425,4.306286573410034,15.404053032398224,2336462209024,16777216,499.56856874824126,3587205370.7220907,10502537216,2245.5905620720287,0.5048697006045895,0.9207485173775343,1512571904,1533018112,55.0,235.97,1740.0,1593.0,56.0,254.37,1680.0,1593.0,20260803,2026-08-11T06:59:36.714284+00:00
prefillq1024_b8_h8192_sparse_q8kv8_steady,full,prefill,sglang_sparse_q8kv8_fp8,steady,ok,,8,8192,1024,2048,64,576,512,10,30,4.642784118652344,4.473408222198486,4.822175979614258,4.684795713424682,0.10593963988407715,1.0736100375652313,5.179908126592636,2.927292138338089,4.254333674907684,13.43514397740364,2336462209024,16777216,503.24592944937586,3613611051.308133,10502537216,2262.1205181188916,0.5085860833242808,0.9275262144250409,1531446272,1551892480,56.0,251.62,1740.0,1593.0,60.0,266.64,1680.0,1593.0,20260803,2026-08-11T06:59:37.053752+00:00
prefillq1024_b8_h16384_sparse_q8kv8_steady,full,prefill,sglang_sparse_q8kv8_fp8,steady,ok,,8,16384,1024,2048,64,576,512,10,30,4.833119869232178,4.773024082183838,4.8803839683532715,4.841606378555298,0.033224326010586364,1.1134147644042969,5.371641367673874,3.19875031709671,4.291858524084091,13.975664973258972,2336462209024,16777216,483.4273248420768,3471301447.9124312,10502537216,2173.034706393182,0.4885571751814824,0.890998794666857,1569195008,1589641216,55.0,266.82,1725.0,1593.0,59.0,263.31,1635.0,1593.0,20260803,2026-08-11T06:59:37.403435+00:00
prefillq1024_b8_h32768_sparse_q8kv8_steady,full,prefill,sglang_sparse_q8kv8_fp8,steady,ok,,8,32768,1024,2048,64,576,512,10,30,4.922976016998291,4.876736164093018,4.929503917694092,4.919652239481608,0.014086673845046076,1.0842196643352509,5.179028958082199,3.833360970020294,4.3906718492507935,14.487281441688538,2336462209024,16777216,474.603613943385,3407941851.0410805,10502537216,2133.371598751716,0.4796398321812886,0.8747359245905918,1644692480,1665138688,55.0,265.84,1740.0,1593.0,59.0,267.65,1695.0,1593.0,20260803,2026-08-11T06:59:37.710777+00:00
prefillq1024_b8_h65536_sparse_q8kv8_steady,full,prefill,sglang_sparse_q8kv8_fp8,steady,ok,,8,65536,1024,2048,64,576,512,10,30,5.157055854797363,5.055903911590576,5.398367881774902,5.24214293162028,0.12371128031719775,1.0961703956127167,5.2143894135952,5.072116851806641,4.73475456237793,16.117431223392487,2336462209024,16777216,453.061257199784,3253254661.6482654,10502537216,2036.537418191814,0.45786888044445073,0.8350314790483332,1795687424,1816133632,55.0,257.48,1740.0,1593.0,57.0,261.34,1710.0,1593.0,20260803,2026-08-11T06:59:38.113906+00:00
prefillq1024_b8_h131072_sparse_q8kv8_steady,full,prefill,sglang_sparse_q8kv8_fp8,steady,ok,,8,131072,1024,2048,64,576,512,10,30,5.920991897583008,5.894432067871094,5.969727993011475,5.927052768071492,0.04617215658485327,1.1430680751800537,5.23727759718895,7.466424256563187,5.328543484210968,19.175313413143158,2336462209024,16777216,394.6065540096012,2833514433.088244,10502537216,1773.7800351132405,0.3987938898530583,0.7272943541307959,2097677312,2118123520,54.0,241.16,1740.0,1593.0,58.0,268.72,1710.0,1593.0,20260803,2026-08-11T06:59:38.512579+00:00
prefillq1024_b8_h262144_sparse_q8kv8_steady,full,prefill,sglang_sparse_q8kv8_fp8,steady,ok,,8,262144,1024,2048,64,576,512,10,30,6.449344158172607,6.407680034637451,6.477344036102295,6.44444907506307,0.023642639022184293,1.2521781027317047,5.430400371551514,12.312959879636765,6.056543439626694,25.052081793546677,2336462209024,16777216,362.2790398095341,2601383270.6911626,10502537216,1628.465927452668,0.36612333482519865,0.6677119211430764,2701657088,2722103296,54.0,247.14,1740.0,1593.0,58.0,272.89,1710.0,1593.0,20260803,2026-08-11T06:59:38.915774+00:00
prefillq1024_b8_h524288_sparse_q8kv8_steady,full,prefill,sglang_sparse_q8kv8_fp8,steady,ok,,8,524288,1024,2048,64,576,512,10,30,6.805791854858398,6.7776641845703125,6.8566718101501465,6.8073738733927405,0.02236271381463982,1.3570636510849,5.23478165268898,22.09041640162468,6.61202147603035,35.29428318142891,2336462209024,16777216,343.30497594575826,2465137982.147276,10502537216,1543.176376824195,0.34694792920238327,0.6327410637591274,3909616640,3930062848,55.0,255.88,1740.0,1593.0,57.0,281.05,1605.0,1593.0,20260803,2026-08-11T06:59:39.348734+00:00
prefillq2048_b8_h2048_sparse_q8kv8_steady,full,prefill,sglang_sparse_q8kv8_fp8,steady,ok,,8,2048,2048,2048,64,576,512,10,30,9.209695816040039,9.136704444885254,9.23523235321045,9.20366185506185,0.050896917534154866,1.4879107475280762,9.549885988235474,5.098097026348114,8.528560400009155,24.66445416212082,4672924418048,33554432,507.3918304564864,3643381135.5159006,21005074432,2280.7565908329534,0.5127759782278791,0.9351674721908289,2548385792,2768240640,54.0,260.0,1740.0,1593.0,60.0,286.28,1710.0,1593.0,20260803,2026-08-11T06:59:39.762062+00:00
prefillq2048_b8_h4096_sparse_q8kv8_steady,full,prefill,sglang_sparse_q8kv8_fp8,steady,ok,,8,4096,2048,2048,64,576,512,10,30,9.233663558959961,9.203680038452148,9.759584426879883,9.32353925704956,0.20540235251445532,1.3017766177654266,9.47888195514679,5.205947905778885,8.44152644276619,24.42813292145729,4672924418048,33554432,506.0747977452124,3633924041.713669,21005074432,2274.836450112756,0.5114449699294719,0.9327400658404218,2558871552,2778726400,55.0,290.52,1740.0,1593.0,56.0,314.73,1710.0,1593.0,20260803,2026-08-11T06:59:40.322973+00:00
prefillq2048_b8_h8192_sparse_q8kv8_steady,full,prefill,sglang_sparse_q8kv8_fp8,steady,ok,,8,8192,2048,2048,64,576,512,10,30,9.220128059387207,9.136799812316895,9.32038402557373,9.244485410054525,0.08450250856130222,1.3681165874004364,9.69342514872551,5.384922027587891,8.39860737323761,24.845071136951447,4672924418048,33554432,506.81773484592736,3639258780.7755585,21005074432,2278.1759967654993,0.5121957906477285,0.9341093638242843,2577745920,2797600768,56.0,305.72,1740.0,1593.0,60.0,315.71,1605.0,1593.0,20260803,2026-08-11T06:59:40.874498+00:00
prefillq2048_b8_h16384_sparse_q8kv8_steady,full,prefill,sglang_sparse_q8kv8_fp8,steady,ok,,8,16384,2048,2048,64,576,512,10,30,9.32857608795166,9.012415885925293,9.687647819519043,9.295446427663167,0.17933016532734208,1.2889094650745392,9.570639580488205,5.666285753250122,8.55519250035286,25.081027299165726,4672924418048,33554432,500.9257976770243,3596951097.7497725,21005074432,2251.6913871913575,0.5062413316594485,0.9232500088685826,2615494656,2835349504,55.0,293.84,1740.0,1593.0,57.0,319.25,1680.0,1593.0,20260803,2026-08-11T06:59:41.393810+00:00
prefillq2048_b8_h32768_sparse_q8kv8_steady,full,prefill,sglang_sparse_q8kv8_fp8,steady,ok,,8,32768,2048,2048,64,576,512,10,30,9.434432029724121,9.29043197631836,9.900863647460938,9.528408527374268,0.25072767366205245,1.2949854135513306,9.5595121383667,6.237145513296127,8.71620699763298,25.807850062847137,4672924418048,33554432,495.3053245097834,3556592690.9307747,21005074432,2226.427024522665,0.5005612172913425,0.9128909857845958,2690992128,2910846976,55.0,297.05,1740.0,1593.0,61.0,321.0,1680.0,1593.0,20260803,2026-08-11T06:59:41.960687+00:00
prefillq2048_b8_h65536_sparse_q8kv8_steady,full,prefill,sglang_sparse_q8kv8_fp8,steady,ok,,8,65536,2048,2048,64,576,512,10,30,10.11292839050293,10.07692813873291,10.198176383972168,10.134707196553547,0.11167242338906395,1.363605260848999,9.817585349082947,7.553327828645706,9.276710450649261,28.011228889226913,4672924418048,33554432,462.07431098160964,3317973855.279251,21005074432,2077.051633404811,0.4669775755246181,0.8516433246002941,2841987072,3061841920,56.0,299.73,1740.0,1593.0,55.0,314.23,1725.0,1593.0,20260803,2026-08-11T06:59:42.530061+00:00
prefillq2048_b8_h131072_sparse_q8kv8_steady,full,prefill,sglang_sparse_q8kv8_fp8,steady,ok,,8,131072,2048,2048,64,576,512,10,30,11.409791946411133,11.318592071533203,11.868032455444336,11.460823440551758,0.17785718494712638,1.3461634516716003,9.59523394703865,9.801924228668213,10.591868311166763,31.335189938545227,4672924418048,33554432,409.55386741454424,2940845210.639823,21005074432,1840.969101860529,0.4138998154770533,0.7548435586191078,3143976960,3363831808,55.0,287.66,1740.0,1593.0,60.0,320.79,1650.0,1593.0,20260803,2026-08-11T06:59:43.157048+00:00
prefillq2048_b8_h262144_sparse_q8kv8_steady,full,prefill,sglang_sparse_q8kv8_fp8,steady,ok,,8,262144,2048,2048,64,576,512,10,30,12.919008255004883,12.53171157836914,13.244959831237793,12.903099727630615,0.20761156032773487,1.423269510269165,9.67860221862793,14.592263847589493,12.107178568840027,37.801314145326614,4672924418048,33554432,361.7092214673435,2597291629.332372,21005074432,1625.9045599620652,0.36554746990130726,0.6666616961558217,3747956736,3967811584,60.0,308.87,1725.0,1593.0,56.0,326.15,1725.0,1593.0,20260803,2026-08-11T06:59:43.793197+00:00
prefillq2048_b8_h524288_sparse_q8kv8_steady,full,prefill,sglang_sparse_q8kv8_fp8,steady,ok,,8,524288,2048,2048,64,576,512,10,30,13.437631607055664,13.393952369689941,13.668895721435547,13.452844746907552,0.07029261245005898,1.6440711915493011,9.838942438364029,24.349946528673172,13.206541538238525,49.03950169682503,4672924418048,33554432,347.7491089720304,2497049553.1654296,21005074432,1563.1530202815588,0.35143922079032885,0.6409319891914894,4955916288,5175771136,56.0,306.95,1740.0,1593.0,59.0,324.45,1620.0,1593.0,20260803,2026-08-11T06:59:44.495375+00:00
prefillq4096_b8_h2048_sparse_q8kv8_steady,full,prefill,sglang_sparse_q8kv8_fp8,steady,ok,,8,2048,4096,2048,64,576,512,10,30,18.534624099731445,18.350496292114258,18.946943283081055,18.55660597483317,0.13554187049870808,1.9478872418403625,18.443316221237183,9.978622198104858,17.049092799425125,47.41891846060753,9345848836096,67108864,504.23730126965,3620729702.3613424,42010148864,2266.5767936782004,0.5095879750072259,0.9293533993017326,4815734784,5395972096,59.0,314.16,1710.0,1593.0,59.0,327.88,1710.0,1593.0,20260803,2026-08-11T06:59:45.188664+00:00
prefillq4096_b8_h4096_sparse_q8kv8_steady,full,prefill,sglang_sparse_q8kv8_fp8,steady,ok,,8,4096,4096,2048,64,576,512,10,30,18.365983963012695,18.350688934326172,18.394655227661133,18.37565975189209,0.0490309403975313,1.8238797783851624,18.718615174293518,10.184362530708313,16.93042740225792,47.65728488564491,9345848836096,67108864,508.86730898369666,3653975966.392583,42010148864,2287.388954961757,0.5142671136773084,0.9378869080227414,4824123392,5404360704,56.0,313.88,1740.0,1593.0,58.0,318.28,1725.0,1593.0,20260803,2026-08-11T06:59:46.110492+00:00
prefillq4096_b8_h8192_sparse_q8kv8_steady,full,prefill,sglang_sparse_q8kv8_fp8,steady,ok,,8,8192,4096,2048,64,576,512,10,30,18.379487991333008,18.36390495300293,18.568832397460938,18.407778167724608,0.05783782368831384,1.7580315470695496,18.533281981945038,10.279491543769836,16.978461295366287,47.54926636815071,9345848836096,67108864,508.4934270477561,3651291267.2891493,42010148864,2285.7083333230075,0.5138892643231492,0.9371978109503333,4842997760,5423235072,56.0,313.85,1740.0,1593.0,61.0,318.53,1620.0,1593.0,20260803,2026-08-11T06:59:47.108279+00:00
prefillq4096_b8_h16384_sparse_q8kv8_steady,full,prefill,sglang_sparse_q8kv8_fp8,steady,ok,,8,16384,4096,2048,64,576,512,10,30,18.437183380126953,18.418176651000977,18.45395278930664,18.446433130900065,0.048953844241060085,1.7870031297206879,18.755123019218445,10.631721466779709,17.04476773738861,48.21861535310745,9345848836096,67108864,506.90220102543924,3639865299.1831284,42010148864,2278.555677288639,0.5122811531333393,0.9342650423725745,4880746496,5460983808,57.0,313.52,1740.0,1593.0,58.0,319.54,1665.0,1593.0,20260803,2026-08-11T06:59:48.031211+00:00
prefillq4096_b8_h32768_sparse_q8kv8_steady,full,prefill,sglang_sparse_q8kv8_fp8,steady,ok,,8,32768,4096,2048,64,576,512,10,30,18.688352584838867,18.678720474243164,18.85980796813965,18.727112579345704,0.10605769941961295,1.7356127500534058,18.632255494594574,11.204943060874939,17.27426052093506,48.84707182645798,9345848836096,67108864,500.08949658184014,3590945948.5713477,42010148864,2247.9321638056635,0.5053961562221729,0.9217086328860994,4956243968,5536481280,56.0,314.76,1740.0,1593.0,58.0,322.01,1710.0,1593.0,20260803,2026-08-11T06:59:48.991048+00:00
prefillq4096_b8_h65536_sparse_q8kv8_steady,full,prefill,sglang_sparse_q8kv8_fp8,steady,ok,,8,65536,4096,2048,64,576,512,10,30,20.3636474609375,20.352031707763672,21.81932830810547,20.60313835144043,0.49897867061243056,6.753940135240555,31.39851614832878,12.449808418750763,18.50518211722374,69.10744681954384,9345848836096,67108864,458.94768380878935,3295522775.511183,42010148864,2062.9972574700005,0.463817770397968,0.8458806775607095,5107238912,5687476224,56.0,322.07,1740.0,1593.0,57.0,336.84,1695.0,1593.0,20260803,2026-08-11T06:59:50.005278+00:00
prefillq4096_b8_h131072_sparse_q8kv8_steady,full,prefill,sglang_sparse_q8kv8_fp8,steady,ok,,8,131072,4096,2048,64,576,512,10,30,22.859712600708008,22.834272384643555,24.57868766784668,23.341108131408692,0.7421799584028559,1.837078481912613,18.73663440346718,14.780949801206589,21.288268268108368,56.64293095469475,9345848836096,67108864,408.83492278929793,2935682752.106057,42010148864,1837.737402818392,0.41317324182849713,0.7535184808636542,5409228800,5989466112,56.0,323.16,1740.0,1593.0,57.0,351.16,1710.0,1593.0,20260803,2026-08-11T06:59:51.100710+00:00
prefillq4096_b8_h262144_sparse_q8kv8_steady,full,prefill,sglang_sparse_q8kv8_fp8,steady,ok,,8,262144,4096,2048,64,576,512,10,30,25.157087326049805,25.047487258911133,26.863168716430664,25.72752946217855,0.7788260774613536,1.9671060144901276,21.79347723722458,19.69671994447708,24.069037288427353,67.52634048461914,9345848836096,67108864,371.49963805303116,2667592759.4570827,42010148864,1669.9130674201338,0.3754417767084701,0.684706289270172,6013208576,6593445888,56.0,315.93,1740.0,1593.0,59.0,348.25,1695.0,1593.0,20260803,2026-08-11T06:59:52.321442+00:00
prefillq4096_b8_h524288_sparse_q8kv8_steady,full,prefill,sglang_sparse_q8kv8_fp8,steady,ok,,8,524288,4096,2048,64,576,512,10,30,26.89846420288086,26.77529525756836,28.250560760498047,27.407113711039226,0.6545069129493744,2.099018543958664,18.989406526088715,29.325809329748154,26.266690343618393,76.68092474341393,9345848836096,67108864,347.4491616177495,2494895749.2083344,42010148864,1561.8047390044173,0.3511360905687211,0.640379160012429,7221168128,7801405440,56.0,315.15,1740.0,1593.0,58.0,359.14,1620.0,1593.0,20260803,2026-08-11T06:59:53.634519+00:00
prefillq8192_b8_h2048_sparse_q8kv8_steady,full,prefill,sglang_sparse_q8kv8_fp8,steady,ok,,8,2048,8192,2048,64,576,512,10,30,38.48438262939453,36.652000427246094,39.64041519165039,38.24912948608399,1.2214044306760057,2.437897026538849,35.79948469996452,19.902557134628296,33.7739922106266,91.91393107175827,18691697672192,134217728,485.6956613334159,3487589479.933191,84020297728,2183.231014438177,0.49084958194382605,0.8951795369952767,9348335616,10125049856,56.0,311.85,1740.0,1593.0,57.0,324.98,1725.0,1593.0,20260803,2026-08-11T06:59:54.974825+00:00
prefillq8192_b8_h4096_sparse_q8kv8_steady,full,prefill,sglang_sparse_q8kv8_fp8,steady,ok,,8,4096,8192,2048,64,576,512,10,30,38.312862396240234,36.66281509399414,39.88278579711914,38.326102066040036,1.3447877936032568,2.732660621404648,38.24513405561447,19.991114735603333,34.043993800878525,95.01290321350098,18691697672192,134217728,487.8700390192271,3503202830.733191,84020297728,2193.0049720389775,0.49304703286430224,0.8991871050363285,9356724224,10133438464,56.0,290.96,1740.0,1593.0,58.0,330.48,1710.0,1593.0,20260803,2026-08-11T06:59:56.847334+00:00
prefillq8192_b8_h8192_sparse_q8kv8_steady,full,prefill,sglang_sparse_q8kv8_fp8,steady,ok,,8,8192,8192,2048,64,576,512,10,30,38.515838623046875,36.27110290527344,41.71459197998047,38.27855211893718,1.5184012284171695,2.860806882381439,35.707902163267136,20.122066140174866,34.36372056603432,93.05449575185776,18691697672192,134217728,485.2989923217555,3484741155.8030467,84020297728,2181.4479635327075,0.4904487037107181,0.8944484413515075,9375598592,10152312832,57.0,307.58,1740.0,1593.0,62.0,338.98,1695.0,1593.0,20260803,2026-08-11T06:59:58.663234+00:00
prefillq8192_b8_h16384_sparse_q8kv8_steady,full,prefill,sglang_sparse_q8kv8_fp8,steady,ok,,8,16384,8192,2048,64,576,512,10,30,38.688350677490234,36.471168518066406,39.663841247558594,38.164937591552736,1.3020280390779175,2.8083436191082,36.18387132883072,20.402148365974426,34.35683995485306,93.7512032687664,18691697672192,134217728,483.1350353497301,3469202632.049418,84020297728,2171.7208476629357,0.4882617840825974,0.8904600795963761,9413347328,10190061568,58.0,306.62,1740.0,1593.0,58.0,326.8,1725.0,1593.0,20260803,2026-08-11T07:00:00.453236+00:00
prefillq8192_b8_h32768_sparse_q8kv8_steady,full,prefill,sglang_sparse_q8kv8_fp8,steady,ok,,8,32768,8192,2048,64,576,512,10,30,39.22710418701172,37.11756896972656,40.4964485168457,38.882223256429036,1.3269100353889576,3.1597092747688293,36.01904958486557,21.001111716032028,35.336412489414215,95.51628306508064,18691697672192,134217728,476.4995545702532,3421555854.8530364,84020297728,2141.8939651380006,0.48155589143027105,0.8782303088061537,9488844800,10265559040,58.0,308.31,1740.0,1593.0,63.0,339.3,1680.0,1593.0,20260803,2026-08-11T07:00:02.248978+00:00
prefillq8192_b8_h65536_sparse_q8kv8_steady,full,prefill,sglang_sparse_q8kv8_fp8,steady,ok,,8,65536,8192,2048,64,576,512,10,30,42.43449783325195,40.472896575927734,44.04441452026367,42.59265505472819,1.4325124283672543,3.093212842941284,36.83258220553398,22.21442013978958,37.34448924660683,99.48470443487167,18691697672192,134217728,440.48353642929317,3162938996.6487617,84020297728,1979.999811902125,0.4451576921973655,0.8118496408065157,9639839744,10416553984,58.0,316.04,1740.0,1593.0,62.0,337.4,1590.0,1593.0,20260803,2026-08-11T07:00:04.014276+00:00
prefillq8192_b8_h131072_sparse_q8kv8_steady,full,prefill,sglang_sparse_q8kv8_fp8,steady,ok,,8,131072,8192,2048,64,576,512,10,30,48.29238510131836,45.835838317871094,50.62489700317383,48.0645804087321,1.892494170322881,3.1541846692562103,36.29559651017189,24.543102830648422,42.854178696870804,106.84706270694733,18691697672192,134217728,387.0526923235714,2779273123.876748,84020297728,1739.8249755468441,0.3911598709687432,0.7133719270947747,9941829632,10718543872,58.0,313.44,1740.0,1593.0,61.0,337.38,1605.0,1593.0,20260803,2026-08-11T07:00:05.931440+00:00
prefillq8192_b8_h262144_sparse_q8kv8_steady,full,prefill,sglang_sparse_q8kv8_fp8,steady,ok,,8,262144,8192,2048,64,576,512,10,30,52.85148620605469,50.162689208984375,54.498878479003906,52.50379803975423,1.428576508325616,2.8954781591892242,36.40355169773102,29.613301157951355,48.55908825993538,117.47141927480698,18691697672192,134217728,353.6645610932824,2539526087.813666,84020297728,1589.743330971355,0.35741744425799127,0.6518346842587713,10545809408,11322523648,58.0,310.64,1740.0,1593.0,59.0,336.93,1635.0,1593.0,20260803,2026-08-11T07:00:08.109884+00:00
prefillq8192_b8_h524288_sparse_q8kv8_steady,full,prefill,sglang_sparse_q8kv8_fp8,steady,ok,,8,524288,8192,2048,64,576,512,10,30,55.82195281982422,53.85958480834961,57.21977615356445,55.578290176391604,0.9638405112915738,3.086782991886139,38.3107028901577,39.2577163875103,52.99755185842514,133.65275412797928,18691697672192,134217728,334.84492619817416,2404389692.9441504,84020297728,1505.147947783038,0.33839810631447614,0.617148452955877,11753768960,12530483200,59.0,327.29,1725.0,1593.0,58.0,324.95,1725.0,1593.0,20260803,2026-08-11T07:00:10.488775+00:00
prefillq16384_b8_h2048_sparse_q8kv8_steady,full,prefill,sglang_sparse_q8kv8_fp8,steady,ok,,8,2048,16384,2048,64,576,512,10,30,77.77926635742188,73.0902099609375,82.28339385986328,77.13219629923502,2.662280346954856,4.015978425741196,70.82303613424301,39.57783803343773,71.83147221803665,186.2483248114586,37383395344384,268435456,480.6344556220771,3451246952.709079,168040595456,2160.4805923958834,0.4857346696534382,0.8858512926933291,18413537280,19862126592,58.0,300.63,1740.0,1593.0,62.0,326.54,1725.0,1593.0,20260803,2026-08-11T07:00:12.984703+00:00
prefillq16384_b8_h4096_sparse_q8kv8_steady,full,prefill,sglang_sparse_q8kv8_fp8,steady,ok,,8,4096,16384,2048,64,576,512,10,30,77.71699523925781,73.35711669921875,78.97561645507812,77.0600575764974,1.9164783750367567,5.333855748176575,70.6116184592247,39.52781483530998,71.89638540148735,187.3696744441986,37383395344384,268435456,481.0195663033074,3454012281.0152473,168040595456,2162.2116879155446,0.4861238669058185,0.8865610853243138,18421925888,19870515200,59.0,312.77,1740.0,1593.0,63.0,328.94,1725.0,1593.0,20260803,2026-08-11T07:00:16.446211+00:00
prefillq16384_b8_h8192_sparse_q8kv8_steady,full,prefill,sglang_sparse_q8kv8_fp8,steady,ok,,8,8192,16384,2048,64,576,512,10,30,78.09129333496094,73.4142074584961,81.3506851196289,77.38583068847656,2.384375580980027,4.920784384012222,97.50420972704887,39.667535573244095,71.02243974804878,213.11496943235397,37383395344384,268435456,478.71399931914954,3437456911.471375,168040595456,2151.848026581081,0.4837938345822633,0.8823117239449597,18440800256,19889389568,58.0,305.39,1740.0,1593.0,62.0,324.02,1740.0,1593.0,20260803,2026-08-11T07:00:19.852953+00:00
prefillq16384_b8_h16384_sparse_q8kv8_steady,full,prefill,sglang_sparse_q8kv8_fp8,steady,ok,,8,16384,16384,2048,64,576,512,10,30,78.07225799560547,73.99171447753906,79.67017364501953,77.58997319539388,1.8803214532698445,5.0431229174137115,71.32842019200325,40.06689414381981,72.52150774002075,188.95994499325752,37383395344384,268435456,478.8307179035124,3438295021.710653,168040595456,2152.3726835908687,0.48391179171653603,0.8825268464931452,18478548992,19927138304,59.0,309.73,1740.0,1593.0,60.0,326.67,1725.0,1593.0,20260803,2026-08-11T07:00:23.350125+00:00
prefillq16384_b8_h32768_sparse_q8kv8_steady,full,prefill,sglang_sparse_q8kv8_fp8,steady,ok,,8,32768,16384,2048,64,576,512,10,30,80.11923217773438,75.0955810546875,85.48381042480469,79.9458371480306,2.9112253429860226,4.916545003652573,70.8249993622303,40.84452986717224,74.3737518787384,190.95982611179352,37383395344384,268435456,466.5970245627625,3350449682.3497996,168040595456,2097.3815011509746,0.4715482815187089,0.859979080860549,18554046464,20002635776,59.0,312.14,1740.0,1593.0,61.0,331.91,1740.0,1593.0,20260803,2026-08-11T07:00:26.792196+00:00
prefillq16384_b8_h65536_sparse_q8kv8_steady,full,prefill,sglang_sparse_q8kv8_fp8,steady,ok,,8,65536,16384,2048,64,576,512,10,30,88.00038146972656,83.54208374023438,88.97996520996094,87.06286239624023,1.8599608632640086,5.732037127017975,75.24460181593895,41.76777973771095,80.46524971723557,203.20966839790344,37383395344384,268435456,424.809469232181,3050389686.007734,168040595456,1909.5439434408413,0.4293173008915422,0.7829609655858577,18705041408,20153630720,59.0,311.9,1740.0,1593.0,64.0,333.26,1695.0,1593.0,20260803,2026-08-11T07:00:30.328177+00:00
prefillq16384_b8_h131072_sparse_q8kv8_steady,full,prefill,sglang_sparse_q8kv8_fp8,steady,ok,,8,131072,16384,2048,64,576,512,10,30,97.06626892089844,92.9098892211914,99.4928970336914,96.78655217488607,2.206633187368235,4.731707274913788,74.65815171599388,44.31546479463577,90.09898081421852,213.80430459976196,37383395344384,268435456,385.13271149680844,2765486496.8463383,168040595456,1731.1945470258077,0.38921951641921015,0.709833234690517,19007031296,20455620608,60.0,301.42,1740.0,1593.0,61.0,335.29,1635.0,1593.0,20260803,2026-08-11T07:00:34.145150+00:00
prefillq16384_b8_h262144_sparse_q8kv8_steady,full,prefill,sglang_sparse_q8kv8_fp8,steady,ok,,8,262144,16384,2048,64,576,512,10,30,105.4933090209961,102.03068542480469,107.88460540771484,105.2705312093099,1.744981055517085,5.054973065853119,71.76171615719795,49.07013475894928,100.00155493617058,225.88837891817093,37383395344384,268435456,354.3674541192339,2544573286.1273117,168040595456,1592.9028771156973,0.35812779597699235,0.6531301775143649,19611011072,21059600384,59.0,316.95,1740.0,1593.0,60.0,337.15,1620.0,1593.0,20260803,2026-08-11T07:00:38.402259+00:00
prefillq16384_b8_h524288_sparse_q8kv8_steady,full,prefill,sglang_sparse_q8kv8_fp8,steady,ok,,8,524288,16384,2048,64,576,512,10,30,111.61299133300781,108.14537811279297,113.58716583251953,111.2692367553711,1.6950275222624627,4.751071333885193,72.1401497721672,58.76197665929794,107.47954621911049,243.13274398446083,37383395344384,268435456,334.9376707667223,2405055655.206818,168040595456,1505.564840159468,0.33849183503458546,0.6173193892984085,20818970624,22267559936,60.0,321.92,1725.0,1593.0,61.0,326.28,1740.0,1593.0,20260803,2026-08-11T07:00:42.971007+00:00
prefillq32768_b8_h2048_sparse_q8kv8_steady,full,prefill,sglang_sparse_q8kv8_fp8,steady,ok,,8,2048,32768,2048,64,576,512,10,30,155.27027893066406,149.22499084472656,159.03392028808594,155.20793762207032,3.2886594753490015,5.869276821613312,141.0040520131588,78.85243371129036,150.04052221775055,375.766284763813,74766790688768,536870912,481.52673649897355,3457654070.678521,336081190912,2164.4914482447543,0.48663641889739623,0.8874958443042227,36543940608,39063650304,60.0,293.99,1740.0,1593.0,61.0,337.45,1650.0,1593.0,20260803,2026-08-11T07:00:47.829113+00:00
prefillq32768_b8_h4096_sparse_q8kv8_steady,full,prefill,sglang_sparse_q8kv8_fp8,steady,ok,,8,4096,32768,2048,64,576,512,10,30,155.83078002929688,148.54074096679688,159.72265625,155.39272766113282,3.6317062930704638,9.92729514837265,140.44032990932465,79.32504266500473,149.9282866716385,379.6209543943405,74766790688768,536870912,479.7947534800988,3445217381.9515367,336081190912,2156.706081101662,0.48488605707943283,0.8843036482844694,36552329216,39072038912,60.0,313.75,1740.0,1593.0,63.0,328.15,1725.0,1593.0,20260803,2026-08-11T07:00:54.562882+00:00
prefillq32768_b8_h8192_sparse_q8kv8_steady,full,prefill,sglang_sparse_q8kv8_fp8,steady,ok,,8,8192,32768,2048,64,576,512,10,30,155.95111083984375,151.46112060546875,159.230712890625,155.6593022664388,2.445470356757473,8.807502686977386,140.743900090456,78.82397621870041,150.31063556671143,378.68601456284523,74766790688768,536870912,479.4245471297145,3442559075.782072,336081190912,2155.0419814395773,0.4845119223140116,0.8836213256373617,36571203584,39090913280,60.0,303.43,1740.0,1593.0,62.0,329.45,1740.0,1593.0,20260803,2026-08-11T07:01:01.376148+00:00
prefillq32768_b8_h16384_sparse_q8kv8_steady,full,prefill,sglang_sparse_q8kv8_fp8,steady,ok,,8,16384,32768,2048,64,576,512,10,30,157.35084533691406,153.28594970703125,165.885498046875,157.8217575073242,3.615407321379641,10.12255996465683,139.9000585079193,79.14334163069725,151.29948779940605,380.46544790267944,74766790688768,536870912,475.15976497412515,3411935352.812824,336081190912,2135.871530860828,0.4802018847641487,0.8757609595287886,36608952320,39128662016,60.0,299.4,1740.0,1593.0,62.0,330.48,1695.0,1593.0,20260803,2026-08-11T07:01:08.179627+00:00
prefillq32768_b8_h32768_sparse_q8kv8_steady,full,prefill,sglang_sparse_q8kv8_fp8,steady,ok,,8,32768,32768,2048,64,576,512,10,30,163.80166625976562,159.20982360839844,171.6011199951172,163.6596232096354,3.71267211514333,16.29946008324623,140.01977816224098,79.71280813217163,156.43759071826935,392.4696370959282,74766790688768,536870912,456.44707038693207,3277566854.226017,336081190912,2051.7568507454866,0.4612906219170612,0.8412718285563002,36684449792,39204159488,60.0,293.48,1740.0,1593.0,61.0,327.53,1740.0,1593.0,20260803,2026-08-11T07:01:15.005948+00:00
prefillq32768_b8_h65536_sparse_q8kv8_steady,full,prefill,sglang_sparse_q8kv8_fp8,steady,ok,,8,65536,32768,2048,64,576,512,10,30,177.89456176757812,171.11273193359375,181.8648681640625,177.67389984130858,3.1477916458106288,9.39520075917244,141.053956001997,80.91925457119942,167.77190193533897,399.1403132677078,74766790688768,536870912,420.2871068450756,3017916380.723486,336081190912,1889.2156543329024,0.42474694981816635,0.7746258566069145,36835444736,39355154432,61.0,316.73,1740.0,1593.0,61.0,332.13,1695.0,1593.0,20260803,2026-08-11T07:01:22.168627+00:00
prefillq32768_b8_h131072_sparse_q8kv8_steady,full,prefill,sglang_sparse_q8kv8_fp8,steady,ok,,8,131072,32768,2048,64,576,512,10,30,195.11337280273438,191.1486053466797,200.42822265625,195.5899653116862,2.9446838208116013,9.566932916641235,143.71735230088234,83.54643359780312,186.49310618638992,423.3238250017166,74766790688768,536870912,383.1966492853338,2751584395.718447,336081190912,1722.491831719748,0.38726290983863954,0.7062649028892738,37137434624,39657144320,60.0,312.6,1740.0,1593.0,61.0,333.18,1710.0,1593.0,20260803,2026-08-11T07:01:29.775935+00:00
prefillq32768_b8_h262144_sparse_q8kv8_steady,full,prefill,sglang_sparse_q8kv8_fp8,steady,ok,,8,262144,32768,2048,64,576,512,10,30,210.82528686523438,206.6240692138672,217.33847045898438,211.49941965738932,3.2597579566944686,10.183919221162796,141.71640202403069,88.68475258350372,202.5374248623848,443.122498691082,74766790688768,536870912,354.6386289826851,2546520486.1463485,336081190912,1594.121824327614,0.35840184839078837,0.6536299764790963,37741414400,40261124096,61.0,305.27,1740.0,1593.0,62.0,325.71,1725.0,1593.0,20260803,2026-08-11T07:01:38.196615+00:00
prefillq32768_b8_h524288_sparse_q8kv8_steady,full,prefill,sglang_sparse_q8kv8_fp8,steady,ok,,8,524288,32768,2048,64,576,512,10,30,222.7915802001953,216.4544677734375,229.77593994140625,223.35828094482423,4.716207594811737,9.163927286863327,144.8505073785782,98.0224572122097,216.1683887243271,468.2052806019783,74766790688768,536870912,335.59073741289643,2409745069.8881006,336081190912,1508.500413749951,0.3391518316451707,0.618523048182954,38949373952,41469083648,61.0,310.65,1740.0,1593.0,61.0,337.29,1680.0,1593.0,20260803,2026-08-11T07:01:47.326291+00:00
prefillq2_b16_h2048_sparse_q8kv8_steady,full,prefill,sglang_sparse_q8kv8_fp8,steady,ok,,16,2048,2,2048,64,576,512,10,30,0.07062400132417679,0.06992000341415405,0.07222399860620499,0.07079466606179873,0.0007343898081565895,8.590549230575562,1.271657645702362,0.6691403687000275,0.11766701936721802,10.649014264345169,9126805504,65536,129.2309318769172,927956484.6400878,41025536,580.900759384695,0.13060225556030036,0.23818389780433427,385985536,413138944,61.0,319.87,1740.0,1593.0,61.0,305.6,1740.0,1593.0,20260803,2026-08-11T07:01:56.869415+00:00
prefillq2_b16_h4096_sparse_q8kv8_steady,full,prefill,sglang_sparse_q8kv8_fp8,steady,ok,,16,4096,2,2048,64,576,512,10,30,0.07295999675989151,0.07231999933719635,0.07472000271081924,0.07322773312528928,0.0010231489241509146,0.6658248603343964,1.0229386389255524,0.6822161376476288,0.1260228455066681,2.4970024824142456,9126805504,65536,125.0932827482978,898245653.9256219,41025536,562.3017793574394,0.12642070009934087,0.23055784897153694,499231744,526385152,60.0,288.48,1740.0,1593.0,60.0,274.65,1740.0,1593.0,20260803,2026-08-11T07:01:56.994406+00:00
prefillq2_b16_h8192_sparse_q8kv8_steady,full,prefill,sglang_sparse_q8kv8_fp8,steady,ok,,16,8192,2,2048,64,576,512,10,30,0.07555200159549713,0.07494399696588516,0.07657600194215775,0.07581440011660258,0.0013092764612401156,0.6773471832275391,0.9976513683795929,0.9515099227428436,0.12909621000289917,2.7556046843528748,9126805504,65536,120.80163743198504,867429037.1667125,41025536,543.010577266362,0.12208351433247604,0.22264797171083084,725632000,746586112,60.0,266.68,1740.0,1593.0,60.0,251.21,1755.0,1593.0,20260803,2026-08-11T07:01:57.136789+00:00
prefillq2_b16_h16384_sparse_q8kv8_steady,full,prefill,sglang_sparse_q8kv8_fp8,steady,ok,,16,16384,2,2048,64,576,512,10,30,0.07868800312280655,0.07814399898052216,0.08323200047016144,0.07923733318845431,0.002316691711832846,0.6991848349571228,0.9991265833377838,1.5525706112384796,0.1303553581237793,3.3812373876571655,9126805504,65536,115.98725525867017,832858852.6731257,41025536,521.3696417733767,0.11721804472831751,0.21377464475338082,801129472,822083584,60.0,238.11,1755.0,1593.0,60.0,225.35,1755.0,1593.0,20260803,2026-08-11T07:01:57.241224+00:00
prefillq2_b16_h32768_sparse_q8kv8_steady,full,prefill,sglang_sparse_q8kv8_fp8,steady,ok,,16,32768,2,2048,64,576,512,10,30,0.08038400113582611,0.07958400249481201,0.08233600109815598,0.08060693368315697,0.0009366220461617054,0.7038451731204987,1.0116472840309143,2.7959607541561127,0.13044849038124084,4.6419017016887665,9126805504,65536,113.54007482879949,815286612.6838199,41025536,510.36941954007125,0.11474489623931226,0.20926427742141548,952124416,973078528,60.0,217.69,1755.0,1593.0,60.0,196.34,1755.0,1593.0,20260803,2026-08-11T07:01:57.346162+00:00
prefillq2_b16_h65536_sparse_q8kv8_steady,full,prefill,sglang_sparse_q8kv8_fp8,steady,ok,,16,65536,2,2048,64,576,512,10,30,0.07952000200748444,0.07868800312280655,0.081216000020504,0.07966613297661146,0.000943961040531801,0.8105412125587463,0.9889714419841766,5.110427737236023,0.1353137195110321,7.045254111289978,9126805504,65536,114.77370816893318,824144848.4097339,41025536,515.9146751044934,0.11599162018083192,0.2115379714445637,1254114304,1275068416,60.0,179.2,1755.0,1593.0,60.0,153.96,1755.0,1593.0,20260803,2026-08-11T07:01:57.454006+00:00
prefillq2_b16_h131072_sparse_q8kv8_steady,full,prefill,sglang_sparse_q8kv8_fp8,steady,ok,,16,131072,2,2048,64,576,512,10,30,0.07955200225114822,0.07903999835252762,0.08371199667453766,0.07999893327554067,0.0012945958961042446,0.8544959127902985,0.99993497133255,9.993765503168106,0.13094395399093628,11.97914034128189,9126805504,65536,114.72753979449043,823813331.4746842,41025536,515.7071455031523,0.11594496189438143,0.2114528790969318,1858094080,1879048192,60.0,134.1,1755.0,1593.0,60.0,126.43,1755.0,1593.0,20260803,2026-08-11T07:01:57.630069+00:00
prefillq2_b16_h262144_sparse_q8kv8_steady,full,prefill,sglang_sparse_q8kv8_fp8,steady,ok,,16,262144,2,2048,64,576,512,10,30,0.07993599772453308,0.0791039988398552,0.08111999928951263,0.08020053332050642,0.0009954667585507085,1.0134205222129822,1.0464899241924286,19.583556801080704,0.13610348105430603,21.77957072854042,9126805504,65536,114.17641317810063,819855908.0458742,41025536,513.2297984367173,0.11538798704204208,0.21043710459334422,3066053632,3087007744,60.0,116.88,1755.0,1593.0,60.0,110.65,1755.0,1593.0,20260803,2026-08-11T07:01:57.739708+00:00
prefillq2_b16_h524288_sparse_q8kv8_steady,full,prefill,sglang_sparse_q8kv8_fp8,steady,ok,,16,524288,2,2048,64,576,512,10,30,0.08070400357246399,0.07968000322580338,0.08291199803352356,0.08093653346101443,0.001059675405611785,1.2454316020011902,1.0335743427276611,38.80852833390236,0.13283267617225647,41.22036695480347,9126805504,65536,113.08987286863727,812053889.5094013,41025536,508.3457348328852,0.11428991699710689,0.20843451587661196,5481972736,5502926848,60.0,110.35,1755.0,1593.0,61.0,119.03,1755.0,1593.0,20260803,2026-08-11T07:01:57.865619+00:00
prefillq4_b16_h2048_sparse_q8kv8_steady,full,prefill,sglang_sparse_q8kv8_fp8,steady,ok,,16,2048,4,2048,64,576,512,10,30,0.07238399982452393,0.07161600142717361,0.07948800176382065,0.07277973343928655,0.0018711020755592081,1.4515258371829987,1.2660995125770569,0.6182156503200531,0.12461468577384949,3.460455685853958,18253611008,131072,252.17742943538772,1810786918.6249692,82051072,1133.5526110592307,0.25485339003071017,0.46478503411555644,388490240,417333248,60.0,118.99,1755.0,1593.0,60.0,119.6,1755.0,1593.0,20260803,2026-08-11T07:01:58.029542+00:00
prefillq4_b16_h4096_sparse_q8kv8_steady,full,prefill,sglang_sparse_q8kv8_fp8,steady,ok,,16,4096,4,2048,64,576,512,10,30,0.07948800176382065,0.07887999713420868,0.08627200126647949,0.08008213390906652,0.0019488617389430826,0.6177350878715515,1.2754611670970917,0.657983124256134,0.1410655677318573,2.6922449469566345,18253611008,131072,229.63982743252478,1648953264.537316,82051072,1032.24474360036,0.23207663206925191,0.423246264610146,501736448,530579456,60.0,119.15,1755.0,1593.0,59.0,119.64,1755.0,1593.0,20260803,2026-08-11T07:01:58.110936+00:00
prefillq4_b16_h8192_sparse_q8kv8_steady,full,prefill,sglang_sparse_q8kv8_fp8,steady,ok,,16,8192,4,2048,64,576,512,10,30,0.08569599688053131,0.08460800349712372,0.0907519981265068,0.08603519971172015,0.0015834581287749794,0.659845769405365,1.258060336112976,0.9516701102256775,0.13850629329681396,3.0080825090408325,18253611008,131072,213.00424375070094,1529499682.2631903,82051072,957.4668010967572,0.2152645212235482,0.3925854305045713,728044544,750780416,59.0,119.04,1755.0,1593.0,59.0,119.83,1755.0,1593.0,20260803,2026-08-11T07:01:58.191113+00:00
prefillq4_b16_h16384_sparse_q8kv8_steady,full,prefill,sglang_sparse_q8kv8_fp8,steady,ok,,16,16384,4,2048,64,576,512,10,30,0.09939199686050415,0.09798400104045868,0.10236799716949463,0.09959999943772951,0.0017657452743174234,0.8979812264442444,1.7832964658737183,1.6560591757297516,0.15803799033164978,4.495374858379364,18253611008,131072,183.6527244101836,1318737968.2486758,82051072,825.529968123671,0.18560154058634018,0.3384880160429764,803542016,826277888,59.0,119.06,1755.0,1593.0,59.0,119.58,1755.0,1593.0,20260803,2026-08-11T07:01:58.353936+00:00
prefillq4_b16_h32768_sparse_q8kv8_steady,full,prefill,sglang_sparse_q8kv8_fp8,steady,ok,,16,32768,4,2048,64,576,512,10,30,0.09443199634552002,0.09321600198745728,0.10051199793815613,0.09493546610077222,0.0026558572964253797,0.9251758456230164,3.104906529188156,3.0474141240119934,0.16740337014198303,7.244899868965149,18253611008,131072,193.29900578625197,1388004120.133358,82051072,868.8905792034822,0.1953501827046508,0.35626695537352,954536960,977272832,59.0,117.7,1755.0,1593.0,59.0,119.45,1755.0,1593.0,20260803,2026-08-11T07:01:58.508640+00:00
prefillq4_b16_h65536_sparse_q8kv8_steady,full,prefill,sglang_sparse_q8kv8_fp8,steady,ok,,16,65536,4,2048,64,576,512,10,30,0.09497600048780441,0.09359999746084213,0.09638399630784988,0.09512959942221641,0.0013141422262752539,0.7614977657794952,1.2858770787715912,5.119495093822479,0.14749541878700256,7.314365357160568,18253611008,131072,192.19182650614871,1380053901.267727,82051072,863.9137421935969,0.1942312546802918,0.3542263272307596,1256526848,1279262720,59.0,119.01,1755.0,1593.0,59.0,118.12,1755.0,1593.0,20260803,2026-08-11T07:01:58.659931+00:00
prefillq4_b16_h131072_sparse_q8kv8_steady,full,prefill,sglang_sparse_q8kv8_fp8,steady,ok,,16,131072,4,2048,64,576,512,10,30,0.09539200365543365,0.09433600306510925,0.09788800030946732,0.09559786692261696,0.0012102795939852808,1.1269301176071167,1.296747475862503,9.993743151426315,0.14627724885940552,12.56369799375534,18253611008,131072,191.3536806914554,1374035505.884187,82051072,860.146226683501,0.19338421494841374,0.35268155126905576,1860506624,1883242496,59.0,117.5,1755.0,1593.0,59.0,116.0,1755.0,1593.0,20260803,2026-08-11T07:01:58.744939+00:00
prefillq4_b16_h262144_sparse_q8kv8_steady,full,prefill,sglang_sparse_q8kv8_fp8,steady,ok,,16,262144,4,2048,64,576,512,10,30,0.095551997423172,0.09424000233411789,0.09743999689817429,0.09574826682607333,0.0013821307793078419,0.9867101907730103,1.3496056199073792,19.579686224460602,0.14760717749595642,22.063609212636948,18253611008,131072,191.03327507807154,1371734799.2163913,82051072,858.7059843094611,0.19306040937652505,0.35209101573111784,3068466176,3091202048,59.0,107.91,1755.0,1593.0,59.0,111.11,1755.0,1593.0,20260803,2026-08-11T07:01:58.877873+00:00
prefillq4_b16_h524288_sparse_q8kv8_steady,full,prefill,sglang_sparse_q8kv8_fp8,steady,ok,,16,524288,4,2048,64,576,512,10,30,0.09616000205278397,0.09465599805116653,0.09808000177145004,0.09621119971076647,0.0010045356411684503,1.276310533285141,1.3992749154567719,38.81744667887688,0.14759600162506104,41.64062812924385,18253611008,131072,189.82540160492366,1363061534.9618254,82051072,853.2765208861026,0.1918397186507566,0.34986479939335413,5484385280,5507121152,59.0,110.46,1755.0,1593.0,60.0,120.28,1755.0,1593.0,20260803,2026-08-11T07:01:59.041034+00:00
prefillq8_b16_h2048_sparse_q8kv8_steady,full,prefill,sglang_sparse_q8kv8_fp8,steady,ok,,16,2048,8,2048,64,576,512,10,30,0.1422400027513504,0.1388159990310669,0.144896000623703,0.14204586644967396,0.0018002078156669347,1.4597438275814056,1.1518970131874084,0.6129443645477295,0.18530339002609253,3.409888595342636,36507222016,262144,256.659317420137,1842969593.1478126,164102144,1153.6989653105309,0.2593828372108509,0.4730455452348813,395297792,415236096,59.0,119.38,1755.0,1593.0,59.0,119.82,1755.0,1593.0,20260803,2026-08-11T07:01:59.248168+00:00
prefillq8_b16_h4096_sparse_q8kv8_steady,full,prefill,sglang_sparse_q8kv8_fp8,steady,ok,,16,4096,8,2048,64,576,512,10,30,0.14899200201034546,0.1478399932384491,0.1509760022163391,0.14939413219690323,0.0013910665666915366,0.6476305425167084,1.1531822383403778,0.760149210691452,0.19697844982147217,2.7579404413700104,36507222016,262144,245.0280654223646,1759450148.0810876,164102144,1101.4157926987607,0.24762816111406225,0.45160813163012253,508544000,549453824,59.0,119.85,1755.0,1593.0,59.0,119.82,1755.0,1593.0,20260803,2026-08-11T07:01:59.418497+00:00
prefillq8_b16_h8192_sparse_q8kv8_steady,full,prefill,sglang_sparse_q8kv8_fp8,steady,ok,,16,8192,8,2048,64,576,512,10,30,0.15929600596427917,0.1566080003976822,0.16179199516773224,0.15934613347053528,0.001810376320533029,0.6585940718650818,1.1580996215343475,1.1217519640922546,0.24105235934257507,3.179498016834259,36507222016,262144,229.1785145208628,1645640757.9910297,164102144,1030.1711145023846,0.23161042397257484,0.42239602461101194,734667776,769654784,59.0,118.44,1755.0,1593.0,58.0,119.74,1755.0,1593.0,20260803,2026-08-11T07:01:59.589889+00:00
prefillq8_b16_h16384_sparse_q8kv8_steady,full,prefill,sglang_sparse_q8kv8_fp8,steady,ok,,16,16384,8,2048,64,576,512,10,30,0.1669439971446991,0.164000004529953,0.17155200242996216,0.16717119961977006,0.002270712496594955,0.7008425891399384,1.1701397597789764,1.6561336815357208,0.21734833717346191,3.7444643676280975,36507222016,262144,218.67945323219547,1570251129.0225432,164102144,982.9772067681121,0.22099995273592266,0.40304533739780574,810165248,845152256,58.0,116.03,1755.0,1593.0,59.0,117.5,1755.0,1593.0,20260803,2026-08-11T07:01:59.719509+00:00
prefillq8_b16_h32768_sparse_q8kv8_steady,full,prefill,sglang_sparse_q8kv8_fp8,steady,ok,,16,32768,8,2048,64,576,512,10,30,0.17641599476337433,0.17295999825000763,0.1801919937133789,0.17662399858236313,0.0020224527140669285,0.7136128842830658,1.1754818260669708,2.898354083299637,0.22249296307563782,5.009941756725311,36507222016,262144,206.9382771384585,1485942362.2648962,164102144,930.199918777825,0.20913418609242898,0.381405324080585,961160192,996147200,58.0,113.62,1755.0,1593.0,58.0,113.5,1755.0,1593.0,20260803,2026-08-11T07:01:59.923282+00:00
prefillq8_b16_h65536_sparse_q8kv8_steady,full,prefill,sglang_sparse_q8kv8_fp8,steady,ok,,16,65536,8,2048,64,576,512,10,30,0.18115200102329254,0.1783680021762848,0.18300800025463104,0.18120533476273218,0.001471427802493965,0.7685311138629913,1.1753998696804047,5.183659493923187,0.2299584448337555,7.357548922300339,36507222016,262144,201.5281189817268,1447094144.8021514,164102144,905.8809346461469,0.20366661847572187,0.37143392993529184,1263150080,1298137088,58.0,113.51,1755.0,1593.0,58.0,106.45,1755.0,1593.0,20260803,2026-08-11T07:02:00.110939+00:00
prefillq8_b16_h131072_sparse_q8kv8_steady,full,prefill,sglang_sparse_q8kv8_fp8,steady,ok,,16,131072,8,2048,64,576,512,10,30,0.18265600502490997,0.1799039989709854,0.18598400056362152,0.1828544000784556,0.0017341397826835798,0.8605234324932098,1.184668391942978,10.074615478515625,0.23044273257255554,12.350250035524368,36507222016,262144,199.86872050016248,1435178657.084117,164102144,898.4218393346572,0.20198961142007324,0.368375513559203,1867129856,1902116864,58.0,106.4,1755.0,1593.0,58.0,110.04,1755.0,1593.0,20260803,2026-08-11T07:02:00.220986+00:00
prefillq8_b16_h262144_sparse_q8kv8_steady,full,prefill,sglang_sparse_q8kv8_fp8,steady,ok,,16,262144,8,2048,64,576,512,10,30,0.18367999792099,0.18083199858665466,0.18751999735832214,0.1836341341336568,0.00196273783504148,1.019597053527832,1.2053176760673523,19.72227543592453,0.23077800869941711,22.17796817421913,36507222016,262144,198.7544775109568,1427177716.50216,164102144,893.4132505303522,0.2008635447306284,0.3663218663834407,3075089408,3110076416,58.0,109.11,1755.0,1593.0,58.0,114.51,1755.0,1593.0,20260803,2026-08-11T07:02:00.363533+00:00
prefillq8_b16_h524288_sparse_q8kv8_steady,full,prefill,sglang_sparse_q8kv8_fp8,steady,ok,,16,524288,8,2048,64,576,512,10,30,0.18400000035762787,0.18086400628089905,0.18723200261592865,0.18409919838110606,0.001976437951861598,1.2849606573581696,1.3407841324806213,38.89123350381851,0.23449957370758057,41.75147786736488,36507222016,262144,198.40881491871454,1424695649.4048321,164102144,891.8594765274249,0.200514214167473,0.36568478002687227,5491008512,5525995520,58.0,114.14,1755.0,1593.0,58.0,124.53,1755.0,1593.0,20260803,2026-08-11T07:02:00.529144+00:00
prefillq16_b16_h2048_sparse_q8kv8_steady,full,prefill,sglang_sparse_q8kv8_fp8,steady,ok,,16,2048,16,2048,64,576,512,10,30,0.2075520008802414,0.2048639953136444,0.20934399962425232,0.20721919983625411,0.0015139647863102183,1.5277974307537079,1.0372959077358246,0.7745213806629181,0.250350683927536,3.5899654030799866,73014444032,524288,351.78867812567955,2526056110.1625657,328204288,1581.3111249617662,0.355521655508519,0.6483772680615876,408912896,467664896,59.0,123.54,1755.0,1593.0,59.0,124.47,1755.0,1593.0,20260803,2026-08-11T07:02:00.658630+00:00
prefillq16_b16_h4096_sparse_q8kv8_steady,full,prefill,sglang_sparse_q8kv8_fp8,steady,ok,,16,4096,16,2048,64,576,512,10,30,0.21110400557518005,0.2083519995212555,0.24675199389457703,0.21455253412326178,0.01269002643568982,0.7255822420120239,1.030217856168747,0.8963793516159058,0.2543516457080841,2.9065310955047607,73014444032,524288,345.8695339913742,2483553064.6209664,328204288,1554.704218452725,0.3495397008503024,0.6374677682916929,522159104,580911104,58.0,124.65,1755.0,1593.0,58.0,126.68,1755.0,1593.0,20260803,2026-08-11T07:02:00.748793+00:00
prefillq16_b16_h8192_sparse_q8kv8_steady,full,prefill,sglang_sparse_q8kv8_fp8,steady,ok,,16,8192,16,2048,64,576,512,10,30,0.21955199539661407,0.217056006193161,0.22383999824523926,0.21989760051170984,0.0021459781333450618,0.7247291505336761,1.0079555213451385,1.1290274560451508,0.26646628975868225,3.1281784176826477,73014444032,524288,332.5610587145956,2387990138.9777374,328204288,1494.8818270000634,0.33609000375401277,0.6129390856518834,747914240,801112064,58.0,125.14,1755.0,1593.0,58.0,127.06,1755.0,1593.0,20260803,2026-08-11T07:02:00.856027+00:00
prefillq16_b16_h16384_sparse_q8kv8_steady,full,prefill,sglang_sparse_q8kv8_fp8,steady,ok,,16,16384,16,2048,64,576,512,10,30,0.23657600581645966,0.2335679978132248,0.2391040027141571,0.2367104003826777,0.0020316919625020164,0.7837302982807159,1.9071064889431,1.806020736694336,0.41527673602104187,4.912134259939194,73014444032,524288,308.6299634657204,2216150358.066122,328204288,1387.3101241493923,0.3119049656045684,0.5688319863505125,823411712,876609536,58.0,127.87,1755.0,1593.0,58.0,129.19,1755.0,1593.0,20260803,2026-08-11T07:02:00.943043+00:00
prefillq16_b16_h32768_sparse_q8kv8_steady,full,prefill,sglang_sparse_q8kv8_fp8,steady,ok,,16,32768,16,2048,64,576,512,10,30,0.2518399953842163,0.24959999322891235,0.2555199861526489,0.2521695966521899,0.001949782026692178,0.7876046001911163,1.0165050625801086,2.9871687293052673,0.3001950681209564,5.091473460197449,73014444032,524288,289.9239412731345,2081829771.320187,328204288,1303.225436846437,0.29300044595566904,0.5343551531842239,974406656,1027604480,58.0,129.21,1755.0,1593.0,58.0,132.46,1755.0,1593.0,20260803,2026-08-11T07:02:01.055139+00:00
prefillq16_b16_h65536_sparse_q8kv8_steady,full,prefill,sglang_sparse_q8kv8_fp8,steady,ok,,16,65536,16,2048,64,576,512,10,30,0.2632960081100464,0.25964799523353577,0.2666879892349243,0.2634698649247487,0.0020914511740036325,0.8686818182468414,1.0006986558437347,5.316048860549927,0.3136545419692993,7.499083876609802,73014444032,524288,277.3093468302152,1991249330.9844265,328204288,1246.522081196251,0.2802519927541336,0.5111053535426251,1276396544,1329594368,58.0,132.05,1755.0,1593.0,58.0,132.78,1755.0,1593.0,20260803,2026-08-11T07:02:01.142565+00:00
prefillq16_b16_h131072_sparse_q8kv8_steady,full,prefill,sglang_sparse_q8kv8_fp8,steady,ok,,16,131072,16,2048,64,576,512,10,30,0.27616000175476074,0.2735680043697357,0.2802239954471588,0.2764021317164103,0.001917146006066696,0.9428448975086212,1.0167695581912994,10.160494595766068,0.3250427544116974,12.445151805877686,73014444032,524288,264.39181477424546,1898493614.8196623,328204288,1188.4570028771086,0.2671973873413294,0.48729721341380766,1880376320,1933574144,58.0,132.91,1755.0,1593.0,58.0,135.72,1755.0,1593.0,20260803,2026-08-11T07:02:01.238134+00:00
prefillq16_b16_h262144_sparse_q8kv8_steady,full,prefill,sglang_sparse_q8kv8_fp8,steady,ok,,16,262144,16,2048,64,576,512,10,30,0.2812480032444,0.27875199913978577,0.2865599989891052,0.2819722672303518,0.0024467558894930453,1.0799132287502289,1.0358691215515137,19.81383189558983,0.33722445368766785,22.26683869957924,73014444032,524288,259.6087552257273,1864148345.7729728,328204288,1166.9568644538808,0.26236357273949196,0.47848161679038204,3088335872,3141533696,58.0,135.01,1755.0,1593.0,58.0,142.3,1755.0,1593.0,20260803,2026-08-11T07:02:01.337118+00:00
prefillq16_b16_h524288_sparse_q8kv8_steady,full,prefill,sglang_sparse_q8kv8_fp8,steady,ok,,16,524288,16,2048,64,576,512,10,30,0.2831360101699829,0.2797119915485382,0.2887040078639984,0.2834773341814677,0.0024342631748032477,1.5269815921783447,1.0424032807350159,38.94687816500664,0.33505260944366455,41.85131564736366,73014444032,524288,257.877632690258,1851717835.8388238,328204288,1159.1753652351038,0.2606140805358848,0.47529100671672175,5504254976,5557452800,58.0,137.11,1755.0,1593.0,59.0,141.88,1755.0,1593.0,20260803,2026-08-11T07:02:01.465253+00:00
prefillq32_b16_h2048_sparse_q8kv8_steady,full,prefill,sglang_sparse_q8kv8_fp8,steady,ok,,16,2048,32,2048,64,576,512,10,30,0.32422399520874023,0.32252800464630127,0.32710400223731995,0.3244725376367569,0.001752938989521053,1.5395432710647583,1.2113377451896667,0.8143670856952667,0.3671087324619293,3.932356834411621,146028888064,1048576,450.3950670584527,3234109799.075516,656408576,2024.552734221273,0.4551743982399724,0.8301174576842019,436143104,520093696,58.0,138.69,1755.0,1593.0,58.0,140.88,1755.0,1593.0,20260803,2026-08-11T07:02:01.615997+00:00
prefillq32_b16_h4096_sparse_q8kv8_steady,full,prefill,sglang_sparse_q8kv8_fp8,steady,ok,,16,4096,32,2048,64,576,512,10,30,0.3256959915161133,0.3245759904384613,0.3286080062389374,0.3262816001971563,0.0016873665045429504,0.7176436483860016,1.2032128870487213,0.9295269846916199,0.37457048892974854,3.2249540090560913,146028888064,1048576,448.3594881970644,3219493108.0326896,656408576,2015.4026856284636,0.45311721899652796,0.8263657080028226,549389312,654311424,58.0,140.13,1755.0,1593.0,58.0,141.99,1755.0,1593.0,20260803,2026-08-11T07:02:01.728089+00:00
prefillq32_b16_h8192_sparse_q8kv8_steady,full,prefill,sglang_sparse_q8kv8_fp8,steady,ok,,16,8192,32,2048,64,576,512,10,30,0.33580800890922546,0.33401599526405334,0.33846399188041687,0.3361535996198654,0.0019910488311785917,0.7620416581630707,1.2072175741195679,1.237381249666214,0.38367509841918945,3.590315580368042,146028888064,1048576,434.85826481129,3122546134.042466,656408576,1954.7138799105837,0.43947272846012125,0.8014817737585538,774407168,874512384,57.0,140.07,1755.0,1593.0,58.0,140.53,1755.0,1593.0,20260803,2026-08-11T07:02:01.913084+00:00
prefillq32_b16_h16384_sparse_q8kv8_steady,full,prefill,sglang_sparse_q8kv8_fp8,steady,ok,,16,16384,32,2048,64,576,512,10,30,0.35452800989151,0.35315200686454773,0.3591359853744507,0.3547829379638036,0.0017565500887331198,0.8006133139133453,1.2170374393463135,1.8978491425514221,0.40150806307792664,4.317007958889008,146028888064,1048576,411.89661744550637,2957667577.0156417,656408576,1851.4999032117917,0.4162674254123359,0.7591614516022462,849904640,950009856,58.0,138.44,1755.0,1593.0,58.0,138.22,1755.0,1593.0,20260803,2026-08-11T07:02:02.094700+00:00
prefillq32_b16_h32768_sparse_q8kv8_steady,full,prefill,sglang_sparse_q8kv8_fp8,steady,ok,,16,32768,32,2048,64,576,512,10,30,0.38467198610305786,0.3831999897956848,0.38646399974823,0.38489173352718353,0.0013649127503684373,0.7867179811000824,1.2199096381664276,3.1328462064266205,0.4352740943431854,5.574747920036316,146028888064,1048576,379.6192427302914,2725896446.5352955,656408576,1706.411175531095,0.3836475419204562,0.6996714300655822,1000899584,1101004800,57.0,137.38,1755.0,1593.0,57.0,137.94,1755.0,1593.0,20260803,2026-08-11T07:02:02.237107+00:00
prefillq32_b16_h65536_sparse_q8kv8_steady,full,prefill,sglang_sparse_q8kv8_fp8,steady,ok,,16,65536,32,2048,64,576,512,10,30,0.42713600397109985,0.4240320026874542,0.438944011926651,0.4283370663722356,0.003709155542323077,0.8700862526893616,1.3025179505348206,5.448617041110992,0.4871487617492676,8.108370006084442,146028888064,1048576,341.87913616825506,2454899587.6052322,656408576,1536.7671418408754,0.34550695924027797,0.6301131164796508,1302889472,1402994688,57.0,136.62,1755.0,1593.0,58.0,135.95,1755.0,1593.0,20260803,2026-08-11T07:02:02.337412+00:00
prefillq32_b16_h131072_sparse_q8kv8_steady,full,prefill,sglang_sparse_q8kv8_fp8,steady,ok,,16,131072,32,2048,64,576,512,10,30,0.4379200041294098,0.43427199125289917,0.44255998730659485,0.43844693203767143,0.002835612774390184,0.9907521307468414,1.2363605201244354,10.31680777668953,0.4941225051879883,13.038042932748795,146028888064,1048576,333.4601906444242,2394446451.663202,656408576,1498.9234787411644,0.3369986767503024,0.6145962643518781,1906869248,2006974464,57.0,132.17,1755.0,1593.0,58.0,132.55,1755.0,1593.0,20260803,2026-08-11T07:02:02.486428+00:00
prefillq32_b16_h262144_sparse_q8kv8_steady,full,prefill,sglang_sparse_q8kv8_fp8,steady,ok,,16,262144,32,2048,64,576,512,10,30,0.48025599122047424,0.47443199157714844,0.4835200011730194,0.47986666560173036,0.003112983287997977,1.106414943933487,1.3160966336727142,19.970420747995377,0.5314089357852936,22.92434126138687,146028888064,1048576,304.06468786135673,2183368909.8500457,656408576,1366.7889375661287,0.3072912459437663,0.5604177845630177,3114828800,3214934016,58.0,128.98,1755.0,1593.0,57.0,134.99,1755.0,1593.0,20260803,2026-08-11T07:02:02.678359+00:00
prefillq32_b16_h524288_sparse_q8kv8_steady,full,prefill,sglang_sparse_q8kv8_fp8,steady,ok,,16,524288,32,2048,64,576,512,10,30,0.49004799127578735,0.4843840003013611,0.49452799558639526,0.48938666681448617,0.0031307408195051286,1.3654939830303192,1.3639070093631744,39.40410912036896,0.539734959602356,42.67324507236481,146028888064,1048576,297.98895345704705,2139741451.1793935,656408576,1339.4781484383002,0.30115103937043664,0.5492196752448811,5530747904,5630853120,57.0,134.06,1755.0,1593.0,58.0,148.31,1710.0,1593.0,20260803,2026-08-11T07:02:02.861551+00:00
prefillq64_b16_h2048_sparse_q8kv8_steady,full,prefill,sglang_sparse_q8kv8_fp8,steady,ok,,16,2048,64,2048,64,576,512,10,30,0.571008026599884,0.5694079995155334,0.5754879713058472,0.5718752026557923,0.0027862247182875036,1.8754713237285614,1.1805593967437744,0.7108338177204132,0.6174109876155853,4.384275525808334,292057776128,2097152,511.47753187828715,3672718950.183013,1312817152,2299.1220628145666,0.5169050347430896,0.9426977768615099,582026240,585105408,57.0,145.96,1740.0,1593.0,57.0,153.8,1740.0,1593.0,20260803,2026-08-11T07:02:03.024526+00:00
prefillq64_b16_h4096_sparse_q8kv8_steady,full,prefill,sglang_sparse_q8kv8_fp8,steady,ok,,16,4096,64,2048,64,576,512,10,30,0.5746560096740723,0.5727360248565674,0.5810559988021851,0.5753440082073211,0.002753605473642067,0.778544694185257,1.1861957609653473,0.9863711893558502,0.6227865815162659,3.5738982260227203,292057776128,2097152,508.2306131169609,3649404103.838472,1312817152,2284.526969002883,0.5136236615633764,0.9367134219149459,605684736,759169024,58.0,150.07,1740.0,1593.0,57.0,156.15,1740.0,1593.0,20260803,2026-08-11T07:02:03.155271+00:00
prefillq64_b16_h8192_sparse_q8kv8_steady,full,prefill,sglang_sparse_q8kv8_fp8,steady,ok,,16,8192,64,2048,64,576,512,10,30,0.5836799740791321,0.5820159912109375,0.5915520191192627,0.5848170717557272,0.00295970593660819,0.7534585893154144,1.2290962040424347,1.3231486082077026,0.6374679505825043,3.943171352148056,292057776128,2097152,500.3731309931912,3592982615.7024875,1312817152,2249.2071174297575,0.5056828003973635,0.9222313958861478,827393024,943718400,57.0,152.07,1740.0,1593.0,57.0,154.33,1740.0,1593.0,20260803,2026-08-11T07:02:03.306982+00:00
prefillq64_b16_h16384_sparse_q8kv8_steady,full,prefill,sglang_sparse_q8kv8_fp8,steady,ok,,16,16384,64,2048,64,576,512,10,30,0.6037759780883789,0.6012160181999207,0.6065279841423035,0.6040799955526988,0.0021691604478199476,0.8074007928371429,1.191169023513794,1.9116327166557312,0.6491094827651978,4.559312015771866,292057776128,2097152,483.7187743915997,3473394232.476445,1312817152,2174.3447895302547,0.4888517174245576,0.8915359616493315,902890496,1019215872,57.0,152.35,1740.0,1593.0,58.0,162.6,1650.0,1593.0,20260803,2026-08-11T07:02:03.455620+00:00
prefillq64_b16_h32768_sparse_q8kv8_steady,full,prefill,sglang_sparse_q8kv8_fp8,steady,ok,,16,32768,64,2048,64,576,512,10,30,0.6358720064163208,0.63372802734375,0.6384959816932678,0.6359466671943664,0.001900060583629883,0.8785426616668701,1.1751316487789154,3.100324422121048,0.6840750575065613,5.838073790073395,292057776128,2097152,459.3027734842328,3298072534.7845297,1312817152,2064.593406775116,0.46417662807906296,0.8465351388552217,1053885440,1170210816,58.0,160.51,1740.0,1593.0,60.0,164.57,1740.0,1593.0,20260803,2026-08-11T07:02:03.560973+00:00
prefillq64_b16_h65536_sparse_q8kv8_steady,full,prefill,sglang_sparse_q8kv8_fp8,steady,ok,,16,65536,64,2048,64,576,512,10,30,0.7122880220413208,0.7092159986495972,0.7211840152740479,0.7144288003444672,0.004635759787272939,0.9127631783485413,1.2067891657352448,5.520123988389969,0.7642321288585663,8.403908461332321,292057776128,2097152,410.02763922802194,2944247179.658935,1312817152,1843.0987344664934,0.4143786146821849,0.7557167614627693,1355875328,1472200704,57.0,162.46,1740.0,1593.0,58.0,165.25,1740.0,1593.0,20260803,2026-08-11T07:02:03.715638+00:00
prefillq64_b16_h131072_sparse_q8kv8_steady,full,prefill,sglang_sparse_q8kv8_fp8,steady,ok,,16,131072,64,2048,64,576,512,10,30,0.7758079767227173,0.7723199725151062,0.7837759852409363,0.7761951963106791,0.0031754751967622142,0.9443201124668121,1.1882483959197998,10.378740727901459,0.8281394839286804,13.339448720216751,292057776128,2097152,376.45626867843464,2703184374.127087,1312817152,1692.1934182035563,0.3804510042227738,0.6938417925524616,1959855104,2076180480,57.0,160.41,1740.0,1593.0,58.0,161.21,1710.0,1593.0,20260803,2026-08-11T07:02:03.919222+00:00
prefillq64_b16_h262144_sparse_q8kv8_steady,full,prefill,sglang_sparse_q8kv8_fp8,steady,ok,,16,262144,64,2048,64,576,512,10,30,0.8601920008659363,0.8541759848594666,0.8691200017929077,0.8605706671873729,0.004365056557788531,1.3201311230659485,1.245308667421341,20.288169384002686,0.9047500789165497,23.758359253406525,292057776128,2097152,339.526263710883,2438004536.067347,1312817152,1526.1908395781593,0.3431291194652683,0.6257765669802856,3167814656,3284140032,58.0,154.97,1740.0,1593.0,57.0,169.78,1680.0,1593.0,20260803,2026-08-11T07:02:04.092183+00:00
prefillq64_b16_h524288_sparse_q8kv8_steady,full,prefill,sglang_sparse_q8kv8_fp8,steady,ok,,16,524288,64,2048,64,576,512,10,30,0.8814079761505127,0.8745920062065125,0.8937280178070068,0.8823989371458689,0.005654445931736542,1.3981163501739502,1.2201741337776184,39.44307193160057,0.933963805437088,42.99532622098923,292057776128,2097152,331.3536796019725,2379320424.531627,1312817152,1489.4545857567987,0.33486981263463617,0.6107137804637569,5583733760,5700059136,57.0,164.03,1740.0,1593.0,59.0,177.97,1680.0,1593.0,20260803,2026-08-11T07:02:04.228891+00:00
prefillq128_b16_h2048_sparse_q8kv8_steady,full,prefill,sglang_sparse_q8kv8_fp8,steady,ok,,16,2048,128,2048,64,576,512,10,30,1.1080000400543213,1.086303949356079,1.1867519617080688,1.1138688007990518,0.03441155153625494,1.6538053750991821,1.4233291149139404,0.9457692503929138,1.1561252176761627,5.179028958082199,584115552256,4194304,527.1800822564618,3785472787.34247,2625634304,2369.705964876386,0.53277421147697,0.97163894907332,877659136,878706688,59.0,174.59,1710.0,1593.0,57.0,187.84,1665.0,1593.0,20260803,2026-08-11T07:02:04.408235+00:00
prefillq128_b16_h4096_sparse_q8kv8_steady,full,prefill,sglang_sparse_q8kv8_fp8,steady,ok,,16,4096,128,2048,64,576,512,10,30,1.096735954284668,1.092960000038147,1.1922880411148071,1.126476796468099,0.043694341234470524,0.8038990199565887,1.444883644580841,1.1351816356182098,1.1410750448703766,4.525039345026016,584115552256,4194304,532.5945137241187,3824351689.769924,2625634304,2394.0441577959728,0.5382460977504989,0.9816182193039892,896533504,897581056,58.0,180.96,1725.0,1593.0,58.0,190.54,1680.0,1593.0,20260803,2026-08-11T07:02:04.531664+00:00
prefillq128_b16_h8192_sparse_q8kv8_steady,full,prefill,sglang_sparse_q8kv8_fp8,steady,ok,,16,8192,128,2048,64,576,512,10,30,1.1003199815750122,1.0923199653625488,1.1637439727783203,1.1262378692626953,0.033153485282759805,0.8029676973819733,1.4243386685848236,1.4334246516227722,1.1364296078681946,4.797160625457764,584115552256,4194304,530.8597153892356,3811894785.3661795,2625634304,2386.2461356392287,0.5364928907420269,0.9784208344108704,934282240,935329792,58.0,187.93,1725.0,1593.0,61.0,205.47,1515.0,1593.0,20260803,2026-08-11T07:02:04.679673+00:00
prefillq128_b16_h16384_sparse_q8kv8_steady,full,prefill,sglang_sparse_q8kv8_fp8,steady,ok,,16,16384,128,2048,64,576,512,10,30,1.1412800550460815,1.1387519836425781,1.2391999959945679,1.1627509315808615,0.03937030901753005,0.8377842605113983,1.4447495341300964,2.0620785653591156,1.1871755123138428,5.531787872314453,584115552256,4194304,511.8073777539336,3675087443.660484,2625634304,2300.604739731463,0.5172383807518278,0.9433057116275533,1009779712,1010827264,57.0,193.58,1725.0,1593.0,58.0,210.96,1710.0,1593.0,20260803,2026-08-11T07:02:04.801406+00:00
prefillq128_b16_h32768_sparse_q8kv8_steady,full,prefill,sglang_sparse_q8kv8_fp8,steady,ok,,16,32768,128,2048,64,576,512,10,30,1.1648000478744507,1.153823971748352,1.2311999797821045,1.1930016040802003,0.03682745677139038,0.8642598986625671,1.4392174780368805,3.1982697546482086,1.2002401053905487,6.701987236738205,584115552256,4194304,501.47280927907343,3600878972.8793764,2625634304,2254.15023702249,0.506794147831302,0.924258199041229,1160774656,1161822208,58.0,207.32,1740.0,1593.0,61.0,213.87,1680.0,1593.0,20260803,2026-08-11T07:02:04.976480+00:00
prefillq128_b16_h65536_sparse_q8kv8_steady,full,prefill,sglang_sparse_q8kv8_fp8,steady,ok,,16,65536,128,2048,64,576,512,10,30,1.3684159517288208,1.294816017150879,1.372607946395874,1.3469738721847535,0.033156420251377806,0.7979124784469604,1.4458149671554565,5.602635443210602,1.3434849679470062,9.189847856760025,584115552256,4194304,426.855263940795,3065079733.0307546,2625634304,1918.7399128772524,0.431384804386857,0.7867315439661889,1462764544,1463812096,57.0,209.25,1725.0,1593.0,59.0,217.1,1620.0,1593.0,20260803,2026-08-11T07:02:05.137214+00:00
prefillq128_b16_h131072_sparse_q8kv8_steady,full,prefill,sglang_sparse_q8kv8_fp8,steady,ok,,16,131072,128,2048,64,576,512,10,30,1.4835200309753418,1.4299520254135132,1.5337599515914917,1.4920543948809306,0.03438132979371303,0.9646788239479065,1.4552734792232513,10.517537593841553,1.4857538044452667,14.423243701457977,584115552256,4194304,393.73620851750326,2827264824.4880457,2625634304,1769.8677801295166,0.39791430875947775,0.7256902313504868,2066744320,2067791872,59.0,217.66,1710.0,1593.0,60.0,221.23,1590.0,1593.0,20260803,2026-08-11T07:02:05.276178+00:00
prefillq128_b16_h262144_sparse_q8kv8_steady,full,prefill,sglang_sparse_q8kv8_fp8,steady,ok,,16,262144,128,2048,64,576,512,10,30,1.6468479633331299,1.5976320505142212,1.6673280000686646,1.6335381348927815,0.02571896092834622,1.1433176696300507,1.4673657715320587,20.227737724781036,1.6514994204044342,24.48992058634758,584115552256,4194304,354.68699312945813,2546867770.058724,2625634304,1594.3392240567612,0.35845072574983133,0.6537191158269682,3274703872,3275751424,57.0,216.79,1725.0,1593.0,60.0,221.7,1605.0,1593.0,20260803,2026-08-11T07:02:05.447321+00:00
prefillq128_b16_h524288_sparse_q8kv8_steady,full,prefill,sglang_sparse_q8kv8_fp8,steady,ok,,16,524288,128,2048,64,576,512,10,30,1.7021759748458862,1.6729600429534912,1.7234879732131958,1.70375999212265,0.015017055112409975,1.421865075826645,1.4688856899738312,39.56447169184685,1.7188824713230133,44.17410492897034,584115552256,4194304,343.1581463302496,2464083656.4384885,2625634304,1542.5163689304936,0.3467995415161694,0.632470443949868,5690622976,5691670528,57.0,211.98,1740.0,1593.0,58.0,225.55,1620.0,1593.0,20260803,2026-08-11T07:02:05.616771+00:00
prefillq256_b16_h2048_sparse_q8kv8_steady,full,prefill,sglang_sparse_q8kv8_fp8,steady,ok,,16,2048,256,2048,64,576,512,10,30,2.3646399974823,2.1825599670410156,2.3996798992156982,2.330172801017761,0.07237521149132561,1.819279044866562,2.0562298595905304,1.5490241348743439,2.2243186831474304,7.648851722478867,1168231104512,8388608,494.0418438983732,3547520133.691214,5251268608,2220.7476036906996,0.4992843293566177,0.9105622806328562,1088685056,1092616192,58.0,223.66,1725.0,1593.0,58.0,229.7,1710.0,1593.0,20260803,2026-08-11T07:02:05.852715+00:00
prefillq256_b16_h4096_sparse_q8kv8_steady,full,prefill,sglang_sparse_q8kv8_fp8,steady,ok,,16,4096,256,2048,64,576,512,10,30,2.3506879806518555,2.20415997505188,2.4727680683135986,2.363795200983683,0.07892307238329754,1.0026916861534119,2.0360760390758514,1.7115548253059387,2.204339951276779,6.954662501811981,1168231104512,8388608,496.97412592718695,3568575697.4321213,5251268608,2233.9283865925076,0.5022477270613309,0.9159667325929306,1107559424,1111490560,57.0,220.54,1740.0,1593.0,57.0,224.33,1725.0,1593.0,20260803,2026-08-11T07:02:06.089552+00:00
prefillq256_b16_h8192_sparse_q8kv8_steady,full,prefill,sglang_sparse_q8kv8_fp8,steady,ok,,16,8192,256,2048,64,576,512,10,30,2.310015916824341,2.193376064300537,2.4035520553588867,2.3235445578893024,0.08297557761413953,0.9712688624858856,2.0294934511184692,2.018596976995468,2.2383108735084534,7.257670164108276,1168231104512,8388608,505.72426622843705,3631407012.784618,5251268608,2273.2607900031708,0.5110907187755807,0.9320940056305617,1145308160,1149239296,57.0,209.59,1740.0,1593.0,58.0,229.02,1530.0,1593.0,20260803,2026-08-11T07:02:06.362433+00:00
prefillq256_b16_h16384_sparse_q8kv8_steady,full,prefill,sglang_sparse_q8kv8_fp8,steady,ok,,16,16384,256,2048,64,576,512,10,30,2.3724799156188965,2.154655933380127,2.5375680923461914,2.3817013263702393,0.14588319183478896,0.98428875207901,2.051260322332382,2.594597637653351,2.1981075406074524,7.828254252672195,1168231104512,8388608,492.4092704941823,3535797266.301286,5251268608,2213.409088704605,0.49763443203050256,0.9075533052179591,1220805632,1224736768,58.0,216.51,1695.0,1593.0,58.0,238.64,1635.0,1593.0,20260803,2026-08-11T07:02:06.561635+00:00
prefillq256_b16_h32768_sparse_q8kv8_steady,full,prefill,sglang_sparse_q8kv8_fp8,steady,ok,,16,32768,256,2048,64,576,512,10,30,2.524064064025879,2.2555201053619385,2.552704095840454,2.4694026867548624,0.09988373847024719,1.032363623380661,2.0277127623558044,3.8681067526340485,2.3044757544994354,9.23265889286995,1168231104512,8388608,462.83734282428355,3323452886.778231,5251268608,2080.481507123173,0.4677487042185786,0.8530496589491788,1371800576,1375731712,58.0,215.2,1740.0,1593.0,61.0,216.41,1710.0,1593.0,20260803,2026-08-11T07:02:06.764642+00:00
prefillq256_b16_h65536_sparse_q8kv8_steady,full,prefill,sglang_sparse_q8kv8_fp8,steady,ok,,16,65536,256,2048,64,576,512,10,30,2.7437119483947754,2.609344005584717,2.785696029663086,2.707251222928365,0.07215791985913432,1.0906495153903961,2.127554267644882,6.216201931238174,2.5045350193977356,11.938940733671188,1168231104512,8388608,425.78489523854006,3057393836.4440203,5251268608,1913.928541613957,0.4303030775528449,0.7847587609343861,1673790464,1677721600,57.0,216.35,1740.0,1593.0,61.0,246.66,1605.0,1593.0,20260803,2026-08-11T07:02:07.035848+00:00
prefillq256_b16_h131072_sparse_q8kv8_steady,full,prefill,sglang_sparse_q8kv8_fp8,steady,ok,,16,131072,256,2048,64,576,512,10,30,3.01859188079834,2.8104639053344727,3.027679920196533,2.962776557604472,0.07873346555287494,1.083817332983017,2.151891589164734,11.0633485019207,2.773009240627289,17.07206666469574,1168231104512,8388608,387.0119415424363,2778980508.548055,5251268608,1739.6417983510823,0.39111868776395786,0.7132968198449209,2277770240,2281701376,57.0,223.42,1725.0,1593.0,58.0,259.2,1410.0,1593.0,20260803,2026-08-11T07:02:07.229142+00:00
prefillq256_b16_h262144_sparse_q8kv8_steady,full,prefill,sglang_sparse_q8kv8_fp8,steady,ok,,16,262144,256,2048,64,576,512,10,30,3.2437760829925537,3.1603519916534424,3.2570559978485107,3.232897098859151,0.02687347705255633,1.2656524777412415,2.102714031934738,20.929381251335144,3.1227730214595795,27.420520782470703,1168231104512,8388608,360.14542145407444,2586062596.608416,5251268608,1618.8751854768684,0.3639670757494436,0.6637794761088313,3485729792,3489660928,58.0,244.6,1665.0,1593.0,60.0,252.82,1590.0,1593.0,20260803,2026-08-11T07:02:07.461696+00:00
prefillq256_b16_h524288_sparse_q8kv8_steady,full,prefill,sglang_sparse_q8kv8_fp8,steady,ok,,16,524288,256,2048,64,576,512,10,30,3.4093120098114014,3.354720115661621,3.4378879070281982,3.4061877409617107,0.03044350411131651,1.5434660017490387,2.1561086177825928,40.14701396226883,3.3653154969215393,47.211904078722,1168231104512,8388608,342.6589004321212,2460498768.038554,5251268608,1540.2722287921347,0.34629499791017804,0.6315502901426331,5901648896,5905580032,60.0,244.2,1710.0,1593.0,58.0,263.95,1680.0,1593.0,20260803,2026-08-11T07:02:07.699682+00:00
prefillq512_b16_h2048_sparse_q8kv8_steady,full,prefill,sglang_sparse_q8kv8_fp8,steady,ok,,16,2048,512,2048,64,576,512,10,30,4.811391830444336,4.474880218505859,4.865087985992432,4.756616544723511,0.12306142946365327,2.0075589418411255,3.3233128488063812,2.801254391670227,4.396434873342514,12.528561055660248,2336462209024,16777216,485.6104618709106,3486977696.108906,10502537216,2182.848037764175,0.49076347839404816,0.895022506942366,1512571904,1533018112,58.0,264.39,1710.0,1593.0,59.0,283.1,1710.0,1593.0,20260803,2026-08-11T07:02:07.987808+00:00
prefillq512_b16_h4096_sparse_q8kv8_steady,full,prefill,sglang_sparse_q8kv8_fp8,steady,ok,,16,4096,512,2048,64,576,512,10,30,4.86137580871582,4.517695903778076,4.919648170471191,4.801591459910075,0.13197760793133884,1.071389764547348,3.357328474521637,2.9381252825260162,4.308789968490601,11.675633490085602,2336462209024,16777216,480.61748380674965,3451125084.7796245,10502537216,2160.404303072045,0.48571751774305166,0.8858200121549256,1531446272,1551892480,57.0,253.14,1740.0,1593.0,59.0,261.73,1635.0,1593.0,20260803,2026-08-11T07:02:08.308978+00:00
prefillq512_b16_h8192_sparse_q8kv8_steady,full,prefill,sglang_sparse_q8kv8_fp8,steady,ok,,16,8192,512,2048,64,576,512,10,30,4.742784023284912,4.695775985717773,4.985343933105469,4.794652795791626,0.09882301923066157,1.0741464793682098,3.367505967617035,3.2030977308750153,4.257522523403168,11.902272701263428,2336462209024,16777216,492.6351690384874,3537419354.88344,10502537216,2214.424516157034,0.49786272767911816,0.9079696559709054,1569195008,1589641216,59.0,257.43,1725.0,1593.0,58.0,265.93,1725.0,1593.0,20260803,2026-08-11T07:02:08.673913+00:00
prefillq512_b16_h16384_sparse_q8kv8_steady,full,prefill,sglang_sparse_q8kv8_fp8,steady,ok,,16,16384,512,2048,64,576,512,10,30,4.946335792541504,4.812255859375,4.953983783721924,4.921155182520549,0.04354611937755626,1.1015385389328003,3.4133456647396088,3.8099288940429688,4.304267466068268,12.629080563783646,2336462209024,16777216,472.36223075414966,3391847360.0797744,10502537216,2123.2964474099385,0.47737466473385515,0.8706048595527442,1644692480,1665138688,57.0,262.72,1740.0,1593.0,61.0,265.9,1515.0,1593.0,20260803,2026-08-11T07:02:08.998897+00:00
prefillq512_b16_h32768_sparse_q8kv8_steady,full,prefill,sglang_sparse_q8kv8_fp8,steady,ok,,16,32768,512,2048,64,576,512,10,30,5.007296085357666,4.881343841552734,5.040128231048584,4.99845871925354,0.04161601730144805,1.0845586657524109,3.341466188430786,5.0747208297252655,4.470910876989365,13.971656560897827,2336462209024,16777216,466.61155425905054,3350554014.383118,10502537216,2097.446813003832,0.47156296539570547,0.8600058603602054,1795687424,1816133632,57.0,262.64,1725.0,1593.0,61.0,263.43,1725.0,1593.0,20260803,2026-08-11T07:02:09.309535+00:00
prefillq512_b16_h65536_sparse_q8kv8_steady,full,prefill,sglang_sparse_q8kv8_fp8,steady,ok,,16,65536,512,2048,64,576,512,10,30,5.2802557945251465,5.23356819152832,5.553696155548096,5.3538816452026365,0.11115280092049444,1.1296719312667847,3.4742094576358795,7.503539323806763,4.815980792045593,16.92340150475502,2336462209024,16777216,442.4903451545984,3177349100.66204,10502537216,1989.020537014437,0.44718579601273206,0.8155483646135698,2097677312,2118123520,57.0,262.09,1740.0,1593.0,61.0,273.54,1710.0,1593.0,20260803,2026-08-11T07:02:09.658348+00:00
prefillq512_b16_h131072_sparse_q8kv8_steady,full,prefill,sglang_sparse_q8kv8_fp8,steady,ok,,16,131072,512,2048,64,576,512,10,30,5.750879764556885,5.686624050140381,5.984352111816406,5.8321216106414795,0.128030293683061,1.252833753824234,3.3301599323749542,12.34230026602745,5.422119051218033,22.34741300344467,2336462209024,16777216,406.2790920136771,2917330336.725048,10502537216,1826.24879078988,0.41059029005929976,0.7488078614521542,2701657088,2722103296,57.0,268.08,1740.0,1593.0,61.0,279.82,1650.0,1593.0,20260803,2026-08-11T07:02:10.026637+00:00
prefillq512_b16_h262144_sparse_q8kv8_steady,full,prefill,sglang_sparse_q8kv8_fp8,steady,ok,,16,262144,512,2048,64,576,512,10,30,6.442111968994141,6.425983905792236,6.460031986236572,6.441885868708293,0.010342632762406696,1.36508047580719,3.4300945699214935,22.11781218647957,6.099063903093338,33.01205113530159,2336462209024,16777216,362.6857496841693,2604303694.3084307,10502537216,1630.2941126370777,0.3665343604690948,0.6684615229745358,3909616640,3930062848,57.0,270.1,1695.0,1593.0,60.0,285.58,1710.0,1593.0,20260803,2026-08-11T07:02:10.428303+00:00
prefillq512_b16_h524288_sparse_q8kv8_steady,full,prefill,sglang_sparse_q8kv8_fp8,steady,ok,,16,524288,512,2048,64,576,512,10,30,6.871808052062988,6.845312118530273,6.910048007965088,6.875796270370484,0.018485788157311778,1.6214922070503235,3.423977643251419,41.50249436497688,6.6947340965271,53.242698311805725,2336462209024,16777216,340.00690812697684,2441455854.542285,10502537216,1528.3513649434706,0.3436148642010883,0.6266624366309986,6325535744,6345981952,57.0,274.28,1740.0,1593.0,57.0,303.11,1605.0,1593.0,20260803,2026-08-11T07:02:10.837677+00:00
prefillq1024_b16_h2048_sparse_q8kv8_steady,full,prefill,sglang_sparse_q8kv8_fp8,steady,ok,,16,2048,1024,2048,64,576,512,10,30,9.221471786499023,9.030207633972168,9.776512145996094,9.287240600585937,0.23982342143472696,1.8441267311573029,5.8708712458610535,5.208220332860947,8.443936705589294,21.367155015468597,4672924418048,33554432,506.7438827812212,3638728478.1510024,21005074432,2277.8440273225274,0.5121211549077526,0.9339732480168911,2563033088,2778726400,57.0,293.59,1710.0,1593.0,63.0,302.46,1680.0,1593.0,20260803,2026-08-11T07:02:11.264550+00:00
prefillq1024_b16_h4096_sparse_q8kv8_steady,full,prefill,sglang_sparse_q8kv8_fp8,steady,ok,,16,4096,1024,2048,64,576,512,10,30,9.074432373046875,9.038304328918457,9.784704208374023,9.21087678273519,0.2312156001819825,1.3042092323303223,5.874078720808029,5.348920822143555,8.400987833738327,20.928196609020233,4672924418048,33554432,514.9550105114726,3697689356.2691903,21005074432,2314.753537024513,0.5204194143622765,0.9491070737949427,2581907456,2797600768,58.0,296.79,1740.0,1593.0,59.0,317.21,1680.0,1593.0,20260803,2026-08-11T07:02:11.761274+00:00
prefillq1024_b16_h8192_sparse_q8kv8_steady,full,prefill,sglang_sparse_q8kv8_fp8,steady,ok,,16,8192,1024,2048,64,576,512,10,30,9.137375831604004,9.049407958984375,9.768159866333008,9.154966386159261,0.1769779380799348,1.2730807065963745,5.81156462430954,5.629017949104309,8.388090878725052,21.101754158735275,4672924418048,33554432,511.40770656335144,3672217562.0645065,21005074432,2298.8081938523815,0.5168344684824168,0.9425690827057436,2619656192,2835349504,59.0,319.02,1725.0,1593.0,60.0,322.16,1710.0,1593.0,20260803,2026-08-11T07:02:12.272845+00:00
prefillq1024_b16_h16384_sparse_q8kv8_steady,full,prefill,sglang_sparse_q8kv8_fp8,steady,ok,,16,16384,1024,2048,64,576,512,10,30,9.094816207885742,9.083999633789062,9.801216125488281,9.21648645401001,0.19601708557514616,1.3032890856266022,5.879592150449753,6.265841424465179,8.567273616790771,22.015996277332306,4672924418048,33554432,513.8008631770149,3689401878.2816443,21005074432,2309.5655758043094,0.519253019885816,0.9469798794246086,2695153664,2910846976,57.0,292.08,1740.0,1593.0,60.0,297.97,1725.0,1593.0,20260803,2026-08-11T07:02:12.826483+00:00
prefillq1024_b16_h32768_sparse_q8kv8_steady,full,prefill,sglang_sparse_q8kv8_fp8,steady,ok,,16,32768,1024,2048,64,576,512,10,30,9.806112289428711,9.796544075012207,9.908736228942871,9.82213118871053,0.038377133786790106,1.2926273047924042,5.839064717292786,7.443167269229889,8.669465780258179,23.244325071573257,4672924418048,33554432,476.5318079301984,3421787453.5428996,21005074432,2142.038945917855,0.4815884870441621,0.878289754566371,2846148608,3061841920,57.0,292.43,1725.0,1593.0,58.0,317.29,1695.0,1593.0,20260803,2026-08-11T07:02:13.433657+00:00
prefillq1024_b16_h65536_sparse_q8kv8_steady,full,prefill,sglang_sparse_q8kv8_fp8,steady,ok,,16,65536,1024,2048,64,576,512,10,30,10.226431846618652,10.145792007446289,10.236831665039062,10.217136923472086,0.03442572157077442,1.3283789157867432,5.911048501729965,9.810253977775574,9.324457496404648,26.37413889169693,4672924418048,33554432,456.94573514349406,3281147569.676974,21005074432,2053.9983786177854,0.46179457821474895,0.8421909112688564,3148138496,3363831808,58.0,296.31,1740.0,1593.0,62.0,322.73,1575.0,1593.0,20260803,2026-08-11T07:02:13.966164+00:00
prefillq1024_b16_h131072_sparse_q8kv8_steady,full,prefill,sglang_sparse_q8kv8_fp8,steady,ok,,16,131072,1024,2048,64,576,512,10,30,11.560640335083008,11.330816268920898,11.882816314697266,11.551338609059652,0.18116060819862012,1.42756849527359,5.8541446924209595,14.722045511007309,10.622691363096237,32.626450061798096,4672924418048,33554432,404.20982597885205,2902471751.341711,21005074432,1816.9473163399111,0.40849906617367565,0.7449940233670264,3752118272,3967811584,58.0,303.48,1740.0,1593.0,58.0,326.7,1710.0,1593.0,20260803,2026-08-11T07:02:14.543683+00:00
prefillq1024_b16_h262144_sparse_q8kv8_steady,full,prefill,sglang_sparse_q8kv8_fp8,steady,ok,,16,262144,1024,2048,64,576,512,10,30,12.629504203796387,12.601152420043945,13.054783821105957,12.681802654266358,0.13262974875630526,1.4268942177295685,5.928907543420792,24.373989552259445,12.098163366317749,43.827954679727554,4672924418048,33554432,370.0006225615202,2656828918.8987837,21005074432,1663.1749032306386,0.37392685453412855,0.681943472756729,4960077824,5175771136,58.0,309.18,1740.0,1593.0,58.0,322.21,1710.0,1593.0,20260803,2026-08-11T07:02:15.196426+00:00
prefillq1024_b16_h524288_sparse_q8kv8_steady,full,prefill,sglang_sparse_q8kv8_fp8,steady,ok,,16,524288,1024,2048,64,576,512,10,30,13.396575927734375,13.339872360229492,13.440832138061523,13.399431482950847,0.03314512738898377,1.9555538892745972,5.906391888856888,43.669383972883224,13.128064572811127,64.65939432382584,4672924418048,33554432,348.8148347201047,2504702110.524649,21005074432,1567.9435211884304,0.35251625540182385,0.6428962148531022,7375996928,7591690240,57.0,294.99,1740.0,1593.0,61.0,316.13,1710.0,1593.0,20260803,2026-08-11T07:02:15.888263+00:00
prefillq2048_b16_h2048_sparse_q8kv8_steady,full,prefill,sglang_sparse_q8kv8_fp8,steady,ok,,16,2048,2048,2048,64,576,512,10,30,18.023744583129883,18.000383377075195,18.292959213256836,18.046847089131674,0.07717011946469682,2.0874962210655212,10.999638587236404,10.123997926712036,16.904152929782867,40.11528566479683,9345848836096,67108864,518.5298089967198,3723358577.929111,42010148864,2330.8224697836235,0.5240321465353409,0.9556957397181457,4828252160,5404360704,58.0,298.75,1740.0,1593.0,63.0,334.92,1650.0,1593.0,20260803,2026-08-11T07:02:16.659675+00:00
prefillq2048_b16_h4096_sparse_q8kv8_steady,full,prefill,sglang_sparse_q8kv8_fp8,steady,ok,,16,4096,2048,2048,64,576,512,10,30,18.04035186767578,18.01043128967285,19.306367874145508,18.155773798624676,0.3443429330482394,1.7588883638381958,10.994289070367813,10.252349078655243,16.804557293653488,39.81008380651474,9345848836096,67108864,518.0524695220408,3719930990.9383674,42010148864,2328.676800327418,0.523549741811057,0.954815961363199,4847126528,5423235072,58.0,322.3,1725.0,1593.0,58.0,323.09,1725.0,1593.0,20260803,2026-08-11T07:02:17.547506+00:00
prefillq2048_b16_h8192_sparse_q8kv8_steady,full,prefill,sglang_sparse_q8kv8_fp8,steady,ok,,16,8192,2048,2048,64,576,512,10,30,18.07321548461914,18.031583786010742,18.564287185668945,18.140403048197427,0.15921737270110903,1.903049647808075,10.921262204647064,10.566972196102142,16.916882246732712,40.30816629528999,9345848836096,67108864,517.110463494977,3713166816.22657,42010148864,2324.442426957833,0.5225977397624831,0.9530797619562728,4884875264,5460983808,58.0,314.42,1740.0,1593.0,60.0,318.7,1710.0,1593.0,20260803,2026-08-11T07:02:18.480632+00:00
prefillq2048_b16_h16384_sparse_q8kv8_steady,full,prefill,sglang_sparse_q8kv8_fp8,steady,ok,,16,16384,2048,2048,64,576,512,10,30,18.29088020324707,18.27552032470703,18.532384872436523,18.310938707987468,0.07418132680419884,1.7508193850517273,11.04811578989029,11.19980588555336,17.068609595298767,41.067350655794144,9345848836096,67108864,510.95675726075154,3668979472.5180345,42010148864,2296.7811497962894,0.5163787339674093,0.9417379437435353,4960372736,5536481280,58.0,313.38,1740.0,1593.0,59.0,318.78,1695.0,1593.0,20260803,2026-08-11T07:02:19.400020+00:00
prefillq2048_b16_h32768_sparse_q8kv8_steady,full,prefill,sglang_sparse_q8kv8_fp8,steady,ok,,16,32768,2048,2048,64,576,512,10,30,18.473119735717773,18.46451187133789,18.4800968170166,18.47255884806315,0.00485974465534976,1.9658282399177551,10.988552123308182,12.417860329151154,17.394576221704483,42.76681691408157,9345848836096,67108864,505.91610782589163,3632784551.8288403,42010148864,2274.123129444854,0.5112845960847818,0.9324475864550524,5111367680,5687476224,59.0,318.67,1740.0,1593.0,62.0,327.22,1665.0,1593.0,20260803,2026-08-11T07:02:20.373993+00:00
prefillq2048_b16_h65536_sparse_q8kv8_steady,full,prefill,sglang_sparse_q8kv8_fp8,steady,ok,,16,65536,2048,2048,64,576,512,10,30,20.390880584716797,20.349119186401367,22.022048950195312,20.6276372273763,0.5597319801636347,1.8163099884986877,11.28731295466423,14.681361615657806,18.506210297346115,46.29119485616684,9345848836096,67108864,458.3347343567312,3291121426.6194506,42010148864,2060.242013063776,0.46319831668189104,0.8447509581697877,5413357568,5989466112,58.0,323.33,1740.0,1593.0,62.0,337.85,1710.0,1593.0,20260803,2026-08-11T07:02:21.301010+00:00
prefillq2048_b16_h131072_sparse_q8kv8_steady,full,prefill,sglang_sparse_q8kv8_fp8,steady,ok,,16,131072,2048,2048,64,576,512,10,30,22.818527221679688,22.795936584472656,24.74367904663086,23.370355097452798,0.8291855863373148,1.878492534160614,11.123541742563248,19.65201646089554,21.261118352413177,53.91516909003258,9345848836096,67108864,409.57283286962485,2940981394.112081,42010148864,1841.0543527141629,0.41391898218254153,0.7548785136097523,6017337344,6593445888,58.0,339.14,1740.0,1593.0,59.0,367.84,1485.0,1593.0,20260803,2026-08-11T07:02:22.358032+00:00
prefillq2048_b16_h262144_sparse_q8kv8_steady,full,prefill,sglang_sparse_q8kv8_fp8,steady,ok,,16,262144,2048,2048,64,576,512,10,30,25.134496688842773,25.09760093688965,26.99193572998047,25.85807139078776,0.8535064346610217,2.0516663789749146,12.436602264642715,29.222074896097183,24.351663887500763,68.06200742721558,9345848836096,67108864,371.83353825599505,2669990365.464119,42010148864,1671.4139687805384,0.37577922006669534,0.6853216965156705,7225296896,7801405440,59.0,349.85,1725.0,1593.0,59.0,344.41,1710.0,1593.0,20260803,2026-08-11T07:02:23.463138+00:00
prefillq2048_b16_h524288_sparse_q8kv8_steady,full,prefill,sglang_sparse_q8kv8_fp8,steady,ok,,16,524288,2048,2048,64,576,512,10,30,26.99622344970703,26.924863815307617,28.434463500976562,27.607257652282716,0.6821680914642273,2.677343785762787,11.362038552761078,48.74158278107643,26.38598158955574,89.16694670915604,9345848836096,67108864,346.1909719893589,2485861184.4364576,42010148864,1556.1491014572227,0.34986454976185843,0.6380602066046451,9641216000,10217324544,58.0,326.59,1740.0,1593.0,58.0,348.64,1500.0,1593.0,20260803,2026-08-11T07:02:24.732372+00:00
prefillq4096_b16_h2048_sparse_q8kv8_steady,full,prefill,sglang_sparse_q8kv8_fp8,steady,ok,,16,2048,4096,2048,64,576,512,10,30,38.62361526489258,36.28812789916992,39.476863861083984,38.12121035257975,1.334642867414009,2.738639712333679,20.828507840633392,19.999172538518906,34.006666392087936,77.57298648357391,18691697672192,134217728,483.944797606299,3475017216.2676573,84020297728,2175.3607773835533,0.4890801390664972,0.8919525421807062,9360787456,10133438464,58.0,320.64,1740.0,1593.0,63.0,327.49,1710.0,1593.0,20260803,2026-08-11T07:02:26.067808+00:00
prefillq4096_b16_h4096_sparse_q8kv8_steady,full,prefill,sglang_sparse_q8kv8_fp8,steady,ok,,16,4096,4096,2048,64,576,512,10,30,38.95484924316406,36.29814529418945,39.49846267700195,38.147204335530596,1.2998819277728548,2.900023013353348,20.79460769891739,20.060300827026367,33.770520240068436,77.52545177936554,18691697672192,134217728,479.8298038715189,3445469065.024119,84020297728,2156.8636347050983,0.48492147940527425,0.8843682492180598,9379661824,10152312832,59.0,304.2,1740.0,1593.0,61.0,323.67,1725.0,1593.0,20260803,2026-08-11T07:02:27.848115+00:00
prefillq4096_b16_h8192_sparse_q8kv8_steady,full,prefill,sglang_sparse_q8kv8_fp8,steady,ok,,16,8192,4096,2048,64,576,512,10,30,38.67833709716797,36.376094818115234,39.5827522277832,38.13022600809733,1.3001739610316376,2.7238652110099792,20.863547921180725,20.43762058019638,34.36668962240219,78.39172333478928,18691697672192,134217728,483.2601159981257,3470100786.9810266,84020297728,2172.2830926501224,0.4883881920142756,0.8906906141591318,9417410560,10190061568,59.0,304.87,1740.0,1593.0,64.0,334.8,1680.0,1593.0,20260803,2026-08-11T07:02:29.638315+00:00
prefillq4096_b16_h16384_sparse_q8kv8_steady,full,prefill,sglang_sparse_q8kv8_fp8,steady,ok,,16,16384,4096,2048,64,576,512,10,30,38.81817626953125,36.49216079711914,39.67766571044922,38.23951047261556,1.3061167211594389,2.7022846043109894,22.191505879163742,20.998448133468628,34.501783549785614,80.39402216672897,18691697672192,134217728,481.51921260822576,3457600044.578827,84020297728,2164.457627906346,0.48662881516748435,0.8874819771162443,9492908032,10265559040,60.0,318.77,1740.0,1593.0,61.0,333.2,1695.0,1593.0,20260803,2026-08-11T07:02:31.356113+00:00
prefillq4096_b16_h32768_sparse_q8kv8_steady,full,prefill,sglang_sparse_q8kv8_fp8,steady,ok,,16,32768,4096,2048,64,576,512,10,30,38.8869743347168,36.973087310791016,42.603519439697266,38.85338770548503,1.7395718431025826,2.710934728384018,20.99933847784996,22.133518010377884,34.56474840641022,80.40853962302208,18691697672192,134217728,480.6673183494446,3451482927.0266876,84020297728,2160.6283123187063,0.48576788110100516,0.8859118615709437,9643902976,10416553984,59.0,315.8,1740.0,1593.0,64.0,340.39,1605.0,1593.0,20260803,2026-08-11T07:02:33.105700+00:00
prefillq4096_b16_h65536_sparse_q8kv8_steady,full,prefill,sglang_sparse_q8kv8_fp8,steady,ok,,16,65536,4096,2048,64,576,512,10,30,42.36134338378906,40.71027374267578,44.2957763671875,42.72760899861654,1.480539701652029,2.7629993855953217,21.185394376516342,24.50302615761757,37.525977939367294,85.97739785909653,18691697672192,134217728,441.2442141611822,3168401124.204261,84020297728,1983.4191037518672,0.44592644180008306,0.8132516363235552,9945892864,10718543872,60.0,316.08,1740.0,1593.0,60.0,333.48,1695.0,1593.0,20260803,2026-08-11T07:02:34.863534+00:00
prefillq4096_b16_h131072_sparse_q8kv8_steady,full,prefill,sglang_sparse_q8kv8_fp8,steady,ok,,16,131072,4096,2048,64,576,512,10,30,48.254398345947266,45.67161560058594,49.382686614990234,47.794413503011064,1.3576202402821385,2.962179481983185,21.063953638076782,29.468845576047897,43.36316138505936,96.85814008116722,18691697672192,134217728,387.35738736574376,2781461019.1129346,84020297728,1741.1945979646973,0.3914677992579523,0.7139335066774043,10549872640,11322523648,59.0,304.62,1740.0,1593.0,59.0,336.36,1695.0,1593.0,20260803,2026-08-11T07:02:36.789164+00:00
prefillq4096_b16_h262144_sparse_q8kv8_steady,full,prefill,sglang_sparse_q8kv8_fp8,steady,ok,,16,262144,4096,2048,64,576,512,10,30,52.86127853393555,50.15033721923828,54.6242561340332,52.67484359741211,1.6628159081412954,3.0418485403060913,21.154671907424927,39.15884718298912,48.56483265757561,111.92020028829575,18691697672192,134217728,353.5990462317786,2539055651.3655977,84020297728,1589.448837754864,0.3573512341907818,0.6517139346452658,11757832192,12530483200,59.0,312.86,1740.0,1593.0,62.0,337.97,1635.0,1593.0,20260803,2026-08-11T07:02:38.969157+00:00
prefillq4096_b16_h524288_sparse_q8kv8_steady,full,prefill,sglang_sparse_q8kv8_fp8,steady,ok,,16,524288,4096,2048,64,576,512,10,30,55.74639892578125,53.69504165649414,56.704097747802734,55.559928512573244,0.9563919515730587,3.356773406267166,21.481357514858246,58.652106672525406,52.83552035689354,136.32575795054436,18691697672192,134217728,335.2987463293809,2407648396.781515,84020297728,1507.1878963852282,0.3388567421216583,0.6179848831060196,14173751296,14946402304,59.0,333.44,1725.0,1593.0,60.0,335.75,1635.0,1593.0,20260803,2026-08-11T07:02:41.332197+00:00
prefillq8192_b16_h2048_sparse_q8kv8_steady,full,prefill,sglang_sparse_q8kv8_fp8,steady,ok,,16,2048,8192,2048,64,576,512,10,30,77.4381103515625,73.00764465332031,82.6131820678711,77.15639038085938,2.6267521980097626,3.7637129426002502,40.63168913125992,39.41928222775459,72.14861363172531,155.96329793334007,37383395344384,268435456,482.75190567882566,3466451528.599105,168040595456,2169.99865690304,0.48787458886187535,0.8897539381404944,18425858048,19870515200,60.0,321.16,1740.0,1593.0,64.0,327.51,1725.0,1593.0,20260803,2026-08-11T07:02:43.777702+00:00
prefillq8192_b16_h4096_sparse_q8kv8_steady,full,prefill,sglang_sparse_q8kv8_fp8,steady,ok,,16,4096,8192,2048,64,576,512,10,30,77.7956771850586,73.28467559814453,81.0865249633789,77.30703608194987,2.513937664668958,4.501398652791977,43.18102449178696,39.87834230065346,72.39069417119026,159.95145961642265,37383395344384,268435456,480.5330668368273,3450518919.7267585,168040595456,2160.024843748951,0.48563220498921406,0.8856644243042081,18444732416,19889389568,59.0,299.23,1740.0,1593.0,61.0,328.84,1725.0,1593.0,20260803,2026-08-11T07:02:47.163295+00:00
prefillq8192_b16_h8192_sparse_q8kv8_steady,full,prefill,sglang_sparse_q8kv8_fp8,steady,ok,,16,8192,8192,2048,64,576,512,10,30,78.03785705566406,72.87455749511719,81.8271713256836,77.36331736246744,2.6035773827050006,4.622321575880051,40.87699204683304,40.07638618350029,72.29383289813995,157.86953270435333,37383395344384,268435456,479.04179785099154,3439810703.7783747,168040595456,2153.321500565263,0.48412511152197224,0.8829158852775038,18482481152,19927138304,61.0,319.65,1740.0,1593.0,64.0,336.98,1650.0,1593.0,20260803,2026-08-11T07:02:50.609720+00:00
prefillq8192_b16_h16384_sparse_q8kv8_steady,full,prefill,sglang_sparse_q8kv8_fp8,steady,ok,,16,16384,8192,2048,64,576,512,10,30,77.6231689453125,73.47948455810547,83.76185607910156,77.64120941162109,2.8764096153472316,4.44687157869339,40.95524549484253,40.65948352217674,71.69779390096664,157.7593944966793,37383395344384,268435456,481.6009942949064,3458187286.699408,168040595456,2164.8252414738295,0.48671146467398324,0.8876327079097138,18557978624,20002635776,60.0,318.08,1740.0,1593.0,60.0,330.63,1740.0,1593.0,20260803,2026-08-11T07:02:53.939940+00:00
prefillq8192_b16_h32768_sparse_q8kv8_steady,full,prefill,sglang_sparse_q8kv8_fp8,steady,ok,,16,32768,8192,2048,64,576,512,10,30,79.91462707519531,74.61561584472656,82.79730987548828,79.05961736043294,2.530896064070398,5.511157214641571,41.156090795993805,41.757382452487946,73.85501265525818,162.2796431183815,37383395344384,268435456,467.79165107294136,3359027825.374407,168040595456,2102.7514186843787,0.4727555847124218,0.8621808818882302,18708973568,20153630720,60.0,301.62,1740.0,1593.0,60.0,331.69,1725.0,1593.0,20260803,2026-08-11T07:02:57.372873+00:00
prefillq8192_b16_h65536_sparse_q8kv8_steady,full,prefill,sglang_sparse_q8kv8_fp8,steady,ok,,16,65536,8192,2048,64,576,512,10,30,87.79277038574219,83.56489562988281,88.73481750488281,86.95630518595378,1.8520105959189033,5.464807152748108,41.56973958015442,44.31387409567833,79.09216359257698,170.44058442115784,37383395344384,268435456,425.81405257095264,3057603203.7780952,168040595456,1914.0596055650874,0.4303325442859552,0.7848125004453742,19010963456,20455620608,60.0,317.7,1740.0,1593.0,62.0,327.88,1710.0,1593.0,20260803,2026-08-11T07:03:00.872784+00:00
prefillq8192_b16_h131072_sparse_q8kv8_steady,full,prefill,sglang_sparse_q8kv8_fp8,steady,ok,,16,131072,8192,2048,64,576,512,10,30,96.44755554199219,92.48281860351562,99.04496002197266,96.42562154134114,1.8764563338086646,4.853319376707077,41.0703681409359,48.96209016442299,90.36805108189583,185.2538287639618,37383395344384,268435456,387.6033470657292,2783227158.962325,168040595456,1742.3002015104155,0.391716368939595,0.7143868318929271,19614943232,21059600384,60.0,297.11,1740.0,1593.0,61.0,326.91,1710.0,1593.0,20260803,2026-08-11T07:03:04.631994+00:00
prefillq8192_b16_h262144_sparse_q8kv8_steady,full,prefill,sglang_sparse_q8kv8_fp8,steady,ok,,16,262144,8192,2048,64,576,512,10,30,105.23216247558594,101.47007751464844,107.75308990478516,105.26265563964844,2.0748129277792997,5.628600716590881,41.4302721619606,58.7754026055336,100.48532113432884,206.31959661841393,37383395344384,268435456,355.2468605124124,2550887957.4937706,168040595456,1596.8558613911002,0.3590165341206795,0.6547510003269776,20822902784,22267559936,61.0,312.76,1740.0,1593.0,63.0,328.25,1725.0,1593.0,20260803,2026-08-11T07:03:08.878646+00:00
prefillq8192_b16_h524288_sparse_q8kv8_steady,full,prefill,sglang_sparse_q8kv8_fp8,steady,ok,,16,524288,8192,2048,64,576,512,10,30,111.6317138671875,108.3543701171875,113.70492553710938,111.27808685302735,1.4472619346347126,5.1652491092681885,41.538093239068985,78.160360455513,107.23916068673134,232.1028634905815,37383395344384,268435456,334.88149603132,2404652286.5300436,168040595456,1505.3123313678075,0.33843506420547753,0.617215854353315,23238821888,24683479040,60.0,297.33,1740.0,1593.0,62.0,324.2,1725.0,1593.0,20260803,2026-08-11T07:03:13.452185+00:00
prefillq16384_b16_h2048_sparse_q8kv8_steady,full,prefill,sglang_sparse_q8kv8_fp8,steady,ok,,16,2048,16384,2048,64,576,512,10,30,155.06935119628906,148.41827392578125,162.58656311035156,154.82522786458333,4.127616355274056,6.835773587226868,79.86992225050926,78.68851348757744,147.83024042844772,313.2244497537613,74766790688768,536870912,482.15066428005554,3462134250.6322923,336081190912,2167.296040895815,0.4872669674381562,0.8886457977146651,36555999232,39069941760,60.0,303.4,1740.0,1593.0,62.0,326.74,1725.0,1593.0,20260803,2026-08-11T07:03:18.348287+00:00
prefillq16384_b16_h4096_sparse_q8kv8_steady,full,prefill,sglang_sparse_q8kv8_fp8,steady,ok,,16,4096,16384,2048,64,576,512,10,30,154.86009216308594,147.51513671875,164.08412170410156,154.72047271728516,4.1461651820602565,9.901877492666245,79.9366943538189,79.43374663591385,144.39579471945763,313.6681132018566,74766790688768,536870912,482.8021838578641,3466812556.424231,336081190912,2170.2246603215685,0.48792540056378386,0.8898466052170523,36574873600,39088816128,61.0,305.26,1740.0,1593.0,62.0,323.94,1740.0,1593.0,20260803,2026-08-11T07:03:25.023310+00:00
prefillq16384_b16_h8192_sparse_q8kv8_steady,full,prefill,sglang_sparse_q8kv8_fp8,steady,ok,,16,8192,16384,2048,64,576,512,10,30,155.35142517089844,149.9469757080078,158.1446075439453,154.96111958821615,2.721363321537608,9.399358183145523,80.31661435961723,79.55040782690048,148.39253202080727,317.6589123904705,74766790688768,536870912,481.27521589530846,3455848000.1673684,336081190912,2163.3608481047727,0.48638222930298985,0.8870322698573859,36612622336,39126564864,61.0,307.2,1740.0,1593.0,61.0,326.87,1725.0,1593.0,20260803,2026-08-11T07:03:31.717016+00:00
prefillq16384_b16_h16384_sparse_q8kv8_steady,full,prefill,sglang_sparse_q8kv8_fp8,steady,ok,,16,16384,16384,2048,64,576,512,10,30,155.74012756347656,150.3275146484375,160.0153350830078,155.58651428222657,3.1858574931847343,9.051170200109482,80.33320307731628,80.25011792778969,149.78580921888351,319.42030042409897,74766790688768,536870912,480.0740301069457,3447222757.5464272,336081190912,2157.9614462240634,0.485168297227838,0.8848183795069556,36688119808,39202062336,61.0,300.28,1740.0,1593.0,66.0,337.09,1560.0,1593.0,20260803,2026-08-11T07:03:38.392625+00:00
prefillq16384_b16_h32768_sparse_q8kv8_steady,full,prefill,sglang_sparse_q8kv8_fp8,steady,ok,,16,32768,16384,2048,64,576,512,10,30,160.30093383789062,155.3329620361328,162.47337341308594,159.94823303222657,2.214843098878204,9.226568043231964,84.32577550411224,81.10769093036652,152.1177962422371,326.7778307199478,74766790688768,536870912,466.4151910953824,3349144007.75062,336081190912,2096.564148851888,0.47136451854005296,0.8596439458941532,36839114752,39353057280,61.0,307.64,1740.0,1593.0,62.0,324.08,1740.0,1593.0,20260803,2026-08-11T07:03:45.067358+00:00
prefillq16384_b16_h65536_sparse_q8kv8_steady,full,prefill,sglang_sparse_q8kv8_fp8,steady,ok,,16,65536,16384,2048,64,576,512,10,30,175.13807678222656,170.9352569580078,179.49142456054688,175.21126759847004,2.6245637028786883,9.306441992521286,80.91311529278755,83.37317407131195,167.2162376344204,340.8089689910412,74766790688768,536870912,426.90197393075124,3065415139.0937448,336081190912,1918.9498770726843,0.43143201003613063,0.7868176345585308,37141104640,39655047168,61.0,298.63,1740.0,1593.0,63.0,321.77,1740.0,1593.0,20260803,2026-08-11T07:03:51.995932+00:00
prefillq16384_b16_h131072_sparse_q8kv8_steady,full,prefill,sglang_sparse_q8kv8_fp8,steady,ok,,16,131072,16384,2048,64,576,512,10,30,193.765625,189.38796997070312,199.0650634765625,193.84541778564454,3.1350619134688174,8.95443931221962,81.26065135002136,88.17571774125099,184.68454107642174,363.0753494799137,74766790688768,536870912,385.86199532950184,2770723197.161519,336081190912,1734.4727214231111,0.3899565389888851,0.711177368508588,37745084416,40259026944,61.0,302.27,1740.0,1593.0,64.0,332.78,1680.0,1593.0,20260803,2026-08-11T07:03:59.562401+00:00
prefillq16384_b16_h262144_sparse_q8kv8_steady,full,prefill,sglang_sparse_q8kv8_fp8,steady,ok,,16,262144,16384,2048,64,576,512,10,30,209.96823120117188,205.69903564453125,216.00146484375,210.81734619140624,3.3886366274642206,10.428868234157562,81.01449906826019,97.79995679855347,202.75817438960075,392.001498490572,74766790688768,536870912,356.0862053323366,2556914962.4622054,336081190912,1600.6287665013406,0.35986478558093643,0.6562979861600738,38953043968,41466986496,61.0,310.39,1740.0,1593.0,64.0,328.76,1710.0,1593.0,20260803,2026-08-11T07:04:07.850197+00:00
prefillq16384_b16_h524288_sparse_q8kv8_steady,full,prefill,sglang_sparse_q8kv8_fp8,steady,ok,,16,524288,16384,2048,64,576,512,10,30,222.86297607421875,219.10704040527344,227.1370849609375,222.8031244913737,2.2608545018684247,9.982258081436157,84.80031788349152,117.08584800362587,215.12047201395035,426.9888959825039,74766790688768,536870912,335.4832283307069,2408973089.4610734,336081190912,1508.0171540026317,0.339043181738966,0.6183248995518689,41368963072,43882905600,61.0,309.87,1740.0,1593.0,61.0,334.42,1710.0,1593.0,20260803,2026-08-11T07:04:16.862963+00:00
prefillq32768_b16_h2048_sparse_q8kv8_steady,full,prefill,sglang_sparse_q8kv8_fp8,steady,ok,,16,2048,32768,2048,64,576,512,10,30,310.52001953125,303.3147277832031,316.79339599609375,310.4858164469401,3.9306784719253067,11.341802775859833,161.8282049894333,157.4387475848198,298.187255859375,628.7960112094879,149533581377536,1073741824,481.5585855084853,3457882765.8869867,672162381824,2164.6346114452535,0.48666860587012156,0.887554544811265,72816281600,77472989184,61.0,310.88,1740.0,1593.0,62.0,331.69,1725.0,1593.0,20260803,2026-08-11T07:04:26.378415+00:00
prefillq32768_b16_h4096_sparse_q8kv8_steady,full,prefill,sglang_sparse_q8kv8_fp8,steady,ok,,16,4096,32768,2048,64,576,512,10,30,310.8694152832031,305.5411071777344,315.4921569824219,310.98692321777344,3.1319141906272328,18.466971814632416,162.2328758239746,157.4975587427616,296.2378077208996,634.4352141022682,149533581377536,1073741824,481.017346918192,3453996344.4838004,672162381824,2162.201711646859,0.4861216239698757,0.8865569948036479,72835155968,77491863552,61.0,308.67,1740.0,1593.0,62.0,322.88,1740.0,1593.0,20260803,2026-08-11T07:04:39.616414+00:00
prefillq32768_b16_h8192_sparse_q8kv8_steady,full,prefill,sglang_sparse_q8kv8_fp8,steady,ok,,16,8192,32768,2048,64,576,512,10,30,312.1637878417969,305.4544372558594,316.79833984375,311.8776601155599,3.374622606257519,23.231301456689835,180.18538877367973,157.83922374248505,298.0600818991661,659.3159958720207,149533581377536,1073741824,479.02283096756537,3439674510.0497284,672162381824,2153.23624329113,0.4841059433729817,0.8828809276542937,72872904704,77529612288,61.0,308.08,1740.0,1593.0,62.0,321.85,1740.0,1593.0,20260803,2026-08-11T07:04:52.900452+00:00
prefillq32768_b16_h16384_sparse_q8kv8_steady,full,prefill,sglang_sparse_q8kv8_fp8,steady,ok,,16,16384,32768,2048,64,576,512,10,30,314.2276306152344,307.0309753417969,320.0283203125,314.5124471028646,3.852228988565237,17.419878393411636,161.90747916698456,158.50426629185677,300.4027530550957,638.2343769073486,149533581377536,1073741824,475.8766155756588,3417082774.9860606,672162381824,2139.093817141274,0.4809263421684273,0.8770821778155938,72948402176,77605109760,61.0,307.61,1740.0,1593.0,62.0,331.79,1710.0,1593.0,20260803,2026-08-11T07:05:06.223316+00:00
prefillq32768_b16_h32768_sparse_q8kv8_steady,full,prefill,sglang_sparse_q8kv8_fp8,steady,ok,,16,32768,32768,2048,64,576,512,10,30,327.99566650390625,321.0589904785156,335.5638427734375,327.315830485026,4.5934456870548,18.911905586719513,163.58519345521927,159.70094874501228,310.2966286242008,652.4946764111519,149533581377536,1073741824,455.9010884851283,3273646372.9688096,672162381824,2049.302629478475,0.46073884637203466,0.8402655362111665,73099397120,77756104704,61.0,308.86,1740.0,1593.0,61.0,319.9,1740.0,1593.0,20260803,2026-08-11T07:05:19.600001+00:00
prefillq32768_b16_h65536_sparse_q8kv8_steady,full,prefill,sglang_sparse_q8kv8_fp8,steady,ok,,16,65536,32768,2048,64,576,512,10,30,355.24102783203125,352.3861999511719,360.7865905761719,355.4208709716797,2.586433782383898,18.575340509414673,163.00319135189056,162.18052059412003,338.68202939629555,682.4410818517208,149533581377536,1073741824,420.93556110371355,3022572675.6643033,672162381824,1892.130494965854,0.4254022850972345,0.7758210144582663,73401387008,78058094592,61.0,306.43,1740.0,1593.0,61.0,321.74,1740.0,1593.0,20260803,2026-08-11T07:05:33.586627+00:00
prefillq32768_b16_h131072_sparse_q8kv8_steady,full,prefill,sglang_sparse_q8kv8_fp8,steady,ok,,16,131072,32768,2048,64,576,512,10,30,390.9439392089844,386.8937072753906,395.1567687988281,390.91114196777346,2.5317018990417757,18.201079219579697,162.23378479480743,166.78768768906593,372.10364639759064,719.3261981010437,149533581377536,1073741824,382.4936682228518,2746536565.2491083,672162381824,1719.3318898459418,0.3865524691489154,0.704969247374663,74005366784,78662074368,61.0,293.53,1740.0,1593.0,64.0,325.72,1725.0,1593.0,20260803,2026-08-11T07:05:48.675418+00:00
prefillq32768_b16_h262144_sparse_q8kv8_steady,full,prefill,sglang_sparse_q8kv8_fp8,steady,ok,,16,262144,32768,2048,64,576,512,10,30,424.30572509765625,418.4476623535156,427.0538330078125,423.6291269938151,2.505090978147242,19.07273381948471,163.76575082540512,176.47036910057068,406.99707344174385,766.3059271872044,149533581377536,1073741824,352.4194290405109,2530585284.355691,672162381824,1584.1463880066624,0.35615909958616565,0.6495397971036382,75213326336,79870033920,61.0,302.58,1740.0,1593.0,61.0,324.1,1725.0,1593.0,20260803,2026-08-11T07:06:05.260112+00:00
prefillq32768_b16_h524288_sparse_q8kv8_steady,full,prefill,sglang_sparse_q8kv8_fp8,steady,ok,,16,524288,32768,2048,64,576,512,10,30,446.46209716796875,440.78448486328125,460.21002197265625,448.3810689290365,9.018612364731819,37.8837026655674,171.725582331419,195.24669274687767,431.2208369374275,836.0768146812916,149533581377536,1073741824,334.9300698224293,2405001075.8159275,672162381824,1505.5306734607705,0.3384841534334808,0.6173053800940144,77629245440,82285953024,61.0,310.46,1740.0,1593.0,61.0,331.79,1695.0,1593.0,20260803,2026-08-11T07:06:23.192798+00:00
prefillq2_b32_h2048_sparse_q8kv8_steady,full,prefill,sglang_sparse_q8kv8_fp8,steady,ok,,32,2048,2,2048,64,576,512,10,30,0.08534400165081024,0.07948800176382065,0.0875839963555336,0.08505493278304736,0.00231242120833469,9.674664586782455,1.5562698245048523,0.7832422852516174,0.1370944082736969,12.151271104812622,18253611008,131072,213.8827645167808,1535807994.2898438,82051072,961.4158044254423,0.21615236434237575,0.3942046210290677,501736448,530579456,61.0,307.4,1740.0,1593.0,60.0,289.72,1740.0,1593.0,20260803,2026-08-11T07:06:42.086364+00:00
prefillq2_b32_h4096_sparse_q8kv8_steady,full,prefill,sglang_sparse_q8kv8_fp8,steady,ok,,32,4096,2,2048,64,576,512,10,30,0.08828800171613693,0.08736000210046768,0.09167999774217606,0.08882453342278798,0.0015344805138832063,0.7550045847892761,1.2679845094680786,0.9524933993816376,0.13943761587142944,3.1149201095104218,18253611008,131072,206.75075495183256,1484595839.2106543,82051072,929.3569953458697,0.20894467402913852,0.38105970430762,728044544,750780416,60.0,262.6,1740.0,1593.0,60.0,254.01,1755.0,1593.0,20260803,2026-08-11T07:06:42.280546+00:00
prefillq2_b32_h8192_sparse_q8kv8_steady,full,prefill,sglang_sparse_q8kv8_fp8,steady,ok,,32,8192,2,2048,64,576,512,10,30,0.08899199962615967,0.08799999952316284,0.091839998960495,0.08953813165426254,0.001486076146375922,0.8042864501476288,1.2786947190761566,1.551356166601181,0.14273077249526978,3.777068108320236,18253611008,131072,205.11519108099975,1472851498.456168,82051072,922.005038033561,0.20729175450328424,0.3780452172014376,803542016,826277888,60.0,239.18,1755.0,1593.0,60.0,219.61,1755.0,1593.0,20260803,2026-08-11T07:06:42.432855+00:00
prefillq2_b32_h16384_sparse_q8kv8_steady,full,prefill,sglang_sparse_q8kv8_fp8,steady,ok,,32,16384,2,2048,64,576,512,10,30,0.09443199634552002,0.09359999746084213,0.09654399752616882,0.09477760021885236,0.0011084628487438638,0.6964020431041718,1.2907199561595917,2.797979861497879,0.14573335647583008,4.9308352172374725,18253611008,131072,193.29900578625197,1388004120.133358,82051072,868.8905792034822,0.1953501827046508,0.35626695537352,954536960,977272832,60.0,193.17,1755.0,1593.0,60.0,169.21,1755.0,1593.0,20260803,2026-08-11T07:06:42.565346+00:00
prefillq2_b32_h32768_sparse_q8kv8_steady,full,prefill,sglang_sparse_q8kv8_fp8,steady,ok,,32,32768,2,2048,64,576,512,10,30,0.09408000111579895,0.09308800101280212,0.09804800152778625,0.09449706673622131,0.0014386358113084928,0.7746629416942596,1.2852475047111511,5.107253789901733,0.15002116560935974,7.317185401916504,18253611008,131072,194.02222354921562,1393197262.388095,82051072,872.1414862549474,0.19608107483498294,0.35759990889511245,1256526848,1279262720,60.0,155.5,1755.0,1593.0,60.0,137.52,1755.0,1593.0,20260803,2026-08-11T07:06:42.762008+00:00
prefillq2_b32_h65536_sparse_q8kv8_steady,full,prefill,sglang_sparse_q8kv8_fp8,steady,ok,,32,65536,2,2048,64,576,512,10,30,0.0952640026807785,0.09401600062847137,0.09772799909114838,0.09557120005289714,0.0014170279525156555,0.8572563529014587,1.2784339487552643,9.998582303524017,0.15471503138542175,12.288987636566162,18253611008,131072,191.61079205506704,1375881721.443209,82051072,861.3019576234487,0.19364405462866804,0.35315542997491495,1860506624,1883242496,59.0,117.3,1755.0,1593.0,59.0,109.21,1755.0,1593.0,20260803,2026-08-11T07:06:42.897338+00:00
prefillq2_b32_h131072_sparse_q8kv8_steady,full,prefill,sglang_sparse_q8kv8_fp8,steady,ok,,32,131072,2,2048,64,576,512,10,30,0.09641599655151367,0.09510400146245956,0.10134399682283401,0.09679466659824053,0.0015908449394678456,0.9828545153141022,1.2878961861133575,19.616860896348953,0.14688074588775635,22.03449234366417,18253611008,131072,189.3213954205966,1359442464.8193116,82051072,851.0109829768891,0.1913303642451709,0.34893587196276926,3068466176,3091202048,60.0,108.9,1755.0,1593.0,60.0,112.85,1755.0,1593.0,20260803,2026-08-11T07:06:43.057900+00:00
prefillq2_b32_h262144_sparse_q8kv8_steady,full,prefill,sglang_sparse_q8kv8_fp8,steady,ok,,32,262144,2,2048,64,576,512,10,30,0.09622400254011154,0.0947519987821579,0.10480000078678131,0.09724266702930133,0.0029082827940209726,1.8081702291965485,1.7979815602302551,39.05068710446358,0.14878436923027039,42.80562326312065,18253611008,131072,189.69914497571304,1362154935.7745938,82051072,852.7089897948957,0.19171212225943712,0.34963209739521595,5484385280,5507121152,60.0,111.17,1755.0,1593.0,60.0,120.53,1755.0,1593.0,20260803,2026-08-11T07:06:43.182962+00:00
prefillq2_b32_h524288_sparse_q8kv8_steady,full,prefill,sglang_sparse_q8kv8_fp8,steady,ok,,32,524288,2,2048,64,576,512,10,30,0.09657599776983261,0.09481599926948547,0.0984639972448349,0.09672106603781382,0.0013267143257374347,1.8295645713806152,1.4761127531528473,77.29694247245789,0.15209242701530457,80.75471222400665,18253611008,131072,189.00773928842463,1357190223.520972,82051072,849.6010799241284,0.1910133797760734,0.3483577763083783,10316223488,10338959360,60.0,119.94,1755.0,1593.0,60.0,138.66,1755.0,1593.0,20260803,2026-08-11T07:06:43.378148+00:00
prefillq4_b32_h2048_sparse_q8kv8_steady,full,prefill,sglang_sparse_q8kv8_fp8,steady,ok,,32,2048,4,2048,64,576,512,10,30,0.15292799472808838,0.14963200688362122,0.15491199493408203,0.1527807985742887,0.0015861266587601406,2.445187419652939,1.1657625436782837,0.7532089948654175,0.20208582282066345,4.5662447810173035,36507222016,262144,238.72164204409526,1714166202.6374025,164102144,1073.068042851014,0.2412548176292019,0.4399848423786669,508544000,549453824,60.0,137.88,1755.0,1593.0,59.0,138.46,1755.0,1593.0,20260803,2026-08-11T07:06:43.585220+00:00
prefillq4_b32_h4096_sparse_q8kv8_steady,full,prefill,sglang_sparse_q8kv8_fp8,steady,ok,,32,4096,4,2048,64,576,512,10,30,0.15907199680805206,0.15670399367809296,0.1608320027589798,0.1592576007048289,0.0019876686364251606,0.6298720836639404,1.1587142944335938,1.0311082005500793,0.2132989466190338,3.0329935252666473,36507222016,262144,229.50124942514105,1647958190.3804362,164102144,1031.6218271781531,0.2319365835524417,0.42299085323556845,734667776,769654784,59.0,137.72,1755.0,1593.0,59.0,139.45,1755.0,1593.0,20260803,2026-08-11T07:06:43.699708+00:00
prefillq4_b32_h8192_sparse_q8kv8_steady,full,prefill,sglang_sparse_q8kv8_fp8,steady,ok,,32,8192,4,2048,64,576,512,10,30,0.16659200191497803,0.1648000031709671,0.16873599588871002,0.16677226622899374,0.0012527352811267658,0.6946958601474762,1.1755377054214478,1.6566142439842224,0.218220055103302,3.7450678646564484,36507222016,262144,219.14150497232063,1573568940.8053813,164102144,985.0541569441687,0.221466907501082,0.4038969391223457,810165248,845152256,59.0,137.93,1755.0,1593.0,59.0,138.86,1755.0,1593.0,20260803,2026-08-11T07:06:43.830031+00:00
prefillq4_b32_h16384_sparse_q8kv8_steady,full,prefill,sglang_sparse_q8kv8_fp8,steady,ok,,32,16384,4,2048,64,576,512,10,30,0.17977599799633026,0.17721599340438843,0.18278400599956512,0.17969919890165328,0.0013799531079249257,0.7183589041233063,1.2017302215099335,2.9032863676548004,0.22984296083450317,5.053218454122543,36507222016,262144,203.07061244485604,1458170183.5711746,164102144,912.8145349155553,0.20522547998469534,0.37427688014891214,961160192,996147200,59.0,138.06,1755.0,1593.0,59.0,138.59,1755.0,1593.0,20260803,2026-08-11T07:06:43.978128+00:00
prefillq4_b32_h32768_sparse_q8kv8_steady,full,prefill,sglang_sparse_q8kv8_fp8,steady,ok,,32,32768,4,2048,64,576,512,10,30,0.18111999332904816,0.1764480024576187,0.18320000171661377,0.18087893426418306,0.0020647432641579602,0.7921420037746429,1.181531697511673,5.184158682823181,0.24217739701271057,7.400009781122208,36507222016,262144,201.56373321898167,1447349876.6298661,164102144,906.0410227702962,0.203702610630603,0.37149957008601653,1263150080,1298137088,59.0,137.88,1755.0,1593.0,59.0,135.55,1755.0,1593.0,20260803,2026-08-11T07:06:44.067441+00:00
prefillq4_b32_h65536_sparse_q8kv8_steady,full,prefill,sglang_sparse_q8kv8_fp8,steady,ok,,32,65536,4,2048,64,576,512,10,30,0.17817600071430206,0.17612800002098083,0.18111999332904816,0.17876586715380352,0.0015982628744854153,0.8548609912395477,1.193314790725708,10.058153420686722,0.22513791918754578,12.331467121839523,36507222016,262144,204.89416009812587,1471264361.9178386,164102144,921.011490560567,0.20706837806783818,0.377637837789467,1867129856,1902116864,59.0,130.39,1755.0,1593.0,59.0,128.97,1755.0,1593.0,20260803,2026-08-11T07:06:44.205102+00:00
prefillq4_b32_h131072_sparse_q8kv8_steady,full,prefill,sglang_sparse_q8kv8_fp8,steady,ok,,32,131072,4,2048,64,576,512,10,30,0.18278400599956512,0.178847998380661,0.18588800728321075,0.1828522687156995,0.0019368454359045995,1.0071657598018646,1.20573490858078,19.65910568833351,0.23078173398971558,22.10278809070587,36507222016,262144,199.72875534901482,1434173622.3935463,164102144,897.79268761836,0.20184816103993414,0.3681175455574798,3075089408,3110076416,59.0,129.11,1755.0,1593.0,60.0,131.57,1755.0,1593.0,20260803,2026-08-11T07:06:44.363743+00:00
prefillq4_b32_h262144_sparse_q8kv8_steady,full,prefill,sglang_sparse_q8kv8_fp8,steady,ok,,32,262144,4,2048,64,576,512,10,30,0.18323199450969696,0.1796800047159195,0.18592000007629395,0.18308160106341045,0.001951810641612773,1.2532509863376617,1.2446902692317963,38.86167332530022,0.23540854454040527,41.59502312541008,36507222016,262144,199.24043349355114,1430667175.246662,164102144,895.5976517044103,0.20135465739621136,0.367217525715263,5491008512,5525995520,60.0,118.1,1755.0,1593.0,59.0,125.31,1755.0,1593.0,20260803,2026-08-11T07:06:44.490436+00:00
prefillq4_b32_h524288_sparse_q8kv8_steady,full,prefill,sglang_sparse_q8kv8_fp8,steady,ok,,32,524288,4,2048,64,576,512,10,30,0.1834239959716797,0.18003199994564056,0.18639999628067017,0.1834186653296153,0.0019631957168393006,1.929938793182373,1.3741888105869293,77.3322805762291,0.23856759071350098,80.8749757707119,36507222016,262144,199.03187596914336,1429169605.7067392,164102144,894.6601731724188,0.2011438867803369,0.36683313597699835,10322846720,10357833728,59.0,125.84,1755.0,1593.0,61.0,143.45,1755.0,1593.0,20260803,2026-08-11T07:06:44.638028+00:00
prefillq8_b32_h2048_sparse_q8kv8_steady,full,prefill,sglang_sparse_q8kv8_fp8,steady,ok,,32,2048,8,2048,64,576,512,10,30,0.21119999885559082,0.2088959962129593,0.21385599672794342,0.21145386695861818,0.0019429903526767445,2.63822078704834,1.0214149951934814,0.865057110786438,0.254657119512558,4.779350012540817,73014444032,524288,345.71233157024795,2482424255.8755164,328204288,1553.9975841780736,0.3493808302882748,0.6371780304954523,522159104,580911104,59.0,143.38,1755.0,1593.0,59.0,143.59,1755.0,1593.0,20260803,2026-08-11T07:06:44.866685+00:00
prefillq8_b32_h4096_sparse_q8kv8_steady,full,prefill,sglang_sparse_q8kv8_fp8,steady,ok,,32,4096,8,2048,64,576,512,10,30,0.2189760059118271,0.21648000180721283,0.22115199267864227,0.21900479992230734,0.0012563761086031482,0.7698647677898407,1.015685498714447,1.140553504228592,0.26716291904449463,3.1932666897773743,73014444032,524288,333.4358197281213,2394271453.70032,328204288,1498.8139300164,0.33697404722397306,0.614551346623949,747914240,801112064,58.0,141.97,1755.0,1593.0,58.0,141.06,1755.0,1593.0,20260803,2026-08-11T07:06:45.023103+00:00
prefillq8_b32_h8192_sparse_q8kv8_steady,full,prefill,sglang_sparse_q8kv8_fp8,steady,ok,,32,8192,8,2048,64,576,512,10,30,0.23059199750423431,0.22908799350261688,0.23497599363327026,0.23109440008799234,0.0014993442304580499,0.773109495639801,1.016024500131607,1.7499029636383057,0.27841702103614807,3.817453980445862,73014444032,524288,316.6391063968265,2273660862.7989035,328204288,1423.3117001121136,0.31999909691442796,0.5835935364971893,823411712,876609536,58.0,141.65,1755.0,1593.0,58.0,145.27,1755.0,1593.0,20260803,2026-08-11T07:06:45.160413+00:00
prefillq8_b32_h16384_sparse_q8kv8_steady,full,prefill,sglang_sparse_q8kv8_fp8,steady,ok,,32,16384,8,2048,64,576,512,10,30,0.24940800666809082,0.2475840002298355,0.2540160119533539,0.24986133525768917,0.001957711251482319,0.7999464869499207,1.0144971311092377,3.010023385286331,0.2973414957523346,5.121808499097824,73014444032,524288,292.7510026940183,2102129787.26748,328204288,1315.9332468294424,0.2958575065123985,0.5395656743712078,974406656,1027604480,58.0,144.35,1755.0,1593.0,59.0,144.2,1755.0,1593.0,20260803,2026-08-11T07:06:45.267377+00:00
prefillq8_b32_h32768_sparse_q8kv8_steady,full,prefill,sglang_sparse_q8kv8_fp8,steady,ok,,32,32768,8,2048,64,576,512,10,30,0.27142399549484253,0.2696639895439148,0.2758080065250397,0.27212373316287997,0.0021276463310469645,0.9021498262882233,1.0163523256778717,5.322813987731934,0.3211982548236847,7.562514394521713,73014444032,524288,269.00511835324227,1931619933.0282216,328204288,1209.1940780756668,0.27185964462177087,0.4957999349545506,1276396544,1329594368,58.0,137.86,1755.0,1593.0,58.0,141.31,1755.0,1593.0,20260803,2026-08-11T07:06:45.384417+00:00
prefillq8_b32_h65536_sparse_q8kv8_steady,full,prefill,sglang_sparse_q8kv8_fp8,steady,ok,,32,65536,8,2048,64,576,512,10,30,0.2726399898529053,0.26947200298309326,0.2768639922142029,0.2728693336248398,0.0021312253048239482,0.9243786334991455,1.026637852191925,10.18943265080452,0.324789434671402,12.465238571166992,73014444032,524288,267.8053357887548,1923004766.4059253,328204288,1203.8009837701093,0.27064713066069207,0.4935886308683162,1880376320,1933574144,58.0,137.81,1755.0,1593.0,59.0,135.88,1755.0,1593.0,20260803,2026-08-11T07:06:45.570448+00:00
prefillq8_b32_h131072_sparse_q8kv8_steady,full,prefill,sglang_sparse_q8kv8_fp8,steady,ok,,32,131072,8,2048,64,576,512,10,30,0.28143998980522156,0.27769601345062256,0.28595200181007385,0.28167040050029757,0.002280372635478029,1.0979622602462769,1.0234564542770386,19.839700311422348,0.32898038625717163,22.290099412202835,73014444032,524288,259.4316610177953,1862876701.9315495,328204288,1166.1608154091498,0.26218459931055615,0.478155216693198,3088335872,3141533696,59.0,135.97,1755.0,1593.0,59.0,126.03,1755.0,1593.0,20260803,2026-08-11T07:06:45.668674+00:00
prefillq8_b32_h262144_sparse_q8kv8_steady,full,prefill,sglang_sparse_q8kv8_fp8,steady,ok,,32,262144,8,2048,64,576,512,10,30,0.28332799673080444,0.27935999631881714,0.28751999139785767,0.28399573067824047,0.0027468057541235043,1.3653375208377838,1.0717101395130157,39.172712713479996,0.33073872327804565,41.94049909710884,73014444032,524288,257.7028916114226,1850463088.891764,328204288,1158.3898936462444,0.2604374852060865,0.4749689436420456,5504254976,5557452800,59.0,122.94,1755.0,1593.0,59.0,134.77,1755.0,1593.0,20260803,2026-08-11T07:06:45.805911+00:00
prefillq8_b32_h524288_sparse_q8kv8_steady,full,prefill,sglang_sparse_q8kv8_fp8,steady,ok,,32,524288,8,2048,64,576,512,10,30,0.2873919904232025,0.28332799673080444,0.2956160008907318,0.2877269317706426,0.0031203297692277334,1.9930005073547363,1.1090338230133057,77.77829468250275,0.3418177366256714,81.22214674949646,73014444032,524288,254.05872976655235,1824295796.2327116,328204288,1142.0091684416775,0.2567546536296638,0.4682524349870765,10336093184,10389291008,59.0,134.01,1755.0,1593.0,60.0,153.65,1755.0,1593.0,20260803,2026-08-11T07:06:45.980591+00:00
prefillq16_b32_h2048_sparse_q8kv8_steady,full,prefill,sglang_sparse_q8kv8_fp8,steady,ok,,32,2048,16,2048,64,576,512,10,30,0.33049601316452026,0.32927998900413513,0.3364480137825012,0.33113279938697815,0.002303000855973391,2.363331615924835,1.193758100271225,0.9948909282684326,0.3764331340789795,4.928413778543472,146028888064,1048576,441.84765397247656,3172734188.1065927,656408576,1986.131601754727,0.4465362849646049,0.8143638286157326,549389312,654311424,59.0,152.92,1755.0,1593.0,59.0,153.34,1755.0,1593.0,20260803,2026-08-11T07:06:46.156591+00:00
prefillq16_b32_h4096_sparse_q8kv8_steady,full,prefill,sglang_sparse_q8kv8_fp8,steady,ok,,32,4096,16,2048,64,576,512,10,30,0.3368319869041443,0.33583998680114746,0.33849599957466125,0.33705279727776843,0.0011706753998686984,0.7386580109596252,1.1697448790073395,1.2592747807502747,0.3830045461654663,3.5506822168827057,146028888064,1048576,433.53628438369464,3113053512.635675,656408576,1948.7714989099325,0.43813671994309716,0.7990452483347056,774407168,874512384,59.0,153.51,1755.0,1593.0,58.0,155.66,1755.0,1593.0,20260803,2026-08-11T07:06:46.273661+00:00
prefillq16_b32_h8192_sparse_q8kv8_steady,full,prefill,sglang_sparse_q8kv8_fp8,steady,ok,,32,8192,16,2048,64,576,512,10,30,0.3534719944000244,0.35177600383758545,0.3569279909133911,0.35380586683750154,0.0018988657470162943,0.8114203810691833,1.2037567794322968,1.9081123173236847,0.3985986113548279,4.321888089179993,146028888064,1048576,413.1271794583506,2966503758.748497,656408576,1857.031352976559,0.41751104543542256,0.7614294849008713,849904640,950009856,58.0,155.65,1755.0,1593.0,58.0,156.96,1755.0,1593.0,20260803,2026-08-11T07:06:46.451953+00:00
prefillq16_b32_h16384_sparse_q8kv8_steady,full,prefill,sglang_sparse_q8kv8_fp8,steady,ok,,32,16384,16,2048,64,576,512,10,30,0.3893440067768097,0.3878079950809479,0.39180800318717957,0.3894346664349238,0.0013937237753708078,0.7826238870620728,1.1915862560272217,3.1198523938655853,0.4378482699394226,5.531910806894302,146028888064,1048576,375.06391654234613,2693186441.1645947,656408576,1685.9347121690364,0.37904387725350797,0.6912755659217846,1000899584,1101004800,58.0,155.96,1755.0,1593.0,57.0,157.48,1755.0,1593.0,20260803,2026-08-11T07:06:46.570972+00:00
prefillq16_b32_h32768_sparse_q8kv8_steady,full,prefill,sglang_sparse_q8kv8_fp8,steady,ok,,32,32768,16,2048,64,576,512,10,30,0.4246399998664856,0.42156800627708435,0.4293760061264038,0.4249514639377594,0.002530629413333618,0.8701421320438385,1.2211017310619354,5.4409801959991455,0.47668442130088806,8.008908480405807,146028888064,1048576,343.8886777268135,2469329315.019054,656408576,1545.8001512019277,0.34753782488813895,0.6338168771371466,1302889472,1402994688,58.0,150.21,1755.0,1593.0,58.0,156.8,1755.0,1593.0,20260803,2026-08-11T07:06:46.740296+00:00
prefillq16_b32_h65536_sparse_q8kv8_steady,full,prefill,sglang_sparse_q8kv8_fp8,steady,ok,,32,65536,16,2048,64,576,512,10,30,0.4424639940261841,0.43856000900268555,0.4472639858722687,0.4425770670175552,0.0027587600909006783,0.9224936366081238,1.2099482119083405,10.295968502759933,0.4930272698402405,12.921437621116638,146028888064,1048576,330.0356413981073,2369856110.682641,656408576,1483.5299252873333,0.3335377881739336,0.6082845209026587,1906869248,2006974464,58.0,154.55,1755.0,1593.0,58.0,152.96,1755.0,1593.0,20260803,2026-08-11T07:06:46.862652+00:00
prefillq16_b32_h131072_sparse_q8kv8_steady,full,prefill,sglang_sparse_q8kv8_fp8,steady,ok,,32,131072,16,2048,64,576,512,10,30,0.47600001096725464,0.4716480076313019,0.4813759922981262,0.4762965361277262,0.0032112339052393344,1.0931752622127533,1.2264735996723175,19.958902150392532,0.5273222923278809,22.805873304605484,146028888064,1048576,306.7833712172871,2202890705.546926,656408576,1379.0095816723756,0.3100387783903861,0.5654285555077633,3114828800,3214934016,58.0,151.69,1755.0,1593.0,57.0,143.25,1755.0,1593.0,20260803,2026-08-11T07:06:46.992695+00:00
prefillq16_b32_h262144_sparse_q8kv8_steady,full,prefill,sglang_sparse_q8kv8_fp8,steady,ok,,32,262144,16,2048,64,576,512,10,30,0.48848000168800354,0.48499199748039246,0.4927999973297119,0.4885674685239792,0.0029488652395148105,1.3716816902160645,1.33514404296875,39.25016522407532,0.5464367568492889,42.50342771410942,146028888064,1048576,298.9454789538548,2146609884.4917188,656408576,1343.777787691816,0.3021177149609447,0.5509826353030496,5530747904,5630853120,58.0,141.49,1755.0,1593.0,59.0,152.17,1710.0,1593.0,20260803,2026-08-11T07:06:47.150360+00:00
prefillq16_b32_h524288_sparse_q8kv8_steady,full,prefill,sglang_sparse_q8kv8_fp8,steady,ok,,32,524288,16,2048,64,576,512,10,30,0.4907839894294739,0.4851199984550476,0.4973759949207306,0.49165759881337484,0.003827054255147073,2.0164325833320618,1.2990236282348633,78.13463732600212,0.542372465133667,81.99246600270271,146028888064,1048576,297.54207800004957,2136532614.315613,656408576,1337.4694165615738,0.3006994219303179,0.5483960447360327,10362586112,10462691328,58.0,148.64,1740.0,1593.0,58.0,166.66,1740.0,1593.0,20260803,2026-08-11T07:06:47.313728+00:00
prefillq32_b32_h2048_sparse_q8kv8_steady,full,prefill,sglang_sparse_q8kv8_fp8,steady,ok,,32,2048,32,2048,64,576,512,10,30,0.5725759863853455,0.5706239938735962,0.5824959874153137,0.5732789297898611,0.002926877706715447,2.3575052618980408,1.0366514325141907,0.9974353015422821,0.6205439567565918,5.012135952711105,292057776128,2097152,510.07688598984345,3662661463.0474744,1312817152,2292.826075867719,0.5154895260129797,0.9401162641206525,605684736,759169024,58.0,168.03,1755.0,1593.0,57.0,170.15,1755.0,1593.0,20260803,2026-08-11T07:06:47.610944+00:00
prefillq32_b32_h4096_sparse_q8kv8_steady,full,prefill,sglang_sparse_q8kv8_fp8,steady,ok,,32,4096,32,2048,64,576,512,10,30,0.5776640176773071,0.5759360194206238,0.5802559852600098,0.5779466609160105,0.0020388770251651435,0.7558129727840424,1.0506771504878998,1.305367797613144,0.6268694996833801,3.738727420568466,292057776128,2097152,505.58415824879785,3630400952.498836,1312817152,2272.6309962642713,0.5109491240513369,0.9318357743834502,827393024,943718400,57.0,170.27,1755.0,1593.0,57.0,174.68,1755.0,1593.0,20260803,2026-08-11T07:06:47.716811+00:00
prefillq32_b32_h8192_sparse_q8kv8_steady,full,prefill,sglang_sparse_q8kv8_fp8,steady,ok,,32,8192,32,2048,64,576,512,10,30,0.5841599702835083,0.5826879739761353,0.5879039764404297,0.5847253342469533,0.002082320184118776,0.7816776633262634,1.0449960827827454,1.905646175146103,0.6652064621448517,4.397526383399963,292057776128,2097152,499.9619812810122,3590030311.3583713,1312817152,2247.3589749103403,0.505267287802943,0.9214736110462056,902890496,1019215872,58.0,172.01,1755.0,1593.0,58.0,177.92,1755.0,1593.0,20260803,2026-08-11T07:06:47.844697+00:00
prefillq32_b32_h16384_sparse_q8kv8_steady,full,prefill,sglang_sparse_q8kv8_fp8,steady,ok,,32,16384,32,2048,64,576,512,10,30,0.627232015132904,0.6247040033340454,0.6334400177001953,0.6277642667293548,0.002285906688709204,0.8519552648067474,1.0423175990581512,3.1274184584617615,0.6741099059581757,5.695801228284836,292057776128,2097152,465.62957419530943,3343502801.839021,1312817152,2093.0327539512273,0.4705705651291657,0.8581959853113219,1053885440,1170210816,58.0,173.24,1755.0,1593.0,58.0,182.25,1605.0,1593.0,20260803,2026-08-11T07:06:47.947031+00:00
prefillq32_b32_h32768_sparse_q8kv8_steady,full,prefill,sglang_sparse_q8kv8_fp8,steady,ok,,32,32768,32,2048,64,576,512,10,30,0.6938560009002686,0.6916159987449646,0.6971840262413025,0.6942506670951843,0.0020286455717390033,0.8852444589138031,1.0423846542835236,5.534328520298004,0.7437579333782196,8.20571556687355,292057776128,2097152,420.91986773777137,3022459987.7769656,1312817152,1892.0599523483806,0.42538642520239656,0.7757920902137725,1355875328,1472200704,58.0,180.87,1710.0,1593.0,58.0,181.74,1740.0,1593.0,20260803,2026-08-11T07:06:48.053124+00:00
prefillq32_b32_h65536_sparse_q8kv8_steady,full,prefill,sglang_sparse_q8kv8_fp8,steady,ok,,32,65536,32,2048,64,576,512,10,30,0.7809280157089233,0.7750719785690308,0.7864320278167725,0.780836264292399,0.0029762071411194874,0.9707175195217133,1.0467059910297394,10.385509580373764,0.8327104151248932,13.23564350605011,292057776128,2097152,373.988088854606,2685461345.7505603,1312817152,1681.0988024398505,0.37795663350642345,0.6892927215028044,1959855104,2076180480,58.0,183.61,1740.0,1593.0,61.0,183.52,1560.0,1593.0,20260803,2026-08-11T07:06:48.167316+00:00
prefillq32_b32_h131072_sparse_q8kv8_steady,full,prefill,sglang_sparse_q8kv8_fp8,steady,ok,,32,131072,32,2048,64,576,512,10,30,0.8123199939727783,0.804639995098114,0.8314560055732727,0.816348797082901,0.009930258244359348,1.1022649705410004,1.0498985648155212,20.15194296836853,0.8642114698886871,23.16831797361374,292057776128,2097152,359.5353780468281,2581682114.881291,1312817152,1616.1330039156883,0.3633505589154402,0.6626551128123864,3167814656,3284140032,61.0,181.46,1695.0,1593.0,58.0,195.21,1665.0,1593.0,20260803,2026-08-11T07:06:48.291745+00:00
prefillq32_b32_h262144_sparse_q8kv8_steady,full,prefill,sglang_sparse_q8kv8_fp8,steady,ok,,32,262144,32,2048,64,576,512,10,30,0.8891519904136658,0.8850240111351013,0.8942400217056274,0.8893173297246297,0.00332329179642508,1.3961084187030792,1.0621845722198486,39.473388344049454,0.9410679340362549,42.87274926900864,292057776128,2097152,328.4677752249355,2358597880.463979,1312817152,1476.4822731704508,0.3319532847144371,0.6053948065677246,5583733760,5700059136,57.0,191.38,1725.0,1593.0,60.0,193.12,1680.0,1593.0,20260803,2026-08-11T07:06:48.430471+00:00
prefillq32_b32_h524288_sparse_q8kv8_steady,full,prefill,sglang_sparse_q8kv8_fp8,steady,ok,,32,524288,32,2048,64,576,512,10,30,0.9137600064277649,0.9050880074501038,0.9297919869422913,0.9155498663584392,0.008035181541830898,1.9847378134727478,1.0761916637420654,78.0692957341671,0.9575895965099335,82.08781480789185,292057776128,2097152,319.6219730274307,2295079654.6661787,1312817152,1436.7198638210277,0.32301361599538225,0.5890912202977244,10415571968,10531897344,60.0,191.36,1740.0,1593.0,61.0,209.58,1710.0,1593.0,20260803,2026-08-11T07:06:48.586929+00:00
prefillq64_b32_h2048_sparse_q8kv8_steady,full,prefill,sglang_sparse_q8kv8_fp8,steady,ok,,32,2048,64,2048,64,576,512,10,30,1.1320639848709106,1.1041920185089111,1.202239990234375,1.1291359980901083,0.02402559196834701,2.815835177898407,1.2011043727397919,1.1558346450328827,1.1579208076000214,6.330695003271103,584115552256,4194304,515.9739732578868,3705006126.9092283,2625634304,2319.3338354451766,0.5214491897502646,0.9509851111590121,896533504,897581056,57.0,206.63,1740.0,1593.0,57.0,210.12,1665.0,1593.0,20260803,2026-08-11T07:06:48.830490+00:00
prefillq64_b32_h4096_sparse_q8kv8_steady,full,prefill,sglang_sparse_q8kv8_fp8,steady,ok,,32,4096,64,2048,64,576,512,10,30,1.1205439567565918,1.114848017692566,1.2098560333251953,1.1535861293474834,0.0426327373055856,0.8970163762569427,1.1682361364364624,1.454092562198639,1.1829622089862823,4.702307283878326,584115552256,4194304,521.2785707637202,3743096354.8635693,2625634304,2343.178318144595,0.5268100765676808,0.9607619478023158,934282240,935329792,58.0,204.09,1740.0,1593.0,61.0,215.6,1665.0,1593.0,20260803,2026-08-11T07:06:48.960527+00:00
prefillq64_b32_h8192_sparse_q8kv8_steady,full,prefill,sglang_sparse_q8kv8_fp8,steady,ok,,32,8192,64,2048,64,576,512,10,30,1.1618239879608154,1.1234560012817383,1.1653120517730713,1.149287458260854,0.01807385508274728,0.8094422519207001,1.175321638584137,2.0586177706718445,1.1712424457073212,5.214624106884003,584115552256,4194304,502.75735249813107,3610102772.4187946,2625634304,2259.9243355341655,0.5080923218778485,0.926625724419013,1009779712,1010827264,57.0,205.96,1740.0,1593.0,59.0,213.7,1650.0,1593.0,20260803,2026-08-11T07:06:49.131495+00:00
prefillq64_b32_h16384_sparse_q8kv8_steady,full,prefill,sglang_sparse_q8kv8_fp8,steady,ok,,32,16384,64,2048,64,576,512,10,30,1.147711992263794,1.1402239799499512,1.2543679475784302,1.1684010664621989,0.040061505356642664,0.8669234812259674,1.1722855269908905,3.2036639750003815,1.1891834437847137,6.432056427001953,584115552256,4194304,508.9391382099848,3654491743.810208,2625634304,2287.71183162519,0.5143397051136784,0.9380192955622034,1160774656,1161822208,59.0,208.13,1695.0,1593.0,62.0,214.25,1635.0,1593.0,20260803,2026-08-11T07:06:49.275862+00:00
prefillq64_b32_h32768_sparse_q8kv8_steady,full,prefill,sglang_sparse_q8kv8_fp8,steady,ok,,32,32768,64,2048,64,576,512,10,30,1.3158080577850342,1.2278720140457153,1.3810240030288696,1.29906986951828,0.05304311545610928,0.9010843932628632,1.1610575020313263,5.609504878520966,1.276802271604538,8.948449045419693,584115552256,4194304,443.9215498036021,3187626018.235883,2625634304,1995.453887415663,0.4486321877752421,0.8181861998199278,1462764544,1463812096,62.0,208.32,1725.0,1593.0,58.0,209.93,1680.0,1593.0,20260803,2026-08-11T07:06:49.406907+00:00
prefillq64_b32_h65536_sparse_q8kv8_steady,full,prefill,sglang_sparse_q8kv8_fp8,steady,ok,,32,65536,64,2048,64,576,512,10,30,1.4082239866256714,1.3872959613800049,1.4831039905548096,1.437011190255483,0.03901579984466191,0.9866096079349518,1.1960826814174652,10.424785315990448,1.4163069427013397,14.023784548044205,584115552256,4194304,414.78881044743014,2978435277.224768,2625634304,1864.5004835427048,0.4191903086886611,0.7644920159833553,2066744320,2067791872,58.0,208.22,1740.0,1593.0,59.0,200.51,1710.0,1593.0,20260803,2026-08-11T07:06:49.560684+00:00
prefillq64_b32_h131072_sparse_q8kv8_steady,full,prefill,sglang_sparse_q8kv8_fp8,steady,ok,,32,131072,64,2048,64,576,512,10,30,1.575808048248291,1.5127040147781372,1.5959359407424927,1.5588704029719034,0.03197921754302989,1.1346712708473206,1.1867508292198181,20.18328383564949,1.5664659440517426,24.07117187976837,584115552256,4194304,370.676842846004,2661684590.748535,2625634304,1666.214553808583,0.374610250476002,0.6831898058195139,3274703872,3275751424,57.0,199.0,1740.0,1593.0,60.0,210.35,1650.0,1593.0,20260803,2026-08-11T07:06:49.820083+00:00
prefillq64_b32_h262144_sparse_q8kv8_steady,full,prefill,sglang_sparse_q8kv8_fp8,steady,ok,,32,262144,64,2048,64,576,512,10,30,1.7234560251235962,1.6942720413208008,1.733504056930542,1.7197674711545308,0.01253076675715981,1.4003627002239227,1.206517219543457,39.63625803589821,1.7395541071891785,43.98269206285477,584115552256,4194304,338.92106542962745,2433658845.2839746,2625634304,1523.470437147768,0.3425174991709221,0.6246611336743398,5690622976,5691670528,57.0,194.46,1740.0,1593.0,59.0,211.26,1680.0,1593.0,20260803,2026-08-11T07:06:50.050750+00:00
prefillq64_b32_h524288_sparse_q8kv8_steady,full,prefill,sglang_sparse_q8kv8_fp8,steady,ok,,32,524288,64,2048,64,576,512,10,30,1.7594560384750366,1.7283519506454468,1.781440019607544,1.762989862759908,0.015532128799204346,1.9479766488075256,1.22147798538208,78.30949872732162,1.7782598733901978,83.25721323490143,584115552256,4194304,331.98644324314415,2383864051.3208303,2625634304,1492.2988961268397,0.3355092907965075,0.6118800191362961,10522461184,10523508736,57.0,198.57,1740.0,1593.0,58.0,214.34,1680.0,1593.0,20260803,2026-08-11T07:06:50.310615+00:00
prefillq128_b32_h2048_sparse_q8kv8_steady,full,prefill,sglang_sparse_q8kv8_fp8,steady,ok,,32,2048,128,2048,64,576,512,10,30,2.3006720542907715,2.267712116241455,2.395807981491089,2.3330602566401164,0.05265083156852488,2.9788725078105927,1.5567541122436523,1.711927354335785,2.227313816547394,8.474867790937424,1168231104512,8388608,507.7781956508055,3646155471.9870567,5251268608,2282.4933254638972,0.5131664433055134,0.9358795769990377,1107559424,1111490560,58.0,211.99,1725.0,1593.0,61.0,221.09,1635.0,1593.0,20260803,2026-08-11T07:06:50.588150+00:00
prefillq128_b32_h4096_sparse_q8kv8_steady,full,prefill,sglang_sparse_q8kv8_fp8,steady,ok,,32,4096,128,2048,64,576,512,10,30,2.353663921356201,2.137376070022583,2.3890559673309326,2.326641058921814,0.08729627638530892,0.9577460587024689,1.5610456466674805,1.995135098695755,2.1789036691188812,6.692830473184586,1168231104512,8388608,496.3457585902304,3564063638.774058,5251268608,2231.1038378725602,0.5016126918547048,0.9148085966931463,1145308160,1149239296,59.0,220.97,1740.0,1593.0,58.0,238.66,1620.0,1593.0,20260803,2026-08-11T07:06:50.762177+00:00
prefillq128_b32_h8192_sparse_q8kv8_steady,full,prefill,sglang_sparse_q8kv8_fp8,steady,ok,,32,8192,128,2048,64,576,512,10,30,2.38700795173645,2.1631999015808105,2.5088319778442383,2.3824757019678753,0.133370274486913,1.064147800207138,1.692250370979309,2.650715410709381,2.2029057145118713,7.6100192964077,1168231104512,8388608,489.4123220922494,3514277358.7736197,5251268608,2199.937626592286,0.494605681750631,0.9020296674826008,1220805632,1224736768,58.0,226.8,1710.0,1593.0,62.0,256.7,1515.0,1593.0,20260803,2026-08-11T07:06:50.975784+00:00
prefillq128_b32_h16384_sparse_q8kv8_steady,full,prefill,sglang_sparse_q8kv8_fp8,steady,ok,,32,16384,128,2048,64,576,512,10,30,2.437472105026245,2.2088000774383545,2.552992105484009,2.439910411834717,0.130496462621344,1.0018087923526764,1.5649721026420593,3.8362927734851837,2.2454634308815002,8.64853709936142,1168231104512,8388608,479.27978420882124,3441519590.194316,5251268608,2154.3912634616418,0.4843656232529775,0.8833545149268367,1371800576,1375731712,58.0,246.17,1725.0,1593.0,62.0,253.67,1500.0,1593.0,20260803,2026-08-11T07:06:51.151614+00:00
prefillq128_b32_h32768_sparse_q8kv8_steady,full,prefill,sglang_sparse_q8kv8_fp8,steady,ok,,32,32768,128,2048,64,576,512,10,30,2.6132800579071045,2.277247905731201,2.6678080558776855,2.570574911435445,0.12321311674556573,1.055113971233368,1.568961888551712,6.172798573970795,2.3193135857582092,11.116188019514084,1168231104512,8388608,447.0363216438426,3209991969.5243754,5251268608,2009.454972922259,0.4517800117674003,0.8239269964458181,1673790464,1677721600,58.0,253.92,1725.0,1593.0,61.0,250.11,1605.0,1593.0,20260803,2026-08-11T07:06:51.357530+00:00
prefillq128_b32_h65536_sparse_q8kv8_steady,full,prefill,sglang_sparse_q8kv8_fp8,steady,ok,,32,65536,128,2048,64,576,512,10,30,2.8074560165405273,2.6162240505218506,2.813119888305664,2.770570675532023,0.06448862541966079,1.166030764579773,1.6018636524677277,10.996181517839432,2.5677233934402466,16.33179932832718,1168231104512,8388608,416.11733100329974,2987974860.719926,5251268608,1870.4722628106736,0.42053292673400683,0.766940595434996,2277770240,2281701376,58.0,249.58,1740.0,1593.0,61.0,256.97,1605.0,1593.0,20260803,2026-08-11T07:06:51.565030+00:00
prefillq128_b32_h131072_sparse_q8kv8_steady,full,prefill,sglang_sparse_q8kv8_fp8,steady,ok,,32,131072,128,2048,64,576,512,10,30,3.12556791305542,2.949376106262207,3.1377921104431152,3.0817962884902954,0.06937187065963421,1.2699514627456665,1.5997327864170074,20.809080451726913,2.895645797252655,26.574410498142242,1168231104512,8388608,373.76602812958487,2683866815.038954,5251268608,1680.100626214385,0.3777322164018038,0.6888834441860923,3485729792,3489660928,57.0,246.21,1725.0,1593.0,58.0,254.92,1575.0,1593.0,20260803,2026-08-11T07:06:51.830520+00:00
prefillq128_b32_h262144_sparse_q8kv8_steady,full,prefill,sglang_sparse_q8kv8_fp8,steady,ok,,32,262144,128,2048,64,576,512,10,30,3.3023359775543213,3.2767679691314697,3.3393280506134033,3.306220809618632,0.024605752884429316,1.5281550586223602,1.6278065741062164,40.19753262400627,3.229927271604538,46.583421528339386,1168231104512,8388608,353.75900951700885,2540204284.790103,5251268608,1590.1678822786046,0.35751289491360166,0.6520087609552551,5901648896,5905580032,58.0,240.93,1725.0,1593.0,58.0,258.68,1665.0,1593.0,20260803,2026-08-11T07:06:52.099257+00:00
prefillq128_b32_h524288_sparse_q8kv8_steady,full,prefill,sglang_sparse_q8kv8_fp8,steady,ok,,32,524288,128,2048,64,576,512,10,30,3.4400320053100586,3.401792049407959,3.4592959880828857,3.435593597094218,0.01860266991903489,2.1023117005825043,1.6198493540287018,78.96645367145538,3.384273499250412,86.072888225317,1168231104512,8388608,339.5989056813163,2438526149.480959,5251268608,1526.5173695750802,0.3432025322701529,0.6259104524782133,10733487104,10737418240,58.0,255.36,1740.0,1593.0,60.0,264.67,1680.0,1593.0,20260803,2026-08-11T07:06:52.375693+00:00
prefillq256_b32_h2048_sparse_q8kv8_steady,full,prefill,sglang_sparse_q8kv8_fp8,steady,ok,,32,2048,256,2048,64,576,512,10,30,4.642848014831543,4.476863861083984,4.880159854888916,4.714766915639242,0.13125542123917414,2.5522559881210327,2.41059809923172,2.9506832361221313,4.344608634710312,12.258145958185196,2336462209024,16777216,503.2390036374633,3613561319.7772813,10502537216,2262.089386180578,0.5085790840196699,0.9275134495486075,1531446272,1686110208,60.0,252.94,1725.0,1593.0,62.0,281.29,1605.0,1593.0,20260803,2026-08-11T07:06:52.722401+00:00
prefillq256_b32_h4096_sparse_q8kv8_steady,full,prefill,sglang_sparse_q8kv8_fp8,steady,ok,,32,4096,256,2048,64,576,512,10,30,4.865375995635986,4.819200038909912,4.872191905975342,4.858828767140706,0.01746864684180731,1.0972395539283752,2.363741397857666,3.1956471502780914,4.245288670063019,10.901916772127151,2336462209024,16777216,480.2223324815383,3448287658.55884,10502537216,2158.6280742578338,0.48531817330120086,0.8850917137398755,1569195008,1723858944,62.0,261.62,1710.0,1593.0,62.0,272.73,1695.0,1593.0,20260803,2026-08-11T07:06:53.003343+00:00
prefillq256_b32_h8192_sparse_q8kv8_steady,full,prefill,sglang_sparse_q8kv8_fp8,steady,ok,,32,8192,256,2048,64,576,512,10,30,4.933824062347412,4.78553581237793,4.954880237579346,4.920184564590454,0.046252397104368334,1.104261726140976,2.3635216057300568,3.8664638996124268,4.332777112722397,11.667024344205856,2336462209024,16777216,473.5600985156247,3400448777.254888,10502537216,2128.6809345615598,0.4785852435731427,0.8728126344897386,1644692480,1799356416,57.0,265.85,1740.0,1593.0,58.0,270.12,1635.0,1593.0,20260803,2026-08-11T07:06:53.326661+00:00
prefillq256_b32_h16384_sparse_q8kv8_steady,full,prefill,sglang_sparse_q8kv8_fp8,steady,ok,,32,16384,256,2048,64,576,512,10,30,4.968800067901611,4.835103988647461,4.974368095397949,4.956281582514445,0.0408527456206927,1.1280328035354614,2.3876242339611053,5.04327192902565,4.331368952989578,12.890297919511795,2336462209024,16777216,470.2266497131808,3376512592.7244716,10502537216,2113.6968830455194,0.47521642214571075,0.8666687971176341,1795687424,1950351360,58.0,266.69,1725.0,1593.0,58.0,272.49,1695.0,1593.0,20260803,2026-08-11T07:06:53.671852+00:00
prefillq256_b32_h32768_sparse_q8kv8_steady,full,prefill,sglang_sparse_q8kv8_fp8,steady,ok,,32,32768,256,2048,64,576,512,10,30,5.102464199066162,5.03059196472168,5.107135772705078,5.086487483978272,0.02688862833729986,1.2107491493225098,2.388719469308853,7.510542869567871,4.524093121290207,15.634104609489441,2336462209024,16777216,457.9085943320509,3288061482.738187,10502537216,2058.326488194105,0.4627676547064688,0.843965544874266,2097677312,2252341248,58.0,263.86,1740.0,1593.0,61.0,268.51,1680.0,1593.0,20260803,2026-08-11T07:06:53.976763+00:00
prefillq256_b32_h65536_sparse_q8kv8_steady,full,prefill,sglang_sparse_q8kv8_fp8,steady,ok,,32,65536,256,2048,64,576,512,10,30,5.515615940093994,5.491199970245361,5.524288177490234,5.51101975440979,0.025552796153384166,1.2268945574760437,2.3893266916275024,12.340735644102097,4.909224808216095,20.866181701421738,2336462209024,16777216,423.6085750713425,3041766537.449323,10502537216,1904.1458524432762,0.4281036635384967,0.7807476127304329,2701657088,2856321024,57.0,264.79,1740.0,1593.0,59.0,277.96,1665.0,1593.0,20260803,2026-08-11T07:06:54.337406+00:00
prefillq256_b32_h131072_sparse_q8kv8_steady,full,prefill,sglang_sparse_q8kv8_fp8,steady,ok,,32,131072,256,2048,64,576,512,10,30,6.06547212600708,6.043231964111328,6.0763840675354,6.065279992421468,0.011812789183122376,1.3911686837673187,2.393379807472229,22.0792219042778,5.5446140468120575,31.408384442329407,2336462209024,16777216,385.20698149875113,2766019800.5137806,10502537216,1731.5283951216265,0.3892945745313301,0.7099701207927506,3909616640,4064280576,59.0,268.91,1740.0,1593.0,59.0,281.32,1710.0,1593.0,20260803,2026-08-11T07:06:54.699319+00:00
prefillq256_b32_h262144_sparse_q8kv8_steady,full,prefill,sglang_sparse_q8kv8_fp8,steady,ok,,32,262144,256,2048,64,576,512,10,30,6.509151935577393,6.501120090484619,6.5234880447387695,6.510559972127279,0.006260456063568107,1.6001760959625244,2.4548061192035675,41.51491075754166,6.189640611410141,51.75953358411789,2336462209024,16777216,358.95032596389143,2577481086.0228877,10502537216,1613.5031598503276,0.3627592985991828,0.6615768107100297,6325535744,6480199680,57.0,272.02,1740.0,1593.0,60.0,289.91,1665.0,1593.0,20260803,2026-08-11T07:06:55.131715+00:00
prefillq256_b32_h524288_sparse_q8kv8_steady,full,prefill,sglang_sparse_q8kv8_fp8,steady,ok,,32,524288,256,2048,64,576,512,10,30,6.887936115264893,6.869152069091797,6.905439853668213,6.8878111680348715,0.0113409347938566,2.2916868329048157,2.4908967316150665,80.35826310515404,6.688304245471954,91.82915091514587,2336462209024,16777216,339.2107838872059,2435739199.557717,10502537216,1524.7727389231306,0.34281029195270935,0.6251951101031225,11157373952,11312037888,57.0,262.73,1740.0,1593.0,60.0,282.56,1680.0,1593.0,20260803,2026-08-11T07:06:55.540202+00:00
prefillq512_b32_h2048_sparse_q8kv8_steady,full,prefill,sglang_sparse_q8kv8_fp8,steady,ok,,32,2048,512,2048,64,576,512,10,30,9.214847564697266,9.12611198425293,9.284319877624512,9.211406930287678,0.04354722751460647,2.639021724462509,3.92952561378479,5.416218191385269,8.633140474557877,20.617906004190445,4672924418048,33554432,507.10816269498633,3641344228.9104605,21005074432,2279.481487297948,0.5124893003486471,0.9346446477235422,2590279680,2797600768,57.0,280.24,1725.0,1593.0,58.0,307.9,1725.0,1593.0,20260803,2026-08-11T07:06:56.054061+00:00
prefillq512_b32_h4096_sparse_q8kv8_steady,full,prefill,sglang_sparse_q8kv8_fp8,steady,ok,,32,4096,512,2048,64,576,512,10,30,9.309632301330566,9.194815635681152,9.767680168151855,9.392307217915853,0.23371875432778477,1.3140812516212463,3.9251185953617096,5.666244775056839,8.522767573595047,19.428212195634842,4672924418048,33554432,501.94511091271875,3604270385.115455,21005074432,2256.273261082275,0.5072714612559057,0.925128692215016,2628028416,2835349504,57.0,298.17,1740.0,1593.0,63.0,317.74,1680.0,1593.0,20260803,2026-08-11T07:06:56.581532+00:00
prefillq512_b32_h8192_sparse_q8kv8_steady,full,prefill,sglang_sparse_q8kv8_fp8,steady,ok,,32,8192,512,2048,64,576,512,10,30,9.266304016113281,9.228416442871094,9.782976150512695,9.333979733784993,0.18365008606863817,1.309078186750412,3.9132684469223022,6.259482353925705,8.480224758386612,19.96205374598503,4672924418048,33554432,504.29215466298086,3621123583.0004945,21005074432,2266.8233629583096,0.5096434104729468,0.9294544988979483,2703525888,2910846976,58.0,289.59,1740.0,1593.0,63.0,318.21,1605.0,1593.0,20260803,2026-08-11T07:06:57.142964+00:00
prefillq512_b32_h16384_sparse_q8kv8_steady,full,prefill,sglang_sparse_q8kv8_fp8,steady,ok,,32,16384,512,2048,64,576,512,10,30,9.840576171875,9.820575714111328,9.852288246154785,9.838621966044109,0.009974363465169188,1.3030171394348145,3.941532224416733,7.4410513043403625,8.514519780874252,21.200120449066162,4672924418048,33554432,474.8628877446748,3409803594.214404,21005074432,2134.537049978217,0.47990185724575524,0.8752137888580147,2854520832,3061841920,59.0,315.85,1725.0,1593.0,59.0,315.55,1680.0,1593.0,20260803,2026-08-11T07:06:57.660751+00:00
prefillq512_b32_h32768_sparse_q8kv8_steady,full,prefill,sglang_sparse_q8kv8_fp8,steady,ok,,32,32768,512,2048,64,576,512,10,30,9.941568374633789,9.937151908874512,9.950559616088867,9.942552534739177,0.0036825014174444127,1.3454407453536987,3.948356956243515,9.859923273324966,8.800491690635681,23.95421266555786,4672924418048,33554432,470.03895582221287,3375164836.728895,21005074432,2112.8531877922883,0.47502673655605143,0.8663228608785658,3156510720,3363831808,59.0,315.16,1740.0,1593.0,62.0,315.41,1695.0,1593.0,20260803,2026-08-11T07:06:58.196273+00:00
prefillq512_b32_h65536_sparse_q8kv8_steady,full,prefill,sglang_sparse_q8kv8_fp8,steady,ok,,32,65536,512,2048,64,576,512,10,30,10.348064422607422,10.297632217407227,10.385248184204102,10.352118396759034,0.043925661824588104,1.4175809919834137,3.9672069251537323,14.814380556344986,9.54628735780716,29.74545583128929,4672924418048,33554432,451.5747319700735,3242580508.7465067,21005074432,2029.8553984753132,0.4563665810713224,0.8322916831786095,3760490496,3967811584,57.0,288.94,1740.0,1593.0,58.0,313.59,1710.0,1593.0,20260803,2026-08-11T07:06:58.738142+00:00
prefillq512_b32_h131072_sparse_q8kv8_steady,full,prefill,sglang_sparse_q8kv8_fp8,steady,ok,,32,131072,512,2048,64,576,512,10,30,11.534720420837402,11.47049617767334,12.030655860900879,11.602603816986084,0.19208010478491314,1.5803761780261993,3.9805732667446136,24.35542270541191,10.729998350143433,40.64637050032616,4672924418048,33554432,405.11813442884926,2908993957.008626,21005074432,1821.0302170874,0.4094170130660427,0.7466681151954053,4968450048,5175771136,58.0,285.68,1740.0,1593.0,61.0,323.84,1620.0,1593.0,20260803,2026-08-11T07:06:59.376594+00:00
prefillq512_b32_h262144_sparse_q8kv8_steady,full,prefill,sglang_sparse_q8kv8_fp8,steady,ok,,32,262144,512,2048,64,576,512,10,30,12.652128219604492,12.635071754455566,13.040703773498535,12.70588041941325,0.13899235932196563,1.875266432762146,4.003077745437622,43.79601776599884,12.15706393122673,61.83142587542534,4672924418048,33554432,369.3390026515299,2652078086.5947404,21005074432,1660.2008822083073,0.3732582138974531,0.680724049459708,7384369152,7591690240,57.0,295.19,1740.0,1593.0,58.0,312.41,1725.0,1593.0,20260803,2026-08-11T07:07:00.029675+00:00
prefillq512_b32_h524288_sparse_q8kv8_steady,full,prefill,sglang_sparse_q8kv8_fp8,steady,ok,,32,524288,512,2048,64,576,512,10,30,13.554719924926758,13.518752098083496,13.796128273010254,13.570112069447836,0.0695990311897319,2.4641789495944977,4.030317068099976,82.14947208762169,13.318885117769241,101.9628532230854,4672924418048,33554432,344.7451842553103,2475479551.4656353,21005074432,1549.6501992174876,0.34840342016706444,0.6353954934984875,12216207360,12423528448,57.0,283.63,1740.0,1593.0,61.0,301.47,1710.0,1593.0,20260803,2026-08-11T07:07:00.841985+00:00
prefillq1024_b32_h2048_sparse_q8kv8_steady,full,prefill,sglang_sparse_q8kv8_fp8,steady,ok,,32,2048,1024,2048,64,576,512,10,30,18.365312576293945,18.34566307067871,18.41084861755371,18.368838373819987,0.019461861916433613,2.810601145029068,7.2724223136901855,10.322365909814835,17.083577811717987,37.488967180252075,9345848836096,67108864,508.88591181179663,3654109545.9831443,42010148864,2287.472575785448,0.5142859139078289,0.9379211946601794,4855482368,5423235072,57.0,277.02,1740.0,1593.0,59.0,319.61,1635.0,1593.0,20260803,2026-08-11T07:07:01.645017+00:00
prefillq1024_b32_h4096_sparse_q8kv8_steady,full,prefill,sglang_sparse_q8kv8_fp8,steady,ok,,32,4096,1024,2048,64,576,512,10,30,18.384992599487305,18.359712600708008,18.562847137451172,18.40841178894043,0.06306350823785942,1.760423183441162,7.201354950666428,10.444790124893188,16.764864325523376,36.171432584524155,9345848836096,67108864,508.3411802056762,3650198042.6073947,42010148864,2285.023974672229,0.5137354019258982,0.9369172067192231,4893231104,5460983808,57.0,315.07,1740.0,1593.0,63.0,317.77,1725.0,1593.0,20260803,2026-08-11T07:07:02.592534+00:00
prefillq1024_b32_h8192_sparse_q8kv8_steady,full,prefill,sglang_sparse_q8kv8_fp8,steady,ok,,32,8192,1024,2048,64,576,512,10,30,18.412288665771484,18.399776458740234,18.431455612182617,18.43017711639404,0.09273206092835529,1.7496570944786072,7.196776568889618,11.183720082044601,16.995415091514587,37.125568836927414,9345848836096,67108864,507.5875685932498,3644786654.07607,42010148864,2281.6364454516197,0.5129737934242039,0.9355282346776898,4968728576,5536481280,58.0,316.53,1740.0,1593.0,60.0,319.03,1560.0,1593.0,20260803,2026-08-11T07:07:03.566119+00:00
prefillq1024_b32_h16384_sparse_q8kv8_steady,full,prefill,sglang_sparse_q8kv8_fp8,steady,ok,,32,16384,1024,2048,64,576,512,10,30,18.3721923828125,18.130592346191406,19.59859275817871,18.56208750406901,0.45142787907061915,1.772657036781311,7.300209254026413,12.322958558797836,16.908053308725357,38.30387815833092,9345848836096,67108864,508.6953500900198,3652741197.222684,42010148864,2286.6159894613997,0.5140933300556036,0.93756997275838,5119723520,5687476224,60.0,316.71,1740.0,1593.0,62.0,321.21,1740.0,1593.0,20260803,2026-08-11T07:07:04.495475+00:00
prefillq1024_b32_h32768_sparse_q8kv8_steady,full,prefill,sglang_sparse_q8kv8_fp8,steady,ok,,32,32768,1024,2048,64,576,512,10,30,19.74358367919922,19.73788833618164,19.75052833557129,19.74407164255778,0.004274219681241187,1.8221139907836914,7.254548370838165,14.678236097097397,17.24790409207344,41.002802550792694,9345848836096,67108864,473.36132021170425,3399021428.450312,42010148864,2127.7874142098954,0.47838435594917056,0.8724462687092007,5421713408,5989466112,58.0,319.0,1740.0,1593.0,59.0,314.03,1740.0,1593.0,20260803,2026-08-11T07:07:05.461781+00:00
prefillq1024_b32_h65536_sparse_q8kv8_steady,full,prefill,sglang_sparse_q8kv8_fp8,steady,ok,,32,65536,1024,2048,64,576,512,10,30,20.414432525634766,20.402591705322266,22.27017593383789,20.668227195739746,0.577128967656181,1.9297190010547638,7.365956902503967,19.715528935194016,18.717218190431595,47.72842302918434,9345848836096,67108864,457.8059578369495,3287324490.4422503,42010148864,2057.8651310168484,0.46266392909241993,0.8437763768468814,6025693184,6593445888,57.0,313.79,1740.0,1593.0,58.0,343.9,1710.0,1593.0,20260803,2026-08-11T07:07:06.440800+00:00
prefillq1024_b32_h131072_sparse_q8kv8_steady,full,prefill,sglang_sparse_q8kv8_fp8,steady,ok,,32,131072,1024,2048,64,576,512,10,30,22.897600173950195,22.867712020874023,24.770015716552734,23.46436487833659,0.8376826705714027,2.0850077271461487,7.409188896417618,29.39985692501068,21.3865265250206,60.28058007359505,9345848836096,67108864,408.1584430288222,2930825217.0612807,42010148864,1834.696585880362,0.41248958365722305,0.7522716695639469,7233652736,7801405440,57.0,319.8,1740.0,1593.0,58.0,349.39,1710.0,1593.0,20260803,2026-08-11T07:07:07.498109+00:00
prefillq1024_b32_h262144_sparse_q8kv8_steady,full,prefill,sglang_sparse_q8kv8_fp8,steady,ok,,32,262144,1024,2048,64,576,512,10,30,25.290592193603516,25.222400665283203,26.904319763183594,25.915899785359702,0.7631781714252293,2.3288019001483917,7.435355335474014,48.53186756372452,24.132855236530304,82.42888003587723,9345848836096,67108864,369.53855269785845,2653510976.9779587,42010148864,1661.0978715882022,0.37345988145311615,0.6810918376289278,9649571840,10217324544,57.0,320.87,1740.0,1593.0,59.0,352.61,1635.0,1593.0,20260803,2026-08-11T07:07:08.709477+00:00
prefillq1024_b32_h524288_sparse_q8kv8_steady,full,prefill,sglang_sparse_q8kv8_fp8,steady,ok,,32,524288,1024,2048,64,576,512,10,30,26.967391967773438,26.685951232910156,29.021055221557617,27.47373212178548,0.772677656640086,2.8910040855407715,7.384311407804489,87.34294772148132,26.303555816411972,123.92181903123856,9345848836096,67108864,346.5610930142771,2488518877.917316,42010148864,1557.81281757624,0.3502385982963892,0.6387423719894643,14481410048,15049162752,57.0,325.41,1740.0,1593.0,61.0,336.67,1710.0,1593.0,20260803,2026-08-11T07:07:10.016423+00:00
prefillq2048_b32_h2048_sparse_q8kv8_steady,full,prefill,sglang_sparse_q8kv8_fp8,steady,ok,,32,2048,2048,2048,64,576,512,10,30,37.613792419433594,35.96860885620117,41.426910400390625,38.28161468505859,2.1107457388699253,3.756169229745865,13.594064861536026,20.219188183546066,34.188661724328995,71.75808399915695,18691697672192,134217728,496.9373325550317,3568311498.7005377,84020297728,2233.7629981865366,0.5022105432592538,0.9158989191935685,9387984896,10152312832,57.0,306.95,1740.0,1593.0,64.0,340.65,1680.0,1593.0,20260803,2026-08-11T07:07:11.463797+00:00
prefillq2048_b32_h4096_sparse_q8kv8_steady,full,prefill,sglang_sparse_q8kv8_fp8,steady,ok,,32,4096,2048,2048,64,576,512,10,30,38.16825485229492,36.31769561767578,41.22185516357422,38.152329762776695,1.6364859204109514,2.728171646595001,13.316251337528229,20.410746335983276,34.5630906522274,71.01825997233391,18691697672192,134217728,489.7184255482966,3516475367.275797,84020297728,2201.313579914649,0.49491503339898596,0.9025938428950488,9425733632,10190061568,58.0,307.47,1740.0,1593.0,60.0,324.53,1725.0,1593.0,20260803,2026-08-11T07:07:13.223589+00:00
prefillq2048_b32_h8192_sparse_q8kv8_steady,full,prefill,sglang_sparse_q8kv8_fp8,steady,ok,,32,8192,2048,2048,64,576,512,10,30,36.774879455566406,36.04790496826172,42.14409637451172,38.28029670715332,2.3158687423094926,2.921614795923233,13.287726789712906,20.9970586001873,34.00058671832085,71.20698690414429,18691697672192,134217728,508.27352662777366,3649712248.8782005,84020297728,2284.7198677977535,0.5136670304474721,0.9367925152645442,9501231104,10265559040,58.0,289.95,1740.0,1593.0,61.0,328.84,1710.0,1593.0,20260803,2026-08-11T07:07:15.037181+00:00
prefillq2048_b32_h16384_sparse_q8kv8_steady,full,prefill,sglang_sparse_q8kv8_fp8,steady,ok,,32,16384,2048,2048,64,576,512,10,30,38.10176086425781,36.55206298828125,41.77734375,38.35851936340332,1.745268400458374,2.7427896857261658,13.387247920036316,22.192366421222687,34.65760871767998,72.98001274466515,18691697672192,134217728,490.5730666565113,3522612208.8731565,84020297728,2205.155242754596,0.49577874346287143,0.904169021123836,9652226048,10416553984,58.0,298.35,1740.0,1593.0,61.0,334.18,1710.0,1593.0,20260803,2026-08-11T07:07:16.823465+00:00
prefillq2048_b32_h32768_sparse_q8kv8_steady,full,prefill,sglang_sparse_q8kv8_fp8,steady,ok,,32,32768,2048,2048,64,576,512,10,30,39.323265075683594,36.880577087402344,42.68137741088867,38.77431577046712,1.6097046441176739,2.764388918876648,13.303834944963455,24.593621492385864,35.05316376686096,75.71500912308693,18691697672192,134217728,475.3343252707269,3413188801.633781,84020297728,2136.656189822747,0.48037829739335713,0.876082689406014,9954215936,10718543872,58.0,298.44,1740.0,1593.0,62.0,332.53,1710.0,1593.0,20260803,2026-08-11T07:07:18.619956+00:00
prefillq2048_b32_h65536_sparse_q8kv8_steady,full,prefill,sglang_sparse_q8kv8_fp8,steady,ok,,32,65536,2048,2048,64,576,512,10,30,42.72073745727539,40.65513610839844,43.95119857788086,42.59956372578939,1.34946170830505,2.902768552303314,13.502921909093857,29.519978910684586,38.32835704088211,84.25402641296387,18691697672192,134217728,437.5321865846859,3141746514.423584,84020297728,1966.7333180291632,0.4421750243402586,0.80641004519606,10558195712,11322523648,58.0,296.59,1740.0,1593.0,60.0,325.81,1725.0,1593.0,20260803,2026-08-11T07:07:20.437161+00:00
prefillq2048_b32_h131072_sparse_q8kv8_steady,full,prefill,sglang_sparse_q8kv8_fp8,steady,ok,,32,131072,2048,2048,64,576,512,10,30,47.95782470703125,45.619232177734375,49.360992431640625,47.72072842915853,1.357171420583821,3.121308982372284,13.524476438760757,39.04784470796585,43.261364102363586,98.95499423146248,18691697672192,134217728,389.75282524546094,2798661716.2041945,84020297728,1751.9622343438257,0.39388865613487717,0.7183485079689108,11766155264,12530483200,58.0,306.65,1740.0,1593.0,59.0,326.32,1710.0,1593.0,20260803,2026-08-11T07:07:22.440304+00:00
prefillq2048_b32_h262144_sparse_q8kv8_steady,full,prefill,sglang_sparse_q8kv8_fp8,steady,ok,,32,262144,2048,2048,64,576,512,10,30,52.95616149902344,50.23955154418945,53.86582565307617,52.52704340616862,1.2253744296826026,3.8406699895858765,13.529673218727112,58.48062410950661,48.79673942923546,124.64770674705505,18691697672192,134217728,352.9654934022492,2534506357.72525,84020297728,1586.6009799360065,0.3567109584661437,0.6505462414296355,14182074368,14946402304,59.0,312.57,1740.0,1593.0,58.0,326.63,1725.0,1593.0,20260803,2026-08-11T07:07:24.606238+00:00
prefillq2048_b32_h524288_sparse_q8kv8_steady,full,prefill,sglang_sparse_q8kv8_fp8,steady,ok,,32,524288,2048,2048,64,576,512,10,30,56.03152084350586,53.95747375488281,56.48255920410156,55.633697255452475,0.8928762045611254,3.833528608083725,13.463012874126434,96.89156711101532,52.857886999845505,167.04599559307098,18691697672192,134217728,333.592545602988,2395396840.554544,84020297728,1499.5184221871446,0.33713243618290856,0.6148402061037993,19013912576,19778240512,58.0,303.14,1740.0,1593.0,59.0,327.6,1725.0,1593.0,20260803,2026-08-11T07:07:26.984613+00:00
prefillq4096_b32_h2048_sparse_q8kv8_steady,full,prefill,sglang_sparse_q8kv8_fp8,steady,ok,,32,2048,4096,2048,64,576,512,10,30,77.6088638305664,72.86009979248047,82.11408233642578,77.04531224568684,2.5486992835680846,5.4773129522800446,26.074953377246857,39.79555144906044,72.01000675559044,143.35782453417778,37383395344384,268435456,481.6897645351236,3458824710.8737617,168040595456,2165.2242690069747,0.48680117689249475,0.8877963192179112,18452989952,19889389568,58.0,306.43,1740.0,1593.0,59.0,328.55,1740.0,1593.0,20260803,2026-08-11T07:07:29.586750+00:00
prefillq4096_b32_h4096_sparse_q8kv8_steady,full,prefill,sglang_sparse_q8kv8_fp8,steady,ok,,32,4096,4096,2048,64,576,512,10,30,77.88082885742188,73.30361938476562,78.93049621582031,77.01191101074218,1.9579199059675692,5.277108401060104,25.87876468896866,40.02971574664116,71.31246477365494,142.49805361032486,37383395344384,268435456,480.0076718857551,3446746265.2642107,168040595456,2157.663162055396,0.4851012348516979,0.8846960755078667,18490738688,19927138304,59.0,309.38,1740.0,1593.0,61.0,329.35,1725.0,1593.0,20260803,2026-08-11T07:07:32.985193+00:00
prefillq4096_b32_h8192_sparse_q8kv8_steady,full,prefill,sglang_sparse_q8kv8_fp8,steady,ok,,32,8192,4096,2048,64,576,512,10,30,78.03907012939453,73.11090850830078,79.37532806396484,77.20494206746419,2.049113063312634,5.479440093040466,25.82104131579399,40.667373687028885,72.13682681322098,144.10468190908432,37383395344384,268435456,479.0343514139723,3439757233.843436,168040595456,2153.288028385991,0.48411758606768296,0.8829021608435138,18566236160,20002635776,59.0,320.04,1740.0,1593.0,60.0,325.96,1725.0,1593.0,20260803,2026-08-11T07:07:36.351189+00:00
prefillq4096_b32_h16384_sparse_q8kv8_steady,full,prefill,sglang_sparse_q8kv8_fp8,steady,ok,,32,16384,4096,2048,64,576,512,10,30,78.3088607788086,73.57154846191406,79.42825317382812,77.4353032430013,1.8896938403259673,5.383286625146866,25.879163295030594,41.791677474975586,72.66655191779137,145.7206793129444,37383395344384,268435456,477.38397638010895,3427906539.953677,168040595456,2145.8694940110017,0.4824496982113279,0.879860375469878,18717231104,20153630720,59.0,307.26,1740.0,1593.0,64.0,337.54,1545.0,1593.0,20260803,2026-08-11T07:07:39.705856+00:00
prefillq4096_b32_h32768_sparse_q8kv8_steady,full,prefill,sglang_sparse_q8kv8_fp8,steady,ok,,32,32768,4096,2048,64,576,512,10,30,79.19945526123047,74.54518127441406,84.42269134521484,78.90988947550456,2.9687189624688837,5.081340670585632,25.8655846118927,44.29930821061134,73.91170039772987,149.15793389081955,37383395344384,268435456,472.0158140113349,3389359877.7238545,168040595456,2121.739283455133,0.47702457201751886,0.8699663832307837,19019220992,20455620608,60.0,318.56,1740.0,1593.0,61.0,327.16,1740.0,1593.0,20260803,2026-08-11T07:07:43.075820+00:00
prefillq4096_b32_h65536_sparse_q8kv8_steady,full,prefill,sglang_sparse_q8kv8_fp8,steady,ok,,32,65536,4096,2048,64,576,512,10,30,87.30937957763672,83.39708709716797,88.59661102294922,86.5579948425293,1.7156454181056775,5.057867616415024,26.199832558631897,48.99910464882851,78.93327996134758,159.190084785223,37383395344384,268435456,428.1715839149007,3074531708.947759,168040595456,1924.656849801297,0.4327150923849426,0.789157636679726,19623200768,21059600384,59.0,296.57,1740.0,1593.0,61.0,325.65,1725.0,1593.0,20260803,2026-08-11T07:07:46.545763+00:00
prefillq4096_b32_h131072_sparse_q8kv8_steady,full,prefill,sglang_sparse_q8kv8_fp8,steady,ok,,32,131072,4096,2048,64,576,512,10,30,96.0560302734375,91.72415924072266,98.81657409667969,95.9213020324707,2.230021775984887,5.0778985023498535,25.951780378818512,58.78755450248718,89.86466377973557,179.6818971633911,37383395344384,268435456,389.18322189629026,2794571618.6257057,168040595456,1749.4018332596916,0.3933130084853868,0.7172986792325747,20831160320,22267559936,59.0,303.86,1740.0,1593.0,60.0,331.08,1680.0,1593.0,20260803,2026-08-11T07:07:50.353693+00:00
prefillq4096_b32_h262144_sparse_q8kv8_steady,full,prefill,sglang_sparse_q8kv8_fp8,steady,ok,,32,262144,4096,2048,64,576,512,10,30,105.2066879272461,101.69731140136719,106.60591888427734,104.88390553792318,1.65422271326085,6.814770400524139,26.155922561883926,77.99340412020683,100.11197254061699,211.0760696232319,37383395344384,268435456,355.3328793150095,2551505624.676941,168040595456,1597.242521047765,0.3591034657049111,0.6549095404952598,23247079424,24683479040,59.0,307.72,1740.0,1593.0,60.0,325.97,1725.0,1593.0,20260803,2026-08-11T07:07:54.526065+00:00
prefillq4096_b32_h524288_sparse_q8kv8_steady,full,prefill,sglang_sparse_q8kv8_fp8,steady,ok,,32,524288,4096,2048,64,576,512,10,30,110.97500610351562,108.4085464477539,114.11094665527344,110.95464350382487,1.6546680996495162,6.035991013050079,26.912681758403778,116.84035137295723,107.18502849340439,256.9740526378155,37383395344384,268435456,336.8631970113468,2418882101.7014217,168040595456,1514.2201956650902,0.34043779384673756,0.6208683023922644,28078917632,29515317248,59.0,305.77,1740.0,1593.0,60.0,325.88,1725.0,1593.0,20260803,2026-08-11T07:07:59.148956+00:00
prefillq8192_b32_h2048_sparse_q8kv8_steady,full,prefill,sglang_sparse_q8kv8_fp8,steady,ok,,32,2048,8192,2048,64,576,512,10,30,154.25616455078125,149.20565795898438,158.39158630371094,154.16005249023436,3.003936371187727,8.061077445745468,50.09009316563606,78.86049523949623,150.4635401070118,287.47520595788956,74766790688768,536870912,484.6924005047118,3480385458.5873723,336081190912,2178.721297075695,0.4898356750931903,0.8933304396373568,36583000064,39088816128,59.0,309.42,1740.0,1593.0,61.0,335.38,1680.0,1593.0,20260803,2026-08-11T07:08:04.036534+00:00
prefillq8192_b32_h4096_sparse_q8kv8_steady,full,prefill,sglang_sparse_q8kv8_fp8,steady,ok,,32,4096,8192,2048,64,576,512,10,30,154.6735076904297,148.6947479248047,159.90447998046875,154.30342915852864,3.142111658989654,10.377537459135056,50.90789124369621,79.35284450650215,149.44102242588997,290.0792956352234,74766790688768,536870912,483.3845938142783,3470994613.2114415,336081190912,2172.842627870363,0.48851399071680474,0.8909200376493968,36620748800,39126564864,60.0,321.2,1740.0,1593.0,61.0,325.06,1740.0,1593.0,20260803,2026-08-11T07:08:10.609662+00:00
prefillq8192_b32_h8192_sparse_q8kv8_steady,full,prefill,sglang_sparse_q8kv8_fp8,steady,ok,,32,8192,8192,2048,64,576,512,10,30,155.4837188720703,149.27090454101562,158.0274200439453,154.5344233194987,2.8408668420043632,9.623035788536072,50.38665235042572,79.98986914753914,150.17468109726906,290.17423838377,74766790688768,536870912,480.8657217048236,3452907583.473285,336081190912,2161.5201472542767,0.48596838979769946,0.886277536288562,36696246272,39202062336,59.0,308.92,1740.0,1593.0,62.0,329.22,1740.0,1593.0,20260803,2026-08-11T07:08:17.233407+00:00
prefillq8192_b32_h16384_sparse_q8kv8_steady,full,prefill,sglang_sparse_q8kv8_fp8,steady,ok,,32,16384,8192,2048,64,576,512,10,30,155.57810974121094,149.41506958007812,158.6116180419922,154.90192413330078,3.074742701177883,10.874725878238678,50.410717725753784,81.28443732857704,150.40817484259605,292.97805577516556,74766790688768,536870912,480.57397543353164,3450812668.2669725,336081190912,2160.208730335125,0.4856735476842159,0.8857398224219438,36847241216,39353057280,59.0,299.45,1740.0,1593.0,61.0,325.94,1725.0,1593.0,20260803,2026-08-11T07:08:23.863911+00:00
prefillq8192_b32_h32768_sparse_q8kv8_steady,full,prefill,sglang_sparse_q8kv8_fp8,steady,ok,,32,32768,8192,2048,64,576,512,10,30,158.5537567138672,152.45619201660156,176.9755859375,160.8040044148763,9.969474175800896,9.197339415550232,50.48536881804466,83.8959664106369,152.6912786066532,296.269953250885,74766790688768,536870912,471.5548356491819,3386049773.4459863,336081190912,2119.6671581771875,0.476558702020396,0.8691167598356229,37149231104,39655047168,60.0,316.31,1740.0,1593.0,64.0,331.05,1710.0,1593.0,20260803,2026-08-11T07:08:30.553354+00:00
prefillq8192_b32_h65536_sparse_q8kv8_steady,full,prefill,sglang_sparse_q8kv8_fp8,steady,ok,,32,65536,8192,2048,64,576,512,10,30,174.49436950683594,166.8311309814453,177.19241333007812,173.4579828898112,3.5391292961557768,9.984198957681656,50.631240010261536,88.19080516695976,165.93780741095543,314.7440515458584,74766790688768,536870912,428.4768093095345,3076723412.4363403,336081190912,1926.0288561851492,0.43302355665440573,0.7897201937482766,37753210880,40259026944,60.0,311.22,1740.0,1593.0,64.0,336.09,1635.0,1593.0,20260803,2026-08-11T07:08:37.360009+00:00
prefillq8192_b32_h131072_sparse_q8kv8_steady,full,prefill,sglang_sparse_q8kv8_fp8,steady,ok,,32,131072,8192,2048,64,576,512,10,30,193.17677307128906,186.55596923828125,197.30953979492188,192.43413950602215,3.5896938906462434,10.33276692032814,50.63987523317337,98.32141548395157,180.57657033205032,339.8706279695034,74766790688768,536870912,387.03820081504523,2779169066.054725,336081190912,1739.759835350258,0.3911452256847349,0.7133452179784997,38961170432,41466986496,60.0,312.27,1740.0,1593.0,63.0,336.2,1635.0,1593.0,20260803,2026-08-11T07:08:44.754051+00:00
prefillq8192_b32_h262144_sparse_q8kv8_steady,full,prefill,sglang_sparse_q8kv8_fp8,steady,ok,,32,262144,8192,2048,64,576,512,10,30,210.15040588378906,205.50064086914062,215.50376892089844,210.26601003011066,2.9892375822910457,9.831797331571579,50.768785178661346,117.09298193454742,203.89460399746895,381.5881684422493,74766790688768,536870912,355.7775221719688,2554698430.118112,336081190912,1599.2412172539382,0.35955282685393514,0.6557290561271854,41377089536,43882905600,60.0,327.42,1725.0,1593.0,63.0,334.6,1650.0,1593.0,20260803,2026-08-11T07:08:52.953011+00:00
prefillq8192_b32_h524288_sparse_q8kv8_steady,full,prefill,sglang_sparse_q8kv8_fp8,steady,ok,,32,524288,8192,2048,64,576,512,10,30,222.07980346679688,217.50277709960938,228.4286346435547,222.4387934366862,3.332010237483594,11.413592845201492,51.28462240099907,156.19425848126411,217.17234700918198,436.06482073664665,74766790688768,536870912,336.6663222932218,2417468421.7976065,336081190912,1513.3352320453016,0.34023883000830907,0.6205054450866558,46208927744,48714743808,60.0,310.44,1740.0,1593.0,60.0,331.33,1725.0,1593.0,20260803,2026-08-11T07:09:01.859603+00:00
prefillq16384_b32_h2048_sparse_q8kv8_steady,full,prefill,sglang_sparse_q8kv8_fp8,steady,ok,,32,2048,16384,2048,64,576,512,10,30,308.6456604003906,301.5672607421875,312.65032958984375,308.1249582926432,2.620130058309608,12.869428843259811,100.9255051612854,158.050287514925,292.83470287919044,564.6799243986607,149533581377536,1073741824,484.4830190826385,3478881972.9624205,672162381824,2177.780115074475,0.48962407183692624,0.8929445313837141,72843020288,77491863552,59.0,303.14,1740.0,1593.0,60.0,319.94,1740.0,1593.0,20260803,2026-08-11T07:09:11.382337+00:00
prefillq16384_b32_h4096_sparse_q8kv8_steady,full,prefill,sglang_sparse_q8kv8_fp8,steady,ok,,32,4096,16384,2048,64,576,512,10,30,308.727783203125,303.0990905761719,315.4670104980469,309.3337748209635,3.5959982951480436,23.73645082116127,106.48543760180473,158.41203182935715,297.7130115032196,586.3469317555428,149533581377536,1073741824,484.3541446969532,3477956576.695723,672162381824,2177.2008170115228,0.4894938299110189,0.8927070046316908,72880769024,77529612288,59.0,299.67,1740.0,1593.0,61.0,318.96,1740.0,1593.0,20260803,2026-08-11T07:09:24.506031+00:00
prefillq16384_b32_h8192_sparse_q8kv8_steady,full,prefill,sglang_sparse_q8kv8_fp8,steady,ok,,32,8192,16384,2048,64,576,512,10,30,309.3624267578125,300.8505859375,314.48736572265625,309.0389455159505,3.4263200082248986,18.497753888368607,101.65524110198021,158.76181423664093,296.9900444149971,575.9048536419868,149533581377536,1073741824,483.36051324875297,3470821700.1432743,672162381824,2172.73438428969,0.488489654622287,0.8908756550633173,72956266496,77605109760,60.0,304.13,1740.0,1593.0,64.0,328.79,1725.0,1593.0,20260803,2026-08-11T07:09:37.767873+00:00
prefillq16384_b32_h16384_sparse_q8kv8_steady,full,prefill,sglang_sparse_q8kv8_fp8,steady,ok,,32,16384,16384,2048,64,576,512,10,30,310.909912109375,307.6235656738281,312.3548889160156,310.61468607584635,1.3396752443712951,18.436983227729797,101.27396509051323,160.0959151983261,294.16999965906143,573.9768631756306,149533581377536,1073741824,480.95469315539725,3453546452.4600563,672162381824,2161.920079239995,0.48605830536169503,0.8864415184450252,73107261440,77756104704,59.0,300.01,1740.0,1593.0,60.0,323.42,1740.0,1593.0,20260803,2026-08-11T07:09:50.880954+00:00
prefillq16384_b32_h32768_sparse_q8kv8_steady,full,prefill,sglang_sparse_q8kv8_fp8,steady,ok,,32,32768,16384,2048,64,576,512,10,30,318.8455810546875,315.150390625,323.6817932128906,318.9134216308594,2.531738943494111,18.768563866615295,101.68784856796265,162.1553860604763,301.8580637872219,584.4698622822762,149533581377536,1073741824,468.9843305430299,3367591987.470056,672162381824,2108.1125841562553,0.4739609202051843,0.8643790943509203,73409251328,78058094592,59.0,304.07,1740.0,1593.0,61.0,334.17,1695.0,1593.0,20260803,2026-08-11T07:10:04.118587+00:00
prefillq16384_b32_h65536_sparse_q8kv8_steady,full,prefill,sglang_sparse_q8kv8_fp8,steady,ok,,32,65536,16384,2048,64,576,512,10,30,350.1417236328125,344.766357421875,352.3484802246094,348.9975321451823,2.3723054147541855,19.03809979557991,101.22940689325333,166.69030860066414,331.55907690525055,618.5168921947479,149533581377536,1073741824,427.06587442960455,3066592044.100446,672162381824,1919.6866196068795,0.43159764975200055,0.7871197174972048,74013231104,78662074368,59.0,306.98,1740.0,1593.0,60.0,326.1,1725.0,1593.0,20260803,2026-08-11T07:10:17.619236+00:00
prefillq16384_b32_h131072_sparse_q8kv8_steady,full,prefill,sglang_sparse_q8kv8_fp8,steady,ok,,32,131072,16384,2048,64,576,512,10,30,386.5314025878906,382.703369140625,391.80865478515625,386.71238606770834,2.7150976774643802,27.197103947401047,101.29887238144875,176.70926079154015,369.616586714983,674.8218238353729,149533581377536,1073741824,386.86011117436857,2777890274.402348,672162381824,1738.9593117758698,0.3909652462600996,0.7130169832118005,75221190656,79870033920,59.0,312.24,1740.0,1593.0,60.0,332.86,1680.0,1593.0,20260803,2026-08-11T07:10:32.415386+00:00
prefillq16384_b32_h262144_sparse_q8kv8_steady,full,prefill,sglang_sparse_q8kv8_fp8,steady,ok,,32,262144,16384,2048,64,576,512,10,30,422.2678527832031,414.82818603515625,457.46710205078125,425.57288614908856,14.950378471060754,19.144486635923386,101.86553373932838,196.41229137778282,407.2401225566864,724.662434309721,149533581377536,1073741824,354.1202115954306,2542797934.824725,672162381824,1591.7915072002781,0.35787792985894956,0.6526744879424708,77637109760,82285953024,59.0,305.84,1740.0,1593.0,60.0,334.06,1680.0,1593.0,20260803,2026-08-11T07:10:48.717204+00:00
prefillq16384_b32_h524288_sparse_q8kv8_steady,full,prefill,sglang_sparse_q8kv8_fp8,steady,ok,,32,524288,16384,2048,64,576,512,10,30,443.982666015625,440.4454345703125,448.64727783203125,444.4340830485026,2.266874303690163,58.245815336704254,125.47262758016586,234.52278971672058,430.688064545393,848.9292971789837,149533581377536,1073741824,336.8004943064004,2418431858.2433395,672162381824,1513.9383432603306,0.34037442577705956,0.6207527358289805,82468947968,82520834048,59.0,315.99,1740.0,1593.0,60.0,333.3,1680.0,1593.0,20260803,2026-08-11T07:11:06.620638+00:00
prefillq32768_b32_h2048_sparse_q8kv8_steady,full,prefill,sglang_sparse_q8kv8_fp8,steady,skipped_memory_limit,skipped_memory_limit: estimated live tensors 109.2 GiB exceed current free GPU memory 78.4 GiB,32,2048,32768,2048,64,576,512,10,30,,,,,,,,,,,,,,,,,,,,,,,,,,,,,20260803,2026-08-11T07:11:25.416464+00:00
prefillq32768_b32_h4096_sparse_q8kv8_steady,full,prefill,sglang_sparse_q8kv8_fp8,steady,skipped_memory_limit,skipped_memory_limit: estimated live tensors 109.3 GiB exceed current free GPU memory 78.4 GiB,32,4096,32768,2048,64,576,512,10,30,,,,,,,,,,,,,,,,,,,,,,,,,,,,,20260803,2026-08-11T07:11:25.421013+00:00
prefillq32768_b32_h8192_sparse_q8kv8_steady,full,prefill,sglang_sparse_q8kv8_fp8,steady,skipped_memory_limit,skipped_memory_limit: estimated live tensors 109.3 GiB exceed current free GPU memory 78.4 GiB,32,8192,32768,2048,64,576,512,10,30,,,,,,,,,,,,,,,,,,,,,,,,,,,,,20260803,2026-08-11T07:11:25.425386+00:00
prefillq32768_b32_h16384_sparse_q8kv8_steady,full,prefill,sglang_sparse_q8kv8_fp8,steady,skipped_memory_limit,skipped_memory_limit: estimated live tensors 109.5 GiB exceed current free GPU memory 78.4 GiB,32,16384,32768,2048,64,576,512,10,30,,,,,,,,,,,,,,,,,,,,,,,,,,,,,20260803,2026-08-11T07:11:25.429583+00:00
prefillq32768_b32_h32768_sparse_q8kv8_steady,full,prefill,sglang_sparse_q8kv8_fp8,steady,skipped_memory_limit,skipped_memory_limit: estimated live tensors 109.8 GiB exceed current free GPU memory 78.4 GiB,32,32768,32768,2048,64,576,512,10,30,,,,,,,,,,,,,,,,,,,,,,,,,,,,,20260803,2026-08-11T07:11:25.434677+00:00
prefillq32768_b32_h65536_sparse_q8kv8_steady,full,prefill,sglang_sparse_q8kv8_fp8,steady,skipped_memory_limit,skipped_memory_limit: estimated live tensors 110.3 GiB exceed current free GPU memory 78.4 GiB,32,65536,32768,2048,64,576,512,10,30,,,,,,,,,,,,,,,,,,,,,,,,,,,,,20260803,2026-08-11T07:11:25.440160+00:00
prefillq32768_b32_h131072_sparse_q8kv8_steady,full,prefill,sglang_sparse_q8kv8_fp8,steady,skipped_memory_limit,skipped_memory_limit: estimated live tensors 111.5 GiB exceed current free GPU memory 78.4 GiB,32,131072,32768,2048,64,576,512,10,30,,,,,,,,,,,,,,,,,,,,,,,,,,,,,20260803,2026-08-11T07:11:25.444779+00:00
prefillq32768_b32_h262144_sparse_q8kv8_steady,full,prefill,sglang_sparse_q8kv8_fp8,steady,skipped_memory_limit,skipped_memory_limit: estimated live tensors 113.7 GiB exceed current free GPU memory 78.4 GiB,32,262144,32768,2048,64,576,512,10,30,,,,,,,,,,,,,,,,,,,,,,,,,,,,,20260803,2026-08-11T07:11:25.448995+00:00
prefillq32768_b32_h524288_sparse_q8kv8_steady,full,prefill,sglang_sparse_q8kv8_fp8,steady,skipped_memory_limit,skipped_memory_limit: estimated live tensors 118.2 GiB exceed current free GPU memory 78.4 GiB,32,524288,32768,2048,64,576,512,10,30,,,,,,,,,,,,,,,,,,,,,,,,,,,,,20260803,2026-08-11T07:11:25.454785+00:00
prefillq2_b64_h2048_sparse_q8kv8_steady,full,prefill,sglang_sparse_q8kv8_fp8,steady,ok,,64,2048,2,2048,64,576,512,10,30,0.17951999604701996,0.17689600586891174,0.18214400112628937,0.17965546747048697,0.0016358157309083524,8.599292486906052,1.5627332031726837,1.2689530849456787,0.25723502039909363,11.688213795423508,36507222016,262144,203.36019841732846,1460249586.5214877,164102144,914.1162411624513,0.20551813887552145,0.3748106123960697,734667776,769654784,59.0,311.05,1740.0,1593.0,59.0,295.42,1740.0,1593.0,20260803,2026-08-11T07:11:25.458996+00:00
prefillq2_b64_h4096_sparse_q8kv8_steady,full,prefill,sglang_sparse_q8kv8_fp8,steady,ok,,64,4096,2,2048,64,576,512,10,30,0.17321600019931793,0.17001600563526154,0.17638400197029114,0.17328213304281234,0.0017937502611243322,7.826909422874451,1.1922568082809448,1.6483031213283539,0.22024661302566528,10.887715965509415,36507222016,262144,210.76125747039248,1513393680.135516,164102144,947.3844437648329,0.21299773367396915,0.3884514108298208,810165248,845152256,58.0,270.77,1740.0,1593.0,58.0,258.95,1755.0,1593.0,20260803,2026-08-11T07:11:25.596855+00:00
prefillq2_b64_h8192_sparse_q8kv8_steady,full,prefill,sglang_sparse_q8kv8_fp8,steady,ok,,64,8192,2,2048,64,576,512,10,30,0.17206400632858276,0.17049600183963776,0.17558400332927704,0.17240320096413295,0.0016644443145898654,0.6812326610088348,1.1679604649543762,2.892009913921356,0.21882355213165283,4.96002659201622,36507222016,262144,212.17233513837766,1523526073.7762642,164102144,953.7273221839414,0.2144237848796136,0.3910521502517532,961160192,996147200,58.0,235.32,1755.0,1593.0,58.0,218.44,1755.0,1593.0,20260803,2026-08-11T07:11:25.751647+00:00
prefillq2_b64_h16384_sparse_q8kv8_steady,full,prefill,sglang_sparse_q8kv8_fp8,steady,ok,,64,16384,2,2048,64,576,512,10,30,0.18169599771499634,0.1791359931230545,0.18428799510002136,0.18181866606076558,0.0017939633081359065,0.7752031087875366,1.1953413486480713,5.187142640352249,0.22837519645690918,7.386062294244766,36507222016,262144,200.92474504179387,1442761553.896153,164102144,903.1687327389918,0.20305684188155015,0.37032185904978854,1263150080,1298137088,58.0,199.96,1755.0,1593.0,58.0,182.15,1755.0,1593.0,20260803,2026-08-11T07:11:25.919117+00:00
prefillq2_b64_h32768_sparse_q8kv8_steady,full,prefill,sglang_sparse_q8kv8_fp8,steady,ok,,64,32768,2,2048,64,576,512,10,30,0.1828799992799759,0.17900800704956055,0.18688000738620758,0.18297600050767263,0.002156476926907085,0.8302479982376099,1.2332350015640259,10.068882256746292,0.24669989943504333,12.379065155982971,36507222016,262144,199.62391819627098,1433420828.0407784,164102144,897.3214383535272,0.20174221141614046,0.36792432152579807,1867129856,1902116864,58.0,166.52,1755.0,1593.0,58.0,164.01,1755.0,1593.0,20260803,2026-08-11T07:11:26.048889+00:00
prefillq2_b64_h65536_sparse_q8kv8_steady,full,prefill,sglang_sparse_q8kv8_fp8,steady,ok,,64,65536,2,2048,64,576,512,10,30,0.1820479929447174,0.17801600694656372,0.18716800212860107,0.18209386616945267,0.002222647152746271,0.9811744093894958,1.2435093522071838,19.657563418149948,0.2291165292263031,22.11136370897293,36507222016,262144,200.53625104829453,1439971931.3555157,164102144,901.4224290285528,0.20266422541515364,0.36960583067870645,3075089408,3110076416,58.0,154.26,1755.0,1593.0,58.0,131.33,1755.0,1593.0,20260803,2026-08-11T07:11:26.165148+00:00
prefillq2_b64_h131072_sparse_q8kv8_steady,full,prefill,sglang_sparse_q8kv8_fp8,steady,ok,,64,131072,2,2048,64,576,512,10,30,0.18476800620555878,0.18272000551223755,0.18854400515556335,0.18489600072304407,0.001800171362084015,1.2537166476249695,1.3415329158306122,39.02975469827652,0.23008137941360474,41.855085641145706,36507222016,262144,197.58410974779287,1418773765.9969044,164102144,888.152377514062,0.19968075770368152,0.3641647763458913,5491008512,5525995520,58.0,117.34,1755.0,1593.0,59.0,125.33,1755.0,1593.0,20260803,2026-08-11T07:11:26.311021+00:00
prefillq2_b64_h262144_sparse_q8kv8_steady,full,prefill,sglang_sparse_q8kv8_fp8,steady,ok,,64,262144,2,2048,64,576,512,10,30,0.18464000523090363,0.18227200210094452,0.18719999492168427,0.18473706593116124,0.0016832433686640967,1.8786825239658356,1.3137198984622955,77.65751332044601,0.23566558957099915,81.08558133244514,36507222016,262144,197.72108417320226,1419757325.4624472,164102144,888.768085739492,0.19981918562223575,0.36441723217879196,10322846720,10357833728,58.0,123.61,1755.0,1593.0,59.0,142.53,1755.0,1593.0,20260803,2026-08-11T07:11:26.552121+00:00
prefillq2_b64_h524288_sparse_q8kv8_steady,full,prefill,sglang_sparse_q8kv8_fp8,steady,ok,,64,524288,2,2048,64,576,512,10,30,0.18531200289726257,0.18192000687122345,0.1884479969739914,0.18550826609134674,0.002104190928662252,3.111269325017929,1.28849595785141,155.0321727991104,0.23658201098442078,159.66852009296417,36507222016,262144,197.00408740517307,1414608853.7251053,164102144,885.5451424319159,0.19909458050042755,0.3630957444943655,19986523136,20021510144,58.0,141.5,1755.0,1593.0,58.0,174.09,1755.0,1593.0,20260803,2026-08-11T07:11:26.753525+00:00
prefillq4_b64_h2048_sparse_q8kv8_steady,full,prefill,sglang_sparse_q8kv8_fp8,steady,ok,,64,2048,4,2048,64,576,512,10,30,0.22672000527381897,0.22358399629592896,0.23123200237751007,0.2265685334801674,0.0020879106781760337,5.064718425273895,1.0035932064056396,1.1411085724830627,0.2723187208175659,7.481738924980164,73014444032,524288,322.0467639978108,2312491124.754501,328204288,1447.6194440963175,0.32546413744094066,0.593560321899777,747914240,801112064,58.0,170.09,1755.0,1593.0,57.0,169.72,1755.0,1593.0,20260803,2026-08-11T07:11:27.108249+00:00
prefillq4_b64_h4096_sparse_q8kv8_steady,full,prefill,sglang_sparse_q8kv8_fp8,steady,ok,,64,4096,4,2048,64,576,512,10,30,0.2351360023021698,0.2325119972229004,0.23843200504779816,0.2354186664024989,0.0016235312376977579,0.7667280733585358,1.0011270642280579,1.751728355884552,0.2840496599674225,3.803633153438568,73014444032,524288,310.52005357380455,2229722351.6041803,328204288,1395.806192104217,0.31381511225245534,0.5723155875488205,823411712,876609536,57.0,164.72,1755.0,1593.0,57.0,167.78,1755.0,1593.0,20260803,2026-08-11T07:11:27.237755+00:00
prefillq4_b64_h8192_sparse_q8kv8_steady,full,prefill,sglang_sparse_q8kv8_fp8,steady,ok,,64,8192,4,2048,64,576,512,10,30,0.2499839961528778,0.24751999974250793,0.25308799743652344,0.2502069339156151,0.0016805240516602218,0.7922537624835968,1.0003596544265747,2.993762493133545,0.2969987690448761,5.0833746790885925,73014444032,524288,292.0764735169206,2097286258.5946162,328204288,1312.9011978802298,0.2951758196229617,0.5383224581670804,974406656,1027604480,57.0,165.87,1755.0,1593.0,57.0,161.09,1755.0,1593.0,20260803,2026-08-11T07:11:27.385530+00:00
prefillq4_b64_h16384_sparse_q8kv8_steady,full,prefill,sglang_sparse_q8kv8_fp8,steady,ok,,64,16384,4,2048,64,576,512,10,30,0.2757759988307953,0.2712000012397766,0.28041601181030273,0.27620160082976025,0.002936807314274773,1.0429918766021729,1.2523047626018524,5.413774400949478,0.3450624644756317,8.054133504629135,73014444032,524288,264.75996584749436,1901137162.8525271,328204288,1190.1118639456822,0.2675694450202065,0.487975748005594,1276396544,1329594368,57.0,160.0,1755.0,1593.0,57.0,158.61,1755.0,1593.0,20260803,2026-08-11T07:11:27.518775+00:00
prefillq4_b64_h32768_sparse_q8kv8_steady,full,prefill,sglang_sparse_q8kv8_fp8,steady,ok,,64,32768,4,2048,64,576,512,10,30,0.2795200049877167,0.2757120132446289,0.285535991191864,0.2793962667385737,0.0026499341514487273,0.9671114385128021,1.0488517582416534,10.21995022892952,0.331636518239975,12.56754994392395,73014444032,524288,261.21366173848116,1875672548.0991583,328204288,1174.1710151100733,0.26398550958916744,0.4814395997072224,1880376320,1933574144,57.0,144.9,1755.0,1593.0,57.0,148.72,1755.0,1593.0,20260803,2026-08-11T07:11:27.673321+00:00
prefillq4_b64_h65536_sparse_q8kv8_steady,full,prefill,sglang_sparse_q8kv8_fp8,steady,ok,,64,65536,4,2048,64,576,512,10,30,0.278656005859375,0.2736639976501465,0.282943993806839,0.27845546702543894,0.0027362271504437754,1.127738505601883,1.0145045816898346,19.876930862665176,0.32952800393104553,22.34870195388794,73014444032,524288,262.0235792400149,1881488247.0704193,328204288,1177.8116426660824,0.2648040214654016,0.4829323484215858,3088335872,3141533696,57.0,140.47,1755.0,1593.0,58.0,133.52,1755.0,1593.0,20260803,2026-08-11T07:11:27.853014+00:00
prefillq4_b64_h131072_sparse_q8kv8_steady,full,prefill,sglang_sparse_q8kv8_fp8,steady,ok,,64,131072,4,2048,64,576,512,10,30,0.2828480005264282,0.2797119915485382,0.2861120104789734,0.2832981328169505,0.0021033025491378225,1.3643093407154083,1.045089215040207,39.15022686123848,0.3346092998981476,41.89423471689224,73014444032,524288,258.1402162861597,1853603345.3452415,328204288,1160.3556941861211,0.26087945051658384,0.47577497122477713,5504254976,5557452800,58.0,120.76,1755.0,1593.0,58.0,130.93,1755.0,1593.0,20260803,2026-08-11T07:11:27.980580+00:00
prefillq4_b64_h262144_sparse_q8kv8_steady,full,prefill,sglang_sparse_q8kv8_fp8,steady,ok,,64,262144,4,2048,64,576,512,10,30,0.2856000065803528,0.2825919985771179,0.289247989654541,0.28547519942124683,0.002034310666416109,1.9351914525032043,1.0400675237178802,77.72107422351837,0.3392025828361511,81.03553578257561,73014444032,524288,255.6528093477392,1835742254.622438,328204288,1149.1746513936462,0.2583656486586551,0.47119046292313604,10336093184,10389291008,57.0,130.25,1755.0,1593.0,59.0,151.09,1755.0,1593.0,20260803,2026-08-11T07:11:28.149267+00:00
prefillq4_b64_h524288_sparse_q8kv8_steady,full,prefill,sglang_sparse_q8kv8_fp8,steady,ok,,64,524288,4,2048,64,576,512,10,30,0.28518399596214294,0.28089600801467896,0.29104000329971313,0.2854026645421982,0.0027346057512626968,3.5189352929592133,1.0453388094902039,155.1876738667488,0.3389604389667511,160.09090840816498,73014444032,524288,256.0257415065198,1838420133.7497115,328204288,1150.8510037273193,0.2587425381571701,0.47187780947326036,19999769600,20052967424,57.0,147.86,1755.0,1593.0,59.0,185.32,1755.0,1593.0,20260803,2026-08-11T07:11:28.342354+00:00
prefillq8_b64_h2048_sparse_q8kv8_steady,full,prefill,sglang_sparse_q8kv8_fp8,steady,ok,,64,2048,8,2048,64,576,512,10,30,0.3404160141944885,0.3391680121421814,0.34483200311660767,0.341035732626915,0.0019601237863850277,4.411719739437103,1.1957399547100067,1.2383460998535156,0.38829073309898376,7.234096527099609,146028888064,1048576,428.971852013313,3080278119.3511105,656408576,1928.254102713795,0.433523852464187,0.7906326007011095,774407168,874512384,57.0,180.87,1755.0,1593.0,57.0,184.55,1755.0,1593.0,20260803,2026-08-11T07:11:28.636993+00:00
prefillq8_b64_h4096_sparse_q8kv8_steady,full,prefill,sglang_sparse_q8kv8_fp8,steady,ok,,64,4096,8,2048,64,576,512,10,30,0.3473280072212219,0.34537601470947266,0.3531840145587921,0.3478133350610733,0.0021415663056580034,0.7803626358509064,1.1864043772220612,1.8909946084022522,0.39658695459365845,4.254348576068878,146028888064,1048576,420.43510752932326,3018979115.416211,656408576,1889.880926250548,0.4248965209998214,0.7748986347981714,849904640,950009856,57.0,181.47,1755.0,1593.0,56.0,184.65,1755.0,1593.0,20260803,2026-08-11T07:11:28.754342+00:00
prefillq8_b64_h8192_sparse_q8kv8_steady,full,prefill,sglang_sparse_q8kv8_fp8,steady,ok,,64,8192,8,2048,64,576,512,10,30,0.37670400738716125,0.37487998604774475,0.38172799348831177,0.3770591994126638,0.001851604756246508,0.7849037647247314,1.20588019490242,3.107219934463501,0.42510032653808594,5.523104220628738,146028888064,1048576,387.64888400541327,2783554141.8127675,656408576,1742.5048927747923,0.39176238909086736,0.7144707604511329,1000899584,1101004800,56.0,179.56,1755.0,1593.0,56.0,184.96,1755.0,1593.0,20260803,2026-08-11T07:11:28.928777+00:00
prefillq8_b64_h16384_sparse_q8kv8_steady,full,prefill,sglang_sparse_q8kv8_fp8,steady,ok,,64,16384,8,2048,64,576,512,10,30,0.4166400134563446,0.4145280122756958,0.42214399576187134,0.416948264837265,0.002186212195391352,0.8738115429878235,1.1936500668525696,5.432091653347015,0.46747177839279175,7.9670250415802,146028888064,1048576,350.4917515064857,2516743390.2981796,656408576,1575.4813623266607,0.35421096665637763,0.6459869189954677,1302889472,1402994688,56.0,179.7,1755.0,1593.0,57.0,177.82,1755.0,1593.0,20260803,2026-08-11T07:11:29.063202+00:00
prefillq8_b64_h32768_sparse_q8kv8_steady,full,prefill,sglang_sparse_q8kv8_fp8,steady,ok,,64,32768,8,2048,64,576,512,10,30,0.4557119905948639,0.4493120014667511,0.4625599980354309,0.45713599820931755,0.00965414038646314,0.9276755154132843,1.2135207653045654,10.299727320671082,0.5014538764953613,12.942377477884293,146028888064,1048576,320.4411801264679,2300962058.5827484,656408576,1440.4022486728006,0.32384151604493977,0.5906010905518791,1906869248,2006974464,57.0,167.77,1755.0,1593.0,56.0,165.05,1755.0,1593.0,20260803,2026-08-11T07:11:29.208247+00:00
prefillq8_b64_h65536_sparse_q8kv8_steady,full,prefill,sglang_sparse_q8kv8_fp8,steady,ok,,64,65536,8,2048,64,576,512,10,30,0.4692800045013428,0.46432000398635864,0.4818879961967468,0.47113813360532125,0.00509080269562715,1.1535100638866425,1.375153660774231,20.069468766450882,0.5203001201152802,23.118432611227036,146028888064,1048576,311.17645470356314,2234435709.900356,656408576,1398.7567543976227,0.31447847873023055,0.5735253921779319,3114828800,3214934016,56.0,164.98,1755.0,1593.0,57.0,164.08,1755.0,1593.0,20260803,2026-08-11T07:11:29.356441+00:00
prefillq8_b64_h131072_sparse_q8kv8_steady,full,prefill,sglang_sparse_q8kv8_fp8,steady,ok,,64,131072,8,2048,64,576,512,10,30,0.48710399866104126,0.4808320105075836,0.4928640127182007,0.4870826631784439,0.0034918491675724173,1.3981014490127563,1.3945326209068298,39.35291990637779,0.5361214280128479,42.681675404310226,146028888064,1048576,299.78995956799037,2152673767.578056,656408576,1347.573778503863,0.3029711567134819,0.5525390868535699,5530747904,5630853120,56.0,141.04,1755.0,1593.0,59.0,146.67,1740.0,1593.0,20260803,2026-08-11T07:11:29.493713+00:00
prefillq8_b64_h262144_sparse_q8kv8_steady,full,prefill,sglang_sparse_q8kv8_fp8,steady,ok,,64,262144,8,2048,64,576,512,10,30,0.49116799235343933,0.48559999465942383,0.49849599599838257,0.49084159831206003,0.0041772939367689665,2.0314082503318787,1.4458894729614258,78.1874991953373,0.5479007959365845,82.21269771456718,146028888064,1048576,297.309454885894,2134862239.24269,656408576,1336.423761765924,0.3004643303546175,0.5479673000133549,10362586112,10462691328,56.0,146.46,1740.0,1593.0,58.0,161.96,1755.0,1593.0,20260803,2026-08-11T07:11:29.761162+00:00
prefillq8_b64_h524288_sparse_q8kv8_steady,full,prefill,sglang_sparse_q8kv8_fp8,steady,ok,,64,524288,8,2048,64,576,512,10,30,0.49647998809814453,0.4915199875831604,0.5031039714813232,0.4968320002158483,0.003426639525282957,3.1353235244750977,1.465965062379837,155.37885576486588,0.5498379468917847,160.5299822986126,146028888064,1048576,294.1284473990377,2112020675.8317854,656408576,1322.1249430706978,0.29724956786158435,0.5421044253040258,20026262528,20126367744,56.0,158.51,1755.0,1593.0,58.0,186.91,1755.0,1593.0,20260803,2026-08-11T07:11:30.007901+00:00
prefillq16_b64_h2048_sparse_q8kv8_steady,full,prefill,sglang_sparse_q8kv8_fp8,steady,ok,,64,2048,16,2048,64,576,512,10,30,0.5785279870033264,0.5763840079307556,0.582751989364624,0.5787509262561799,0.0019125776731827168,4.128549247980118,1.0229982435703278,1.3301558792591095,0.6296001374721527,7.111303508281708,292057776128,2097152,504.82912268567696,3624979339.137731,1312817152,2269.23706630022,0.5101860764888094,0.9304441778763824,827393024,943718400,57.0,178.03,1755.0,1593.0,56.0,184.89,1755.0,1593.0,20260803,2026-08-11T07:11:30.372728+00:00
prefillq16_b64_h4096_sparse_q8kv8_steady,full,prefill,sglang_sparse_q8kv8_fp8,steady,ok,,64,4096,16,2048,64,576,512,10,30,0.5900800228118896,0.5889919996261597,0.6174399852752686,0.5947946647802989,0.011141589187068965,0.8093342185020447,1.0364353656768799,1.923687756061554,0.64091756939888,4.4103749096393585,292057776128,2097152,494.94604941252936,3554012877.789877,1312817152,2224.812061496463,0.5001981297751686,0.9122288103920241,902890496,1019215872,56.0,183.12,1755.0,1593.0,59.0,179.53,1755.0,1593.0,20260803,2026-08-11T07:11:30.588130+00:00
prefillq16_b64_h8192_sparse_q8kv8_steady,full,prefill,sglang_sparse_q8kv8_fp8,steady,ok,,64,8192,16,2048,64,576,512,10,30,0.6234239935874939,0.6207360029220581,0.628607988357544,0.6236383994420369,0.0020938377500707797,0.8890256285667419,1.0337531566619873,3.1147822737693787,0.6724148988723755,5.709975957870483,292057776128,2097152,468.4737500193942,3363925709.5831957,1312817152,2105.8174941990806,0.4734449216972149,0.8634380498386176,1053885440,1170210816,56.0,179.59,1755.0,1593.0,56.0,186.76,1755.0,1593.0,20260803,2026-08-11T07:11:30.715356+00:00
prefillq16_b64_h16384_sparse_q8kv8_steady,full,prefill,sglang_sparse_q8kv8_fp8,steady,ok,,64,16384,16,2048,64,576,512,10,30,0.6919680237770081,0.6881279945373535,0.7131839990615845,0.6961535970369975,0.008569623613719575,0.9410716593265533,1.123916357755661,5.487430840730667,0.740639865398407,8.293058723211288,292057776128,2097152,422.06831254115554,3030706518.1321487,1312817152,1897.222280350725,0.42654705663583176,0.7779087743211324,1355875328,1472200704,56.0,176.46,1755.0,1593.0,59.0,174.8,1725.0,1593.0,20260803,2026-08-11T07:11:30.869295+00:00
prefillq16_b64_h32768_sparse_q8kv8_steady,full,prefill,sglang_sparse_q8kv8_fp8,steady,ok,,64,32768,16,2048,64,576,512,10,30,0.7718719840049744,0.7632960081100464,0.7770559787750244,0.7710197289784749,0.003646936490462055,1.0051727294921875,1.048460602760315,10.375451296567917,0.8214190602302551,13.250503689050674,292057776128,2097152,378.37592525720925,2716968672.8602457,1312817152,1700.8223892105138,0.3823910310835869,0.6973798873393486,1959855104,2076180480,56.0,176.13,1740.0,1593.0,56.0,168.01,1695.0,1593.0,20260803,2026-08-11T07:11:31.045416+00:00
prefillq16_b64_h65536_sparse_q8kv8_steady,full,prefill,sglang_sparse_q8kv8_fp8,steady,ok,,64,65536,16,2048,64,576,512,10,30,0.8300480246543884,0.825760006904602,0.8371840119361877,0.8299146672089894,0.0034304183330042333,1.1401735246181488,1.1542588472366333,20.01805603504181,0.8796565234661102,23.1921449303627,292057776128,2097152,351.8564799303096,2526542968.249581,1312817152,1581.615898124238,0.35559017678656857,0.6485022327110752,3167814656,3284140032,56.0,158.52,1740.0,1593.0,57.0,162.54,1665.0,1593.0,20260803,2026-08-11T07:11:31.253996+00:00
prefillq16_b64_h131072_sparse_q8kv8_steady,full,prefill,sglang_sparse_q8kv8_fp8,steady,ok,,64,131072,16,2048,64,576,512,10,30,0.88646399974823,0.8815360069274902,0.8955199718475342,0.8871295968691508,0.004333440723337863,1.3848021626472473,1.2077726423740387,39.58735242486,0.9396076202392578,43.119534850120544,292057776128,2097152,329.46377541665436,2365749766.0318127,1312817152,1480.9593535359147,0.3329598538824198,0.6072305219373499,5583733760,5700059136,57.0,163.05,1740.0,1593.0,57.0,175.7,1725.0,1593.0,20260803,2026-08-11T07:11:31.387557+00:00
prefillq16_b64_h262144_sparse_q8kv8_steady,full,prefill,sglang_sparse_q8kv8_fp8,steady,ok,,64,262144,16,2048,64,576,512,10,30,0.9184640049934387,0.9113600254058838,0.9274880290031433,0.918390401204427,0.0056078302349089485,1.9776299595832825,1.191701740026474,78.20554077625275,0.9635761380195618,82.33844861388206,292057776128,2097152,317.98499945578857,2283325191.4047318,1312817152,1429.361569819362,0.3213592718097914,0.5860741349897909,10415571968,10531897344,55.0,165.81,1740.0,1593.0,57.0,186.21,1590.0,1593.0,20260803,2026-08-11T07:11:31.624800+00:00
prefillq16_b64_h524288_sparse_q8kv8_steady,full,prefill,sglang_sparse_q8kv8_fp8,steady,ok,,64,524288,16,2048,64,576,512,10,30,0.9215360283851624,0.9137600064277649,0.9280639886856079,0.9214453339576721,0.004414522049349091,3.6620981991291046,1.2391246855258942,155.7820476591587,0.9744465351104736,161.65771707892418,292057776128,2097152,316.9249678059602,2275713521.125059,1312817152,1424.5966642242868,0.3202879917190098,0.5841204040487143,20079248384,20195573760,56.0,186.41,1740.0,1593.0,58.0,220.23,1665.0,1593.0,20260803,2026-08-11T07:11:31.860765+00:00
prefillq32_b64_h2048_sparse_q8kv8_steady,full,prefill,sglang_sparse_q8kv8_fp8,steady,ok,,64,2048,32,2048,64,576,512,10,30,1.1224000453948975,1.1145919561386108,1.21343994140625,1.1301930705706278,0.026990951652912883,4.868257790803909,1.0593794286251068,1.4716386795043945,1.1691860854625702,8.56846198439598,584115552256,4194304,520.416543684733,3736906477.515604,2625634304,2339.303454924768,0.5259389021573856,0.9591731565841144,934282240,935329792,55.0,209.41,1740.0,1593.0,55.0,217.25,1665.0,1593.0,20260803,2026-08-11T07:11:32.166870+00:00
prefillq32_b64_h4096_sparse_q8kv8_steady,full,prefill,sglang_sparse_q8kv8_fp8,steady,ok,,64,4096,32,2048,64,576,512,10,30,1.1013760566711426,1.0983999967575073,1.104416012763977,1.101256533463796,0.0019448008134913786,0.8446797728538513,1.0697543621063232,2.0426400005817413,1.1467523872852325,5.103826522827148,584115552256,4194304,530.3506905910609,3808239678.53186,2625634304,2383.9580387609444,0.5359784644679747,0.9774826572365095,1009779712,1010827264,57.0,209.34,1725.0,1593.0,59.0,223.1,1695.0,1593.0,20260803,2026-08-11T07:11:32.363163+00:00
prefillq32_b64_h8192_sparse_q8kv8_steady,full,prefill,sglang_sparse_q8kv8_fp8,steady,ok,,64,8192,32,2048,64,576,512,10,30,1.2256319522857666,1.1474560499191284,1.271615982055664,1.1968394637107849,0.04349435266305047,0.8780211210250854,1.0502450168132782,3.237776458263397,1.2006983160972595,6.36674091219902,584115552256,4194304,476.5831628056385,3422156212.701333,2625634304,2142.2697891510347,0.48164038686774985,0.8783844060884636,1160774656,1161822208,59.0,208.24,1740.0,1593.0,56.0,223.14,1725.0,1593.0,20260803,2026-08-11T07:11:32.507911+00:00
prefillq32_b64_h16384_sparse_q8kv8_steady,full,prefill,sglang_sparse_q8kv8_fp8,steady,ok,,64,16384,32,2048,64,576,512,10,30,1.2238399982452393,1.2098560333251953,1.3318079710006714,1.2588181376457215,0.051779095869936634,0.9236373007297516,1.0513365268707275,5.620613694190979,1.2687668204307556,8.864354342222214,584115552256,4194304,477.28097879911905,3427166954.84202,2625634304,2145.4065137311045,0.4823456076797565,0.8796705419296544,1462764544,1463812096,56.0,217.62,1740.0,1593.0,56.0,211.9,1620.0,1593.0,20260803,2026-08-11T07:11:32.703740+00:00
prefillq32_b64_h32768_sparse_q8kv8_steady,full,prefill,sglang_sparse_q8kv8_fp8,steady,ok,,64,32768,32,2048,64,576,512,10,30,1.4415359497070312,1.356287956237793,1.4904639720916748,1.4192970633506774,0.04863949025131859,0.9872950613498688,1.0683387517929077,10.524526238441467,1.4111734926700592,13.991333544254303,584115552256,4194304,405.20359715948257,2909607631.2577734,2625634304,1821.4143771673662,0.40950338267759734,0.7468256304744767,2066744320,2067791872,56.0,209.45,1740.0,1593.0,56.0,193.23,1710.0,1593.0,20260803,2026-08-11T07:11:32.880021+00:00
prefillq32_b64_h65536_sparse_q8kv8_steady,full,prefill,sglang_sparse_q8kv8_fp8,steady,ok,,64,65536,32,2048,64,576,512,10,30,1.5732159614562988,1.5297919511795044,1.604640007019043,1.5718122601509095,0.025568418569982116,1.1610239744186401,1.127626746892929,20.202111452817917,1.5804767608642578,24.071238934993744,584115552256,4194304,371.287583247817,2666070077.319458,2625634304,1668.9598684019807,0.37522747170067405,0.6843154537378386,3274703872,3275751424,55.0,184.01,1740.0,1593.0,58.0,195.83,1590.0,1593.0,20260803,2026-08-11T07:11:33.114310+00:00
prefillq32_b64_h131072_sparse_q8kv8_steady,full,prefill,sglang_sparse_q8kv8_fp8,steady,ok,,64,131072,32,2048,64,576,512,10,30,1.6370240449905396,1.6018240451812744,1.6613759994506836,1.632800006866455,0.020257806970137085,1.4302805066108704,1.1585913598537445,39.65437412261963,1.6498900949954987,43.89313608407974,584115552256,4194304,356.81549946896206,2562151736.7658696,2625634304,1603.9069872154346,0.36060181856388285,0.6576421389691919,5690622976,5691670528,55.0,191.84,1740.0,1593.0,56.0,196.98,1725.0,1593.0,20260803,2026-08-11T07:11:33.357955+00:00
prefillq32_b64_h262144_sparse_q8kv8_steady,full,prefill,sglang_sparse_q8kv8_fp8,steady,ok,,64,262144,32,2048,64,576,512,10,30,1.7743359804153442,1.7555840015411377,1.7941440343856812,1.776429867744446,0.015419146190180335,1.9616186618804932,1.1326633393764496,78.33506166934967,1.7972849309444427,83.22662860155106,584115552256,4194304,329.20233749600663,2363872483.168706,2625634304,1479.7841744636098,0.3326956417342159,0.6067486690088805,10522461184,10523508736,55.0,189.78,1740.0,1593.0,59.0,212.35,1710.0,1593.0,20260803,2026-08-11T07:11:33.638289+00:00
prefillq32_b64_h524288_sparse_q8kv8_steady,full,prefill,sglang_sparse_q8kv8_fp8,steady,ok,,64,524288,32,2048,64,576,512,10,30,1.8101439476013184,1.783743977546692,1.831455945968628,1.8107317288716633,0.01555087304538271,3.069087862968445,1.2694895267486572,155.84168955683708,1.8281713128089905,162.00843825936317,584115552256,4194304,322.6901114853495,2317110749.9809675,2625634304,1450.5113294880857,0.3261143117588171,0.5947460675258361,20186137600,20187185152,55.0,202.07,1740.0,1593.0,57.0,224.32,1740.0,1593.0,20260803,2026-08-11T07:11:33.952540+00:00
prefillq64_b64_h2048_sparse_q8kv8_steady,full,prefill,sglang_sparse_q8kv8_fp8,steady,ok,,64,2048,64,2048,64,576,512,10,30,2.3098559379577637,2.1849920749664307,2.4162240028381348,2.318007477124532,0.08887133640384617,6.686866283416748,1.4003105461597443,2.0644478499889374,2.2262446582317352,12.377869337797165,1168231104512,8388608,505.7592923067229,3631658521.2741475,5251268608,2273.418234317616,0.5111261165302909,0.9321585617529216,1145308160,1149239296,55.0,221.73,1740.0,1593.0,60.0,224.91,1680.0,1593.0,20260803,2026-08-11T07:11:34.360203+00:00
prefillq64_b64_h4096_sparse_q8kv8_steady,full,prefill,sglang_sparse_q8kv8_fp8,steady,ok,,64,4096,64,2048,64,576,512,10,30,2.4590721130371094,2.1659839153289795,2.4870080947875977,2.3958080132802326,0.11367690693144895,0.9931102395057678,1.395396888256073,2.6208125054836273,2.204079180955887,7.213398814201355,1168231104512,8388608,475.0698844163463,3411289955.8848395,5251268608,2135.4675123839097,0.48011105044602964,0.8755953018083213,1220805632,1224736768,56.0,223.81,1740.0,1593.0,56.0,248.2,1695.0,1593.0,20260803,2026-08-11T07:11:34.562596+00:00
prefillq64_b64_h8192_sparse_q8kv8_steady,full,prefill,sglang_sparse_q8kv8_fp8,steady,ok,,64,8192,64,2048,64,576,512,10,30,2.4855360984802246,2.174720048904419,2.514496088027954,2.430200537045797,0.1215550581384695,1.1695697903633118,1.4009028673171997,3.8449205458164215,2.2187158465385437,8.634109050035477,1168231104512,8388608,470.01172311531195,3374969289.373506,5251268608,2112.730775147815,0.4749992148714623,0.866272668620542,1371800576,1375731712,56.0,235.02,1740.0,1593.0,57.0,240.72,1695.0,1593.0,20260803,2026-08-11T07:11:34.782352+00:00
prefillq64_b64_h16384_sparse_q8kv8_steady,full,prefill,sglang_sparse_q8kv8_fp8,steady,ok,,64,16384,64,2048,64,576,512,10,30,2.5763840675354004,2.293152093887329,2.593791961669922,2.5142837365468345,0.10523042906880864,1.094270497560501,1.5602335333824158,6.148703396320343,2.2847019135951996,11.08790934085846,1168231104512,8388608,453.4382583841794,3255961758.8477955,5251268608,2038.23206103872,0.45824988214671997,0.835726325168159,1673790464,1677721600,57.0,240.5,1740.0,1593.0,59.0,233.25,1680.0,1593.0,20260803,2026-08-11T07:11:35.006347+00:00
prefillq64_b64_h32768_sparse_q8kv8_steady,full,prefill,sglang_sparse_q8kv8_fp8,steady,ok,,64,32768,64,2048,64,576,512,10,30,2.615679979324341,2.575040102005005,2.791680097579956,2.6697482744852703,0.08892112595868822,1.1623688042163849,1.4452151954174042,11.13174855709076,2.4667568504810333,16.20608940720558,1168231104512,8388608,446.6261598308242,3207046758.8955092,5251268608,2007.6112710685888,0.45136549755515326,0.8231710323903374,2277770240,2281701376,55.0,218.78,1740.0,1593.0,56.0,229.51,1725.0,1593.0,20260803,2026-08-11T07:11:35.222365+00:00
prefillq64_b64_h65536_sparse_q8kv8_steady,full,prefill,sglang_sparse_q8kv8_fp8,steady,ok,,64,65536,64,2048,64,576,512,10,30,3.036736011505127,2.9013760089874268,3.047584056854248,3.0031872193018594,0.053091335742261894,1.3880692422389984,1.563001424074173,20.74681594967842,2.785932272672653,26.483818888664246,1168231104512,8388608,384.69959195859707,2762376435.8240256,5251268608,1729.24764882584,0.388781800867708,0.7090349575417872,3485729792,3489660928,55.0,220.91,1740.0,1593.0,58.0,232.32,1680.0,1593.0,20260803,2026-08-11T07:11:35.508432+00:00
prefillq64_b64_h131072_sparse_q8kv8_steady,full,prefill,sglang_sparse_q8kv8_fp8,steady,ok,,64,131072,64,2048,64,576,512,10,30,3.215167999267578,3.1429760456085205,3.228447914123535,3.2043818791707355,0.02907964738857469,1.5966035425662994,1.4410018920898438,40.19351303577423,3.094341605901718,46.32546007633209,1168231104512,8388608,363.3499415203577,2609072994.602752,5251268608,1633.279694621323,0.3672056003237571,0.669685686556238,5901648896,5905580032,55.0,216.98,1740.0,1593.0,55.0,220.0,1725.0,1593.0,20260803,2026-08-11T07:11:35.837717+00:00
prefillq64_b64_h262144_sparse_q8kv8_steady,full,prefill,sglang_sparse_q8kv8_fp8,steady,ok,,64,262144,64,2048,64,576,512,10,30,3.450495958328247,3.4208641052246094,3.527071952819824,3.458675185839335,0.02853276270689721,2.131752669811249,1.8103234469890594,79.19206470251083,3.396790474653244,86.53093129396439,1168231104512,8388608,338.569040109238,2431131089.938807,5251268608,1521.888062301693,0.34216173836203945,0.6240123202539117,10733487104,10737418240,54.0,219.39,1740.0,1593.0,55.0,242.2,1725.0,1593.0,20260803,2026-08-11T07:11:36.197377+00:00
prefillq64_b64_h524288_sparse_q8kv8_steady,full,prefill,sglang_sparse_q8kv8_fp8,steady,ok,,64,524288,64,2048,64,576,512,10,30,3.523967981338501,3.5033280849456787,3.5427839756011963,3.5249066670735676,0.011874673331208093,3.248218446969986,2.0151622593402863,155.7154543697834,3.534547984600067,164.51338306069374,1168231104512,8388608,331.5101359315624,2380443875.887253,5251268608,1490.1578663054202,0.33502792918803675,0.6110021431481132,20397163520,20401094656,54.0,221.03,1740.0,1593.0,56.0,233.08,1725.0,1593.0,20260803,2026-08-11T07:11:36.608305+00:00
prefillq128_b64_h2048_sparse_q8kv8_steady,full,prefill,sglang_sparse_q8kv8_fp8,steady,ok,,64,2048,128,2048,64,576,512,10,30,4.657408237457275,4.484576225280762,4.824096202850342,4.697516886393229,0.10523641578168835,4.245445132255554,2.1500885486602783,3.260403871536255,4.3616630136966705,14.017600566148758,2336462209024,16777216,501.6657526890101,3602264423.605599,10502537216,2255.017529177105,0.5069891386447803,0.9246138106023849,1569195008,1723858944,56.0,232.02,1740.0,1593.0,60.0,263.54,1605.0,1593.0,20260803,2026-08-11T07:11:37.123782+00:00
prefillq128_b64_h4096_sparse_q8kv8_steady,full,prefill,sglang_sparse_q8kv8_fp8,steady,ok,,64,4096,128,2048,64,576,512,10,30,4.920000076293945,4.530720233917236,4.930111885070801,4.84837867418925,0.12349350692427838,1.2001320719718933,2.314317971467972,3.877103328704834,4.322469234466553,11.714022606611252,2336462209024,16777216,474.89068552697483,3410003199.153944,10502537216,2134.662002670369,0.4799299500019958,0.8752650225993672,1644692480,1799356416,55.0,241.04,1740.0,1593.0,56.0,273.14,1725.0,1593.0,20260803,2026-08-11T07:11:37.416531+00:00
prefillq128_b64_h8192_sparse_q8kv8_steady,full,prefill,sglang_sparse_q8kv8_fp8,steady,ok,,64,8192,128,2048,64,576,512,10,30,4.67468786239624,4.5043840408325195,4.852831840515137,4.732204834620158,0.12307396308647878,1.1376552283763885,2.154294401407242,5.027256906032562,4.310104995965958,12.62931153178215,2336462209024,16777216,499.81138373297324,3588948929.608321,10502537216,2246.682029934809,0.5051150922010846,0.9211960466081046,1795687424,1950351360,56.0,258.76,1740.0,1593.0,60.0,266.37,1605.0,1593.0,20260803,2026-08-11T07:11:37.805310+00:00
prefillq128_b64_h16384_sparse_q8kv8_steady,full,prefill,sglang_sparse_q8kv8_fp8,steady,ok,,64,16384,128,2048,64,576,512,10,30,4.845952033996582,4.642240047454834,4.854656219482422,4.786967468261719,0.07603313542157909,1.2451596558094025,2.296455204486847,7.530331611633301,4.4496506452560425,15.521597117185593,2336462209024,16777216,482.14720092824757,3462109381.6653805,10502537216,2167.280472922528,0.4872634673352679,0.8886394144547048,2097677312,2252341248,55.0,257.29,1740.0,1593.0,57.0,268.47,1725.0,1593.0,20260803,2026-08-11T07:11:38.119046+00:00
prefillq128_b64_h32768_sparse_q8kv8_steady,full,prefill,sglang_sparse_q8kv8_fp8,steady,ok,,64,32768,128,2048,64,576,512,10,30,5.172255992889404,5.159808158874512,5.231071949005127,5.184048000971476,0.028561967352571323,1.258309930562973,2.1748989820480347,12.309946119785309,4.55036386847496,20.293518900871277,2336462209024,16777216,451.72980846966357,3243694052.0857043,10502537216,2030.5524766056512,0.4565233031527676,0.8325775027157262,2701657088,2856321024,55.0,236.47,1740.0,1593.0,58.0,258.31,1740.0,1593.0,20260803,2026-08-11T07:11:38.532920+00:00
prefillq128_b64_h65536_sparse_q8kv8_steady,full,prefill,sglang_sparse_q8kv8_fp8,steady,ok,,64,65536,128,2048,64,576,512,10,30,5.444767951965332,5.368703842163086,5.675424098968506,5.507887983322144,0.10995220151716911,1.4911070466041565,2.35937163233757,22.065255790948868,5.120828747749329,31.036563217639923,2336462209024,16777216,429.1206217852931,3081346376.560296,10502537216,1928.9228317267455,0.43367420089468733,0.7909067963882491,3909616640,4064280576,55.0,229.75,1740.0,1593.0,55.0,250.78,1725.0,1593.0,20260803,2026-08-11T07:11:38.963194+00:00
prefillq128_b64_h131072_sparse_q8kv8_steady,full,prefill,sglang_sparse_q8kv8_fp8,steady,ok,,64,131072,128,2048,64,576,512,10,30,6.060192108154297,5.9898881912231445,6.219871997833252,6.121658674875895,0.08589545312665015,1.661553978919983,2.679150551557541,41.481394320726395,5.855504423379898,51.67760327458382,2336462209024,16777216,385.5425978790625,2768429729.7152348,10502537216,1733.037010801737,0.3896337522779813,0.7105886911030357,6325535744,6480199680,54.0,229.39,1740.0,1593.0,55.0,255.1,1695.0,1593.0,20260803,2026-08-11T07:11:39.404814+00:00
prefillq128_b64_h262144_sparse_q8kv8_steady,full,prefill,sglang_sparse_q8kv8_fp8,steady,ok,,64,262144,128,2048,64,576,512,10,30,6.687583923339844,6.676095962524414,6.745183944702148,6.7002869288126625,0.023809164301076526,2.316482365131378,2.22175195813179,80.21903038024902,6.432335823774338,91.18960052728653,2336462209024,16777216,349.373142200083,2508711096.910063,10502537216,1570.4531466656993,0.35308048731691055,0.6439252243156448,11157373952,11312037888,55.0,248.89,1740.0,1593.0,55.0,275.27,1680.0,1593.0,20260803,2026-08-11T07:11:39.876231+00:00
prefillq128_b64_h524288_sparse_q8kv8_steady,full,prefill,sglang_sparse_q8kv8_fp8,steady,ok,,64,524288,128,2048,64,576,512,10,30,6.913631916046143,6.8321919441223145,6.943039894104004,6.911361042658488,0.028068632392093437,3.367096185684204,2.4078600108623505,157.39551931619644,6.727993488311768,169.89846900105476,2336462209024,16777216,337.95004382590946,2426686321.130439,10502537216,1519.1056370276544,0.34153617364922634,0.6228714560246728,20821050368,20975714304,55.0,275.27,1740.0,1593.0,58.0,308.29,1665.0,1593.0,20260803,2026-08-11T07:11:40.400448+00:00
prefillq256_b64_h2048_sparse_q8kv8_steady,full,prefill,sglang_sparse_q8kv8_fp8,steady,ok,,64,2048,256,2048,64,576,512,10,30,9.221920013427734,9.0829439163208,9.25158405303955,9.22359889348348,0.0800111684812411,5.156479775905609,3.7715062499046326,5.867864936590195,8.445728570222855,23.24157953262329,4672924418048,33554432,506.7192527417185,3638551619.526356,21005074432,2277.733313823499,0.5120962635085583,0.9339278527022661,2644797440,2969567232,55.0,292.48,1740.0,1593.0,60.0,317.97,1605.0,1593.0,20260803,2026-08-11T07:11:40.964687+00:00
prefillq256_b64_h4096_sparse_q8kv8_steady,full,prefill,sglang_sparse_q8kv8_fp8,steady,ok,,64,4096,256,2048,64,576,512,10,30,9.307231903076172,9.055423736572266,9.699071884155273,9.281881618499757,0.15687509582814074,1.318376511335373,3.588944673538208,6.213318556547165,8.390262722969055,19.5109024643898,4672924418048,33554432,502.0745659623601,3605199950.901598,21005074432,2256.8551692644005,0.5074022900074382,0.9253672891814405,2720294912,3045064704,60.0,308.87,1710.0,1593.0,58.0,315.43,1725.0,1593.0,20260803,2026-08-11T07:11:41.519303+00:00
prefillq256_b64_h8192_sparse_q8kv8_steady,full,prefill,sglang_sparse_q8kv8_fp8,steady,ok,,64,8192,256,2048,64,576,512,10,30,9.816543579101562,9.782784461975098,9.828031539916992,9.813347180684408,0.019267711515731263,1.4012493193149567,3.792557865381241,7.539007812738419,8.56965035200119,21.302465349435806,4672924418048,33554432,476.02543404342316,3418151381.860518,21005074432,2139.7627650446843,0.48107673981144333,0.8773564632533182,2871289856,3196059648,55.0,312.33,1740.0,1593.0,56.0,307.81,1740.0,1593.0,20260803,2026-08-11T07:11:42.048352+00:00
prefillq256_b64_h16384_sparse_q8kv8_steady,full,prefill,sglang_sparse_q8kv8_fp8,steady,ok,,64,16384,256,2048,64,576,512,10,30,9.872960090637207,9.864255905151367,9.882368087768555,9.877607504526773,0.027350888659167707,1.5807300806045532,3.598567098379135,9.820997714996338,8.641697466373444,23.64199236035347,4672924418048,33554432,473.30530814962566,3398619227.8666825,21005074432,2127.535636644543,0.47832774951958124,0.872343033585255,3173279744,3498049536,55.0,289.33,1740.0,1593.0,55.0,304.48,1695.0,1593.0,20260803,2026-08-11T07:11:42.623117+00:00
prefillq256_b64_h32768_sparse_q8kv8_steady,full,prefill,sglang_sparse_q8kv8_fp8,steady,ok,,64,32768,256,2048,64,576,512,10,30,10.026047706604004,10.022624015808105,10.100831985473633,10.033670425415039,0.024259905424494674,1.5471205115318298,3.720194101333618,14.76767286658287,8.826252073049545,28.861239552497864,4672924418048,33554432,466.0784144254586,3346725746.9658966,21005074432,2095.050317600651,0.47102416819146903,0.8590232370687428,3777259520,4102029312,55.0,280.88,1740.0,1593.0,55.0,303.99,1725.0,1593.0,20260803,2026-08-11T07:11:43.175216+00:00
prefillq256_b64_h65536_sparse_q8kv8_steady,full,prefill,sglang_sparse_q8kv8_fp8,steady,ok,,64,65536,256,2048,64,576,512,10,30,10.988160133361816,10.97766399383545,11.006431579589844,10.991112486521404,0.010255733760934624,1.6931667923927307,3.8100071251392365,24.575088173151016,9.767487645149231,39.845749735832214,4672924418048,33554432,425.2690497165446,3053689752.6750965,21005074432,1911.6097851746104,0.4297817581774074,0.783808012570126,4985219072,5309988864,55.0,276.36,1740.0,1593.0,57.0,289.31,1725.0,1593.0,20260803,2026-08-11T07:11:43.783305+00:00
prefillq256_b64_h131072_sparse_q8kv8_steady,full,prefill,sglang_sparse_q8kv8_fp8,steady,ok,,64,131072,256,2048,64,576,512,10,30,11.69603157043457,11.660063743591309,11.916383743286133,11.723466555277506,0.10396464013060631,2.014152705669403,3.6827735602855682,43.9431294798851,11.133227497339249,60.77328324317932,4672924418048,33554432,399.5307630547355,2868873241.1444125,21005074432,1795.9146489564023,0.40377035174809045,0.7363701016081142,7401138176,7725907968,55.0,278.33,1740.0,1593.0,56.0,316.04,1695.0,1593.0,20260803,2026-08-11T07:11:44.451688+00:00
prefillq256_b64_h262144_sparse_q8kv8_steady,full,prefill,sglang_sparse_q8kv8_fp8,steady,ok,,64,262144,256,2048,64,576,512,10,30,12.817503929138184,12.794528007507324,12.840607643127441,12.817366409301759,0.015235324214992579,2.4330951273441315,3.9847679436206818,82.43146166205406,12.412633746862411,101.26195847988129,4672924418048,33554432,364.57366768774574,2617860090.818487,21005074432,1638.7804168523728,0.368442311963361,0.6719411207944685,12232976384,12557746176,56.0,304.3,1740.0,1593.0,59.0,321.05,1725.0,1593.0,20260803,2026-08-11T07:11:45.120507+00:00
prefillq256_b64_h524288_sparse_q8kv8_steady,full,prefill,sglang_sparse_q8kv8_fp8,steady,ok,,64,524288,256,2048,64,576,512,10,30,13.603008270263672,13.578080177307129,13.829983711242676,13.622916253407796,0.06589209161678553,4.18427586555481,4.004199057817459,159.58992391824722,13.353969901800156,181.13236874341965,4672924418048,33554432,343.5213980030479,2466692023.804055,21005074432,1544.1492069013386,0.34716664780500045,0.6331399485185841,21896652800,22221422592,55.0,303.49,1740.0,1593.0,59.0,317.36,1665.0,1593.0,20260803,2026-08-11T07:11:45.872485+00:00
prefillq512_b64_h2048_sparse_q8kv8_steady,full,prefill,sglang_sparse_q8kv8_fp8,steady,ok,,64,2048,512,2048,64,576,512,10,30,18.381311416625977,18.361055374145508,18.550016403198242,18.422671763102212,0.0830039382814285,5.127888172864914,6.744612008333206,10.63457503914833,17.104215919971466,39.61129114031792,9345848836096,67108864,508.4429845219117,3650929059.35426,42010148864,2285.4815911557666,0.5138382865304817,0.9371048409682537,4909991936,5460983808,55.0,298.12,1740.0,1593.0,61.0,324.24,1650.0,1593.0,20260803,2026-08-11T07:11:46.728759+00:00
prefillq512_b64_h4096_sparse_q8kv8_steady,full,prefill,sglang_sparse_q8kv8_fp8,steady,ok,,64,4096,512,2048,64,576,512,10,30,18.42323112487793,18.056480407714844,18.580095291137695,18.39603411356608,0.15865581597368578,1.7951950430870056,6.822109222412109,11.155877262353897,16.84291660785675,36.61609813570976,9345848836096,67108864,507.2860874809182,3642621836.805766,42010148864,2280.2812698404095,0.5126691131691947,0.934972578648544,4985489408,5536481280,56.0,311.65,1740.0,1593.0,61.0,333.83,1395.0,1593.0,20260803,2026-08-11T07:11:47.646588+00:00
prefillq512_b64_h8192_sparse_q8kv8_steady,full,prefill,sglang_sparse_q8kv8_fp8,steady,ok,,64,8192,512,2048,64,576,512,10,30,18.448768615722656,18.420032501220703,18.591552734375,18.46810353597005,0.0553957666029108,2.197638154029846,6.752442568540573,12.424081563949585,17.031408846378326,38.40557113289833,9345848836096,67108864,506.5838826842435,3637579580.39582,42010148864,2277.124817327783,0.5119594569825604,0.9336783538596354,5136484352,5687476224,56.0,317.79,1740.0,1593.0,61.0,315.39,1545.0,1593.0,20260803,2026-08-11T07:11:48.622952+00:00
prefillq512_b64_h16384_sparse_q8kv8_steady,full,prefill,sglang_sparse_q8kv8_fp8,steady,ok,,64,16384,512,2048,64,576,512,10,30,19.461183547973633,19.445951461791992,19.6712646484375,19.518320020039877,0.09175835448561877,2.1864548325538635,6.898131221532822,14.780685305595398,17.12030917406082,40.985580533742905,9345848836096,67108864,480.2302394948186,3448344435.7107263,42010148864,2158.6636167549145,0.48532616421911934,0.8851062870561531,5438474240,5989466112,56.0,314.2,1740.0,1593.0,60.0,313.36,1605.0,1593.0,20260803,2026-08-11T07:11:49.609596+00:00
prefillq512_b64_h32768_sparse_q8kv8_steady,full,prefill,sglang_sparse_q8kv8_fp8,steady,ok,,64,32768,512,2048,64,576,512,10,30,19.81782341003418,19.806976318359375,19.85327911376953,19.819428062438966,0.012202097026159445,1.8626973032951355,6.864126771688461,19.644375890493393,17.367210239171982,45.73841020464897,9345848836096,67108864,471.5880570095302,3386288322.965951,42010148864,2119.8164901766854,0.47659227590654896,0.8691779897051534,6042454016,6593445888,60.0,313.36,1605.0,1593.0,60.0,331.26,1500.0,1593.0,20260803,2026-08-11T07:11:50.558777+00:00
prefillq512_b64_h65536_sparse_q8kv8_steady,full,prefill,sglang_sparse_q8kv8_fp8,steady,ok,,64,65536,512,2048,64,576,512,10,30,20.62428855895996,20.61520004272461,22.40608024597168,20.93809808095296,0.6420443774541322,2.053186297416687,6.989169865846634,29.418013989925385,18.962036818265915,57.42240697145462,9345848836096,67108864,453.1476957073419,3253875342.5676546,42010148864,2036.9259644473518,0.45795623618730863,0.835190792769526,7250413568,7801405440,58.0,316.56,1725.0,1593.0,56.0,347.46,1710.0,1593.0,20260803,2026-08-11T07:11:51.552010+00:00
prefillq512_b64_h131072_sparse_q8kv8_steady,full,prefill,sglang_sparse_q8kv8_fp8,steady,ok,,64,131072,512,2048,64,576,512,10,30,23.162559509277344,23.034175872802734,24.844160079956055,23.709365208943684,0.7850038058351672,2.426818013191223,7.014680653810501,48.71656373143196,21.648500114679337,79.80656251311302,9345848836096,67108864,403.4894689575515,2897299150.9474916,42010148864,1813.7092684931297,0.4077710651415376,0.7436663424422497,9666332672,10217324544,55.0,327.53,1740.0,1593.0,59.0,352.37,1680.0,1593.0,20260803,2026-08-11T07:11:52.626288+00:00
prefillq512_b64_h262144_sparse_q8kv8_steady,full,prefill,sglang_sparse_q8kv8_fp8,steady,ok,,64,262144,512,2048,64,576,512,10,30,25.286815643310547,25.24857521057129,26.90185546875,26.000066184997557,0.7889104292500188,3.3578500151634216,6.962254643440247,87.40245178341866,24.326995015144348,122.04955145716667,9345848836096,67108864,369.5937427601082,2653907275.104178,42010148864,1661.3459542152157,0.3735156571602913,0.6811935577353744,14498170880,15049162752,55.0,333.16,1740.0,1593.0,56.0,346.46,1710.0,1593.0,20260803,2026-08-11T07:11:53.860781+00:00
prefillq512_b64_h524288_sparse_q8kv8_steady,full,prefill,sglang_sparse_q8kv8_fp8,steady,ok,,64,524288,512,2048,64,576,512,10,30,28.302112579345703,27.104448318481445,28.409151077270508,27.83615036010742,0.5874651978290357,3.705821931362152,6.993617862462997,164.29243981838226,26.628218591213226,201.62009820342064,9345848836096,67108864,330.2173577995166,2371160944.6771355,42010148864,1484.3467513678868,0.3337214328443826,0.6086194401062428,24161847296,24712839168,56.0,336.1,1740.0,1593.0,57.0,348.61,1650.0,1593.0,20260803,2026-08-11T07:11:55.184690+00:00
prefillq1024_b64_h2048_sparse_q8kv8_steady,full,prefill,sglang_sparse_q8kv8_fp8,steady,ok,,64,2048,1024,2048,64,576,512,10,30,38.15776062011719,36.65296173095703,41.42041778564453,38.295180002848305,1.4885779361123324,6.139077246189117,12.550190091133118,20.559147000312805,34.8079577088356,74.05637204647064,18691697672192,134217728,489.8531089986852,3517442476.1509447,84020297728,2201.9189900704914,0.4950511460320214,0.9028420762608335,9442478080,10190061568,55.0,319.57,1740.0,1593.0,57.0,327.67,1710.0,1593.0,20260803,2026-08-11T07:11:56.604392+00:00
prefillq1024_b64_h4096_sparse_q8kv8_steady,full,prefill,sglang_sparse_q8kv8_fp8,steady,ok,,64,4096,1024,2048,64,576,512,10,30,38.25734329223633,36.69126510620117,39.480064392089844,38.23333346048991,1.1644324598978204,2.779413014650345,14.009498059749603,21.109741181135178,34.2949703335762,72.19362258911133,18691697672192,134217728,488.5780366245441,3508286683.0232086,84020297728,2196.1874635725285,0.49376254332950387,0.900492006477658,9517975552,10265559040,56.0,306.18,1740.0,1593.0,56.0,321.74,1710.0,1593.0,20260803,2026-08-11T07:11:58.405608+00:00
prefillq1024_b64_h8192_sparse_q8kv8_steady,full,prefill,sglang_sparse_q8kv8_fp8,steady,ok,,64,8192,1024,2048,64,576,512,10,30,38.52211380004883,36.77676773071289,42.17206573486328,38.419744873046874,1.5356841710274296,3.3897124230861664,12.428727000951767,22.22904935479164,34.163862466812134,72.21135124564171,18691697672192,134217728,485.21993806498506,3484173498.2837276,84020297728,2181.0926099256135,0.49036881057603343,0.8943027374496463,9668970496,10416553984,56.0,304.28,1740.0,1593.0,60.0,326.06,1725.0,1593.0,20260803,2026-08-11T07:12:00.198262+00:00
prefillq1024_b64_h16384_sparse_q8kv8_steady,full,prefill,sglang_sparse_q8kv8_fp8,steady,ok,,64,16384,1024,2048,64,576,512,10,30,39.22911834716797,36.943424224853516,40.88256072998047,38.75937589009603,1.4139897058335174,3.1923092901706696,12.616056948900223,24.604137986898422,35.11662781238556,75.52913203835487,18691697672192,134217728,476.4750894163644,3421380180.2071204,84020297728,2141.7839928096573,0.4815311666663612,0.8781852173901205,9970960384,10718543872,56.0,310.32,1740.0,1593.0,58.0,322.73,1740.0,1593.0,20260803,2026-08-11T07:12:01.962298+00:00
prefillq1024_b64_h32768_sparse_q8kv8_steady,full,prefill,sglang_sparse_q8kv8_fp8,steady,ok,,64,32768,1024,2048,64,576,512,10,30,39.43439865112305,39.41596984863281,42.04633712768555,39.99983126322429,0.9030248329989237,2.871379256248474,12.68170028924942,29.507845640182495,35.20173579454422,80.26266098022461,18691697672192,134217728,473.99474346135827,3403569791.628549,84020297728,2130.6346895594716,0.4790245007189068,0.8736137230978,10574940160,11322523648,56.0,288.42,1740.0,1593.0,58.0,327.66,1740.0,1593.0,20260803,2026-08-11T07:12:03.743374+00:00
prefillq1024_b64_h65536_sparse_q8kv8_steady,full,prefill,sglang_sparse_q8kv8_fp8,steady,ok,,64,65536,1024,2048,64,576,512,10,30,42.03644943237305,40.760032653808594,45.79190444946289,42.96974601745605,2.0065897636430323,3.006134182214737,12.662064284086227,39.039529860019684,38.29430043697357,93.00202876329422,18691697672192,134217728,444.6545301658418,3192889261.875587,84020297728,1998.7486779341175,0.44937294609989065,0.8195371466649026,11782899712,12530483200,56.0,295.47,1740.0,1593.0,58.0,326.73,1725.0,1593.0,20260803,2026-08-11T07:12:05.624869+00:00
prefillq1024_b64_h131072_sparse_q8kv8_steady,full,prefill,sglang_sparse_q8kv8_fp8,steady,ok,,64,131072,1024,2048,64,576,512,10,30,48.71686553955078,45.84483337402344,49.23641586303711,48.06725654602051,1.3082187384019432,3.3481642603874207,12.658961117267609,58.4653876721859,42.711514979600906,117.18402802944183,18691697672192,134217728,383.68021967704686,2755056724.47328,84020297728,1724.6655095202734,0.38775161159883464,0.707156165368683,14198818816,14946402304,56.0,303.45,1740.0,1593.0,59.0,330.91,1695.0,1593.0,20260803,2026-08-11T07:12:07.632078+00:00
prefillq1024_b64_h262144_sparse_q8kv8_steady,full,prefill,sglang_sparse_q8kv8_fp8,steady,ok,,64,262144,1024,2048,64,576,512,10,30,53.40150451660156,50.60153579711914,53.748863220214844,52.784721247355144,1.129225911236025,3.894105553627014,17.064057290554047,97.05131128430367,49.13470894098282,167.14418306946754,18691697672192,134217728,350.0219299323503,2513369786.39383,84020297728,1573.3694862825373,0.3537361596082368,0.6451209967880297,19030657024,19778240512,56.0,311.59,1740.0,1593.0,57.0,327.22,1710.0,1593.0,20260803,2026-08-11T07:12:09.859819+00:00
prefillq1024_b64_h524288_sparse_q8kv8_steady,full,prefill,sglang_sparse_q8kv8_fp8,steady,ok,,64,524288,1024,2048,64,576,512,10,30,56.085025787353516,53.95868682861328,56.38115310668945,55.63654670715332,0.8671515395839,6.162974983453751,12.760136276483536,174.07814040780067,52.58135497570038,245.58260664343834,18691697672192,134217728,333.2742993301208,2393111639.2615523,84020297728,1498.0878861777317,0.3368108128652055,0.614253650419086,28694333440,29441916928,56.0,303.07,1740.0,1593.0,57.0,329.97,1725.0,1593.0,20260803,2026-08-11T07:12:12.313247+00:00
prefillq2048_b64_h2048_sparse_q8kv8_steady,full,prefill,sglang_sparse_q8kv8_fp8,steady,ok,,64,2048,2048,2048,64,576,512,10,30,77.95008087158203,73.99756622314453,79.10050964355469,77.14787012736002,1.7921311651611196,35.54973378777504,24.35137704014778,63.496820628643036,72.29436188936234,195.6922933459282,37383395344384,268435456,479.5812259126561,3443684124.487708,168040595456,2155.746261929305,0.4846702636813099,0.88391009832268,18507450368,19927138304,57.0,308.08,1740.0,1593.0,58.0,326.68,1725.0,1593.0,20260803,2026-08-11T07:12:14.985161+00:00
prefillq2048_b64_h4096_sparse_q8kv8_steady,full,prefill,sglang_sparse_q8kv8_fp8,steady,ok,,64,4096,2048,2048,64,576,512,10,30,78.00240325927734,73.77101135253906,79.712158203125,77.29292729695638,1.9703840715672574,5.537927150726318,24.170581251382828,40.82011431455612,72.92573899030685,143.45436170697212,37383395344384,268435456,479.25953281366037,3441374172.892207,168040595456,2154.300232230522,0.48434515696175884,0.8833171898362772,18582947840,20002635776,56.0,312.3,1740.0,1593.0,57.0,335.11,1680.0,1593.0,20260803,2026-08-11T07:12:18.430356+00:00
prefillq2048_b64_h8192_sparse_q8kv8_steady,full,prefill,sglang_sparse_q8kv8_fp8,steady,ok,,64,8192,2048,2048,64,576,512,10,30,78.21622467041016,74.22771453857422,80.76774597167969,77.45753122965495,2.052587235994351,4.657518118619919,24.038899689912796,41.904717683792114,73.27230274677277,143.8734382390976,37383395344384,268435456,477.94937050351456,3431966412.7377825,168040595456,2148.410974373852,0.4830210919691911,0.880902446235387,18733942784,20153630720,56.0,306.62,1740.0,1593.0,57.0,334.68,1710.0,1593.0,20260803,2026-08-11T07:12:21.781406+00:00
prefillq2048_b64_h16384_sparse_q8kv8_steady,full,prefill,sglang_sparse_q8kv8_fp8,steady,ok,,64,16384,2048,2048,64,576,512,10,30,78.18319702148438,74.92489624023438,81.93545532226562,77.85828043619792,1.8315049273175614,5.238819867372513,24.206921458244324,44.31108385324478,71.72385603189468,145.4806812107563,37383395344384,268435456,478.1512750637611,3433416209.9592214,168040595456,2149.3185474344727,0.48322513902350794,0.8812745739794614,19035932672,20455620608,57.0,320.43,1740.0,1593.0,57.0,331.46,1725.0,1593.0,20260803,2026-08-11T07:12:25.183194+00:00
prefillq2048_b64_h32768_sparse_q8kv8_steady,full,prefill,sglang_sparse_q8kv8_fp8,steady,ok,,64,32768,2048,2048,64,576,512,10,30,79.20755004882812,74.63231658935547,84.42374420166016,79.47100346883138,3.2584726962143806,4.834156483411789,24.105198681354523,49.36975985765457,73.29530641436577,151.60442143678665,37383395344384,268435456,471.96757533011316,3389013494.7302475,168040595456,2121.522447701135,0.4769758214553948,0.8698774751268843,19639912448,21059600384,57.0,301.95,1740.0,1593.0,62.0,331.06,1650.0,1593.0,20260803,2026-08-11T07:12:28.586476+00:00
prefillq2048_b64_h65536_sparse_q8kv8_steady,full,prefill,sglang_sparse_q8kv8_fp8,steady,ok,,64,65536,2048,2048,64,576,512,10,30,87.42179107666016,82.79894256591797,90.63286590576172,86.7279446919759,2.4503557519391395,5.953263491392136,24.229615926742554,58.86354297399521,80.61780035495758,169.66422274708748,37383395344384,268435456,427.6210185582048,3070578315.7040215,168040595456,1922.1820256307174,0.4321586847480594,0.7881428966267892,20847872000,22267559936,57.0,311.6,1740.0,1593.0,62.0,322.68,1725.0,1593.0,20260803,2026-08-11T07:12:32.069718+00:00
prefillq2048_b64_h131072_sparse_q8kv8_steady,full,prefill,sglang_sparse_q8kv8_fp8,steady,ok,,64,131072,2048,2048,64,576,512,10,30,96.47824096679688,92.62726593017578,100.35673522949219,96.28706970214844,2.235935621045221,5.056589841842651,24.0870900452137,78.09125259518623,89.83978629112244,197.07471877336502,37383395344384,268435456,387.4800677310188,2782341938.5556836,168040595456,1741.7460535358582,0.3915917814360978,0.7141596173086663,23263791104,24683479040,57.0,295.92,1740.0,1593.0,58.0,331.89,1680.0,1593.0,20260803,2026-08-11T07:12:35.874261+00:00
prefillq2048_b64_h262144_sparse_q8kv8_steady,full,prefill,sglang_sparse_q8kv8_fp8,steady,ok,,64,262144,2048,2048,64,576,512,10,30,105.93260955810547,102.50640106201172,107.26290893554688,105.346213277181,1.7830196448928184,6.787370890378952,24.282053112983704,116.66817590594292,99.74904358386993,247.4866434931755,37383395344384,268435456,352.8978989597976,2534020988.624466,168040595456,1586.2971388789158,0.35664264675067975,0.6504216589667591,28095629312,29515317248,58.0,318.78,1740.0,1593.0,58.0,328.31,1740.0,1593.0,20260803,2026-08-11T07:12:40.099566+00:00
prefillq2048_b64_h524288_sparse_q8kv8_steady,full,prefill,sglang_sparse_q8kv8_fp8,steady,ok,,64,524288,2048,2048,64,576,512,10,30,110.76553344726562,108.85215759277344,113.98786926269531,111.1398801167806,1.7390775171628383,7.254328578710556,24.337217211723328,193.48576664924622,107.68076777458191,332.758080214262,37383395344384,268435456,337.5002510341528,2423456536.0333815,168040595456,1517.0837915568968,0.3410816079172843,0.6220424486129881,37759305728,39178993664,57.0,302.66,1740.0,1593.0,58.0,331.26,1695.0,1593.0,20260803,2026-08-11T07:12:44.729544+00:00
prefillq4096_b64_h2048_sparse_q8kv8_steady,full,prefill,sglang_sparse_q8kv8_fp8,steady,ok,,64,2048,4096,2048,64,576,512,10,30,154.38211059570312,147.04559326171875,156.2493438720703,153.36329091389973,3.0808127568217416,9.894344955682755,46.914421021938324,79.41331714391708,147.50482887029648,283.72691199183464,74766790688768,536870912,484.2969849309015,3477546134.901349,336081190912,2176.9438804482447,0.4894360635986877,0.8926016541890526,36637394944,39126564864,58.0,315.97,1740.0,1593.0,59.0,339.53,1695.0,1593.0,20260803,2026-08-11T07:12:49.680444+00:00
prefillq4096_b64_h4096_sparse_q8kv8_steady,full,prefill,sglang_sparse_q8kv8_fp8,steady,ok,,64,4096,4096,2048,64,576,512,10,30,154.4912567138672,147.83193969726562,157.87014770507812,153.65347035725912,3.1513334825009,9.4083771109581,46.807534992694855,80.13368025422096,149.9219387769699,286.2715311348438,74766790688768,536870912,483.95483523862686,3475089292.556776,336081190912,2175.405897140542,0.4890902832123566,0.8919710424140316,36712892416,39202062336,59.0,325.77,1740.0,1593.0,62.0,333.36,1725.0,1593.0,20260803,2026-08-11T07:12:56.204209+00:00
prefillq4096_b64_h8192_sparse_q8kv8_steady,full,prefill,sglang_sparse_q8kv8_fp8,steady,ok,,64,8192,4096,2048,64,576,512,10,30,154.8111114501953,148.89846801757812,157.9482879638672,153.90329030354818,2.9667059205605373,9.458500891923904,46.79877683520317,81.0055360198021,149.27569776773453,286.5385115146637,74766790688768,536870912,482.9549377198382,3467909421.8163934,336081190912,2170.911298057062,0.48807977536113006,0.8901281439301237,36863887360,39353057280,58.0,319.46,1740.0,1593.0,60.0,331.67,1695.0,1593.0,20260803,2026-08-11T07:13:02.765685+00:00
prefillq4096_b64_h16384_sparse_q8kv8_steady,full,prefill,sglang_sparse_q8kv8_fp8,steady,ok,,64,16384,4096,2048,64,576,512,10,30,154.8868408203125,148.74185180664062,159.55836486816406,154.52403615315754,3.398309511216521,9.011037647724152,46.62718251347542,83.70653912425041,149.84478056430817,289.18953984975815,74766790688768,536870912,482.7188048564211,3466213844.614697,336081190912,2169.8498667288004,0.48784113679274493,0.8896929304329252,37165877248,39655047168,58.0,312.91,1740.0,1593.0,61.0,335.43,1680.0,1593.0,20260803,2026-08-11T07:13:09.333521+00:00
prefillq4096_b64_h32768_sparse_q8kv8_steady,full,prefill,sglang_sparse_q8kv8_fp8,steady,ok,,64,32768,4096,2048,64,576,512,10,30,156.0542449951172,151.59715270996094,164.54544067382812,156.7055404663086,3.596378733207866,9.026087820529938,46.90486565232277,88.64367008209229,151.82214230298996,296.39676585793495,74766790688768,536870912,479.1077018834534,3440283934.7099996,336081190912,2153.6177431284596,0.48419171488979623,0.8830373521670851,37769857024,40259026944,58.0,310.76,1740.0,1593.0,63.0,338.27,1695.0,1593.0,20260803,2026-08-11T07:13:15.934058+00:00
prefillq4096_b64_h65536_sparse_q8kv8_steady,full,prefill,sglang_sparse_q8kv8_fp8,steady,ok,,64,65536,4096,2048,64,576,512,10,30,173.36029052734375,166.34197998046875,176.1796417236328,172.1760518391927,3.307519797447425,9.349603205919266,47.05190658569336,97.8269949555397,164.06327486038208,318.2917796075344,74766790688768,536870912,431.27979574408477,3096850555.3774467,336081190912,1938.6284476662815,0.4358562867550124,0.7948863426321191,38977816576,41466986496,58.0,313.24,1740.0,1593.0,58.0,336.18,1635.0,1593.0,20260803,2026-08-11T07:13:22.646686+00:00
prefillq4096_b64_h131072_sparse_q8kv8_steady,full,prefill,sglang_sparse_q8kv8_fp8,steady,ok,,64,131072,4096,2048,64,576,512,10,30,191.1269073486328,187.3573455810547,196.8297576904297,191.6504633585612,2.785254428830561,9.877592325210571,46.93939909338951,117.03559383749962,183.1904910504818,357.0430763065815,74766790688768,536870912,391.18924554346813,2808976085.3017874,336081190912,1758.4190293989188,0.39534031889183235,0.7209959560720512,41393735680,43882905600,58.0,322.51,1740.0,1593.0,58.0,325.86,1725.0,1593.0,20260803,2026-08-11T07:13:29.979048+00:00
prefillq4096_b64_h262144_sparse_q8kv8_steady,full,prefill,sglang_sparse_q8kv8_fp8,steady,ok,,64,262144,4096,2048,64,576,512,10,30,209.36288452148438,206.07373046875,214.0089569091797,210.364870707194,2.824423812910238,10.371707379817963,47.37083986401558,156.13525733351707,201.84314250946045,415.72094708681107,74766790688768,536870912,357.1157842024076,2564307963.310027,336081190912,1605.256785032077,0.36090528974472724,0.6581955899675281,46225573888,48714743808,57.0,292.87,1740.0,1593.0,58.0,324.25,1725.0,1593.0,20260803,2026-08-11T07:13:38.269843+00:00
prefillq4096_b64_h524288_sparse_q8kv8_steady,full,prefill,sglang_sparse_q8kv8_fp8,steady,ok,,64,524288,4096,2048,64,576,512,10,30,222.7269744873047,218.58802795410156,225.5523223876953,222.44471333821613,2.484381553265679,12.321699410676956,46.99457436800003,232.772134244442,215.71575105190277,507.80415907502174,74766790688768,536870912,335.6880811624803,2410444057.0605483,336081190912,1508.9379797199033,0.3392502083501569,0.6187024612179451,55889250304,58378420224,58.0,308.61,1740.0,1593.0,59.0,331.54,1680.0,1593.0,20260803,2026-08-11T07:13:47.279138+00:00
prefillq8192_b64_h2048_sparse_q8kv8_steady,full,prefill,sglang_sparse_q8kv8_fp8,steady,ok,,64,2048,8192,2048,64,576,512,10,30,307.8816223144531,303.75054931640625,310.43701171875,307.22276407877604,2.3804290061457167,14.035865664482117,94.01381015777588,158.68521109223366,291.9251434504986,558.6600303649902,149533581377536,1073741824,485.68531065102263,3487515155.7547007,672162381824,2183.1844875024426,0.49083912142599556,0.895160459783331,72897284096,77529612288,58.0,318.68,1740.0,1593.0,58.0,322.07,1740.0,1593.0,20260803,2026-08-11T07:13:56.842270+00:00
prefillq8192_b64_h4096_sparse_q8kv8_steady,full,prefill,sglang_sparse_q8kv8_fp8,steady,ok,,64,4096,8192,2048,64,576,512,10,30,308.249267578125,298.1451110839844,313.0362854003906,307.5255594889323,4.415293842673977,18.035423010587692,93.54807808995247,158.53916108608246,294.96220126748085,565.0848634541035,149533581377536,1073741824,485.106039512769,3483355637.5859447,672162381824,2180.5806291288013,0.4902537033984527,0.8940928124670815,72972781568,77605109760,58.0,308.75,1740.0,1593.0,59.0,330.01,1725.0,1593.0,20260803,2026-08-11T07:14:09.879025+00:00
prefillq8192_b64_h8192_sparse_q8kv8_steady,full,prefill,sglang_sparse_q8kv8_fp8,steady,ok,,64,8192,8192,2048,64,576,512,10,30,308.91845703125,304.6204833984375,311.864990234375,308.25055643717445,1.9673955525125426,61.17917224764824,96.65494784712791,159.72259268164635,293.6483882367611,611.2051010131836,149533581377536,1073741824,484.0551866488485,3475809876.557104,672162381824,2175.856982724747,0.4891916994935306,0.8921559988303447,73123776512,77756104704,59.0,320.21,1740.0,1593.0,58.0,326.26,1725.0,1593.0,20260803,2026-08-11T07:14:22.906098+00:00
prefillq8192_b64_h16384_sparse_q8kv8_steady,full,prefill,sglang_sparse_q8kv8_fp8,steady,ok,,64,16384,8192,2048,64,576,512,10,30,309.38128662109375,305.375244140625,312.6772766113281,309.0198557535807,2.0203458386369504,63.3581317961216,94.08584609627724,162.52893581986427,295.14020308852196,615.1131168007851,149533581377536,1073741824,483.33104762303594,3470610119.0762577,672162381824,2172.601934541737,0.4884598763244426,0.8908213473408348,73425766400,78058094592,58.0,316.52,1740.0,1593.0,59.0,330.68,1725.0,1593.0,20260803,2026-08-11T07:14:35.992993+00:00
prefillq8192_b64_h32768_sparse_q8kv8_steady,full,prefill,sglang_sparse_q8kv8_fp8,steady,ok,,64,32768,8192,2048,64,576,512,10,30,313.805419921875,307.1441345214844,321.4963073730469,313.98338317871094,4.831971628847085,45.63697800040245,94.38524767756462,167.81722009181976,298.93190041184425,606.7713461816311,149533581377536,1073741824,476.51688557439155,3421680301.9760423,672162381824,2141.9718690370023,0.48157340634097173,0.8782622513609165,74029746176,78662074368,59.0,317.17,1740.0,1593.0,59.0,327.46,1725.0,1593.0,20260803,2026-08-11T07:14:49.108273+00:00
prefillq8192_b64_h65536_sparse_q8kv8_steady,full,prefill,sglang_sparse_q8kv8_fp8,steady,ok,,64,65536,8192,2048,64,576,512,10,30,345.3418884277344,338.1880187988281,350.8404235839844,345.3877360026042,3.8175671852148976,53.46883460879326,93.97898614406586,177.2792860865593,329.84087616205215,654.5679830014706,149533581377536,1073741824,433.0015743480453,3109213970.215169,672162381824,1946.3679453546958,0.43759633587473,0.7980597310236693,75237705728,79870033920,58.0,314.08,1740.0,1593.0,58.0,319.08,1740.0,1593.0,20260803,2026-08-11T07:15:02.435360+00:00
prefillq8192_b64_h131072_sparse_q8kv8_steady,full,prefill,sglang_sparse_q8kv8_fp8,steady,ok,,64,131072,8192,2048,64,576,512,10,30,386.36944580078125,382.0658264160156,391.3054504394531,386.37925923665364,3.07353469517742,19.107893109321594,93.64123269915581,196.5630240738392,368.0998459458351,677.4119958281517,149533581377536,1073741824,387.02227363661177,2779054699.2518654,672162381824,1739.6882417316676,0.39112912949632317,0.7133158627971572,77653624832,82285953024,57.0,294.31,1740.0,1593.0,58.0,320.29,1740.0,1593.0,20260803,2026-08-11T07:15:17.090954+00:00
prefillq8192_b64_h262144_sparse_q8kv8_steady,full,prefill,sglang_sparse_q8kv8_fp8,steady,ok,,64,262144,8192,2048,64,576,512,10,30,421.21240234375,417.8248291015625,426.321044921875,421.69187622070314,2.471006792183996,19.601698964834213,117.0278787612915,234.39475521445274,403.18187698721886,774.2062099277973,149533581377536,1073741824,355.00754618213296,2549169535.4300675,672162381824,1595.7801291792225,0.35877468032555127,0.6543099231084005,82485463040,82671828992,57.0,297.99,1740.0,1593.0,59.0,327.95,1725.0,1593.0,20260803,2026-08-11T07:15:33.483794+00:00
prefillq8192_b64_h524288_sparse_q8kv8_steady,full,prefill,sglang_sparse_q8kv8_fp8,steady,skipped_memory_limit,"runtime OOM: CUDA out of memory. Tried to allocate 4.00 GiB. GPU 0 has a total capacity of 79.18 GiB of which 672.31 MiB is free. Including non-PyTorch memory, this process has 78.51 GiB memory in use. Of the allocated memory 77.82 GiB is allocated by PyTorch, and 181.67 MiB is reserved by PyTorch but unallocated. If reserved but unallocated memory is large try setting PYTORCH_CUDA_ALLOC_CONF=expandable_segments:True to avoid fragmentation.  See documentation for Memory Management  (https://pytorch.org/docs/stable/notes/cuda.html#environment-variables)",64,524288,8192,2048,64,576,512,10,30,,,,,,,,,,,,,,,,,,,,,58.0,319.02,1740.0,1593.0,57.0,232.75,1755.0,1593.0,20260803,2026-08-11T07:15:51.345674+00:00
prefillq16384_b64_h2048_sparse_q8kv8_steady,full,prefill,sglang_sparse_q8kv8_fp8,steady,skipped_memory_limit,skipped_memory_limit: estimated live tensors 109.3 GiB exceed current free GPU memory 78.4 GiB,64,2048,16384,2048,64,576,512,10,30,,,,,,,,,,,,,,,,,,,,,,,,,,,,,20260803,2026-08-11T07:15:52.059941+00:00
prefillq16384_b64_h4096_sparse_q8kv8_steady,full,prefill,sglang_sparse_q8kv8_fp8,steady,skipped_memory_limit,skipped_memory_limit: estimated live tensors 109.3 GiB exceed current free GPU memory 78.4 GiB,64,4096,16384,2048,64,576,512,10,30,,,,,,,,,,,,,,,,,,,,,,,,,,,,,20260803,2026-08-11T07:15:52.064283+00:00
prefillq16384_b64_h8192_sparse_q8kv8_steady,full,prefill,sglang_sparse_q8kv8_fp8,steady,skipped_memory_limit,skipped_memory_limit: estimated live tensors 109.5 GiB exceed current free GPU memory 78.4 GiB,64,8192,16384,2048,64,576,512,10,30,,,,,,,,,,,,,,,,,,,,,,,,,,,,,20260803,2026-08-11T07:15:52.071236+00:00
prefillq16384_b64_h16384_sparse_q8kv8_steady,full,prefill,sglang_sparse_q8kv8_fp8,steady,skipped_memory_limit,skipped_memory_limit: estimated live tensors 109.8 GiB exceed current free GPU memory 78.4 GiB,64,16384,16384,2048,64,576,512,10,30,,,,,,,,,,,,,,,,,,,,,,,,,,,,,20260803,2026-08-11T07:15:52.076307+00:00
prefillq16384_b64_h32768_sparse_q8kv8_steady,full,prefill,sglang_sparse_q8kv8_fp8,steady,skipped_memory_limit,skipped_memory_limit: estimated live tensors 110.3 GiB exceed current free GPU memory 78.4 GiB,64,32768,16384,2048,64,576,512,10,30,,,,,,,,,,,,,,,,,,,,,,,,,,,,,20260803,2026-08-11T07:15:52.080144+00:00
prefillq16384_b64_h65536_sparse_q8kv8_steady,full,prefill,sglang_sparse_q8kv8_fp8,steady,skipped_memory_limit,skipped_memory_limit: estimated live tensors 111.5 GiB exceed current free GPU memory 78.4 GiB,64,65536,16384,2048,64,576,512,10,30,,,,,,,,,,,,,,,,,,,,,,,,,,,,,20260803,2026-08-11T07:15:52.086355+00:00
prefillq16384_b64_h131072_sparse_q8kv8_steady,full,prefill,sglang_sparse_q8kv8_fp8,steady,skipped_memory_limit,skipped_memory_limit: estimated live tensors 113.7 GiB exceed current free GPU memory 78.4 GiB,64,131072,16384,2048,64,576,512,10,30,,,,,,,,,,,,,,,,,,,,,,,,,,,,,20260803,2026-08-11T07:15:52.095396+00:00
prefillq16384_b64_h262144_sparse_q8kv8_steady,full,prefill,sglang_sparse_q8kv8_fp8,steady,skipped_memory_limit,skipped_memory_limit: estimated live tensors 118.2 GiB exceed current free GPU memory 78.4 GiB,64,262144,16384,2048,64,576,512,10,30,,,,,,,,,,,,,,,,,,,,,,,,,,,,,20260803,2026-08-11T07:15:52.105890+00:00
prefillq16384_b64_h524288_sparse_q8kv8_steady,full,prefill,sglang_sparse_q8kv8_fp8,steady,skipped_memory_limit,skipped_memory_limit: estimated live tensors 127.2 GiB exceed current free GPU memory 78.4 GiB,64,524288,16384,2048,64,576,512,10,30,,,,,,,,,,,,,,,,,,,,,,,,,,,,,20260803,2026-08-11T07:15:52.110420+00:00
prefillq32768_b64_h2048_sparse_q8kv8_steady,full,prefill,sglang_sparse_q8kv8_fp8,steady,skipped_memory_limit,skipped_memory_limit: estimated live tensors 218.3 GiB exceed current free GPU memory 78.4 GiB,64,2048,32768,2048,64,576,512,10,30,,,,,,,,,,,,,,,,,,,,,,,,,,,,,20260803,2026-08-11T07:15:52.117098+00:00
prefillq32768_b64_h4096_sparse_q8kv8_steady,full,prefill,sglang_sparse_q8kv8_fp8,steady,skipped_memory_limit,skipped_memory_limit: estimated live tensors 218.4 GiB exceed current free GPU memory 78.4 GiB,64,4096,32768,2048,64,576,512,10,30,,,,,,,,,,,,,,,,,,,,,,,,,,,,,20260803,2026-08-11T07:15:52.121632+00:00
prefillq32768_b64_h8192_sparse_q8kv8_steady,full,prefill,sglang_sparse_q8kv8_fp8,steady,skipped_memory_limit,skipped_memory_limit: estimated live tensors 218.5 GiB exceed current free GPU memory 78.4 GiB,64,8192,32768,2048,64,576,512,10,30,,,,,,,,,,,,,,,,,,,,,,,,,,,,,20260803,2026-08-11T07:15:52.126560+00:00
prefillq32768_b64_h16384_sparse_q8kv8_steady,full,prefill,sglang_sparse_q8kv8_fp8,steady,skipped_memory_limit,skipped_memory_limit: estimated live tensors 218.8 GiB exceed current free GPU memory 78.4 GiB,64,16384,32768,2048,64,576,512,10,30,,,,,,,,,,,,,,,,,,,,,,,,,,,,,20260803,2026-08-11T07:15:52.130853+00:00
prefillq32768_b64_h32768_sparse_q8kv8_steady,full,prefill,sglang_sparse_q8kv8_fp8,steady,skipped_memory_limit,skipped_memory_limit: estimated live tensors 219.4 GiB exceed current free GPU memory 78.4 GiB,64,32768,32768,2048,64,576,512,10,30,,,,,,,,,,,,,,,,,,,,,,,,,,,,,20260803,2026-08-11T07:15:52.136815+00:00
prefillq32768_b64_h65536_sparse_q8kv8_steady,full,prefill,sglang_sparse_q8kv8_fp8,steady,skipped_memory_limit,skipped_memory_limit: estimated live tensors 220.5 GiB exceed current free GPU memory 78.4 GiB,64,65536,32768,2048,64,576,512,10,30,,,,,,,,,,,,,,,,,,,,,,,,,,,,,20260803,2026-08-11T07:15:52.141131+00:00
prefillq32768_b64_h131072_sparse_q8kv8_steady,full,prefill,sglang_sparse_q8kv8_fp8,steady,skipped_memory_limit,skipped_memory_limit: estimated live tensors 222.8 GiB exceed current free GPU memory 78.4 GiB,64,131072,32768,2048,64,576,512,10,30,,,,,,,,,,,,,,,,,,,,,,,,,,,,,20260803,2026-08-11T07:15:52.145757+00:00
prefillq32768_b64_h262144_sparse_q8kv8_steady,full,prefill,sglang_sparse_q8kv8_fp8,steady,skipped_memory_limit,skipped_memory_limit: estimated live tensors 227.3 GiB exceed current free GPU memory 78.4 GiB,64,262144,32768,2048,64,576,512,10,30,,,,,,,,,,,,,,,,,,,,,,,,,,,,,20260803,2026-08-11T07:15:52.152465+00:00
prefillq32768_b64_h524288_sparse_q8kv8_steady,full,prefill,sglang_sparse_q8kv8_fp8,steady,skipped_memory_limit,skipped_memory_limit: estimated live tensors 236.3 GiB exceed current free GPU memory 78.4 GiB,64,524288,32768,2048,64,576,512,10,30,,,,,,,,,,,,,,,,,,,,,,,,,,,,,20260803,2026-08-11T07:15:52.158514+00:00
prefillq2_b128_h2048_sparse_q8kv8_steady,full,prefill,sglang_sparse_q8kv8_fp8,steady,ok,,128,2048,2,2048,64,576,512,10,30,0.24713599681854248,0.24451200664043427,0.252703994512558,0.2476362665494283,0.002442721525027109,19.309792667627335,1.2462101876735687,1.7662160098552704,0.30075758695602417,22.622976452112198,73014444032,524288,295.4423676515657,2121455420.292148,328204288,1328.0310931028848,0.2985774306736389,0.5445260951210418,823411712,876609536,57.0,186.01,1755.0,1593.0,57.0,186.07,1755.0,1593.0,20260803,2026-08-11T07:15:52.167580+00:00
prefillq2_b128_h4096_sparse_q8kv8_steady,full,prefill,sglang_sparse_q8kv8_fp8,steady,ok,,128,4096,2,2048,64,576,512,10,30,0.2634879946708679,0.2604160010814667,0.26844799518585205,0.26358826557795206,0.0021024689013963804,0.8179806172847748,1.07535719871521,3.003198653459549,0.31479448080062866,5.211330950260162,73014444032,524288,277.10728954920654,1989798437.1352725,328204288,1245.6138216466804,0.28004779135847047,0.5107329443208436,974406656,1027604480,57.0,184.31,1755.0,1593.0,57.0,186.26,1755.0,1593.0,20260803,2026-08-11T07:15:52.366367+00:00
prefillq2_b128_h8192_sparse_q8kv8_steady,full,prefill,sglang_sparse_q8kv8_fp8,steady,ok,,128,8192,2,2048,64,576,512,10,30,0.26131200790405273,0.25804799795150757,0.26495999097824097,0.2614549348751704,0.0019734185439233137,0.888235867023468,1.0134167969226837,5.302391946315765,0.31102821230888367,7.515072822570801,73014444032,524288,279.41480614549135,2006367806.0768855,328204288,1255.9862466041304,0.28237979398230556,0.5149858990056768,1276396544,1329594368,57.0,173.75,1755.0,1593.0,58.0,160.81,1755.0,1593.0,20260803,2026-08-11T07:15:52.511344+00:00
prefillq2_b128_h16384_sparse_q8kv8_steady,full,prefill,sglang_sparse_q8kv8_fp8,steady,ok,,128,16384,2,2048,64,576,512,10,30,0.27907198667526245,0.2752639949321747,0.2839680016040802,0.2796063999334971,0.002644125494880205,0.9171478450298309,1.0261572897434235,10.148897767066956,0.33596158027648926,12.4281644821167,73014444032,524288,261.63301054276747,1878683726.8983185,328204288,1176.0560130383474,0.2644093082797044,0.482212496190238,1880376320,1933574144,56.0,145.68,1755.0,1593.0,56.0,132.54,1755.0,1593.0,20260803,2026-08-11T07:15:52.624326+00:00
prefillq2_b128_h32768_sparse_q8kv8_steady,full,prefill,sglang_sparse_q8kv8_fp8,steady,ok,,128,32768,2,2048,64,576,512,10,30,0.2825919985771179,0.2784320116043091,0.2865599989891052,0.28257066706816353,0.002393469565162514,1.0805167257785797,1.1045895516872406,19.792191684246063,0.3348253667354584,22.312123328447342,73014444032,524288,258.3740672051432,1855282536.8016372,328204288,1161.406868037825,0.2611157829258648,0.47620597889902083,3088335872,3141533696,57.0,121.62,1755.0,1593.0,58.0,122.22,1755.0,1593.0,20260803,2026-08-11T07:15:52.764258+00:00
prefillq2_b128_h65536_sparse_q8kv8_steady,full,prefill,sglang_sparse_q8kv8_fp8,steady,ok,,128,65536,2,2048,64,576,512,10,30,0.28064000606536865,0.2758080065250397,0.28303998708724976,0.280252801378568,0.0021470589170465193,1.34962797164917,1.0898634791374207,39.0302836894989,0.3412887454032898,41.81106388568878,73014444032,524288,260.1711889038121,1868186960.763816,328204288,1169.485037438149,0.2629319746375059,0.47951823119652326,5504254976,5557452800,56.0,121.83,1755.0,1593.0,57.0,132.21,1755.0,1593.0,20260803,2026-08-11T07:15:52.896935+00:00
prefillq2_b128_h131072_sparse_q8kv8_steady,full,prefill,sglang_sparse_q8kv8_fp8,steady,ok,,128,131072,2,2048,64,576,512,10,30,0.2871679961681366,0.282368004322052,0.2932479977607727,0.2872629334529241,0.002909765070149829,1.9928030669689178,1.1137500405311584,77.82595604658127,0.3390870988368988,81.27159625291824,73014444032,524288,254.25689842279678,1825718767.3971505,328204288,1142.8999483906161,0.25695492513673246,0.4686176771336851,10336093184,10389291008,57.0,130.75,1755.0,1593.0,58.0,148.42,1755.0,1593.0,20260803,2026-08-11T07:15:53.094292+00:00
prefillq2_b128_h262144_sparse_q8kv8_steady,full,prefill,sglang_sparse_q8kv8_fp8,steady,ok,,128,262144,2,2048,64,576,512,10,30,0.28486400842666626,0.2809920012950897,0.2896000146865845,0.2847541332244873,0.0024079196607448834,3.0384361743927,1.168079674243927,155.16716241836548,0.34314021468162537,159.71681848168373,73014444032,524288,256.31333503753746,1840485229.761729,328204288,1152.1437538308423,0.2590331834639085,0.4724078694767457,19999769600,20052967424,58.0,148.35,1755.0,1593.0,57.0,180.42,1755.0,1593.0,20260803,2026-08-11T07:15:53.316350+00:00
prefillq2_b128_h524288_sparse_q8kv8_steady,full,prefill,sglang_sparse_q8kv8_fp8,steady,ok,,128,524288,2,2048,64,576,512,10,30,0.28512001037597656,0.28198400139808655,0.2882879972457886,0.2852960000435511,0.0018817844487934025,5.286693572998047,1.1480450630187988,309.91313233971596,0.34270063042640686,316.6905716061592,73014444032,524288,256.08319786365996,1838832705.248018,328204288,1151.1092734852593,0.2588006042078423,0.4719837065591864,39327122432,39380320256,56.0,178.53,1755.0,1593.0,57.0,228.92,1755.0,1593.0,20260803,2026-08-11T07:15:53.601763+00:00
prefillq4_b128_h2048_sparse_q8kv8_steady,full,prefill,sglang_sparse_q8kv8_fp8,steady,ok,,128,2048,4,2048,64,576,512,10,30,0.35836800932884216,0.3564800024032593,0.36073601245880127,0.3584928015867869,0.0014052441016456398,9.340252727270126,1.1751241981983185,1.8872879445552826,0.41407346725463867,12.816738337278366,146028888064,1048576,407.48304609411275,2925975457.362367,656408576,1831.660636308842,0.4118070198020341,0.7510268540067286,849904640,950009856,56.0,224.06,1755.0,1593.0,57.0,216.92,1755.0,1593.0,20260803,2026-08-11T07:15:54.134927+00:00
prefillq4_b128_h4096_sparse_q8kv8_steady,full,prefill,sglang_sparse_q8kv8_fp8,steady,ok,,128,4096,4,2048,64,576,512,10,30,0.3773120045661926,0.3760640025138855,0.3795520067214966,0.3776383986075719,0.0016552258873790999,0.7965750992298126,1.1954419314861298,3.101363778114319,0.4275590181350708,5.520939826965332,146028888064,1048576,387.0242300715928,2779068747.641837,656408576,1739.6970360237901,0.3911311066918573,0.7133194686777526,1000899584,1101004800,57.0,214.46,1755.0,1593.0,56.0,202.2,1755.0,1593.0,20260803,2026-08-11T07:15:54.307242+00:00
prefillq4_b128_h8192_sparse_q8kv8_steady,full,prefill,sglang_sparse_q8kv8_fp8,steady,ok,,128,8192,4,2048,64,576,512,10,30,0.4102399945259094,0.408160001039505,0.41731199622154236,0.4108927994966507,0.0027970469386352373,0.8647441864013672,1.2109950184822083,5.426488816738129,0.4625879228115082,7.964815944433212,146028888064,1048576,355.95965779191545,2556006274.3560104,656408576,1600.0599277468625,0.35973689519142543,0.656064747987159,1302889472,1402994688,56.0,183.1,1755.0,1593.0,55.0,190.5,1755.0,1593.0,20260803,2026-08-11T07:15:54.474095+00:00
prefillq4_b128_h16384_sparse_q8kv8_steady,full,prefill,sglang_sparse_q8kv8_fp8,steady,ok,,128,16384,4,2048,64,576,512,10,30,0.4679679870605469,0.4644800126552582,0.4765760004520416,0.4690272003412247,0.0037075398141478582,0.9881407022476196,1.2491606175899506,10.255683213472366,0.5182810127735138,13.01126554608345,146028888064,1048576,312.04888390176654,2240700280.774404,656408576,1402.6783757647768,0.315360165640997,0.5751333554106378,1906869248,2006974464,56.0,187.29,1755.0,1593.0,56.0,169.62,1755.0,1593.0,20260803,2026-08-11T07:15:54.677856+00:00
prefillq4_b128_h32768_sparse_q8kv8_steady,full,prefill,sglang_sparse_q8kv8_fp8,steady,ok,,128,32768,4,2048,64,576,512,10,30,0.4792320132255554,0.4751040041446686,0.4843840003013611,0.47962560256322223,0.0033015253726549286,1.696765422821045,1.262858510017395,20.110346376895905,0.5308650434017181,23.600835353136063,146028888064,1048576,304.7143847530695,2188034127.650143,656408576,1369.7093639089894,0.3079478370420106,0.5616152326956899,3114828800,3214934016,55.0,141.34,1755.0,1593.0,56.0,133.16,1755.0,1593.0,20260803,2026-08-11T07:15:54.869321+00:00
prefillq4_b128_h65536_sparse_q8kv8_steady,full,prefill,sglang_sparse_q8kv8_fp8,steady,ok,,128,65536,4,2048,64,576,512,10,30,0.4715520143508911,0.46723198890686035,0.4790079891681671,0.47168106635411583,0.0032509599224356,1.37387216091156,1.3608112931251526,39.07640650868416,0.5261898040771484,42.33727976679802,146028888064,1048576,309.67715887082824,2223669856.322009,656408576,1392.0173300575777,0.31296327323984663,0.5707620589711211,5530747904,5630853120,56.0,132.15,1755.0,1593.0,57.0,145.45,1755.0,1593.0,20260803,2026-08-11T07:15:55.088749+00:00
prefillq4_b128_h131072_sparse_q8kv8_steady,full,prefill,sglang_sparse_q8kv8_fp8,steady,ok,,128,131072,4,2048,64,576,512,10,30,0.48895999789237976,0.48559999465942383,0.4940800070762634,0.4896597325801849,0.0028612787536995833,1.948818564414978,1.9531697034835815,77.86919921636581,0.5452819168567657,82.31646940112114,146028888064,1048576,298.65201385275896,2144502627.044742,656408576,1342.4586445300085,0.3018211357784325,0.5504417534829361,10362586112,10462691328,55.0,141.42,1755.0,1593.0,57.0,161.0,1755.0,1593.0,20260803,2026-08-11T07:15:55.226656+00:00
prefillq4_b128_h262144_sparse_q8kv8_steady,full,prefill,sglang_sparse_q8kv8_fp8,steady,ok,,128,262144,4,2048,64,576,512,10,30,0.4920639991760254,0.4867199957370758,0.49878400564193726,0.4920533349116643,0.003674098743968092,3.2469667494297028,1.4912299811840057,155.32411634922028,0.5470030009746552,160.60931608080864,146028888064,1048576,296.76807957609043,2130974836.110484,656408576,1333.9902474051628,0.2999172102840732,0.5469694980197357,20026262528,20126367744,56.0,159.7,1755.0,1593.0,56.0,189.05,1755.0,1593.0,20260803,2026-08-11T07:15:55.473388+00:00
prefillq4_b128_h524288_sparse_q8kv8_steady,full,prefill,sglang_sparse_q8kv8_fp8,steady,ok,,128,524288,4,2048,64,576,512,10,30,0.4928640127182007,0.48841598629951477,0.49718400835990906,0.49305280148983,0.002951244450350125,6.799444556236267,1.4096051454544067,309.9657744169235,0.5472935736179352,318.72211769223213,146028888064,1048576,296.28636763036155,2127515852.1251833,656408576,1331.8249234303648,0.299430386690613,0.5460816608186398,39353615360,39453720576,55.0,188.36,1755.0,1593.0,56.0,238.43,1755.0,1593.0,20260803,2026-08-11T07:15:55.820831+00:00
prefillq8_b128_h2048_sparse_q8kv8_steady,full,prefill,sglang_sparse_q8kv8_fp8,steady,ok,,128,2048,8,2048,64,576,512,10,30,0.5966079831123352,0.5953279733657837,0.6001920104026794,0.5970773299535116,0.0018481964607989273,8.321128785610199,1.0185390710830688,1.9087567925453186,0.6405599415302277,11.888984590768814,292057776128,2097152,489.5304528183098,3515125609.046917,1312817152,2200.4686312633703,0.49472506601142985,0.9022473927313077,902890496,1019215872,56.0,239.16,1755.0,1593.0,58.0,235.49,1740.0,1593.0,20260803,2026-08-11T07:15:56.294615+00:00
prefillq8_b128_h4096_sparse_q8kv8_steady,full,prefill,sglang_sparse_q8kv8_fp8,steady,ok,,128,4096,8,2048,64,576,512,10,30,0.6202880144119263,0.6185920238494873,0.6259520053863525,0.6207530637582143,0.0020088836971350037,0.8383467793464661,1.0256916284561157,3.0976124107837677,0.6676502525806427,5.629301071166992,292057776128,2097152,470.8422044957453,3380932649.4696784,1312817152,2116.4638385680187,0.47583850883855006,0.8678033183602957,1053885440,1170210816,58.0,226.39,1740.0,1593.0,58.0,236.12,1740.0,1593.0,20260803,2026-08-11T07:15:56.409997+00:00
prefillq8_b128_h8192_sparse_q8kv8_steady,full,prefill,sglang_sparse_q8kv8_fp8,steady,ok,,128,8192,8,2048,64,576,512,10,30,0.6695680022239685,0.6664639711380005,0.6782400012016296,0.670169593890508,0.0033333603935700156,0.9258948266506195,1.0279156267642975,5.501072853803635,0.7223263382911682,8.17720964550972,292057776128,2097152,436.18837094653685,3132097102.959393,1312817152,1960.69278645258,0.4408169489100928,0.8039332755715122,1355875328,1472200704,55.0,214.03,1755.0,1593.0,55.0,203.9,1740.0,1593.0,20260803,2026-08-11T07:15:56.566584+00:00
prefillq8_b128_h16384_sparse_q8kv8_steady,full,prefill,sglang_sparse_q8kv8_fp8,steady,ok,,128,16384,8,2048,64,576,512,10,30,0.7643839716911316,0.7586240172386169,0.7715520262718201,0.7648149291674297,0.004286817818410978,0.9696707129478455,1.4756619930267334,10.35061851143837,0.858645886182785,13.654597103595734,292057776128,2097152,382.0825487507909,2743584478.0473843,1312817152,1717.4838832576627,0.3861369871155037,0.7042115182699006,1959855104,2076180480,55.0,201.45,1740.0,1593.0,57.0,190.56,1740.0,1593.0,20260803,2026-08-11T07:15:56.810023+00:00
prefillq8_b128_h32768_sparse_q8kv8_steady,full,prefill,sglang_sparse_q8kv8_fp8,steady,ok,,128,32768,8,2048,64,576,512,10,30,0.8472319841384888,0.8380159735679626,0.8579199910163879,0.8469877302646637,0.006191648005946096,1.0993219912052155,1.2384355068206787,20.036138594150543,0.8956976234912872,23.269593715667725,292057776128,2097152,344.7199605253101,2475298429.783075,1312817152,1549.5368170442048,0.3483779287774736,0.6353490039604075,3167814656,3284140032,55.0,172.1,1740.0,1593.0,57.0,162.45,1665.0,1593.0,20260803,2026-08-11T07:15:57.040334+00:00
prefillq8_b128_h65536_sparse_q8kv8_steady,full,prefill,sglang_sparse_q8kv8_fp8,steady,ok,,128,65536,8,2048,64,576,512,10,30,0.8823360204696655,0.8745599985122681,0.9018239974975586,0.8841493368148804,0.008595094304577883,1.384645700454712,1.1562108993530273,39.50268030166626,0.9399875998497009,42.9835245013237,292057776128,2097152,331.0051605651759,2376817846.42963,1312817152,1487.8879718649482,0.33451759531599384,0.6100714294303196,5583733760,5700059136,55.0,155.0,1740.0,1593.0,58.0,164.68,1725.0,1593.0,20260803,2026-08-11T07:15:57.218422+00:00
prefillq8_b128_h131072_sparse_q8kv8_steady,full,prefill,sglang_sparse_q8kv8_fp8,steady,ok,,128,131072,8,2048,64,576,512,10,30,0.9127680063247681,0.905888020992279,0.9303039908409119,0.9149088025093078,0.00764176992230625,2.3105256259441376,1.2235045433044434,78.18925753235817,0.9718462824821472,82.6951339840889,292057776128,2097152,319.9693395301634,2297573956.8744497,1312817152,1438.2812970034056,0.32336466854993773,0.5897314471101901,10415571968,10531897344,55.0,156.68,1740.0,1593.0,57.0,184.54,1710.0,1593.0,20260803,2026-08-11T07:15:57.458905+00:00
prefillq8_b128_h262144_sparse_q8kv8_steady,full,prefill,sglang_sparse_q8kv8_fp8,steady,ok,,128,262144,8,2048,64,576,512,10,30,0.9154559969902039,0.9055359959602356,0.9296640157699585,0.916160003344218,0.007122791283506237,3.125809133052826,1.2344717979431152,155.739463865757,0.9712912142276764,161.0710360109806,292057776128,2097152,319.02983550079387,2290827748.0238533,1312817152,1434.0581702629322,0.32241519504880634,0.5879998591036033,20079248384,20195573760,55.0,173.56,1740.0,1593.0,58.0,205.99,1740.0,1593.0,20260803,2026-08-11T07:15:57.679624+00:00
prefillq8_b128_h524288_sparse_q8kv8_steady,full,prefill,sglang_sparse_q8kv8_fp8,steady,ok,,128,524288,8,2048,64,576,512,10,30,0.9249280095100403,0.9186879992485046,0.9322559833526611,0.9256522635618846,0.004426548739745953,6.200224161148071,1.2524984776973724,310.54166704416275,0.9747445583343506,318.96913424134254,292057776128,2097152,315.76271139492354,2267367815.048567,1312817152,1419.3722522204027,0.31911340211715367,0.5819782639417898,39406601216,39522926592,55.0,206.03,1740.0,1593.0,57.0,252.4,1725.0,1593.0,20260803,2026-08-11T07:15:58.057589+00:00
prefillq16_b128_h2048_sparse_q8kv8_steady,full,prefill,sglang_sparse_q8kv8_fp8,steady,ok,,128,2048,16,2048,64,576,512,10,30,1.15174400806427,1.1223679780960083,1.1627520322799683,1.1435850699742636,0.013683599800246722,9.897347539663315,1.020919531583786,2.0624734461307526,1.1709928512573242,14.151733368635178,584115552256,4194304,507.157448327185,3641698129.647181,2625634304,2279.7030291591354,0.5125391089713845,0.9347354854495598,1009779712,1010827264,55.0,239.42,1740.0,1593.0,57.0,242.66,1665.0,1593.0,20260803,2026-08-11T07:15:58.527009+00:00
prefillq16_b128_h4096_sparse_q8kv8_steady,full,prefill,sglang_sparse_q8kv8_fp8,steady,ok,,128,4096,16,2048,64,576,512,10,30,1.1272000074386597,1.1219520568847656,1.269919991493225,1.1578154683113098,0.055719980708183764,0.8608587086200714,1.0913237929344177,3.1890757381916046,1.168854534626007,6.310112774372101,584115552256,4194304,518.2004510302371,3720993587.935411,2625634304,2329.3419860475674,0.5236992936131755,0.9550887042113178,1160774656,1161822208,57.0,243.36,1725.0,1593.0,55.0,237.94,1740.0,1593.0,20260803,2026-08-11T07:15:58.687130+00:00
prefillq16_b128_h8192_sparse_q8kv8_steady,full,prefill,sglang_sparse_q8kv8_fp8,steady,ok,,128,8192,16,2048,64,576,512,10,30,1.2155840396881104,1.2116479873657227,1.3130240440368652,1.234766928354899,0.03721337089691994,0.9633824229240417,1.0818131268024445,5.621317774057388,1.264367252588272,8.930880576372147,584115552256,4194304,480.5225580338073,3450443460.14625,2625634304,2159.9776060515524,0.4856215846728724,0.8856450556621329,1462764544,1463812096,54.0,212.3,1740.0,1593.0,59.0,231.73,1515.0,1593.0,20260803,2026-08-11T07:15:58.900181+00:00
prefillq16_b128_h16384_sparse_q8kv8_steady,full,prefill,sglang_sparse_q8kv8_fp8,steady,ok,,128,16384,16,2048,64,576,512,10,30,1.4176000356674194,1.3420480489730835,1.4466880559921265,1.389854939778646,0.040020720615553694,0.9673275053501129,1.0401681065559387,10.392565280199051,1.39588862657547,13.795949518680573,584115552256,4194304,412.0453848472096,2958735817.2048025,2625634304,1852.1686215702066,0.4164177714474074,0.7594356429207586,2066744320,2067791872,59.0,229.49,1695.0,1593.0,57.0,223.8,1590.0,1593.0,20260803,2026-08-11T07:15:59.104738+00:00
prefillq16_b128_h32768_sparse_q8kv8_steady,full,prefill,sglang_sparse_q8kv8_fp8,steady,ok,,128,32768,16,2048,64,576,512,10,30,1.5556800365447998,1.5130560398101807,1.5981440544128418,1.5610805432001749,0.025941437426599753,1.342378556728363,1.1087357997894287,20.197957754135132,1.5554428100585938,24.204514920711517,584115552256,4194304,375.4728083760294,2696122532.5714426,2625634304,1687.7727053897231,0.3794571080101358,0.6920291892943979,3274703872,3275751424,55.0,212.27,1740.0,1593.0,55.0,196.18,1710.0,1593.0,20260803,2026-08-11T07:15:59.266173+00:00
prefillq16_b128_h65536_sparse_q8kv8_steady,full,prefill,sglang_sparse_q8kv8_fp8,steady,ok,,128,65536,16,2048,64,576,512,10,30,1.656224012374878,1.6229439973831177,1.679360032081604,1.6530272086461386,0.01736264618022515,1.3902373611927032,1.0765418410301208,39.58951681852341,1.6714483499526978,43.72774437069893,584115552256,4194304,352.67907474571047,2532449698.0246897,2625634304,1585.3135109634559,0.35642150050097066,0.6500183468224585,5690622976,5691670528,55.0,193.29,1740.0,1593.0,58.0,206.61,1725.0,1593.0,20260803,2026-08-11T07:15:59.494837+00:00
prefillq16_b128_h131072_sparse_q8kv8_steady,full,prefill,sglang_sparse_q8kv8_fp8,steady,ok,,128,131072,16,2048,64,576,512,10,30,1.8104640245437622,1.780351996421814,1.8319679498672485,1.8082016030947368,0.015392482856426751,3.0923113226890564,1.8533580005168915,78.58399301767349,1.8234625458717346,85.35312488675117,584115552256,4194304,322.63306220801456,2316701101.5626044,2625634304,1450.2548895781904,0.3260566571076448,0.5946409207235559,10522461184,10523508736,54.0,189.4,1740.0,1593.0,54.0,211.57,1740.0,1593.0,20260803,2026-08-11T07:15:59.777671+00:00
prefillq16_b128_h262144_sparse_q8kv8_steady,full,prefill,sglang_sparse_q8kv8_fp8,steady,ok,,128,262144,16,2048,64,576,512,10,30,1.8213119506835938,1.7975679636001587,1.8344000577926636,1.819969069957733,0.01026144482276823,3.0649304389953613,1.0881386697292328,155.8331362903118,1.8319673836231232,161.81817278265953,584115552256,4194304,320.71142564938623,2302902585.3730054,2625634304,1441.6170184435014,0.3241146292565803,0.591099176660816,20186137600,20187185152,54.0,208.8,1740.0,1593.0,58.0,229.52,1635.0,1593.0,20260803,2026-08-11T07:16:00.104241+00:00
prefillq16_b128_h524288_sparse_q8kv8_steady,full,prefill,sglang_sparse_q8kv8_fp8,steady,ok,,128,524288,16,2048,64,576,512,10,30,1.8398720026016235,1.8205759525299072,1.853760004043579,1.8387861291567484,0.009246661565368155,7.26829469203949,1.2567266821861267,310.97518652677536,1.860935240983963,321.36114314198494,584115552256,4194304,317.4761893381966,2279671626.107225,2625634304,1427.074437943123,0.32084506249438766,0.5851363534904996,39513490432,39514537984,58.0,220.99,1740.0,1593.0,58.0,268.93,1725.0,1593.0,20260803,2026-08-11T07:16:00.427700+00:00
prefillq32_b128_h2048_sparse_q8kv8_steady,full,prefill,sglang_sparse_q8kv8_fp8,steady,ok,,128,2048,32,2048,64,576,512,10,30,2.39247989654541,2.1910400390625,2.47161602973938,2.356925861040751,0.10380978470087912,10.842479765415192,1.4489442110061646,2.632349729537964,2.2356249392032623,17.159398645162582,1168231104512,8388608,488.2929658881781,3506239702.2071614,5251268608,2194.906053581683,0.49347444758785053,0.8999665962051215,1220805632,1224736768,54.0,257.23,1740.0,1593.0,55.0,267.94,1740.0,1593.0,20260803,2026-08-11T07:16:00.963557+00:00
prefillq32_b128_h4096_sparse_q8kv8_steady,full,prefill,sglang_sparse_q8kv8_fp8,steady,ok,,128,4096,32,2048,64,576,512,10,30,2.435839891433716,2.277600049972534,2.503648042678833,2.3997578859329223,0.0903444468030296,1.4484412968158722,1.852627843618393,4.05937060713768,2.2664815187454224,9.626921266317368,1168231104512,8388608,479.60094118681525,3443825692.1158032,5251268608,2155.834883264493,0.48469018816252174,0.8839464352953946,1371800576,1375731712,54.0,250.83,1740.0,1593.0,59.0,251.25,1650.0,1593.0,20260803,2026-08-11T07:16:01.217325+00:00
prefillq32_b128_h8192_sparse_q8kv8_steady,full,prefill,sglang_sparse_q8kv8_fp8,steady,ok,,128,8192,32,2048,64,576,512,10,30,2.509536027908325,2.304543972015381,2.567039966583252,2.470366946856181,0.10358112541542779,1.513659954071045,1.8970221281051636,6.414573639631271,2.3361407220363617,12.161396443843842,1168231104512,8388608,465.5167694427204,3342692795.286078,5251268608,2092.5256898490848,0.47045656335797914,0.8579880762970302,1673790464,1677721600,55.0,249.94,1725.0,1593.0,59.0,247.95,1695.0,1593.0,20260803,2026-08-11T07:16:01.463602+00:00
prefillq32_b128_h16384_sparse_q8kv8_steady,full,prefill,sglang_sparse_q8kv8_fp8,steady,ok,,128,16384,32,2048,64,576,512,10,30,2.7374401092529297,2.4014720916748047,2.7465600967407227,2.6580074707667034,0.11824597043115474,1.0845698416233063,1.402091234922409,11.044394224882126,2.4234503507614136,15.954505652189255,1168231104512,8388608,426.7604250274611,3064398732.102059,5251268608,1918.3136062958888,0.43128895909799003,0.7865567475632433,2277770240,2281701376,55.0,234.36,1740.0,1593.0,59.0,225.5,1590.0,1593.0,20260803,2026-08-11T07:16:01.679760+00:00
prefillq32_b128_h32768_sparse_q8kv8_steady,full,prefill,sglang_sparse_q8kv8_fp8,steady,ok,,128,32768,32,2048,64,576,512,10,30,2.933824062347412,2.823807954788208,2.943552017211914,2.9102069695790607,0.04682452571679703,1.2656114995479584,1.3922974467277527,20.62683179974556,2.707112580537796,25.991853326559067,1168231104512,8388608,398.1939883529603,2859274387.874542,5251268608,1789.9057668094633,0.4024193919686309,0.73390630904444,3485729792,3489660928,55.0,223.55,1710.0,1593.0,57.0,244.78,1590.0,1593.0,20260803,2026-08-11T07:16:01.877327+00:00
prefillq32_b128_h65536_sparse_q8kv8_steady,full,prefill,sglang_sparse_q8kv8_fp8,steady,ok,,128,65536,32,2048,64,576,512,10,30,3.2113280296325684,3.139647960662842,3.234463930130005,3.199991472562154,0.033343305742839856,1.5035942196846008,1.390356570482254,39.85600173473358,3.072921186685562,45.822873711586,1168231104512,8388608,363.78441994468744,2612192813.2517195,5251268608,1635.2327010955764,0.3676446891810889,0.670486468250804,5901648896,5905580032,57.0,230.95,1725.0,1593.0,55.0,259.47,1710.0,1593.0,20260803,2026-08-11T07:16:02.098088+00:00
prefillq32_b128_h131072_sparse_q8kv8_steady,full,prefill,sglang_sparse_q8kv8_fp8,steady,ok,,128,131072,32,2048,64,576,512,10,30,3.342144012451172,3.2992959022521973,3.3530240058898926,3.334994141260783,0.01645148019715695,2.132844179868698,1.4571994543075562,78.96919175982475,3.2689496874809265,85.82818508148193,1168231104512,8388608,349.54541161594176,2509948095.8175964,5251268608,1571.2275079818153,0.3532545847558785,0.6442427318995164,10733487104,10737418240,55.0,249.56,1740.0,1593.0,58.0,272.41,1605.0,1593.0,20260803,2026-08-11T07:16:02.407748+00:00
prefillq32_b128_h262144_sparse_q8kv8_steady,full,prefill,sglang_sparse_q8kv8_fp8,steady,ok,,128,262144,32,2048,64,576,512,10,30,3.5673279762268066,3.534976005554199,3.584831953048706,3.5661984125773114,0.014708913336550566,3.146827220916748,1.5196949243545532,156.7475125193596,3.5489723086357117,164.9630069732666,1168231104512,8388608,327.48071169717565,2351510165.564508,5251268608,1472.0453636433822,0.33095574704110725,0.6035755622505339,20397163520,20401094656,58.0,270.74,1710.0,1593.0,58.0,275.62,1710.0,1593.0,20260803,2026-08-11T07:16:02.728247+00:00
prefillq32_b128_h524288_sparse_q8kv8_steady,full,prefill,sglang_sparse_q8kv8_fp8,steady,ok,,128,524288,32,2048,64,576,512,10,30,3.598655939102173,3.5697920322418213,3.617471933364868,3.59868799050649,0.013126117625664636,5.7187192142009735,1.4958493411540985,311.5019425749779,3.567621111869812,322.28413224220276,1168231104512,8388608,324.6298407742368,2331039182.949196,5251268608,1459.2305285261966,0.32807462432969864,0.5983211580711278,39724516352,39728447488,54.0,266.62,1740.0,1593.0,55.0,281.73,1725.0,1593.0,20260803,2026-08-11T07:16:03.156712+00:00
prefillq64_b128_h2048_sparse_q8kv8_steady,full,prefill,sglang_sparse_q8kv8_fp8,steady,ok,,128,2048,64,2048,64,576,512,10,30,4.685344219207764,4.519199848175049,4.8014397621154785,4.662377595901489,0.08465479149188364,9.106602519750595,2.1794848144054413,3.8559697568416595,4.378236830234528,19.520293921232224,2336462209024,16777216,498.6746116636587,3580786216.564645,10502537216,2241.5721715694676,0.5039662573660018,0.919100876369432,1644692480,1799356416,54.0,264.66,1740.0,1593.0,59.0,266.29,1680.0,1593.0,20260803,2026-08-11T07:16:03.827172+00:00
prefillq64_b128_h4096_sparse_q8kv8_steady,full,prefill,sglang_sparse_q8kv8_fp8,steady,ok,,128,4096,64,2048,64,576,512,10,30,4.744480133056641,4.54582405090332,4.761472225189209,4.708628288904825,0.06472669532604332,2.009958028793335,2.24100798368454,5.767099559307098,4.268180578947067,14.28624615073204,2336462209024,16777216,492.45905631366395,3536154758.6861205,10502537216,2213.6328789375116,0.4976847461482203,0.9076450648328385,1795687424,1950351360,55.0,266.7,1740.0,1593.0,56.0,278.64,1605.0,1593.0,20260803,2026-08-11T07:16:04.168054+00:00
prefillq64_b128_h8192_sparse_q8kv8_steady,full,prefill,sglang_sparse_q8kv8_fp8,steady,ok,,128,8192,64,2048,64,576,512,10,30,4.9618239402771,4.759232044219971,4.973951816558838,4.914665571848551,0.09102295115957441,1.3622008264064789,2.146560698747635,7.508568465709686,4.378966987133026,15.396296977996826,2336462209024,16777216,470.8877697287899,3381259835.483613,10502537216,2116.6686570127417,0.4758845575834158,0.867887299065637,2097677312,2252341248,54.0,254.55,1740.0,1593.0,55.0,266.85,1725.0,1593.0,20260803,2026-08-11T07:16:04.481949+00:00
prefillq64_b128_h16384_sparse_q8kv8_steady,full,prefill,sglang_sparse_q8kv8_fp8,steady,ok,,128,16384,64,2048,64,576,512,10,30,4.83846378326416,4.746592044830322,5.055391788482666,4.89989120165507,0.10280598113397371,1.2255869805812836,2.2818148136138916,12.289848178625107,4.5024678111076355,20.299717783927917,2336462209024,16777216,482.8933962687964,3467467516.8657827,10502537216,2170.63466555798,0.4880175808679094,0.8900147176592397,2701657088,2856321024,55.0,265.89,1740.0,1593.0,59.0,272.98,1665.0,1593.0,20260803,2026-08-11T07:16:04.905330+00:00
prefillq64_b128_h32768_sparse_q8kv8_steady,full,prefill,sglang_sparse_q8kv8_fp8,steady,ok,,128,32768,64,2048,64,576,512,10,30,5.380415916442871,5.136096000671387,5.405663967132568,5.311466677983602,0.0970239964159901,1.373685896396637,2.1967440843582153,22.0353901386261,4.815526306629181,30.421346426010132,2336462209024,16777216,434.2530847631375,3118200574.183834,10502537216,1951.9935594390804,0.43886112659235726,0.8003663740578099,3909616640,4064280576,54.0,253.0,1740.0,1593.0,58.0,282.45,1575.0,1593.0,20260803,2026-08-11T07:16:05.265266+00:00
prefillq64_b128_h65536_sparse_q8kv8_steady,full,prefill,sglang_sparse_q8kv8_fp8,steady,ok,,128,65536,64,2048,64,576,512,10,30,6.043295860290527,5.940703868865967,6.0648322105407715,6.014882135391235,0.05886917345921256,1.8159113824367523,2.2877976298332214,41.220638900995255,5.508869886398315,50.833217799663544,2336462209024,16777216,386.620523475691,2776169889.387717,10502537216,1737.882350756711,0.39072311619574635,0.7125754021513827,6325535744,6480199680,54.0,256.46,1740.0,1593.0,54.0,283.55,1695.0,1593.0,20260803,2026-08-11T07:16:05.628569+00:00
prefillq64_b128_h131072_sparse_q8kv8_steady,full,prefill,sglang_sparse_q8kv8_fp8,steady,ok,,128,131072,64,2048,64,576,512,10,30,6.434432029724121,6.405375957489014,6.473663806915283,6.4408479531606035,0.022346260419367537,2.2280924022197723,2.3375041782855988,79.88878339529037,6.140399724245071,90.59477970004082,2336462209024,16777216,363.1186401893155,2607412110.7344,10502537216,1632.2399813197344,0.36697184455716575,0.6692593779953168,11157373952,11312037888,54.0,270.1,1740.0,1593.0,58.0,280.7,1725.0,1593.0,20260803,2026-08-11T07:16:06.081289+00:00
prefillq64_b128_h262144_sparse_q8kv8_steady,full,prefill,sglang_sparse_q8kv8_fp8,steady,ok,,128,262144,64,2048,64,576,512,10,30,6.904352188110352,6.879936218261719,6.9304962158203125,6.904717874526978,0.01697830238936358,3.882303833961487,2.369225025177002,157.09303691983223,6.737813353538513,170.08237913250923,2336462209024,16777216,338.40426232130915,2429947885.4643636,10502537216,1521.1473763006913,0.3419952120478112,0.6237086203948264,20821050368,20975714304,54.0,267.62,1740.0,1593.0,54.0,300.4,1725.0,1593.0,20260803,2026-08-11T07:16:06.566867+00:00
prefillq64_b128_h524288_sparse_q8kv8_steady,full,prefill,sglang_sparse_q8kv8_fp8,steady,ok,,128,524288,64,2048,64,576,512,10,30,7.433407783508301,7.006080150604248,8.516063690185547,7.7204650719960535,0.7505927876208731,5.943655967712402,8.670028299093246,312.9246458411217,6.9470033049583435,334.48533341288567,2336462209024,16777216,314.31912214040733,2257001968.494423,10502537216,1412.8832322775088,0.3176544943308816,0.5793176028254821,40148403200,40303067136,54.0,283.81,1740.0,1593.0,54.0,286.28,1740.0,1593.0,20260803,2026-08-11T07:16:07.185103+00:00
prefillq128_b128_h2048_sparse_q8kv8_steady,full,prefill,sglang_sparse_q8kv8_fp8,steady,ok,,128,2048,128,2048,64,576,512,10,30,9.315168380737305,9.056927680969238,9.671680450439453,9.343535010019938,0.17026944438284483,9.33881476521492,4.2923688888549805,6.334215402603149,9.060215204954147,29.025614261627197,4672924418048,33554432,501.64680090067606,3602128338.2688713,21005074432,2254.9323397563135,0.5069699857510622,0.9245788808007483,2753846272,3045064704,54.0,265.06,1740.0,1593.0,54.0,299.09,1725.0,1593.0,20260803,2026-08-11T07:16:07.986589+00:00
prefillq128_b128_h4096_sparse_q8kv8_steady,full,prefill,sglang_sparse_q8kv8_fp8,steady,ok,,128,4096,128,2048,64,576,512,10,30,9.259455680847168,9.191871643066406,9.81276798248291,9.336386108398438,0.1800681982708972,1.3556815683841705,3.612648695707321,7.415745407342911,8.49056988954544,20.874645560979843,4672924418048,33554432,504.66513141952464,3623801782.366761,21005074432,2268.499915761592,0.5100203450424706,0.9301419276456465,2904841216,3196059648,54.0,282.3,1740.0,1593.0,56.0,309.53,1725.0,1593.0,20260803,2026-08-11T07:16:08.580832+00:00
prefillq128_b128_h8192_sparse_q8kv8_steady,full,prefill,sglang_sparse_q8kv8_fp8,steady,ok,,128,8192,128,2048,64,576,512,10,30,9.370623588562012,9.276032447814941,9.843744277954102,9.441523234049479,0.22811600217175637,1.3875551521778107,3.589533269405365,9.88377258181572,8.5875503718853,23.448411375284195,4672924418048,33554432,498.67806276541444,3580810997.5687504,21005074432,2241.5876844780378,0.5039697450888473,0.9191072370514759,3206831104,3498049536,54.0,293.19,1740.0,1593.0,55.0,311.93,1710.0,1593.0,20260803,2026-08-11T07:16:09.139219+00:00
prefillq128_b128_h16384_sparse_q8kv8_steady,full,prefill,sglang_sparse_q8kv8_fp8,steady,ok,,128,16384,128,2048,64,576,512,10,30,9.922783851623535,9.800736427307129,9.979647636413574,9.91899512608846,0.0414741599305933,1.4891885221004486,3.801204264163971,15.069231390953064,8.619021624326706,28.97864580154419,4672924418048,33554432,470.9287724012481,3381554259.544808,21005074432,2116.85296647505,0.47592599535244884,0.867962870573206,3810810880,4102029312,55.0,294.75,1740.0,1593.0,59.0,319.75,1695.0,1593.0,20260803,2026-08-11T07:16:09.696130+00:00
prefillq128_b128_h32768_sparse_q8kv8_steady,full,prefill,sglang_sparse_q8kv8_fp8,steady,ok,,128,32768,128,2048,64,576,512,10,30,10.28764820098877,9.749823570251465,10.58409595489502,10.240123716990153,0.2174512899093848,1.5480183064937592,3.675103187561035,24.54831451177597,9.10516083240509,38.876596838235855,4672924418048,33554432,454.22669270503195,3261623195.5496893,21005074432,2041.7761204141054,0.45904668287522177,0.8371794785036332,5018770432,5309988864,54.0,299.9,1740.0,1593.0,56.0,316.67,1665.0,1593.0,20260803,2026-08-11T07:16:10.235273+00:00
prefillq128_b128_h65536_sparse_q8kv8_steady,full,prefill,sglang_sparse_q8kv8_fp8,steady,ok,,128,65536,128,2048,64,576,512,10,30,10.902560234069824,10.828991889953613,11.469856262207031,10.967801698048909,0.18065368816297273,1.889646053314209,3.8054920732975006,43.646927922964096,10.138843208551407,59.48090925812721,4672924418048,33554432,428.6079891074943,3077665362.9616723,21005074432,1926.618517214007,0.43315612845628526,0.7899619695765359,7434689536,7725907968,56.0,306.06,1740.0,1593.0,59.0,322.12,1695.0,1593.0,20260803,2026-08-11T07:16:10.828669+00:00
prefillq128_b128_h131072_sparse_q8kv8_steady,full,prefill,sglang_sparse_q8kv8_fp8,steady,ok,,128,131072,128,2048,64,576,512,10,30,12.119744300842285,12.084799766540527,12.146656036376953,12.120748774210613,0.02135040602929872,2.5358684360980988,3.6495402455329895,82.50240236520767,11.555790901184082,100.24360194802284,4672924418048,33554432,385.5629543045101,2768575901.1985154,21005074432,1733.1285141502706,0.3896543247140071,0.7106262097735897,12266527744,12557746176,54.0,289.48,1740.0,1593.0,57.0,298.65,1710.0,1593.0,20260803,2026-08-11T07:16:11.468327+00:00
prefillq128_b128_h262144_sparse_q8kv8_steady,full,prefill,sglang_sparse_q8kv8_fp8,steady,ok,,128,262144,128,2048,64,576,512,10,30,13.160896301269531,13.107775688171387,13.427040100097656,13.180730597178142,0.08734016674486952,3.578241914510727,3.741171211004257,160.5914868414402,12.864448130130768,180.77534809708595,4672924418048,33554432,355.0612595889262,2549555230.2743435,21005074432,1596.0215741517393,0.3588289637078587,0.6544089216098317,21930204160,22221422592,54.0,274.75,1740.0,1593.0,56.0,304.26,1710.0,1593.0,20260803,2026-08-11T07:16:12.264328+00:00
prefillq128_b128_h524288_sparse_q8kv8_steady,full,prefill,sglang_sparse_q8kv8_fp8,steady,ok,,128,524288,128,2048,64,576,512,10,30,13.673439979553223,13.657407760620117,14.002143859863281,13.7209321975708,0.11651771150124075,6.003320217132568,3.806915134191513,313.6829137802124,13.449348509311676,336.94249764084816,4672924418048,33554432,341.751923805255,2453986125.669627,21005074432,1536.1953146691867,0.3453783969734765,0.6298786529806403,41257556992,41548775424,54.0,286.38,1740.0,1593.0,55.0,334.48,1725.0,1593.0,20260803,2026-08-11T07:16:13.139990+00:00
prefillq256_b128_h2048_sparse_q8kv8_steady,full,prefill,sglang_sparse_q8kv8_fp8,steady,ok,,128,2048,256,2048,64,576,512,10,30,18.38275146484375,18.067007064819336,18.592607498168945,18.34532788594564,0.16820661025508613,8.899003267288208,7.61084258556366,11.206809431314468,17.07206666469574,44.788721948862076,9345848836096,67108864,508.4031546621053,3650643056.7993546,42010148864,2285.302553556396,0.513798034019308,0.9370314310568657,5019036672,5536481280,54.0,313.87,1740.0,1593.0,56.0,315.46,1560.0,1593.0,20260803,2026-08-11T07:16:14.235588+00:00
prefillq256_b128_h4096_sparse_q8kv8_steady,full,prefill,sglang_sparse_q8kv8_fp8,steady,ok,,128,4096,256,2048,64,576,512,10,30,18.43356704711914,18.410175323486328,18.761215209960938,18.476806259155275,0.12192302275724606,1.9614994525909424,6.61303848028183,12.319248169660568,16.878198832273483,37.771984934806824,9345848836096,67108864,507.00164608436984,3640579375.031378,42010148864,2279.0026887696426,0.5123816534455481,0.9344483283042742,5170031616,5687476224,56.0,314.41,1740.0,1593.0,56.0,319.56,1695.0,1593.0,20260803,2026-08-11T07:16:15.189290+00:00
prefillq256_b128_h8192_sparse_q8kv8_steady,full,prefill,sglang_sparse_q8kv8_fp8,steady,ok,,128,8192,256,2048,64,576,512,10,30,19.408607482910156,19.387231826782227,19.58083152770996,19.451114654541016,0.07668588613778944,1.799367368221283,6.726853549480438,14.80664312839508,17.041373997926712,40.374238044023514,9345848836096,67108864,481.53113737424445,3457685671.6326146,42010148864,2164.5112304420168,0.48664086647220256,0.8875039555018327,5472021504,5989466112,54.0,313.95,1740.0,1593.0,56.0,307.88,1680.0,1593.0,20260803,2026-08-11T07:16:16.132447+00:00
prefillq256_b128_h16384_sparse_q8kv8_steady,full,prefill,sglang_sparse_q8kv8_fp8,steady,ok,,128,16384,256,2048,64,576,512,10,30,19.672544479370117,19.493120193481445,19.689504623413086,19.644602648417155,0.06558823200791347,1.8950626254081726,6.7054517567157745,19.593816250562668,17.135854810476303,45.33018544316292,9345848836096,67108864,475.07066744195964,3411295578.483741,42010148864,2135.4710321308216,0.4801118417806565,0.8755967449929363,6076001280,6593445888,54.0,307.7,1740.0,1593.0,56.0,309.31,1725.0,1593.0,20260803,2026-08-11T07:16:17.091254+00:00
prefillq256_b128_h32768_sparse_q8kv8_steady,full,prefill,sglang_sparse_q8kv8_fp8,steady,ok,,128,32768,256,2048,64,576,512,10,30,19.980928421020508,19.974464416503906,20.395423889160156,20.022504552205405,0.1600001488715088,1.995764672756195,6.69243186712265,29.379263520240784,17.679091542959213,55.74655160307884,9345848836096,67108864,467.738467360901,3358645934.059778,42010148864,2102.512354721421,0.4727018366456806,0.8620828596605057,7283960832,7801405440,54.0,313.4,1740.0,1593.0,59.0,319.93,1695.0,1593.0,20260803,2026-08-11T07:16:18.134588+00:00
prefillq256_b128_h65536_sparse_q8kv8_steady,full,prefill,sglang_sparse_q8kv8_fp8,steady,ok,,128,65536,256,2048,64,576,512,10,30,21.894847869873047,21.882495880126953,23.63523292541504,22.226732762654624,0.6417463390230005,2.2864677011966705,6.710272282361984,48.76319319009781,19.47132498025894,77.2312581539154,9345848836096,67108864,426.8515082470947,3065052764.8717165,42010148864,1918.7230308096946,0.4313810088399138,0.7867246218945804,9699879936,10217324544,54.0,324.41,1740.0,1593.0,54.0,337.89,1710.0,1593.0,20260803,2026-08-11T07:16:19.160838+00:00
prefillq256_b128_h131072_sparse_q8kv8_steady,full,prefill,sglang_sparse_q8kv8_fp8,steady,ok,,128,131072,256,2048,64,576,512,10,30,23.462207794189453,23.412960052490234,25.221120834350586,24.098678588867188,0.8127295861148551,2.909760922193527,6.829623132944107,87.72849664092064,22.21478894352913,119.6826696395874,9345848836096,67108864,398.33629119978013,2860296208.638127,42010148864,1790.5454266074673,0.4025632048507126,0.7341685856235216,14531718144,15049162752,54.0,302.1,1740.0,1593.0,58.0,361.5,1560.0,1593.0,20260803,2026-08-11T07:16:20.288418+00:00
prefillq256_b128_h262144_sparse_q8kv8_steady,full,prefill,sglang_sparse_q8kv8_fp8,steady,ok,,128,262144,256,2048,64,576,512,10,30,26.779136657714844,25.714080810546875,27.253599166870117,26.540513038635254,0.7052511249276829,4.046127200126648,6.908118724822998,164.9562455713749,24.965547025203705,200.87603852152824,9345848836096,67108864,348.9973913480717,2506012977.855524,42010148864,1568.7641241375582,0.35270074921482736,0.6432326826676391,24195394560,24712839168,54.0,330.5,1740.0,1593.0,55.0,347.57,1665.0,1593.0,20260803,2026-08-11T07:16:21.533914+00:00
prefillq256_b128_h524288_sparse_q8kv8_steady,full,prefill,sglang_sparse_q8kv8_fp8,steady,ok,,128,524288,256,2048,64,576,512,10,30,28.604576110839844,27.283872604370117,28.70479965209961,28.253026072184245,0.5628609845191331,6.844650954008102,6.835192441940308,318.2671293616295,26.743493974208832,358.6904667317867,9345848836096,67108864,326.72565396116266,2346088392.988588,42010148864,1468.6513340108559,0.3301926770704019,0.6021839248768889,43522747392,44040192000,54.0,319.51,1740.0,1593.0,55.0,326.38,1725.0,1593.0,20260803,2026-08-11T07:16:22.987875+00:00
prefillq512_b128_h2048_sparse_q8kv8_steady,full,prefill,sglang_sparse_q8kv8_fp8,steady,ok,,128,2048,512,2048,64,576,512,10,30,38.34201431274414,36.70083236694336,39.446815490722656,38.24350090026856,1.161115036262907,9.699448943138123,12.381475418806076,21.038733422756195,34.255459904670715,77.37511768937111,18691697672192,134217728,487.499105282511,3500539301.4886184,84020297728,2191.3376027318754,0.49267216299394745,0.8985034417526627,9551514624,10265559040,54.0,297.3,1740.0,1593.0,60.0,334.32,1680.0,1593.0,20260803,2026-08-11T07:16:24.681620+00:00
prefillq512_b128_h4096_sparse_q8kv8_steady,full,prefill,sglang_sparse_q8kv8_fp8,steady,ok,,128,4096,512,2048,64,576,512,10,30,38.27222442626953,36.731201171875,39.524574279785156,38.23827209472656,1.1601845644595066,2.733178436756134,12.43007555603981,22.27618545293808,34.8161943256855,72.25563377141953,18691697672192,134217728,488.3880660817371,3506922579.2863708,84020297728,2195.333534633268,0.49357055692949686,0.900141874170349,9702509568,10416553984,55.0,304.5,1740.0,1593.0,60.0,333.08,1680.0,1593.0,20260803,2026-08-11T07:16:26.460112+00:00
prefillq512_b128_h8192_sparse_q8kv8_steady,full,prefill,sglang_sparse_q8kv8_fp8,steady,ok,,128,8192,512,2048,64,576,512,10,30,37.97126388549805,36.85395050048828,42.25766372680664,38.834624989827475,2.0762525862866172,2.806738018989563,12.527842074632645,24.583879858255386,34.65082868933678,74.56928864121437,18691697672192,134217728,492.2590337934661,3534718475.653909,84020297728,2212.733765759347,0.4974826011050693,0.9072764058529995,10004499456,10718543872,55.0,298.53,1740.0,1593.0,60.0,318.97,1710.0,1593.0,20260803,2026-08-11T07:16:28.244556+00:00
prefillq512_b128_h16384_sparse_q8kv8_steady,full,prefill,sglang_sparse_q8kv8_fp8,steady,ok,,128,16384,512,2048,64,576,512,10,30,39.21388626098633,37.98748779296875,42.41401672363281,39.455814361572266,1.21691186986644,2.876635640859604,12.530282139778137,29.41710874438286,34.33817997574806,79.16220650076866,18691697672192,134217728,476.660169507052,3422709167.5311065,84020297728,2142.6159388744727,0.48171821071960785,0.8785263361669156,10608479232,11322523648,54.0,292.19,1740.0,1593.0,57.0,323.12,1740.0,1593.0,20260803,2026-08-11T07:16:30.083864+00:00
prefillq512_b128_h32768_sparse_q8kv8_steady,full,prefill,sglang_sparse_q8kv8_fp8,steady,ok,,128,32768,512,2048,64,576,512,10,30,39.56380844116211,39.50620651245117,42.3265266418457,40.19222717285156,1.016400050951433,2.9874704778194427,12.478083372116089,39.326462894678116,35.75693070888519,90.54894745349884,18691697672192,134217728,472.44434771717255,3392437009.687877,84020297728,2123.6655680646113,0.4774576530744543,0.8707562082898042,11816438784,12530483200,55.0,293.98,1740.0,1593.0,57.0,324.67,1725.0,1593.0,20260803,2026-08-11T07:16:31.941429+00:00
prefillq512_b128_h65536_sparse_q8kv8_steady,full,prefill,sglang_sparse_q8kv8_fp8,steady,ok,,128,65536,512,2048,64,576,512,10,30,42.72208023071289,41.50249481201172,44.79724884033203,43.255028279622394,1.3788523257103638,3.235701471567154,12.485876679420471,58.62876772880554,37.83750906586647,112.18785494565964,18691697672192,134217728,437.51843475904866,3141647767.9734077,84020297728,1966.6715027513533,0.44216112658822504,0.8063846993799723,14232357888,14946402304,55.0,299.22,1740.0,1593.0,55.0,327.79,1710.0,1593.0,20260803,2026-08-11T07:16:33.844522+00:00
prefillq512_b128_h131072_sparse_q8kv8_steady,full,prefill,sglang_sparse_q8kv8_fp8,steady,ok,,128,131072,512,2048,64,576,512,10,30,49.15411376953125,46.41011047363281,49.63740921020508,48.51736183166504,1.2367278192243174,3.91528382897377,13.384785503149033,97.09229692816734,44.05243694782257,158.44480320811272,18691697672192,134217728,380.2672093699361,2730549240.075943,84020297728,1709.3238242875402,0.38430238440620124,0.7008656891925283,19064196096,19778240512,55.0,313.32,1740.0,1593.0,56.0,341.06,1620.0,1593.0,20260803,2026-08-11T07:16:35.885029+00:00
prefillq512_b128_h262144_sparse_q8kv8_steady,full,prefill,sglang_sparse_q8kv8_fp8,steady,ok,,128,262144,512,2048,64,576,512,10,30,53.45267105102539,51.428287506103516,53.80534362792969,53.145102945963544,0.8182978573429537,5.494643002748489,12.486055493354797,174.10466820001602,49.63638633489609,241.7217530310154,18691697672192,134217728,349.68687821697614,2510963911.8291597,84020297728,1571.863408805054,0.35339755251841953,0.6445034672045562,28727872512,29441916928,55.0,312.84,1740.0,1593.0,56.0,330.94,1725.0,1593.0,20260803,2026-08-11T07:16:38.090029+00:00
prefillq512_b128_h524288_sparse_q8kv8_steady,full,prefill,sglang_sparse_q8kv8_fp8,steady,ok,,128,524288,512,2048,64,576,512,10,30,56.38240051269531,54.45868682861328,58.06105422973633,56.47252477010091,1.4211440635525685,8.28651711344719,12.758072465658188,329.5990377664566,53.68117243051529,404.32479977607727,18691697672192,134217728,331.5165282468471,2380489776.588688,84020297728,1490.1866001445187,0.3350343893348631,0.6110139247436521,48055225344,48769269760,55.0,311.63,1740.0,1593.0,56.0,318.8,1740.0,1593.0,20260803,2026-08-11T07:16:40.649621+00:00
prefillq1024_b128_h2048_sparse_q8kv8_steady,full,prefill,sglang_sparse_q8kv8_fp8,steady,ok,,128,2048,1024,2048,64,576,512,10,30,78.33865356445312,73.83302307128906,79.58710479736328,77.17909342447916,2.012799435733324,10.838359594345093,24.16454628109932,40.601927787065506,72.18032702803612,147.78516069054604,37383395344384,268435456,477.2024236238221,3426602881.0304317,168040595456,2145.0534035250503,0.4822662189225084,0.8795257578785516,18616470528,20002635776,55.0,296.61,1740.0,1593.0,56.0,327.8,1725.0,1593.0,20260803,2026-08-11T07:16:43.500545+00:00
prefillq1024_b128_h4096_sparse_q8kv8_steady,full,prefill,sglang_sparse_q8kv8_fp8,steady,ok,,128,4096,1024,2048,64,576,512,10,30,77.62979125976562,73.89625549316406,83.7376937866211,77.50351740519206,2.477352486230961,4.557307809591293,23.95603060722351,41.69053211808205,72.83152267336845,143.0353932082653,37383395344384,268435456,481.5599106700067,3457892281.3505764,168040595456,2164.6405681254605,0.4866699450934883,0.8875569871997225,18767465472,20153630720,55.0,303.64,1740.0,1593.0,56.0,326.62,1725.0,1593.0,20260803,2026-08-11T07:16:46.900575+00:00
prefillq1024_b128_h8192_sparse_q8kv8_steady,full,prefill,sglang_sparse_q8kv8_fp8,steady,ok,,128,8192,1024,2048,64,576,512,10,30,78.14422607421875,73.53119659423828,79.49635314941406,77.4418556213379,2.302778880754324,5.546964704990387,24.076461791992188,44.39067468047142,73.05313646793365,147.06723764538765,37383395344384,268435456,478.3897316850833,3435128473.15231,168040595456,2150.390424193346,0.4834661260081691,0.8817140703654959,19069455360,20455620608,56.0,312.45,1740.0,1593.0,60.0,332.76,1695.0,1593.0,20260803,2026-08-11T07:16:50.317183+00:00
prefillq1024_b128_h16384_sparse_q8kv8_steady,full,prefill,sglang_sparse_q8kv8_fp8,steady,ok,,128,16384,1024,2048,64,576,512,10,30,78.30620574951172,75.48524475097656,79.4717788696289,77.9369509379069,1.3518015019298117,5.146712064743042,24.060174822807312,49.16875436902046,72.83720001578331,151.21284127235413,37383395344384,268435456,477.40016243370474,3428022765.6372414,168040595456,2145.9422512889128,0.48246605602193504,0.8798902077807615,19673435136,21059600384,55.0,309.7,1740.0,1593.0,57.0,333.56,1695.0,1593.0,20260803,2026-08-11T07:16:53.679121+00:00
prefillq1024_b128_h32768_sparse_q8kv8_steady,full,prefill,sglang_sparse_q8kv8_fp8,steady,ok,,128,32768,1024,2048,64,576,512,10,30,79.58271789550781,78.8166732788086,82.78623962402344,80.07590179443359,1.285911302858372,5.309101194143295,24.006597697734833,58.932751417160034,73.80358874797821,162.05203905701637,37383395344384,268435456,469.74263172901976,3373037049.9843445,168040595456,2111.5211932902,0.47472726804347626,0.8657767096862391,20881394688,22267559936,56.0,314.71,1740.0,1593.0,58.0,337.71,1695.0,1593.0,20260803,2026-08-11T07:16:57.106299+00:00
prefillq1024_b128_h65536_sparse_q8kv8_steady,full,prefill,sglang_sparse_q8kv8_fp8,steady,ok,,128,65536,1024,2048,64,576,512,10,30,87.71295928955078,83.0274887084961,90.45011138916016,86.5882553100586,2.272504311172962,5.5103600025177,24.102162569761276,78.28721776604652,79.64935526251793,187.54909560084343,37383395344384,268435456,426.2015059938523,3060385354.3905983,168040595456,1915.8012318485146,0.43072410913982045,0.785526610953931,23297313792,24683479040,56.0,305.86,1740.0,1593.0,58.0,324.14,1725.0,1593.0,20260803,2026-08-11T07:17:00.610396+00:00
prefillq1024_b128_h131072_sparse_q8kv8_steady,full,prefill,sglang_sparse_q8kv8_fp8,steady,ok,,128,131072,1024,2048,64,576,512,10,30,96.52355194091797,92.6744613647461,98.6552963256836,96.3066006978353,2.0032947636655503,6.421688944101334,24.134866893291473,116.8990358710289,89.98862281441689,237.4442145228386,37383395344384,268435456,387.2981732713935,2781035825.9951854,168040595456,1740.928427072986,0.39140795681798235,0.713824369928234,28129152000,29515317248,56.0,297.46,1740.0,1593.0,57.0,328.42,1725.0,1593.0,20260803,2026-08-11T07:17:04.458510+00:00
prefillq1024_b128_h262144_sparse_q8kv8_steady,full,prefill,sglang_sparse_q8kv8_fp8,steady,ok,,128,262144,1024,2048,64,576,512,10,30,105.5666275024414,102.14636993408203,107.47968292236328,105.50755208333334,1.855470042268752,8.040282875299454,24.177178740501404,194.14177536964417,100.90752691030502,327.26676389575005,37383395344384,268435456,354.12133766913644,2542806020.71703,168040595456,1591.7965689688608,0.35787906788189633,0.652676563394691,37792828416,39178993664,56.0,300.15,1740.0,1593.0,60.0,336.92,1635.0,1593.0,20260803,2026-08-11T07:17:08.748582+00:00
prefillq1024_b128_h524288_sparse_q8kv8_steady,full,prefill,sglang_sparse_q8kv8_fp8,steady,ok,,128,524288,1024,2048,64,576,512,10,30,110.28112030029297,107.6974105834961,112.90512084960938,110.76046142578124,1.81723331502958,10.564856231212616,24.246878921985626,349.02772679924965,107.2637252509594,491.1031872034073,37383395344384,268435456,338.9827310657515,2434101641.9588084,168040595456,1523.747627866214,0.3425798191670051,0.62477478882918,57120181248,58506346496,57.0,326.84,1725.0,1593.0,57.0,331.89,1695.0,1593.0,20260803,2026-08-11T07:17:13.467138+00:00
prefillq2048_b128_h2048_sparse_q8kv8_steady,full,prefill,sglang_sparse_q8kv8_fp8,steady,ok,,128,2048,2048,2048,64,576,512,10,30,155.3560028076172,148.48316955566406,158.71734619140625,154.30103403727213,3.5380264448359733,4.924077540636063,54.51592430472374,83.82987976074219,149.1675116121769,292.4373932182789,74766790688768,536870912,481.2610348977268,3455746172.0022893,336081190912,2163.297103673433,0.48636789782488815,0.8870061330399096,36746382336,39202062336,57.0,322.83,1740.0,1593.0,57.0,332.15,1725.0,1593.0,20260803,2026-08-11T07:17:18.513352+00:00
prefillq2048_b128_h4096_sparse_q8kv8_steady,full,prefill,sglang_sparse_q8kv8_fp8,steady,ok,,128,4096,2048,2048,64,576,512,10,30,154.9681854248047,148.1339569091797,157.9510040283203,154.14671020507814,3.1973533662884224,9.228453040122986,46.62675783038139,81.26721531152725,148.56721460819244,285.6896407902241,74766790688768,536870912,482.46542013649076,3464394388.617954,336081190912,2168.710887274839,0.48758506330115287,0.8892259202569516,36897377280,39353057280,56.0,307.92,1740.0,1593.0,57.0,331.55,1695.0,1593.0,20260803,2026-08-11T07:17:25.096282+00:00
prefillq2048_b128_h8192_sparse_q8kv8_steady,full,prefill,sglang_sparse_q8kv8_fp8,steady,ok,,128,8192,2048,2048,64,576,512,10,30,155.92445373535156,150.04623413085938,157.8838348388672,154.46844075520832,2.6583782688142756,8.973583579063416,46.5693436563015,83.45754444599152,148.82783219218254,287.82830387353897,74766790688768,536870912,479.5065103493557,3443147621.4194317,336081190912,2155.410411008564,0.48459475527979357,0.8837723910119373,37199367168,39655047168,56.0,312.08,1740.0,1593.0,58.0,336.09,1650.0,1593.0,20260803,2026-08-11T07:17:31.702254+00:00
prefillq2048_b128_h16384_sparse_q8kv8_steady,full,prefill,sglang_sparse_q8kv8_fp8,steady,ok,,128,16384,2048,2048,64,576,512,10,30,155.28025817871094,149.75375366210938,158.5727996826172,155.2381383260091,3.1113195080958187,9.463310241699219,46.88577353954315,88.68825808167458,150.45671164989471,295.49405351281166,74766790688768,536870912,481.4957906800969,3457431860.9267063,336081190912,2164.352344940118,0.486605144699441,0.8874388084564289,37803346944,40259026944,57.0,312.19,1740.0,1593.0,57.0,326.36,1725.0,1593.0,20260803,2026-08-11T07:17:38.300763+00:00
prefillq2048_b128_h32768_sparse_q8kv8_steady,full,prefill,sglang_sparse_q8kv8_fp8,steady,ok,,128,32768,2048,2048,64,576,512,10,30,158.52047729492188,149.16476440429688,168.0567626953125,158.23411356608074,6.27776276266545,10.72843000292778,48.00458997488022,98.43999519944191,152.22207084298134,309.39508602023125,74766790688768,536870912,471.65383277055724,3386760632.8308625,336081190912,2120.11215615212,0.4766587496417961,0.8692992201792739,39011306496,41466986496,57.0,304.17,1740.0,1593.0,58.0,336.69,1680.0,1593.0,20260803,2026-08-11T07:17:45.006717+00:00
prefillq2048_b128_h65536_sparse_q8kv8_steady,full,prefill,sglang_sparse_q8kv8_fp8,steady,ok,,128,65536,2048,2048,64,576,512,10,30,172.21728515625,166.93423461914062,177.24281311035156,172.8963607788086,3.9891516064423613,10.098181664943695,46.90809175372124,117.927186191082,162.82768920063972,337.76114881038666,74766790688768,536870912,434.14219786900765,3117404339.018035,336081190912,1951.4951162252898,0.4387490630308314,0.8001619998242137,41427225600,43882905600,57.0,309.1,1740.0,1593.0,58.0,330.53,1725.0,1593.0,20260803,2026-08-11T07:17:51.803294+00:00
prefillq2048_b128_h131072_sparse_q8kv8_steady,full,prefill,sglang_sparse_q8kv8_fp8,steady,ok,,128,131072,2048,2048,64,576,512,10,30,192.2349090576172,188.1703338623047,196.3441925048828,192.5552963256836,3.009964875557211,10.551352053880692,46.782881021499634,156.1281681060791,183.91763791441917,397.3800390958786,74766790688768,536870912,388.9345127546979,2792785736.1177177,336081190912,1748.2838708096915,0.3930616601866578,0.7168402865559634,46259063808,48714743808,57.0,317.0,1740.0,1593.0,57.0,326.76,1725.0,1593.0,20260803,2026-08-11T07:17:59.249579+00:00
prefillq2048_b128_h262144_sparse_q8kv8_steady,full,prefill,sglang_sparse_q8kv8_fp8,steady,ok,,128,262144,2048,2048,64,576,512,10,30,210.37274169921875,206.425048828125,214.54293823242188,210.93680318196616,2.464419039126633,13.006623834371567,46.866852790117264,233.88831317424774,201.6974352300167,495.4592250287533,74766790688768,536870912,355.4015129757928,2551998455.9957547,336081190912,1597.5510334533426,0.35917282766628883,0.6550360383283136,55922740224,58378420224,57.0,312.09,1740.0,1593.0,57.0,334.96,1635.0,1593.0,20260803,2026-08-11T07:18:07.518470+00:00
prefillq2048_b128_h524288_sparse_q8kv8_steady,full,prefill,sglang_sparse_q8kv8_fp8,steady,ok,,128,524288,2048,2048,64,576,512,10,30,223.05276489257812,219.13414001464844,225.9962921142578,222.58978678385418,2.1274365320170037,24.714671075344086,46.64808511734009,387.11167871952057,216.62719175219536,675.1016266644001,74766790688768,536870912,335.1977758481298,2406923367.475656,336081190912,1506.7340280397607,0.33875470020023224,0.6177987856877137,75250093056,77705773056,57.0,320.65,1740.0,1593.0,57.0,321.09,1740.0,1593.0,20260803,2026-08-11T07:18:16.584627+00:00
prefillq4096_b128_h2048_sparse_q8kv8_steady,full,prefill,sglang_sparse_q8kv8_fp8,steady,ok,,128,2048,4096,2048,64,576,512,10,30,307.6755065917969,298.5392150878906,312.3489074707031,306.5034169514974,4.2989557465777475,18.15854385495186,92.66629442572594,158.8970087468624,298.88012260198593,568.6019696295261,149533581377536,1073741824,486.01067739827295,3489851486.373169,672162381824,2184.6470304696036,0.4911679407764254,0.8957601391244179,73006205952,77605109760,57.0,301.79,1740.0,1593.0,60.0,330.49,1725.0,1593.0,20260803,2026-08-11T07:18:26.356119+00:00
prefillq4096_b128_h4096_sparse_q8kv8_steady,full,prefill,sglang_sparse_q8kv8_fp8,steady,ok,,128,4096,4096,2048,64,576,512,10,30,307.5185241699219,296.18804931640625,312.0535583496094,306.6475840250651,4.569984181704053,47.228723764419556,92.47945621609688,159.73883867263794,291.1895029246807,590.6365215778351,149533581377536,1073741824,486.2587767067651,3491632989.909561,672162381824,2185.7622516833853,0.4914186727708591,0.8962174078253471,73157200896,77756104704,57.0,315.29,1740.0,1593.0,57.0,325.32,1725.0,1593.0,20260803,2026-08-11T07:18:39.374216+00:00
prefillq4096_b128_h8192_sparse_q8kv8_steady,full,prefill,sglang_sparse_q8kv8_fp8,steady,ok,,128,8192,4096,2048,64,576,512,10,30,307.90191650390625,300.66387939453125,311.9566345214844,307.38661397298176,3.823094989519277,18.612872809171677,92.59019047021866,161.72628849744797,294.9402183294296,567.8695701062679,149533581377536,1073741824,485.653298542034,3487285289.393052,672162381824,2183.0405911600506,0.4908067696230763,0.8951014586697036,73459190784,78058094592,57.0,305.93,1740.0,1593.0,59.0,331.93,1695.0,1593.0,20260803,2026-08-11T07:18:52.409920+00:00
prefillq4096_b128_h16384_sparse_q8kv8_steady,full,prefill,sglang_sparse_q8kv8_fp8,steady,ok,,128,16384,4096,2048,64,576,512,10,30,308.6873474121094,302.1427917480469,312.63336181640625,308.136142985026,3.3633005360392385,84.68835055828094,92.62135252356529,166.50724783539772,295.0565814971924,638.8735324144363,149533581377536,1073741824,484.4175915571395,3478412163.639846,672162381824,2177.4860144385434,0.48955795003248054,0.8928239427380956,74063170560,78662074368,59.0,322.2,1740.0,1593.0,58.0,319.93,1725.0,1593.0,20260803,2026-08-11T07:19:05.439422+00:00
prefillq4096_b128_h32768_sparse_q8kv8_steady,full,prefill,sglang_sparse_q8kv8_fp8,steady,ok,,128,32768,4096,2048,64,576,512,10,30,312.935546875,307.1893310546875,318.0910339355469,312.3261210123698,3.325334375681752,25.342699140310287,92.79048442840576,177.1584115922451,303.1647205352783,598.4563156962395,149533581377536,1073741824,477.8414688608903,3431191613.4887,672162381824,2147.925950043926,0.48291204533692805,0.8807035740811243,75271130112,79870033920,57.0,305.19,1740.0,1593.0,58.0,330.3,1710.0,1593.0,20260803,2026-08-11T07:19:18.561421+00:00
prefillq4096_b128_h65536_sparse_q8kv8_steady,full,prefill,sglang_sparse_q8kv8_fp8,steady,ok,,128,65536,4096,2048,64,576,512,10,30,344.4264831542969,339.36761474609375,352.41510009765625,345.5968943277995,4.589091484718977,18.122676759958267,92.86512807011604,196.40982151031494,327.8087005019188,635.206326842308,149533581377536,1073741824,434.15239155854243,3117477535.8925667,672162381824,1951.5409374687467,0.43875936488988626,0.8001807876846054,77687049216,82285953024,57.0,306.57,1740.0,1593.0,60.0,327.55,1725.0,1593.0,20260803,2026-08-11T07:19:31.797708+00:00
prefillq4096_b128_h131072_sparse_q8kv8_steady,full,prefill,sglang_sparse_q8kv8_fp8,steady,ok,,128,131072,4096,2048,64,576,512,10,30,383.9071044921875,380.90887451171875,389.26605224609375,384.7351918538412,2.4051984244010494,19.583631306886673,114.57909643650055,234.40535366535187,364.5373731851578,733.1054545938969,149533581377536,1073741824,389.504595324776,2796879274.7930264,672162381824,1750.8464260204346,0.39363779214226985,0.7178909985382994,82518887424,82671828992,57.0,304.03,1740.0,1593.0,57.0,324.62,1740.0,1593.0,20260803,2026-08-11T07:19:46.469190+00:00
prefillq4096_b128_h262144_sparse_q8kv8_steady,full,prefill,sglang_sparse_q8kv8_fp8,steady,skipped_memory_limit,"runtime OOM: CUDA out of memory. Tried to allocate 4.00 GiB. GPU 0 has a total capacity of 79.18 GiB of which 672.31 MiB is free. Including non-PyTorch memory, this process has 78.51 GiB memory in use. Of the allocated memory 77.85 GiB is allocated by PyTorch, and 149.79 MiB is reserved by PyTorch but unallocated. If reserved but unallocated memory is large try setting PYTORCH_CUDA_ALLOC_CONF=expandable_segments:True to avoid fragmentation.  See documentation for Memory Management  (https://pytorch.org/docs/stable/notes/cuda.html#environment-variables)",128,262144,4096,2048,64,576,512,10,30,,,,,,,,,,,,,,,,,,,,,57.0,300.55,1740.0,1593.0,57.0,250.18,1755.0,1593.0,20260803,2026-08-11T07:20:02.834901+00:00
prefillq4096_b128_h524288_sparse_q8kv8_steady,full,prefill,sglang_sparse_q8kv8_fp8,steady,skipped_memory_limit,"skipped_memory_limit: larger history after runtime OOM on the same (kind, backend, B, Q) curve",128,524288,4096,2048,64,576,512,10,30,,,,,,,,,,,,,,,,,,,,,,,,,,,,,20260803,2026-08-11T07:20:03.471168+00:00
prefillq8192_b128_h2048_sparse_q8kv8_steady,full,prefill,sglang_sparse_q8kv8_fp8,steady,skipped_memory_limit,skipped_memory_limit: estimated live tensors 109.3 GiB exceed current free GPU memory 78.4 GiB,128,2048,8192,2048,64,576,512,10,30,,,,,,,,,,,,,,,,,,,,,,,,,,,,,20260803,2026-08-11T07:20:03.476374+00:00
prefillq8192_b128_h4096_sparse_q8kv8_steady,full,prefill,sglang_sparse_q8kv8_fp8,steady,skipped_memory_limit,skipped_memory_limit: estimated live tensors 109.5 GiB exceed current free GPU memory 78.4 GiB,128,4096,8192,2048,64,576,512,10,30,,,,,,,,,,,,,,,,,,,,,,,,,,,,,20260803,2026-08-11T07:20:03.481179+00:00
prefillq8192_b128_h8192_sparse_q8kv8_steady,full,prefill,sglang_sparse_q8kv8_fp8,steady,skipped_memory_limit,skipped_memory_limit: estimated live tensors 109.8 GiB exceed current free GPU memory 78.4 GiB,128,8192,8192,2048,64,576,512,10,30,,,,,,,,,,,,,,,,,,,,,,,,,,,,,20260803,2026-08-11T07:20:03.485272+00:00
prefillq8192_b128_h16384_sparse_q8kv8_steady,full,prefill,sglang_sparse_q8kv8_fp8,steady,skipped_memory_limit,skipped_memory_limit: estimated live tensors 110.3 GiB exceed current free GPU memory 78.4 GiB,128,16384,8192,2048,64,576,512,10,30,,,,,,,,,,,,,,,,,,,,,,,,,,,,,20260803,2026-08-11T07:20:03.489487+00:00
prefillq8192_b128_h32768_sparse_q8kv8_steady,full,prefill,sglang_sparse_q8kv8_fp8,steady,skipped_memory_limit,skipped_memory_limit: estimated live tensors 111.5 GiB exceed current free GPU memory 78.4 GiB,128,32768,8192,2048,64,576,512,10,30,,,,,,,,,,,,,,,,,,,,,,,,,,,,,20260803,2026-08-11T07:20:03.494855+00:00
prefillq8192_b128_h65536_sparse_q8kv8_steady,full,prefill,sglang_sparse_q8kv8_fp8,steady,skipped_memory_limit,skipped_memory_limit: estimated live tensors 113.7 GiB exceed current free GPU memory 78.4 GiB,128,65536,8192,2048,64,576,512,10,30,,,,,,,,,,,,,,,,,,,,,,,,,,,,,20260803,2026-08-11T07:20:03.499039+00:00
prefillq8192_b128_h131072_sparse_q8kv8_steady,full,prefill,sglang_sparse_q8kv8_fp8,steady,skipped_memory_limit,skipped_memory_limit: estimated live tensors 118.2 GiB exceed current free GPU memory 78.4 GiB,128,131072,8192,2048,64,576,512,10,30,,,,,,,,,,,,,,,,,,,,,,,,,,,,,20260803,2026-08-11T07:20:03.502908+00:00
prefillq8192_b128_h262144_sparse_q8kv8_steady,full,prefill,sglang_sparse_q8kv8_fp8,steady,skipped_memory_limit,skipped_memory_limit: estimated live tensors 127.2 GiB exceed current free GPU memory 78.4 GiB,128,262144,8192,2048,64,576,512,10,30,,,,,,,,,,,,,,,,,,,,,,,,,,,,,20260803,2026-08-11T07:20:03.506640+00:00
prefillq8192_b128_h524288_sparse_q8kv8_steady,full,prefill,sglang_sparse_q8kv8_fp8,steady,skipped_memory_limit,skipped_memory_limit: estimated live tensors 145.2 GiB exceed current free GPU memory 78.4 GiB,128,524288,8192,2048,64,576,512,10,30,,,,,,,,,,,,,,,,,,,,,,,,,,,,,20260803,2026-08-11T07:20:03.511000+00:00
prefillq16384_b128_h2048_sparse_q8kv8_steady,full,prefill,sglang_sparse_q8kv8_fp8,steady,skipped_memory_limit,skipped_memory_limit: estimated live tensors 218.4 GiB exceed current free GPU memory 78.4 GiB,128,2048,16384,2048,64,576,512,10,30,,,,,,,,,,,,,,,,,,,,,,,,,,,,,20260803,2026-08-11T07:20:03.517464+00:00
prefillq16384_b128_h4096_sparse_q8kv8_steady,full,prefill,sglang_sparse_q8kv8_fp8,steady,skipped_memory_limit,skipped_memory_limit: estimated live tensors 218.5 GiB exceed current free GPU memory 78.4 GiB,128,4096,16384,2048,64,576,512,10,30,,,,,,,,,,,,,,,,,,,,,,,,,,,,,20260803,2026-08-11T07:20:03.522069+00:00
prefillq16384_b128_h8192_sparse_q8kv8_steady,full,prefill,sglang_sparse_q8kv8_fp8,steady,skipped_memory_limit,skipped_memory_limit: estimated live tensors 218.8 GiB exceed current free GPU memory 78.4 GiB,128,8192,16384,2048,64,576,512,10,30,,,,,,,,,,,,,,,,,,,,,,,,,,,,,20260803,2026-08-11T07:20:03.525809+00:00
prefillq16384_b128_h16384_sparse_q8kv8_steady,full,prefill,sglang_sparse_q8kv8_fp8,steady,skipped_memory_limit,skipped_memory_limit: estimated live tensors 219.4 GiB exceed current free GPU memory 78.4 GiB,128,16384,16384,2048,64,576,512,10,30,,,,,,,,,,,,,,,,,,,,,,,,,,,,,20260803,2026-08-11T07:20:03.530239+00:00
prefillq16384_b128_h32768_sparse_q8kv8_steady,full,prefill,sglang_sparse_q8kv8_fp8,steady,skipped_memory_limit,skipped_memory_limit: estimated live tensors 220.5 GiB exceed current free GPU memory 78.4 GiB,128,32768,16384,2048,64,576,512,10,30,,,,,,,,,,,,,,,,,,,,,,,,,,,,,20260803,2026-08-11T07:20:03.534379+00:00
prefillq16384_b128_h65536_sparse_q8kv8_steady,full,prefill,sglang_sparse_q8kv8_fp8,steady,skipped_memory_limit,skipped_memory_limit: estimated live tensors 222.8 GiB exceed current free GPU memory 78.4 GiB,128,65536,16384,2048,64,576,512,10,30,,,,,,,,,,,,,,,,,,,,,,,,,,,,,20260803,2026-08-11T07:20:03.538665+00:00
prefillq16384_b128_h131072_sparse_q8kv8_steady,full,prefill,sglang_sparse_q8kv8_fp8,steady,skipped_memory_limit,skipped_memory_limit: estimated live tensors 227.3 GiB exceed current free GPU memory 78.4 GiB,128,131072,16384,2048,64,576,512,10,30,,,,,,,,,,,,,,,,,,,,,,,,,,,,,20260803,2026-08-11T07:20:03.542616+00:00
prefillq16384_b128_h262144_sparse_q8kv8_steady,full,prefill,sglang_sparse_q8kv8_fp8,steady,skipped_memory_limit,skipped_memory_limit: estimated live tensors 236.3 GiB exceed current free GPU memory 78.4 GiB,128,262144,16384,2048,64,576,512,10,30,,,,,,,,,,,,,,,,,,,,,,,,,,,,,20260803,2026-08-11T07:20:03.548410+00:00
prefillq16384_b128_h524288_sparse_q8kv8_steady,full,prefill,sglang_sparse_q8kv8_fp8,steady,skipped_memory_limit,skipped_memory_limit: estimated live tensors 254.3 GiB exceed current free GPU memory 78.4 GiB,128,524288,16384,2048,64,576,512,10,30,,,,,,,,,,,,,,,,,,,,,,,,,,,,,20260803,2026-08-11T07:20:03.553535+00:00
prefillq32768_b128_h2048_sparse_q8kv8_steady,full,prefill,sglang_sparse_q8kv8_fp8,steady,skipped_memory_limit,skipped_memory_limit: estimated live tensors 436.5 GiB exceed current free GPU memory 78.4 GiB,128,2048,32768,2048,64,576,512,10,30,,,,,,,,,,,,,,,,,,,,,,,,,,,,,20260803,2026-08-11T07:20:03.558039+00:00
prefillq32768_b128_h4096_sparse_q8kv8_steady,full,prefill,sglang_sparse_q8kv8_fp8,steady,skipped_memory_limit,skipped_memory_limit: estimated live tensors 436.7 GiB exceed current free GPU memory 78.4 GiB,128,4096,32768,2048,64,576,512,10,30,,,,,,,,,,,,,,,,,,,,,,,,,,,,,20260803,2026-08-11T07:20:03.562142+00:00
prefillq32768_b128_h8192_sparse_q8kv8_steady,full,prefill,sglang_sparse_q8kv8_fp8,steady,skipped_memory_limit,skipped_memory_limit: estimated live tensors 437.0 GiB exceed current free GPU memory 78.4 GiB,128,8192,32768,2048,64,576,512,10,30,,,,,,,,,,,,,,,,,,,,,,,,,,,,,20260803,2026-08-11T07:20:03.565810+00:00
prefillq32768_b128_h16384_sparse_q8kv8_steady,full,prefill,sglang_sparse_q8kv8_fp8,steady,skipped_memory_limit,skipped_memory_limit: estimated live tensors 437.5 GiB exceed current free GPU memory 78.4 GiB,128,16384,32768,2048,64,576,512,10,30,,,,,,,,,,,,,,,,,,,,,,,,,,,,,20260803,2026-08-11T07:20:03.572474+00:00
prefillq32768_b128_h32768_sparse_q8kv8_steady,full,prefill,sglang_sparse_q8kv8_fp8,steady,skipped_memory_limit,skipped_memory_limit: estimated live tensors 438.6 GiB exceed current free GPU memory 78.4 GiB,128,32768,32768,2048,64,576,512,10,30,,,,,,,,,,,,,,,,,,,,,,,,,,,,,20260803,2026-08-11T07:20:03.577541+00:00
prefillq32768_b128_h65536_sparse_q8kv8_steady,full,prefill,sglang_sparse_q8kv8_fp8,steady,skipped_memory_limit,skipped_memory_limit: estimated live tensors 440.9 GiB exceed current free GPU memory 78.4 GiB,128,65536,32768,2048,64,576,512,10,30,,,,,,,,,,,,,,,,,,,,,,,,,,,,,20260803,2026-08-11T07:20:03.586072+00:00
prefillq32768_b128_h131072_sparse_q8kv8_steady,full,prefill,sglang_sparse_q8kv8_fp8,steady,skipped_memory_limit,skipped_memory_limit: estimated live tensors 445.4 GiB exceed current free GPU memory 78.4 GiB,128,131072,32768,2048,64,576,512,10,30,,,,,,,,,,,,,,,,,,,,,,,,,,,,,20260803,2026-08-11T07:20:03.590144+00:00
prefillq32768_b128_h262144_sparse_q8kv8_steady,full,prefill,sglang_sparse_q8kv8_fp8,steady,skipped_memory_limit,skipped_memory_limit: estimated live tensors 454.4 GiB exceed current free GPU memory 78.4 GiB,128,262144,32768,2048,64,576,512,10,30,,,,,,,,,,,,,,,,,,,,,,,,,,,,,20260803,2026-08-11T07:20:03.596217+00:00
prefillq32768_b128_h524288_sparse_q8kv8_steady,full,prefill,sglang_sparse_q8kv8_fp8,steady,skipped_memory_limit,skipped_memory_limit: estimated live tensors 472.4 GiB exceed current free GPU memory 78.4 GiB,128,524288,32768,2048,64,576,512,10,30,,,,,,,,,,,,,,,,,,,,,,,,,,,,,20260803,2026-08-11T07:20:03.601201+00:00
prefillq2_b256_h2048_sparse_q8kv8_steady,full,prefill,sglang_sparse_q8kv8_fp8,steady,ok,,256,2048,2,2048,64,576,512,10,30,0.4023999869823456,0.3986879885196686,0.4071359932422638,0.40244266589482625,0.002704146621809911,17.91995018720627,1.3391375541687012,3.160625696182251,0.45371800661087036,22.87343144416809,146028888064,1048576,362.89486279333977,2605805253.283977,656408576,1631.2340885557696,0.36674569256527517,0.668846936704057,1000899584,1101004800,56.0,202.61,1755.0,1593.0,56.0,190.26,1755.0,1593.0,20260803,2026-08-11T07:20:03.605005+00:00
prefillq2_b256_h4096_sparse_q8kv8_steady,full,prefill,sglang_sparse_q8kv8_fp8,steady,ok,,256,4096,2,2048,64,576,512,10,30,0.44409599900245667,0.438975989818573,0.447488009929657,0.44372373123963677,0.002638446609950774,1.5693381428718567,1.3490095734596252,5.465049296617508,0.4962906241416931,8.879687637090683,146028888064,1048576,328.82279595406175,2361147144.660944,656408576,1478.078112557751,0.3323120727175965,0.6060491407881508,1302889472,1402994688,56.0,189.4,1755.0,1593.0,56.0,195.04,1755.0,1593.0,20260803,2026-08-11T07:20:03.737169+00:00
prefillq2_b256_h8192_sparse_q8kv8_steady,full,prefill,sglang_sparse_q8kv8_fp8,steady,ok,,256,8192,2,2048,64,576,512,10,30,0.4447999894618988,0.44172799587249756,0.44995200634002686,0.44526399970054625,0.0024116302416770335,0.9485669434070587,1.268479973077774,10.303601622581482,0.49900636076927185,13.019654899835587,146028888064,1048576,328.30236403705834,2357410127.7936745,656408576,1475.7387399988404,0.3317861182789877,0.6050899392971972,1906869248,2006974464,56.0,194.08,1755.0,1593.0,57.0,196.75,1755.0,1593.0,20260803,2026-08-11T07:20:03.857560+00:00
prefillq2_b256_h16384_sparse_q8kv8_steady,full,prefill,sglang_sparse_q8kv8_fp8,steady,ok,,256,16384,2,2048,64,576,512,10,30,0.48316800594329834,0.47868800163269043,0.48710399866104126,0.48301973243554436,0.0027886113239864907,1.1416561901569366,1.3078711926937103,19.97104287147522,0.5386918783187866,22.959262132644653,146028888064,1048576,302.23211443585745,2170209920.983581,656408576,1358.551410535722,0.3054392263121349,0.5570401916357007,3114828800,3214934016,56.0,166.07,1755.0,1593.0,57.0,152.16,1755.0,1593.0,20260803,2026-08-11T07:20:04.008402+00:00
prefillq2_b256_h32768_sparse_q8kv8_steady,full,prefill,sglang_sparse_q8kv8_fp8,steady,ok,,256,32768,2,2048,64,576,512,10,30,0.4882560074329376,0.4838399887084961,0.4938240051269531,0.4885269314050674,0.003393183170426008,1.3954006135463715,1.2946166098117828,39.30871561169624,0.5377680063247681,42.536500841379166,146028888064,1048576,299.0826243629111,2147594671.723569,656408576,1344.394264498954,0.3022563156775251,0.5512354062737496,5530747904,5630853120,57.0,142.87,1755.0,1593.0,57.0,144.86,1755.0,1593.0,20260803,2026-08-11T07:20:04.239365+00:00
prefillq2_b256_h65536_sparse_q8kv8_steady,full,prefill,sglang_sparse_q8kv8_fp8,steady,ok,,256,65536,2,2048,64,576,512,10,30,0.4875200092792511,0.4840959906578064,0.4933120012283325,0.4880970686674118,0.0034731780291128397,1.9806437194347382,1.4160014688968658,77.97770947217941,0.5498379468917847,81.9241926074028,146028888064,1048576,299.53414277270156,2150836847.8048997,656408576,1346.4238667258674,0.30271262533875853,0.5520675941502305,10362586112,10462691328,57.0,144.15,1755.0,1593.0,57.0,165.24,1755.0,1593.0,20260803,2026-08-11T07:20:04.399667+00:00
prefillq2_b256_h131072_sparse_q8kv8_steady,full,prefill,sglang_sparse_q8kv8_fp8,steady,ok,,256,131072,2,2048,64,576,512,10,30,0.4952319860458374,0.48579201102256775,0.5120000243186951,0.496107734243075,0.006661188044262881,3.1535327434539795,1.6007162630558014,155.385822057724,0.5530081689357758,160.69307923316956,146028888064,1048576,294.86966144889504,2117343042.343284,656408576,1325.4567445068958,0.2979986472449672,0.5434705475546222,20026262528,20126367744,56.0,160.72,1755.0,1593.0,56.0,186.95,1740.0,1593.0,20260803,2026-08-11T07:20:04.646636+00:00
prefillq2_b256_h262144_sparse_q8kv8_steady,full,prefill,sglang_sparse_q8kv8_fp8,steady,ok,,256,262144,2,2048,64,576,512,10,30,0.49033600091934204,0.4864319860935211,0.4946880042552948,0.4908202658096949,0.0025315725359588478,11.571217328310013,1.4692284166812897,315.9906752407551,0.5463138222694397,329.5774348080158,146028888064,1048576,297.81392308581695,2138484626.9374495,656408576,1338.6913764628432,0.3009741516784406,0.5488970789790473,39353615360,39453720576,55.0,188.25,1740.0,1593.0,59.0,222.76,1755.0,1593.0,20260803,2026-08-11T07:20:04.999848+00:00
prefillq2_b256_h524288_sparse_q8kv8_steady,full,prefill,sglang_sparse_q8kv8_fp8,steady,ok,,256,524288,2,2048,64,576,512,10,30,0.49248000979423523,0.4875519871711731,0.5008959770202637,0.4930997331937154,0.003585216326834254,12.002505362033844,1.5929564833641052,619.1112175583839,0.5507059395313263,633.2573853433132,146028888064,1048576,296.51739189376,2129174746.4797795,656408576,1332.863391296342,0.29966386244947957,0.5465074587196875,78008321024,78108426240,56.0,216.53,1755.0,1593.0,59.0,276.17,1740.0,1593.0,20260803,2026-08-11T07:20:05.552143+00:00
prefillq4_b256_h2048_sparse_q8kv8_steady,full,prefill,sglang_sparse_q8kv8_fp8,steady,ok,,256,2048,4,2048,64,576,512,10,30,0.6840639710426331,0.6813120245933533,0.6939839720726013,0.6853834648927053,0.003934633425328619,0.8311793208122253,1.022670418024063,3.5360977053642273,0.735994428396225,6.125941872596741,292057776128,2097152,426.94512281191027,3065724974.235339,1312817152,1919.1438338713222,0.43147561678818624,0.7868971617162406,1053885440,1170210816,56.0,262.05,1740.0,1593.0,58.0,256.38,1740.0,1593.0,20260803,2026-08-11T07:20:06.382189+00:00
prefillq4_b256_h4096_sparse_q8kv8_steady,full,prefill,sglang_sparse_q8kv8_fp8,steady,ok,,256,4096,4,2048,64,576,512,10,30,0.6741759777069092,0.6723200082778931,0.6758720278739929,0.6744480013847352,0.0016692580309815275,17.771653831005096,1.047484576702118,5.754802376031876,0.7200911641120911,25.29403194785118,292057776128,2097152,433.20703464009955,3110689299.7479577,1312817152,1947.2915016422214,0.43780397639221785,0.7984384122921144,1355875328,1472200704,58.0,258.29,1740.0,1593.0,55.0,261.42,1740.0,1593.0,20260803,2026-08-11T07:20:06.532789+00:00
prefillq4_b256_h8192_sparse_q8kv8_steady,full,prefill,sglang_sparse_q8kv8_fp8,steady,ok,,256,8192,4,2048,64,576,512,10,30,0.7467520236968994,0.743615984916687,0.7500479817390442,0.7468895971775055,0.0017288489641376424,0.9995102882385254,1.0155737400054932,10.36033034324646,0.7987581193447113,13.17417249083519,292057776128,2097152,391.10409729072774,2808364669.194679,1312817152,1758.0362829158692,0.39525426709522765,0.7208390204032111,1959855104,2076180480,56.0,253.61,1740.0,1593.0,57.0,248.15,1710.0,1593.0,20260803,2026-08-11T07:20:06.677427+00:00
prefillq4_b256_h16384_sparse_q8kv8_steady,full,prefill,sglang_sparse_q8kv8_fp8,steady,ok,,256,16384,4,2048,64,576,512,10,30,0.8768640160560608,0.8721920251846313,0.8858240246772766,0.8774176021416982,0.0039892704211339485,1.1183172464370728,1.0560378432273865,20.066704601049423,0.9327605366706848,23.173820227384567,292057776128,2097152,333.0707735523359,2391650200.714728,1312817152,1497.1730256474198,0.33660512738993015,0.6138785346294494,3167814656,3284140032,57.0,234.46,1740.0,1593.0,56.0,223.24,1665.0,1593.0,20260803,2026-08-11T07:20:06.810755+00:00
prefillq4_b256_h32768_sparse_q8kv8_steady,full,prefill,sglang_sparse_q8kv8_fp8,steady,ok,,256,32768,4,2048,64,576,512,10,30,0.8975359797477722,0.8876479864120483,0.9111679792404175,0.8995893279711406,0.007412005549726113,1.413874328136444,1.0323934257030487,39.43805396556854,0.9419769048690796,42.826298624277115,292057776128,2097152,325.39951903663496,2336565939.773631,1312817152,1462.690278298293,0.32885246997133394,0.5997397423522337,5583733760,5700059136,56.0,213.99,1725.0,1593.0,57.0,203.9,1680.0,1593.0,20260803,2026-08-11T07:20:06.988198+00:00
prefillq4_b256_h65536_sparse_q8kv8_steady,full,prefill,sglang_sparse_q8kv8_fp8,steady,ok,,256,65536,4,2048,64,576,512,10,30,0.8793280124664307,0.8704959750175476,0.8943359851837158,0.879941334327062,0.007001207656147591,2.0468495786190033,1.0569281876087189,77.90520787239075,0.927504152059555,81.93648979067802,292057776128,2097152,332.13746404917316,2384948472.320005,1312817152,1492.977743672323,0.3356619141477243,0.6121583636758511,10415571968,10531897344,55.0,189.92,1740.0,1593.0,57.0,196.32,1680.0,1593.0,20260803,2026-08-11T07:20:07.140766+00:00
prefillq4_b256_h131072_sparse_q8kv8_steady,full,prefill,sglang_sparse_q8kv8_fp8,steady,ok,,256,131072,4,2048,64,576,512,10,30,0.9197440147399902,0.910368025302887,0.9275519847869873,0.9203520019849142,0.0057998646473010505,3.0649714171886444,1.3234466314315796,155.72740882635117,0.9612403810024261,161.07706725597382,292057776128,2097152,317.5424590401538,2280147482.7676487,1312817152,1427.3723242125482,0.3209120354119796,0.5852584943409079,20079248384,20195573760,56.0,197.48,1740.0,1593.0,56.0,223.37,1725.0,1593.0,20260803,2026-08-11T07:20:07.355392+00:00
prefillq4_b256_h262144_sparse_q8kv8_steady,full,prefill,sglang_sparse_q8kv8_fp8,steady,ok,,256,262144,4,2048,64,576,512,10,30,0.9279680252075195,0.9181439876556396,0.936191976070404,0.9277567942937215,0.006919847614652376,6.292354315519333,1.6368888318538666,310.85105240345,1.0273009538650513,319.80759650468826,292057776128,2097152,314.72827532251205,2259939936.541476,1312817152,1414.7224002749635,0.31806798920920876,0.580071707886069,39406601216,39522926592,56.0,223.3,1740.0,1593.0,59.0,254.85,1725.0,1593.0,20260803,2026-08-11T07:20:07.691662+00:00
prefillq4_b256_h524288_sparse_q8kv8_steady,full,prefill,sglang_sparse_q8kv8_fp8,steady,ok,,256,524288,4,2048,64,576,512,10,30,0.926367998123169,0.9190080165863037,0.9303039908409119,0.9254336059093475,0.0037528894698836872,11.214405298233032,1.2805946171283722,619.8570840060711,0.9741745889186859,633.3262585103512,292057776128,2097152,315.2718754530727,2263843315.236333,1312817152,1417.1659153379446,0.3186173577090174,0.5810736104187165,78061306880,78177632256,55.0,255.55,1740.0,1593.0,55.0,285.36,1725.0,1593.0,20260803,2026-08-11T07:20:08.160437+00:00
prefillq8_b256_h2048_sparse_q8kv8_steady,full,prefill,sglang_sparse_q8kv8_fp8,steady,ok,,256,2048,8,2048,64,576,512,10,30,1.2083200216293335,1.2039999961853027,1.2950400114059448,1.2333055973052978,0.03800332531733347,0.8466988801956177,1.0641701519489288,3.749709576368332,1.2543648481369019,6.91494345664978,584115552256,4194304,483.4112998213518,3471186378.5425653,2625634304,2172.9626729676456,0.4885409801125334,0.8909692591536231,1160774656,1161822208,55.0,268.33,1740.0,1593.0,56.0,271.08,1740.0,1593.0,20260803,2026-08-11T07:20:08.985625+00:00
prefillq8_b256_h4096_sparse_q8kv8_steady,full,prefill,sglang_sparse_q8kv8_fp8,steady,ok,,256,4096,8,2048,64,576,512,10,30,1.2402880191802979,1.2058240175247192,1.289504051208496,1.2318293412526449,0.02529622631934566,0.9159781038761139,1.0318756103515625,5.662105977535248,1.258116215467453,8.868075907230377,584115552256,4194304,470.95153966095705,3381717742.28054,2625634304,2116.955306667618,0.4759490042051107,0.8680048326219278,1462764544,1463812096,55.0,246.96,1740.0,1593.0,56.0,242.77,1620.0,1593.0,20260803,2026-08-11T07:20:09.250042+00:00
prefillq8_b256_h8192_sparse_q8kv8_steady,full,prefill,sglang_sparse_q8kv8_fp8,steady,ok,,256,8192,8,2048,64,576,512,10,30,1.3169599771499634,1.3021440505981445,1.431615948677063,1.3650602618853251,0.06061220438619659,1.05222687125206,1.0410919785499573,10.442059487104416,1.3514570891857147,13.886835426092148,584115552256,4194304,443.53326022867157,3184837863.544574,2625634304,1993.7085025789033,0.4482397778965857,0.8174705482101272,2066744320,2067791872,55.0,224.42,1740.0,1593.0,55.0,206.17,1710.0,1593.0,20260803,2026-08-11T07:20:09.466902+00:00
prefillq8_b256_h16384_sparse_q8kv8_steady,full,prefill,sglang_sparse_q8kv8_fp8,steady,ok,,256,16384,8,2048,64,576,512,10,30,1.555616021156311,1.4892159700393677,1.573855996131897,1.535147734483083,0.0339541608639059,1.166071742773056,1.048445701599121,20.111333578824997,1.536201685667038,23.862052708864212,584115552256,4194304,375.4882595139505,2696233481.1146493,2625634304,1687.8421591777703,0.3794727231065695,0.6920576670914865,3274703872,3275751424,55.0,194.62,1740.0,1593.0,56.0,183.11,1680.0,1593.0,20260803,2026-08-11T07:20:09.696937+00:00
prefillq8_b256_h32768_sparse_q8kv8_steady,full,prefill,sglang_sparse_q8kv8_fp8,steady,ok,,256,32768,8,2048,64,576,512,10,30,1.679744005203247,1.6549760103225708,1.6899839639663696,1.6767103950182596,0.012303340270840372,1.4409571886062622,1.053839921951294,39.580535143613815,1.6931705176830292,43.7685027718544,584115552256,4194304,347.74081672363087,2496990009.791697,2625634304,1563.1157461296023,0.35143084054939955,0.6409167058532307,5690622976,5691670528,56.0,178.5,1740.0,1593.0,58.0,190.13,1710.0,1593.0,20260803,2026-08-11T07:20:09.900326+00:00
prefillq8_b256_h65536_sparse_q8kv8_steady,full,prefill,sglang_sparse_q8kv8_fp8,steady,ok,,256,65536,8,2048,64,576,512,10,30,1.7478400468826294,1.719391942024231,1.7643519639968872,1.7446229378382365,0.014689629547154203,1.9591562449932098,1.0521672666072845,78.29303666949272,1.7772018909454346,83.08156207203865,584115552256,4194304,334.19279601574686,2399707002.6406455,2625634304,1502.2165836530442,0.3377390561048478,0.6159465200558316,10522461184,10523508736,54.0,188.48,1740.0,1593.0,55.0,210.24,1725.0,1593.0,20260803,2026-08-11T07:20:10.161878+00:00
prefillq8_b256_h131072_sparse_q8kv8_steady,full,prefill,sglang_sparse_q8kv8_fp8,steady,ok,,256,131072,8,2048,64,576,512,10,30,1.8081920146942139,1.772704005241394,1.8293440341949463,1.8044138630231221,0.018984695190571846,3.084201365709305,1.2482516467571259,155.18316999077797,1.8219426274299622,161.33756563067436,584115552256,4194304,323.03845360957456,2319612057.7433834,2625634304,1452.0771481473582,0.3264663502875943,0.5953880924939482,20186137600,20187185152,55.0,210.15,1740.0,1593.0,55.0,222.65,1710.0,1593.0,20260803,2026-08-11T07:20:10.521066+00:00
prefillq8_b256_h262144_sparse_q8kv8_steady,full,prefill,sglang_sparse_q8kv8_fp8,steady,ok,,256,262144,8,2048,64,576,512,10,30,1.824288010597229,1.801792025566101,1.8403840065002441,1.8223509351412455,0.012350444073436566,5.575090646743774,1.1071451008319855,310.4935325682163,1.841425895690918,319.017194211483,584115552256,4194304,320.18823171719157,2299145735.561176,2625634304,1439.2652304612961,0.3235858834938773,0.5901348845345595,39513490432,39514537984,55.0,223.71,1740.0,1593.0,58.0,248.84,1695.0,1593.0,20260803,2026-08-11T07:20:10.897239+00:00
prefillq8_b256_h524288_sparse_q8kv8_steady,full,prefill,sglang_sparse_q8kv8_fp8,steady,ok,,256,524288,8,2048,64,576,512,10,30,1.8231359720230103,1.7889280319213867,1.8382400274276733,1.8188703974088034,0.01466491852821587,11.660400778055191,1.1662989854812622,620.2079467475414,1.844257116317749,634.8789036273956,584115552256,4194304,320.39055847702167,2300598564.431739,2625634304,1440.1747013342683,0.32379035722791477,0.5905077904293522,78168196096,78169243648,54.0,249.46,1740.0,1593.0,55.0,278.7,1740.0,1593.0,20260803,2026-08-11T07:20:11.448864+00:00
prefillq16_b256_h2048_sparse_q8kv8_steady,full,prefill,sglang_sparse_q8kv8_fp8,steady,ok,,256,2048,16,2048,64,576,512,10,30,2.4758079051971436,2.341599941253662,2.506272077560425,2.435167996088664,0.07120524003296658,0.9534992277622223,1.5153437852859497,4.4523850083351135,2.3138225078582764,9.235050529241562,1168231104512,8388608,471.8585404221723,3388230557.9487324,5251268608,2121.0323292759067,0.4768656295322611,0.8696765142656345,1371800576,1375731712,54.0,261.57,1740.0,1593.0,59.0,291.24,1635.0,1593.0,20260803,2026-08-11T07:20:12.345783+00:00
prefillq16_b256_h4096_sparse_q8kv8_steady,full,prefill,sglang_sparse_q8kv8_fp8,steady,ok,,256,4096,16,2048,64,576,512,10,30,2.5275840759277344,2.4042561054229736,2.5527360439300537,2.499388821919759,0.06589323479206509,1.068364828824997,1.376267522573471,6.238780915737152,2.2851936519145966,10.968606919050217,1168231104512,8388608,462.19277753726465,3318824517.0127573,5251268608,2077.584147649986,0.46709729917864035,0.8518616688122839,1673790464,1677721600,55.0,274.5,1740.0,1593.0,56.0,268.92,1635.0,1593.0,20260803,2026-08-11T07:20:12.562201+00:00
prefillq16_b256_h8192_sparse_q8kv8_steady,full,prefill,sglang_sparse_q8kv8_fp8,steady,ok,,256,8192,16,2048,64,576,512,10,30,2.611488103866577,2.4305920600891113,2.618527889251709,2.5751914739608766,0.06604768811479755,1.1516287922859192,1.4064088463783264,10.967757552862167,2.3980773985385895,15.923872590065002,1168231104512,8388608,447.3430695634085,3212194605.66556,5251268608,2010.8338231466403,0.45209001471794696,0.8244923596608351,2277770240,2281701376,56.0,256.4,1740.0,1593.0,59.0,249.23,1665.0,1593.0,20260803,2026-08-11T07:20:12.802093+00:00
prefillq16_b256_h16384_sparse_q8kv8_steady,full,prefill,sglang_sparse_q8kv8_fp8,steady,ok,,256,16384,16,2048,64,576,512,10,30,2.9156479835510254,2.68287992477417,2.9988479614257812,2.9129738728205363,0.10378966953776853,1.316748559474945,1.386154443025589,20.7979679107666,2.7401261031627655,26.2409970164299,1168231104512,8388608,400.67632001624156,2877099035.0430946,5251268608,1801.0639959369773,0.40492806469554476,0.7384814631705944,3485729792,3489660928,54.0,236.76,1740.0,1593.0,55.0,235.55,1665.0,1593.0,20260803,2026-08-11T07:20:13.036718+00:00
prefillq16_b256_h32768_sparse_q8kv8_steady,full,prefill,sglang_sparse_q8kv8_fp8,steady,ok,,256,32768,16,2048,64,576,512,10,30,3.196928024291992,3.123584032058716,3.2106239795684814,3.183835744857788,0.029029675289270068,1.5626214444637299,1.3798996806144714,40.168341249227524,3.0550621449947357,46.16592451930046,1168231104512,8388608,365.4230234885323,2623958980.702352,5251268608,1642.5983219196723,0.36930068063520194,0.6735065577399109,5901648896,5905580032,55.0,234.87,1725.0,1593.0,54.0,251.22,1725.0,1593.0,20260803,2026-08-11T07:20:13.300213+00:00
prefillq16_b256_h65536_sparse_q8kv8_steady,full,prefill,sglang_sparse_q8kv8_fp8,steady,ok,,256,65536,16,2048,64,576,512,10,30,3.328831911087036,3.2941761016845703,3.3891520500183105,3.341464551289876,0.03554357596298062,2.4770423769950867,1.3997219502925873,78.64109799265862,3.2649487257003784,85.78281104564667,1168231104512,8388608,350.9432544854787,2519985455.577024,5251268608,1577.510895191217,0.3546672607230709,0.6468190784316408,10733487104,10737418240,54.0,233.92,1740.0,1593.0,55.0,241.61,1710.0,1593.0,20260803,2026-08-11T07:20:13.612931+00:00
prefillq16_b256_h131072_sparse_q8kv8_steady,full,prefill,sglang_sparse_q8kv8_fp8,steady,ok,,256,131072,16,2048,64,576,512,10,30,3.542623996734619,3.516160011291504,3.564863920211792,3.540071439743042,0.016374605971191177,3.206804394721985,1.4183782041072845,156.42638877034187,3.509342670440674,164.56091403961182,1168231104512,8388608,329.7643513928676,2367908083.8757153,5251268608,1482.3104605061978,0.33326361939653115,0.6077845097215516,20397163520,20401094656,55.0,241.54,1740.0,1593.0,57.0,248.96,1725.0,1593.0,20260803,2026-08-11T07:20:14.024960+00:00
prefillq16_b256_h262144_sparse_q8kv8_steady,full,prefill,sglang_sparse_q8kv8_fp8,steady,ok,,256,262144,16,2048,64,576,512,10,30,3.6287999153137207,3.5956480503082275,3.6430399417877197,3.6259402592976886,0.013666869954758097,10.2151557803154,1.515410840511322,312.44567036628723,3.585904836654663,327.7621418237686,1168231104512,8388608,321.9331822573091,2311675538.9570107,5251268608,1447.1088873870885,0.3253493504368965,0.5933509808288804,39724516352,39728447488,54.0,229.41,1740.0,1593.0,55.0,281.71,1725.0,1593.0,20260803,2026-08-11T07:20:14.472307+00:00
prefillq16_b256_h524288_sparse_q8kv8_steady,full,prefill,sglang_sparse_q8kv8_fp8,steady,ok,,256,524288,16,2048,64,576,512,10,30,3.657599925994873,3.61628794670105,3.6740798950195312,3.6521578709284466,0.01786858395267724,11.781543493270874,1.496635377407074,647.5000753998756,3.625568002462387,664.403822273016,1168231104512,8388608,319.3982743189824,2293473362.2399354,5251268608,1435.7143247621996,0.3227875435260054,0.5886789240344523,78379222016,78383153152,54.0,267.79,1740.0,1593.0,54.0,282.34,1740.0,1593.0,20260803,2026-08-11T07:20:15.124070+00:00
prefillq32_b256_h2048_sparse_q8kv8_steady,full,prefill,sglang_sparse_q8kv8_fp8,steady,ok,,256,2048,32,2048,64,576,512,10,30,4.740608215332031,4.530943870544434,4.749279975891113,4.689332278569539,0.0742358335252312,18.23153719305992,2.077963203191757,5.0796642899513245,4.390314221382141,29.779478907585144,2336462209024,16777216,492.8612749451506,3539042932.453115,10502537216,2215.44087571565,0.4980912328905009,0.9083863889107942,1888116224,1950351360,54.0,279.67,1740.0,1593.0,56.0,272.66,1680.0,1593.0,20260803,2026-08-11T07:20:16.135032+00:00
prefillq32_b256_h4096_sparse_q8kv8_steady,full,prefill,sglang_sparse_q8kv8_fp8,steady,ok,,256,4096,32,2048,64,576,512,10,30,4.953855991363525,4.612800121307373,5.006368160247803,4.897904046376547,0.11679227818770033,1.149602234363556,2.0731836557388306,7.458698004484177,4.377909004688263,15.059392899274826,2336462209024,16777216,471.64516148579037,3386698367.7460823,10502537216,2120.0731782090475,0.4766499863423854,0.8692832382438753,2190106112,2252341248,54.0,252.58,1740.0,1593.0,55.0,242.89,1725.0,1593.0,20260803,2026-08-11T07:20:16.528227+00:00
prefillq32_b256_h8192_sparse_q8kv8_steady,full,prefill,sglang_sparse_q8kv8_fp8,steady,ok,,256,8192,32,2048,64,576,512,10,30,5.0478081703186035,4.70633602142334,5.0595197677612305,4.968366909027099,0.12321155820206545,1.2188665568828583,2.074282616376877,12.29625940322876,4.493623971939087,20.083032548427582,2336462209024,16777216,462.86667999044204,3323663545.4276915,10502537216,2080.6133794377347,0.46777835269372614,0.853103729909472,2794085888,2856321024,54.0,214.85,1740.0,1593.0,56.0,265.66,1680.0,1593.0,20260803,2026-08-11T07:20:16.920764+00:00
prefillq32_b256_h16384_sparse_q8kv8_steady,full,prefill,sglang_sparse_q8kv8_fp8,steady,ok,,256,16384,32,2048,64,576,512,10,30,5.367936134338379,5.1005120277404785,5.376575946807861,5.289444271723429,0.10758992166138912,1.3503357768058777,2.076089382171631,21.907929331064224,4.740893840789795,30.075248330831528,2336462209024,16777216,435.2626690317319,3125450001.6639752,10502537216,1956.5317010416484,0.4398814239835593,0.8022271260678997,4002045440,4064280576,54.0,236.14,1740.0,1593.0,56.0,260.6,1620.0,1593.0,20260803,2026-08-11T07:20:17.303593+00:00
prefillq32_b256_h32768_sparse_q8kv8_steady,full,prefill,sglang_sparse_q8kv8_fp8,steady,ok,,256,32768,32,2048,64,576,512,10,30,5.871039867401123,5.669407844543457,5.8821120262146,5.826295439402262,0.07643281883700397,1.6389191150665283,2.0903274416923523,41.07329621911049,5.41696697473526,50.21950975060463,2336462209024,16777216,397.9639487711841,2857622564.1313195,10502537216,1788.871725146206,0.4021869113402568,0.7334823259976497,6417964544,6480199680,56.0,244.6,1725.0,1593.0,55.0,282.89,1680.0,1593.0,20260803,2026-08-11T07:20:17.703332+00:00
prefillq32_b256_h65536_sparse_q8kv8_steady,full,prefill,sglang_sparse_q8kv8_fp8,steady,ok,,256,65536,32,2048,64,576,512,10,30,6.394783973693848,6.365119934082031,6.4266557693481445,6.397832520802816,0.019392461808030666,2.246059477329254,2.451319247484207,79.7366127371788,6.068248301744461,90.50223976373672,2336462209024,16777216,365.369998210335,2623578227.0388255,10502537216,1642.3599701263047,0.36924709268351186,0.6734088275196008,11249802752,11312037888,54.0,268.55,1740.0,1593.0,54.0,292.89,1590.0,1593.0,20260803,2026-08-11T07:20:18.126152+00:00
prefillq32_b256_h131072_sparse_q8kv8_steady,full,prefill,sglang_sparse_q8kv8_fp8,steady,ok,,256,131072,32,2048,64,576,512,10,30,6.716063976287842,6.688831806182861,6.747647762298584,6.719934940338135,0.019944118270306142,3.4726858139038086,2.20363587141037,157.4743203818798,6.5299831330776215,169.6806252002716,2336462209024,16777216,347.8915950284662,2498072689.4851947,10502537216,1563.7935036177319,0.3515832188261407,0.6411946034418995,20913479168,20975714304,54.0,270.12,1740.0,1593.0,57.0,300.45,1680.0,1593.0,20260803,2026-08-11T07:20:18.589949+00:00
prefillq32_b256_h262144_sparse_q8kv8_steady,full,prefill,sglang_sparse_q8kv8_fp8,steady,ok,,256,262144,32,2048,64,576,512,10,30,7.148928165435791,7.120672225952148,7.174079895019531,7.149333333969116,0.014176272288734554,6.084073334932327,2.2290870547294617,311.0955022275448,6.978847086429596,326.38750970363617,2336462209024,16777216,326.8269249536615,2346815580.1475005,10502537216,1469.1065531723352,0.33029502269192673,0.6023705761636788,40240832000,40303067136,54.0,292.53,1740.0,1593.0,54.0,292.08,1725.0,1593.0,20260803,2026-08-11T07:20:19.176590+00:00
prefillq32_b256_h524288_sparse_q8kv8_steady,full,prefill,sglang_sparse_q8kv8_fp8,steady,ok,,256,524288,32,2048,64,576,512,10,30,7.170271873474121,7.147871971130371,7.192255973815918,7.170827706654866,0.013384546185129917,43.43858361244202,2.2303909063339233,621.8224577605724,7.044043391942978,674.5354756712914,2336462209024,16777216,325.85406108066354,2339829827.382982,10502537216,1464.7334719417463,0.32931183535185804,0.6005775030507776,78895537664,78957772800,54.0,264.35,1740.0,1593.0,55.0,316.11,1725.0,1593.0,20260803,2026-08-11T07:20:19.990297+00:00
prefillq64_b256_h2048_sparse_q8kv8_steady,full,prefill,sglang_sparse_q8kv8_fp8,steady,ok,,256,2048,64,2048,64,576,512,10,30,9.239935874938965,9.052831649780273,9.793503761291504,9.279131730397543,0.17042646446876816,1.0373927652835846,4.105795174837112,8.727069944143295,8.63078236579895,22.501040250062943,4672924418048,33554432,505.7312606164453,3631457236.7334366,21005074432,2273.292230195131,0.511097787383977,0.9321068968987307,2971950080,3196059648,53.0,299.27,1740.0,1593.0,56.0,301.49,1680.0,1593.0,20260803,2026-08-11T07:20:21.150001+00:00
prefillq64_b256_h4096_sparse_q8kv8_steady,full,prefill,sglang_sparse_q8kv8_fp8,steady,ok,,256,4096,64,2048,64,576,512,10,30,9.352704048156738,9.254528045654297,9.807583808898926,9.414623959859211,0.2205454208081826,1.4688633382320404,3.5870261490345,9.8952054977417,8.59905406832695,23.55014905333519,4672924418048,33554432,499.6335171077027,3587671739.3418446,21005074432,2245.8825088279946,0.5049353381583656,0.9208682228782827,3273939968,3498049536,54.0,279.8,1725.0,1593.0,55.0,313.93,1725.0,1593.0,20260803,2026-08-11T07:20:21.723166+00:00
prefillq64_b256_h8192_sparse_q8kv8_steady,full,prefill,sglang_sparse_q8kv8_fp8,steady,ok,,256,8192,64,2048,64,576,512,10,30,9.848095893859863,9.039839744567871,19.491775512695312,13.135772800445556,4.413955411563465,1.5111789107322693,3.5625360906124115,14.724291861057281,8.633837103843689,28.43184396624565,4672924418048,33554432,474.50029613963204,3407199966.5357313,21005074432,2132.9071790513676,0.47953541802893584,0.8745455008518392,3877919744,4102029312,55.0,297.8,1740.0,1593.0,55.0,304.01,1725.0,1593.0,20260803,2026-08-11T07:20:22.316450+00:00
prefillq64_b256_h16384_sparse_q8kv8_steady,full,prefill,sglang_sparse_q8kv8_fp8,steady,ok,,256,16384,64,2048,64,576,512,10,30,9.655488014221191,9.640288352966309,10.196191787719727,9.759194723765056,0.19338325713757692,1.6726590692996979,3.664061427116394,24.37737211585045,8.90081375837326,38.6149063706398,4672924418048,33554432,483.9656381081341,3475166863.7130494,21005074432,2175.454456684369,0.4891012007156484,0.891990953046334,5085879296,5309988864,54.0,281.0,1740.0,1593.0,55.0,314.8,1665.0,1593.0,20260803,2026-08-11T07:20:23.026767+00:00
prefillq64_b256_h32768_sparse_q8kv8_steady,full,prefill,sglang_sparse_q8kv8_fp8,steady,ok,,256,32768,64,2048,64,576,512,10,30,10.305312156677246,10.293408393859863,10.90390396118164,10.384421443939209,0.18203532921161525,1.9479691982269287,3.6803260445594788,43.6985157430172,9.439796209335327,58.76660719513893,4672924418048,33554432,453.44811947498505,3256032567.461692,21005074432,2038.276387231019,0.4582598478777009,0.8357445000200353,7501798400,7725907968,54.0,283.01,1740.0,1593.0,59.0,320.64,1695.0,1593.0,20260803,2026-08-11T07:20:23.594638+00:00
prefillq64_b256_h65536_sparse_q8kv8_steady,full,prefill,sglang_sparse_q8kv8_fp8,steady,ok,,256,65536,64,2048,64,576,512,10,30,11.650495529174805,11.60086441040039,12.072799682617188,11.694819196065266,0.14644875034913846,2.490367740392685,3.804601728916168,82.19897374510765,10.959699749946594,99.4536429643631,4672924418048,33554432,401.09233176788143,2880086251.7799387,21005074432,1802.9339936142417,0.4053484909225684,0.7392482091740386,12333636608,12557746176,54.0,294.89,1740.0,1593.0,54.0,319.5,1695.0,1593.0,20260803,2026-08-11T07:20:24.252733+00:00
prefillq64_b256_h131072_sparse_q8kv8_steady,full,prefill,sglang_sparse_q8kv8_fp8,steady,ok,,256,131072,64,2048,64,576,512,10,30,12.691776275634766,12.674240112304688,12.976287841796875,12.7397354443868,0.1064891468295684,12.671254575252533,3.747735172510147,159.29226577281952,12.227676808834076,187.93893232941628,4672924418048,33554432,368.18521825183126,2643793214.698926,21005074432,1655.014552401528,0.3720921862070048,0.6785975240098429,21997313024,22221422592,53.0,283.46,1740.0,1593.0,54.0,291.63,1710.0,1593.0,20260803,2026-08-11T07:20:24.987557+00:00
prefillq64_b256_h262144_sparse_q8kv8_steady,full,prefill,sglang_sparse_q8kv8_fp8,steady,ok,,256,262144,64,2048,64,576,512,10,30,13.595775604248047,13.574848175048828,13.85251235961914,13.630035177866619,0.08569768216099853,6.114862859249115,3.7910230457782745,314.8185983300209,13.35958018898964,338.08406442403793,4672924418048,33554432,343.7041441451806,2468004251.961602,21005074432,1544.9706617279628,0.347351333143184,0.6334767656242855,41324665856,41548775424,53.0,285.39,1740.0,1593.0,54.0,330.43,1725.0,1593.0,20260803,2026-08-11T07:20:25.896382+00:00
prefillq64_b256_h524288_sparse_q8kv8_steady,full,prefill,sglang_sparse_q8kv8_fp8,steady,ok,,256,524288,64,2048,64,576,512,10,30,14.287775993347168,14.034208297729492,14.8024320602417,14.376313591003418,0.2943790933961173,11.817563325166702,3.8335174322128296,623.027004301548,13.87939602136612,652.5574810802937,4672924418048,33554432,327.05750847604685,2348471309.714261,21005074432,1470.1430398811274,0.33052805303289223,0.6027955617405336,79979371520,80203481088,53.0,314.15,1740.0,1593.0,54.0,319.23,1740.0,1593.0,20260803,2026-08-11T07:20:27.011758+00:00
prefillq128_b256_h2048_sparse_q8kv8_steady,full,prefill,sglang_sparse_q8kv8_fp8,steady,ok,,256,2048,128,2048,64,576,512,10,30,18.436992645263672,18.39263916015625,18.58355140686035,18.452563095092774,0.05784103266013018,18.44729483127594,6.43988698720932,12.48200610280037,17.204657196998596,54.573845118284225,9345848836096,67108864,506.9074450434779,3639902954.4137597,42010148864,2278.5792494630136,0.5122864527978553,0.9342747075559672,5237138432,5821693952,53.0,297.69,1740.0,1593.0,54.0,313.3,1710.0,1593.0,20260803,2026-08-11T07:20:28.482575+00:00
prefillq128_b256_h4096_sparse_q8kv8_steady,full,prefill,sglang_sparse_q8kv8_fp8,steady,ok,,256,4096,128,2048,64,576,512,10,30,18.47551918029785,18.45756721496582,18.52934455871582,18.48539295196533,0.023397752809269617,1.9446276128292084,6.605450063943863,14.767903834581375,17.057396471500397,40.37537798285484,9345848836096,67108864,505.85040370948485,3632312756.4157634,42010148864,2273.8277855162682,0.5112181947544061,0.9323264880282264,5539128320,6123683840,54.0,316.02,1740.0,1593.0,56.0,320.28,1575.0,1593.0,20260803,2026-08-11T07:20:29.483942+00:00
prefillq128_b256_h8192_sparse_q8kv8_steady,full,prefill,sglang_sparse_q8kv8_fp8,steady,ok,,256,8192,128,2048,64,576,512,10,30,18.532224655151367,18.508352279663086,18.629535675048828,18.549868901570637,0.07695264038127922,1.9354894757270813,6.435219198465347,19.451744854450226,17.16671884059906,44.989172369241714,9345848836096,67108864,504.3025869804655,3621198493.368462,42010148864,2266.8702568486574,0.5096539534921329,0.9294737265704995,6143108096,6727663616,56.0,315.06,1725.0,1593.0,57.0,328.45,1695.0,1593.0,20260803,2026-08-11T07:20:30.410733+00:00
prefillq128_b256_h16384_sparse_q8kv8_steady,full,prefill,sglang_sparse_q8kv8_fp8,steady,ok,,256,16384,128,2048,64,576,512,10,30,18.686304092407227,18.676607131958008,19.176799774169922,18.778768984476724,0.2175987872156251,2.083059400320053,6.710678339004517,29.28655967116356,17.268292605876923,55.34859001636505,9345848836096,67108864,500.14431906272375,3591339607.2403765,42010148864,2248.1785941324756,0.5054515604474217,0.9218096755079741,7351067648,7935623168,54.0,316.47,1740.0,1593.0,57.0,319.96,1680.0,1593.0,20260803,2026-08-11T07:20:31.342913+00:00
prefillq128_b256_h32768_sparse_q8kv8_steady,full,prefill,sglang_sparse_q8kv8_fp8,steady,ok,,256,32768,128,2048,64,576,512,10,30,19.58812713623047,19.579328536987305,20.808256149291992,19.747305742899577,0.42778507718252423,2.4050213396549225,6.606612354516983,48.72521013021469,17.909228801727295,75.64607262611389,9345848836096,67108864,477.1180404894243,3425996958.9371576,42010148864,2144.6740962946606,0.4821809403632383,0.879370232389662,9766986752,10351542272,54.0,324.46,1740.0,1593.0,55.0,336.64,1695.0,1593.0,20260803,2026-08-11T07:20:32.340450+00:00
prefillq128_b256_h65536_sparse_q8kv8_steady,full,prefill,sglang_sparse_q8kv8_fp8,steady,ok,,256,65536,128,2048,64,576,512,10,30,21.821439743041992,21.76595115661621,23.611167907714844,22.381809933980307,0.8245585345066071,2.9560737311840057,6.503984332084656,87.27787435054779,20.216751843690872,116.95468425750732,9345848836096,67108864,428.2874524388808,3075363715.2378273,42010148864,1925.1776857388802,0.43283219043848487,0.78937119249236,14598824960,15183380480,54.0,333.55,1740.0,1593.0,55.0,350.77,1710.0,1593.0,20260803,2026-08-11T07:20:33.396799+00:00
prefillq128_b256_h131072_sparse_q8kv8_steady,full,prefill,sglang_sparse_q8kv8_fp8,steady,ok,,256,131072,128,2048,64,576,512,10,30,24.688928604125977,24.202463150024414,25.891551971435547,25.03753801981608,0.7945649891755057,3.894820809364319,6.74627348780632,164.13826867938042,22.854313254356384,197.63367623090744,9345848836096,67108864,378.5441233984587,2718176437.546377,42010148864,1701.5784499040321,0.38256101404594106,0.6976898912084254,24262501376,24847056896,54.0,318.85,1740.0,1593.0,55.0,336.54,1725.0,1593.0,20260803,2026-08-11T07:20:34.628997+00:00
prefillq128_b256_h262144_sparse_q8kv8_steady,full,prefill,sglang_sparse_q8kv8_fp8,steady,ok,,256,262144,128,2048,64,576,512,10,30,27.67795181274414,26.177024841308594,27.75961685180664,27.24467830657959,0.6562998034056913,6.68475404381752,6.924692541360855,319.241251796484,25.612983852624893,358.46368223428726,9345848836096,67108864,337.6640330659424,2424632590.3747015,42010148864,1517.8200015745633,0.34124712790898676,0.6223443132065136,43589854208,44174409728,54.0,315.64,1740.0,1593.0,54.0,326.41,1725.0,1593.0,20260803,2026-08-11T07:20:36.042584+00:00
prefillq128_b256_h524288_sparse_q8kv8_steady,full,prefill,sglang_sparse_q8kv8_fp8,steady,ok,,256,524288,128,2048,64,576,512,10,30,28.870559692382812,27.716575622558594,29.271615982055664,28.62071679433187,0.5721158150647377,12.421119958162308,6.8219974637031555,628.9685145020485,27.13143453001976,675.3430664539337,9345848836096,67108864,323.7155405255896,2324473952.533243,42010148864,1455.12069428581,0.3271506220571901,0.596636022834359,82244559872,82829115392,54.0,297.79,1740.0,1593.0,55.0,323.08,1725.0,1593.0,20260803,2026-08-11T07:20:37.686823+00:00
prefillq256_b256_h2048_sparse_q8kv8_steady,full,prefill,sglang_sparse_q8kv8_fp8,steady,ok,,256,2048,256,2048,64,576,512,10,30,38.260353088378906,36.686622619628906,41.360958099365234,38.28155835469564,1.5218213413978372,78.90518009662628,11.999379843473434,22.267617285251617,33.9093916118145,147.08156883716583,18691697672192,134217728,488.539602052689,3508010699.482199,84020297728,2196.0146978758567,0.4937237009122678,0.9004211682038645,9769612288,10550771712,55.0,306.94,1740.0,1593.0,56.0,336.29,1710.0,1593.0,20260803,2026-08-11T07:20:39.710834+00:00
prefillq256_b256_h4096_sparse_q8kv8_steady,full,prefill,sglang_sparse_q8kv8_fp8,steady,ok,,256,4096,256,2048,64,576,512,10,30,38.084800720214844,36.800350189208984,41.7237434387207,38.40722541809082,1.5055751528213859,2.7903802692890167,11.868879199028015,24.450454860925674,34.99054163694382,74.10025596618652,18691697672192,134217728,490.7915314959421,3524180918.9448967,84020297728,2206.1372552595053,0.4959995265244488,0.904571670909248,10071602176,10852761600,56.0,318.97,1740.0,1593.0,60.0,321.7,1725.0,1593.0,20260803,2026-08-11T07:20:41.514687+00:00
prefillq256_b256_h8192_sparse_q8kv8_steady,full,prefill,sglang_sparse_q8kv8_fp8,steady,ok,,256,8192,256,2048,64,576,512,10,30,39.15331268310547,38.741310119628906,41.89100646972656,39.5108289082845,0.9562958475112102,2.944488078355789,11.962302029132843,29.45881336927414,34.05540809035301,78.42101156711578,18691697672192,134217728,477.3976042200232,3428004396.11115,84020297728,2145.93075196558,0.4824634706619739,0.8798854927694463,10675581952,11456741376,54.0,294.7,1740.0,1593.0,56.0,321.04,1740.0,1593.0,20260803,2026-08-11T07:20:43.276148+00:00
prefillq256_b256_h16384_sparse_q8kv8_steady,full,prefill,sglang_sparse_q8kv8_fp8,steady,ok,,256,16384,256,2048,64,576,512,10,30,39.28876876831055,39.266014099121094,41.90047836303711,39.681488037109375,0.823550276542748,3.0809789896011353,11.96993887424469,39.097364991903305,34.46032106876373,88.60860392451286,18691697672192,134217728,475.75167810471856,3416185648.1554356,84020297728,2138.5322157453024,0.4808000789335205,0.8768519071413972,11883541504,12664700928,54.0,293.56,1740.0,1593.0,55.0,328.09,1710.0,1593.0,20260803,2026-08-11T07:20:45.140792+00:00
prefillq256_b256_h32768_sparse_q8kv8_steady,full,prefill,sglang_sparse_q8kv8_fp8,steady,ok,,256,32768,256,2048,64,576,512,10,30,39.909183502197266,39.88579177856445,42.98716735839844,40.708632405598955,1.1690839398975477,3.9295554161071777,12.124530971050262,58.639246970415115,35.37066653370857,110.06399989128113,18691697672192,134217728,468.3558026478517,3363078775.9065638,84020297728,2105.287313717509,0.47332572273658585,0.8632206625283062,14299460608,15080620032,54.0,306.93,1740.0,1593.0,55.0,321.64,1725.0,1593.0,20260803,2026-08-11T07:20:47.004368+00:00
prefillq256_b256_h65536_sparse_q8kv8_steady,full,prefill,sglang_sparse_q8kv8_fp8,steady,ok,,256,65536,256,2048,64,576,512,10,30,43.96188735961914,43.70915222167969,46.9288330078125,44.83910713195801,1.277138948986383,3.9743855595588684,12.056495994329453,97.36666083335876,39.71721976995468,153.11476215720177,18691697672192,134217728,425.1795997585199,3053047447.7145557,84020297728,1911.207702269312,0.42969135902831723,0.7836431484826253,19131298816,19912458240,54.0,297.23,1740.0,1593.0,58.0,338.4,1650.0,1593.0,20260803,2026-08-11T07:20:48.928294+00:00
prefillq256_b256_h131072_sparse_q8kv8_steady,full,prefill,sglang_sparse_q8kv8_fp8,steady,ok,,256,131072,256,2048,64,576,512,10,30,49.925537109375,47.27481460571289,50.370399475097656,49.321994400024415,1.2047764432935213,5.44913113117218,12.154974043369293,174.88185688853264,44.7937473654747,237.2797094285488,18691697672192,134217728,374.3915189383527,2688358218.4796696,84020297728,1682.912244768273,0.3783643445561927,0.6900362783931148,28794975232,29576134656,55.0,311.62,1740.0,1593.0,55.0,327.32,1710.0,1593.0,20260803,2026-08-11T07:20:51.034030+00:00
prefillq256_b256_h262144_sparse_q8kv8_steady,full,prefill,sglang_sparse_q8kv8_fp8,steady,ok,,256,262144,256,2048,64,576,512,10,30,54.35075378417969,51.88604736328125,54.67327880859375,53.860964965820315,0.981783599597721,8.483991026878357,12.155503034591675,328.9644196629524,50.56789517402649,400.17180889844894,18691697672192,134217728,343.9087109336972,2469473165.5969753,84020297728,1545.8902016637066,0.34755807067579303,0.6338538000876491,48122328064,48903487488,54.0,303.23,1740.0,1593.0,55.0,322.98,1740.0,1593.0,20260803,2026-08-11T07:20:53.444095+00:00
prefillq256_b256_h524288_sparse_q8kv8_steady,full,prefill,sglang_sparse_q8kv8_fp8,steady,skipped_memory_limit,skipped_memory_limit: estimated live tensors 79.0 GiB exceed current free GPU memory 78.4 GiB,256,524288,256,2048,64,576,512,10,30,,,,,,,,,,,,,,,,,,,,,,,,,,,,,20260803,2026-08-11T07:20:56.209929+00:00
prefillq512_b256_h2048_sparse_q8kv8_steady,full,prefill,sglang_sparse_q8kv8_fp8,steady,ok,,256,2048,512,2048,64,576,512,10,30,77.98592376708984,74.01507568359375,79.00883483886719,77.01518376668294,1.7982584606817837,10.311074554920197,22.906992584466934,41.89969599246979,72.3053440451622,147.42310717701912,37383395344384,268435456,479.36080690705154,3442101382.3174086,168040595456,2154.755465330698,0.4844475057170809,0.8835038468382825,18834560000,20287848448,54.0,289.6,1740.0,1593.0,56.0,329.58,1710.0,1593.0,20260803,2026-08-11T07:20:56.215177+00:00
prefillq512_b256_h4096_sparse_q8kv8_steady,full,prefill,sglang_sparse_q8kv8_fp8,steady,ok,,256,4096,512,2048,64,576,512,10,30,78.1435546875,73.84435272216797,79.52777862548828,77.13936716715494,1.810769508718213,4.765234887599945,22.918522357940674,44.294554740190506,72.74923846125603,144.72755044698715,37383395344384,268435456,478.3938418706709,3435157986.77814,168040595456,2150.4088997231156,0.4834702798086618,0.8817216457966232,19136549888,20589838336,55.0,309.93,1740.0,1593.0,56.0,327.35,1725.0,1593.0,20260803,2026-08-11T07:20:59.631917+00:00
prefillq512_b256_h8192_sparse_q8kv8_steady,full,prefill,sglang_sparse_q8kv8_fp8,steady,ok,,256,8192,512,2048,64,576,512,10,30,77.90271759033203,74.14230346679688,82.61587524414062,77.87004063924154,2.6463493085291043,5.3107477724552155,23.194443434476852,49.30475726723671,71.95870578289032,149.7686542570591,37383395344384,268435456,479.87280162641457,3445777814.987467,168040595456,2157.0569121821545,0.48496493342740227,0.8844474978368629,19740529664,21193818112,55.0,303.48,1740.0,1593.0,60.0,326.42,1725.0,1593.0,20260803,2026-08-11T07:21:03.028959+00:00
prefillq512_b256_h16384_sparse_q8kv8_steady,full,prefill,sglang_sparse_q8kv8_fp8,steady,ok,,256,16384,512,2048,64,576,512,10,30,79.05315399169922,78.33350372314453,81.69789123535156,79.24470774332683,1.1793791470938395,4.987563937902451,23.205962032079697,58.98430570960045,72.89663702249527,160.07446870207787,37383395344384,268435456,472.889359332954,3395632463.041087,168040595456,2125.6659218637205,0.4779073868953552,0.8715764035764556,20948489216,22401777664,55.0,298.24,1740.0,1593.0,56.0,323.42,1725.0,1593.0,20260803,2026-08-11T07:21:06.483741+00:00
prefillq512_b256_h32768_sparse_q8kv8_steady,full,prefill,sglang_sparse_q8kv8_fp8,steady,ok,,256,32768,512,2048,64,576,512,10,30,79.98252868652344,79.11939239501953,82.07625579833984,80.5097531636556,1.2212223589167557,13.54915276169777,23.229695856571198,78.49165052175522,69.94572654366493,185.21622568368912,37383395344384,268435456,467.3945167562935,3356176160.0721903,168040595456,2100.9662762051908,0.4723542362367797,0.8614489286467173,23364408320,24817696768,55.0,301.59,1740.0,1593.0,56.0,333.59,1710.0,1593.0,20260803,2026-08-11T07:21:10.029231+00:00
prefillq512_b256_h65536_sparse_q8kv8_steady,full,prefill,sglang_sparse_q8kv8_fp8,steady,ok,,256,65536,512,2048,64,576,512,10,30,88.43965148925781,84.20489501953125,89.76764678955078,87.43998692830404,2.023580532240476,6.672993302345276,23.37408810853958,117.34572052955627,79.74234223365784,227.13514417409897,37383395344384,268435456,422.6994873326103,3035238736.0165606,168040595456,1900.059448746367,0.4271849290880347,0.7790720846048322,28196246528,29649534976,56.0,306.53,1740.0,1593.0,56.0,326.74,1725.0,1593.0,20260803,2026-08-11T07:21:13.594470+00:00
prefillq512_b256_h131072_sparse_q8kv8_steady,full,prefill,sglang_sparse_q8kv8_fp8,steady,ok,,256,131072,512,2048,64,576,512,10,30,97.629150390625,93.712158203125,99.2122573852539,97.07796936035156,2.0435121910570406,7.952090352773666,23.543205112218857,194.60832700133324,90.52500128746033,316.6286237537861,37383395344384,268435456,382.9122264693374,2749542067.363693,168040595456,1721.2133341696722,0.38697546889271084,0.7057406867905843,37859922944,39313211392,56.0,305.43,1740.0,1593.0,58.0,325.61,1725.0,1593.0,20260803,2026-08-11T07:21:17.494815+00:00
prefillq512_b256_h262144_sparse_q8kv8_steady,full,prefill,sglang_sparse_q8kv8_fp8,steady,ok,,256,262144,512,2048,64,576,512,10,30,106.14208221435547,103.4559326171875,107.68112182617188,105.92142842610677,1.5011756031851635,10.55910810828209,23.55685457587242,348.8573953509331,101.16051509976387,484.13387313485146,37383395344384,268435456,352.20145077696606,2529020068.1939774,168040595456,1583.1665626894296,0.35593880826373525,0.6491380441200941,57187275776,58640564224,55.0,306.22,1740.0,1593.0,56.0,322.41,1740.0,1593.0,20260803,2026-08-11T07:21:21.881312+00:00
prefillq512_b256_h524288_sparse_q8kv8_steady,full,prefill,sglang_sparse_q8kv8_fp8,steady,skipped_memory_limit,skipped_memory_limit: estimated live tensors 85.8 GiB exceed current free GPU memory 78.4 GiB,256,524288,512,2048,64,576,512,10,30,,,,,,,,,,,,,,,,,,,,,,,,,,,,,20260803,2026-08-11T07:21:26.808786+00:00
prefillq1024_b256_h2048_sparse_q8kv8_steady,full,prefill,sglang_sparse_q8kv8_fp8,steady,ok,,256,2048,1024,2048,64,576,512,10,30,154.10134887695312,149.44204711914062,160.8489532470703,154.2141372680664,2.9305566065585373,13.387881219387054,44.81471702456474,81.31824806332588,149.78544414043427,289.30629044771194,74766790688768,536870912,485.17933965956263,3483881977.1050854,336081190912,2180.9101176677837,0.4903277813638834,0.8942279110415433,36964455424,39487275008,55.0,296.79,1740.0,1593.0,58.0,330.03,1710.0,1593.0,20260803,2026-08-11T07:21:26.812500+00:00
prefillq1024_b256_h4096_sparse_q8kv8_steady,full,prefill,sglang_sparse_q8kv8_fp8,steady,ok,,256,4096,1024,2048,64,576,512,10,30,155.08685302734375,149.6207733154297,159.39199829101562,155.00830790201823,3.058546431842806,9.135421365499496,45.14014348387718,83.88141170144081,149.5363861322403,287.6933626830578,74766790688768,536870912,482.0962527080595,3461743542.5383406,336081190912,2167.051457629001,0.4872119784821218,0.8885455124337697,37266445312,39789264896,56.0,311.05,1740.0,1593.0,61.0,327.76,1695.0,1593.0,20260803,2026-08-11T07:21:33.464924+00:00
prefillq1024_b256_h8192_sparse_q8kv8_steady,full,prefill,sglang_sparse_q8kv8_fp8,steady,ok,,256,8192,1024,2048,64,576,512,10,30,155.67706298828125,150.0196533203125,158.12474060058594,154.78548940022787,2.8931715313261166,14.988496899604797,45.298222452402115,88.65740150213242,148.10992032289505,297.0540411770344,74766790688768,536870912,480.2685074704689,3448619222.9899244,336081190912,2158.835633591693,0.48536483827232835,0.8851768182785864,37870425088,40393244672,56.0,317.3,1740.0,1593.0,57.0,326.7,1740.0,1593.0,20260803,2026-08-11T07:21:40.094915+00:00
prefillq1024_b256_h16384_sparse_q8kv8_steady,full,prefill,sglang_sparse_q8kv8_fp8,steady,ok,,256,16384,1024,2048,64,576,512,10,30,157.24835205078125,150.75701904296875,159.4378204345703,156.86385294596354,2.35396119911519,9.521614760160446,44.807083904743195,98.29464927315712,150.79600736498833,303.4193553030491,74766790688768,536870912,475.46947051389805,3414159226.46124,336081190912,2137.263675764736,0.4805148767194523,0.8763317738962417,39078384640,41601204224,56.0,300.37,1740.0,1593.0,59.0,338.04,1695.0,1593.0,20260803,2026-08-11T07:21:46.719067+00:00
prefillq1024_b256_h32768_sparse_q8kv8_steady,full,prefill,sglang_sparse_q8kv8_fp8,steady,ok,,256,32768,1024,2048,64,576,512,10,30,159.24371337890625,157.58709716796875,163.4995574951172,159.8508275349935,1.839855317466506,10.203603655099869,44.98189687728882,118.01953986287117,152.89146453142166,326.0965049266815,74766790688768,536870912,469.5117257839063,3371379005.2268085,336081190912,2110.483257271982,0.4744939118584197,0.8653511298561276,41494303744,44017123328,56.0,314.57,1740.0,1593.0,57.0,324.23,1740.0,1593.0,20260803,2026-08-11T07:21:53.437019+00:00
prefillq1024_b256_h65536_sparse_q8kv8_steady,full,prefill,sglang_sparse_q8kv8_fp8,steady,ok,,256,65536,1024,2048,64,576,512,10,30,173.136474609375,168.09437561035156,177.70066833496094,173.15090891520182,3.606035991496981,10.29493659734726,44.946957379579544,156.94886818528175,164.05237466096878,376.24313682317734,74766790688768,536870912,431.8373171075272,3100853896.969261,336081190912,1941.1345395027574,0.43641972421175057,0.7959139032132065,46326141952,48848961536,56.0,309.17,1740.0,1593.0,57.0,326.14,1725.0,1593.0,20260803,2026-08-11T07:22:00.357523+00:00
prefillq1024_b256_h131072_sparse_q8kv8_steady,full,prefill,sglang_sparse_q8kv8_fp8,steady,ok,,256,131072,1024,2048,64,576,512,10,30,193.19296264648438,188.91900634765625,196.4471435546875,192.8532735188802,2.549011625584062,11.661242693662643,45.05350440740585,233.84525999426842,181.53394013643265,472.09394723176956,74766790688768,536870912,387.00576700394925,2778936171.6161337,336081190912,1739.6140434316997,0.39111244770485015,0.7132854396310461,55989818368,58512637952,56.0,300.39,1740.0,1593.0,56.0,326.04,1740.0,1593.0,20260803,2026-08-11T07:22:07.802326+00:00
prefillq1024_b256_h262144_sparse_q8kv8_steady,full,prefill,sglang_sparse_q8kv8_fp8,steady,ok,,256,262144,1024,2048,64,576,512,10,30,211.0345001220703,206.8148193359375,214.7315216064453,210.96611836751302,2.599248704829079,14.490079134702682,44.767435640096664,387.47638463974,202.4216502904892,649.1555497050285,74766790688768,536870912,354.2870509112021,2543995942.319638,336081190912,1592.5414598920934,0.358046539576758,0.6529819873774769,75317171200,77839990784,56.0,306.52,1740.0,1593.0,56.0,328.25,1710.0,1593.0,20260803,2026-08-11T07:22:16.213905+00:00
prefillq1024_b256_h524288_sparse_q8kv8_steady,full,prefill,sglang_sparse_q8kv8_fp8,steady,skipped_memory_limit,skipped_memory_limit: estimated live tensors 99.4 GiB exceed current free GPU memory 78.4 GiB,256,524288,1024,2048,64,576,512,10,30,,,,,,,,,,,,,,,,,,,,,,,,,,,,,20260803,2026-08-11T07:22:25.487981+00:00
prefillq2048_b256_h2048_sparse_q8kv8_steady,full,prefill,sglang_sparse_q8kv8_fp8,steady,ok,,256,2048,2048,2048,64,576,512,10,30,307.54364013671875,300.1906433105469,314.49554443359375,307.5019571940104,4.679366821222868,63.674479722976685,88.58542516827583,160.2383740246296,296.72013223171234,609.2184111475945,149533581377536,1073741824,486.2190657269347,3491347840.9849973,672162381824,2185.583748456608,0.4913785404011467,0.8961442170201407,73224246272,77890322432,56.0,319.16,1740.0,1593.0,58.0,328.37,1740.0,1593.0,20260803,2026-08-11T07:22:25.491901+00:00
prefillq2048_b256_h4096_sparse_q8kv8_steady,full,prefill,sglang_sparse_q8kv8_fp8,steady,ok,,256,4096,2048,2048,64,576,512,10,30,305.6117858886719,300.3546142578125,312.47735595703125,306.4489278157552,3.909401587935435,22.318392992019653,89.81114625930786,161.92417591810226,297.29634895920753,571.3500641286373,149533581377536,1073741824,489.29258713866494,3513417589.1735477,672162381824,2199.3994108226407,0.4944846762391763,0.9018089855024126,73526236160,78192312320,57.0,299.96,1740.0,1593.0,57.0,327.64,1725.0,1593.0,20260803,2026-08-11T07:22:38.558327+00:00
prefillq2048_b256_h8192_sparse_q8kv8_steady,full,prefill,sglang_sparse_q8kv8_fp8,steady,ok,,256,8192,2048,2048,64,576,512,10,30,307.8495788574219,303.6514587402344,312.25189208984375,307.75880025227866,2.9342466903160482,18.718410283327103,88.42562511563301,167.40935295820236,295.83366215229034,570.3870505094528,149533581377536,1073741824,485.7358646795204,3487878164.34628,672162381824,2183.4117308807713,0.4908902119045178,0.8952536352745422,74130215936,78796292096,56.0,302.11,1740.0,1593.0,57.0,320.44,1740.0,1593.0,20260803,2026-08-11T07:22:51.590938+00:00
prefillq2048_b256_h16384_sparse_q8kv8_steady,full,prefill,sglang_sparse_q8kv8_fp8,steady,ok,,256,16384,2048,2048,64,576,512,10,30,307.0735778808594,298.9961853027344,316.7793273925781,307.99998779296874,5.116039356730196,18.640846014022827,88.60869333148003,176.53756588697433,299.7116893529892,583.4987945854664,149533581377536,1073741824,486.96336040853737,3496692328.301193,672162381824,2188.929397516547,0.49213073310615196,0.8975160171441854,75338175488,80004251648,56.0,296.72,1740.0,1593.0,57.0,318.22,1740.0,1593.0,20260803,2026-08-11T07:23:04.702285+00:00
prefillq2048_b256_h32768_sparse_q8kv8_steady,full,prefill,sglang_sparse_q8kv8_fp8,steady,ok,,256,32768,2048,2048,64,576,512,10,30,312.2687683105469,308.73211669921875,315.2874755859375,312.2944671630859,2.0105119840420285,18.760770559310913,88.61492201685905,195.81299647688866,300.1037687063217,603.2924577593803,149533581377536,1073741824,478.86179007446225,3438518138.747,672162381824,2152.512354855622,0.48394319360733934,0.8825841152188488,77754094592,82420170752,56.0,294.17,1740.0,1593.0,59.0,326.93,1725.0,1593.0,20260803,2026-08-11T07:23:17.846710+00:00
prefillq2048_b256_h65536_sparse_q8kv8_steady,full,prefill,sglang_sparse_q8kv8_fp8,steady,ok,,256,65536,2048,2048,64,576,512,10,30,345.0867919921875,333.5216064453125,354.431640625,343.6045644124349,6.351468856788492,18.693696707487106,120.74171379208565,235.1130098104477,326.624795794487,701.1732161045074,149533581377536,1073741824,433.3216594998551,3111512375.774465,672162381824,1947.8067472348152,0.4379198175844923,0.7986496759229289,82585932800,82671828992,57.0,302.67,1740.0,1593.0,57.0,332.22,1695.0,1593.0,20260803,2026-08-11T07:23:31.160962+00:00
prefillq2048_b256_h131072_sparse_q8kv8_steady,full,prefill,sglang_sparse_q8kv8_fp8,steady,skipped_memory_limit,"runtime OOM: CUDA out of memory. Tried to allocate 4.00 GiB. GPU 0 has a total capacity of 79.18 GiB of which 672.31 MiB is free. Including non-PyTorch memory, this process has 78.51 GiB memory in use. Of the allocated memory 77.91 GiB is allocated by PyTorch, and 85.85 MiB is reserved by PyTorch but unallocated. If reserved but unallocated memory is large try setting PYTORCH_CUDA_ALLOC_CONF=expandable_segments:True to avoid fragmentation.  See documentation for Memory Management  (https://pytorch.org/docs/stable/notes/cuda.html#environment-variables)",256,131072,2048,2048,64,576,512,10,30,,,,,,,,,,,,,,,,,,,,,57.0,312.44,1740.0,1593.0,56.0,260.89,1755.0,1593.0,20260803,2026-08-11T07:23:45.791618+00:00
prefillq2048_b256_h262144_sparse_q8kv8_steady,full,prefill,sglang_sparse_q8kv8_fp8,steady,skipped_memory_limit,"skipped_memory_limit: larger history after runtime OOM on the same (kind, backend, B, Q) curve",256,262144,2048,2048,64,576,512,10,30,,,,,,,,,,,,,,,,,,,,,,,,,,,,,20260803,2026-08-11T07:23:46.395371+00:00
prefillq2048_b256_h524288_sparse_q8kv8_steady,full,prefill,sglang_sparse_q8kv8_fp8,steady,skipped_memory_limit,"skipped_memory_limit: larger history after runtime OOM on the same (kind, backend, B, Q) curve",256,524288,2048,2048,64,576,512,10,30,,,,,,,,,,,,,,,,,,,,,,,,,,,,,20260803,2026-08-11T07:23:46.398802+00:00
prefillq4096_b256_h2048_sparse_q8kv8_steady,full,prefill,sglang_sparse_q8kv8_fp8,steady,skipped_memory_limit,skipped_memory_limit: estimated live tensors 109.5 GiB exceed current free GPU memory 78.4 GiB,256,2048,4096,2048,64,576,512,10,30,,,,,,,,,,,,,,,,,,,,,,,,,,,,,20260803,2026-08-11T07:23:46.402837+00:00
prefillq4096_b256_h4096_sparse_q8kv8_steady,full,prefill,sglang_sparse_q8kv8_fp8,steady,skipped_memory_limit,skipped_memory_limit: estimated live tensors 109.8 GiB exceed current free GPU memory 78.4 GiB,256,4096,4096,2048,64,576,512,10,30,,,,,,,,,,,,,,,,,,,,,,,,,,,,,20260803,2026-08-11T07:23:46.406784+00:00
prefillq4096_b256_h8192_sparse_q8kv8_steady,full,prefill,sglang_sparse_q8kv8_fp8,steady,skipped_memory_limit,skipped_memory_limit: estimated live tensors 110.3 GiB exceed current free GPU memory 78.4 GiB,256,8192,4096,2048,64,576,512,10,30,,,,,,,,,,,,,,,,,,,,,,,,,,,,,20260803,2026-08-11T07:23:46.410354+00:00
prefillq4096_b256_h16384_sparse_q8kv8_steady,full,prefill,sglang_sparse_q8kv8_fp8,steady,skipped_memory_limit,skipped_memory_limit: estimated live tensors 111.5 GiB exceed current free GPU memory 78.4 GiB,256,16384,4096,2048,64,576,512,10,30,,,,,,,,,,,,,,,,,,,,,,,,,,,,,20260803,2026-08-11T07:23:46.413761+00:00
prefillq4096_b256_h32768_sparse_q8kv8_steady,full,prefill,sglang_sparse_q8kv8_fp8,steady,skipped_memory_limit,skipped_memory_limit: estimated live tensors 113.7 GiB exceed current free GPU memory 78.4 GiB,256,32768,4096,2048,64,576,512,10,30,,,,,,,,,,,,,,,,,,,,,,,,,,,,,20260803,2026-08-11T07:23:46.418883+00:00
prefillq4096_b256_h65536_sparse_q8kv8_steady,full,prefill,sglang_sparse_q8kv8_fp8,steady,skipped_memory_limit,skipped_memory_limit: estimated live tensors 118.2 GiB exceed current free GPU memory 78.4 GiB,256,65536,4096,2048,64,576,512,10,30,,,,,,,,,,,,,,,,,,,,,,,,,,,,,20260803,2026-08-11T07:23:46.423054+00:00
prefillq4096_b256_h131072_sparse_q8kv8_steady,full,prefill,sglang_sparse_q8kv8_fp8,steady,skipped_memory_limit,skipped_memory_limit: estimated live tensors 127.2 GiB exceed current free GPU memory 78.4 GiB,256,131072,4096,2048,64,576,512,10,30,,,,,,,,,,,,,,,,,,,,,,,,,,,,,20260803,2026-08-11T07:23:46.426985+00:00
prefillq4096_b256_h262144_sparse_q8kv8_steady,full,prefill,sglang_sparse_q8kv8_fp8,steady,skipped_memory_limit,skipped_memory_limit: estimated live tensors 145.2 GiB exceed current free GPU memory 78.4 GiB,256,262144,4096,2048,64,576,512,10,30,,,,,,,,,,,,,,,,,,,,,,,,,,,,,20260803,2026-08-11T07:23:46.430917+00:00
prefillq4096_b256_h524288_sparse_q8kv8_steady,full,prefill,sglang_sparse_q8kv8_fp8,steady,skipped_memory_limit,skipped_memory_limit: estimated live tensors 181.2 GiB exceed current free GPU memory 78.4 GiB,256,524288,4096,2048,64,576,512,10,30,,,,,,,,,,,,,,,,,,,,,,,,,,,,,20260803,2026-08-11T07:23:46.435017+00:00
prefillq8192_b256_h2048_sparse_q8kv8_steady,full,prefill,sglang_sparse_q8kv8_fp8,steady,skipped_memory_limit,skipped_memory_limit: estimated live tensors 218.5 GiB exceed current free GPU memory 78.4 GiB,256,2048,8192,2048,64,576,512,10,30,,,,,,,,,,,,,,,,,,,,,,,,,,,,,20260803,2026-08-11T07:23:46.439081+00:00
prefillq8192_b256_h4096_sparse_q8kv8_steady,full,prefill,sglang_sparse_q8kv8_fp8,steady,skipped_memory_limit,skipped_memory_limit: estimated live tensors 218.8 GiB exceed current free GPU memory 78.4 GiB,256,4096,8192,2048,64,576,512,10,30,,,,,,,,,,,,,,,,,,,,,,,,,,,,,20260803,2026-08-11T07:23:46.442853+00:00
prefillq8192_b256_h8192_sparse_q8kv8_steady,full,prefill,sglang_sparse_q8kv8_fp8,steady,skipped_memory_limit,skipped_memory_limit: estimated live tensors 219.4 GiB exceed current free GPU memory 78.4 GiB,256,8192,8192,2048,64,576,512,10,30,,,,,,,,,,,,,,,,,,,,,,,,,,,,,20260803,2026-08-11T07:23:46.448121+00:00
prefillq8192_b256_h16384_sparse_q8kv8_steady,full,prefill,sglang_sparse_q8kv8_fp8,steady,skipped_memory_limit,skipped_memory_limit: estimated live tensors 220.5 GiB exceed current free GPU memory 78.4 GiB,256,16384,8192,2048,64,576,512,10,30,,,,,,,,,,,,,,,,,,,,,,,,,,,,,20260803,2026-08-11T07:23:46.452193+00:00
prefillq8192_b256_h32768_sparse_q8kv8_steady,full,prefill,sglang_sparse_q8kv8_fp8,steady,skipped_memory_limit,skipped_memory_limit: estimated live tensors 222.8 GiB exceed current free GPU memory 78.4 GiB,256,32768,8192,2048,64,576,512,10,30,,,,,,,,,,,,,,,,,,,,,,,,,,,,,20260803,2026-08-11T07:23:46.456350+00:00
prefillq8192_b256_h65536_sparse_q8kv8_steady,full,prefill,sglang_sparse_q8kv8_fp8,steady,skipped_memory_limit,skipped_memory_limit: estimated live tensors 227.3 GiB exceed current free GPU memory 78.4 GiB,256,65536,8192,2048,64,576,512,10,30,,,,,,,,,,,,,,,,,,,,,,,,,,,,,20260803,2026-08-11T07:23:46.460784+00:00
prefillq8192_b256_h131072_sparse_q8kv8_steady,full,prefill,sglang_sparse_q8kv8_fp8,steady,skipped_memory_limit,skipped_memory_limit: estimated live tensors 236.3 GiB exceed current free GPU memory 78.4 GiB,256,131072,8192,2048,64,576,512,10,30,,,,,,,,,,,,,,,,,,,,,,,,,,,,,20260803,2026-08-11T07:23:46.464597+00:00
prefillq8192_b256_h262144_sparse_q8kv8_steady,full,prefill,sglang_sparse_q8kv8_fp8,steady,skipped_memory_limit,skipped_memory_limit: estimated live tensors 254.3 GiB exceed current free GPU memory 78.4 GiB,256,262144,8192,2048,64,576,512,10,30,,,,,,,,,,,,,,,,,,,,,,,,,,,,,20260803,2026-08-11T07:23:46.468136+00:00
prefillq8192_b256_h524288_sparse_q8kv8_steady,full,prefill,sglang_sparse_q8kv8_fp8,steady,skipped_memory_limit,skipped_memory_limit: estimated live tensors 290.3 GiB exceed current free GPU memory 78.4 GiB,256,524288,8192,2048,64,576,512,10,30,,,,,,,,,,,,,,,,,,,,,,,,,,,,,20260803,2026-08-11T07:23:46.472299+00:00
prefillq16384_b256_h2048_sparse_q8kv8_steady,full,prefill,sglang_sparse_q8kv8_fp8,steady,skipped_memory_limit,skipped_memory_limit: estimated live tensors 436.7 GiB exceed current free GPU memory 78.4 GiB,256,2048,16384,2048,64,576,512,10,30,,,,,,,,,,,,,,,,,,,,,,,,,,,,,20260803,2026-08-11T07:23:46.475751+00:00
prefillq16384_b256_h4096_sparse_q8kv8_steady,full,prefill,sglang_sparse_q8kv8_fp8,steady,skipped_memory_limit,skipped_memory_limit: estimated live tensors 437.0 GiB exceed current free GPU memory 78.4 GiB,256,4096,16384,2048,64,576,512,10,30,,,,,,,,,,,,,,,,,,,,,,,,,,,,,20260803,2026-08-11T07:23:46.478992+00:00
prefillq16384_b256_h8192_sparse_q8kv8_steady,full,prefill,sglang_sparse_q8kv8_fp8,steady,skipped_memory_limit,skipped_memory_limit: estimated live tensors 437.5 GiB exceed current free GPU memory 78.4 GiB,256,8192,16384,2048,64,576,512,10,30,,,,,,,,,,,,,,,,,,,,,,,,,,,,,20260803,2026-08-11T07:23:46.482303+00:00
prefillq16384_b256_h16384_sparse_q8kv8_steady,full,prefill,sglang_sparse_q8kv8_fp8,steady,skipped_memory_limit,skipped_memory_limit: estimated live tensors 438.6 GiB exceed current free GPU memory 78.4 GiB,256,16384,16384,2048,64,576,512,10,30,,,,,,,,,,,,,,,,,,,,,,,,,,,,,20260803,2026-08-11T07:23:46.488955+00:00
prefillq16384_b256_h32768_sparse_q8kv8_steady,full,prefill,sglang_sparse_q8kv8_fp8,steady,skipped_memory_limit,skipped_memory_limit: estimated live tensors 440.9 GiB exceed current free GPU memory 78.4 GiB,256,32768,16384,2048,64,576,512,10,30,,,,,,,,,,,,,,,,,,,,,,,,,,,,,20260803,2026-08-11T07:23:46.494377+00:00
prefillq16384_b256_h65536_sparse_q8kv8_steady,full,prefill,sglang_sparse_q8kv8_fp8,steady,skipped_memory_limit,skipped_memory_limit: estimated live tensors 445.4 GiB exceed current free GPU memory 78.4 GiB,256,65536,16384,2048,64,576,512,10,30,,,,,,,,,,,,,,,,,,,,,,,,,,,,,20260803,2026-08-11T07:23:46.499697+00:00
prefillq16384_b256_h131072_sparse_q8kv8_steady,full,prefill,sglang_sparse_q8kv8_fp8,steady,skipped_memory_limit,skipped_memory_limit: estimated live tensors 454.4 GiB exceed current free GPU memory 78.4 GiB,256,131072,16384,2048,64,576,512,10,30,,,,,,,,,,,,,,,,,,,,,,,,,,,,,20260803,2026-08-11T07:23:46.508017+00:00
prefillq16384_b256_h262144_sparse_q8kv8_steady,full,prefill,sglang_sparse_q8kv8_fp8,steady,skipped_memory_limit,skipped_memory_limit: estimated live tensors 472.4 GiB exceed current free GPU memory 78.4 GiB,256,262144,16384,2048,64,576,512,10,30,,,,,,,,,,,,,,,,,,,,,,,,,,,,,20260803,2026-08-11T07:23:46.511485+00:00
prefillq16384_b256_h524288_sparse_q8kv8_steady,full,prefill,sglang_sparse_q8kv8_fp8,steady,skipped_memory_limit,skipped_memory_limit: estimated live tensors 508.4 GiB exceed current free GPU memory 78.4 GiB,256,524288,16384,2048,64,576,512,10,30,,,,,,,,,,,,,,,,,,,,,,,,,,,,,20260803,2026-08-11T07:23:46.516247+00:00
prefillq32768_b256_h2048_sparse_q8kv8_steady,full,prefill,sglang_sparse_q8kv8_fp8,steady,skipped_memory_limit,skipped_memory_limit: estimated live tensors 872.9 GiB exceed current free GPU memory 78.4 GiB,256,2048,32768,2048,64,576,512,10,30,,,,,,,,,,,,,,,,,,,,,,,,,,,,,20260803,2026-08-11T07:23:46.520323+00:00
prefillq32768_b256_h4096_sparse_q8kv8_steady,full,prefill,sglang_sparse_q8kv8_fp8,steady,skipped_memory_limit,skipped_memory_limit: estimated live tensors 873.2 GiB exceed current free GPU memory 78.4 GiB,256,4096,32768,2048,64,576,512,10,30,,,,,,,,,,,,,,,,,,,,,,,,,,,,,20260803,2026-08-11T07:23:46.525234+00:00
prefillq32768_b256_h8192_sparse_q8kv8_steady,full,prefill,sglang_sparse_q8kv8_fp8,steady,skipped_memory_limit,skipped_memory_limit: estimated live tensors 873.8 GiB exceed current free GPU memory 78.4 GiB,256,8192,32768,2048,64,576,512,10,30,,,,,,,,,,,,,,,,,,,,,,,,,,,,,20260803,2026-08-11T07:23:46.530138+00:00
prefillq32768_b256_h16384_sparse_q8kv8_steady,full,prefill,sglang_sparse_q8kv8_fp8,steady,skipped_memory_limit,skipped_memory_limit: estimated live tensors 874.9 GiB exceed current free GPU memory 78.4 GiB,256,16384,32768,2048,64,576,512,10,30,,,,,,,,,,,,,,,,,,,,,,,,,,,,,20260803,2026-08-11T07:23:46.534212+00:00
prefillq32768_b256_h32768_sparse_q8kv8_steady,full,prefill,sglang_sparse_q8kv8_fp8,steady,skipped_memory_limit,skipped_memory_limit: estimated live tensors 877.1 GiB exceed current free GPU memory 78.4 GiB,256,32768,32768,2048,64,576,512,10,30,,,,,,,,,,,,,,,,,,,,,,,,,,,,,20260803,2026-08-11T07:23:46.538621+00:00
prefillq32768_b256_h65536_sparse_q8kv8_steady,full,prefill,sglang_sparse_q8kv8_fp8,steady,skipped_memory_limit,skipped_memory_limit: estimated live tensors 881.6 GiB exceed current free GPU memory 78.4 GiB,256,65536,32768,2048,64,576,512,10,30,,,,,,,,,,,,,,,,,,,,,,,,,,,,,20260803,2026-08-11T07:23:46.542268+00:00
prefillq32768_b256_h131072_sparse_q8kv8_steady,full,prefill,sglang_sparse_q8kv8_fp8,steady,skipped_memory_limit,skipped_memory_limit: estimated live tensors 890.6 GiB exceed current free GPU memory 78.4 GiB,256,131072,32768,2048,64,576,512,10,30,,,,,,,,,,,,,,,,,,,,,,,,,,,,,20260803,2026-08-11T07:23:46.546527+00:00
prefillq32768_b256_h262144_sparse_q8kv8_steady,full,prefill,sglang_sparse_q8kv8_fp8,steady,skipped_memory_limit,skipped_memory_limit: estimated live tensors 908.6 GiB exceed current free GPU memory 78.4 GiB,256,262144,32768,2048,64,576,512,10,30,,,,,,,,,,,,,,,,,,,,,,,,,,,,,20260803,2026-08-11T07:23:46.550951+00:00
prefillq32768_b256_h524288_sparse_q8kv8_steady,full,prefill,sglang_sparse_q8kv8_fp8,steady,skipped_memory_limit,skipped_memory_limit: estimated live tensors 944.6 GiB exceed current free GPU memory 78.4 GiB,256,524288,32768,2048,64,576,512,10,30,,,,,,,,,,,,,,,,,,,,,,,,,,,,,20260803,2026-08-11T07:23:46.554433+00:00
